-1573826986,1954350802,false,-1573826986,1954350802,true,-1573826986,1954350802,true	f47d06d222314e56f47d06d222314e56f47d06d222314e5680000030	-1573826986,1954350802,-1573826986,1954350802,-1573826986,1954350802,false,true,true,POINT
-768511825,-2147483648,true,1421554568,-1808748595,false,-1207492662,1777430974,false	0000000038071fcae9f171bed4bb33881430afcd523170af80000016	-1207492662,1777430974,-768511825,-2147483648,1421554568,-1808748595,false,true,false,TRIANGLE
-5068608,-624540438,false,-2147483648,-624540000,true,-2147483648,-28998361,false	5ac644ea000000007e4585277fb2a8c05ac646a00000000080000002	-2147483648,-28998361,-2147483648,-624540000,-5068608,-624540438,false,false,false,TRIANGLE
-2147483648,-2087972237,false,-37857747,-694433924,true,-291353992,-1215624000,false	038c127300000000569bc77c7dbe562d378b0cc06ea24a7880000019	-2147483648,-2087972237,-291353992,-1215624000,-37857747,-694433924,true,true,false,TRIANGLE
182364987,-508078621,false,451799008,-508079311,false,182364846,-508078621,true	61b753318adeaaae61b755e39aede7e061b755e38adeab3b80000023	182364846,-508078621,451799008,-508079311,182364987,-508078621,false,false,true,TRIANGLE
-525307407,1173887036,true,-2145336648,-218340949,false,-716299130,2147483647,false	72fc61ab0020c2b8ffffffff60b071f1c5f8183c554e248680000007	-2145336648,-218340949,-525307407,1173887036,-716299130,2147483647,false,false,false,TRIANGLE
-938332494,-2147483648,false,384336671,1309243294,false,-938331930,-1029474144,false	0000000048122eb2ce09779e96e8831f42a378a0481230e680000000	-938332494,-2147483648,384336671,1309243294,-938331930,-1029474144,false,false,false,TRIANGLE
-1218929008,207766126,false,-1218929008,207766126,false,-1218929005,2147483647,true	8c62426e37589e90ffffffff37589e938c62426e37589e9080000021	-1218929008,207766126,-1218929005,2147483647,-1218929008,207766126,true,false,true,LINE
-605921372,-1467608291,false,1922448874,-1467608289,true,-2147483648,-1467608574,true	28861202000000002886131ff2963dea2886131d5be25fa480000020	-2147483648,-1467608574,1922448874,-1467608289,-605921372,-1467608291,false,false,true,TRIANGLE
774686497,-945897103,false,774686158,-945897629,false,1271326785,-945897698,false	479ebf1eae2cc5ce479ec171cbc6e841479ebf63ae2cc72180000005	774686158,-945897629,1271326785,-945897698,774686497,-945897103,false,false,false,TRIANGLE
-689607590,2147483647,false,-2147483648,1396669961,true,-1052203284,1396670721,false	d33f7e0900000000ffffffff56e56c5ad33f81014148a6ec80000009	-2147483648,1396669961,-1052203284,1396670721,-689607590,2147483647,true,false,false,TRIANGLE
-1292682912,-193459627,false,-1292682912,-2147483648,false,-1292682912,1526676369,true	0000000032f33960daff3b9132f3396074780a5532f3396080000010	-1292682912,-2147483648,-1292682912,1526676369,-1292682912,-193459627,false,true,false,TRIANGLE
-832785024,-2147483648,true,-2147483648,537399722,false,-2147483648,-1163413525,true	0000000000000000a00811aa4e5cb5803aa7b7eb000000008000001d	-2147483648,-1163413525,-832785024,-2147483648,-2147483648,537399722,true,true,false,TRIANGLE
-936816886,1450441839,true,-936816885,1450442846,true,-2147483648,1450442720,false	d673fc6f00000000d674005e48294f0bd673ffe048294f0a80000034	-2147483648,1450442720,-936816886,1450441839,-936816885,1450442846,false,true,true,TRIANGLE
-863009362,2147483647,true,-863009362,2147483647,false,-863009763,2147483647,false	ffffffff4c8f841dffffffff4c8f85aeffffffff4c8f85ae80000010	-863009763,2147483647,-863009362,2147483647,-863009763,2147483647,false,true,false,LINE
-24143012,-729776108,false,1375856261,-729775997,false,-24144253,-959651764,false	46cce04c7e8f968354808083d201e685548080147e8f9b5c80000000	-24144253,-959651764,1375856261,-729775997,-24143012,-729776108,false,false,false,TRIANGLE
-1010621274,2147483647,false,924420254,-851312366,false,1181695885,-851312835,false	4d41ff3d43c324a6ffffffffc66f3f8d4d420112b719889e80000002	-1010621274,2147483647,924420254,-851312366,1181695885,-851312835,false,false,false,TRIANGLE
-618356078,-2061248456,true,1473820301,-2061247925,false,-2147483648,2147483647,false	0523d83800000000ffffffffd7d8b68d0523da4b5b24a29280000016	-2147483648,2147483647,-618356078,-2061248456,1473820301,-2061247925,false,true,false,TRIANGLE
1072015966,-2147483648,true,-1492087036,-1984245002,true,1072015969,-1984244932,true	0000000027108f0409bad33cbfe5aa6109bad2f6bfe5aa5e8000003c	-1492087036,-1984245002,1072015966,-2147483648,1072015969,-1984244932,true,true,true,TRIANGLE
-144996875,1368851843,false,-2147483648,2147483647,true,2147483647,2147483647,true	d197058300000000ffffffffffffffffffffffff775b85f58000003e	-2147483648,2147483647,-144996875,1368851843,2147483647,2147483647,true,true,true,TRIANGLE
1355222812,1278586766,true,2147483647,577658549,false,1239551037,-1337564586,true	30466256c9e20c3dcc35af8effffffffa26e5eb5d0c70f1c8000003f	1239551037,-1337564586,2147483647,577658549,1355222812,1278586766,true,true,true,TRIANGLE
1608677417,-93281164,true,1608677417,-93281164,true,1608677417,-93281164,true	7a70a474dfe278297a70a474dfe278297a70a474dfe2782980000038	1608677417,-93281164,1608677417,-93281164,1608677417,-93281164,true,true,true,POINT
821518326,-1757498681,true,821518326,-519996417,false,821518326,-2147483648,false	00000000b0f75ff661017bffb0f75ff6173eb2c7b0f75ff680000011	821518326,-2147483648,821518326,-1757498681,821518326,-519996417,false,true,false,TRIANGLE
-1454636350,205024685,false,-1454635806,205025407,false,-1454636336,1955488662,true	8c386dad294c02c2f48e6396294c04e28c38707f294c02d080000027	-1454636350,205024685,-1454635806,205025407,-1454636336,1955488662,false,false,true,TRIANGLE
-782118009,37283469,true,-2147483648,-26520805,true,-782118370,2147483647,true	7e6b531b00000000ffffffff5161d3878238e68d5161d21e8000003f	-2147483648,-26520805,-782118009,37283469,-782118370,2147483647,true,true,true,TRIANGLE
1302731371,2147483647,false,1302732278,1933210833,true,1302732139,1933210835,false	f33a74d1cda61a6bffffffffcda61df6f33a74d3cda61d6b8000001a	1302731371,2147483647,1302732139,1933210835,1302732278,1933210833,true,true,false,TRIANGLE
-1903446951,1729141120,true,2147483647,-2147483648,true,1257108272,1729141118,true	000000000e8bb459e7109980ffffffffe710997ecaedf3308000003b	-1903446951,1729141120,2147483647,-2147483648,1257108272,1729141118,true,true,true,TRIANGLE
489238139,-1550086970,true,880139059,-2147483648,true,880139736,-2147483648,true	000000009d292e7b239b8cc6b475ddd800000000b475db338000003a	489238139,-1550086970,880139059,-2147483648,880139736,-2147483648,true,true,true,TRIANGLE
-1481842277,2147483647,true,-1481842277,2147483647,true,-2147483648,-2001443487,true	08b4656100000000ffffffff27ace19bffffffff27ace19b80000038	-2147483648,-2001443487,-1481842277,2147483647,-2147483648,-2001443487,true,true,true,LINE
303159799,253505295,true,303159799,-2016836968,true,460860654,816012130,true	07c982989211d9f7b0a35b629b782cee8f1c2f0f9211d9f78000003c	303159799,253505295,303159799,-2016836968,460860654,816012130,true,true,true,TRIANGLE
1495234729,270072768,true,1495235000,270073346,false,-2147483648,-2147483648,true	00000000000000009018fe02d91f79b89018fbc0d91f78a980000019	-2147483648,-2147483648,1495234729,270072768,1495235000,270073346,true,true,false,TRIANGLE
2147483647,-2147483648,true,-364293392,-796886223,false,-364293575,2147483647,false	000000006a495239ffffffffffffffff50807b316a4952f08000001a	-364293575,2147483647,-364293392,-796886223,2147483647,-2147483648,true,true,false,TRIANGLE
-1721319441,1768255291,true,-1721319441,1768256555,false,2147483647,-236687683,true	71e46ebd1966bfefe965742bffffffffe9656f3b1966bfef80000025	-1721319441,1768255291,2147483647,-236687683,-1721319441,1768256555,false,false,true,TRIANGLE
-2147483648,89521689,false,-2147483648,-677937780,true,-2147483648,-677938270,false	57977ba2000000008555fe190000000057977d8c0000000080000020	-2147483648,-677938270,-2147483648,89521689,-2147483648,-677937780,false,false,true,TRIANGLE
1476287774,-2147483648,true,-1165552530,-430286637,true,1476287110,-1455465674,false	000000003a87146e665a58d3d7fe5d1e293f5b36d7fe5a8680000023	-1165552530,-430286637,1476287774,-2147483648,1476287110,-1455465674,false,false,true,TRIANGLE
-1632792120,2090351700,false,-1632792120,2090351700,true,-1632792678,-1911316412,false	0e13a0441ead8f9afc983c541ead91c8fc983c541ead91c880000020	-1632792678,-1911316412,-1632792120,2090351700,-1632792678,-1911316412,true,false,true,LINE
-749759327,-1347939019,true,2147483647,-1347939347,true,-749759765,-2147483648,false	00000000534f92eb2fa81535ffffffff2fa813ed534f94a18000001f	-749759765,-2147483648,2147483647,-1347939347,-749759327,-1347939019,true,true,false,TRIANGLE
1721700807,1306946747,false,-2147483648,1306947696,true,2147483647,1306947433,true	cde66cbb00000000cde67070ffffffffcde66f69e69f11c78000003e	-2147483648,1306947696,1721700807,1306946747,2147483647,1306947433,true,true,true,TRIANGLE
-2135701039,-2147483648,true,2038673305,528890566,false,2038673306,2147483647,true	0000000000b3c9d1fffffffff983af9a9f863ac6f983af9980000029	-2135701039,-2147483648,2038673305,528890566,2038673306,2147483647,true,false,true,TRIANGLE
-1053161336,1531338904,true,-599904556,1531338504,true,-1053161334,-1859781236,false	1125fd8c413a0888db4660985c3e2ed4db465f08413a088a8000003e	-1053161336,1531338904,-1053161334,-1859781236,-599904556,1531338504,true,true,true,TRIANGLE
-2147483648,-2147483648,false,1633024391,-2139392524,false,1633024391,-2139391593,false	0000000000000000007b7997e155f987007b75f4e155f98780000001	-2147483648,-2147483648,1633024391,-2139392524,1633024391,-2139391593,false,false,false,TRIANGLE
-2147483648,-2147483648,true,2147483647,1901034610,true,-618009094,2147483647,true	0000000000000000fffffffffffffffff14f7c725b29edfa8000003f	-2147483648,-2147483648,2147483647,1901034610,-618009094,2147483647,true,true,true,TRIANGLE
1105097972,-324817814,true,1105097972,-324817814,true,1105097972,-324817814,true	6ca3ac6ac1de74f46ca3ac6ac1de74f46ca3ac6ac1de74f480000038	1105097972,-324817814,1105097972,-324817814,1105097972,-324817814,true,true,true,POINT
-1481732432,1832652982,true,-196762901,931959197,false,-1481732431,1098531436,true	b78c919d27ae8eb0ed3c10b67445a2ebc17a426c27ae8eb180000022	-1481732432,1832652982,-1481732431,1098531436,-196762901,931959197,false,false,true,TRIANGLE
1527274434,-1146164621,true,1527274434,-2147483648,true,1527274434,864350987,false	00000000db085bc2b384f30bdb085bc23baeea73db085bc280000028	1527274434,-2147483648,1527274434,864350987,1527274434,-1146164621,true,false,true,TRIANGLE
-718642649,-838317509,false,560644819,-91649383,false,2147483647,-1878397226,true	1009eed6552a62277a898a99ffffffff4e084a3ba16ac2d380000005	-718642649,-838317509,2147483647,-1878397226,560644819,-91649383,false,false,false,TRIANGLE
723033358,1846242672,false,1337280140,2147483647,true,2147483647,1118177174,false	c2a60796ab189d0effffffffffffffffee0b6d70cfb5468c8000001d	723033358,1846242672,2147483647,1118177174,1337280140,2147483647,true,true,false,TRIANGLE
-1992447297,-2147483648,false,-1992447612,492528273,false,-1992447298,1784551766,false	00000000093da984ea5e1956093daabf9d5b6291093daabe80000005	-1992447612,492528273,-1992447297,-2147483648,-1992447298,1784551766,false,false,false,TRIANGLE
2147483647,1561563843,false,2147483647,365199292,false,1418484030,-429036256,true	666d6d20d48c593edd1392c3ffffffff95c47fbcffffffff80000021	1418484030,-429036256,2147483647,365199292,2147483647,1561563843,false,false,true,TRIANGLE
1592143081,1769991852,true,1592143081,1769991852,false,1592143793,1769993271,false	e97feeacdee62ce9e97ff437dee62fb1e97feeacdee62ce980000009	1592143081,1769991852,1592143793,1769993271,1592143081,1769991852,false,false,false,LINE
-671135608,-2147483648,false,2147483647,795847774,true,-40359640,795847587,false	0000000057ff4888af6fac5effffffffaf6faba37d98292880000010	-671135608,-2147483648,2147483647,795847774,-40359640,795847587,false,true,false,TRIANGLE
1842532333,-1973379785,true,1842533944,1530825457,true,1842532993,1530825269,true	0a609d37edd2cfeddb3e8af1edd2d638db3e8a35edd2d28180000038	1842532333,-1973379785,1842533944,1530825457,1842532993,1530825269,true,true,true,TRIANGLE
2147483647,1687366716,true,9186718,1037131790,false,9186718,1687366719,true	bdd1600e808c2d9ee4932c3fffffffffe4932c3c808c2d9e8000003e	9186718,1687366719,9186718,1037131790,2147483647,1687366716,true,true,true,TRIANGLE
23204563,1610032473,false,23205211,1610032029,true,23204566,1610032283,true	dff7239d816212d3dff725598162155bdff7249b816212d68000001a	23204563,1610032473,23204566,1610032283,23205211,1610032029,true,true,false,TRIANGLE
-1683754055,585318920,true,1930542748,585319661,false,-2147483648,585319275,false	a2e3420800000000a2e344edf311be9ca2e3436b1ba3f3b980000014	-2147483648,585319275,-1683754055,585318920,1930542748,585319661,false,true,false,TRIANGLE
-2147483648,1518042641,false,-2147483648,-1039186904,false,-2147483648,-1845070434,false	1206759e00000000da7b7e1100000000420f44280000000080000000	-2147483648,-1845070434,-2147483648,1518042641,-2147483648,-1039186904,false,false,false,TRIANGLE
-1066735018,1953874372,false,-1066735018,1953874372,false,-143272837,1953873370,false	f475bdda406aea56f475c1c47775d47bf475c1c4406aea5680000002	-1066735018,1953874372,-143272837,1953873370,-1066735018,1953874372,false,false,false,LINE
-1766234789,60510563,false,545588688,60511112,false,-1766234788,60511387,false	839b516316b9655b839b549ba08505d0839b538816b9655c80000007	-1766234789,60510563,545588688,60511112,-1766234788,60511387,false,false,false,TRIANGLE
-1678687593,741669809,true,-1606593958,741670311,true,-1678688115,-383835652,false	691f21fc1bf1408dac34fda7203d525aac34fbb11bf1429780000018	-1678688115,-383835652,-1606593958,741670311,-1678687593,741669809,true,true,false,TRIANGLE
-996182319,-1733002644,false,-996182021,-1733002708,true,-996182441,-1733002097,false	18b47a2c449f765718b47c8f449f77fb18b47a6c449f76d180000022	-996182441,-1733002097,-996182319,-1733002644,-996182021,-1733002708,false,false,true,TRIANGLE
-1175395165,-561855488,false,2074287049,2147360822,false,2003794264,-561855007,true	5e82c40039f0e4a3fffe2036fba31bc95e82c5e1f76f795880000001	-1175395165,-561855488,2003794264,-561855007,2074287049,2147360822,false,false,false,TRIANGLE
364138928,-1525262067,true,961722329,-1525262501,false,491351850,-1525262497,false	2516575b95b451b02516590db952b7d92516575f9d496f2a80000022	364138928,-1525262067,491351850,-1525262497,961722329,-1525262501,false,false,true,TRIANGLE
2147483647,2147483647,false,-37049953,41486364,true,-37049232,-2147483648,false	000000007dcaa99fffffffffffffffff8279081c7dcaac708000000c	-37049953,41486364,-37049232,-2147483648,2147483647,2147483647,true,false,false,TRIANGLE
2147483647,2147483647,true,2147483647,2147483647,false,2147483647,2147483647,true	ffffffffffffffffffffffffffffffffffffffffffffffff80000028	2147483647,2147483647,2147483647,2147483647,2147483647,2147483647,true,false,true,POINT
-530340101,-2147483648,false,-1045698224,-291738240,true,-2147483648,-2147483648,false	00000000000000006e9c6d806063a6fb0000000041abe95080000027	-2147483648,-2147483648,-530340101,-2147483648,-1045698224,-291738240,false,false,true,TRIANGLE
1542958586,-2088635118,true,-2147483648,-26558875,false,-1962868321,2147483647,true	0381f51200000000ffffffffdbf7adfa7e6abe650b01019f8000001d	-2147483648,-26558875,1542958586,-2088635118,-1962868321,2147483647,true,true,false,TRIANGLE
-2147483648,-114142683,true,-2147483648,1373110956,false,-2147483648,-114144213,false	79324c2b00000000d1d802ac00000000793252250000000080000011	-2147483648,-114144213,-2147483648,-114142683,-2147483648,1373110956,false,true,false,TRIANGLE
1574857804,364393201,true,1574857805,2147483647,true,1574857803,-2147483648,true	00000000ddde6c4bffffffffddde6c4d95b832f1ddde6c4c80000038	1574857803,-2147483648,1574857805,2147483647,1574857804,364393201,true,true,true,TRIANGLE
-574480763,492321427,false,-574480495,-396269784,true,2147483647,-1018596758,true	4349726a5dc21e859d583a93ffffffff686167285dc21f9180000032	-574480763,492321427,-574480495,-396269784,2147483647,-1018596758,false,true,true,TRIANGLE
1575338937,2147483647,false,102857568,-1229588374,false,2147483647,2147483647,false	36b5f86a86217b60ffffffffffffffffffffffffdde5c3b980000000	102857568,-1229588374,2147483647,2147483647,1575338937,2147483647,false,false,false,TRIANGLE
1233807686,2147483647,false,1233807686,2147483647,true,2147483647,1668915764,true	e379a234c98a6946ffffffffffffffffffffffffc98a694680000032	1233807686,2147483647,2147483647,1668915764,1233807686,2147483647,true,true,true,LINE
-435987571,-441735731,true,186949812,-1720436940,false,-1659554964,954884118,true	197437341d15336cb8ea60168b24a0b465aba5cd66035b8d8000003b	-1659554964,954884118,186949812,-1720436940,-435987571,-441735731,true,true,true,TRIANGLE
-2054033738,-1866736637,false,-1893265575,327260525,true,-2054032900,-2147483648,false	000000000591eeb69381996d0f270f5910bbdc030591f1fc8000001c	-2054033738,-1866736637,-2054032900,-2147483648,-1893265575,327260525,true,true,false,TRIANGLE
-1781798036,2147483647,true,1136647586,-1898854796,false,1136647590,-1898854843,true	0ed1c64515cbeb6cffffffffc3bfdda60ed1c674c3bfdda280000023	-1781798036,2147483647,1136647590,-1898854843,1136647586,-1898854796,false,false,true,TRIANGLE
-1523046273,-2042786653,false,-1523046832,-1570196551,false,-1648078130,1079938563,false	063d8ca31dc452cec05e8e032538287f2268b3b92538265080000003	-1648078130,1079938563,-1523046273,-2042786653,-1523046832,-1570196551,false,false,false,TRIANGLE
-1770604294,483459720,true,-2147483648,-2147483648,true,1660454276,1692235930,true	0000000000000000e4dd789ae2f885849cd102881676b8fa80000038	-2147483648,-2147483648,1660454276,1692235930,-1770604294,483459720,true,true,true,TRIANGLE
1251751540,-2147483648,false,1251751543,2147483647,true,2147483647,580384394,true	00000000ca9c3674ffffffffffffffffa297f68aca9c36778000001f	1251751540,-2147483648,2147483647,580384394,1251751543,2147483647,true,true,false,TRIANGLE
-668252750,-2147483648,true,-668252750,-2147483648,false,-2016891164,-147619108,false	0000000007c8aee4773382dc582b45b200000000582b45b280000013	-2016891164,-147619108,-668252750,-2147483648,-2016891164,-147619108,false,true,false,LINE
-1148939256,-431947495,false,2147483647,-431946880,true,1849460582,2147483647,true	664101193b849408ffffffffffffffff66410380ee3c876680000037	-1148939256,-431947495,2147483647,-431946880,1849460582,2147483647,false,true,true,TRIANGLE
2147483647,346360535,false,-154839199,346360533,true,-154839196,-2138401476,false	008a953c76c5576194a50ad7ffffffff94a50ad576c557648000000c	-154839199,346360533,-154839196,-2138401476,2147483647,346360535,true,false,false,TRIANGLE
1911732349,1501227775,true,1911732676,1842904246,true,1911732698,1842905173,true	d97aeafff1f2b87dedd88055f1f2b9daedd87cb6f1f2b9c480000038	1911732349,1501227775,1911732698,1842905173,1911732676,1842904246,true,true,true,TRIANGLE
622481933,-2147483648,true,1307648206,2147483647,false,1307647565,1175897104,true	00000000a51a520dffffffffcdf120cec616c410cdf11e4d80000021	622481933,-2147483648,1307647565,1175897104,1307648206,2147483647,false,false,true,TRIANGLE
888454704,2147483647,false,1715484841,2147483647,false,888454704,377295347,false	967d11f3b4f4be30ffffffffe64038a9ffffffffb4f4be3080000006	888454704,2147483647,888454704,377295347,1715484841,2147483647,false,false,false,TRIANGLE
2147483647,365284810,true,1348814357,136510200,false,1348814271,365283192,true	8822faf8d06545bf95c5cdcaffffffff95c5c778d06546158000003c	1348814271,365283192,1348814357,136510200,2147483647,365284810,true,true,true,TRIANGLE
-2147483648,298267455,true,-2147483648,298267455,true,-2147483648,298267455,true	91c7333f0000000091c7333f0000000091c7333f0000000080000038	-2147483648,298267455,-2147483648,298267455,-2147483648,298267455,true,true,true,POINT
1793656386,-342908845,true,-2147483648,-342907452,true,-2147483648,-342908517,false	6b8fa053000000006b8fa5c4eae906426b8fa19b0000000080000035	-2147483648,-342908517,1793656386,-342908845,-2147483648,-342907452,false,true,true,TRIANGLE
-2147483648,2147483647,true,-725146964,-1285842151,true,2147483647,-251521610,true	335b9b1900000000ffffffffffffffff710215b654c722ac8000003e	-2147483648,2147483647,-725146964,-1285842151,2147483647,-251521610,true,true,true,TRIANGLE
-2147483648,1544439761,true,-39425700,1544440339,true,-256274288,-11782780,false	7f4c358400000000dc0e4a137da6695cdc0e47d170b990908000003c	-2147483648,1544439761,-256274288,-11782780,-39425700,1544440339,true,true,true,TRIANGLE
2147483647,-2147483648,false,2147483647,2147483647,true,2147483647,-408269234,false	00000000ffffffffffffffffffffffff67aa4e4effffffff80000010	2147483647,-2147483648,2147483647,2147483647,2147483647,-408269234,false,true,false,TRIANGLE
223309100,1908823809,false,223309099,-1063096565,false,223309098,1908823299,false	40a26f0b8d4f6d2af1c657018d4f6d2cf1c655038d4f6d2b80000004	223309098,1908823299,223309099,-1063096565,223309100,1908823809,false,false,false,TRIANGLE
874307294,-1177671774,true,874307293,-1177672312,true,-2147483648,304143204,false	39ce2588000000009220db64b41cdede39ce27a2b41cdedd8000001e	-2147483648,304143204,874307293,-1177672312,874307294,-1177671774,true,true,false,TRIANGLE
2147483647,-2147483648,false,2147483647,-2147483648,true,829967924,-1180993455,true	00000000b1784e34399b7851ffffffff00000000ffffffff8000002b	829967924,-1180993455,2147483647,-2147483648,829967924,-1180993455,true,false,true,LINE
-4370429,209020343,true,-1217491456,-2147483648,false,1972624609,209020892,true	00000000376e8e008c7567dcf593dce18c7565b77fbd500380000030	-1217491456,-2147483648,1972624609,209020892,-4370429,209020343,false,true,true,TRIANGLE
185564520,1887098262,true,-1323402582,1887098569,true,-1323402876,-2147483648,false	00000000311e7984f07ad6c98b0f7d68f07ad596311e7aaa80000037	-1323402876,-2147483648,185564520,1887098262,-1323402582,1887098569,false,true,true,TRIANGLE
1924996873,-2147483648,false,1924997487,654563877,false,2147483647,654563881,false	00000000f2bd1f09a703da29ffffffffa703da25f2bd216f80000000	1924996873,-2147483648,2147483647,654563881,1924997487,654563877,false,false,false,TRIANGLE
-2147483648,-1808751122,true,394171281,2147483647,true,1418146138,-1808751121,true	1430a5ee00000000ffffffffd487315a1430a5ef977e93918000003f	-2147483648,-1808751122,1418146138,-1808751121,394171281,2147483647,true,true,true,TRIANGLE
683715298,-1692612495,false,1695074226,-2147483648,true,683715298,-1065958182,false	00000000a8c0aae24076c4dae508c7b21b1cc871a8c0aae280000015	683715298,-1692612495,1695074226,-2147483648,683715298,-1065958182,false,true,false,TRIANGLE
-2147483648,1714383662,true,1478617414,1714383251,false,748821453,2147483647,false	e62f699300000000ffffffffd821e946e62f6b2eaca21bcd8000000d	-2147483648,1714383662,1478617414,1714383251,748821453,2147483647,true,false,false,TRIANGLE
959031968,2147483647,true,959031968,2147483647,true,1380178533,2147483647,false	ffffffffb929aaa0ffffffffd243da65ffffffffb929aaa080000019	959031968,2147483647,1380178533,2147483647,959031968,2147483647,true,true,false,LINE
-2147483648,-1862399391,true,-2147483648,-268134062,true,-2147483648,2147483647,false	10fe0a6100000000ffffffff00000000700499520000000080000019	-2147483648,-1862399391,-2147483648,-268134062,-2147483648,2147483647,true,true,false,TRIANGLE
-964134378,-880345780,true,-2147483648,2147483647,false,1229611182,-1089850128,true	3f0a34f000000000ffffffffc94a60ae4b86fd4c46887a168000001a	-2147483648,2147483647,-964134378,-880345780,1229611182,-1089850128,true,true,false,TRIANGLE
-823019219,-1121739196,true,2147483647,-2147483648,true,477070455,-1121739192,false	000000004ef1b92d3d239e48ffffffff3d239e449c6f84778000001d	-823019219,-1121739196,2147483647,-2147483648,477070455,-1121739192,true,true,false,TRIANGLE
-548130927,-1532299013,false,-548131655,-2147483648,false,-548130927,-1532299012,true	000000005f542cb924aaf8fc5f542f9124aaf8fb5f542f9180000019	-548131655,-2147483648,-548130927,-1532299013,-548130927,-1532299012,true,true,false,TRIANGLE
-1320550868,211244680,false,-1320550870,-911413087,false,517938858,-2147483648,false	000000003149fe2a8c9756889edf1eaa49acf0a13149fe2c80000005	-1320550870,-911413087,517938858,-2147483648,-1320550868,211244680,false,false,false,TRIANGLE
-1897214643,2147483647,false,-1897214639,-2147483648,false,-1228964854,-2147483648,false	000000000eeacd4dffffffff36bf7c0a000000000eeacd5180000002	-1897214643,2147483647,-1897214639,-2147483648,-1228964854,-2147483648,false,false,false,TRIANGLE
-54837239,-1328975845,false,-54837239,-1328975845,true,-54837239,-1328975845,true	30c9701b7cbb400930c9701b7cbb400930c9701b7cbb400980000030	-54837239,-1328975845,-54837239,-1328975845,-54837239,-1328975845,false,true,true,POINT
649228300,235823649,true,649228303,235823650,false,649229174,-1128011952,true	3cc3e750a6b2700c8e0e6222a6b273768e0e6221a6b2700f80000025	649228300,235823649,649229174,-1128011952,649228303,235823650,false,false,true,TRIANGLE
1641833016,-1096223566,false,710553902,52853844,false,2053182905,-640029180,true	3ea8f4b2aa5a312e83267c54fa6115b959d9ee04e1dc62388000001e	710553902,52853844,1641833016,-1096223566,2053182905,-640029180,true,true,false,TRIANGLE
118022503,720334443,true,-153281741,-2147483648,true,2147483647,-411211260,false	0000000076dd1b33aaef6e6bffffffff677d6a048708e1678000002f	-153281741,-2147483648,2147483647,-411211260,118022503,720334443,true,false,true,TRIANGLE
2147483647,-590308880,false,-2042614604,-590308911,true,-496467640,-590308733,true	5cd099d106402cb45cd09a83ffffffff5cd099f0626881488000003f	-2042614604,-590308911,2147483647,-590308880,-496467640,-590308733,true,true,true,TRIANGLE
1773827439,1029755435,false,1773827439,-1600153308,true,1773827439,2147483647,true	209f9924e9ba756fffffffffe9ba756fbd60d22be9ba756f80000018	1773827439,-1600153308,1773827439,2147483647,1773827439,1029755435,true,true,false,TRIANGLE
-2086346564,-2147483648,true,-2147483648,-2088068537,true,-2086347038,-2088069252,true	0000000000000000038a9a4703a4e0bc038a977c03a4dee28000003b	-2147483648,-2088068537,-2086346564,-2147483648,-2086347038,-2088069252,true,true,true,TRIANGLE
-2147483648,-1485147650,false,-2147483648,-1485147650,true,-2147483648,-1485146662,true	277a71fe00000000277a75da00000000277a71fe0000000080000031	-2147483648,-1485147650,-2147483648,-1485146662,-2147483648,-1485147650,true,true,true,LINE
1304944011,948703331,true,-534284141,-2147483648,false,1304945443,703695182,false	0000000060277893b88c1063cdc7e323a9f1894ecdc7dd8b80000027	-534284141,-2147483648,1304945443,703695182,1304944011,948703331,false,false,true,TRIANGLE
-1023942086,-437403015,false,2147483647,-358882752,false,-528991253,-437403253,false	65edc18b42f7e23a6a9be240ffffffff65edc27960783beb80000004	-1023942086,-437403015,-528991253,-437403253,2147483647,-358882752,false,false,false,TRIANGLE
-913579776,-588934582,false,-2147483648,2147483647,true,-2147483648,528324273,false	5ce5924a00000000ffffffff498be1009f7d96b10000000080000025	-2147483648,528324273,-913579776,-588934582,-2147483648,2147483647,false,false,true,TRIANGLE
1737379059,-1097736239,true,1737379062,-1097736243,false,1737379470,464860713,false	3e91dfcde78e4cf39bb53629e78e4e8e3e91dfd1e78e4cf68000000c	1737379059,-1097736239,1737379062,-1097736243,1737379470,464860713,true,false,false,TRIANGLE
2009940134,-2147483648,false,-206748684,2147483647,true,1784135203,-1216792487,true	0000000073ad43f4fffffffff7cd40a637793859ea57be238000003b	-206748684,2147483647,2009940134,-2147483648,1784135203,-1216792487,true,true,true,TRIANGLE
-1953097514,-1726318635,true,2147483647,903427233,false,-1953097939,-2147483648,false	000000000b96172db5d934a1ffffffff191a77d50b9618d680000018	-1953097939,-2147483648,2147483647,903427233,-1953097514,-1726318635,true,true,false,TRIANGLE
1199701801,2147483647,true,1199701801,2147483647,false,-2147483648,-1908178384,true	0e43823000000000ffffffffc781ff29ffffffffc781ff2980000018	-2147483648,-1908178384,1199701801,2147483647,-2147483648,-1908178384,true,true,false,LINE
-832068806,487910662,false,2147483647,487911696,true,-832068806,1460538284,false	9d14ed064e67a33ad70e0bacffffffff9d14f1104e67a33a80000017	-832068806,487910662,2147483647,487911696,-832068806,1460538284,false,true,false,TRIANGLE
-531288571,334250322,false,-531288571,-354388923,false,-531288571,976866268,true	6ae0744560552e05ba39cbdc60552e0593ec415260552e0580000010	-531288571,-354388923,-531288571,976866268,-531288571,334250322,false,true,false,TRIANGLE
775583507,2145371667,false,-2147483648,2145372661,false,2147483647,2147483647,false	ffdfc61300000000ffffffffffffffffffdfc9f5ae3a771380000004	-2147483648,2145372661,775583507,2145371667,2147483647,2147483647,false,false,false,TRIANGLE
-2147483648,2147483647,false,1122886889,1807591325,false,1122886920,2147483647,false	ebbda79d00000000ffffffffc2ede508ffffffffc2ede4e980000006	-2147483648,2147483647,1122886889,1807591325,1122886920,2147483647,false,false,false,TRIANGLE
2115080361,-1503965742,true,-427902315,72182443,true,-2147483648,2147483647,true	265b4dd200000000fffffffffe1190a9844d6aab667eba958000003a	-2147483648,2147483647,-427902315,72182443,2115080361,-1503965742,true,true,true,TRIANGLE
-1318773186,1769435964,true,-1318773170,2141706840,false,-1612716899,1435088887,true	d589b7f71fdfe49dffa7da5831651e4ee977733c31651e3e80000019	-1612716899,1435088887,-1318773186,1769435964,-1318773170,2141706840,true,true,false,TRIANGLE
-2147483648,2147483647,true,-2147483648,2147483647,true,-2147483648,2147483647,true	ffffffff00000000ffffffff00000000ffffffff0000000080000038	-2147483648,2147483647,-2147483648,2147483647,-2147483648,2147483647,true,true,true,POINT
-2147483648,-1210710986,false,2147483647,-2147483648,false,-2147483648,2147483647,true	0000000000000000ffffffffffffffff37d604360000000080000025	-2147483648,-1210710986,2147483647,-2147483648,-2147483648,2147483647,false,false,true,TRIANGLE
-2147483648,168896295,true,2026385954,-2147483648,true,656706757,829572312,false	0000000000000000b17244d8f8c832228a112727a7248cc58000001d	-2147483648,168896295,2026385954,-2147483648,656706757,829572312,true,true,false,TRIANGLE
1833379639,2147483647,true,1833378938,1892110974,false,1833379639,2147483647,false	f0c7527eed47247affffffffed472737ffffffffed47273780000020	1833378938,1892110974,1833379639,2147483647,1833378938,1892110974,true,false,true,LINE
2147483647,-2147483648,false,-2147483648,1929590832,false,-576828798,1008703201,false	0000000000000000f3033830ffffffffbc1f96e15d9e4a8280000003	-2147483648,1929590832,2147483647,-2147483648,-576828798,1008703201,false,false,false,TRIANGLE
-1664349282,2147483647,false,-1664348738,-2147483648,false,-1664349286,2044383128,false	000000001ccc0b9affffffff1ccc0dbef9dacf981ccc0b9e80000005	-1664349286,2044383128,-1664348738,-2147483648,-1664349282,2147483647,false,false,false,TRIANGLE
2147483647,1832203096,true,2147483647,2147483647,true,2147483647,-1477420227,false	27f05b3dffffffffffffffffffffffffed353358ffffffff80000031	2147483647,-1477420227,2147483647,1832203096,2147483647,2147483647,false,true,true,TRIANGLE
-1847596846,1404314572,true,-1847596846,1404314572,true,1643521360,-682989886,true	574a66c211dfe8d2d3b423cce1f62550d3b423cc11dfe8d28000003a	-1847596846,1404314572,1643521360,-682989886,-1847596846,1404314572,true,true,true,LINE
349573740,961843001,false,542115872,961841390,true,542115868,2147483647,true	b95488ee94d6126cffffffffa0500820b9548f39a050081c80000035	349573740,961843001,542115872,961841390,542115868,2147483647,false,true,true,TRIANGLE
-2147483648,-1452900149,true,-1708164800,-2006424222,false,-2058759398,2147483647,false	0868656200000000ffffffff1a2f7940296680cb0549d31a8000000d	-2147483648,-1452900149,-1708164800,-2006424222,-2058759398,2147483647,true,false,false,TRIANGLE
640165476,937910754,false,1736540284,-2122145901,false,1736540267,-2147483648,true	00000000a6282664b7e761e2e781807c01829f93e781806b80000006	640165476,937910754,1736540267,-2147483648,1736540284,-2122145901,false,false,false,TRIANGLE
1444306556,-2147483648,true,2147483647,-917914617,false,1155534436,2147483647,true	00000000c4e00e64ffffffffffffffff4949bc07d6165e7c8000001e	1155534436,2147483647,1444306556,-2147483648,2147483647,-917914617,true,true,false,TRIANGLE
-1495349339,-1044819130,true,769552528,1420085455,false,-1078342864,1420085986,true	41b9534626dec7a5d4a4cae2adde7090d4a4c8cf3fb9cb308000002f	-1495349339,-1044819130,769552528,1420085455,-1078342864,1420085986,true,false,true,TRIANGLE
1552324934,-606430878,true,1552324584,-606429706,false,-1090661736,-606429368,false	5bda99623efdd2985bda9f48dc8699465bda9df6dc8697e880000013	-1090661736,-606429368,1552324934,-606430878,1552324584,-606429706,false,true,false,TRIANGLE
-1988036690,-1794412005,false,-1988036690,-1794412005,false,2147483647,-2147483648,true	000000000980f7ae150b721bffffffff150b721b0980f7ae80000022	-1988036690,-1794412005,2147483647,-2147483648,-1988036690,-1794412005,true,false,true,LINE
1432439031,-1543096084,true,1432438590,-1543096289,true,1432437541,-1543096261,false	2406381fd5614325240638ecd56148f72406383bd561473e8000001c	1432437541,-1543096261,1432438590,-1543096289,1432439031,-1543096084,true,true,false,TRIANGLE
-871334923,1569857295,false,455078727,-372541057,false,455078653,1569858078,true	69cb797f4c107bf5dd92221e9b1ff347dd921f0f9b1ff2fd80000025	-871334923,1569857295,455078727,-372541057,455078653,1569858078,false,false,true,TRIANGLE
-71765541,1405472681,true,-71765541,2147483647,true,-71765541,-1613224696,false	1fd825087bb8f1dbffffffff7bb8f1dbd3c5cfa97bb8f1db80000031	-71765541,-1613224696,-71765541,1405472681,-71765541,2147483647,false,true,true,TRIANGLE
-392776199,-770748991,true,2007953810,-770748428,true,2007953808,727638315,true	520f4dc16896b5f9ab5ee12bf7aef192520f4ff4f7aef1908000003f	-392776199,-770748991,2007953810,-770748428,2007953808,727638315,true,true,true,TRIANGLE
-1868688298,-2147483648,false,2147483647,957712684,false,-1868687510,-2147483648,false	00000000109e1456b915892cffffffff00000000109e176a80000001	-1868688298,-2147483648,-1868687510,-2147483648,2147483647,957712684,false,false,false,TRIANGLE
556892815,-277106983,true,556892873,-277106982,false,2147483647,-2147483648,false	00000000a131828f6f7baedaffffffff6f7baed9a13182c980000025	556892815,-277106983,2147483647,-2147483648,556892873,-277106982,false,false,true,TRIANGLE
-2147483648,30785663,false,-2147483648,30785663,false,-2147483648,30785663,false	81d5c07f0000000081d5c07f0000000081d5c07f0000000080000000	-2147483648,30785663,-2147483648,30785663,-2147483648,30785663,false,false,false,POINT
1217874362,-2108166171,false,-2147483648,-562617737,false,2147483647,2147483647,false	0257efe500000000ffffffffffffffff5e772277c89749ba80000004	-2147483648,-562617737,1217874362,-2108166171,2147483647,2147483647,false,false,false,TRIANGLE
-653159105,-1235204016,false,-653159124,-1235203965,true,-2147483648,-96789944,false	36604850000000007a3b1a485911953f366048835911952c80000023	-2147483648,-96789944,-653159105,-1235204016,-653159124,-1235203965,false,false,true,TRIANGLE
1435252041,2005210197,false,1435253183,2005209425,true,-2147483648,-2147483648,false	0000000000000000f7851455d58c39bff7851151d58c354980000007	-2147483648,-2147483648,1435253183,2005209425,1435252041,2005210197,false,false,false,TRIANGLE
-2147483648,182497767,false,-563947239,-2147483648,false,-2114921928,546174774,false	0000000000000000a08df7365e62d9198ae0b1e701f0da3880000005	-2147483648,182497767,-563947239,-2147483648,-2114921928,546174774,false,false,false,TRIANGLE
1362842868,1391869699,true,1362842870,2147483647,false,1362843384,459668693,false	9b65fcd5d13b54f4ffffffffd13b56f8d2f63f03d13b54f680000025	1362842868,1391869699,1362843384,459668693,1362842870,2147483647,false,false,true,TRIANGLE
-2147483648,-1409779426,false,-961704169,-1409780198,false,2147483647,-1409780198,true	2bf8761a000000002bf8791effffffff2bf8761a46ad8f1780000022	-2147483648,-1409779426,-961704169,-1409780198,2147483647,-1409780198,false,false,true,TRIANGLE
-1315103543,-1288966352,false,-1315103543,-1288966352,true,-1315103543,-704342022,false	332bef30319d1cc9560497fa319d1cc9332bef30319d1cc980000011	-1315103543,-1288966352,-1315103543,-704342022,-1315103543,-1288966352,true,true,false,LINE
-2113068308,-1515832310,true,277810825,-1296188060,true,-2113068969,-1296187781,true	25a63c0a020d205732bdbe7b908f0e8932bdbd64020d22ec8000003e	-2113068969,-1296187781,-2113068308,-1515832310,277810825,-1296188060,true,true,true,TRIANGLE
-405429481,-2147483648,true,-2147483648,678933623,false,-411535199,678933731,false	0000000000000000a877b4e367d5a317a877b477677878a180000005	-2147483648,678933623,-405429481,-2147483648,-411535199,678933731,false,false,false,TRIANGLE
2147483647,718490170,false,-644239957,2147483647,true,766507940,934455754,false	aad34a3a5999adabffffffffffffffffb7b2a9caadaffba48000000a	-644239957,2147483647,766507940,934455754,2147483647,718490170,true,false,false,TRIANGLE
-109078363,958592647,true,-2147483648,-418060053,false,-2147483648,-2147483648,false	0000000000000000b922f687797f98a56714e8eb0000000080000010	-2147483648,-2147483648,-109078363,958592647,-2147483648,-418060053,false,true,false,TRIANGLE
-1064494846,-218361914,false,1468256128,-2147483648,true,2147483647,1430480841,true	00000000408d1902d54367c9ffffffff72fc0fc6d783cf8080000034	-1064494846,-218361914,1468256128,-2147483648,2147483647,1430480841,false,true,true,TRIANGLE
2147483647,2147483647,false,2147483647,-245927833,false,1821409912,1539046091,true	71577067ec908278ffffffffffffffffdbbbfacbffffffff80000025	1821409912,1539046091,2147483647,-245927833,2147483647,2147483647,false,false,true,TRIANGLE
-489438239,-2017977100,false,-489438239,-2017977100,false,-489438240,2147483647,true	07b81cf462d3c3e0ffffffff62d3c3e107b81cf462d3c3e18000000b	-489438240,2147483647,-489438239,-2017977100,-489438240,2147483647,true,false,false,LINE
-2147483648,1620048081,false,-2147483648,1620048082,false,-748544469,2147483647,true	e08ff8d100000000ffffffff53621e2be08ff8d20000000080000000	-2147483648,1620048081,-748544469,2147483647,-2147483648,1620048082,false,false,false,TRIANGLE
-78292209,2147483647,true,760863030,-1442029391,false,-183434171,1744550234,false	2a0c60b175110445ffffffffad59d936e7fbb95a7b555b0f8000001d	-183434171,1744550234,760863030,-1442029391,-78292209,2147483647,true,true,false,TRIANGLE
-897666312,-2147483648,false,-897665477,-207909266,true,-2147483648,-207907738,true	0000000000000000739b94664a7eb63b739b8e6e4a7eb2f88000002e	-2147483648,-207907738,-897666312,-2147483648,-897665477,-207909266,true,false,true,TRIANGLE
250625262,-1736274692,false,250625262,1484932267,false,250625262,-1736274791,true	18828c998ef03ceed88244ab8ef03cee18828cfc8ef03cee80000009	250625262,-1736274791,250625262,-1736274692,250625262,1484932267,true,false,false,TRIANGLE
-921566968,-55714406,false,-413452411,-55714130,true,-2147483648,-55714968,false	7caddb68000000007caddeae675b37857caddd9a4912010880000021	-2147483648,-55714968,-921566968,-55714406,-413452411,-55714130,false,false,true,TRIANGLE
644055103,2147483647,true,-2147483648,-1278186674,false,1046967266,-1176925402,true	33d06b4e00000000ffffffffbe6773e239d98b26a663803f80000037	-2147483648,-1278186674,1046967266,-1176925402,644055103,2147483647,false,true,true,TRIANGLE
-2147483648,2098845241,false,-2147483648,2098845241,false,-2147483648,2098845241,true	fd19d63900000000fd19d63900000000fd19d6390000000080000020	-2147483648,2098845241,-2147483648,2098845241,-2147483648,2098845241,false,false,true,POINT
919919238,2147483647,false,-2147483648,-247503698,true,2147483647,524169706,true	713f64ae00000000ffffffffffffffff9f3e31eab6d4da868000001f	-2147483648,-247503698,2147483647,524169706,919919238,2147483647,true,true,false,TRIANGLE
1114356742,599706715,true,1114357128,1307345652,true,-2147483648,-2147483648,false	0000000000000000cdec82f4c26bbd88a3becc5bc26bbc0680000031	-2147483648,-2147483648,1114356742,599706715,1114357128,1307345652,false,true,true,TRIANGLE
2147483647,-372588076,true,969971352,2147483647,true,1613857895,-372588395,true	69cac095b9d09698ffffffffffffffff69cac1d4e03184678000003e	969971352,2147483647,1613857895,-372588395,2147483647,-372588076,true,true,true,TRIANGLE
-2147483648,-2147483648,true,-1272866917,-1933431293,true,-1272866918,997400230,false	0000000000000000bb731ea63421979b0cc22e033421979a8000001f	-2147483648,-2147483648,-1272866917,-1933431293,-1272866918,997400230,true,true,false,TRIANGLE
-2147483648,969572161,false,1669813287,2147483647,false,-427935384,-2147483648,true	0000000000000000ffffffffe3875427b9ca7f41667e396880000004	-2147483648,969572161,-427935384,-2147483648,1669813287,2147483647,false,false,false,TRIANGLE
2147483647,32821564,true,-1790732387,32821426,false,1642794169,-2147483648,false	000000001543979d81f4d13cffffffff81f4d0b2e1eb0cb980000024	-1790732387,32821426,1642794169,-2147483648,2147483647,32821564,false,false,true,TRIANGLE
-2147483648,-139880859,true,-2147483648,-139880859,true,409841795,-139880880,true	77a996500000000077a99665986db08377a99665000000008000003a	-2147483648,-139880859,409841795,-139880880,-2147483648,-139880859,true,true,true,LINE
-2147483648,-1177403358,false,-2147483648,-1177403357,false,-2147483648,-1177403354,true	39d240220000000039d240260000000039d240230000000080000021	-2147483648,-1177403358,-2147483648,-1177403357,-2147483648,-1177403354,false,false,true,TRIANGLE
-1691436633,-685451882,true,-496327289,-685451882,true,2147483647,-990282426,true	44f97d461b2eb9a75724d596ffffffff5724d596626aa5878000003b	-1691436633,-685451882,2147483647,-990282426,-496327289,-685451882,true,true,true,TRIANGLE
1558929498,-2081784780,true,1558929500,-2147483648,true,1558928988,402363683,true	00000000dceb5e5c97fb9523dceb605c03ea7c34dceb605a8000003b	1558928988,402363683,1558929500,-2147483648,1558929498,-2081784780,true,true,true,TRIANGLE
-822752542,906447026,true,198330575,906446284,false,-2147483648,715312982,false	aaa2cf5600000000b60748b28bd248cfb60745cc4ef5cae28000001f	-2147483648,715312982,198330575,906446284,-822752542,906447026,true,true,false,TRIANGLE
-1281703452,-2147483648,true,2147483647,2147483647,true,-400670773,2147483647,true	00000000339ac1e4ffffffffffffffffffffffff681e3fcb80000038	-1281703452,-2147483648,2147483647,2147483647,-400670773,2147483647,true,true,true,TRIANGLE
-2147483648,2147483647,false,-2147483648,-1654193528,true,-1257219229,-1259306245,true	1d67028800000000ffffffff35105b6334f082fb0000000080000036	-2147483648,2147483647,-2147483648,-1654193528,-1257219229,-1259306245,false,true,true,TRIANGLE
204805615,1647884728,false,204805615,1647884728,false,204805007,-2147483648,true	000000008c35138fe238b9b88c3515efe238b9b88c3515ef80000008	204805007,-2147483648,204805615,1647884728,204805007,-2147483648,true,false,false,LINE
-2147483648,2147483647,false,1676015761,2147483647,false,-2147483648,601407096,false	a3d8be7800000000ffffffffe3e5f891ffffffff0000000080000006	-2147483648,2147483647,-2147483648,601407096,1676015761,2147483647,false,false,false,TRIANGLE
2147483647,359958012,true,2147483647,359958010,false,513239525,-1102511855,true	3e4901119e9769e5957485fcffffffff957485faffffffff80000039	513239525,-1102511855,2147483647,359958010,2147483647,359958012,true,true,true,TRIANGLE
-104399474,846377121,false,-104399472,-999061528,false,2147483647,1741043544,false	447387e879c6fd8ee7c63758ffffffffb272b0a179c6fd9080000004	-104399474,846377121,-104399472,-999061528,2147483647,1741043544,false,false,false,TRIANGLE
-1668586378,408229886,false,560832190,1712081860,true,-1668586750,-1865283529,true	10d208371c8b6302e60c4bc4a16d9ebe985517fe1c8b647680000020	-1668586750,-1865283529,560832190,1712081860,-1668586378,408229886,false,false,true,TRIANGLE
279202091,417367496,false,279202091,-1938947854,false,279202091,-1701275028,true	0c6e00f290a4492b98e085c890a4492b1a989a6c90a4492b80000011	279202091,-1938947854,279202091,-1701275028,279202091,417367496,false,true,false,TRIANGLE
570898278,589571172,false,2004879945,589571740,true,570898452,2147483647,true	a3242464a2073766fffffffff7800a49a324269ca207381480000037	570898278,589571172,2004879945,589571740,570898452,2147483647,false,true,true,TRIANGLE
1511466752,-1278324528,false,1511466752,-1278324528,true,1511466752,-1278324528,true	33ce50d0da17270033ce50d0da17270033ce50d0da17270080000030	1511466752,-1278324528,1511466752,-1278324528,1511466752,-1278324528,false,true,true,POINT
-1495315667,719565253,true,627200320,719565760,false,-2147483648,-889526093,false	4afae8b300000000aae3b3c0a5625140aae3b1c526df4b2d80000018	-2147483648,-889526093,627200320,719565760,-1495315667,719565253,true,true,false,TRIANGLE
2147483647,127096287,true,-209880624,127096288,true,301401923,127095401,false	87935269737d79d0879355e0ffffffff879355df91f707438000002e	-209880624,127096288,301401923,127095401,2147483647,127096287,true,false,true,TRIANGLE
2147483647,597923997,false,-2147483648,24275920,false,1544929358,-2147483648,true	0000000000000000a3a3989dffffffff81726bd0dc15c04e80000014	-2147483648,24275920,1544929358,-2147483648,2147483647,597923997,false,true,false,TRIANGLE
-1982395061,-2120605333,false,2147483647,1025071399,false,-170721346,142539213,true	019a216b09d70d4bbd195927ffffffff887ef9cd75d2ffbe80000020	-1982395061,-2120605333,2147483647,1025071399,-170721346,142539213,false,false,true,TRIANGLE
-1534179518,1857972798,true,-1226666283,271961118,false,-1226667166,1857971986,false	9035cc1e248e4742eebe6a3e36e28ed5eebe671236e28b628000000b	-1534179518,1857972798,-1226666283,271961118,-1226667166,1857971986,true,false,false,TRIANGLE
258741341,-1266417797,false,258741341,-1671467458,false,-2147483648,294449965,false	1c5f6e3e00000000918cf32d8f6c145d3483ff7b8f6c145d80000003	-2147483648,294449965,258741341,-1671467458,258741341,-1266417797,false,false,false,TRIANGLE
1101416626,-567572888,true,1101416626,-567572888,false,722473141,-567571842,false	5e2b8668ab1010b55e2b8a7ec1a648b25e2b8668c1a648b280000013	722473141,-567571842,1101416626,-567572888,722473141,-567571842,false,true,false,LINE
2147483647,-693643189,false,1814814504,982990852,true,1814815324,1201477491,false	56a7d84bec2bdf28c79d1773ffffffffba974004ec2be25c80000025	1814814504,982990852,2147483647,-693643189,1814815324,1201477491,false,false,true,TRIANGLE
1976105424,612908971,false,1976105424,-965898766,false,1976105424,-2147483648,true	00000000f5c8f9d0a4883fabf5c8f9d0466d8df2f5c8f9d080000008	1976105424,-2147483648,1976105424,612908971,1976105424,-965898766,true,false,false,TRIANGLE
2147483647,95628788,true,-2147483648,-1356935517,true,-2147483648,95629428,false	2f1ecea30000000085b33074ffffffff85b32df4000000008000001e	-2147483648,95629428,-2147483648,-1356935517,2147483647,95628788,true,true,false,TRIANGLE
2147483647,-646605514,true,209630150,683717618,false,243919381,2147483647,true	597595368c7eb3c6ffffffffffffffffa8c0b3f28e89ea158000001d	209630150,683717618,2147483647,-646605514,243919381,2147483647,true,true,false,TRIANGLE
2147483647,2147483647,false,-508787057,-86335331,false,1339810453,2147483647,true	7adaa09d61ac868fffffffffffffffffffffffffcfdbe29580000018	-508787057,-86335331,2147483647,2147483647,1339810453,2147483647,true,true,false,TRIANGLE
219307010,-2147483648,true,219306089,438927110,true,219306327,-563540378,false	000000008d1258699a297f068d125c025e690e668d1259578000002a	219306089,438927110,219306327,-563540378,219307010,-2147483648,true,false,true,TRIANGLE
-820327220,606276178,false,-820327220,606276178,true,-2147483648,-2147483648,true	0000000000000000a4230a524f1acccca4230a524f1acccc80000028	-2147483648,-2147483648,-820327220,606276178,-2147483648,-2147483648,true,false,true,LINE
-508591364,-1307590384,false,-508590506,-314718176,true,555069268,956084515,false	320fc11061af82fcb8fcb123a115af546d3dc82061af865680000018	-508591364,-1307590384,555069268,956084515,-508590506,-314718176,true,true,false,TRIANGLE
1265727708,-1072624408,false,1265727924,968420206,false,1265727704,-1967912095,true	0ab40b61cb7178d8b9b8eb6ecb7179b440110ce8cb7178dc80000020	1265727704,-1967912095,1265727924,968420206,1265727708,-1072624408,false,false,true,TRIANGLE
1794301884,2147483647,false,-787917208,110231217,true,-1536447218,-782087437,true	51624af3246bad0effffffffeaf2dfbc8691feb15109566880000028	-1536447218,-782087437,1794301884,2147483647,-787917208,110231217,true,false,true,TRIANGLE
1261923211,-2059493107,false,2147483647,-2059493474,false,-853364826,-2059492997,false	053e9f9e4d22afa6053ea17bffffffff053ea10dcb376b8b80000003	-853364826,-2059492997,2147483647,-2059493474,1261923211,-2059493107,false,false,false,TRIANGLE
543933094,-2147483648,false,-537398278,-2147483648,false,-537398281,2147483647,true	000000005ff7f3f7ffffffffa06bc2a6000000005ff7f3fa80000022	-537398281,2147483647,-537398278,-2147483648,543933094,-2147483648,false,false,true,TRIANGLE
-1225145499,-2147483648,false,-1225145499,-2147483648,false,-1225145499,1662095562,false	0000000036f9c365e31190ca36f9c3650000000036f9c36580000001	-1225145499,-2147483648,-1225145499,1662095562,-1225145499,-2147483648,false,false,false,LINE
897749750,1429025972,false,897749750,1429025972,false,897749750,1429025972,false	d52d34b4b58292f6d52d34b4b58292f6d52d34b4b58292f680000000	897749750,1429025972,897749750,1429025972,897749750,1429025972,false,false,false,POINT
1854121987,719204941,true,-952017662,2147483647,true,2147483647,-2147483648,false	0000000047415d02ffffffffffffffffaade324dee83a8038000002b	-952017662,2147483647,2147483647,-2147483648,1854121987,719204941,true,false,true,TRIANGLE
-1921372033,-1257176592,false,268493860,-474234306,false,-1921372322,-474233372,false	351101f00d7a2f5e63bbc5e49000e42463bbc23e0d7a307f80000006	-1921372322,-474233372,-1921372033,-1257176592,268493860,-474234306,false,false,false,TRIANGLE
2147483647,2090431852,false,-2147483648,-1059820203,false,2147483647,1395363740,false	40d46d5500000000fc99756cffffffffd32b8f9cffffffff80000001	-2147483648,-1059820203,2147483647,1395363740,2147483647,2090431852,false,false,false,TRIANGLE
2147483647,1288460412,true,-1477020726,1288460330,false,-1477020727,1288460882,false	cccc582a27f673c9cccc5a52ffffffffcccc587c27f673ca8000001e	-1477020727,1288460882,-1477020726,1288460330,2147483647,1288460412,true,true,false,TRIANGLE
-2051831844,2147483647,false,1386132909,-2147483648,false,-991687449,2065277113,false	0000000005b387dcffffffffd29eb5adfb19a0b944e40ce780000003	-2051831844,2147483647,1386132909,-2147483648,-991687449,2065277113,false,false,false,TRIANGLE
-292491234,-1766448672,false,-2094029440,-2147483648,false,1948684334,-851244214,true	00000000032fa5804d430b4af426902e16b621e06e90f01e80000019	-2094029440,-2147483648,-292491234,-1766448672,1948684334,-851244214,true,true,false,TRIANGLE
-1633037670,410298175,true,-1633037670,410298175,true,-1633038073,410297909,false	9874a6351ea9d1079874a73f1ea9d29a9874a73f1ea9d29a80000030	-1633038073,410297909,-1633037670,410298175,-1633038073,410297909,true,true,true,LINE
-1025046315,2147483647,false,2074693357,-695382885,false,2074693551,-2147483648,true	0000000042e708d5fffffffffba94faf568d4c9bfba94eed80000003	-1025046315,2147483647,2074693551,-2147483648,2074693357,-695382885,false,false,false,TRIANGLE
-1488964713,566905075,false,-778982684,2147483647,true,-2147483648,566905447,false	a1ca48f300000000ffffffff5191aae4a1ca4a672740339780000024	-2147483648,566905447,-1488964713,566905075,-778982684,2147483647,false,false,true,TRIANGLE
1820958268,2147483647,true,1820958268,-583553556,true,1820958268,-583554450,false	5d37aa6eec899e3cffffffffec899e3c5d37adecec899e3c80000030	1820958268,-583554450,1820958268,2147483647,1820958268,-583553556,false,true,true,TRIANGLE
-1450338205,2147483647,false,-2147483648,-1421641439,true,-2147483648,2147483647,true	2b43792100000000ffffffff298d9863ffffffff0000000080000026	-2147483648,2147483647,-2147483648,-1421641439,-1450338205,2147483647,false,false,true,TRIANGLE
-88499522,2147483647,true,-88499519,-497363891,true,-88499521,-2147483648,true	000000007ab99abeffffffff7ab99ac1625ad44d7ab99abf8000003e	-88499522,2147483647,-88499521,-2147483648,-88499519,-497363891,true,true,true,TRIANGLE
2147483647,847461112,true,1852653393,847461109,true,-2147483648,847460235,true	b283378b00000000b2833af8ffffffffb2833af5ee6d3f5180000038	-2147483648,847460235,2147483647,847461112,1852653393,847461109,true,true,true,TRIANGLE
-430716984,319229420,true,-430716984,319229420,false,-430717488,-801865008,false	503482d06653c5d093070dec6653c7c893070dec6653c7c880000010	-430717488,-801865008,-430716984,319229420,-430717488,-801865008,false,true,false,LINE
-2147483648,-1396912348,false,715035721,-422332140,true,-2147483648,690613396,false	2cbccf2400000000a929ec94aa9e944966d3b9140000000080000017	-2147483648,-1396912348,715035721,-422332140,-2147483648,690613396,false,true,false,TRIANGLE
-2147483648,-1154243827,true,2147483647,-1154243720,true,1947837435,-1920638356,false	0d85626c000000003b33a378ffffffff3b33a30df419a3fb8000003c	-2147483648,-1154243827,1947837435,-1920638356,2147483647,-1154243720,true,true,true,TRIANGLE
-2147483648,-1538855531,false,2147483647,2147483647,false,-2147483648,-1538856089,true	2446eb6700000000ffffffffffffffff2446ed950000000080000004	-2147483648,-1538855531,-2147483648,-1538856089,2147483647,2147483647,false,false,false,TRIANGLE
1988232942,-1427714218,false,-209378079,2147483647,true,-2147483648,1797857431,false	2ae6cf5600000000fffffffff68206eeeb292097738524e180000025	-2147483648,1797857431,1988232942,-1427714218,-209378079,2147483647,false,false,true,TRIANGLE
11481391,-1628438119,false,2147483647,2147483647,true,-2147483648,-1628437677,false	1ef0019900000000ffffffffffffffff1ef0035380af312f80000024	-2147483648,-1628437677,11481391,-1628438119,2147483647,2147483647,false,false,true,TRIANGLE
1856651481,990735833,false,1856651481,1531666326,true,1856652004,1531665627,false	bb0d6dd9eeaa40d9db4b5f96eeaa42e4db4b5cdbeeaa40d98000001f	1856651481,990735833,1856652004,1531665627,1856651481,1531666326,true,true,false,TRIANGLE
-1648602728,2147483647,true,-1648602728,2147483647,false,-1648602728,2147483647,false	ffffffff1dbc5198ffffffff1dbc5198ffffffff1dbc519880000008	-1648602728,2147483647,-1648602728,2147483647,-1648602728,2147483647,true,false,false,POINT
1543015146,-2147483648,false,2147483647,-248319435,true,-2147483648,2147483647,false	0000000000000000ffffffffffffffff7132f235dbf88aea80000026	-2147483648,2147483647,1543015146,-2147483648,2147483647,-248319435,false,false,true,TRIANGLE
2147483647,-2147483648,false,1382475339,1358498516,false,1382475338,1358498375,true	00000000d266e64ad0f90ad4ffffffffd0f90a47d266e64b8000000d	1382475338,1358498375,2147483647,-2147483648,1382475339,1358498516,true,false,false,TRIANGLE
-444808143,657366608,false,2147483647,375177892,true,-444808145,334047129,false	93e92799657cc42fa72e9e50ffffffff965cc2a4657cc43180000007	-444808145,334047129,2147483647,375177892,-444808143,657366608,false,false,false,TRIANGLE
2147483647,2147483647,true,-1370138026,551506005,false,-1370137500,2147483647,false	a0df50552e555a56ffffffffffffffffffffffff2e555c6480000000	-1370138026,551506005,2147483647,2147483647,-1370137500,2147483647,false,false,false,TRIANGLE
-2144367455,1890153315,false,801932736,833121153,true,-2144368257,-2147483648,false	00000000002f897ff0a97363afcc85c0b1a86b81002f8ca180000007	-2144368257,-2147483648,801932736,833121153,-2144367455,1890153315,false,false,false,TRIANGLE
-1211268754,1571222589,true,-1211268753,-2147483648,true,-2147483648,1571222591,true	0000000000000000dda6f43f37cd816fdda6f43d37cd816e8000003b	-2147483648,1571222591,-1211268753,-2147483648,-1211268754,1571222589,true,true,true,TRIANGLE
-1428672071,-1363718634,false,-1428672071,-1363718634,false,-2147483648,-2147483648,false	00000000000000002eb74e162ad831b92eb74e162ad831b980000000	-2147483648,-2147483648,-1428672071,-1363718634,-2147483648,-2147483648,false,false,false,LINE
815685819,-379747752,true,1347087068,-379746950,false,1046795453,-379747373,true	695d8258b09e60bb695d857ad04aeadc695d83d3be64d4bd80000028	815685819,-379747752,1347087068,-379746950,1046795453,-379747373,true,false,true,TRIANGLE
-844829453,1234062946,false,-2147483648,2147483647,false,-844829453,-1250349280,false	35792f2000000000ffffffff4da4ecf3c98e4e624da4ecf380000003	-2147483648,2147483647,-844829453,-1250349280,-844829453,1234062946,false,false,false,TRIANGLE
2147483647,-2147483648,false,-1191254889,79907310,true,6670837,79907262,true	0000000038fee49784c349eeffffffff84c349be8065c9f58000003b	-1191254889,79907310,2147483647,-2147483648,6670837,79907262,true,true,true,TRIANGLE
-2147483648,-2147483648,false,-2147483648,2147483647,true,-2147483648,-1921704226,true	0000000000000000ffffffff000000000d751ede0000000080000030	-2147483648,-2147483648,-2147483648,2147483647,-2147483648,-1921704226,false,true,true,TRIANGLE
170270798,-429156173,false,170271159,-2147483648,false,170270821,-429155286,false	000000008a26204e666b9c2a8a2621b7666b98b38a26206580000005	170270798,-429156173,170271159,-2147483648,170270821,-429155286,false,false,false,TRIANGLE
915902800,-883713201,false,1363060908,2147483647,true,-2147483648,729658593,false	4b539b4f00000000ffffffffd13ea8acab7db4e1b697915080000024	-2147483648,729658593,915902800,-883713201,1363060908,2147483647,false,false,true,TRIANGLE
2147483647,2147483647,false,2147483647,2147483647,true,227028299,-1140371119,true	3c0751518d882d4bffffffffffffffffffffffffffffffff80000028	227028299,-1140371119,2147483647,2147483647,227028299,-1140371119,true,false,true,LINE
706249580,-1518792503,true,-2147483648,-1518793393,false,400184216,-2147483648,false	0000000000000000257910c9aa18836c25790d4f97da539880000024	-2147483648,-1518793393,400184216,-2147483648,706249580,-1518792503,false,false,true,TRIANGLE
-243462155,2147483647,false,-1515660363,-395192403,true,-1515660459,-395192005,true	6871d7ad25a8db55ffffffff717d0ff56871d93b25a8dbb580000024	-1515660459,-395192005,-1515660363,-395192403,-243462155,2147483647,false,false,true,TRIANGLE
-49248203,-1666194538,false,-4167891,-1666194197,true,-49249190,2147483647,true	1cafe3967d10845affffffff7fc0672d1cafe4eb7d1088358000002e	-49249190,2147483647,-49248203,-1666194538,-4167891,-1666194197,true,false,true,TRIANGLE
367796845,-1610126290,false,367795974,1242035340,false,2147483647,2147483647,true	20076c2e95ec1f06ffffffffffffffffca07f48c95ec226d8000001c	367795974,1242035340,367796845,-1610126290,2147483647,2147483647,true,true,false,TRIANGLE
1315065995,-2047809357,true,1315065876,469124754,true,-1359299232,469123778,false	05f0e8b32efabd609bf64692ce62508b9bf642c2ce62501480000035	-1359299232,469123778,1315065995,-2047809357,1315065876,469124754,false,true,true,TRIANGLE
1812364753,1290932863,true,1812364151,2147483647,false,2147483647,2147483647,false	ccf2127fec067b77ffffffffffffffffffffffffec067dd180000006	1812364151,2147483647,1812364753,1290932863,2147483647,2147483647,false,false,false,TRIANGLE
1459355272,-432131103,true,1459355272,-432131103,true,1459355272,-432131103,true	663e33e1d6fbfe88663e33e1d6fbfe88663e33e1d6fbfe8880000038	1459355272,-432131103,1459355272,-432131103,1459355272,-432131103,true,true,true,POINT
2147483647,-595024087,false,2147483647,2147483647,true,2147483647,-595024552,true	5c88a558ffffffffffffffffffffffff5c88a729ffffffff80000029	2147483647,-595024552,2147483647,-595024087,2147483647,2147483647,true,false,true,TRIANGLE
-1592846177,-556734406,true,-1592845523,-2147483648,true,-2147483648,-463462652,true	000000000000000064601f04210f1b2d5ed0e83a210f189f8000003b	-2147483648,-463462652,-1592845523,-2147483648,-1592846177,-556734406,true,true,true,TRIANGLE
-1927329016,-670216897,false,2069627349,-670218193,true,2147483647,-670217525,false	580d482f0d1f4b08580d4d3fffffffff580d4acbfb5c01d580000016	-1927329016,-670216897,2069627349,-670218193,2147483647,-670217525,false,true,false,TRIANGLE
-2147483648,-1217778149,false,529172949,-1217778779,true,1633706175,-1217779000,true	376a2ac800000000376a2e1be16060bf376a2ba59f8a89d580000032	-2147483648,-1217778149,529172949,-1217778779,1633706175,-1217779000,false,true,true,TRIANGLE
2147483647,-2147483648,false,2147483647,1636456095,false,-498377452,1636456127,true	00000000624b5d14e18a56bfffffffffe18a569fffffffff8000000b	-498377452,1636456127,2147483647,-2147483648,2147483647,1636456095,true,false,false,TRIANGLE
2147483647,2147483647,false,2147483647,173545142,false,1634394885,1968002087,true	8a5816b6e16ae305fffffffffffffffff54d5427ffffffff80000025	1634394885,1968002087,2147483647,173545142,2147483647,2147483647,false,false,true,TRIANGLE
-389006040,-2029916696,true,-389006040,-2029916696,true,-2084461528,57280105,false	0701ede803c1a428836a066968d03d280701ede868d03d2880000033	-2084461528,57280105,-389006040,-2029916696,-2084461528,57280105,true,true,true,LINE
-1927489662,2147483647,false,-1927489585,2147483647,true,-1927489180,-2147483648,false	000000000d1cd782ffffffff0d1cd964ffffffff0d1cd7cf8000001b	-1927489662,2147483647,-1927489180,-2147483648,-1927489585,2147483647,true,true,false,TRIANGLE
1010551860,-2147483648,false,-1210143769,-2147483648,true,1010552814,2147483647,false	0000000037deabe7ffffffffbc3bcfee00000000bc3bcc3480000021	-1210143769,-2147483648,1010551860,-2147483648,1010552814,2147483647,false,false,true,TRIANGLE
1207610011,1451374671,true,1234088517,-810047996,false,1207610728,-2147483648,true	00000000c7faaa9bd682384fc98eb2454fb7a604c7faad6880000026	1207610011,1451374671,1207610728,-2147483648,1234088517,-810047996,false,false,true,TRIANGLE
-852380504,-1843661772,false,2147483647,2147483647,false,-751924258,-2147483648,false	000000004d31b4a8ffffffffffffffff121bf434532e8bde80000004	-852380504,-1843661772,-751924258,-2147483648,2147483647,2147483647,false,false,false,TRIANGLE
-1765441460,680908249,false,-1765441460,2147483647,true,-1765441460,1590028155,false	a895d5d916c5804cffffffff16c5804cdec5e77b16c5804c80000010	-1765441460,680908249,-1765441460,2147483647,-1765441460,1590028155,false,true,false,TRIANGLE
-1159592577,-1550862246,true,-1098197978,-1550862889,false,2147483647,-1550861464,true	238fb5d73ae2057f238fbb68ffffffff238fb85a3e8ad4268000002c	-1159592577,-1550862246,-1098197978,-1550862889,2147483647,-1550861464,true,false,true,TRIANGLE
1831988923,-2147483648,false,1831988923,-2147483648,false,-1015554360,-2147483648,true	000000004377dec800000000ed31eebb00000000ed31eebb80000008	-1015554360,-2147483648,1831988923,-2147483648,-1015554360,-2147483648,true,false,false,LINE
2147483647,2063669784,true,1003353056,2063669784,false,480690159,2063669609,false	fb0119699ca6bfeffb011a18fffffffffb011a18bbcdf3e080000010	480690159,2063669609,2147483647,2063669784,1003353056,2063669784,false,true,false,TRIANGLE
1590016388,-1106383428,true,1794381016,-2111026151,true,-146246760,-2147483648,true	00000000774873983e0dedbceaf414d8022c4c19dec5b9848000003f	-146246760,-2147483648,1794381016,-2111026151,1590016388,-1106383428,true,true,true,TRIANGLE
1072955544,2147483647,false,2147483647,228122282,false,273826266,228122671,false	8d98deaa905241daffffffffffffffff8d98e02fbff4009880000005	273826266,228122671,2147483647,228122282,1072955544,2147483647,false,false,false,TRIANGLE
-1927539302,2147483647,true,1514985967,-1566302221,false,605714655,1794175452,false	22a41ff30d1c159affffffffda4cd9efeaf0f1dca41a78df8000000b	-1927539302,2147483647,1514985967,-1566302221,605714655,1794175452,true,false,false,TRIANGLE
-2147483648,529276929,true,314565089,-3630559,false,314563404,-35855815,false	7ddce239000000009f8c200192bfe1e17fc89a2192bfdb4c80000026	-2147483648,529276929,314563404,-35855815,314565089,-3630559,false,false,true,TRIANGLE
-1009822747,-160230918,false,-1426380719,1763228669,false,-1426381316,-160230914,true	767311fa2afb25fce918bbfd43cf53e5767311fe2afb28518000000d	-1426381316,-160230914,-1009822747,-160230918,-1426380719,1763228669,true,false,false,TRIANGLE
1512485076,1062961734,true,1512485076,1062961734,false,1512485076,1062961734,false	bf5b8246da26b0d4bf5b8246da26b0d4bf5b8246da26b0d480000008	1512485076,1062961734,1512485076,1062961734,1512485076,1062961734,true,false,false,POINT
6046783,2020295259,true,6046220,-1309658768,true,2147483647,-1309657981,true	31f03170805c420cf86b425bffffffff31f03483805c443f8000003f	6046220,-1309658768,2147483647,-1309657981,6046783,2020295259,true,true,true,TRIANGLE
-1791290740,1294446255,true,-1791290740,1294446281,true,-1791290740,1294445439,true	cd27ab7f153b128ccd27aec9153b128ccd27aeaf153b128c80000039	-1791290740,1294445439,-1791290740,1294446255,-1791290740,1294446281,true,true,true,TRIANGLE
1510954571,1671579708,true,-2147483648,-855176421,false,2130255402,-1324413548,false	310f0d9400000000e3a2483cfef91e2a4d070b1bda0f564b80000025	-2147483648,-855176421,2130255402,-1324413548,1510954571,1671579708,false,false,true,TRIANGLE
2147483647,-2147483648,true,-1892844635,314861695,true,-1892844638,314862269,false	000000000f2d7ba292c46abdffffffff92c4687f0f2d7ba58000001a	-1892844638,314862269,-1892844635,314861695,2147483647,-2147483648,true,true,false,TRIANGLE
963241453,276448885,true,-502431118,-2147483648,false,-1772559714,-350483313,true	000000001658e29e907a4675b969e5ed6b1c0c8f620d82728000003c	-1772559714,-350483313,-502431118,-2147483648,963241453,276448885,true,true,true,TRIANGLE
1508671081,392713441,false,2147483647,392713438,true,2088063368,-2147483648,false	00000000d9ec7e69976854e1ffffffff976854defc7551888000001e	1508671081,392713441,2088063368,-2147483648,2147483647,392713438,true,true,false,TRIANGLE
97972004,-33714385,true,97972004,-33714385,false,2147483647,-881465421,true	4b75e7b385d6ef247dfd8f2fffffffff7dfd8f2f85d6ef248000002a	97972004,-33714385,2147483647,-881465421,97972004,-33714385,true,false,true,LINE
806755365,-2147483648,true,-364264241,-1956249580,false,-364265219,-486812305,false	000000006a49c0fd62fbd56fb0161c250b6600146a49c4cf8000001a	-364265219,-486812305,-364264241,-1956249580,806755365,-2147483648,true,true,false,TRIANGLE
-1739369396,893854341,false,1229211658,893854470,true,-1739369394,-2147483648,false	000000001853544cb5472306c944480ab54722851853544e8000001c	-1739369396,893854341,-1739369394,-2147483648,1229211658,893854470,true,true,false,TRIANGLE
845118794,-365605701,true,-1964569466,-199074912,false,-1964569859,-199073919,true	6a354cbb0ae70afd74225f81b25f7d4a74225ba00ae70c868000003a	-1964569859,-199073919,-1964569466,-199074912,845118794,-365605701,true,true,true,TRIANGLE
480925328,-2033035135,false,-2147483648,-849563662,true,-804961085,-849563650,true	06d25881000000004d5caffe9caa56904d5caff2500544c38000003d	-2147483648,-849563662,480925328,-2033035135,-804961085,-849563650,true,true,true,TRIANGLE
332844233,712971307,false,332843683,-667619874,false,845530686,438647583,true	5834edde93d6caa3aa7f142bb265c63e9a253b1f93d6ccc980000017	332843683,-667619874,845530686,438647583,332844233,712971307,false,true,false,TRIANGLE
-1391911548,-613512818,false,-1391911548,-506282743,true,-1391911548,1226142761,true	5b6e898e2d091d84c91574292d091d8461d2bd092d091d8480000031	-1391911548,-613512818,-1391911548,-506282743,-1391911548,1226142761,false,true,true,TRIANGLE
-1958471731,-1828547969,true,-1958471731,-1828547969,true,97789523,-1828548538,true	130290460b4417cd1302927f85d426531302927f0b4417cd8000003a	-1958471731,-1828547969,97789523,-1828548538,-1958471731,-1828547969,true,true,true,LINE
-1350228915,-1524319467,false,-1350228088,-1524318671,false,-1350228554,-1524318566,false	2524bb152f85244d2524be9a2f8527882524be312f8525b680000007	-1350228915,-1524319467,-1350228088,-1524318671,-1350228554,-1524318566,false,false,false,TRIANGLE
-1923878107,393738384,false,-1923879277,-2147483648,false,-1923878384,2147483647,true	000000000d53ee93ffffffff0d53f3259777f8900d53f2108000001f	-1923879277,-2147483648,-1923878107,393738384,-1923878384,2147483647,true,true,false,TRIANGLE
-2147483648,-1989916776,true,328107889,-1818228005,false,972235989,-2147483648,false	000000000000000013a00adbb9f324d509644798938e877180000025	-2147483648,-1989916776,972235989,-2147483648,328107889,-1818228005,false,false,true,TRIANGLE
-68974845,1268152153,false,2147483647,1268152697,false,2147483647,1170100688,true	c5be51d07be38703cb967979ffffffffcb967759ffffffff80000005	-68974845,1268152153,2147483647,1170100688,2147483647,1268152697,false,false,false,TRIANGLE
-2147483648,-421340596,true,2147483647,2147483647,false,2076182768,-1841526097,false	123c8aaf00000000ffffffffffffffff66e2da4cfbc008f080000024	-2147483648,-421340596,2076182768,-1841526097,2147483647,2147483647,false,false,true,TRIANGLE
-2147483648,-1475893573,false,466455052,-1174661991,false,-2147483648,-2147483648,true	000000000000000039fc14999bcd8a0c2807a6bb0000000080000004	-2147483648,-1475893573,-2147483648,-2147483648,466455052,-1174661991,false,false,false,TRIANGLE
1536709365,-1940772092,false,1536709365,-1940772092,true,1536709365,-1940772092,false	0c522b04db9852f50c522b04db9852f50c522b04db9852f580000010	1536709365,-1940772092,1536709365,-1940772092,1536709365,-1940772092,false,true,false,POINT
1562540682,1579498489,true,-2082636944,-162569874,false,-2082636521,-162569876,true	764f616c03dd7b70de253bf9dd227a8a764f616e03dd7d1780000034	-2082636944,-162569874,-2082636521,-162569876,1562540682,1579498489,false,true,true,TRIANGLE
2147483647,2147483647,false,-2147483648,1952114205,true,-587775589,-738125167,false	54011a9100000000fffffffffffffffff45ae61d5cf7419b8000000c	-2147483648,1952114205,-587775589,-738125167,2147483647,2147483647,true,false,false,TRIANGLE
-2147483648,-813070654,true,-2147483648,-2147483648,false,-2147483648,-518703778,true	00000000000000006115355e000000004f8986c20000000080000030	-2147483648,-2147483648,-2147483648,-518703778,-2147483648,-813070654,false,true,true,TRIANGLE
-1216398288,1736614640,true,2147483647,1896733237,false,-1216397415,-2147483648,false	00000000377f3c30f10dda35ffffffffe782a2f0377f3f9980000024	-1216398288,1736614640,-1216397415,-2147483648,2147483647,1896733237,false,false,true,TRIANGLE
2136020152,-1727980354,false,2147483647,-1727980328,false,-791718211,2147483647,true	19011cbe50cf56bdffffffffffffffff19011cd8ff5114b88000000e	-791718211,2147483647,2136020152,-1727980354,2147483647,-1727980328,true,false,false,TRIANGLE
1922504950,895851139,false,-13448302,782252037,true,-2147483648,900717916,true	aea0380500000000b5afdd5cf29718f6b5659a837f32cb9280000026	-2147483648,900717916,-13448302,782252037,1922504950,895851139,false,false,true,TRIANGLE
1001491281,1148789146,false,1001491281,1148789146,false,1057252115,2147483647,false	c479219abbb18b51ffffffffbf046313c479219abbb18b5180000001	1001491281,1148789146,1057252115,2147483647,1001491281,1148789146,false,false,false,LINE
-895809116,1236033676,false,-895808844,-1451586182,false,-895808696,1236033005,false	297a8d7a4a9b09a4c9ac608c4a9b0b48c9ac5ded4a9b0ab480000006	-895809116,1236033676,-895808844,-1451586182,-895808696,1236033005,false,false,false,TRIANGLE
-2019976440,-36327951,true,2147483647,273031117,true,-2019975869,273030786,true	7dd5adf107999b0890461fcdffffffff90461e8207999d4380000038	-2019976440,-36327951,2147483647,273031117,-2019975869,273030786,true,true,true,TRIANGLE
-2147483648,-1165938278,true,920119103,-1165937929,false,920118155,-1165938740,false	3a812fcc000000003a8132f7b6d7e73f3a81319ab6d7e38b80000024	-2147483648,-1165938278,920118155,-1165938740,920119103,-1165937929,false,false,true,TRIANGLE
-467060175,1642050708,true,2147483647,1642051914,true,2147483647,1642051553,true	e1dfb49464293a31e1dfb94affffffffe1dfb7e1ffffffff80000039	-467060175,1642050708,2147483647,1642051553,2147483647,1642051914,true,true,true,TRIANGLE
-1068912327,1039274548,true,-2147483648,1039273571,false,-1068912324,-2147483648,true	0000000000000000bdf212344049b13cbdf20e634049b13980000035	-2147483648,1039273571,-1068912324,-2147483648,-1068912327,1039274548,false,true,true,TRIANGLE
461418950,2147483647,false,461419386,1493568696,true,461418952,-2147483648,true	000000009b80b1c6ffffffff9b80b37ad9060cb89b80b1c88000001e	461418950,2147483647,461418952,-2147483648,461419386,1493568696,true,true,false,TRIANGLE
1997133125,-231582805,false,1997133125,-231582805,true,1020999465,-231581879,false	723253abbcdb372972325749f709d545723253abf709d54580000023	1020999465,-231581879,1997133125,-231582805,1020999465,-231581879,true,false,true,LINE
-1454783763,-88542191,false,-1454784902,585096907,false,-1454783926,-2147483648,false	000000002949be7aa2dfdecb2949c2ed7ab8f4112949c24a80000006	-1454784902,585096907,-1454783926,-2147483648,-1454783763,-88542191,false,false,false,TRIANGLE
-81623926,-63392264,true,1988298567,-2147483648,false,-22158935,2147483647,true	000000007b22848afffffffff68307477c38b5f87eade1a98000002d	-81623926,-63392264,1988298567,-2147483648,-22158935,2147483647,true,false,true,TRIANGLE
-1526628234,-1583984890,true,-410278268,-1583984890,false,-1362597495,1044895432,false	21964f0625018076be47d6c8678ba68421964f062ec869898000000f	-1526628234,-1583984890,-410278268,-1583984890,-1362597495,1044895432,true,false,false,TRIANGLE
1107117733,-1819366773,false,1266940313,-1819366593,false,-1178560681,551571040,true	138eaa8b39c09757a0e04e60cb83f999138eab3fc1fd46a58000000e	-1178560681,551571040,1107117733,-1819366773,1266940313,-1819366593,true,false,false,TRIANGLE
2147483647,-1361196649,false,-1633531627,2147483647,true,1979078147,-1361197068,false	2eddc7f41ea24915ffffffffffffffff2eddc997f5f656038000000e	-1633531627,2147483647,1979078147,-1361197068,2147483647,-1361196649,true,false,false,TRIANGLE
1335209721,406809249,false,1068808266,-753499228,true,1068809132,191547214,true	531683a4bfb4b84a983f6aa1cf95aef98b6ac74ebfb4bbac80000038	1068808266,-753499228,1335209721,406809249,1068809132,191547214,true,true,true,TRIANGLE
195990570,-1179665822,true,195990570,-1179665822,true,195990570,-1179665822,false	39afba628bae942a39afba628bae942a39afba628bae942a80000018	195990570,-1179665822,195990570,-1179665822,195990570,-1179665822,true,true,false,POINT
2147483647,1068366747,true,-948897566,-347924790,false,-948897564,2147483647,false	6b4316ca4770f8e2ffffffffffffffffbfadfb9b4770f8e480000007	-948897566,-347924790,2147483647,1068366747,-948897564,2147483647,false,false,false,TRIANGLE
-53352983,1761116213,true,355554086,-2147483648,false,1586211238,-490296683,true	000000007cd1e5e9e8f88035de8ba9a662c6aa95953153268000002e	-53352983,1761116213,355554086,-2147483648,1586211238,-490296683,true,false,true,TRIANGLE
-838624312,-2147483648,true,-1932856552,1493362537,false,-838624313,1493361383,true	000000000ccaf318d902e7694e039bc8d902e2e74e039bc78000001b	-1932856552,1493362537,-838624312,-2147483648,-838624313,1493361383,true,true,false,TRIANGLE
-2147483648,2147483647,false,-2147483648,916777549,true,-2147483648,-2147483648,false	0000000000000000ffffffff00000000b6a4ea4d0000000080000020	-2147483648,-2147483648,-2147483648,2147483647,-2147483648,916777549,false,false,true,TRIANGLE
-2147483648,-2147483648,true,-111577232,-924630746,false,-2147483648,-1981833174,false	000000000000000048e341267959777009dfa02a0000000080000008	-2147483648,-2147483648,-111577232,-924630746,-2147483648,-1981833174,true,false,false,TRIANGLE
2147483647,-2033391310,false,-1862543074,-2147483648,true,1966489189,-2033390346,false	0000000010fbd91e06ccecf6ffffffff06cce932f5363e6580000027	-1862543074,-2147483648,2147483647,-2033391310,1966489189,-2033390346,false,false,true,TRIANGLE
133839535,693710945,true,133839535,693710945,true,-1981163071,1552101719,true	a959306109e9d9c1dc83315787fa3aafa959306187fa3aaf8000003b	-1981163071,1552101719,133839535,693710945,-1981163071,1552101719,true,true,true,LINE
-1673360795,1184888398,true,-1389484368,1289979137,false,-1389485250,2147483647,false	c69ff64e1c428a65ffffffff2d2e26b0cce385012d2e233e8000000f	-1673360795,1184888398,-1389484368,1289979137,-1389485250,2147483647,true,false,false,TRIANGLE
952918885,-698386102,false,-325595315,412166010,true,952917934,346338312,false	565f794a6c97cf4d9891277ab8cc636594a4b408b8cc5fae80000023	-325595315,412166010,952918885,-698386102,952917934,346338312,false,false,true,TRIANGLE
-853341866,-1940259639,false,-2147483648,-2147483648,true,-853341192,-1940259641,true	00000000000000000c59fcc94d230bf80c59fcc74d2309568000001f	-2147483648,-2147483648,-853341192,-1940259641,-853341866,-1940259639,true,true,false,TRIANGLE
-1668584154,1703044486,true,-2147483648,1849631713,false,-1457658184,295791543,false	91a16bb700000000ee3f23e1291de6b8e58265861c8b6d2680000023	-2147483648,1849631713,-1457658184,295791543,-1668584154,1703044486,false,false,true,TRIANGLE
1084082449,-1863850497,true,-1277144732,-1863850494,true,2147483647,2147483647,false	10e7e5ff33e05164ffffffffffffffff10e7e602c09dc91180000024	-1277144732,-1863850494,1084082449,-1863850497,2147483647,2147483647,false,false,true,TRIANGLE
2147483647,-1249997510,false,2014548429,2147483647,true,736919496,-116822274,false	357e8d3aabec7fc8ffffffffffffffff79096efef81391cd80000025	736919496,-116822274,2147483647,-1249997510,2014548429,2147483647,false,false,true,TRIANGLE
2147483647,-51674770,true,2147483647,-51674770,false,-2147483648,1340048655,true	7ceb816e00000000cfdf850fffffffff7ceb816effffffff8000001b	-2147483648,1340048655,2147483647,-51674770,-2147483648,1340048655,true,true,false,LINE
2147483647,2109364017,true,2147483647,1822609103,false,2147483647,1533082402,true	db60fb22fffffffffdba5731ffffffffeca2cecfffffffff80000018	2147483647,1533082402,2147483647,2109364017,2147483647,1822609103,true,true,false,TRIANGLE
1595930588,785218228,true,-733056089,2147483647,false,-284944583,785218418,false	aecd7ab4544e73a7ffffffffdf1ff7dcaecd7b726f04173980000022	-733056089,2147483647,-284944583,785218418,1595930588,785218228,false,false,true,TRIANGLE
-1175184719,1919959457,false,-2147483648,47484998,false,-1175185503,47484995,false	82d4904300000000f27041a139f41ab182d4904639f417a180000004	-2147483648,47484998,-1175185503,47484995,-1175184719,1919959457,false,false,false,TRIANGLE
1384792170,731822487,false,958837129,731822309,true,-2147483648,-461448861,false	647ed96300000000ab9eb997d28a406aab9eb8e5b926b18980000020	-2147483648,-461448861,1384792170,731822487,958837129,731822309,false,false,true,TRIANGLE
-1906265135,2147483647,false,1831591734,-1182664594,true,1831591734,-921068106,true	3981f86e0e60b3d1ffffffffed2bdf3649199db6ed2bdf3680000033	-1906265135,2147483647,1831591734,-1182664594,1831591734,-921068106,false,true,true,TRIANGLE
-965680433,817501529,true,2147483647,817502080,false,2147483647,2035299870,true	b0ba15594670e2cff950361effffffffb0ba1780ffffffff80000029	-965680433,817501529,2147483647,817502080,2147483647,2035299870,true,false,true,TRIANGLE
-783075203,2147483647,false,-783075203,2147483647,true,-783075203,2147483647,true	ffffffff5153387dffffffff5153387dffffffff5153387d80000030	-783075203,2147483647,-783075203,2147483647,-783075203,2147483647,false,true,true,POINT
-2147483648,-616580292,false,-1965314415,1692617874,true,-1965314726,1692617877,false	5b3fbb3c00000000e4e34c950adbae91e4e34c920adbad5a80000017	-2147483648,-616580292,-1965314415,1692617874,-1965314726,1692617877,false,true,false,TRIANGLE
2147483647,-762376286,false,2027188560,-762376283,true,2027187519,2147483647,true	528f0fa2f8d46d3fffffffffffffffff528f0fa5f8d4715080000022	2027187519,2147483647,2027188560,-762376283,2147483647,-762376286,false,false,true,TRIANGLE
1011754885,-1284770110,false,1011754511,-1284770107,true,1011755345,2147483647,false	336bf6c2bc4e260fffffffffbc4e2951336bf6c5bc4e278580000024	1011754511,-1284770107,1011754885,-1284770110,1011755345,2147483647,false,false,true,TRIANGLE
877094807,1127825672,true,1989764061,-1934610834,false,874107729,1096993532,true	0cb02e6eb419d351c3394108f69963ddc162cafcb44767978000003d	874107729,1096993532,1989764061,-1934610834,877094807,1127825672,true,true,true,TRIANGLE
2147483647,-520249758,true,2147483647,-520249654,false,2147483647,1692781693,true	60fd9e62ffffffffe4e5cc7dffffffff60fd9ecaffffffff80000029	2147483647,-520249758,2147483647,-520249654,2147483647,1692781693,true,false,true,TRIANGLE
-1981165317,-1627746764,true,-861453379,-1627746637,true,1058332697,-1787792709,true	157072bb09e9d0fb1efa8eb3bf14e0191efa8e344ca743bd8000003d	-1981165317,-1627746764,1058332697,-1787792709,-861453379,-1627746637,true,true,true,TRIANGLE
-2147483648,-1375644670,true,-2147483648,-1375644670,true,-318859188,-1375644669,false	2e015402000000002e0154036cfe984c2e0154020000000080000019	-2147483648,-1375644670,-318859188,-1375644669,-2147483648,-1375644670,true,true,false,LINE
-1053959913,-821784707,false,1866595394,-821784710,false,-1053959917,-821784709,false	4f048f7a412dd9134f048f7def41fc424f048f7b412dd91780000005	-1053959917,-821784709,1866595394,-821784710,-1053959913,-821784707,false,false,false,TRIANGLE
2147483647,1136576422,true,1359602697,1617081215,true,2147483647,1136578113,false	c3bec7a6d109e409e062b37fffffffffc3bece41ffffffff80000023	1359602697,1617081215,2147483647,1136576422,2147483647,1136578113,false,false,true,TRIANGLE
-1195094322,-1794810253,false,-1195093802,342072186,false,-1195094139,342073043,true	15055e7338c44ece94639ed338c450d694639b7a38c44f8580000027	-1195094322,-1794810253,-1195093802,342072186,-1195094139,342073043,false,false,true,TRIANGLE
1768969220,1276423645,false,1768969416,-2130682590,false,-1091837424,-2130682646,true	01005cea3eebe210cc14addde97054c801005d22e970540480000027	-1091837424,-2130682646,1768969416,-2130682590,1768969220,1276423645,false,false,true,TRIANGLE
-1836601430,488530220,true,-441897098,488531287,true,-441897094,488531365,true	9d1e612c1287afaa9d1e65a565a92f7a9d1e655765a92f7680000039	-1836601430,488530220,-441897098,488531287,-441897094,488531365,true,true,true,TRIANGLE
-351020020,1120509687,true,-351019518,-2147483648,true,-351019517,2147483647,true	000000006b13dc0cffffffff6b13de03c2c99ef76b13de028000003c	-351020020,1120509687,-351019518,-2147483648,-351019517,2147483647,true,true,true,TRIANGLE
-2147483648,1035154476,false,-2147483648,1035154476,false,-1743530869,1035153494,false	bdb3305600000000bdb3342c1813d48bbdb3342c0000000080000002	-2147483648,1035154476,-1743530869,1035153494,-2147483648,1035154476,false,false,false,LINE
-1639416081,-1824453690,false,-2147483648,2147483647,false,641970570,-2147483648,false	0000000000000000ffffffffa643b18a13410bc61e487eef80000002	-2147483648,2147483647,-1639416081,-1824453690,641970570,-2147483648,false,false,false,TRIANGLE
-857958685,1055595723,true,-857958685,-2147483648,true,-857958685,2147483647,true	000000004cdc96e3ffffffff4cdc96e3beeb1ccb4cdc96e380000038	-857958685,-2147483648,-857958685,2147483647,-857958685,1055595723,true,true,true,TRIANGLE
-2147483648,-578430974,false,-420891797,1360221444,false,218110279,1360220811,true	5d85d80200000000d11355048d001947d113528b66e9b36b80000007	-2147483648,-578430974,218110279,1360220811,-420891797,1360221444,false,false,false,TRIANGLE
2147483647,-1532944575,true,2147483647,-1532943872,false,757840618,-1802651807,false	148db761ad2bbaea24a12200ffffffff24a11f41ffffffff80000011	757840618,-1802651807,2147483647,-1532944575,2147483647,-1532943872,false,true,false,TRIANGLE
1480391970,-2147483648,true,-2147483648,-35488049,true,-198775616,-35487272,false	00000000000000007de281d8d83cfd227de27ecf7426ecc080000025	-2147483648,-35488049,1480391970,-2147483648,-198775616,-35487272,false,false,true,TRIANGLE
1248114215,1146433667,true,2147483647,1990844038,false,-2147483648,2147483647,true	c455308300000000fffffffffffffffff6a9de86ca64b6278000001e	-2147483648,2147483647,1248114215,1146433667,2147483647,1990844038,true,true,false,TRIANGLE
2139487811,-954595133,true,2139487811,-954595133,false,2139487811,-954595133,true	471a08c3ff85fe43471a08c3ff85fe43471a08c3ff85fe4380000028	2139487811,-954595133,2139487811,-954595133,2139487811,-954595133,true,false,true,POINT
-1474070840,2147483647,true,-1474070157,-1276954118,true,-2147483648,485889400,false	33e339fa00000000ffffffff282379739cf61578282376c88000001d	-2147483648,485889400,-1474070157,-1276954118,-1474070840,2147483647,true,true,false,TRIANGLE
174178264,1542650855,true,-1855407671,1542650854,true,-1855407156,2147483647,true	dbf2fbe61168b9c9ffffffff8a61bfd8dbf2fbe71168bbcc8000003f	-1855407671,1542650854,174178264,1542650855,-1855407156,2147483647,true,true,true,TRIANGLE
451257110,-2147483648,true,451257223,268610239,true,451257220,268611220,false	000000009ae5a3169002ae949ae5a3879002aabf9ae5a3848000001f	451257110,-2147483648,451257223,268610239,451257220,268611220,true,true,false,TRIANGLE
-2147483648,2147483647,true,170476026,46795967,false,2147483647,2147483647,true	82ca0cbf00000000ffffffffffffffffffffffff8a2941fa8000002e	-2147483648,2147483647,170476026,46795967,2147483647,2147483647,true,false,true,TRIANGLE
-462153765,2105716306,false,-2147483648,-2147483648,true,2044636881,295828667,true	0000000000000000fd82ae52f9deaed191a1fcbb647417db8000001f	-2147483648,-2147483648,2044636881,295828667,-462153765,2105716306,true,true,false,TRIANGLE
-520741204,-1441945811,true,-520741204,1667084400,false,-520741204,884193171,true	2a0da72d60f61eace35db07060f61eacb4b3b79360f61eac80000028	-520741204,-1441945811,-520741204,1667084400,-520741204,884193171,true,false,true,TRIANGLE
1747077226,1716480416,false,1747077226,1716480416,true,-1418493744,1716480859,true	e64f69a02b7380d0e64f6b5be822486ae64f69a0e822486a8000002b	-1418493744,1716480859,1747077226,1716480416,-1418493744,1716480859,true,false,true,LINE
-1017499469,-209805884,true,-1017498590,2147483647,false,-1017498588,-1230976038,false	36a0cbda435a30b3ffffffff435a3424737e9dc4435a342280000025	-1017499469,-209805884,-1017498588,-1230976038,-1017498590,2147483647,false,false,true,TRIANGLE
1569334813,-1948412932,true,2147483647,-1948413543,false,23489293,-1948413543,true	0bdd919981666b0d0bdd93fcffffffff0bdd9199dd8a261d8000003f	23489293,-1948413543,2147483647,-1948413543,1569334813,-1948412932,true,true,true,TRIANGLE
156282231,205543254,false,111218072,2147483647,false,-2147483648,205543594,false	8c40575600000000ffffffff8950ad778c4058aa86a10d9880000005	-2147483648,205543594,156282231,205543254,111218072,2147483647,false,false,false,TRIANGLE
1029308887,-2147483648,false,789803356,2147483647,false,672713545,2147483647,false	00000000a818cb49ffffffffbd5a01d7ffffffffaf13715c80000003	672713545,2147483647,1029308887,-2147483648,789803356,2147483647,false,false,false,TRIANGLE
-2147483648,-1255038355,false,2147483647,-1794528679,true,-1934019321,-2147483648,false	00000000000000003531a26dffffffff1509aa590cb935078000001e	-2147483648,-1255038355,-1934019321,-2147483648,2147483647,-1794528679,true,true,false,TRIANGLE
2147483647,-294378524,true,-2147483648,535571730,true,-2147483648,-77301425,true	6e7423e4000000009fec2d12ffffffff7b64794f000000008000003d	-2147483648,-77301425,2147483647,-294378524,-2147483648,535571730,true,true,true,TRIANGLE
-770528422,819684723,true,-770528422,819684723,true,2070965660,-1854803345,true	1171f26f5212ab5ab0db6573fb706d9cb0db65735212ab5a8000003a	-770528422,819684723,2070965660,-1854803345,-770528422,819684723,true,true,true,LINE
83978231,-1404053797,false,2141504400,-2147483648,false,-1436506041,-1404052950,true	000000002a60a8472c4fda2affa4c3902c4fd6db850167f780000023	-1436506041,-1404052950,2141504400,-2147483648,83978231,-1404053797,false,false,true,TRIANGLE
992081575,1963556673,false,-1167958109,1963556297,false,-1167958111,1963555727,true	f5097b8f3a625fa1f5097f41bb21f6a7f5097dc93a625fa380000008	-1167958111,1963555727,992081575,1963556673,-1167958109,1963556297,true,false,false,TRIANGLE
2147483647,-960211893,true,2147483647,-1036567906,false,2147483647,-1036568356,true	423738dcffffffff46c4544bffffffff42373a9effffffff80000018	2147483647,-1036568356,2147483647,-960211893,2147483647,-1036567906,true,true,false,TRIANGLE
429455257,-1787476538,true,2147483647,-1787476065,false,429454929,-2147483648,false	000000009998f6511575479fffffffff157545c69998f79980000018	429454929,-2147483648,2147483647,-1787476065,429455257,-1787476538,true,true,false,TRIANGLE
-2012870454,-2147483648,true,-2147483648,1689742286,true,2147483647,113554714,false	0000000000000000e4b76bceffffffff86c4b51a080608ca80000026	-2147483648,1689742286,-2012870454,-2147483648,2147483647,113554714,false,false,true,TRIANGLE
1884128515,1078129325,false,2147483647,1078129092,false,1884129188,144000582,false	88954646f04d8503c042f2adffffffffc042f1c4f04d87a480000006	1884128515,1078129325,1884129188,144000582,2147483647,1078129092,false,false,false,TRIANGLE
-2147483648,367029909,true,-2147483648,367029909,true,-2147483648,367029909,false	95e06e950000000095e06e950000000095e06e950000000080000018	-2147483648,367029909,-2147483648,367029909,-2147483648,367029909,true,true,false,POINT
46984073,2147483647,true,2147483647,1216742472,true,46984075,1216742473,true	c886044882cceb89ffffffffffffffffc886044982cceb8b8000003a	46984073,2147483647,46984075,1216742473,2147483647,1216742472,true,true,true,TRIANGLE
-2147483648,-259354213,false,2147483647,-259353543,true,-667906059,-259354212,false	708a919b00000000708a9439ffffffff708a919c58308ff580000019	-2147483648,-259354213,-667906059,-259354212,2147483647,-259353543,true,true,false,TRIANGLE
708909395,1882776300,false,514295507,1882775895,true,2146724964,1882776017,true	f038e1579ea786d3f038e2ecfff46c64f038e1d1aa4119538000001f	514295507,1882775895,2146724964,1882776017,708909395,1882776300,true,true,false,TRIANGLE
-1566334395,2147483647,true,-1566334395,-448980692,true,-2147483648,-1115296610,true	3d85ec9e00000000ffffffff22a3a245653d192c22a3a24580000039	-2147483648,-1115296610,-1566334395,-448980692,-1566334395,2147483647,true,true,true,TRIANGLE
-3193721,-540509284,false,-3195104,1605273502,false,-3194515,-2147483648,false	000000007fcf3f20dfae879e7fcf44875fc87b9c7fcf416d80000006	-3195104,1605273502,-3194515,-2147483648,-3193721,-540509284,false,false,false,TRIANGLE
2147483647,608234508,false,563058210,608234009,true,563058208,2147483647,false	a440ea19a18f9620ffffffffffffffffa440ec0ca18f962280000006	563058208,2147483647,563058210,608234009,2147483647,608234508,false,false,false,TRIANGLE
209794533,-2147483648,false,209794533,-2147483648,true,-1945966775,-1304277908,false	000000000c02e74932424c6c8c8135e5000000008c8135e580000023	-1945966775,-1304277908,209794533,-2147483648,-1945966775,-1304277908,true,false,true,LINE
288537703,1979516891,true,-1191544626,1501327589,false,288536901,1979517673,false	d97c70e538fa78cef5fd0ae99132bc67f5fd07db9132b94580000007	-1191544626,1501327589,288537703,1979516891,288536901,1979517673,false,false,false,TRIANGLE
-793696629,-2128917306,false,-793695788,2147483647,true,-793694934,2147483647,false	011b4cc650b1268bffffffff50b12d2affffffff50b129d480000018	-793696629,-2128917306,-793694934,2147483647,-793695788,2147483647,true,true,false,TRIANGLE
-2147483648,2147483647,false,2032853739,-2147483648,false,2032854808,11569566,true	0000000000000000fffffffff92ae71880b0899ef92ae2eb80000026	-2147483648,2147483647,2032853739,-2147483648,2032854808,11569566,false,false,true,TRIANGLE
-1687752448,-591987952,true,-1687752182,-1282759050,true,-2147483648,-1282759179,false	338aa5f5000000005cb6fb101b66f20a338aa6761b66f1008000001f	-2147483648,-1282759179,-1687752182,-1282759050,-1687752448,-591987952,true,true,false,TRIANGLE
1820970972,2147483647,false,2147483647,-429604468,false,2147483647,2144348156,false	6664c18cec89cfdcffffffffffffffffffd027fcffffffff80000003	1820970972,2147483647,2147483647,-429604468,2147483647,2144348156,false,false,false,TRIANGLE
-1874762283,-548311660,false,-1874762313,919085219,false,-1874762607,-548311744,false	5f516d4010416491b6c820a3104165d55f516d94104165b780000007	-1874762607,-548311744,-1874762283,-548311660,-1874762313,919085219,false,false,false,TRIANGLE
1815678117,2147483647,true,1815678117,2147483647,false,797543119,307352829,false	9251d4fdaf898acfffffffffec390ca5ffffffffec390ca580000010	797543119,307352829,1815678117,2147483647,797543119,307352829,false,true,false,LINE
2147483647,-148391003,true,368035067,627251893,false,1400838361,-148390297,true	7727bba595efc4fba5631ab5ffffffff7727be67d37f18d980000032	368035067,627251893,1400838361,-148390297,2147483647,-148391003,false,true,true,TRIANGLE
1137748019,-1418774072,false,1137748901,-2147483648,true,1137748901,-2147483648,true	00000000c3d0a8332b6f39c8c3d0aba500000000c3d0aba580000033	1137748019,-1418774072,1137748901,-2147483648,1137748019,-1418774072,true,true,true,LINE
-541933090,791066137,true,-541933921,-262247392,true,-541933157,-2147483648,false	000000005fb2be9faf26b6195fb2c1de705e6c205fb2c19b8000002c	-541933921,-262247392,-541933157,-2147483648,-541933090,791066137,true,false,true,TRIANGLE
420702747,-1267439849,false,420702747,-2147483648,false,420702747,1185835038,true	0000000099136a1bc6ae681e99136a1b3474671799136a1b80000010	420702747,-2147483648,420702747,1185835038,420702747,-1267439849,false,true,false,TRIANGLE
1735414391,-2147483648,false,1735414315,-1160700615,false,-2147483648,-730354428,true	00000000000000005477ad04e77052773ad11d39e770522b8000000b	-2147483648,-730354428,1735414391,-2147483648,1735414315,-1160700615,true,false,false,TRIANGLE
-1897111021,1014027335,true,-1897110715,-334478144,false,-1897110265,-490559996,true	62c2a6040eec6213bc70d4470eec65076c1044c00eec63458000002a	-1897111021,1014027335,-1897110715,-334478144,-1897110265,-490559996,true,false,true,TRIANGLE
-814918548,-1891196156,false,-814918548,-1891196156,false,-814918548,-1891196156,false	0f46a3044f6d546c0f46a3044f6d546c0f46a3044f6d546c80000000	-814918548,-1891196156,-814918548,-1891196156,-814918548,-1891196156,false,false,false,POINT
-2025323558,1563319570,false,-2025323562,1606547944,true,-2147483648,2147483647,false	dd2e5d1200000000ffffffff074803dadfc1f9e8074803d680000023	-2147483648,2147483647,-2025323558,1563319570,-2025323562,1606547944,false,false,true,TRIANGLE
61060996,1803031109,true,61059524,2147483647,false,-331198470,2147483647,true	eb7812456c424ffaffffffff83a3b784ffffffff83a3b1c48000001b	-331198470,2147483647,61060996,1803031109,61059524,2147483647,true,true,false,TRIANGLE
504278887,2147483647,false,-249238202,913466471,false,504279764,913466082,false	b67262e27124ed46ffffffff9e0eb2d4b67264679e0eaf6780000005	-249238202,913466471,504279764,913466082,504278887,2147483647,false,false,false,TRIANGLE
-1774929755,2147483647,false,-853479354,1578508187,true,1601327085,1578508564,false	de161f9b1634b8a5ffffffffdf724fedde1621144d20f04680000016	-1774929755,2147483647,-853479354,1578508187,1601327085,1578508564,false,true,false,TRIANGLE
-2147483648,-546726483,false,-1562508894,-546726485,false,-2147483648,-546726721,true	5f699cbf000000005f699dad22de01a25f699dab0000000080000006	-2147483648,-546726483,-2147483648,-546726721,-1562508894,-546726485,false,false,false,TRIANGLE
-314157442,473224690,true,-149480393,-1567262816,true,-149480391,-393296245,true	229577a06d46567e9c34d5f277171c39688ec68b77171c378000003e	-314157442,473224690,-149480393,-1567262816,-149480391,-393296245,true,true,true,TRIANGLE
-904304943,-143621141,true,-904304943,-143621141,false,-1811756001,-143621480,true	777082981402cc1f777083eb4a1966d1777083eb4a1966d180000018	-1811756001,-143621480,-904304943,-143621141,-1811756001,-143621480,true,true,false,LINE
2147483647,2147483647,true,2147483647,199120876,false,2147483647,199121454,true	8bde57ecffffffffffffffffffffffff8bde5a2effffffff80000031	2147483647,199120876,2147483647,199121454,2147483647,2147483647,false,true,true,TRIANGLE
2147483647,1651572863,false,2029776128,-602930685,true,8699345,1651572458,true	5c1002038084bdd1e271007fffffffffe270feeaf8fbed0080000024	8699345,1651572458,2029776128,-602930685,2147483647,1651572863,false,false,true,TRIANGLE
892383882,-1998092135,false,1050160091,-1200055111,false,1050160994,-2147483648,false	00000000b530b28a38789cb9be982f6208e78899be982bdb80000005	892383882,-1998092135,1050160994,-2147483648,1050160091,-1200055111,false,false,false,TRIANGLE
-696474686,-279022783,true,-696474234,-279022700,false,-2147483648,-2147483648,false	00000000000000006f5e7394567ca5866f5e7341567ca3c280000018	-2147483648,-2147483648,-696474234,-279022700,-696474686,-279022783,true,true,false,TRIANGLE
152255534,-659029089,false,2147483647,-659028732,false,-2147483648,2147483647,false	58b8039f00000000ffffffffffffffff58b8050489133c2e80000006	-2147483648,2147483647,152255534,-659029089,2147483647,-659028732,false,false,false,TRIANGLE
-1289985261,2147483647,false,2147483647,-2107029212,false,-1289984707,-494860320,false	02694924331c6313ffffffffffffffff628107e0331c653d80000002	-1289985261,2147483647,-1289984707,-494860320,2147483647,-2107029212,false,false,false,TRIANGLE
-1525006626,1284007527,true,-1525006626,1284007527,false,371772404,1284009374,true	cc886667251a3edecc886d9e9628cbf4cc886667251a3ede80000029	-1525006626,1284007527,371772404,1284009374,-1525006626,1284007527,true,false,true,LINE
895004164,2147483647,false,895003417,-711575077,false,-859553656,-711574413,true	559639db4cc44088ffffffffb558ae0455963c73b558ab1980000024	-859553656,-711574413,895003417,-711575077,895004164,2147483647,false,false,true,TRIANGLE
124474358,1215009342,true,124473540,1215010471,false,124473542,1215009974,true	c86b923e876b50c4c86b96a7876b53f6c86b94b6876b50c680000032	124473540,1215010471,124473542,1215009974,124474358,1215009342,false,true,true,TRIANGLE
1624148749,-2147483648,true,-1047570565,-1296395583,true,2147483647,-147178023,true	00000000418f577b773a3dd9ffffffff32ba92c1e0ce8b0d8000003c	-1047570565,-1296395583,1624148749,-2147483648,2147483647,-147178023,true,true,true,TRIANGLE
-742789558,2147483647,true,-742789474,-555230416,false,-2147483648,-555230728,false	5ee7d9f800000000ffffffff53b9ee9e5ee7db3053b9ee4a8000001f	-2147483648,-555230728,-742789474,-555230416,-742789558,2147483647,true,true,false,TRIANGLE
509273327,-1599007963,false,509273327,-1599008532,true,509273327,166758466,false	20b110ec9e5ae4ef89f088429e5ae4ef20b113259e5ae4ef80000008	509273327,-1599008532,509273327,166758466,509273327,-1599007963,true,false,false,TRIANGLE
1207292194,1822709417,false,1391463113,1822709416,false,1391462537,-1213481187,true	37abbf1dc7f5d122eca456a9d2f00ac9eca456a8d2f0088980000006	1207292194,1822709417,1391462537,-1213481187,1391463113,1822709416,false,false,false,TRIANGLE
1541325569,-710261895,true,1541325569,-710261895,false,1541325569,-710261895,true	55aa4379dbdec30155aa4379dbdec30155aa4379dbdec30180000028	1541325569,-710261895,1541325569,-710261895,1541325569,-710261895,true,false,true,POINT
2147483647,-2147483648,true,1948885616,-1595903837,false,1750498716,1341522605,true	00000000e8567d9ccff602adffffffff20e070a3f429a2708000003a	1750498716,1341522605,1948885616,-1595903837,2147483647,-2147483648,true,true,true,TRIANGLE
44042581,1320273164,true,44043918,1320273161,true,-2147483648,1320274099,true	ceb1c50900000000ceb1c8b382a00e8eceb1c50c82a009558000003b	-2147483648,1320274099,44043918,1320273161,44042581,1320273164,true,true,true,TRIANGLE
1322457511,-2008872665,false,674907358,210853687,false,2147483647,210854490,false	08430927a83a44de8c91625affffffff8c915f37ced319a780000004	674907358,210853687,1322457511,-2008872665,2147483647,210854490,false,false,false,TRIANGLE
1384363752,-487073846,false,1384363801,2147483647,false,-2147483648,-1566691865,false	229e2de700000000ffffffffd283b71962f7d7cad283b6e880000001	-2147483648,-1566691865,1384363752,-487073846,1384363801,2147483647,false,false,false,TRIANGLE
472530998,77918667,false,-2147483648,77918129,true,-2147483648,-731699444,true	5463270c0000000084a4f1cb9c2a403684a4efb10000000080000028	-2147483648,-731699444,472530998,77918667,-2147483648,77918129,true,false,true,TRIANGLE
2147483647,2147483647,false,-1979482507,-261515840,true,-2147483648,-261515718,false	706995c000000000ffffffffffffffff7069963a0a037e7580000004	-2147483648,-261515718,-1979482507,-261515840,2147483647,2147483647,false,false,false,TRIANGLE
-348307985,295746795,false,-348307985,295746795,false,828920816,2147483647,true	91a0bceb6b3d3defffffffffb16853f091a0bceb6b3d3def80000021	-348307985,295746795,828920816,2147483647,-348307985,295746795,true,false,true,LINE
693399529,1612435186,false,693399331,1612434516,true,693398479,-2147483648,false	00000000a9546bcfe01bcef2a9546fe9e01bcc54a9546f2380000020	693398479,-2147483648,693399529,1612435186,693399331,1612434516,false,false,true,TRIANGLE
-436116585,-1705934891,false,-436116585,-2147483648,false,-436116585,2147483647,true	0000000066016397ffffffff660163971a517fd56601639780000010	-436116585,-2147483648,-436116585,2147483647,-436116585,-1705934891,false,true,false,TRIANGLE
238617332,-2048812777,true,757126033,2146025261,false,1455344070,2147483647,false	05e199178e3902f4ffffffffd6bec9c6ffe9bf2dad20d39180000020	238617332,-2048812777,1455344070,2147483647,757126033,2146025261,false,false,true,TRIANGLE
-2147483648,2147483647,false,-1612169237,10648866,true,1514191028,-2147483648,false	0000000000000000ffffffffda40b8b480a27d221fe83feb80000012	-2147483648,2147483647,-1612169237,10648866,1514191028,-2147483648,false,true,false,TRIANGLE
-1870542491,1699420201,false,-1870542140,1699420199,false,-1870541321,46203686,true	82c103261081c965e54b18291081cdf7e54b18271081cac480000003	-1870542491,1699420201,-1870541321,46203686,-1870542140,1699420199,false,false,false,TRIANGLE
1161053504,1894768204,true,-2147483648,1894767614,true,-2137516066,1894768203,true	f0efdbfe00000000f0efde4cc5344540f0efde4b009817de80000038	-2147483648,1894767614,1161053504,1894768204,-2137516066,1894768203,true,true,true,TRIANGLE
1069549031,-2147483648,true,1069549031,-2147483648,false,2147483647,2147483647,true	00000000bfc005e7ffffffffffffffff00000000bfc005e780000029	1069549031,-2147483648,2147483647,2147483647,1069549031,-2147483648,true,false,true,LINE
-1857353415,-1497754343,false,-1857353415,-2147483648,true,-1857354304,1835096597,true	00000000114b05c0ed615a15114b093926ba1519114b093980000023	-1857354304,1835096597,-1857353415,-2147483648,-1857353415,-1497754343,false,false,true,TRIANGLE
2147483647,-204321129,true,446643023,-178347163,true,2147483647,-2147483648,false	000000009a9f3b4f755ea365ffffffff73d24e97ffffffff8000002b	446643023,-178347163,2147483647,-2147483648,2147483647,-204321129,true,false,true,TRIANGLE
-1272549506,-1021717286,true,-216559060,-788324421,false,2147483647,1325960965,false	4319d4da34266f7ecf088f05ffffffff51031fbb7317922c80000009	-1272549506,-1021717286,-216559060,-788324421,2147483647,1325960965,true,false,false,TRIANGLE
-841045391,-1512678097,false,-841044444,2147483647,true,2147483647,2147483647,false	25d65d2f4ddeaa71ffffffffffffffffffffffff4ddeae2480000018	-841045391,-1512678097,2147483647,2147483647,-841044444,2147483647,true,true,false,TRIANGLE
-87386550,-2147483648,false,-87386549,1319312173,true,738066372,-2147483648,false	000000007aca964acea31b2dabfdffc4000000007aca964b8000001f	-87386550,-2147483648,738066372,-2147483648,-87386549,1319312173,true,true,false,TRIANGLE
-1611394265,-2147483648,true,-1611394265,1503305083,false,-1611394265,-2147483648,true	000000001ff41327d99a9d7b1ff41327000000001ff4132780000028	-1611394265,-2147483648,-1611394265,1503305083,-1611394265,-2147483648,true,false,true,LINE
890626269,2147483647,false,890626269,2147483647,false,890626269,2147483647,true	ffffffffb515e0ddffffffffb515e0ddffffffffb515e0dd80000020	890626269,2147483647,890626269,2147483647,890626269,2147483647,false,false,true,POINT
-2147483648,-1387576406,false,-428455931,-895119858,false,-428454934,-1387576902,true	2d4b41ba000000004aa58e0e66764bea2d4b43aa6676480580000005	-2147483648,-1387576406,-428454934,-1387576902,-428455931,-895119858,false,false,false,TRIANGLE
-446162474,-1589302159,false,-2147483648,2147483647,true,-2147483648,-938654249,false	21452c7100000000ffffffff656819d6480d45d70000000080000025	-2147483648,-938654249,-446162474,-1589302159,-2147483648,2147483647,false,false,true,TRIANGLE
-410095635,1130145418,false,-2147483648,1130145419,false,2147483647,1130145360,true	c35ca65000000000c35ca68bffffffffc35ca68a678e6fed80000013	-2147483648,1130145419,2147483647,1130145360,-410095635,1130145418,false,true,false,TRIANGLE
1211561006,-931132143,true,916914121,2147483647,true,2147483647,2085905827,false	48800d11b6a6ffc9fffffffffffffffffc5465a3c836f42e80000026	916914121,2147483647,1211561006,-931132143,2147483647,2085905827,false,false,true,TRIANGLE
1346454610,1096148448,false,1346455275,1096148451,true,2147483647,-2147483648,true	00000000d0414452c155e5e3ffffffffc155e5e0d04146eb8000001d	1346454610,1096148448,2147483647,-2147483648,1346455275,1096148451,true,true,false,TRIANGLE
-1708170738,573802377,true,-1708170740,-694247415,true,-1708170121,573801983,true	569ea0091a2f620ca23387891a2f6477a23385ff1a2f620e8000003f	-1708170740,-694247415,-1708170121,573801983,-1708170738,573802377,true,true,true,TRIANGLE
1655387975,-2147483648,false,1655387975,-2147483648,false,-1132053991,-2147483648,true	000000003c863a1900000000e2ab374700000000e2ab374780000008	-1132053991,-2147483648,1655387975,-2147483648,-1132053991,-2147483648,true,false,false,LINE
-208844948,-2147483648,true,-1312972430,287860721,false,592435879,823180940,true	0000000031bda172b110be8ca34fdaa7912867f1738d476c8000001c	-1312972430,287860721,-208844948,-2147483648,592435879,823180940,true,true,false,TRIANGLE
-1928529980,-1272826602,true,2147483647,2147483647,false,1154862860,1676948007,true	342235160d0cf7c4ffffffffffffffffe3f43227c4d5cf0c80000028	-1928529980,-1272826602,2147483647,2147483647,1154862860,1676948007,true,false,true,TRIANGLE
-2147483648,2038003085,false,-2147483648,2038003083,false,-2147483648,-2147483648,false	0000000000000000f979758d00000000f979758b0000000080000000	-2147483648,-2147483648,-2147483648,2038003085,-2147483648,2038003083,false,false,false,TRIANGLE
-2147483648,321100459,true,1386199203,-2147483648,false,1386199090,1817457065,false	0000000000000000ec5431a9d29fb8a393239aabd29fb8328000000d	-2147483648,321100459,1386199203,-2147483648,1386199090,1817457065,true,false,false,TRIANGLE
726996841,-1845479110,true,726997875,2147483647,true,1627468680,-2147483648,true	00000000ab551769ffffffffe10133881200393aab551b738000003d	726996841,-1845479110,1627468680,-2147483648,726997875,2147483647,true,true,true,TRIANGLE
-2147483648,-2147483648,false,-1658748667,1652544509,true,518946781,-2147483648,false	0000000000000000e27fd3fd9eee7fdd000000001d2181058000001f	-2147483648,-2147483648,518946781,-2147483648,-1658748667,1652544509,true,true,false,TRIANGLE
-1171861676,2147483647,false,-1171861676,2147483647,false,2147483647,1606959222,false	dfc840763a26cf54ffffffffffffffffffffffff3a26cf5480000002	-1171861676,2147483647,2147483647,1606959222,-1171861676,2147483647,false,false,false,LINE
-1891443850,2147483647,true,-12590906,1474242598,true,-12590094,-1421116642,true	2b4b7b1e0f42db76ffffffff7f3fe3f2d7df28267f3fe0c68000003b	-1891443850,2147483647,-12590094,-1421116642,-12590906,1474242598,true,true,true,TRIANGLE
-789309719,1987407785,true,-2120004467,2147483647,true,-2120004496,1987408138,true	f6756fa901a34c70ffffffff50f416e9f675710a01a34c8d8000003d	-2120004496,1987408138,-789309719,1987407785,-2120004467,2147483647,true,true,true,TRIANGLE
-1594870598,-1766117973,true,2147483647,542395528,false,1117846786,542396064,true	16bb2dab20f034baa0544ea0ffffffffa0544c88c2a0fd028000002f	-1594870598,-1766117973,2147483647,542395528,1117846786,542396064,true,false,true,TRIANGLE
739828011,613401204,false,739828584,-349685825,true,556457179,2147483647,false	6b2837bfa12adcdbffffffffac18e368a48fc274ac18e12b80000003	556457179,2147483647,739828584,-349685825,739828011,613401204,false,false,false,TRIANGLE
-2022009986,2099804178,true,-2022010329,-255204809,true,-2147483648,-255204805,true	70c9e23700000000fd287812077a937e70c9e23b077a92278000003c	-2147483648,-255204805,-2022010329,-255204809,-2022009986,2099804178,true,true,true,TRIANGLE
2147483647,-1531533324,false,-647258611,-1531533907,true,-647257683,2147483647,true	24b6a5ad596b9e0dffffffffffffffff24b6a7f4596ba1ad8000003f	-647258611,-1531533907,2147483647,-1531533324,-647257683,2147483647,true,true,true,TRIANGLE
-735229994,2147483647,false,-735229994,2147483647,true,-735229994,2147483647,true	ffffffff542d47d6ffffffff542d47d6ffffffff542d47d680000030	-735229994,2147483647,-735229994,2147483647,-735229994,2147483647,false,true,true,POINT
-935859672,-2147483648,false,1515233744,-809558446,true,-1381344899,2147483647,false	000000002daa597dffffffffda50a1d04fbf1e524837ea2880000026	-1381344899,2147483647,-935859672,-2147483648,1515233744,-809558446,false,false,true,TRIANGLE
-1072776827,2032951550,true,-1072776979,-794133011,true,1854253567,-2147483648,false	00000000400eb8edf92c60feee85a9ff50aa7ded400eb9858000002d	-1072776979,-794133011,1854253567,-2147483648,-1072776827,2032951550,true,false,true,TRIANGLE
-1692528650,285753702,true,1399220449,2147483647,false,-1692529365,285754631,true	910841661b1e0d2bffffffffd36668e1910845071b1e0ff68000001c	-1692529365,285754631,-1692528650,285753702,1399220449,2147483647,true,true,false,TRIANGLE
-2147483648,-69134405,true,-2147483648,-69134315,true,-1218034471,-69134405,false	7be117bb000000007be11815376644d97be117bb000000008000003f	-2147483648,-69134405,-1218034471,-69134405,-2147483648,-69134315,true,true,true,TRIANGLE
2147483647,-711246563,false,2147483647,1786933777,false,-1321745967,1786933777,true	559b3d1d3137c1d1ea827211ffffffffea827211ffffffff8000000b	-1321745967,1786933777,2147483647,-711246563,2147483647,1786933777,true,false,false,TRIANGLE
1969329163,231608208,false,315304192,-2147483648,true,1969328721,231608206,true	0000000092cb29008dce0f90f561940b8dce0f8ef561925180000038	315304192,-2147483648,1969329163,231608208,1969328721,231608206,true,true,true,TRIANGLE
-2147483648,2147483647,false,-2147483648,2147483647,false,-1636538073,-2147483648,false	0000000000000000ffffffff1e746927ffffffff0000000080000002	-2147483648,2147483647,-1636538073,-2147483648,-2147483648,2147483647,false,false,false,LINE
-1218404099,2147483647,false,-1218404020,1984484985,true,2147483647,1984483734,true	f648d1963760a0fdfffffffffffffffff648d6793760a14c80000032	-1218404099,2147483647,-1218404020,1984484985,2147483647,1984483734,false,true,true,TRIANGLE
1588870476,-383374885,false,-2099494073,-671193436,false,1588870476,-671193434,false	57fe66a402dc4347692629dbdeb43d4c57fe66a6deb43d4c80000001	-2099494073,-671193436,1588870476,-671193434,1588870476,-383374885,false,false,false,TRIANGLE
-1776431705,59342881,false,-2147483648,59342414,true,2147483647,-2147483648,false	000000000000000083898021ffffffff83897e4e161dcda78000000d	-2147483648,59342414,2147483647,-2147483648,-1776431705,59342881,true,false,false,TRIANGLE
-2147483648,-434258852,false,-2147483648,-1512815320,false,-2147483648,-1512815318,false	25d4452800000000661dbc5c0000000025d4452a0000000080000001	-2147483648,-1512815320,-2147483648,-1512815318,-2147483648,-434258852,false,false,false,TRIANGLE
-1863981878,-2147483648,false,2147483647,1697043407,true,278130579,1697043408,true	0000000010e5e4cae526d3d0ffffffffe526d3cf9093ef9380000037	-1863981878,-2147483648,2147483647,1697043407,278130579,1697043408,false,true,true,TRIANGLE
2147483647,1408648070,true,-1313568048,1275044882,false,1288502442,1408648248,true	cbffa41231b48ad0d3f64438ffffffffd3f64386ccccfcaa8000001f	-1313568048,1275044882,2147483647,1408648070,1288502442,1408648248,true,true,false,TRIANGLE
-2147483648,161979656,true,-2147483648,161979656,true,-2147483648,-1212097009,true	37c0de0f0000000089a79d080000000089a79d080000000080000038	-2147483648,-1212097009,-2147483648,161979656,-2147483648,-1212097009,true,true,true,LINE
578471610,972512502,true,578471609,972512504,true,-2147483648,591274107,true	a33e207b00000000b9f75cf8a27ac6bab9f75cf6a27ac6b98000003f	-2147483648,591274107,578471610,972512502,578471609,972512504,true,true,true,TRIANGLE
2085713446,-925936496,false,-231521010,-1174425443,true,1112336849,-2147483648,false	000000007233450e48cf5490fc51762639ffb09dc24ce9d18000000c	-231521010,-1174425443,1112336849,-2147483648,2085713446,-925936496,true,false,false,TRIANGLE
663294248,-2147483648,true,-1165419910,1134318166,false,1362613320,-64385492,false	000000003a891a7ac39c5256d137d4487c298e2ca789112880000006	-1165419910,1134318166,663294248,-2147483648,1362613320,-64385492,false,false,false,TRIANGLE
-1152084382,-235706554,true,1653594806,-1178001181,true,269274863,-235706628,true	39c920e33b54966271f36746e28fdab671f366fc900cceef8000003b	-1152084382,-235706554,1653594806,-1178001181,269274863,-235706628,true,true,true,TRIANGLE
1226041973,935183446,true,851639614,2147483647,true,851638761,-2147483648,true	00000000b2c2f9e9ffffffffc913ea75b7bdc456b2c2fd3e8000003f	851638761,-2147483648,1226041973,935183446,851639614,2147483647,true,true,true,TRIANGLE
-2147483648,1117201970,false,-2147483648,-1372041191,true,-1855648746,-1372041192,false	2e38501800000000c297263211650c162e3850190000000080000012	-2147483648,1117201970,-2147483648,-1372041191,-1855648746,-1372041192,false,true,false,TRIANGLE
-2147483648,2147483647,true,-2147483648,2147483647,true,-2147483648,2147483647,true	ffffffff00000000ffffffff00000000ffffffff0000000080000038	-2147483648,2147483647,-2147483648,2147483647,-2147483648,2147483647,true,true,true,POINT
2147483647,-2147483648,false,2147483647,45789568,true,2147483647,45790560,true	00000000ffffffff82bab560ffffffff82bab180ffffffff80000031	2147483647,-2147483648,2147483647,45789568,2147483647,45790560,false,true,true,TRIANGLE
472494802,1749620543,true,-2147483648,1749619179,true,2147483647,2147483647,false	e84911eb00000000ffffffffffffffffe849173f9c29b2d280000021	-2147483648,1749619179,472494802,1749620543,2147483647,2147483647,false,false,true,TRIANGLE
1481581181,1917008231,false,2147483647,1917008231,false,2147483647,1281845053,false	cc67673dd84f227df2433967fffffffff2433967ffffffff80000003	1481581181,1917008231,2147483647,1281845053,2147483647,1917008231,false,false,false,TRIANGLE
-2147483648,-982721175,false,-353920415,2147483647,true,-353921077,-982721889,false	456cda9f00000000ffffffff6ae79a61456cdd696ae797cb8000001c	-2147483648,-982721175,-353921077,-982721889,-353920415,2147483647,true,true,false,TRIANGLE
-12183002,577533313,true,-12182392,2147483647,false,-458640136,-756503377,false	52e8acaf64a9b4f8ffffffff7f461c88a26c75817f461a2680000011	-458640136,-756503377,-12183002,577533313,-12182392,2147483647,false,true,false,TRIANGLE
2129339838,-3506142,false,-1946529978,2147483647,true,-1946530230,-3506141,true	7fca80220bfa4e4afffffffffeeb25be7fca80230bfa4f468000002d	-1946530230,-3506141,2129339838,-3506142,-1946529978,2147483647,true,false,true,TRIANGLE
-2147483648,-644528111,false,-2147483648,-644528111,true,1690102858,1176340662,true	5995481100000000c61d88b6e4bcec4a599548110000000080000031	-2147483648,-644528111,1690102858,1176340662,-2147483648,-644528111,true,true,true,LINE
-671261491,-22968462,false,-671261408,-1017574786,true,-2147483648,-1052781036,false	413fd614000000007ea1877257fd5d2043590a7e57fd5ccd80000007	-2147483648,-1052781036,-671261408,-1017574786,-671261491,-22968462,false,false,false,TRIANGLE
1152863697,2147483647,false,1033118262,-2147483648,false,-2147483648,706803731,false	0000000000000000ffffffffc4b74dd1aa20f813bd94223680000004	-2147483648,706803731,1033118262,-2147483648,1152863697,2147483647,false,false,false,TRIANGLE
-2147483648,2147483647,true,-738584110,-1808384775,true,1518710017,-1808384255,false	14363cf900000000ffffffffda85ad0114363f0153fa19d28000001e	-2147483648,2147483647,-738584110,-1808384775,1518710017,-1808384255,true,true,false,TRIANGLE
-1110729889,-1777552032,true,2147483647,104458552,false,-2147483648,-108747514,false	160cb560000000008639e938ffffffff7984a5063dcb9b5f80000014	-2147483648,-108747514,-1110729889,-1777552032,2147483647,104458552,false,true,false,TRIANGLE
1122294592,-2147483648,true,1122294592,2147483647,false,1122294592,1066391438,false	00000000c2e4db40ffffffffc2e4db40bf8fd78ec2e4db4080000008	1122294592,-2147483648,1122294592,2147483647,1122294592,1066391438,true,false,false,TRIANGLE
1479740070,472696478,true,2147483647,-2147483648,false,2147483647,2147483647,false	00000000d8330aa6ffffffffffffffff9c2cc69effffffff8000000d	1479740070,472696478,2147483647,-2147483648,2147483647,2147483647,true,false,false,TRIANGLE
-2147483648,2147483647,false,-2147483648,2147483647,true,1269509366,-2147483648,false	0000000000000000ffffffffcbab2cf6ffffffff0000000080000012	-2147483648,2147483647,1269509366,-2147483648,-2147483648,2147483647,true,true,false,LINE
-2147483648,-1378536408,false,-1046824754,2147483647,true,-1046824056,-939757896,true	2dd5342800000000ffffffff419abb8847fc6eb8419ab8ce8000001f	-2147483648,-1378536408,-1046824056,-939757896,-1046824754,2147483647,true,true,false,TRIANGLE
303611592,-2147483648,false,444190570,-2147483648,false,-632705084,386988081,true	000000005a49afc49710f8319a79cf6a000000009218bec88000000a	-632705084,386988081,303611592,-2147483648,444190570,-2147483648,true,false,false,TRIANGLE
986475470,1102344699,false,2147483647,2147483647,false,986475055,2147483647,false	c1b471fbbacc6a2fffffffffffffffffffffffffbacc6bce80000006	986475055,2147483647,986475470,1102344699,2147483647,2147483647,false,false,false,TRIANGLE
-2147483648,-1641383879,true,1009199017,-177213556,false,2147483647,-1641383666,true	1e2a783900000000756fef8cffffffff1e2a790ebc2727a980000027	-2147483648,-1641383879,2147483647,-1641383666,1009199017,-177213556,false,false,true,TRIANGLE
-451133113,-2147483648,false,-1753735085,2147483647,true,-451132970,1272259456,true	0000000017782053ffffffff651c41d6cbd52380651c41478000003e	-1753735085,2147483647,-451133113,-2147483648,-451132970,1272259456,true,true,true,TRIANGLE
-538709239,2147483647,false,1370638909,-2147483648,true,-869502146,1321257903,true	000000004c2c733effffffffd1b24a3dcec0cbaf5fe3f30980000025	-869502146,1321257903,1370638909,-2147483648,-538709239,2147483647,false,false,true,TRIANGLE
-1673830912,1281018393,false,-1673830912,1281018393,false,-1673830912,1281018393,true	cc5aca191c3b5e00cc5aca191c3b5e00cc5aca191c3b5e0080000020	-1673830912,1281018393,-1673830912,1281018393,-1673830912,1281018393,false,false,true,POINT
-742293590,-1821606435,false,-395324845,1890903503,false,2147483647,-59291911,false	136c7ddd53c17faaf0b4e5cfffffffff7c7746f9686fd25380000007	-742293590,-1821606435,2147483647,-59291911,-395324845,1890903503,false,false,false,TRIANGLE
-697665786,1520797942,false,-697665786,1520797708,true,-697665786,-1283496806,false	337f649a566a7706daa588f6566a7706daa5880c566a770680000020	-697665786,-1283496806,-697665786,1520797942,-697665786,1520797708,false,false,true,TRIANGLE
748484517,-547306330,false,2147483647,-2147483648,false,-952235547,1088993005,false	00000000473e09e5c0e8b6edffffffff5f60c4a6ac9cf7a580000003	-952235547,1088993005,2147483647,-2147483648,748484517,-547306330,false,false,false,TRIANGLE
-861443569,1848744279,true,-2147483648,2147483647,false,220784791,1848743127,true	ee3194d700000000ffffffff8d28e897ee3199574ca76a0f8000001a	-2147483648,2147483647,-861443569,1848744279,220784791,1848743127,true,true,false,TRIANGLE
-2147483648,-1912959614,false,2147483647,-2007003004,true,2147483647,2147483647,true	085f908400000000ffffffffffffffff0dfa8d82ffffffff80000035	-2147483648,-1912959614,2147483647,-2007003004,2147483647,2147483647,false,true,true,TRIANGLE
1327057453,-684490233,true,366597929,1743232346,true,2147483647,926676338,true	5733820795d9d729e7e79d5affffffffb73bf572cf194a2d8000003e	366597929,1743232346,1327057453,-684490233,2147483647,926676338,true,true,true,TRIANGLE
2147483647,1879735981,false,2147483647,1879735981,true,-177428223,-2147483648,true	00000000756ca901f00a7eadfffffffff00a7eadffffffff80000028	-177428223,-2147483648,2147483647,1879735981,-177428223,-2147483648,true,false,true,LINE
1287622071,-1323913231,false,-2123714018,-1323911940,false,1287622108,-1323912661,true	3116aff1016ab21e3116b4fcccbf8ddc3116b22bccbf8db78000001e	-2123714018,-1323911940,1287622071,-1323913231,1287622108,-1323912661,true,true,false,TRIANGLE
1870852623,1836514558,true,1963753537,2147483647,false,1870852915,-1043634238,false	41cb67c2ef82f20ffffffffff50c8041ed76fcfeef82f33380000024	1870852623,1836514558,1870852915,-1043634238,1963753537,2147483647,false,false,true,TRIANGLE
-3447453,1187001645,true,-1023458289,1187001680,false,1453267966,-1703951227,false	1a6fc48542ff440fc6c03550d69f1bfec6c0352d7fcb656380000023	-1023458289,1187001680,1453267966,-1703951227,-3447453,1187001645,false,false,true,TRIANGLE
2147483647,-219367040,true,-1148152159,431083690,false,898994216,431083592,false	72ecb9803b9096a199b1d0aaffffffff99b1d048b595902880000003	-1148152159,431083690,2147483647,-219367040,898994216,431083592,false,false,false,TRIANGLE
1086546421,-604428179,true,1086546420,-604429082,false,1086545501,-2147483648,false	00000000c0c35e5d5bf9286dc0c361f55bf924e6c0c361f480000010	1086545501,-2147483648,1086546421,-604428179,1086546420,-604429082,false,true,false,TRIANGLE
210584020,190722413,true,210584020,-1258441855,true,210584020,190722602,true	34fdb3818c8d41d48b5e322a8c8d41d48b5e316d8c8d41d480000038	210584020,-1258441855,210584020,190722602,210584020,190722413,true,true,true,TRIANGLE
2147483647,2147483647,true,2147483647,2147483647,false,2147483647,1536687559,false	db97fdc7ffffffffffffffffffffffffffffffffffffffff80000010	2147483647,1536687559,2147483647,2147483647,2147483647,1536687559,false,true,false,LINE
996456093,-986625629,true,1721351923,2147483647,false,996455247,-986625630,false	453149a2bb64b34fffffffffe699bef3453149a3bb64b69d80000011	996455247,-986625630,996456093,-986625629,1721351923,2147483647,false,true,false,TRIANGLE
2147483647,-2147483648,false,-802730637,-2147483648,true,-802730637,-2105481873,true	0000000050274d730280e56fffffffff0000000050274d7380000022	-802730637,-2105481873,-802730637,-2147483648,2147483647,-2147483648,false,false,true,TRIANGLE
2147483647,2147483647,true,28057570,-801319093,false,-2147483648,-1925524644,false	0d3ad35c00000000ffffffffffffffff503cd74b81ac1fe280000019	-2147483648,-1925524644,28057570,-801319093,2147483647,2147483647,true,true,false,TRIANGLE
-2147483648,-2147483648,true,-1072287051,163468821,true,-2147483648,-21504070,false	000000000000000089be5615401632b57eb7dfba0000000080000018	-2147483648,-2147483648,-1072287051,163468821,-2147483648,-21504070,true,true,false,TRIANGLE
-2147483648,1508608597,false,-1446847140,-1663121133,true,-1446845881,691978382,true	1cdec91300000000d9eb8a5529c2e247a93ec08e29c2dd5c80000036	-2147483648,1508608597,-1446847140,-1663121133,-1446845881,691978382,false,true,true,TRIANGLE
-1126581141,2147483647,true,2147483647,-464300927,true,2147483647,-2147483648,true	000000003cd9bc6bffffffffffffffff64535481ffffffff8000003b	-1126581141,2147483647,2147483647,-2147483648,2147483647,-464300927,true,true,true,TRIANGLE
909348235,-707648816,false,909348235,-707648816,false,909348235,-707648816,true	55d222d0b6338d8b55d222d0b6338d8b55d222d0b6338d8b80000020	909348235,-707648816,909348235,-707648816,909348235,-707648816,false,false,true,POINT
-712460872,-761156894,false,-2147483648,2147483647,true,1220758087,541239241,true	52a1aae200000000ffffffffc8c34a47a042a7c95588b5b88000003e	-2147483648,2147483647,-712460872,-761156894,1220758087,541239241,true,true,true,TRIANGLE
2147483647,1456578135,false,-233410541,2147483647,false,1224369858,1456577976,true	d6d19db872167013ffffffffffffffffd6d19e57c8fa66c280000016	-233410541,2147483647,1224369858,1456577976,2147483647,1456578135,false,true,false,TRIANGLE
2147483647,932493747,true,2147483647,932494308,true,2147483647,2147483647,false	b794b9b3ffffffffffffffffffffffffb794bbe4ffffffff80000019	2147483647,932493747,2147483647,932494308,2147483647,2147483647,true,true,false,TRIANGLE
596774562,-1629389133,true,-1720758968,-1629389205,true,-2147483648,-1629388418,false	1ee17e6b000000001ee1817ea3920ea21ee17eb3196f4d488000001e	-2147483648,-1629388418,-1720758968,-1629389205,596774562,-1629389133,true,true,false,TRIANGLE
-126082168,205539153,true,422626227,2147483647,false,770023149,205538614,false	8c404536787c2388ffffffffade59eed8c4047519930c3b380000025	-126082168,205539153,770023149,205538614,422626227,2147483647,false,false,true,TRIANGLE
166160459,-1170310176,false,2147483647,2147483647,false,166159964,-1170311066,false	3a3e786689e7665cffffffffffffffff3a3e7be089e7684b80000000	166159964,-1170311066,2147483647,2147483647,166160459,-1170310176,false,false,false,TRIANGLE
879316281,2147483647,false,879316281,2147483647,true,-1683273931,-2147483648,true	000000001bab4735ffffffffb4694d39ffffffffb4694d3980000028	-1683273931,-2147483648,879316281,2147483647,-1683273931,-2147483648,true,false,true,LINE
-476407666,2147483647,false,-977614744,-990086428,true,-977614598,-990086131,true	44fc7ae445bac868ffffffff639a988e44fc7c0d45bac8fa80000019	-977614744,-990086428,-977614598,-990086131,-476407666,2147483647,true,true,false,TRIANGLE
-2147483648,-2142199788,true,1902337471,-2142199784,true,1902337474,2147483647,false	0050a01400000000fffffffff1635dc20050a018f1635dbf80000019	-2147483648,-2142199788,1902337471,-2142199784,1902337474,2147483647,true,true,false,TRIANGLE
2147483647,-1364870999,false,-2147483648,-1364870750,false,-112991330,-1364871000,true	2ea5b8a8000000002ea5b9a2ffffffff2ea5b8a97943e39e80000016	-2147483648,-1364870750,-112991330,-1364871000,2147483647,-1364870999,false,true,false,TRIANGLE
1623955410,-1762246635,true,2147483647,1302888919,true,1623955410,2147483647,false	16f64015e0cb97d2ffffffffffffffffcda881d7e0cb97d28000001f	1623955410,-1762246635,2147483647,1302888919,1623955410,2147483647,true,true,false,TRIANGLE
-2147483648,1520031241,true,-1820704576,1520030447,true,-1820704411,-773501348,false	51e54e5c00000000da99d609137a4165da99d2ef137a40c08000003b	-2147483648,1520031241,-1820704411,-773501348,-1820704576,1520030447,true,true,true,TRIANGLE
-923201084,2147483647,true,-923200469,56926651,false,-923200222,-525076447,true	60b3f82148f911c4ffffffff48f915228364a1bb48f9142b8000002a	-923201084,2147483647,-923200469,56926651,-923200222,-525076447,true,false,true,TRIANGLE
1790416910,1661030756,true,1790416910,1661030756,true,-1073094455,1694041550,false	e30151644009e0c9e4f905ceeab7980ee3015164eab7980e80000033	-1073094455,1694041550,1790416910,1661030756,-1073094455,1694041550,true,true,true,LINE
2147483647,1995417959,true,2147483647,1995417788,false,2147483647,1995417960,false	f6efa8bcfffffffff6efa968fffffffff6efa967ffffffff80000020	2147483647,1995417788,2147483647,1995417960,2147483647,1995417959,false,false,true,TRIANGLE
2119122879,911056826,false,2027663925,911056130,true,-2147483648,2147483647,false	b64d9d0200000000fffffffffe4f3fbfb64d9fbaf8dbb23580000006	-2147483648,2147483647,2027663925,911056130,2119122879,911056826,false,false,false,TRIANGLE
280951421,2147483647,true,280951050,-828348605,true,-166790576,-828348951,false	4ea065e9760efa50ffffffff90befa7d4ea0674390bef90a80000019	-166790576,-828348951,280951050,-828348605,280951421,2147483647,true,true,false,TRIANGLE
-1807514117,2147483647,true,-1807514463,2147483647,false,-1807514181,1427811464,true	d51aac88144384a1ffffffff144385fbffffffff144385bb80000036	-1807514463,2147483647,-1807514181,1427811464,-1807514117,2147483647,false,true,true,TRIANGLE
1763369305,1967791385,false,-2147483648,2147483647,false,716823010,1967790562,false	f54a19e200000000ffffffffe91ae159f54a1d19aab9d9e280000006	-2147483648,2147483647,716823010,1967790562,1763369305,1967791385,false,false,false,TRIANGLE
-404264048,-116618179,false,-404263714,-116618179,true,-404264049,-2147483648,true	0000000067e76b8f790c8c3d67e76cde790c8c3d67e76b9080000020	-404264049,-2147483648,-404263714,-116618179,-404264048,-116618179,false,false,true,TRIANGLE
2147483647,-2015791950,false,2147483647,-2015791950,false,2147483647,-2015791950,true	07d974b2ffffffff07d974b2ffffffff07d974b2ffffffff80000020	2147483647,-2015791950,2147483647,-2015791950,2147483647,-2015791950,false,false,true,POINT
-2147483648,-2147483648,false,-1780115432,-2147483648,false,-1780115985,678767009,true	0000000000000000a87529a115e598180000000015e595ef80000027	-2147483648,-2147483648,-1780115432,-2147483648,-1780115985,678767009,false,false,true,TRIANGLE
-1591301613,-726525911,true,-1591301546,-2147483648,false,-1591301550,-726526599,false	000000002126aa1354b218292126aa5654b215792126aa528000000b	-1591301613,-726525911,-1591301546,-2147483648,-1591301550,-726526599,true,false,false,TRIANGLE
-1224384677,233899246,true,-2012733943,-2147483648,true,-615410452,233898551,true	0000000008081e098df104ee5b5194ec8df1023737055f5b8000003f	-2012733943,-2147483648,-615410452,233898551,-1224384677,233899246,true,true,true,TRIANGLE
813646790,1294945703,false,813646790,2147483647,false,813646790,1294946556,true	cd2f4da7b07f43c6ffffffffb07f43c6cd2f50fcb07f43c680000020	813646790,1294945703,813646790,2147483647,813646790,1294946556,false,false,true,TRIANGLE
-2147483648,149288969,false,-2147483648,-191580410,true,378765982,-2147483648,false	000000000000000088e5f8099693829e7494b7060000000080000012	-2147483648,149288969,-2147483648,-191580410,378765982,-2147483648,false,true,false,TRIANGLE
2055647296,-1179011036,false,2055647904,-40306428,false,2055647294,-1346578658,false	2fbcd71efa86b03e7d98f904fa86b2a039b9b824fa86b04080000000	2055647294,-1346578658,2055647904,-40306428,2055647296,-1179011036,false,false,false,TRIANGLE
-1564306613,-180969889,false,-1564306613,-180969889,true,-1267444745,-2147483648,false	0000000022c2934b75369e5f347453f775369e5f22c2934b80000012	-1564306613,-180969889,-1267444745,-2147483648,-1564306613,-180969889,true,true,false,LINE
-1118368858,2147483647,false,-1118368858,957268579,false,-1118368855,957268578,true	b90ec2623d570ba6ffffffff3d570ba9b90ec2633d570ba680000022	-1118368858,2147483647,-1118368858,957268579,-1118368855,957268578,false,false,true,TRIANGLE
1282631871,246332148,true,1282632162,-2147483648,false,-299670017,1643306701,false	000000006e2365ffe1f2decdcc7369e28eaebaf4cc7368bf8000001b	-299670017,1643306701,1282632162,-2147483648,1282631871,246332148,true,true,false,TRIANGLE
651772092,362108278,false,651771087,320911987,true,651771611,362107974,true	9320ba73a6d93ccf95955576a6d940bc95955446a6d93edb80000038	651771087,320911987,651772092,362108278,651771611,362107974,true,true,true,TRIANGLE
2147483647,2147483647,false,-1996013023,827645063,false,-230230056,-593738550,true	5c9c44ca09074221ffffffffffffffffb154dc877246f7d880000014	-1996013023,827645063,-230230056,-593738550,2147483647,2147483647,false,true,false,TRIANGLE
1113979752,204753731,false,1113980632,1665579449,true,-1748912668,2147483647,true	8c344b4317c1b5e4ffffffffc265fed8e346b9b9c265fb688000002e	-1748912668,2147483647,1113979752,204753731,1113980632,1665579449,true,false,true,TRIANGLE
2147483647,-1391376962,true,1422832560,-1006985572,true,1422832853,-2147483648,false	00000000d4ceb3b043fa9e9cffffffff2d1145bed4ceb4d58000002e	1422832560,-1006985572,1422832853,-2147483648,2147483647,-1391376962,true,false,true,TRIANGLE
-1742815790,-1877369174,true,-1742815790,-1877369174,false,2147483647,1186551029,false	10199eaa181ebdd2c6b954f5ffffffff10199eaa181ebdd280000009	-1742815790,-1877369174,2147483647,1186551029,-1742815790,-1877369174,false,false,false,LINE
-166883379,596153380,false,-166883379,596153978,false,-166883379,2014452101,true	a3889424760d8fcdf8121985760d8fcda388967a760d8fcd80000021	-166883379,596153380,-166883379,596153978,-166883379,2014452101,false,false,true,TRIANGLE
1223865812,1145287739,false,-2032262314,-1697142297,true,-1243076921,2051484203,true	1ad7a9e706de2356fa472a2bc8f2b5d4c443b43b35e826c78000003f	-2032262314,-1697142297,1223865812,1145287739,-1243076921,2051484203,true,true,true,TRIANGLE
2147483647,-388705747,false,990926090,-388705303,true,990925559,-388705750,true	68d4d22abb1052f768d4d3e9ffffffff68d4d22dbb10550a8000002f	990925559,-388705750,2147483647,-388705747,990926090,-388705303,true,false,true,TRIANGLE
-2147483648,618872180,false,-30954902,-994473498,true,-2147483648,303345739,false	44b989e600000000a4e33d747e27aa6a9214b04b000000008000001a	-2147483648,618872180,-2147483648,303345739,-30954902,-994473498,true,true,false,TRIANGLE
-2147483648,2147483647,true,1659510394,-2147483648,false,-1425594062,-547617730,false	0000000000000000ffffffffe2ea1e7a5f5c043e2b07293280000022	-2147483648,2147483647,-1425594062,-547617730,1659510394,-2147483648,false,false,true,TRIANGLE
2147483647,1042861484,false,746027061,1042861484,true,-1322770300,-2147483648,false	0000000031282084be28cdacffffffffbe28cdacac77783580000020	-1322770300,-2147483648,2147483647,1042861484,746027061,1042861484,false,false,true,TRIANGLE
-1604001589,1719631880,false,-1604001589,1719631880,false,-1604001589,1719631880,true	e67f80082064e0cbe67f80082064e0cbe67f80082064e0cb80000020	-1604001589,1719631880,-1604001589,1719631880,-1604001589,1719631880,false,false,true,POINT
342663667,-1282353311,false,2147483647,-2147483648,true,342662931,2147483647,false	00000000946c9f13ffffffffffffffff3390d761946ca1f380000022	342662931,2147483647,342663667,-1282353311,2147483647,-2147483648,false,false,true,TRIANGLE
-55046888,-400124477,true,-55047001,-400124649,true,-1418393031,-400124286,true	682695172b750a39682696827cb80d18682695c37cb80ca78000003e	-1418393031,-400124286,-55047001,-400124649,-55046888,-400124477,true,true,true,TRIANGLE
-515040697,2147483647,true,-515040399,-768619355,false,-515041108,2147483647,false	522fcca5614d18acffffffff614d1b71ffffffff614d1a478000001b	-515041108,2147483647,-515040399,-768619355,-515040697,2147483647,true,true,false,TRIANGLE
2147483647,-357679687,true,2147483647,-357679543,true,2147483647,-357680530,false	6aae3a6effffffff6aae3e49ffffffff6aae3db9ffffffff80000031	2147483647,-357680530,2147483647,-357679687,2147483647,-357679543,false,true,true,TRIANGLE
-1767787853,653387567,true,-1767787853,653387741,true,-1767787853,-2147483648,false	0000000016a1b2b3a6f1e7dd16a1b2b3a6f1e72f16a1b2b380000031	-1767787853,-2147483648,-1767787853,653387567,-1767787853,653387741,false,true,true,TRIANGLE
2147483647,-2147483648,true,35598489,-2147483648,false,35599164,-939251401,true	00000000821f309948042937ffffffff00000000821f333c8000001f	35598489,-2147483648,2147483647,-2147483648,35599164,-939251401,true,true,false,TRIANGLE
-2147483648,-1168501403,true,-2147483648,-1168501403,false,-782897130,-1258781801,false	34f88397000000003a5a15655155f0163a5a1565000000008000000a	-2147483648,-1168501403,-782897130,-1258781801,-2147483648,-1168501403,false,false,false,LINE
42911487,2147483647,true,-1384007849,-1664064781,true,2147483647,2147483647,true	1cd062f32d81b757ffffffffffffffffffffffff828ec6ff80000038	-1384007849,-1664064781,2147483647,2147483647,42911487,2147483647,true,true,true,TRIANGLE
-2147483648,-2147483648,true,-2147483648,797316349,false,409520904,-796400460,true	0000000000000000af8614fd9868cb085087e4b40000000080000027	-2147483648,-2147483648,409520904,-796400460,-2147483648,797316349,false,false,true,TRIANGLE
1133437623,360006677,true,2147483647,-2147483648,false,1133438331,-2147483648,false	00000000c38ee2b795754415ffffffff00000000c38ee57b80000022	1133437623,360006677,1133438331,-2147483648,2147483647,-2147483648,false,false,true,TRIANGLE
-813854095,1998383217,false,1941960648,1998382905,false,2147483647,1999663920,false	f71ce7394f7d9271f7307330fffffffff71ce871f3bff7c880000004	-813854095,1998383217,1941960648,1998382905,2147483647,1999663920,false,false,false,TRIANGLE
1933802101,-1723772156,false,1933802832,-2147483648,false,1444481395,-2147483648,true	00000000d619097319415304f3437d5000000000f3437a7580000027	1444481395,-2147483648,1933802832,-2147483648,1933802101,-1723772156,false,false,true,TRIANGLE
2147483647,-587714703,false,2147483647,2147483647,true,497003169,-587714659,true	5cf82f719d9faaa1ffffffffffffffff5cf82f9dffffffff8000002d	497003169,-587714659,2147483647,-587714703,2147483647,2147483647,true,false,true,TRIANGLE
-1378887682,2147483647,true,-1378887682,2147483647,false,-1378887524,1334522839,true	cf8b33d72dcfd7feffffffff2dcfd89cffffffff2dcfd7fe8000002a	-1378887682,2147483647,-1378887524,1334522839,-1378887682,2147483647,true,false,true,LINE
2147483647,-363758951,true,2147483647,-363758271,false,-1218761165,-363759214,false	6a517992375b2e336a517d41ffffffff6a517a99ffffffff80000011	-1218761165,-363759214,2147483647,-363758951,2147483647,-363758271,false,true,false,TRIANGLE
1146012,-1641629235,true,1146012,-1641629235,true,1146012,-1641629234,true	1e26b9cd80117c9c1e26b9ce80117c9c1e26b9cd80117c9c80000039	1146012,-1641629235,1146012,-1641629234,1146012,-1641629235,true,true,true,LINE
-1317809687,2147483647,false,-739067036,-2147483648,true,-75974190,2147483647,true	000000003173d1e9ffffffff7b78b9d2ffffffff53f2bb6480000036	-1317809687,2147483647,-739067036,-2147483648,-75974190,2147483647,false,true,true,TRIANGLE
435108562,-2147483648,true,-1356902632,2147483647,false,637177915,-2007140997,false	000000002f1f4f18ffffffffa5fa903b085d757b99ef3ad280000006	-1356902632,2147483647,435108562,-2147483648,637177915,-2007140997,false,false,false,TRIANGLE
553055015,1494943325,false,553054842,1649253794,false,553054191,72748248,true	84560cd8a0f6efefe24d9da2a0f6f327d91b065da0f6f27a8000000f	553054191,72748248,553055015,1494943325,553054842,1649253794,true,false,false,TRIANGLE
-89954889,-1002165082,true,2147483647,-2147483648,false,-614489934,-1002165851,false	000000005b5fa0b244442ca6ffffffff444429a57aa365b78000001d	-614489934,-1002165851,2147483647,-2147483648,-89954889,-1002165082,true,true,false,TRIANGLE
-1276671807,-2147483648,true,-1276671807,-2147483648,true,-1276671807,-2147483648,false	0000000033e788c10000000033e788c10000000033e788c180000018	-1276671807,-2147483648,-1276671807,-2147483648,-1276671807,-2147483648,true,true,false,POINT
387280022,-1386069557,true,-2147483648,1314629705,true,487569237,-1575327379,false	221a696d00000000ce5ba8499d0fb7552d6241cb97156c968000002b	-2147483648,1314629705,487569237,-1575327379,387280022,-1386069557,true,false,true,TRIANGLE
282333429,1754423787,true,282333432,2147483647,true,282333123,1734883459,false	e768388390d40fc3ffffffff90d410f8e89261eb90d410f580000031	282333123,1734883459,282333429,1754423787,282333432,2147483647,false,true,true,TRIANGLE
-2147483648,-322341196,true,1493815469,-201121688,false,-2147483648,-322340851,false	6cc976b40000000074032068d909d0ad6cc9780d0000000080000008	-2147483648,-322341196,1493815469,-201121688,-2147483648,-322340851,true,false,false,TRIANGLE
352893169,-1965958615,false,2147483647,-1965958612,false,352893169,1706160652,true	0ad1da299508b8f1e5b1f20cffffffff0ad1da2c9508b8f180000027	352893169,-1965958615,2147483647,-1965958612,352893169,1706160652,false,false,true,TRIANGLE
2056002212,-1896826551,true,1505607065,-1712078858,true,2056002625,-2072672574,true	047586c2d9bdbd9919f3bff6fa8c1c410ef0b949fa8c1aa48000003b	1505607065,-1712078858,2056002625,-2072672574,2056002212,-1896826551,true,true,true,TRIANGLE
-1501710432,-2007806308,false,-1501710432,-2007806098,true,-1501710432,-2007807080,false	08534b98267db7a008534f6e267db7a008534e9c267db7a080000021	-1501710432,-2007807080,-1501710432,-2007806308,-1501710432,-2007806098,false,false,true,TRIANGLE
616484061,-632750540,false,616484061,-632750540,true,2147483647,-632750356,false	5a48fe34a4beccdd5a48feecffffffff5a48fe34a4beccdd80000011	616484061,-632750540,2147483647,-632750356,616484061,-632750540,true,true,false,LINE
2080586725,747158075,true,2147483647,949186252,false,2080586466,949185325,false	ac88ba3bfc033ae2b8936eccffffffffb8936b2dfc033be580000014	2080586466,949185325,2080586725,747158075,2147483647,949186252,false,true,false,TRIANGLE
2147483647,-355906750,false,-895593073,213512773,false,-895593603,-11234776,false	6ac94b424a9e537d8cb9f245ffffffff7f5492284a9e558f80000005	-895593603,-11234776,2147483647,-355906750,-895593073,213512773,false,false,false,TRIANGLE
736279226,-1919463337,true,-1905798188,-1919463849,true,-2092020917,-438410877,true	0d974e57034e4b4b65de6183abe2baba0d9750570e67d3d48000003e	-2092020917,-438410877,-1905798188,-1919463849,736279226,-1919463337,true,true,true,TRIANGLE
-1255039941,2147483647,false,181917839,2090717039,false,-1255039515,2090716833,false	fc9dcea135319c3bffffffff8ad7d88ffc9dcf6f35319de580000006	-1255039941,2147483647,-1255039515,2090716833,181917839,2090717039,false,false,false,TRIANGLE
-92821620,265238138,false,79112111,-2147483648,true,-1145706347,1293764829,false	000000003bb5e895cd1d48dd84b727af8fcf367a7a77a78c80000003	-1145706347,1293764829,79112111,-2147483648,-92821620,265238138,false,false,false,TRIANGLE
503100533,1163436175,true,-2147483648,2147483647,false,-1106774218,1163436177,false	c558a08f00000000ffffffff9dfcb475c558a0913e07f73680000022	-2147483648,2147483647,-1106774218,1163436177,503100533,1163436175,false,false,true,TRIANGLE
28456361,1855929269,true,28456361,1855929269,true,28456365,249302285,false	8edc0d0d81b235a9ee9f3bb581b235adee9f3bb581b235a98000001a	28456361,1855929269,28456365,249302285,28456361,1855929269,true,true,false,LINE
-2041477514,-1661428796,true,1208362233,-1661429372,false,-889181215,-1661428792,true	1cf89984065186761cf89bc8c80624f91cf89bc44b002be18000002d	-2041477514,-1661428796,1208362233,-1661429372,-889181215,-1661428792,true,false,true,TRIANGLE
2147483647,-1051366566,true,-1614641661,-1051366004,true,-2147483648,1513312156,false	41556b5a00000000da334f9cffffffff41556d8c1fc286038000001a	-2147483648,1513312156,-1614641661,-1051366004,2147483647,-1051366566,true,true,false,TRIANGLE
-1760826712,-1432556401,true,-1760826712,2147483647,true,-1760826712,117280625,true	2a9cec8f170beaa8ffffffff170beaa886fd8f71170beaa880000038	-1760826712,-1432556401,-1760826712,2147483647,-1760826712,117280625,true,true,true,TRIANGLE
-2004545154,-2147483648,false,-2055950364,-2147483648,false,2147483647,-62497251,true	000000000574afe47c465e1dffffffff000000000885117e80000019	-2055950364,-2147483648,-2004545154,-2147483648,2147483647,-62497251,true,true,false,TRIANGLE
-1132594800,-1885648718,true,2147483647,-1885648068,true,-100785641,-1885648958,true	0f9b47c23c7df9900f9b4b3cffffffff0f9b48b279fe22178000003c	-1132594800,-1885648718,-100785641,-1885648958,2147483647,-1885648068,true,true,true,TRIANGLE
2147483647,789020530,true,1232488626,789020191,true,2147483647,789020247,false	af077e1fc97648b2af077f72ffffffffaf077e57ffffffff80000029	1232488626,789020191,2147483647,789020247,2147483647,789020530,true,false,true,TRIANGLE
1974237093,-2147483648,true,1974237093,-2147483648,false,1974237093,-2147483648,false	00000000f5ac77a500000000f5ac77a500000000f5ac77a580000008	1974237093,-2147483648,1974237093,-2147483648,1974237093,-2147483648,true,false,false,POINT
-529875245,-2147483648,true,-1388285722,431201097,false,-2147483648,-2147483648,true	000000000000000099b39b49606abed3000000002d4070e68000001f	-2147483648,-2147483648,-529875245,-2147483648,-1388285722,431201097,true,true,false,TRIANGLE
-476995443,858272367,true,2147483647,2147483647,false,2147483647,-516088471,false	613d1d696391a08dffffffffffffffffb328326fffffffff80000025	-476995443,858272367,2147483647,-516088471,2147483647,2147483647,false,false,true,TRIANGLE
-2147483648,-1840276459,false,-1801332812,-1840275618,false,2147483647,-2147483648,true	0000000000000000124f9f5effffffff124f9c1514a1d7b480000005	-2147483648,-1840276459,2147483647,-2147483648,-1801332812,-1840275618,false,false,false,TRIANGLE
1379059326,-2147483648,true,1462260720,458788073,false,1729059654,458788785,false	00000000d232c67e9b588fb1e70f5b469b588ce9d72853f080000020	1379059326,-2147483648,1729059654,458788785,1462260720,458788073,false,false,true,TRIANGLE
1108008817,-245945800,false,2147483647,2147483647,false,-2147483648,-413141490,true	675ff60e00000000ffffffffffffffff71572a38c20adf7180000009	-2147483648,-413141490,1108008817,-245945800,2147483647,2147483647,true,false,false,TRIANGLE
-1251882594,-695298367,false,1428574419,-184056033,true,1428574847,-3504927,false	568e96c13561c99e7fca84e1d526527f7507871fd52650d380000011	-1251882594,-695298367,1428574419,-184056033,1428574847,-3504927,false,true,false,TRIANGLE
-1675567189,1548037392,false,-1675567189,1548037392,true,-154889134,1548037377,true	dc452d011c20dfabdc452d1076c49452dc452d101c20dfab80000032	-1675567189,1548037392,-154889134,1548037377,-1675567189,1548037392,true,true,true,LINE
-2147483648,-2147483648,true,-1000592827,721186419,false,-2147483648,721186985,false	0000000000000000aafc70a9445c2a45aafc6e73000000008000000f	-2147483648,-2147483648,-1000592827,721186419,-2147483648,721186985,true,false,false,TRIANGLE
2147483647,-2147483648,false,-1655499049,-798653880,true,-1779445342,-2147483648,false	0000000015efd1a250658248ffffffff000000001d5316d780000027	-1779445342,-2147483648,2147483647,-2147483648,-1655499049,-798653880,false,false,true,TRIANGLE
-7100318,-1968886394,true,-2147483648,-1968886397,false,-7100545,-937221581,false	0aa52d8300000000482322337f93a8620aa52d867f93a77f80000007	-2147483648,-1968886397,-7100318,-1968886394,-7100545,-937221581,false,false,false,TRIANGLE
-203045444,2147483647,false,-26978274,1882148597,false,1599068644,2018008377,false	f02f4ef573e5c5bcffffffffdf4fd9e4f8485d397e64581e80000006	-203045444,2147483647,-26978274,1882148597,1599068644,2018008377,false,false,false,TRIANGLE
365623613,-2138596631,false,365624396,2147483647,true,1789076385,1292781019,true	00879ae995caf93dffffffffeaa323a1cd0e45db95cafc4c8000001f	365623613,-2138596631,1789076385,1292781019,365624396,2147483647,true,true,false,TRIANGLE
2147483647,-2147483648,false,-1730979138,2053918700,true,-1730979134,-2147483648,true	0000000018d35abefa6c4fecffffffff0000000018d35ac28000001a	-1730979138,2053918700,-1730979134,-2147483648,2147483647,-2147483648,true,true,false,TRIANGLE
76491462,2147483647,false,76491462,2147483647,true,-1810081615,-1032015858,false	427cb00e141c58b1ffffffff848f2ac6ffffffff848f2ac680000020	-1810081615,-1032015858,76491462,2147483647,-1810081615,-1032015858,true,false,true,LINE
2147483647,-651540685,false,2147483647,-2147483648,true,2147483647,1138550259,true	00000000ffffffffc3dce5f3ffffffff592a4733ffffffff80000018	2147483647,-2147483648,2147483647,1138550259,2147483647,-651540685,true,true,false,TRIANGLE
-2147483648,2147483647,false,-2147483648,-2147483648,true,207680138,-459907081,true	0000000000000000ffffffff8c60f28a64965ff70000000080000036	-2147483648,2147483647,-2147483648,-2147483648,207680138,-459907081,false,true,true,TRIANGLE
-1740205517,1874123103,true,1685160837,1874122459,true,-2147483648,1874123831,true	efb4d6db00000000efb4dc37e4718385efb4d95f184692338000003a	-2147483648,1874123831,-1740205517,1874123103,1685160837,1874122459,true,true,true,TRIANGLE
1632240576,963970445,false,1632240576,1744421954,false,1632240576,2147483647,false	b975058de14a03c0ffffffffe14a03c0e7f9c442e14a03c080000001	1632240576,963970445,1632240576,1744421954,1632240576,2147483647,false,false,false,TRIANGLE
1439806496,-875985882,false,1439806951,-146327504,true,2147483647,72508620,true	4bc98426d5d1b420845264ccffffffff77473830d5d1b5e780000018	1439806496,-875985882,2147483647,72508620,1439806951,-146327504,true,true,false,TRIANGLE
-1205477483,-1849063433,false,1786027632,-2147483648,false,383951457,2147483647,true	000000003825df95ffffffffea749e7011c987f796e2a26180000025	-1205477483,-1849063433,1786027632,-2147483648,383951457,2147483647,false,false,true,TRIANGLE
-748239494,2131420360,true,-748239494,2131420360,true,-748239494,2131420360,false	ff0ae4c85366c57aff0ae4c85366c57aff0ae4c85366c57a80000018	-748239494,2131420360,-748239494,2131420360,-748239494,2131420360,true,true,false,POINT
876574005,1644185723,false,-2147483648,2147483647,true,876573657,-2147483648,false	0000000000000000ffffffffb43f7535e200487bb43f73d98000000e	-2147483648,2147483647,876573657,-2147483648,876574005,1644185723,true,false,false,TRIANGLE
-971880100,1254285169,true,35049031,-329277728,false,-971880099,-329277727,false	6c5f9ee04612495ccac2df718216ce476c5f9ee14612495d80000022	-971880100,1254285169,-971880099,-329277727,35049031,-329277728,false,false,true,TRIANGLE
-2147483648,-1686062928,false,-1523140929,-747194387,false,-859341716,-1666875303,false	1b80b8b0000000005376b7ed4cc77c6c1ca580592536b6bf80000007	-2147483648,-1686062928,-859341716,-1666875303,-1523140929,-747194387,false,false,false,TRIANGLE
2147483647,794082859,false,1597590004,690253006,true,1597590004,-1434429458,false	2a8057eedf3949f4af54be2bffffffffa9246ccedf3949f480000020	1597590004,-1434429458,2147483647,794082859,1597590004,690253006,false,false,true,TRIANGLE
1926701760,2147483647,false,2147483647,2147483647,true,2147483647,-808003640,true	4fd6d7c8f2d722c0ffffffffffffffffffffffffffffffff8000001b	1926701760,2147483647,2147483647,-808003640,2147483647,2147483647,true,true,false,TRIANGLE
1578124253,12498617,true,-1947425389,1112551513,true,-598962596,-1082368435,false	3f7c5e4d0beca593c2503059de1043dd80beb6b95c4c8e5c8000002e	-1947425389,1112551513,-598962596,-1082368435,1578124253,12498617,true,false,true,TRIANGLE
739618063,-261439010,false,739618063,-261439010,false,-2147483648,-1418699517,false	2b705d0300000000706ac1deac15ad0f706ac1deac15ad0f80000000	-2147483648,-1418699517,739618063,-261439010,-2147483648,-1418699517,false,false,false,LINE
-792107953,1605805411,true,-792107953,-2147483648,true,-792107953,1605805415,true	0000000050c9644fdfb6a56750c9644fdfb6a56350c9644f80000038	-792107953,-2147483648,-792107953,1605805415,-792107953,1605805411,true,true,true,TRIANGLE
2147483647,1689638129,false,1264804555,-885291782,false,1264802958,-885292024,false	4b3b8408cb635c8ee4b5d4f1ffffffff4b3b84facb6362cb80000001	1264802958,-885292024,1264804555,-885291782,2147483647,1689638129,false,false,false,TRIANGLE
471991847,-95439394,false,-1406273113,-95438781,false,-1406273906,2147483647,true	7a4fb5de2c2df68effffffff9c2206277a4fb8432c2df9a780000022	-1406273906,2147483647,-1406273113,-95438781,471991847,-95439394,false,false,true,TRIANGLE
1257400924,-559663591,true,-752741351,-2147483648,false,-752742023,-1737513637,true	00000000532211795ea43619caf26a5c186fa55b532214198000003c	-752742023,-1737513637,-752741351,-2147483648,1257400924,-559663591,true,true,true,TRIANGLE
-1351752763,-1861462206,true,-2147483648,-1861462204,false,40466508,-2147483648,true	0000000000000000110c57448269784c110c57422f6de3c580000033	-2147483648,-1861462204,40466508,-2147483648,-1351752763,-1861462206,false,true,true,TRIANGLE
2087718786,-932950802,false,1596119449,1644209681,false,2147483647,2147483647,true	48644ceedf22d999ffffffffffffffffe200a611fc700f828000001c	1596119449,1644209681,2087718786,-932950802,2147483647,2147483647,true,true,false,TRIANGLE
1223664638,-1008726526,false,1223664638,-1008726526,false,2147483647,1957826240,true	43e00e02c8efa3fef4b20ec0ffffffff43e00e02c8efa3fe80000021	1223664638,-1008726526,2147483647,1957826240,1223664638,-1008726526,true,false,true,LINE
136372503,1824414143,false,136373364,1139878477,false,136373367,1139878479,true	c3f12a4d8820e117ecbe59bf8820e477c3f12a4f8820e47480000026	136372503,1824414143,136373364,1139878477,136373367,1139878479,false,false,true,TRIANGLE
-1050632176,-1621664856,true,2147483647,-2147483648,false,-1050633790,-1621664166,false	00000000416099c21f575e5affffffff1f575ba84160a01080000012	-1050633790,-1621664166,-1050632176,-1621664856,2147483647,-2147483648,false,true,false,TRIANGLE
2147483647,2147483647,false,808603374,-1662441185,true,1187366818,1339972578,true	1ce9291fb0324eeeffffffffffffffffcfde5be2c6c5c7a280000038	808603374,-1662441185,2147483647,2147483647,1187366818,1339972578,true,true,true,TRIANGLE
1148136259,2147483647,false,-403585419,2147483647,false,1148136803,-1934102820,false	0cb7eedc67f1c675ffffffffc46f2d63ffffffffc46f2b4380000003	-403585419,2147483647,1148136803,-1934102820,1148136259,2147483647,false,false,false,TRIANGLE
-24193717,1315835370,false,-24193717,-218472834,true,-24193717,2147483647,false	72fa5e7e7e8ed54bffffffff7e8ed54bce6e0dea7e8ed54b80000008	-24193717,-218472834,-24193717,2147483647,-24193717,1315835370,true,false,false,TRIANGLE
1667893631,2147483647,true,-2147483648,1568745299,false,1667894119,1568745299,false	dd81275300000000ffffffffe36a0b67dd812753e36a097f80000027	-2147483648,1568745299,1667894119,1568745299,1667893631,2147483647,false,false,true,TRIANGLE
22240119,-1182552089,true,22240119,-1182552089,true,22240119,-1182552089,true	3983afe781535b773983afe781535b773983afe781535b7780000038	22240119,-1182552089,22240119,-1182552089,22240119,-1182552089,true,true,true,POINT
1383487144,2147483647,true,1383488046,-163797260,false,1383488047,-1369258256,true	2e62c6f0d27656a8ffffffffd2765a2f763ca6f4d2765a2e80000023	1383487144,2147483647,1383488047,-1369258256,1383488046,-163797260,false,false,true,TRIANGLE
-1927805994,2147483647,true,-1927806745,2147483647,true,2147483647,868487141,false	b3c40fe50d1800e7ffffffffffffffffffffffff0d1803d68000002b	-1927806745,2147483647,2147483647,868487141,-1927805994,2147483647,true,false,true,TRIANGLE
-2147483648,-1665327560,false,-1973421104,95899120,true,-1973420328,913676406,true	1cbd1e3800000000b67598760a5ffed885b74df00a5ffbd080000031	-2147483648,-1665327560,-1973421104,95899120,-1973420328,913676406,false,true,true,TRIANGLE
-1579023055,-1328593422,true,965779679,-1328592625,true,-1966492656,-1328593422,false	30cf45f20ac9b41030cf490fb990a0df30cf45f221e2053180000031	-1966492656,-1328593422,-1579023055,-1328593422,965779679,-1328592625,false,true,true,TRIANGLE
-276262388,-2147483648,false,-1851770518,-204996315,true,-276262276,-204995748,true	0000000011a0396a73c8035c6f88927c73c801256f88920c8000003c	-1851770518,-204996315,-276262388,-2147483648,-276262276,-204995748,true,true,true,TRIANGLE
2147483647,-2147483648,true,604936468,1895961981,false,2147483647,1895961982,false	00000000a40e9914f102157efffffffff102157dffffffff80000005	604936468,1895961981,2147483647,-2147483648,2147483647,1895961982,false,false,false,TRIANGLE
-2147483648,2147483647,true,-2147483648,2147483647,false,-26095534,-1407318985,true	2c1e043700000000ffffffff7e71d052ffffffff000000008000002a	-2147483648,2147483647,-26095534,-1407318985,-2147483648,2147483647,true,false,true,LINE
2127043468,710021504,true,1032338921,2147483647,true,2127043044,710020789,true	aa520eb5bd883de9fffffffffec81b8caa521180fec819e48000003e	1032338921,2147483647,2127043044,710020789,2127043468,710021504,true,true,true,TRIANGLE
-617424253,-1294282586,false,-617424253,-1294282835,true,-617424253,155279336,false	32dacfad5b32da8389415fe85b32da8332dad0a65b32da8380000008	-617424253,-1294282835,-617424253,155279336,-617424253,-1294282586,true,false,false,TRIANGLE
1233702966,-191218117,false,2147483647,1904251834,true,1148993345,-191218657,false	749a3c1fc47c3f41f18093baffffffff749a3e3bc988d03680000021	1148993345,-191218657,1233702966,-191218117,2147483647,1904251834,false,false,true,TRIANGLE
-2147483648,-1716616444,true,-74972357,266282601,true,164642092,-1716617380,false	19ae7f5c000000008fdf266989d03d2c19ae83047b88033b8000003d	-2147483648,-1716616444,164642092,-1716617380,-74972357,266282601,true,true,true,TRIANGLE
183041833,443902529,true,183041834,-1874059526,false,1786678704,2147483647,false	104c1efa8ae8ff29ffffffffea7e8db09a756a418ae8ff2a8000000c	183041833,443902529,183041834,-1874059526,1786678704,2147483647,true,false,false,TRIANGLE
-2147483648,118737058,true,-404879642,-1683925843,true,-2147483648,-2029643578,false	070618c6000000008713c8a267de06e61ba154ad000000008000003e	-2147483648,118737058,-2147483648,-2029643578,-404879642,-1683925843,true,true,true,TRIANGLE
-2147483648,-176974880,false,-2147483648,-176974880,false,1251306571,-1046006267,false	41a7360500000000757393e0ca956c4b757393e00000000080000002	-2147483648,-176974880,1251306571,-1046006267,-2147483648,-176974880,false,false,false,LINE
-2147483648,-815368539,false,16430452,-815369477,false,-98782610,2147483647,false	4f6672fb00000000ffffffff80fab5744f6676a57a1cb26e80000005	-2147483648,-815368539,16430452,-815369477,-98782610,2147483647,false,false,false,TRIANGLE
-560612629,253024731,true,2040549352,253024730,false,2040549352,-1069511037,true	40408e835e95baeb8f14d9dbf9a04fe88f14d9daf9a04fe880000023	-560612629,253024731,2040549352,-1069511037,2040549352,253024730,false,false,true,TRIANGLE
2147483647,2147483647,false,821163363,715245785,false,821163363,715246517,false	aaa1c8d9b0f1f563ffffffffffffffffaaa1cbb5b0f1f56380000004	821163363,715246517,821163363,715245785,2147483647,2147483647,false,false,false,TRIANGLE
930527701,1438390761,true,930527875,-1393239682,true,482595179,-1393238813,true	2cf4d97e9cc3d16bd5bc19e9b776ba832cf4dce3b776b9d58000003d	482595179,-1393238813,930527875,-1393239682,930527701,1438390761,true,true,true,TRIANGLE
-1480569699,-666540126,true,2147483647,217947848,false,-1572821399,-666539826,false	584567a22240a6698cfd9ec8ffffffff584568ce27c04c9d80000014	-1572821399,-666539826,-1480569699,-666540126,2147483647,217947848,false,true,false,TRIANGLE
-1406074735,-1954542469,true,-1406074735,-1954541594,true,-1406074735,-1943974988,false	0b800c7b2c3100910c214bb42c3100910b800fe62c31009180000019	-1406074735,-1954542469,-1406074735,-1954541594,-1406074735,-1943974988,true,true,false,TRIANGLE
-1087151635,-1119318556,true,-1087151635,-1119318556,true,-1087151635,-1119318556,true	3d488de43f3361ed3d488de43f3361ed3d488de43f3361ed80000038	-1087151635,-1119318556,-1087151635,-1119318556,-1087151635,-1119318556,true,true,true,POINT
-999664012,-337717177,false,1758526674,-1679922180,false,1241651936,-337717601,true	1bde6bfc446a56746bded847e8d0fcd26bded69fca021ae080000023	-999664012,-337717177,1758526674,-1679922180,1241651936,-337717601,false,false,true,TRIANGLE
1651627434,-1142686332,false,1525980134,-2147483648,true,1525980134,-1142684772,true	00000000daf49be63be4039ce271d5aa3be3fd84daf49be680000026	1525980134,-1142684772,1525980134,-2147483648,1651627434,-1142686332,false,false,true,TRIANGLE
-464047122,2147483647,false,2076026543,-596848564,true,-536259776,1388471495,false	5c6cd04c60095340fffffffffbbda6afd2c264c7645733ee80000005	-536259776,1388471495,2076026543,-596848564,-464047122,2147483647,false,false,false,TRIANGLE
-2147483648,128364893,false,1951707200,2147483647,true,1951706648,128363927,false	87a6ad9700000000fffffffff454b04087a6b15df454ae188000001c	-2147483648,128364893,1951706648,128363927,1951707200,2147483647,true,true,false,TRIANGLE
218767067,-1138540655,true,218767403,-1138539530,false,218766516,-1138541115,true	3c233dc58d0a1cb43c2343f68d0a202b3c233f918d0a1edb80000019	218766516,-1138541115,218767067,-1138540655,218767403,-1138539530,true,true,false,TRIANGLE
1348067369,2147483647,true,1348067896,-1676826725,false,1680161772,575760094,true	1c0da79bd059e029ffffffffe4253beca25166ded059e2388000002e	1348067369,2147483647,1348067896,-1676826725,1680161772,575760094,true,false,true,TRIANGLE
-1936601559,2093200888,true,-1936601559,2093200888,false,-1936601882,2093200887,false	fcc3b5f70c91cce6fcc3b5f80c91ce29fcc3b5f80c91ce2980000010	-1936601882,2093200887,-1936601559,2093200888,-1936601882,2093200887,false,true,false,LINE
-2147483648,1717242902,true,-2147483648,-2147483648,false,-2098949067,43145869,false	0000000000000000e65b0c1602e4943582925a8d000000008000000e	-2147483648,1717242902,-2147483648,-2147483648,-2098949067,43145869,true,false,false,TRIANGLE
1889662774,1754604220,true,2147483647,-913944875,true,1889662775,-913944877,false	49864ed3f0a1f736e89522bcffffffff49864ed5f0a1f7378000003e	1889662774,1754604220,1889662775,-913944877,2147483647,-913944875,true,true,true,TRIANGLE
334227207,-2147483648,true,334227207,-442621090,false,334227207,-442622093,false	0000000093ebe707659e235e93ebe707659e1f7393ebe70780000008	334227207,-2147483648,334227207,-442621090,334227207,-442622093,true,false,false,TRIANGLE
1886189844,2147483647,true,169713181,566506754,false,-2147483648,566506824,true	a1c4350200000000fffffffff06cf914a1c435488a1d9e1d8000003c	-2147483648,566506824,169713181,566506754,1886189844,2147483647,true,true,true,TRIANGLE
-2023786361,2147483647,false,1564025413,2147483647,false,-1733052768,-58275863,false	7c86c7e9075f7887ffffffffdd392245ffffffff18b3b6a080000006	-2023786361,2147483647,-1733052768,-58275863,1564025413,2147483647,false,false,false,TRIANGLE
-1591156894,-2147483648,true,-2147483648,-2147483648,true,-1591157215,-304632507,false	00000000000000006dd7ad452128df62000000002128de2180000027	-2147483648,-2147483648,-1591156894,-2147483648,-1591157215,-304632507,false,false,true,TRIANGLE
1610339299,1314532334,false,1610339299,1314532334,true,1610339299,1816956005,false	ce5a2beedffbd3e3ec4c8c65dffbd3e3ce5a2beedffbd3e380000011	1610339299,1314532334,1610339299,1816956005,1610339299,1314532334,true,true,false,LINE
-2147483648,2147483647,true,-1998151337,-2147483648,false,-1998150495,1220140476,true	0000000000000000ffffffff08e6a4a1c8b9ddbc08e6a1578000002e	-2147483648,2147483647,-1998151337,-2147483648,-1998150495,1220140476,true,false,true,TRIANGLE
-158623183,-283476229,false,-303302621,619170093,false,2147483647,-1950679211,false	0bbaff556debf823a4e7c92dffffffff6f1a7efb768b9a3180000002	-303302621,619170093,-158623183,-283476229,2147483647,-1950679211,false,false,false,TRIANGLE
2147483647,-120509472,true,-1347189488,2147483647,false,2147483647,-120510154,true	78d129362fb38510ffffffffffffffff78d12be0ffffffff80000033	-1347189488,2147483647,2147483647,-120510154,2147483647,-120509472,false,true,true,TRIANGLE
1654524622,-1081628340,true,-2147483648,2147483647,false,2147483647,-1081627415,false	3f87a94c00000000ffffffffffffffff3f87ace9e29e0ace80000006	-2147483648,2147483647,1654524622,-1081628340,2147483647,-1081627415,false,false,false,TRIANGLE
2020610487,2147483647,false,2020610486,78792772,true,2111484912,78792353,true	84b246a1f87011b6fffffffffddab3f084b24844f87011b78000001d	2020610486,78792772,2111484912,78792353,2020610487,2147483647,true,true,false,TRIANGLE
1208781197,2147483647,true,1208782140,-1124538595,true,1208781201,823631350,true	3cf8e71dc80c898dffffffffc80c8d3cb1179df6c80c89918000003a	1208781197,2147483647,1208781201,823631350,1208782140,-1124538595,true,true,true,TRIANGLE
-1254568393,769575234,true,-1254568393,769575234,false,-1254568393,769575234,false	addec9423538ce37addec9423538ce37addec9423538ce3780000008	-1254568393,769575234,-1254568393,769575234,-1254568393,769575234,true,false,false,POINT
1502663468,-697619064,false,1502663734,706387249,false,1502663467,757403628,false	566b2d88d990d32bad250fecd990d436aa1a9d31d990d32c80000006	1502663467,757403628,1502663468,-697619064,1502663734,706387249,false,false,false,TRIANGLE
734230447,2147483647,true,-736624433,199119983,false,-736624534,199120680,false	8bde546f5418006affffffffabc377af8bde5728541800cf8000001c	-736624534,199120680,-736624433,199119983,734230447,2147483647,true,true,false,TRIANGLE
1139542946,-626998673,false,-835678955,-2147483648,true,1139543074,-646075277,false	000000004e308d155aa0c26fc3ec0c22597dac73c3ec0ba28000000f	-835678955,-2147483648,1139543074,-646075277,1139542946,-626998673,true,false,false,TRIANGLE
1983074271,-586796176,true,-2147483648,2147483647,true,1983074270,-586795588,false	5d06337000000000fffffffff6334fdf5d0635bcf6334fde80000023	-2147483648,2147483647,1983074271,-586796176,1983074270,-586795588,false,false,true,TRIANGLE
405420807,45460140,false,405421002,45459913,false,405421957,2147483647,true	82b5a9c9982a3b07ffffffff982a3f8582b5aaac982a3bca80000024	405420807,45460140,405421002,45459913,405421957,2147483647,false,false,true,TRIANGLE
-1098654675,-1709333458,false,-1098654429,-934399135,true,-1098654104,-2146690685,false	000c19833e83dc2d484e33613e83de681a1da42e3e83dd238000001d	-1098654675,-1709333458,-1098654104,-2146690685,-1098654429,-934399135,true,true,false,TRIANGLE
-100438682,1216867516,true,-100438682,1216867516,false,1770055187,1216867221,true	c887eb957a036d66c887ecbce980e613c887ecbc7a036d668000002a	-100438682,1216867516,1770055187,1216867221,-100438682,1216867516,true,false,true,LINE
756374073,1993864735,true,756374644,1993864834,true,-2147483648,1692324356,false	e4ded20400000000f6d7f682ad155c74f6d7f61fad155a3980000031	-2147483648,1692324356,756374073,1993864735,756374644,1993864834,false,true,true,TRIANGLE
-474790579,-181348895,true,-474789255,1994394584,true,-474789608,-181348894,true	7530d5e163b3454df6e00bd863b34a797530d5e263b3491880000039	-474790579,-181348895,-474789608,-181348894,-474789255,1994394584,true,true,true,TRIANGLE
-1388263631,98614061,false,2147483647,98613166,true,2147483647,98614061,true	85e0b7ae2d40c73185e0bb2dffffffff85e0bb2dffffffff80000033	-1388263631,98614061,2147483647,98613166,2147483647,98614061,false,true,true,TRIANGLE
-961552695,-917679654,true,-961552695,-917678667,false,-961552695,-917678664,true	494d51da46afdec9494d55b846afdec9494d55b546afdec980000029	-961552695,-917679654,-961552695,-917678667,-961552695,-917678664,true,false,true,TRIANGLE
-2077116074,69823574,false,-2077114796,69823570,true,-1667504028,69823573,false	84296c520431b95684296c561c9be86484296c550431be5480000016	-2077116074,69823574,-2077114796,69823570,-1667504028,69823573,false,true,false,TRIANGLE
2147483647,1060165038,false,-1007824545,-2147483648,true,-1007824491,1060165035,false	0000000043edd15fbf30d5aeffffffffbf30d5ab43edd19580000020	-1007824545,-2147483648,2147483647,1060165038,-1007824491,1060165035,false,false,true,TRIANGLE
-602424662,-995415865,false,-602424662,-995415865,true,-1320497517,-1466735438,false	289364b2314ace9344ab28c75c17baaa44ab28c75c17baaa80000020	-1320497517,-1466735438,-602424662,-995415865,-1320497517,-1466735438,true,false,true,LINE
1964590067,2147483647,true,257924314,-525843466,false,257922682,-525843847,false	60a842798f5f967afffffffff51943f360a843f68f5f9cda80000019	257922682,-525843847,257924314,-525843466,1964590067,2147483647,true,true,false,TRIANGLE
-2147483648,2055232974,true,-1071310431,2147483647,false,335447823,1954403954,false	f47dd67200000000ffffffff93fe870ffa805dce402519a180000025	-2147483648,2055232974,335447823,1954403954,-1071310431,2147483647,false,false,true,TRIANGLE
2147483647,1023867273,false,-380274605,-2000236613,false,2147483647,560192025,false	08c6cfbb69557853bd06f989ffffffffa163da19ffffffff80000001	-380274605,-2000236613,2147483647,560192025,2147483647,1023867273,false,false,false,TRIANGLE
2147483647,-2147483648,true,1356627401,2147483647,true,794187942,1693095541,true	00000000af5658a6ffffffffffffffffe4ea9675d0dc7dc98000003d	794187942,1693095541,2147483647,-2147483648,1356627401,2147483647,true,true,true,TRIANGLE
1360317117,-1715511722,true,1121936053,-2147483648,false,-731357399,-308907265,false	0000000054685f296d9672ffd114cabd19bf5e56c2df62b58000001e	-731357399,-308907265,1121936053,-2147483648,1360317117,-1715511722,true,true,false,TRIANGLE
37732208,989634399,false,1171459491,-1440051879,true,-405209559,623591898,true	2a2a8d5967d8fe29bafc9f5fc5d30da3a52b41da823fbf7080000025	-405209559,623591898,1171459491,-1440051879,37732208,989634399,false,false,true,TRIANGLE
1462126531,-916336603,false,1462126531,-916336603,true,1462126531,-916336603,true	4961d025d72647c34961d025d72647c34961d025d72647c380000030	1462126531,-916336603,1462126531,-916336603,1462126531,-916336603,false,true,true,POINT
1719143318,2147483647,false,1719143318,-772780081,false,1719143318,-497084123,false	51f04fcfe6780b96ffffffffe6780b96625f1925e6780b9680000001	1719143318,-772780081,1719143318,-497084123,1719143318,2147483647,false,false,false,TRIANGLE
1181978923,-1147507373,true,1181979005,-2147483648,true,2147483647,-1147508540,false	00000000c673912b3b9a6d53ffffffff3b9a68c4c673917d8000001e	1181978923,-1147507373,1181979005,-2147483648,2147483647,-1147508540,true,true,false,TRIANGLE
1937019587,-1578669869,false,1937019040,-2147483648,true,922048179,-1578669018,true	00000000b6f556b321e76c26f37492c321e768d3f37490a080000026	922048179,-1578669018,1937019040,-2147483648,1937019587,-1578669869,false,false,true,TRIANGLE
-2147483648,439163576,true,-2147483648,899088734,true,426263752,-989464828,false	4505f70400000000b597015e996844c89a2d1ab8000000008000003d	-2147483648,439163576,426263752,-989464828,-2147483648,899088734,true,true,true,TRIANGLE
284988868,-2147483648,false,2147483647,-2147483648,false,-2147483648,1277746492,false	0000000000000000cc28dd3cffffffff0000000090fc95c480000002	-2147483648,1277746492,284988868,-2147483648,2147483647,-2147483648,false,false,false,TRIANGLE
-939826786,1689793031,true,2147483647,2147483647,false,-1879871960,1942111584,true	e4b832070ff36e28fffffffffffffffff3c2456047fb619e8000001c	-1879871960,1942111584,-939826786,1689793031,2147483647,2147483647,true,true,false,TRIANGLE
-986380533,2147483647,false,-986380533,2147483647,true,2147483647,268500537,false	9000fe394535070bffffffffffffffffffffffff4535070b80000012	-986380533,2147483647,2147483647,268500537,-986380533,2147483647,true,true,false,LINE
843045406,-2147483648,true,843045408,2147483647,false,843045406,-1527138744,false	00000000b23fda1effffffffb23fda2024f9b648b23fda1e80000008	843045406,-2147483648,843045408,2147483647,843045406,-1527138744,true,false,false,TRIANGLE
419154502,1140519645,true,966009582,2147483647,false,419154502,1140520236,true	c3faf2dd98fbca46ffffffffb99422eec3faf52c98fbca4680000028	419154502,1140519645,966009582,2147483647,419154502,1140520236,true,false,true,TRIANGLE
381990006,-2050180721,false,1463520129,1260150777,false,2147483647,1516606910,true	05ccb98f96c4b476da6595beffffffffcb1c5ff9d73b8b8180000000	381990006,-2050180721,2147483647,1516606910,1463520129,1260150777,false,false,false,TRIANGLE
-1055592865,-1825223152,false,759115507,-1825222582,true,557043735,-1825223152,false	13354e104114ee5f1335504aad3f2ef313354e10a133d01780000019	-1055592865,-1825223152,557043735,-1825223152,759115507,-1825222582,true,true,false,TRIANGLE
2128233285,-2147483648,false,2128233285,-739632315,true,2128233285,-739632316,true	00000000feda434553ea1b45feda434553ea1b44feda434580000030	2128233285,-2147483648,2128233285,-739632315,2128233285,-739632316,false,true,true,TRIANGLE
514329475,2147483647,true,-2147483648,-2147483648,false,281500694,-877020053,false	0000000000000000ffffffff9ea80b834bb9bc6b90c75c1680000021	-2147483648,-2147483648,281500694,-877020053,514329475,2147483647,false,false,true,TRIANGLE
2147483647,1714252226,true,2147483647,1714252226,false,604377526,1714251764,true	e62d67f4a40611b6e62d69c2ffffffffe62d69c2ffffffff80000018	604377526,1714251764,2147483647,1714252226,604377526,1714251764,true,true,false,LINE
504346428,-2135517536,false,-2147483648,627271589,true,504347339,627271591,false	00b696a000000000a56367a79e0fbacba56367a59e0fb73c80000024	-2147483648,627271589,504346428,-2135517536,504347339,627271591,false,false,true,TRIANGLE
204286789,-2147483648,false,-570109368,1819904309,true,-2147483648,1966208185,true	0000000000000000f531f4b98c2d2b45ec7989355e04d2488000002b	-2147483648,1966208185,204286789,-2147483648,-570109368,1819904309,true,false,true,TRIANGLE
684231705,-2147483648,true,1108753904,-1722729536,false,-1339827788,-873988203,true	000000003023d9b44be7ff95c2163df019513bc0a8c88c198000001e	-1339827788,-873988203,684231705,-2147483648,1108753904,-1722729536,true,true,false,TRIANGLE
1739079969,2147483647,true,2147483647,195945042,true,-929137003,195946017,false	8bade252489e7e95ffffffffffffffff8bade621e7a841218000001d	-929137003,195946017,2147483647,195945042,1739079969,2147483647,true,true,false,TRIANGLE
518806788,1172070055,true,-2147483648,-1044054577,false,-1921514394,1172070523,false	41c4fdcf00000000c5dc607b9eec5d04c5dc5ea70d78046680000007	-2147483648,-1044054577,518806788,1172070055,-1921514394,1172070523,false,false,false,TRIANGLE
413036500,985224191,false,-2147483648,-1668254107,true,413037104,-2147483648,false	0000000000000000bab953ff989e72301c907665989e6fd48000000d	-2147483648,-1668254107,413037104,-2147483648,413036500,985224191,true,false,false,TRIANGLE
-2147483648,-367515444,true,-2147483648,-367515444,false,-2147483648,-367515444,true	6a1828cc000000006a1828cc000000006a1828cc0000000080000028	-2147483648,-367515444,-2147483648,-367515444,-2147483648,-367515444,true,false,true,POINT
-1486053693,397210051,false,-1253416904,-599878453,true,-283670728,-599877063,true	5c3e94cb276c9ec397acf1c36f1787385c3e9a39354a603880000036	-1486053693,397210051,-1253416904,-599878453,-283670728,-599877063,false,true,true,TRIANGLE
2147483647,2029882239,false,2147483647,716865546,false,2147483647,2029882472,true	aaba800afffffffff8fd8c68fffffffff8fd8b7fffffffff80000010	2147483647,716865546,2147483647,2029882472,2147483647,2029882239,false,true,false,TRIANGLE
-554295158,-1699096354,true,1865421993,-2147483648,false,480741503,-2147483648,false	000000005ef6208a1ab9d8deef3014a9000000009ca7887f80000022	-554295158,-1699096354,480741503,-2147483648,1865421993,-2147483648,false,false,true,TRIANGLE
2147483647,-540811902,false,1480904468,167025918,false,1480904466,-2147483648,false	00000000d844cf1289f49cfeffffffff5fc3dd82d844cf1480000007	1480904466,-2147483648,2147483647,-540811902,1480904468,167025918,false,false,false,TRIANGLE
1310465856,618049469,false,1310465858,-2147483648,true,-1194614566,-165480339,true	0000000038cba0daa4d6afbdce1c1f427622f86dce1c1f4080000025	-1194614566,-165480339,1310465858,-2147483648,1310465856,618049469,false,false,true,TRIANGLE
-246056568,123201241,true,-1760042413,123201241,false,2147483647,123200617,true	8757e4691717e2538757e6d9ffffffff8757e6d97155798880000033	-1760042413,123201241,2147483647,123200617,-246056568,123201241,false,true,true,TRIANGLE
1119938924,1022268756,false,1119938924,1022268756,false,1929458064,-112061118,true	79521542c2c0e96cbcee9554f3013190bcee9554c2c0e96c80000022	1119938924,1022268756,1929458064,-112061118,1119938924,1022268756,true,false,true,LINE
-710279636,-577525796,false,-710279773,2082237907,false,-2147483648,-577525177,false	5d93a7dc00000000fc1c6dd355a9fe2c5d93aa4755a9fda380000005	-2147483648,-577525177,-710279636,-577525796,-710279773,2082237907,false,false,false,TRIANGLE
-1653668848,614965780,true,-2147483648,-1891608515,false,-1653667569,614965778,false	0f40583d00000000a4a7a2141d6f090fa4a7a2121d6f041080000027	-2147483648,-1891608515,-1653667569,614965778,-1653668848,614965780,false,false,true,TRIANGLE
2147483647,-1193943448,false,-22933471,2147483647,false,-22932921,2111254049,true	38d5de687ea21021fffffffffffffffffdd72e217ea2124780000012	-22933471,2147483647,-22932921,2111254049,2147483647,-1193943448,false,true,false,TRIANGLE
-2147483648,249575464,true,100972111,169162576,false,1323811440,169162034,true	8a153532000000008ee03828cee7c2708a1537508604b64f8000002a	-2147483648,249575464,100972111,169162576,1323811440,169162034,true,false,true,TRIANGLE
-756475110,571340811,false,-756475108,-69858646,true,-756475108,2147483647,true	7bd60aaa52e91b1affffffff52e91b1ca20df80b52e91b1c80000035	-756475110,571340811,-756475108,-69858646,-756475108,2147483647,false,true,true,TRIANGLE
-30159753,-2147483648,true,-30159753,-2147483648,true,-30159753,2147483647,true	000000007e33cc77ffffffff7e33cc77000000007e33cc7780000039	-30159753,-2147483648,-30159753,2147483647,-30159753,-2147483648,true,true,true,LINE
-1733742682,-1876194419,true,-1733742682,-1876194419,false,2147483647,1417106592,false	102b8b8d18a92fa6d47754a0ffffffff102b8b8d18a92fa680000009	-1733742682,-1876194419,2147483647,1417106592,-1733742682,-1876194419,false,false,false,LINE
-801050892,2045368479,true,-801050588,222067842,false,-1153384962,1413001973,true	8d3c7c823b40bdfef9e9d89f5040f024d438b2f55040eef48000003d	-1153384962,1413001973,-801050588,222067842,-801050892,2045368479,true,true,true,TRIANGLE
-878181896,-2147483648,true,786032047,671852382,true,-648514211,-2147483648,true	000000004ba801f8a80ba75eaed9e5af000000005958755d80000039	-878181896,-2147483648,-648514211,-2147483648,786032047,671852382,true,true,true,TRIANGLE
1399966115,-1493519957,false,1399966963,-1493519406,true,-1537535195,-2147483648,false	00000000245b132526fab3d2d371ccf326fab1abd371c9a380000021	-1537535195,-2147483648,1399966115,-1493519957,1399966963,-1493519406,false,false,true,TRIANGLE
1550215854,-775396437,false,1555169044,-775397257,false,195025731,2147483647,true	51c860778b9fdb43ffffffffdcb1ff1451c863abdc666aae8000000a	195025731,2147483647,1550215854,-775396437,1555169044,-775397257,true,false,false,TRIANGLE
-2147483648,-1528232133,false,48930680,2147483647,true,48930199,-216586868,false	24e9073b00000000ffffffff82ea9f787317258c82ea9d9780000019	-2147483648,-1528232133,48930199,-216586868,48930680,2147483647,true,true,false,TRIANGLE
-972419765,735999565,true,-71803535,2147483647,true,-2147483648,-1250066008,true	357d81a800000000ffffffff7bb85d71abde764d460a0d4b80000038	-2147483648,-1250066008,-71803535,2147483647,-972419765,735999565,true,true,true,TRIANGLE
-2147483648,1617320401,false,-2147483648,1617320401,false,-2147483648,1617320401,true	e06659d100000000e06659d100000000e06659d10000000080000020	-2147483648,1617320401,-2147483648,1617320401,-2147483648,1617320401,false,false,true,POINT
-1001643779,24044450,false,-1625957965,699560577,false,-2147483648,-224878797,false	72989f3300000000a9b27281444c20fd816ee3a21f15d9b380000007	-2147483648,-224878797,-1001643779,24044450,-1625957965,699560577,false,false,false,TRIANGLE
-670986898,-2147483648,false,2147483647,-1013537947,false,1620840671,-1013536544,true	0000000058018d6e4396a8e0ffffffff4396a365e09c10df80000027	-670986898,-2147483648,2147483647,-1013537947,1620840671,-1013536544,false,false,true,TRIANGLE
1501894853,448291863,true,1501894853,-878717441,false,1501894853,-543767742,false	4b9fd5ffd98518c59ab86417d98518c55f96c342d98518c580000021	1501894853,-878717441,1501894853,-543767742,1501894853,448291863,false,false,true,TRIANGLE
-1053895006,-372137873,false,-1053894151,-372138619,false,-1053894249,2147483647,false	69d19d85412ed6a2ffffffff412ed9f969d1a06f412ed99780000005	-1053895006,-372137873,-1053894151,-372138619,-1053894249,2147483647,false,false,false,TRIANGLE
-208865052,2147483647,false,-2147483648,625091979,true,-2147483648,-2147483648,true	0000000000000000ffffffff738cf8e4a542258b0000000080000028	-2147483648,-2147483648,-208865052,2147483647,-2147483648,625091979,true,false,true,TRIANGLE
-1907941336,1245977072,true,-900187510,852595698,false,-900188477,2147483647,true	b2d193f20e472028ffffffff4a583a8aca4419f04a5836c38000002d	-1907941336,1245977072,-900187510,852595698,-900188477,2147483647,true,false,true,TRIANGLE
-306386496,587917000,false,-306386496,587917000,false,-306386496,587917688,true	a30ae6c86dbce9c0a30ae9786dbce9c0a30ae6c86dbce9c080000021	-306386496,587917000,-306386496,587917688,-306386496,587917000,true,false,true,LINE
-501197968,-694163933,true,-989652157,2147483647,false,-501197105,-694163995,true	569fe5e545031b43ffffffff622056cf569fe623622053708000001a	-989652157,2147483647,-501197968,-694163933,-501197105,-694163995,true,true,false,TRIANGLE
579413975,1772680662,false,950833866,-1739155811,false,-2047837307,-2022376863,true	0774fa6105f07b85e9a8f5d6b8ac92ca1856969da28927d780000027	-2047837307,-2022376863,950833866,-1739155811,579413975,1772680662,false,false,true,TRIANGLE
31693836,1462580727,false,-1405226067,-1015286221,false,-1405226068,-2147483648,false	000000002c3df3acd72d35f781e39c0c437bf6332c3df3ad80000000	-1405226068,-2147483648,31693836,1462580727,-1405226067,-1015286221,false,false,false,TRIANGLE
-1362933793,1720574666,false,2147483647,-2147483648,false,2147483647,-2017603199,false	000000002ec347dfe68de2caffffffff07bdd181ffffffff80000003	-1362933793,1720574666,2147483647,-2147483648,2147483647,-2017603199,false,false,false,TRIANGLE
-1494443568,1200891700,true,-1494443645,1200892695,false,-1766608403,111590242,true	86a6bb6216b3b1edc7942b1726ec99d0c794273426ec99838000001f	-1766608403,111590242,-1494443568,1200891700,-1494443645,1200892695,true,true,false,TRIANGLE
1635209176,2147483647,false,1635208704,976863233,true,-1278186459,2147483647,false	ba39c00133d06c25ffffffffe1774fd8ffffffffe1774e0080000006	-1278186459,2147483647,1635208704,976863233,1635209176,2147483647,false,false,false,TRIANGLE
1992338412,658175233,false,1992338412,658175233,true,-2147483648,658174652,false	a73af2bc00000000a73af501f6c0abeca73af501f6c0abec80000020	-2147483648,658174652,1992338412,658175233,-2147483648,658174652,true,false,true,LINE
1407722458,-1293574613,false,-60082801,-1293575574,false,-60082801,291022840,true	32e59a6a7c6b358f9158a7f8d3e823da32e59e2b7c6b358f80000026	-60082801,291022840,-60082801,-1293575574,1407722458,-1293574613,false,false,true,TRIANGLE
1372392972,-608135980,false,1372393668,-2147483648,false,1372392757,-608135213,false	00000000d1cd0d355bc097d3d1cd10c45bc094d4d1cd0e0c80000003	1372392757,-608135213,1372393668,-2147483648,1372392972,-608135980,false,false,false,TRIANGLE
517166715,-1776289592,true,575008449,2147483647,true,517167642,-1776289589,false	161ff8c89ed3567bffffffffa245eec1161ff8cb9ed35a1a80000039	517166715,-1776289592,517167642,-1776289589,575008449,2147483647,true,true,true,TRIANGLE
1587257970,397402204,false,1587258941,397403043,false,1587258149,13024302,false	80c6bc2ede9ba27297afe3a3de9ba63d97afe05cde9ba32580000004	1587257970,397402204,1587258149,13024302,1587258941,397403043,false,false,false,TRIANGLE
1387445171,1010175018,true,2147483647,1010175131,false,1387445170,1010175970,true	bc360c2ad2b2bbb2bc360fe2ffffffffbc360c9bd2b2bbb38000001e	1387445170,1010175970,1387445171,1010175018,2147483647,1010175131,true,true,false,TRIANGLE
-641085559,-2147483648,false,1911793022,-849721569,false,1103520505,-1961642201,false	0000000059c9cf894d5a471ff1f3a57e0b13b727c1c662f980000001	-641085559,-2147483648,1103520505,-1961642201,1911793022,-849721569,false,false,false,TRIANGLE
2060801571,-2147483648,false,2060801571,-2147483648,true,2060801571,-2147483648,false	00000000fad5562300000000fad5562300000000fad5562380000010	2060801571,-2147483648,2060801571,-2147483648,2060801571,-2147483648,false,true,false,POINT
1422453466,49497588,false,-2147483648,-29961579,true,-943473385,-1057370159,true	40f9cfd10000000082f345f4d4c8eada7e36d29547c3bd178000001c	-2147483648,-29961579,-943473385,-1057370159,1422453466,49497588,true,true,false,TRIANGLE
-336322587,1440049867,false,2000975737,-273586056,false,2000975649,1176724458,true	6fb168786bf41fe5d5d56acbf7447779c62363eaf744772180000023	-336322587,1440049867,2000975737,-273586056,2000975649,1176724458,false,false,true,TRIANGLE
2147483647,-1029181862,false,963996317,-1029181391,false,963996775,556700250,false	42a7ee5ab9756a9da12e925affffffff42a7f031b9756c6780000005	963996317,-1029181391,2147483647,-1029181862,963996775,556700250,false,false,false,TRIANGLE
-2147483648,880495752,false,-2147483648,2147483647,true,-2147483648,2099417692,true	b47b4c8800000000ffffffff00000000fd22925c0000000080000030	-2147483648,880495752,-2147483648,2147483647,-2147483648,2099417692,false,true,true,TRIANGLE
1902406373,-1920357484,false,2145156906,-1920357103,false,1902405559,-2147483648,true	00000000f16467b70d89ad11ffdc7f2a0d89ab94f1646ae580000020	1902405559,-2147483648,2145156906,-1920357103,1902406373,-1920357484,false,false,true,TRIANGLE
909263170,-1144589439,true,909261832,1702450351,false,2147483647,1478923151,false	3bc6f381b6323c08e57954afffffffffd826938fb632414280000006	909261832,1702450351,909263170,-1144589439,2147483647,1478923151,false,false,false,TRIANGLE
-990044048,-1636006339,false,-990044048,-1636006339,false,350271240,1322464144,true	1e7c863d44fd2070ced3339094e0b7081e7c863d44fd207080000021	-990044048,-1636006339,350271240,1322464144,-990044048,-1636006339,true,false,true,LINE
1835775214,-684188490,false,94719620,-684189492,true,499444001,-285998466,false	573818cc85a54e846ef4027eed6bb4ee57381cb69dc4e92180000027	94719620,-684189492,1835775214,-684188490,499444001,-285998466,false,false,true,TRIANGLE
557322221,-1970086857,true,557322740,-366275318,false,-2147483648,-2147483648,true	00000000000000006a2b150aa13811f40a92dc37a1380fed80000019	-2147483648,-2147483648,557322221,-1970086857,557322740,-366275318,true,true,false,TRIANGLE
880838341,-1575601259,true,880838340,-2147483648,true,-2147483648,2147483647,true	0000000000000000ffffffffb48086c522163b95b48086c48000003e	-2147483648,2147483647,880838340,-2147483648,880838341,-1575601259,true,true,true,TRIANGLE
474261352,-2147483648,false,2147483647,468777994,false,474261352,468778468,false	000000009c44a7689bf0fde4ffffffff9bf0fc0a9c44a76880000007	474261352,-2147483648,2147483647,468777994,474261352,468778468,false,false,false,TRIANGLE
846564623,1733697852,false,-2147483648,2147483647,false,846566054,-1346302501,true	2fc10ddb00000000ffffffffb27592a6e756213cb2758d0f80000013	-2147483648,2147483647,846566054,-1346302501,846564623,1733697852,false,true,false,TRIANGLE
-776856100,-599910211,true,-776855213,-1754605561,true,-1261012940,-1885321984,true	0fa0450034d678345c3e18bd51b22153176ad80751b21ddc8000003f	-1261012940,-1885321984,-776855213,-1754605561,-776856100,-599910211,true,true,true,TRIANGLE
150234383,1581515848,true,150234383,1581515848,false,150235370,2147483647,false	de44044888f4650fffffffff88f468eade44044888f4650f80000009	150234383,1581515848,150235370,2147483647,150234383,1581515848,false,false,false,LINE
-2147483648,-31225536,true,-2147483648,2074375386,false,-2147483648,2074376189,true	7e23894000000000fba477fd00000000fba474da0000000080000029	-2147483648,-31225536,-2147483648,2074375386,-2147483648,2074376189,true,false,true,TRIANGLE
-1621941180,-2147483648,true,2147483647,-2147483648,true,-1621941602,233981348,true	000000001f53229e8df245a4ffffffff000000001f5324448000003a	-1621941602,233981348,-1621941180,-2147483648,2147483647,-2147483648,true,true,true,TRIANGLE
-911244331,1296280832,false,-2147483648,1296280835,false,1308675949,-2147483648,false	0000000000000000cd43ad03ce00cf6dcd43ad0049af83d580000003	-2147483648,1296280835,1308675949,-2147483648,-911244331,1296280832,false,false,false,TRIANGLE
-1179988282,-1164099920,false,420769587,2147483647,false,420769588,2147483647,false	3a9d3eb039aacec6ffffffff99146f34ffffffff99146f3380000000	-1179988282,-1164099920,420769588,2147483647,420769587,2147483647,false,false,false,TRIANGLE
-1473863589,-2147483648,false,-1473863300,-1566367983,true,-2147483648,-563381079,true	00000000000000005e6b7ca92826a17c22a31f112826a05b8000002e	-2147483648,-563381079,-1473863589,-2147483648,-1473863300,-1566367983,true,false,true,TRIANGLE
47172833,2147483647,true,-1592471430,2147483647,true,1834897306,760760691,false	ad5849732114d07affffffffed5e4f9affffffff82cfcce18000002b	-1592471430,2147483647,1834897306,760760691,47172833,2147483647,true,false,true,TRIANGLE
1503028051,-2147483648,false,1503028051,-2147483648,false,1503028051,-2147483648,true	00000000d996635300000000d996635300000000d996635380000020	1503028051,-2147483648,1503028051,-2147483648,1503028051,-2147483648,false,false,true,POINT
1135512531,417332663,false,1135513499,304198300,true,-2147483648,2147483647,false	9221b29c00000000ffffffffc3ae8f9b98dffdb7c3ae8bd380000003	-2147483648,2147483647,1135513499,304198300,1135512531,417332663,false,false,false,TRIANGLE
-1870222029,-2147483648,true,781218056,-1918312709,false,2147483647,-2147483648,false	000000001086ad330da8defbffffffff00000000ae90710880000027	-1870222029,-2147483648,2147483647,-2147483648,781218056,-1918312709,false,false,true,TRIANGLE
276016788,2147483647,true,-2147483648,624971092,true,-886301542,-1616463371,false	1fa6b9f500000000ffffffff9073ae94a5404d544b2c1c9a8000002c	-2147483648,624971092,-886301542,-1616463371,276016788,2147483647,true,false,true,TRIANGLE
2147483647,1010163760,true,1077185460,-1832456954,true,1077185457,-1832455788,false	12c6ed06c0348bb1bc35e030ffffffff12c6f194c0348bb48000001c	1077185457,-1832455788,1077185460,-1832456954,2147483647,1010163760,true,true,false,TRIANGLE
1773919951,-922036658,false,1773919951,-2147483648,false,1773919951,2147483647,true	00000000e9bbdecfffffffffe9bbdecf490ad64ee9bbdecf80000010	1773919951,-2147483648,1773919951,2147483647,1773919951,-922036658,false,true,false,TRIANGLE
-1884926199,-355967286,true,2147483647,-355967290,false,-2147483648,-355966900,false	6ac85ec6000000006ac8604cffffffff6ac85eca0fa64f0980000012	-2147483648,-355966900,-1884926199,-355967286,2147483647,-355967290,false,true,false,TRIANGLE
-19046195,-1245273659,false,-19046195,-1245273659,true,-19046196,-2147483648,false	000000007edd60cc35c6a1c57edd60cd35c6a1c57edd60cd80000020	-19046196,-2147483648,-19046195,-1245273659,-19046196,-2147483648,true,false,true,LINE
-2147483648,2147483647,true,-935915379,29536873,true,-2069624340,-915984440,true	49672fc800000000ffffffff4837108d81c2b26904a409ec8000003e	-2147483648,2147483647,-2069624340,-915984440,-935915379,29536873,true,true,true,TRIANGLE
-1939527683,-852818639,true,-1939527279,-936398097,true,-785363716,-852819217,true	482fb2ef0c6527fd4d2b053151304cfc4d2b02ef0c6529918000003e	-1939527683,-852818639,-1939527279,-936398097,-785363716,-852819217,true,true,true,TRIANGLE
-1076619451,-2147483648,true,-2147483648,-1091336840,false,-946799697,-1091336791,true	00000000000000003ef385a94790fbaf3ef385783fd417458000001c	-2147483648,-1091336840,-1076619451,-2147483648,-946799697,-1091336791,true,true,false,TRIANGLE
-1905976327,2147483647,false,1347434251,-82286302,true,-1905976328,-1111226320,true	3dc408300e651bf8ffffffffd050370b7b1869220e651bf980000027	-1905976328,-1111226320,1347434251,-82286302,-1905976327,2147483647,false,false,true,TRIANGLE
-936759632,-1350038989,true,-2147483648,471627230,false,-416467437,2035576256,true	2f880a3300000000f9546dc0672d36139c1c75de482a2eb08000001c	-2147483648,471627230,-936759632,-1350038989,-416467437,2035576256,true,true,false,TRIANGLE
1644420866,129379796,false,-795517465,-1693566080,true,-1049025469,-1693566424,false	1b0e3a284179244387b62dd4e203df021b0e3b8050955de780000001	-1049025469,-1693566424,-795517465,-1693566080,1644420866,129379796,false,false,false,TRIANGLE
1243326502,564704684,false,1243326502,564704684,true,-2147483648,2147483647,false	a1a8b5ac00000000ffffffffca1ba826a1a8b5acca1ba82680000023	-2147483648,2147483647,1243326502,564704684,-2147483648,2147483647,true,false,true,LINE
625242853,-1569021537,true,625242033,-1569021968,false,-2147483648,789906643,true	227a9ff000000000af1504d3a54472e5227aa19fa5446fb18000003e	-2147483648,789906643,625242033,-1569021968,625242853,-1569021537,true,true,true,TRIANGLE
1939830471,-2147483648,true,1939830471,-2147483648,true,1939830471,-766739629,true	00000000f39f76c7524c7b53f39f76c700000000f39f76c780000039	1939830471,-2147483648,1939830471,-766739629,1939830471,-2147483648,true,true,true,LINE
1494744575,1917148434,false,1494743771,1917149421,true,2147483647,521455854,true	9f14c8eed917fadbf24560edfffffffff2455d12d917fdff8000001b	1494743771,1917149421,2147483647,521455854,1494744575,1917148434,true,true,false,TRIANGLE
1459270584,-2147483648,true,1459270718,1556048389,true,1459270586,1556048390,false	00000000d6fab3b8dcbf6a06d6fab43edcbf6a05d6fab3ba8000001f	1459270584,-2147483648,1459270718,1556048389,1459270586,1556048390,true,true,false,TRIANGLE
127957415,-385494426,true,127957009,2147483647,false,127957008,2011488197,true	6905d26687a07810ffffffff87a079a7f7e4dfc587a078118000001d	127957008,2011488197,127957415,-385494426,127957009,2147483647,true,true,false,TRIANGLE
1223063992,-2147483648,true,-243728321,1567130301,false,-243728705,1567130304,true	000000007178febfdd6882c0c8e679b8dd6882bd7179003f8000001b	-243728705,1567130304,1223063992,-2147483648,-243728321,1567130301,true,true,false,TRIANGLE
-2147483648,2147483647,false,-2147483648,2147483647,true,-2147483648,2147483647,false	ffffffff00000000ffffffff00000000ffffffff0000000080000010	-2147483648,2147483647,-2147483648,2147483647,-2147483648,2147483647,false,true,false,POINT
-899500471,-950525545,false,1499993,-1407696840,false,-899500471,-2147483648,true	000000004a62b649475821978016e3592c1840384a62b64980000006	-899500471,-950525545,-899500471,-2147483648,1499993,-1407696840,false,false,false,TRIANGLE
2147483647,-616449783,false,754137985,-616450723,false,2147483647,-1348944106,false	2f98bf16acf33b815b41b909ffffffff5b41b55dffffffff80000005	754137985,-616450723,2147483647,-1348944106,2147483647,-616449783,false,false,false,TRIANGLE
1756951727,-1174628354,false,-2147483648,-1174629298,true,1223874531,-1174628381,false	39fc944e0000000039fc97fee8b8f4af39fc97e3c8f2d7e380000020	-2147483648,-1174629298,1756951727,-1174628354,1223874531,-1174628381,false,false,true,TRIANGLE
-548432722,-2147483648,true,-548432735,-1569147508,false,-548431450,807988164,false	000000005f4f94a1b028ebc45f4f99a62278b58c5f4f94ae80000004	-548432735,-1569147508,-548432722,-2147483648,-548431450,807988164,false,false,false,TRIANGLE
482662429,-2147483648,true,482662738,1099639188,true,482662427,-2147483648,false	000000009cc4d81bc18b29949cc4d952000000009cc4d81d80000031	482662427,-2147483648,482662429,-2147483648,482662738,1099639188,false,true,true,TRIANGLE
1053245623,-1753610206,false,1053245623,2147483647,true,1053245623,-1753609508,true	177a0822bec740b7ffffffffbec740b7177a0adcbec740b780000030	1053245623,-1753610206,1053245623,2147483647,1053245623,-1753609508,false,true,true,TRIANGLE
-2147483648,64887662,true,-2147483648,64887662,false,-1301104350,64887718,true	83de1b6e0000000083de1ba63272b92283de1b6e0000000080000029	-2147483648,64887662,-1301104350,64887718,-2147483648,64887662,true,false,true,LINE
-2144493879,767418228,false,-488438045,1664929175,true,-2144493743,-107018746,true	799f0606002d9ec9e33ccd9762e306e3adbddf74002d9f518000001c	-2144493879,767418228,-2144493743,-107018746,-488438045,1664929175,true,true,false,TRIANGLE
768552593,-643315783,true,1570118769,2147483647,false,2147483647,-667786501,true	583262fbadcf2e91ffffffffffffffff59a7c7b9dd961c7180000025	768552593,-643315783,2147483647,-667786501,1570118769,2147483647,false,false,true,TRIANGLE
-479600038,-2147483648,true,-788071887,637707328,false,-479600723,2147483647,true	000000005106fa31ffffffff6369e25aa602a4406369dfad8000001d	-788071887,637707328,-479600038,-2147483648,-479600723,2147483647,true,true,false,TRIANGLE
-1323756071,-2053142186,false,2147483647,-2053142183,false,2147483647,280819154,true	059f8956311915d990bcf5d2ffffffff059f8959ffffffff80000021	-1323756071,-2053142186,2147483647,-2053142183,2147483647,280819154,false,false,true,TRIANGLE
290356634,-1315059534,true,2104833360,2046886401,false,290356632,-1315059537,false	319dc8af914e7d98fa010201fd753550319dc8b2914e7d9a80000011	290356632,-1315059537,290356634,-1315059534,2104833360,2046886401,false,true,false,TRIANGLE
2147483647,399877175,true,-1082163295,-2147483648,true,-1082163296,2147483647,true	000000003f7f7fa0ffffffffffffffff97d5a4373f7f7fa18000003e	-1082163296,2147483647,-1082163295,-2147483648,2147483647,399877175,true,true,true,TRIANGLE
-2147483648,2147483647,true,-2147483648,2147483647,true,2147483647,-1383445388,true	2d8a4c7400000000ffffffffffffffffffffffff000000008000003a	-2147483648,2147483647,2147483647,-1383445388,-2147483648,2147483647,true,true,true,LINE
1163981557,838125071,false,-2147483648,-970360044,true,2147483647,-2147483648,false	0000000000000000b1f4c60fffffffff46297b14c560f2f58000000d	-2147483648,-970360044,2147483647,-2147483648,1163981557,838125071,true,false,false,TRIANGLE
-2147483648,-1393729715,true,-2147483648,209899553,false,-2147483648,-2147483648,false	00000000000000008c82d021000000002ced5f4d0000000080000011	-2147483648,-2147483648,-2147483648,-1393729715,-2147483648,209899553,false,true,false,TRIANGLE
2147483647,-1403971416,true,2147483647,-1403970992,false,2147483647,-2147483648,false	00000000ffffffff2c511a50ffffffff2c5118a8ffffffff80000011	2147483647,-2147483648,2147483647,-1403971416,2147483647,-1403970992,false,true,false,TRIANGLE
2147483647,951980224,false,-630540189,2147483647,true,-630540347,2106386226,true	b8be10c05a6ab7c5fffffffffffffffffd8ce7325a6ab8638000002d	-630540347,2106386226,2147483647,951980224,-630540189,2147483647,true,false,true,TRIANGLE
783348654,-1244401146,true,783347870,-1244401164,false,-2147483648,-1244401221,false	35d3f1bb0000000035d3f206aeb0f3ae35d3f1f4aeb0f09e80000019	-2147483648,-1244401221,783347870,-1244401164,783348654,-1244401146,true,true,false,TRIANGLE
1509408038,768204017,false,-2147483648,-1663651430,false,-1545080569,692842793,true	1cd6b19a00000000adc9dcf1d9f7bd26a94bf12923e7f10780000018	-2147483648,-1663651430,1509408038,768204017,-1545080569,692842793,true,true,false,TRIANGLE
-2147483648,635324788,true,-2147483648,635324788,false,-2147483648,635324788,false	a5de497400000000a5de497400000000a5de49740000000080000008	-2147483648,635324788,-2147483648,635324788,-2147483648,635324788,true,false,false,POINT
2147483647,2147483647,true,-2147483648,437302807,true,61703251,639628512,false	9a10b61700000000ffffffffffffffffa61ff4e083ad845380000029	-2147483648,437302807,61703251,639628512,2147483647,2147483647,true,false,true,TRIANGLE
-257836064,1301631542,true,-257835319,-1252793523,false,681427759,-2002939508,true	089d918c70a1bbe0cd955236a89dc32f3553e34d70a1bec98000002a	-257836064,1301631542,-257835319,-1252793523,681427759,-2002939508,true,false,true,TRIANGLE
540437411,-824028031,true,-1210867504,2147483647,true,-1566531977,-2147483648,false	0000000022a09e77ffffffffa0366ba34ee2548137d3a0d080000037	-1566531977,-2147483648,540437411,-824028031,-1210867504,2147483647,false,true,true,TRIANGLE
-873770956,996460288,false,-873770337,996461129,true,-873770301,-2147483648,false	000000004beb5034bb64ca494beb52c3bb64c7004beb529f8000001d	-873770956,996460288,-873770301,-2147483648,-873770337,996461129,true,true,false,TRIANGLE
2147483647,2147483647,true,2147483647,-2147483648,true,329007978,2137496384,true	00000000939c436affffffffffffffffff679b40ffffffff8000003d	329007978,2137496384,2147483647,-2147483648,2147483647,2147483647,true,true,true,TRIANGLE
-1673445393,1485477199,true,2147483647,177564522,false,-1289327444,2147483647,false	8a956b6a1c413fefffffffffffffffffd88a954f33266cac8000000d	-1673445393,1485477199,2147483647,177564522,-1289327444,2147483647,true,false,false,TRIANGLE
746916150,1409353984,false,746916150,1409353984,true,-633463528,2147483647,true	d40109005a3e1d18ffffffffac850936d4010900ac8509368000002b	-633463528,2147483647,746916150,1409353984,-633463528,2147483647,true,false,true,LINE
-2124569069,-2031352715,false,-1353379658,1488196156,false,-2147483648,1572890565,false	06ec047500000000ddc067c52f5510b6d8b4123c015da61380000006	-2147483648,1572890565,-2124569069,-2031352715,-1353379658,1488196156,false,false,false,TRIANGLE
1751908832,2006014514,true,505358074,2006014756,true,1751909188,-2147483648,true	000000009e1f26faf7915b24e86c0344f7915a32e86c01e08000003b	505358074,2006014756,1751909188,-2147483648,1751908832,2006014514,true,true,true,TRIANGLE
-738781796,2093764792,true,1589658808,2093764213,false,2147483647,2093765412,true	fccc4e7553f7159cfccc5324fffffffffccc50b8dec044b88000002c	-738781796,2093764792,1589658808,2093764213,2147483647,2093765412,true,false,true,TRIANGLE
2147483647,2147483647,false,-633341222,-2014859017,true,-2015216493,2147483647,false	07e7b0f707e23c93ffffffffffffffffffffffff5a3ffada80000006	-2015216493,2147483647,-633341222,-2014859017,2147483647,2147483647,false,false,false,TRIANGLE
-1602237426,-321138830,false,1175760094,2147483647,false,2147483647,-2147483648,false	00000000207fcc0effffffffffffffff6cdbcf72c614acde80000005	-1602237426,-321138830,2147483647,-2147483648,1175760094,2147483647,false,false,false,TRIANGLE
934666333,-646157893,true,1743208286,1542716922,false,934666311,1542715465,false	597c69bbb7b5e047dbf3fdfae7e73f5edbf3f849b7b5e05d80000014	934666311,1542715465,934666333,-646157893,1743208286,1542716922,false,true,false,TRIANGLE
-1587549531,1953063121,true,-1587549531,1953063121,true,-1587549873,2147483647,false	f46960d1215fe94fffffffff215feaa5f46960d1215feaa580000033	-1587549873,2147483647,-1587549531,1953063121,-1587549873,2147483647,true,true,true,LINE
518658531,-711225790,false,2147483647,-711226515,false,518658531,-711226515,false	559b8b6d9eea19e3559b8e42ffffffff559b8b6d9eea19e380000002	518658531,-711225790,518658531,-711226515,2147483647,-711226515,false,false,false,TRIANGLE
-783332041,1155417859,false,897725185,2147483647,true,1585482697,1257389898,true	c4de4703514f4d37ffffffffde808bc9caf23f4ab58233018000001f	-783332041,1155417859,1585482697,1257389898,897725185,2147483647,true,true,false,TRIANGLE
2147483647,-1846889475,false,1369668225,2147483647,false,1369670022,-310369201,false	11eab3fdd1a37a81ffffffffffffffff6d80244fd1a3818680000002	1369668225,2147483647,1369670022,-310369201,2147483647,-1846889475,false,false,false,TRIANGLE
560524155,1913699035,true,560524155,-316059500,true,560524155,928614984,true	6d295094a168eb7bf210badba168eb7bb7598a48a168eb7b80000039	560524155,-316059500,560524155,928614984,560524155,1913699035,true,true,true,TRIANGLE
-2147483648,-1506212532,true,-1463509069,-1506212800,false,1460301861,-2147483648,true	00000000000000002639054cd70a70252639044028c49fb380000023	-2147483648,-1506212532,1460301861,-2147483648,-1463509069,-1506212800,false,false,true,TRIANGLE
-2147483648,-2147483648,false,-1651366988,2147483647,false,-1651366676,-2147483648,false	0000000000000000ffffffff1d9224ec000000001d9223b480000007	-2147483648,-2147483648,-1651366676,-2147483648,-1651366988,2147483647,false,false,false,TRIANGLE
-2147483648,598285416,true,-2147483648,598285416,true,-2147483648,598285416,false	a3a91c6800000000a3a91c6800000000a3a91c680000000080000018	-2147483648,598285416,-2147483648,598285416,-2147483648,598285416,true,true,false,POINT
-1213485549,200159229,true,2147483647,-2147483648,true,-71978061,-2147483648,false	0000000037abae138bee2ffdffffffff000000007bb5b3b38000003a	-1213485549,200159229,-71978061,-2147483648,2147483647,-2147483648,true,true,true,TRIANGLE
1146038958,1421946029,true,1146038960,1421946268,true,1066106967,1421946030,false	d4c12cadbf8b8057d4c12d9cc44f2ab0d4c12caec44f2aae80000034	1066106967,1421946030,1146038958,1421946029,1146038960,1421946268,false,true,true,TRIANGLE
-1910272720,-1057758951,false,-1910271719,-1057758457,true,-1910272258,-1457167266,false	2925645e0e238d3040f3e3070e23911940f3e1190e238efe8000001c	-1910272720,-1057758951,-1910272258,-1457167266,-1910271719,-1057758457,true,true,false,TRIANGLE
387755441,913406654,false,387755444,-1351846023,true,387754761,1576107607,true	2f6c7779971cab09ddf17e57971cadb4b6717abe971cadb180000023	387754761,1576107607,387755444,-1351846023,387755441,913406654,false,false,true,TRIANGLE
1572106479,-1287047988,false,1147142957,-1287047989,true,1572106478,-1713274254,true	19e18272c460032d334934ccddb470ef334934cbddb470ee8000001c	1147142957,-1287047989,1572106478,-1713274254,1572106479,-1287047988,true,true,false,TRIANGLE
2147483647,-567495363,true,1347870101,2147483647,false,1347870998,2147483647,true	5e2cb53dd056dd95ffffffffffffffffffffffffd056e1168000001b	1347870101,2147483647,2147483647,-567495363,1347870998,2147483647,true,true,false,TRIANGLE
-1917669867,1416826447,true,-1917669867,1416826447,true,366387342,1416826326,true	d4730dd60db2ae15d4730e4f95d6a08ed4730e4f0db2ae158000003a	-1917669867,1416826447,366387342,1416826326,-1917669867,1416826447,true,true,true,LINE
954011293,509069009,true,954011293,160072662,true,954011293,-2147483648,true	00000000b8dd0e9d9e57c6d1b8dd0e9d898a83d6b8dd0e9d80000038	954011293,-2147483648,954011293,509069009,954011293,160072662,true,true,true,TRIANGLE
-3584881,-2147483648,true,2116663700,727070256,false,2116664676,-2147483648,false	000000007fc94c8fab563630fe29bd6400000000fe29b99480000027	-3584881,-2147483648,2116664676,-2147483648,2116663700,727070256,false,false,true,TRIANGLE
-1510408935,638291761,true,52716320,2147483647,false,-1608790723,2147483647,false	a60b8f31201bcd3dffffffff83246320ffffffff25f8fd1980000016	-1608790723,2147483647,-1510408935,638291761,52716320,2147483647,false,true,false,TRIANGLE
-2147483648,-1302101954,true,-1985515601,-1302101887,false,-1985515704,-583404343,false	3263803e000000005d39f4c909a76faf3263808109a76f488000000f	-2147483648,-1302101954,-1985515601,-1302101887,-1985515704,-583404343,true,false,false,TRIANGLE
-1528827254,-683613220,false,-1528828120,-1426571907,true,-1528827250,-2147483648,false	0000000024dfef285740e3dc24dff28e2af83d7d24dff28a8000000d	-1528828120,-1426571907,-1528827250,-2147483648,-1528827254,-683613220,true,false,false,TRIANGLE
640786587,660037675,true,1639576910,-2147483648,false,1639576559,1284246689,false	00000000a631a09bcc8c0ca1e1b9f54ea757602be1b9f3ef8000000d	640786587,660037675,1639576910,-2147483648,1639576559,1284246689,true,false,false,TRIANGLE
2147483647,2147483647,false,2147483647,2147483647,true,-202833405,994674564,false	bb49878473e90203ffffffffffffffffffffffffffffffff80000020	-202833405,994674564,2147483647,2147483647,-202833405,994674564,true,false,true,LINE
2147483647,1233955306,true,-1501248303,296535063,true,-109993892,-710762387,false	55a2a06d2684c4d1c98ca9eaffffffff91acc4177971a05c8000002c	-1501248303,296535063,-109993892,-710762387,2147483647,1233955306,true,false,true,TRIANGLE
-2147483648,752588370,true,-2147483648,752587462,false,1503878602,525597841,false	9f53fc9100000000acdb9652d9a35dcaacdb92c6000000008000000a	-2147483648,752588370,-2147483648,752587462,1503878602,525597841,true,false,false,TRIANGLE
-1895996608,337413184,false,-107078590,-1255677459,true,-2147483648,2147483647,false	3527e1ed00000000ffffffff799e1c42941c84400efd634080000022	-2147483648,2147483647,-1895996608,337413184,-107078590,-1255677459,false,false,true,TRIANGLE
-449605913,-2147483648,true,406470280,-554677089,false,406469770,-1089113775,false	0000000065338ee75ef04c9f983a3e883f157151983a3c8a80000021	-449605913,-2147483648,406469770,-1089113775,406470280,-554677089,false,false,true,TRIANGLE
-2147483648,-2147483648,false,-2147483648,1992752618,true,-2147483648,678614101,true	0000000000000000f6c6fdea00000000a872d4550000000080000030	-2147483648,-2147483648,-2147483648,1992752618,-2147483648,678614101,false,true,true,TRIANGLE
650599567,-1596446470,true,363875292,-1214811446,false,-461598239,-1596446473,false	20d828f7647c91e1379772caa6c75c8f20d828fa95b04bdc80000017	-461598239,-1596446473,650599567,-1596446470,363875292,-1214811446,false,true,false,TRIANGLE
-1603050361,-143258102,false,-1603050361,-143258102,true,-1603050361,-143258102,true	77760e0a2073648777760e0a2073648777760e0a2073648780000030	-1603050361,-143258102,-1603050361,-143258102,-1603050361,-143258102,false,true,true,POINT
109007349,2057412609,false,-2147483648,1914990923,false,109006427,2057413306,true	f224714b00000000faa1a2ba867f51f5faa1a001867f4e5b8000001f	-2147483648,1914990923,109007349,2057412609,109006427,2057413306,true,true,false,TRIANGLE
568870368,2120541437,true,568870367,1210091943,false,568869901,-650211280,true	593e9030a1e8440dfe64e4fda1e845e0c82089a7a1e845df80000039	568869901,-650211280,568870367,1210091943,568870368,2120541437,true,true,true,TRIANGLE
-375240218,-2147483648,true,1653056619,2147483647,false,2147483647,1511140486,true	0000000069a249e6ffffffffffffffffda122c86e287a46b80000027	-375240218,-2147483648,2147483647,1511140486,1653056619,2147483647,false,false,true,TRIANGLE
1913978510,1903068643,true,1913978859,1903068630,false,-2056720529,1903068759,true	f16e85d60568ef6ff16e8657f214ffebf16e85e3f214fe8e8000003b	-2056720529,1903068759,1913978859,1903068630,1913978510,1903068643,true,true,true,TRIANGLE
-979235778,-2147483648,true,-2147483648,-168290174,true,-1550158864,1958873900,true	0000000000000000f4c20b2c45a20c3e75f81882239a73f08000003d	-2147483648,-168290174,-979235778,-2147483648,-1550158864,1958873900,true,true,true,TRIANGLE
747469956,528291541,true,747470115,-863368293,true,-1488899350,1704278696,true	4c8a0b9b274132eae5953aa8ac8d7d239f7d16d5ac8d7c848000003b	-1488899350,1704278696,747470115,-863368293,747469956,528291541,true,true,true,TRIANGLE
-2147483648,-2147483648,false,-2147483648,-2147483648,true,1214651531,1410281771,false	0000000000000000d40f312bc8661c8b000000000000000080000011	-2147483648,-2147483648,1214651531,1410281771,-2147483648,-2147483648,true,true,false,LINE
-2147483648,-2147483648,false,-1998552833,-231012211,false,-1998552854,-231012212,true	0000000000000000723b088d08e080ff723b088c08e080ea80000020	-2147483648,-2147483648,-1998552833,-231012211,-1998552854,-231012212,false,false,true,TRIANGLE
1844943507,-275976969,false,1844943507,-275977955,true,1844943507,-275977959,false	6f8ce919edf79a936f8cecf7edf79a936f8ce91dedf79a9380000020	1844943507,-275977959,1844943507,-275976969,1844943507,-275977955,false,false,true,TRIANGLE
2147483647,-1770434014,true,-134832999,2147483647,false,1345925810,-1770434597,false	16794fdb77f69c99ffffffffffffffff16795222d03932b280000026	-134832999,2147483647,1345925810,-1770434597,2147483647,-1770434014,false,false,true,TRIANGLE
2147483647,-2033801219,true,-2147483648,-556138505,true,1629232907,-2049267156,false	05daaa2c000000005ed9fff7ffffffff06c6a7fde11c1f0b8000002e	-2147483648,-556138505,1629232907,-2049267156,2147483647,-2033801219,true,false,true,TRIANGLE
-1553406802,604922680,false,-1414057239,604923088,false,1573835248,-2147483648,false	000000002368e4aea40e64d0ddced1f0a40e63382bb732e980000005	-1553406802,604922680,1573835248,-2147483648,-1414057239,604923088,false,false,false,TRIANGLE
2147483647,2147483647,true,-2147483648,-1386680952,true,2074732026,-2147483648,false	0000000000000000ffffffffffffffff2d58ed88fba9e5fa8000002c	-2147483648,-1386680952,2074732026,-2147483648,2147483647,2147483647,true,false,true,TRIANGLE
-1444861240,-741329053,false,-1444861240,-741329053,false,-1079437814,-1624696558,false	1f29191229e12ac853d037633fa9160a53d0376329e12ac880000002	-1444861240,-741329053,-1079437814,-1624696558,-1444861240,-741329053,false,false,false,LINE
-253329435,1167812526,false,-1864412722,-2147483648,true,-2147483648,2147483647,true	0000000000000000ffffffff70e67fe5c59b67ae10df51ce80000026	-2147483648,2147483647,-1864412722,-2147483648,-253329435,1167812526,false,false,true,TRIANGLE
-1030986131,-1937143362,true,1658863960,-1937143911,true,-1030986132,-1547951647,false	0c898799428c666c23bc21e1e2e041580c8989be428c666d80000032	-1030986132,-1547951647,-1030986131,-1937143362,1658863960,-1937143911,false,true,true,TRIANGLE
-864639665,-1795383993,true,2147483647,-1795383815,true,-2107142482,-1795383816,true	14fc9d4702678eae14fc9df9ffffffff14fc9df84c76a54f8000003c	-2107142482,-1795383816,-864639665,-1795383993,2147483647,-1795383815,true,true,true,TRIANGLE
1586296635,-830860142,false,1586296638,-593424650,false,2147483647,-830861163,false	4e7a1095de8cf73b5ca10ef6ffffffff4e7a1492de8cf73e80000005	1586296635,-830860142,2147483647,-830861163,1586296638,-593424650,false,false,false,TRIANGLE
1555206224,-1297907167,false,2147483647,-1519182872,true,1555206065,-2147483648,true	00000000dcb28fb132a38221ffffffff25731be8dcb2905080000027	1555206065,-2147483648,2147483647,-1519182872,1555206224,-1297907167,false,false,true,TRIANGLE
-2060056178,-896289460,false,-2060056178,-1335412813,false,-2060056178,-2147483648,true	000000000536098e4a93b54c0536098e306737b30536098e80000008	-2060056178,-2147483648,-2060056178,-896289460,-2060056178,-1335412813,true,false,false,TRIANGLE
798864282,-2147483648,true,798864282,-2147483648,false,798864282,-2147483648,true	00000000af9db39a00000000af9db39a00000000af9db39a80000028	798864282,-2147483648,798864282,-2147483648,798864282,-2147483648,true,false,true,POINT
2147483647,1333887511,true,2147483647,2147483647,false,1441510067,1333887512,false	cf818217d5ebb2b3ffffffffffffffffcf818218ffffffff80000015	1441510067,1333887512,2147483647,1333887511,2147483647,2147483647,false,true,false,TRIANGLE
-1284588400,166002266,false,-1452186243,1942798971,true,2147483647,-457357750,true	64bd464a2971657df3ccc27bffffffff89e4fe5a336ebc908000003a	-1452186243,1942798971,-1284588400,166002266,2147483647,-457357750,true,true,true,TRIANGLE
-2147483648,-2002213309,false,1244060172,1623424982,true,2147483647,-2147483648,true	0000000000000000e0c37fd6ffffffff08a8a643ca26da0c8000001d	-2147483648,-2002213309,2147483647,-2147483648,1244060172,1623424982,true,true,false,TRIANGLE
-2074532847,1323457902,false,786068657,217734890,false,466069794,2147483647,false	8cfa5eea04592411ffffffffaeda74b1cee25d6e9bc7a92280000005	-2074532847,1323457902,786068657,217734890,466069794,2147483647,false,false,false,TRIANGLE
71389617,-2147483648,true,-662367124,-2147483648,false,-1706990104,1466129861,true	000000001a4165e8d7635dc5844151b1000000005885146c8000003a	-1706990104,1466129861,-662367124,-2147483648,71389617,-2147483648,true,true,true,TRIANGLE
-834082802,299160729,false,-2147483648,-2147483648,false,-1830837611,-2147483648,false	000000000000000091d4d4994e48e80e0000000012dfa29580000001	-2147483648,-2147483648,-1830837611,-2147483648,-834082802,299160729,false,false,false,TRIANGLE
-566486612,2147483647,true,-566486612,2147483647,true,277925163,160735699,false	8994a1d35e3c19acffffffff9090cd2bffffffff5e3c19ac8000001a	-566486612,2147483647,277925163,160735699,-566486612,2147483647,true,true,false,LINE
-238641890,316508770,true,-238641517,-2147483648,false,2147483647,-2147483648,false	0000000071c69d1e92dd8a62ffffffff0000000071c69e938000000a	-238641890,316508770,-238641517,-2147483648,2147483647,-2147483648,true,false,false,TRIANGLE
-1234013495,-346838010,true,-436049500,-2147483648,true,-436049882,-2147483648,false	00000000367272c96b53ac06660269a400000000660268268000003a	-1234013495,-346838010,-436049882,-2147483648,-436049500,-2147483648,true,true,true,TRIANGLE
-668119020,-858398007,true,-668119020,-858399299,false,-668119020,2147483647,true	4cd5ddbd582d5014ffffffff582d50144cd5e2c9582d501480000030	-668119020,-858399299,-668119020,2147483647,-668119020,-858398007,false,true,true,TRIANGLE
762016705,1934409740,false,918464512,2147483647,true,-1710597072,814001796,false	b084ae841a0a5c30ffffffffb6bea800f34cc00cad6b73c180000021	-1710597072,814001796,762016705,1934409740,918464512,2147483647,false,false,true,TRIANGLE
534913193,2147483647,true,1585392137,677665980,true,1585392133,-2147483648,false	000000009fe220a9ffffffffde7f2a09a8645cbcde7f2a058000003e	534913193,2147483647,1585392133,-2147483648,1585392137,677665980,true,true,true,TRIANGLE
-37364427,-778482846,true,-954958220,539514264,false,2147483647,-778482845,false	51994b6247147e74a0285598ffffffff51994b637dc5dd3580000006	-954958220,539514264,-37364427,-778482846,2147483647,-778482845,false,false,false,TRIANGLE
-2147483648,1079497308,true,-2147483648,1079497308,false,1701004416,1079496700,false	c057cffc00000000c057d25ce5634480c057d25c000000008000000a	-2147483648,1079497308,1701004416,1079496700,-2147483648,1079497308,false,false,false,LINE
-1923667598,-295693573,true,-204420800,345105439,false,-2147483648,-295693547,false	6e6012fb000000009491e41f73d0c9406e6013150d57297280000014	-2147483648,-295693547,-1923667598,-295693573,-204420800,345105439,false,true,false,TRIANGLE
1739891896,-844255512,true,-2147483648,2147483647,true,1739890562,-844255515,true	4dadaee500000000ffffffffe7b4a4b84dadaee8e7b49f828000003e	-2147483648,2147483647,1739890562,-844255515,1739891896,-844255512,true,true,true,TRIANGLE
890664431,2147483647,false,890664707,375137201,true,890664001,-2051091985,true	05bed1efb5167441ffffffffb5167703965c23b1b51675ef80000027	890664001,-2051091985,890664707,375137201,890664431,2147483647,false,false,true,TRIANGLE
2147483647,-2147483648,false,-287254986,-666856953,false,-2147483648,2147483647,false	0000000000000000ffffffffffffffff584092076ee0d63680000002	-2147483648,2147483647,-287254986,-666856953,2147483647,-2147483648,false,false,false,TRIANGLE
351114885,1592172496,true,351115847,-1024063162,false,2147483647,404886185,true	42f6094694ed9685dee69fd0ffffffff982212a994ed9a478000002e	351114885,1592172496,351115847,-1024063162,2147483647,404886185,true,false,true,TRIANGLE
1185414557,-1931933121,true,-2147483648,-2147483648,true,-578354219,-1931932715,true	00000000000000000cd90bd5c6a7fd9d0cd90a3f5d8703d58000003f	-2147483648,-2147483648,1185414557,-1931933121,-578354219,-1931932715,true,true,true,TRIANGLE
-471590011,-83905153,false,-471590011,-83905153,true,-471590011,-83905153,true	7affb57f63e41b857affb57f63e41b857affb57f63e41b8580000030	-471590011,-83905153,-471590011,-83905153,-471590011,-83905153,false,true,true,POINT
1066336963,335943397,true,499951868,-873871608,false,-2147483648,-2147483648,false	0000000000000000940616e5bf8f02c34be9c7089dcca8fc80000019	-2147483648,-2147483648,499951868,-873871608,1066336963,335943397,true,true,false,TRIANGLE
2147483647,-2147483648,true,-2147483648,806700271,false,-617819270,259359963,false	0000000000000000b01544efffffffff8f7584db5b2cd37a80000003	-2147483648,806700271,2147483647,-2147483648,-617819270,259359963,false,false,false,TRIANGLE
2147483647,2147483647,true,-732487432,-313350613,false,-2147483648,-2147483648,true	0000000000000000ffffffffffffffff6d52a62b545720f880000018	-2147483648,-2147483648,2147483647,2147483647,-732487432,-313350613,true,true,false,TRIANGLE
-865962886,-2147483648,true,-865962888,1946398403,true,-865962888,431682739,true	000000004c627478f403aec34c62747a99baf4b34c6274788000003d	-865962888,431682739,-865962886,-2147483648,-865962888,1946398403,true,true,true,TRIANGLE
2147483647,2050186836,true,513948201,2050187071,false,803854504,2050187465,true	fa335e549ea23a29fa3360c9fffffffffa335f3fafe9d8a88000001d	513948201,2050187071,2147483647,2050186836,803854504,2050187465,true,true,false,TRIANGLE
-1493592560,-450045562,true,-1493591661,-2147483648,false,-1493592562,-2147483648,false	0000000026f9960e652cd98626f999930000000026f996108000001f	-1493592562,-2147483648,-1493591661,-2147483648,-1493592560,-450045562,true,true,false,TRIANGLE
1347420325,2147483647,false,1347420325,2147483647,false,-445736579,-309574011,false	6d8c4685656e997dffffffffd05000a5ffffffffd05000a580000000	-445736579,-309574011,1347420325,2147483647,-445736579,-309574011,false,false,false,LINE
1894984518,-635996964,true,1263657873,2147483647,false,-2147483648,-635996703,true	5a1774dc00000000fffffffff0f32b465a1775e1cb51e3918000001d	-2147483648,-635996703,1894984518,-635996964,1263657873,2147483647,true,true,false,TRIANGLE
288880432,568751320,true,2147483647,-1698277797,false,288881091,-1698278967,true	1ac651c99137f730a1e674d8ffffffff1ac6565b9137f9c380000026	288880432,568751320,288881091,-1698278967,2147483647,-1698277797,false,false,true,TRIANGLE
-2147483648,2147483647,true,-1365968099,-1068379366,true,2147483647,-1068378670,false	4051d31a00000000ffffffffffffffff4051d5d22e94fb1d8000001e	-2147483648,2147483647,-1365968099,-1068379366,2147483647,-1068378670,true,true,false,TRIANGLE
600355073,-1270063536,false,600355073,-30526229,false,600355073,-1270063130,true	344c5e50a3c8b1017e2e34eba3c8b101344c5fe6a3c8b10180000020	600355073,-1270063536,600355073,-30526229,600355073,-1270063130,false,false,true,TRIANGLE
-471697829,552457911,true,-471698037,-2147483648,false,-471698033,-1950833806,false	0000000063e2758ba0edd6b763e2765b0bb8a37263e2758f80000000	-471698037,-2147483648,-471697829,552457911,-471698033,-1950833806,false,false,false,TRIANGLE
-164383683,-611069318,false,-164384396,-611068498,true,-2147483648,-611068501,false	5b93d27a000000005b93d5ae7633b43d5b93d5ab7633b17480000025	-2147483648,-611068501,-164383683,-611069318,-164384396,-611068498,false,false,true,TRIANGLE
313186978,-479988142,true,313186978,-479988142,true,2147483647,368212953,false	6363f65292aadaa295f27bd9ffffffff6363f65292aadaa280000019	313186978,-479988142,2147483647,368212953,313186978,-479988142,true,true,false,LINE
-2147483648,2147483647,false,576045028,1526787404,true,576044194,1900933619,true	db00ed4c00000000ffffffffa255bfe4f14df1f3a255bca280000033	-2147483648,2147483647,576045028,1526787404,576044194,1900933619,false,true,true,TRIANGLE
2147483647,-2147483648,false,-2147483648,1491791207,false,-558073689,-247319940,true	0000000000000000d8eaed67ffffffff7142327c5ebc78a780000012	-2147483648,1491791207,-558073689,-247319940,2147483647,-2147483648,false,true,false,TRIANGLE
-1604385615,-1500356426,false,-1604386099,2147483647,false,-1105771,-1500356246,true	269260b6205f02cdffffffff7fef20952692616a205f04b18000001e	-1604386099,2147483647,-1604385615,-1500356426,-1105771,-1500356246,true,true,false,TRIANGLE
1529087481,111983252,false,1529087477,2147483647,false,-2147483648,-2147483648,false	0000000000000000ffffffffdb2405f986acba94db2405f580000007	-2147483648,-2147483648,1529087481,111983252,1529087477,2147483647,false,false,false,TRIANGLE
50604953,-1161816417,true,50605258,-967575319,true,131335266,-2147483648,false	0000000083042b994653f8e987d404623ac0169f83042cca8000003d	50604953,-1161816417,131335266,-2147483648,50605258,-967575319,true,true,true,TRIANGLE
623913621,566103661,true,623913621,566103226,true,623913619,2147483647,true	a1be0cbaa5302a93ffffffffa5302a95a1be0e6da5302a958000003b	623913619,2147483647,623913621,566103226,623913621,566103661,true,true,true,TRIANGLE
348028533,1763545126,true,348028533,1763545126,false,348028533,1763545126,false	e91d902694be7e75e91d902694be7e75e91d902694be7e7580000008	348028533,1763545126,348028533,1763545126,348028533,1763545126,true,false,false,POINT
918279315,846385059,false,918279315,1121549803,true,918279315,1058876224,false	b272cfa3b6bbd493c2d97debb6bbd493bf1d2b40b6bbd49380000010	918279315,846385059,918279315,1121549803,918279315,1058876224,false,true,false,TRIANGLE
-188748073,-1577930080,false,82900446,-1577930077,false,-2147483648,-2147483648,false	000000000000000021f2b2a384f0f5de21f2b2a074bfeed780000000	-2147483648,-2147483648,82900446,-1577930077,-188748073,-1577930080,false,false,false,TRIANGLE
-1856828771,723944003,true,-1276446571,2147483647,false,-1059946215,1951318954,true	ab26824311530a9dffffffff40d28119f44ec3aa33eaf89580000027	-1856828771,723944003,-1059946215,1951318954,-1276446571,2147483647,false,false,true,TRIANGLE
1231159684,2147483647,true,2147483647,-2147483648,false,1415189128,19765429,true	00000000c9620184ffffffffffffffff812d98b5d45a128880000022	1231159684,2147483647,1415189128,19765429,2147483647,-2147483648,false,false,true,TRIANGLE
-1628515674,1986016578,false,1565968410,1703386692,true,202235332,1986015670,false	e5879e441eeed2a6f6603542dd56c81af66031b68c0dddc480000013	-1628515674,1986016578,1565968410,1703386692,202235332,1986015670,false,true,false,TRIANGLE
-2147483648,1161444427,true,513492712,-2147483648,false,513492712,-2147483648,true	0000000000000000c53a3c4b9e9b46e8000000009e9b46e88000002b	-2147483648,1161444427,513492712,-2147483648,-2147483648,1161444427,true,false,true,LINE
1218280698,2147483647,false,1218280698,2147483647,true,1218280698,-729810869,true	547ff84bc89d7cfaffffffffc89d7cfaffffffffc89d7cfa80000028	1218280698,-729810869,1218280698,2147483647,1218280698,-729810869,true,false,true,LINE
1189274453,-220479214,true,1189273484,2147483647,true,-2147483648,279221459,true	72dbc11200000000ffffffffc6e2e35590a494d3c6e2df8c8000003d	-2147483648,279221459,1189274453,-220479214,1189273484,2147483647,true,true,true,TRIANGLE
2147483647,1594778497,false,-2147483648,-555476721,false,2147483647,1988986283,false	5ee4190f00000000f68d85abffffffffdf0e6381ffffffff80000001	-2147483648,-555476721,2147483647,1594778497,2147483647,1988986283,false,false,false,TRIANGLE
-1256873192,22911274,false,2147483647,22911273,false,-1256873193,-1294092179,false	32ddb86d3515a317815d992affffffff815d99293515a31880000007	-1256873193,-1294092179,2147483647,22911273,-1256873192,22911274,false,false,false,TRIANGLE
-1059098197,1759221445,true,-1059098026,2147483647,false,505781352,1390315827,false	d2de893340df71abffffffff9e259c68e8db96c540df725680000025	-1059098197,1759221445,505781352,1390315827,-1059098026,2147483647,false,false,true,TRIANGLE
51533327,-1874897589,false,51533327,-1874897593,true,51533327,-97160166,false	103f55478312560f7a35741a8312560f103f554b8312560f80000008	51533327,-1874897593,51533327,-97160166,51533327,-1874897589,true,false,false,TRIANGLE
-2147483648,1050886068,true,-1617777969,980342123,true,2107170366,1779405253,true	ba6ed56b00000000ea0f91c5fd98de3ebea33fb41f92aacf8000003c	-2147483648,1050886068,-1617777969,980342123,2107170366,1779405253,true,true,true,TRIANGLE
-1389315783,-476420953,true,-1389315783,-476420953,false,-1389314871,1360315763,false	639a64a72d30b939d114c5732d30bcc9639a64a72d30b93980000009	-1389315783,-476420953,-1389314871,1360315763,-1389315783,-476420953,false,false,false,LINE
1504143476,-969833391,false,2147483647,-1734122509,true,1504143225,-2091630408,true	035440b8d9a7677946318451ffffffff18a363f3d9a7687480000027	1504143225,-2091630408,2147483647,-1734122509,1504143476,-969833391,false,false,true,TRIANGLE
-2147483648,1702382137,true,1686761223,-1612536446,false,951056629,-1612535749,true	1fe2a58200000000e5784a39e489ef071fe2a83bb8aff8f580000022	-2147483648,1702382137,951056629,-1612535749,1686761223,-1612536446,false,false,true,TRIANGLE
-337846884,985030841,true,-337848248,985032529,false,2147483647,985031904,true	bab660b96bdcd848bab66751ffffffffbab664e06bdcdd9c8000001e	-337848248,985032529,-337846884,985030841,2147483647,985031904,true,true,false,TRIANGLE
-2147483648,2147483647,true,-977094319,2075122552,true,-977094318,-1090230638,false	3f04669200000000ffffffff45c2b952fbafdb7845c2b9518000003b	-2147483648,2147483647,-977094318,-1090230638,-977094319,2075122552,true,true,true,TRIANGLE
818985866,-765546428,true,-655520217,-1181479933,true,818986693,101021431,false	39940c0358ed8e27860576f7b0d0bec5525eb044b0d0bb8a80000021	-655520217,-1181479933,818985866,-765546428,818986693,101021431,false,false,true,TRIANGLE
1228569622,-1440449617,false,1228568805,-30440733,false,1228570173,2147483647,true	2a247bafc93a78e5ffffffffc93a7e3d7e2f82e3c93a7c168000001c	1228568805,-30440733,1228569622,-1440449617,1228570173,2147483647,true,true,false,TRIANGLE
2147483647,2147483647,false,2147483647,2147483647,false,2147483647,2147483647,false	ffffffffffffffffffffffffffffffffffffffffffffffff80000000	2147483647,2147483647,2147483647,2147483647,2147483647,2147483647,false,false,false,POINT
616035590,375103967,true,616034737,-2147483648,false,616035472,1242219476,true	00000000a4b7f1b1ca0ac3d4a4b7f506965ba1dfa4b7f4908000001f	616034737,-2147483648,616035590,375103967,616035472,1242219476,true,true,false,TRIANGLE
-2147483648,908062971,false,-2147483648,2147483647,true,-2147483648,908062039,false	b61fed5700000000ffffffff00000000b61ff0fb0000000080000021	-2147483648,908062039,-2147483648,908062971,-2147483648,2147483647,false,false,true,TRIANGLE
508895285,419986908,false,-1100438925,419987763,true,-2147483648,419987662,false	99087ddc00000000990881339e552035990880ce3e68a27380000025	-2147483648,419987662,508895285,419986908,-1100438925,419987763,false,false,true,TRIANGLE
-2147483648,611475126,false,-1761550760,-1675984560,true,-2147483648,611474266,false	1c1a815000000000a4725eb61700de58a4725b5a000000008000001a	-2147483648,611475126,-2147483648,611474266,-1761550760,-1675984560,true,true,false,TRIANGLE
700970067,-2147483648,false,235362043,1911067443,true,1528343653,1906965272,false	000000008e0756fbf1e89333db18ac65f1a9fb18a9c7f45380000026	235362043,1911067443,700970067,-2147483648,1528343653,1906965272,false,false,true,TRIANGLE
-1692939020,1768681668,true,1051679406,-2147483648,true,-2147483648,2147483647,true	0000000000000000ffffffffbeaf5aaee96bf0c41b17ccf48000003b	-2147483648,2147483647,1051679406,-2147483648,-1692939020,1768681668,true,true,true,TRIANGLE
1684915990,1436409748,true,1684915990,1436409748,false,2147483647,1436409749,false	d59ddf94e46dc716d59ddf95ffffffffd59ddf94e46dc71680000009	1684915990,1436409748,2147483647,1436409749,1684915990,1436409748,false,false,false,LINE
-2147483648,2147483647,false,-903982585,223668389,false,-903982122,-2147483648,true	0000000000000000ffffffff4a1e53d68d54e8a54a1e520780000003	-2147483648,2147483647,-903982122,-2147483648,-903982585,223668389,false,false,false,TRIANGLE
1002204833,2147483647,false,-2147483648,1526611233,true,1002204835,1950986332,false	dafe3d2100000000ffffffffbbbc6ea3f449b05cbbbc6ea18000000f	-2147483648,1526611233,1002204835,1950986332,1002204833,2147483647,true,false,false,TRIANGLE
411559160,-1410889004,true,411558362,695759225,false,411558361,1561619259,true	2be78ad49887e1d9dd146b3b9887e4f8a97871799887e1da8000003a	411558361,1561619259,411558362,695759225,411559160,-1410889004,true,true,true,TRIANGLE
1196338951,49157950,true,751382434,703539363,true,-355974947,818622164,true	82ee173e6ac840ddb0cb2ed4c74eaf07a9ef28a3acc92fa28000003b	-355974947,818622164,1196338951,49157950,751382434,703539363,true,true,true,TRIANGLE
-1698718653,-1843869864,true,-831700301,-1062789131,false,-831700467,-1062788376,true	1218c7581abf9c4340a722e84e6d42b340a71ff54e6d420d8000002f	-1698718653,-1843869864,-831700301,-1062789131,-831700467,-1062788376,true,false,true,TRIANGLE
-552993678,225610648,true,-552993678,-2147483648,false,-552993678,225610650,true	000000005f09fc728d728b9a5f09fc728d728b985f09fc7280000030	-552993678,-2147483648,-552993678,225610650,-552993678,225610648,false,true,true,TRIANGLE
-400398610,-2147483648,false,-400398610,-2147483648,true,-400398613,2147483647,false	00000000682266ebffffffff682266ee00000000682266ee80000023	-400398613,2147483647,-400398610,-2147483648,-400398613,2147483647,true,false,true,LINE
-726347268,361338224,false,-2147483648,-2147483648,true,-1480884850,-1965797783,false	00000000000000009589957054b4d1fc0ad44e6927bb7d8e80000009	-2147483648,-2147483648,-1480884850,-1965797783,-726347268,361338224,true,false,false,TRIANGLE
1886300592,2147483647,true,-2147483648,-2116721992,true,1886299905,-564052297,true	01d562b800000000fffffffff06ea9b05e613eb7f06ea70180000039	-2147483648,-2116721992,1886299905,-564052297,1886300592,2147483647,true,true,true,TRIANGLE
573734105,1521996456,true,573733189,1521996456,true,573733188,-663357656,false	5875f728a2327944dab7d2a8a2327cd9dab7d2a8a232794580000030	573733188,-663357656,573734105,1521996456,573733189,1521996456,false,true,true,TRIANGLE
-48558934,-1317768532,true,245817759,1198938523,true,2147483647,-469420086,true	317472ac7d1b0caac776599bffffffff640537ca8ea6e19f8000003f	-48558934,-1317768532,2147483647,-469420086,245817759,1198938523,true,true,true,TRIANGLE
-2147483648,-2147483648,false,-1450499022,2089538275,false,-36211595,-937594223,true	0000000000000000fc8bd2e37dd77475481d7291298b243280000007	-2147483648,-2147483648,-36211595,-937594223,-1450499022,2089538275,false,false,false,TRIANGLE
1689606209,255480385,true,1689605644,255479740,true,-2147483648,-2147483648,false	00000000000000008f3a5241e4b558418f3a4fbce4b5560c80000019	-2147483648,-2147483648,1689605644,255479740,1689606209,255480385,true,true,false,TRIANGLE
-1346418175,787761450,true,-1346418175,787761450,true,-1346418175,787761450,false	aef4492a2fbf4a01aef4492a2fbf4a01aef4492a2fbf4a0180000018	-1346418175,787761450,-1346418175,787761450,-1346418175,787761450,true,true,false,POINT
-1622896562,1938495750,true,1507396743,509446861,true,-1124037826,1938495936,false	9e5d8acd1f44904ef38b19c0d9d90c87f38b19063d008b3e8000001d	-1622896562,1938495750,1507396743,509446861,-1124037826,1938495936,true,true,false,TRIANGLE
1906473974,864652104,true,1906474079,-1415019576,true,1906473157,-1415019261,false	2ba883c8f1a278c5b3898b48f1a27c5f2ba88503f1a27bf68000001d	1906473157,-1415019261,1906474079,-1415019576,1906473974,864652104,true,true,false,TRIANGLE
337826185,2147483647,true,337826185,2147483647,true,337826185,142688799,true	8881421f9422d189ffffffff9422d189ffffffff9422d18980000038	337826185,142688799,337826185,2147483647,337826185,142688799,true,true,true,LINE
798205971,268641272,true,2147483647,2147483647,false,-227213797,-937914086,true	4818911a7274fe1bffffffffffffffff900323f8af93a81380000019	-227213797,-937914086,798205971,268641272,2147483647,2147483647,true,true,false,TRIANGLE
-2015250217,-2147483648,false,1663031092,-2147483648,false,-2147483648,1221957691,false	0000000000000000c8d5983be31fd7340000000007e1b8d780000002	-2147483648,1221957691,-2015250217,-2147483648,1663031092,-2147483648,false,false,false,TRIANGLE
-1610906186,803370199,false,-2147483648,803371130,false,-1610906655,-2147483648,false	0000000000000000afe2787a1ffb85b6afe274d71ffb83e180000006	-2147483648,803371130,-1610906655,-2147483648,-1610906186,803370199,false,false,false,TRIANGLE
-515438909,1733054660,false,-515438909,1733054660,false,2147483647,-2147483648,true	00000000614706c3e74c50c4ffffffffe74c50c4614706c380000022	-515438909,1733054660,2147483647,-2147483648,-515438909,1733054660,true,false,true,LINE
-1336277919,2147483647,true,-1336277921,-250773748,true,-1336277917,1240729272,true	710d7f0c305a045fffffffff305a0463c9f406b8305a04618000003f	-1336277921,-250773748,-1336277917,1240729272,-1336277919,2147483647,true,true,true,TRIANGLE
-2128223649,-251513825,false,-2128224604,2147483647,false,-2128225567,-667673993,false	58341a770125dae1ffffffff0125e25f7102341f0125dea480000007	-2128225567,-667673993,-2128223649,-251513825,-2128224604,2147483647,false,false,false,TRIANGLE
247061416,-756151013,true,2147483647,-580400104,false,247061290,-580399111,false	52ee0d1b8eb9db2a5d67cff9ffffffff5d67cc188eb9dba880000016	247061290,-580399111,247061416,-756151013,2147483647,-580400104,false,true,false,TRIANGLE
-2073348400,2147483647,true,-2073347539,-1513292380,true,-2073347537,1303944490,false	25ccfda4046b36d0ffffffff046b3a2fcdb89d2a046b3a2d8000001e	-2073348400,2147483647,-2073347539,-1513292380,-2073347537,1303944490,true,true,false,TRIANGLE
-1685168263,2147483647,false,2147483647,2109349963,false,-1188665897,1624883076,false	e0d9bf841b8e5f79fffffffffffffffffdba204b392665d780000006	-1685168263,2147483647,-1188665897,1624883076,2147483647,2109349963,false,false,false,TRIANGLE
-1272723307,2147483647,true,-2147483648,-1006821497,true,-1272724873,-1712118125,true	19f3269300000000ffffffff3423c89543fd1f873423c2778000003c	-2147483648,-1006821497,-1272724873,-1712118125,-1272723307,2147483647,true,true,true,TRIANGLE
1877851982,278978037,false,1877851982,278978037,false,-1831203830,-290103032,true	6eb5610812da0c0a90a0ddf5efedbf4e90a0ddf5efedbf4e80000008	-1831203830,-290103032,1877851982,278978037,-1831203830,-290103032,true,false,false,LINE
2147483647,-2133559310,false,-339326484,-2133559013,true,-339326292,-2133558641,true	00d477f26bc649ec00d47a8fffffffff00d4791b6bc64aac8000003d	-339326484,-2133559013,2147483647,-2133559310,-339326292,-2133558641,true,true,true,TRIANGLE
1412843641,-2147483648,true,956885232,168476175,false,-52258125,168476175,true	000000007ce29ab38a0abe0fd43648798a0abe0fb908e8f08000001b	-52258125,168476175,1412843641,-2147483648,956885232,168476175,true,true,false,TRIANGLE
1393117874,-2059397181,false,1393118753,-2059396883,true,2147483647,-2059396884,true	054017c3d3094ab2054018edffffffff054018ecd3094e218000001f	1393117874,-2059397181,2147483647,-2059396884,1393118753,-2059396883,true,true,false,TRIANGLE
1782619083,1594102906,false,-2147483648,2044049769,false,1782619691,-785201233,false	5132c7af00000000f9d5b969ea409e2bdf04147aea409bcb80000003	-2147483648,2044049769,1782619691,-785201233,1782619083,1594102906,false,false,false,TRIANGLE
-1769217307,-793320513,false,-2147483648,-2147483648,false,-2147483648,-2147483648,true	000000000000000050b6e3bf168be2e5000000000000000080000008	-2147483648,-2147483648,-1769217307,-793320513,-2147483648,-2147483648,true,false,false,LINE
1319343613,-1373858115,true,-2147483648,-96025794,false,1319343973,-1363645531,false	2e1c96bd000000007a46c33ecea397652eb86ba5cea395fd80000006	-2147483648,-96025794,1319343613,-1373858115,1319343973,-1363645531,false,false,false,TRIANGLE
535496284,33680550,true,535496284,33680550,true,535496284,33680550,false	8201eca69feb065c8201eca69feb065c8201eca69feb065c80000018	535496284,33680550,535496284,33680550,535496284,33680550,true,true,false,POINT
-1901243068,761339914,true,732090289,1120240890,false,-487689983,1120239088,false	ad61200a0ead5544c2c584faaba2cfb1c2c57df062ee710180000008	-1901243068,761339914,732090289,1120240890,-487689983,1120239088,true,false,false,TRIANGLE
-2035965033,1769821619,true,-2035965413,503461478,true,-2035964472,503463293,true	9e02366606a5a21be97d55b306a5a5c89e023d7d06a5a3978000003f	-2035965413,503461478,-2035964472,503463293,-2035965033,1769821619,true,true,true,TRIANGLE
1233339911,-215555348,false,1615695404,-2147483648,false,1233340661,-215555298,false	00000000c98346077326e31ee04d8e2c7326e2ecc98348f580000005	1233339911,-215555348,1615695404,-2147483648,1233340661,-215555298,false,false,false,TRIANGLE
2147483647,-580271699,false,2147483647,17427890,false,2147483647,199490657,true	5d69c1adffffffff8be3fc61ffffffff8109edb2ffffffff80000021	2147483647,-580271699,2147483647,17427890,2147483647,199490657,false,false,true,TRIANGLE
-415907345,2147483647,false,-145578315,17611442,true,-145578162,1186153714,false	810cbab26735c1efffffffff7752a74ec6b344f27752a6b580000016	-415907345,2147483647,-145578315,17611442,-145578162,1186153714,false,true,false,TRIANGLE
-2147483648,-98064155,true,2029881760,-98063947,false,2029881351,-98064029,true	7a27a8e5000000007a27a9b5f8fd89a07a27a963f8fd880780000021	-2147483648,-98064155,2029881351,-98064029,2029881760,-98063947,false,false,true,TRIANGLE
1978229465,-2147483648,true,1978229465,-2147483648,true,-2147483648,-1337662636,true	00000000000000003044e354f5e962d900000000f5e962d98000003b	-2147483648,-1337662636,1978229465,-2147483648,-2147483648,-1337662636,true,true,true,LINE
377405234,1032480846,true,2147483647,681252257,true,-374327218,610238382,true	a45f7fae69b0384ebd8a684effffffffa89b15a1967ebf328000003f	-374327218,610238382,2147483647,681252257,377405234,1032480846,true,true,true,TRIANGLE
-1206444517,1910303604,true,-595025551,-730710253,false,-1206445595,1910303118,false	54723f13381719e5f1dceb745c88a171f1dce98e38171e1b8000001d	-1206445595,1910303118,-595025551,-730710253,-1206444517,1910303604,true,true,false,TRIANGLE
2147483647,-180208539,false,-60476759,1686402236,false,-60477716,1686401712,true	75423c657c652eece48474bcffffffffe48472b07c6532a98000000d	-60477716,1686401712,2147483647,-180208539,-60476759,1686402236,true,false,false,TRIANGLE
-893097672,-737514062,false,-971741660,-2147483648,false,-971742497,-2147483648,false	00000000461462df540a6db24ac46938000000004614662480000001	-971742497,-2147483648,-971741660,-2147483648,-893097672,-737514062,false,false,false,TRIANGLE
985106162,2147483647,true,-1705902340,422435469,true,985106718,-2147483648,true	000000001a51fefcffffffffbab7891e992dda8dbab786f28000003d	-1705902340,422435469,985106718,-2147483648,985106162,2147483647,true,true,true,TRIANGLE
2147483647,-1967526464,false,-1744138804,-2137118085,true,-161750988,1129215587,false	009e2a7b180a8dccc34e7663ffffffff0ab9edc0765be03480000027	-1744138804,-2137118085,2147483647,-1967526464,-161750988,1129215587,false,false,true,TRIANGLE
-2147483648,-1352016693,false,-2147483648,-1352016693,true,627622178,-1661869511,true	1cf1e239000000002f69dccba568c1222f69dccb0000000080000032	-2147483648,-1352016693,627622178,-1661869511,-2147483648,-1352016693,true,true,true,LINE
-1875757733,1115953204,false,-1875757733,-2147483648,true,-1875757733,-281969008,false	000000001032355bc28418341032355b6f317e901032355b80000009	-1875757733,-2147483648,-1875757733,-281969008,-1875757733,1115953204,true,false,false,TRIANGLE
-1882890572,355735624,true,-1882890571,2147483647,true,140113743,1372939923,true	953418480fc55eb4ffffffff8859f74fd1d566930fc55eb58000003f	-1882890572,355735624,140113743,1372939923,-1882890571,2147483647,true,true,true,TRIANGLE
2147483647,1454612339,false,1811599706,-14619219,false,-2147483648,-2147483648,true	0000000000000000d6b39f73ffffffff7f20edadebfad15a80000021	-2147483648,-2147483648,1811599706,-14619219,2147483647,1454612339,false,false,true,TRIANGLE
438490436,2098830922,true,2147483647,2098830936,false,438490435,-2147483648,true	000000009a22d543fd199e58fffffffffd199e4a9a22d54480000038	438490435,-2147483648,2147483647,2098830936,438490436,2098830922,true,true,true,TRIANGLE
1003590563,2147483647,true,2147483647,860127975,true,-2147483648,2147483647,false	b34482e700000000ffffffffffffffffffffffffbbd193a38000001b	-2147483648,2147483647,2147483647,860127975,1003590563,2147483647,true,true,false,TRIANGLE
-1653295616,599654380,true,-2113951243,-1771057414,false,-1653295190,-1771057415,true	166fcef901ffa9f5a3bdffec1d74b7aa166fcefa1d74b60080000035	-2113951243,-1771057414,-1653295190,-1771057415,-1653295616,599654380,false,true,true,TRIANGLE
1134188803,-1560126730,false,1134188803,-1560126730,true,1134188803,-1560126730,true	23025af6c39a590323025af6c39a590323025af6c39a590380000030	1134188803,-1560126730,1134188803,-1560126730,1134188803,-1560126730,false,true,true,POINT
-1342070810,2087122627,false,-2147483648,2087123946,false,2019736096,2087123631,false	fc66f6c300000000fc66fbeaf862ba20fc66faaf30019fe680000006	-2147483648,2087123946,-1342070810,2087122627,2019736096,2087123631,false,false,false,TRIANGLE
-434318629,-2147483648,false,-2147483648,-2097279189,false,-1902275315,-2097279187,false	000000000000000002fe0f2d661cd2db02fe0f2b0e9d950d80000005	-2147483648,-2097279189,-434318629,-2147483648,-1902275315,-2097279187,false,false,false,TRIANGLE
-990437859,1744180179,true,-1444787180,-2147483648,true,2147483647,1744180708,false	0000000029e24c14e7f615e4ffffffffe7f613d344f71e1d80000028	-1444787180,-2147483648,2147483647,1744180708,-990437859,1744180179,true,false,true,TRIANGLE
265725776,-2147483648,false,265725777,2147483647,false,265725774,-810760626,true	000000008fd6a74effffffff8fd6a7514facc64e8fd6a7508000000c	265725774,-810760626,265725776,-2147483648,265725777,2147483647,true,false,false,TRIANGLE
1386329997,-1643488235,true,1386329997,-1643488236,true,1386329997,-1643488397,true	1e0a5b73d2a1b78d1e0a5c15d2a1b78d1e0a5c14d2a1b78d80000038	1386329997,-1643488397,1386329997,-1643488235,1386329997,-1643488236,true,true,true,TRIANGLE
1706923248,-134933180,false,1706923566,-2147483648,true,-311573121,-1419048998,false	000000006d6dc57f77f51544e5bd962e2b6b07dae5bd94f080000005	-311573121,-1419048998,1706923566,-2147483648,1706923248,-134933180,false,false,false,TRIANGLE
-2057371931,1626779494,false,-2057371931,1626779494,true,995794599,1626779430,true	e0f6af26055efee5e0f6af66bb5a9ea7e0f6af66055efee580000032	-2057371931,1626779494,995794599,1626779430,-2057371931,1626779494,true,true,true,LINE
-358515564,-109639977,false,1983572419,-588047578,false,-1993101851,-109639977,true	5cf31b260933ade5797706d7f63ae9c3797706d76aa17c9480000023	-1993101851,-109639977,1983572419,-588047578,-358515564,-109639977,false,false,true,TRIANGLE
-599703776,150476555,false,1257386520,150475668,true,-599703778,150475670,true	88f813945c413f1e88f8170bcaf2321888f813965c413f2080000025	-599703778,150475670,1257386520,150475668,-599703776,150476555,false,false,true,TRIANGLE
929869817,-1797417442,false,-321679503,-415478976,true,-2147483648,-1797418154,true	14dd935600000000673c4b40b76caff914dd961e6cd38f718000002f	-2147483648,-1797418154,929869817,-1797417442,-321679503,-415478976,true,false,true,TRIANGLE
-2147483648,2101350362,false,1118954241,-276281140,true,1118954184,2147483647,true	6f8848cc00000000ffffffffc2b1e301fd400fdac2b1e2c880000035	-2147483648,2101350362,1118954241,-276281140,1118954184,2147483647,false,true,true,TRIANGLE
2147483647,2147483647,true,-2147483648,-122226387,true,-1036519151,-2147483648,false	0000000000000000ffffffffffffffff78b6f92d4237f9118000002c	-2147483648,-122226387,-1036519151,-2147483648,2147483647,2147483647,true,false,true,TRIANGLE
-2147483648,636439867,false,1649011122,997241915,true,2147483647,997241386,true	a5ef4d3b00000000bb70b43bffffffffbb70b22ae249e9b28000001f	-2147483648,636439867,2147483647,997241386,1649011122,997241915,true,true,false,TRIANGLE
2147483647,-1087780710,false,2147483647,-1087780710,true,-233656753,-1087780920,false	3f29c7c87212ae4f3f29c89affffffff3f29c89affffffff80000020	-233656753,-1087780920,2147483647,-1087780710,-233656753,-1087780920,true,false,true,LINE
1789546101,372740565,false,1789546103,2147483647,false,1789546323,372740354,false	96379102eaaa4e75ffffffffeaaa4f53963791d5eaaa4e7780000005	1789546101,372740565,1789546323,372740354,1789546103,2147483647,false,false,false,TRIANGLE
-1247509693,-774260676,false,-1247509693,1568241465,true,-1247509693,1435984247,false	51d9b83c35a48343dd79773935a48343d597617735a4834380000010	-1247509693,-774260676,-1247509693,1568241465,-1247509693,1435984247,false,true,false,TRIANGLE
-366969655,-1660258473,true,2147483647,-1974727859,false,-366968724,-2147483648,true	000000006a207cc91d0a7757ffffffff0a4c0b4d6a20806c80000026	-366969655,-1660258473,-366968724,-2147483648,2147483647,-1974727859,false,false,true,TRIANGLE
2147483647,-1742195260,false,928272729,-1742194936,true,-265253710,-1742196052,false	182832ac70308cb218283708ffffffff182835c4b754515980000027	-265253710,-1742196052,2147483647,-1742195260,928272729,-1742194936,false,false,true,TRIANGLE
2147483647,2147483647,false,-1001843189,46225962,false,-214187045,46225960,true	82c15a284449160bffffffffffffffff82c15a2a733bc3db80000014	-1001843189,46225962,-214187045,46225960,2147483647,2147483647,false,true,false,TRIANGLE
3143649,-2147483648,true,2147483647,-640965523,true,-38297214,-640966131,true	000000007db7a18259cba46dffffffff59cba20d802ff7e18000003c	-38297214,-640966131,3143649,-2147483648,2147483647,-640965523,true,true,true,TRIANGLE
-2147483648,798092309,false,-2147483648,798092309,false,-2147483648,798092309,true	af91ec1500000000af91ec1500000000af91ec150000000080000020	-2147483648,798092309,-2147483648,798092309,-2147483648,798092309,false,false,true,POINT
2147483647,-2147483648,true,556596409,-246075665,true,-1854093175,603119869,true	00000000117cc889a3f2e0fdffffffff71552eefa12cfcb98000003b	-1854093175,603119869,2147483647,-2147483648,556596409,-246075665,true,true,true,TRIANGLE
463551076,1154678713,false,463551076,1825022210,true,2147483647,1825022210,false	c4d2ffb99ba13a64ecc7a102ffffffffecc7a1029ba13a6480000018	463551076,1154678713,2147483647,1825022210,463551076,1825022210,true,true,false,TRIANGLE
-2147483648,-2147483648,true,2147483647,-985633699,true,-1293091777,-985633111,true	000000000000000045406ea9ffffffff45406c5d32ecfc3f8000003f	-2147483648,-2147483648,2147483647,-985633699,-1293091777,-985633111,true,true,true,TRIANGLE
-2147483648,1021461521,false,2147483647,598038555,true,-2147483648,2147483647,false	a3a5581b00000000ffffffffffffffffbce244110000000080000015	-2147483648,1021461521,2147483647,598038555,-2147483648,2147483647,false,true,false,TRIANGLE
-596884270,-1061465641,false,2147483647,600067186,true,2147483647,600067189,false	40bb51d75c6c44d2a3c44c75ffffffffa3c44c72ffffffff80000011	-596884270,-1061465641,2147483647,600067186,2147483647,600067189,false,true,false,TRIANGLE
-2147483648,2147483647,false,-2147483648,-1586673080,false,-2147483648,2147483647,true	216d4a4800000000ffffffff00000000ffffffff0000000080000010	-2147483648,-1586673080,-2147483648,2147483647,-2147483648,-1586673080,false,true,false,LINE
2147483647,543895410,true,2147483647,543895410,true,-1017755051,543896738,true	a06b2f7243564a55a06b34a2ffffffffa06b2f72ffffffff8000003b	-1017755051,543896738,2147483647,543895410,-1017755051,543896738,true,true,true,LINE
-372896179,-1968160313,false,752812759,-2147483648,false,752812585,-1968160313,false	0000000069c60e4d0ab041c7acdf02d70ab041c7acdf022980000003	-372896179,-1968160313,752812759,-2147483648,752812585,-1968160313,false,false,false,TRIANGLE
-2147483648,2018454237,true,1135539011,-2147483648,true,-2147483648,2018454235,false	0000000000000000f84f2addc3aef343f84f2adb000000008000003a	-2147483648,2018454237,-2147483648,2018454235,1135539011,-2147483648,true,true,true,TRIANGLE
-2147483648,-1702103209,true,-459159693,-1290257379,false,2147483647,-1290256852,true	1a8bf7570000000033183e2cffffffff33183c1d64a1c77380000020	-2147483648,-1702103209,2147483647,-1290256852,-459159693,-1290257379,false,false,true,TRIANGLE
-1286163430,-1943666958,true,2147483647,-1943666960,false,-1286163455,609159757,false	0c25fef03356b401a44f0a4dffffffff0c25fef23356b41a80000012	-1286163455,609159757,-1286163430,-1943666958,2147483647,-1943666960,false,true,false,TRIANGLE
-1526398813,-2147483648,true,-683585351,-1828946565,false,-2147483648,-604935653,false	00000000000000005bf16a1b574150b912fc7d7b250500a380000016	-2147483648,-604935653,-1526398813,-2147483648,-683585351,-1828946565,false,true,false,TRIANGLE
-1477136589,-1665842673,true,-1701083265,1035273964,false,-1701083642,-1665842672,false	1cb5420f1a9b8606bdb506ec27f4af331cb542101a9b877f80000015	-1701083642,-1665842672,-1477136589,-1665842673,-1701083265,1035273964,false,true,false,TRIANGLE
-1935173393,-2147483648,true,-1935173393,-2147483648,true,-1745927865,-1901865208,true	000000000ca798ef0ea3d70817ef4147000000000ca798ef80000039	-1935173393,-2147483648,-1745927865,-1901865208,-1935173393,-2147483648,true,true,true,LINE
-2092453372,467613787,true,-2092453172,684498400,true,-2092453375,-1576157642,true	220dbe360347b201a8cc9de00347b2cc9bdf385b0347b20480000038	-2092453375,-1576157642,-2092453172,684498400,-2092453372,467613787,true,true,true,TRIANGLE
-201525182,-2147483648,false,-201525068,1568253146,false,-201525071,-1477641045,true	0000000073fcf842dd79a4da73fcf8b427ecfcab73fcf8b180000001	-201525182,-2147483648,-201525071,-1477641045,-201525068,1568253146,false,false,false,TRIANGLE
1279659413,315024646,false,1279659413,702050938,false,1279659413,702049962,true	92c6e506cc460d95a9d8727acc460d95a9d86eaacc460d9580000020	1279659413,315024646,1279659413,702050938,1279659413,702049962,false,false,true,TRIANGLE
-1623270221,-2147483648,false,-1763291333,2147483647,true,988176543,-2147483648,false	0000000016e64f3bffffffffbae6609f000000001f3edcb380000022	-1763291333,2147483647,-1623270221,-2147483648,988176543,-2147483648,false,false,true,TRIANGLE
2147483647,-30960506,false,478261716,2147483647,false,-293306594,2147483647,true	7e2794866e847f1effffffffffffffffffffffff9c81b1d48000000b	-293306594,2147483647,2147483647,-30960506,478261716,2147483647,true,false,false,TRIANGLE
-806697720,2147483647,true,907065083,1559176292,true,907065086,1610316988,true	dcef24644feac508ffffffffb610b6fedffb7cbcb610b6fb8000003e	-806697720,2147483647,907065083,1559176292,907065086,1610316988,true,true,true,TRIANGLE
653298734,245903648,false,653298734,245903648,true,653298734,245903648,true	8ea83120a6f08c2e8ea83120a6f08c2e8ea83120a6f08c2e80000030	653298734,245903648,653298734,245903648,653298734,245903648,false,true,true,POINT
-1738393437,1024465154,true,-1622829588,326192969,true,1045995455,1024465871,true	93714f49186238a3bd101bcfbe589fbfbd1019021f4595ec8000003c	-1738393437,1024465154,-1622829588,326192969,1045995455,1024465871,true,true,true,TRIANGLE
1594996815,-509156796,true,-1608828560,-1482758986,true,2147483647,-1482758382,false	279ee4b6201b397061a6e244ffffffff279ee712df11b84f8000002f	-1608828560,-1482758986,2147483647,-1482758382,1594996815,-509156796,true,false,true,TRIANGLE
2061141066,1529654457,false,2061140610,-2147483648,false,789845861,-2147483648,false	00000000af141765db2cacb9fada844a00000000fada828280000001	789845861,-2147483648,2061140610,-2147483648,2061141066,1529654457,false,false,false,TRIANGLE
-2084233210,-131702925,true,-2084234127,2147483647,false,2147483647,1239898026,false	78265f7303c51c71ffffffffffffffffc9e757aa03c5200680000006	-2084234127,2147483647,-2084233210,-131702925,2147483647,1239898026,false,false,false,TRIANGLE
-1068818728,-1064004474,true,2147483647,866045134,false,-887464069,-1064004475,true	40949485404b1ed8b39eccceffffffff409494864b1a5f7b80000024	-1068818728,-1064004474,-887464069,-1064004475,2147483647,866045134,false,false,true,TRIANGLE
-30577237,1801931478,true,-30577043,2147483647,true,-30577095,1801931854,false	eb674ad67e2d6dabffffffff7e2d6e6deb674c4e7e2d6e3980000039	-30577237,1801931478,-30577095,1801931854,-30577043,2147483647,true,true,true,TRIANGLE
-344758686,-482532250,false,-344758686,-482532250,true,2147483647,-482531974,false	633d24666b736662633d257affffffff633d24666b73666280000011	-344758686,-482532250,2147483647,-482531974,-344758686,-482532250,true,true,false,LINE
162443726,-2147483648,false,2147483647,-2147483648,false,162443844,-1490361974,false	0000000089aeb1ce272ae18affffffff0000000089aeb24480000007	162443726,-2147483648,2147483647,-2147483648,162443844,-1490361974,false,false,false,TRIANGLE
-1027331735,412818013,false,786010725,-1257298347,true,935039172,-1257296709,true	350f265542c42969989b1a5db7bb90c4350f2cbbaed9926580000036	-1027331735,412818013,786010725,-1257298347,935039172,-1257296709,false,true,true,TRIANGLE
1147558455,1276931704,false,-2147483648,1276932041,false,220301154,-2147483648,false	0000000000000000cc1c6fc9c4665a37cc1c6e788d21876280000006	-2147483648,1276932041,220301154,-2147483648,1147558455,1276931704,false,false,false,TRIANGLE
-602022554,-368065643,false,-1213168366,2147483647,false,-2147483648,-2066020714,true	04db069600000000ffffffff5c1ddd666a0fc39537b085128000000f	-2147483648,-2066020714,-602022554,-368065643,-1213168366,2147483647,true,false,false,TRIANGLE
-2147483648,338179927,false,534359488,1139522620,true,2147483647,338180605,false	9428375700000000c3ebbc3cffffffff942839fd9fd9adc08000001f	-2147483648,338179927,2147483647,338180605,534359488,1139522620,true,true,false,TRIANGLE
435094051,-2147483648,false,435093877,-2147483648,false,435093877,1002259461,false	0000000099ef0175bbbd440599ef02230000000099ef017580000002	435093877,1002259461,435093877,-2147483648,435094051,-2147483648,false,false,false,TRIANGLE
1107839383,1106159022,false,1107839383,1106159022,false,-1790094292,-1162513848,true	3ab57248154d542cc1eea5aec2084997c1eea5aec208499780000008	-1790094292,-1162513848,1107839383,1106159022,-1790094292,-1162513848,true,false,false,LINE
2138835294,328093998,true,72993067,2147483647,true,2147483647,328094575,false	938e512e8459c92bffffffffffffffff938e536fff7c095e80000026	72993067,2147483647,2138835294,328093998,2147483647,328094575,false,false,true,TRIANGLE
-2147483648,-684443852,true,-1206821736,1549224906,false,-1206821870,1512500098,false	5734373400000000dc574bca38115c98da26eb8238115c1280000021	-2147483648,-684443852,-1206821870,1512500098,-1206821736,1549224906,false,false,true,TRIANGLE
2147483647,2147483647,false,-1916053708,1219534958,false,-1916052779,1219534974,false	c8b0a06e0dcb5734ffffffffffffffffc8b0a07e0dcb5ad580000001	-1916053708,1219534958,-1916052779,1219534974,2147483647,2147483647,false,false,false,TRIANGLE
2147483647,-208186873,true,2147483647,-208187939,false,2147483647,2147483647,true	73974dddffffffffffffffffffffffff73975207ffffffff80000030	2147483647,-208187939,2147483647,2147483647,2147483647,-208186873,false,true,true,TRIANGLE
1477223265,-932509630,true,-518504813,-932509630,true,-465718534,-932509631,true	486b084161183e93486b0842d80ca361486b0842643db2fa8000003e	-518504813,-932509630,-465718534,-932509631,1477223265,-932509630,true,true,true,TRIANGLE
-2147483648,1484257005,true,218198274,1484257769,false,2147483647,1484257770,true	d877f6ed00000000d877f9eaffffffffd877f9e98d01710280000020	-2147483648,1484257005,2147483647,1484257770,218198274,1484257769,false,false,true,TRIANGLE
-150165581,-509368443,true,-150165581,-509368443,true,-150165581,-509368443,false	61a3a785770ca7b361a3a785770ca7b361a3a785770ca7b380000018	-150165581,-509368443,-150165581,-509368443,-150165581,-509368443,true,true,false,POINT
-2147483648,1457681197,false,2147483647,1457680727,true,-1681796226,1457681196,true	d6e2715700000000d6e2732dffffffffd6e2732c1bc1d37e80000033	-2147483648,1457681197,2147483647,1457680727,-1681796226,1457681196,false,true,true,TRIANGLE
-1434185565,-2147483648,false,1422536189,1043784016,true,197570886,2147483647,false	000000002a8410a3ffffffffd4ca2dfdbe36e1508bc6b14680000017	-1434185565,-2147483648,1422536189,1043784016,197570886,2147483647,false,true,false,TRIANGLE
989115196,-2089067489,true,2147483647,2147483647,false,-783552309,-2089067489,true	037b5c1f514bf0cbffffffffffffffff037b5c1fbaf4b33c80000019	-783552309,-2089067489,989115196,-2089067489,2147483647,2147483647,true,true,false,TRIANGLE
1877963731,2147483647,true,1877962776,1269012695,true,-2147483648,1269012697,true	cba398d700000000ffffffffefef73d3cba398d9efef70188000003c	-2147483648,1269012697,1877962776,1269012695,1877963731,2147483647,true,true,true,TRIANGLE
-307659477,-1033155422,true,-307659900,-1940293957,false,232968638,416585323,true	0c5976bb6da97b8498d4966b8de2d1be426b4ca26da97d2b80000030	-307659900,-1940293957,232968638,416585323,-307659477,-1033155422,false,true,true,TRIANGLE
2147483647,517911272,false,-1739638305,517911627,false,-1739639081,2147483647,true	9edeb2e8184f36d7ffffffffffffffff9edeb44b184f39df80000022	-1739639081,2147483647,-1739638305,517911627,2147483647,517911272,false,false,true,TRIANGLE
1088422149,-2121740804,false,1088422149,-2121740804,false,1088422690,-2121740803,true	0188cdfcc0e001050188cdfdc0e003220188cdfcc0e0010580000021	1088422149,-2121740804,1088422690,-2121740803,1088422149,-2121740804,true,false,true,LINE
-1953930299,187794754,false,-1953930299,-1905581995,false,-1953930299,-2147483648,false	000000000b8963c58b3185420b8963c50e6b20550b8963c580000000	-1953930299,-2147483648,-1953930299,187794754,-1953930299,-1905581995,false,false,false,TRIANGLE
2147483647,1241506599,false,-108223137,1241506218,true,-538350614,-2147483648,true	000000005fe96beac9ffe327ffffffffc9ffe1aa798ca55f80000028	-538350614,-2147483648,2147483647,1241506599,-108223137,1241506218,true,false,true,TRIANGLE
-2147483648,-2147483648,false,-2147483648,2147483647,false,1767129691,1998833715,false	0000000000000000ffffffffe954425bf723c8330000000080000007	-2147483648,-2147483648,1767129691,1998833715,-2147483648,2147483647,false,false,false,TRIANGLE
2147483647,2147483647,false,-2147483648,-1899066139,false,-408556729,-1899065724,true	0ece8ce500000000ffffffffffffffff0ece8e8467a5eb4780000011	-2147483648,-1899066139,-408556729,-1899065724,2147483647,2147483647,false,true,false,TRIANGLE
-1209580073,1479448356,false,-4581453,866215023,true,-4582310,866216046,true	b3a1646f37e745d7d82e97247fba17b3b3a1686e7fba145a80000033	-1209580073,1479448356,-4581453,866215023,-4582310,866216046,false,true,true,TRIANGLE
928458732,-245924012,true,-2147483648,-952118558,false,-2147483648,-1676708737,true	1c0f747f0000000071577f54b75727ec473fd2e20000000080000018	-2147483648,-1676708737,928458732,-245924012,-2147483648,-952118558,true,true,false,TRIANGLE
45799962,680752627,true,45799962,680752627,true,-1484931236,-2147483648,true	00000000277dbf5ca89375f382bada1aa89375f382bada1a80000038	-1484931236,-2147483648,45799962,680752627,-1484931236,-2147483648,true,true,true,LINE
-855881142,2147483647,false,2147483647,-1424826610,true,-297297278,2147483647,false	2b12df0e4cfc4a4affffffffffffffffffffffff6e479a8280000013	-855881142,2147483647,2147483647,-1424826610,-297297278,2147483647,false,true,false,TRIANGLE
414078793,-1058128671,false,414078885,766024221,false,414078222,-1058128652,true	40ee3ce198ae550eada89a1d98ae57a540ee3cf498ae57498000000c	414078222,-1058128652,414078793,-1058128671,414078885,766024221,true,false,false,TRIANGLE
2147483647,-657607960,true,-538699796,1576699483,true,-538699511,432891161,false	58cdb2e85fe417ecddfa865bffffffff99cd65195fe419098000002a	-538699796,1576699483,-538699511,432891161,2147483647,-657607960,true,false,true,TRIANGLE
-39300259,967934447,true,2147483647,-851322376,false,76937159,1696733056,false	4d41d9f87da8535de5221780ffffffffb9b181ef8495f7c78000000d	-39300259,967934447,2147483647,-851322376,76937159,1696733056,true,false,false,TRIANGLE
-94561213,2147483647,true,-94561213,-873310204,true,-94561213,-873310207,false	4bf258017a5d1c43ffffffff7a5d1c434bf258047a5d1c4380000030	-94561213,-873310207,-94561213,2147483647,-94561213,-873310204,false,true,true,TRIANGLE
-1441166995,170431092,true,2147483647,170431589,true,-2147483648,154289788,false	8932467c000000008a289465ffffffff8a2892742a19896d80000018	-2147483648,154289788,2147483647,170431589,-1441166995,170431092,true,true,false,TRIANGLE
89070793,621355311,false,89070793,621355311,true,89070793,621355311,false	a509212f854f1cc9a509212f854f1cc9a509212f854f1cc980000010	89070793,621355311,89070793,621355311,89070793,621355311,false,true,false,POINT
1595053339,2110581733,false,2147483647,37626656,true,-1574790779,37627206,false	823e232022229985fdccebe5ffffffff823e2546df12951b80000005	-1574790779,37627206,2147483647,37626656,1595053339,2110581733,false,false,false,TRIANGLE
-802704499,-1900648761,true,-802705561,-2147483648,false,2147483647,1649792789,false	000000005027af67e255d715ffffffff0eb666c75027b38d80000020	-802705561,-2147483648,2147483647,1649792789,-802704499,-1900648761,false,false,true,TRIANGLE
2011222743,2147483647,true,2011223223,1966077001,true,1249274560,1966077318,true	f52ff449ca766ac0fffffffff7e0d4b7f52ff586f7e0d2d78000003d	1249274560,1966077318,2011223223,1966077001,2011222743,2147483647,true,true,true,TRIANGLE
-1148528431,-1525010884,false,-1428798955,-1525010887,false,-1160845128,-2011171399,true	081ff5b92ad64215251a2e3c3b8ad8d1251a2e393acee8b880000014	-1428798955,-1525010887,-1160845128,-2011171399,-1148528431,-1525010884,false,true,false,TRIANGLE
-898596437,2147483647,false,-2147483648,2147483647,false,-2147483648,1497365503,false	d93ffbff00000000ffffffff4a7081abffffffff0000000080000000	-2147483648,1497365503,-898596437,2147483647,-2147483648,2147483647,false,false,false,TRIANGLE
785990962,-1686861082,true,-1272796724,-2147483648,false,-1272795599,-1686862555,false	000000003422a9cc1b748ae6aed945321b7485253422ae3180000000	-1272796724,-2147483648,785990962,-1686861082,-1272795599,-1686862555,false,false,false,TRIANGLE
-2147483648,1687805709,true,-2147483648,1687805709,false,2147483647,1687806313,true	e499df0d00000000e499e169ffffffffe499df0d0000000080000029	-2147483648,1687805709,2147483647,1687806313,-2147483648,1687805709,true,false,true,LINE
2147483647,-508670106,true,-1641664605,2147483647,true,2147483647,2147483647,true	61ae4f661e262fa3ffffffffffffffffffffffffffffffff8000003b	-1641664605,2147483647,2147483647,-508670106,2147483647,2147483647,true,true,true,TRIANGLE
1245913406,385418410,true,1245913406,-595742594,true,1245913406,-1362124095,false	2ecfa2c1ca43213e96f904aaca43213e5c7db07eca43213e80000030	1245913406,-1362124095,1245913406,385418410,1245913406,-595742594,false,true,true,TRIANGLE
1462083261,1494226163,false,1954495222,1190551675,true,-2147483648,2147483647,true	c6f6607b00000000fffffffff47f3af6d91014f3d7259ebd80000023	-2147483648,2147483647,1954495222,1190551675,1462083261,1494226163,false,false,true,TRIANGLE
-261049176,-183059775,true,-1354101858,-183059495,true,-1855033439,-183059025,true	7516bac1116e6fa17516bdaf7070b4a87516bbd92f4a0b9e8000003a	-1855033439,-183059025,-1354101858,-183059495,-261049176,-183059775,true,true,true,TRIANGLE
-1570063618,-2147483648,true,-2147483648,-2147483648,false,-1570064012,-2147483648,true	000000000000000000000000226abafe00000000226ab97480000031	-2147483648,-2147483648,-1570064012,-2147483648,-1570063618,-2147483648,false,true,true,TRIANGLE
-522235260,2147483647,true,-522234583,1044057829,true,-522234901,2147483647,false	be3b0ee560df5284ffffffff60df5529ffffffff60df53eb8000001b	-522235260,2147483647,-522234583,1044057829,-522234901,2147483647,true,true,false,TRIANGLE
1323280967,-2147483648,false,1323280967,-2147483648,false,-131972853,-2127993164,true	000000007822410b012966b4cedfaa4700000000cedfaa478000000b	-131972853,-2127993164,1323280967,-2147483648,-131972853,-2127993164,true,false,false,LINE
-292742677,738803014,true,-2147483648,738803688,false,-538049289,-2147483648,true	0000000000000000ac093fe86e8d19ebac093d465fee04f780000036	-2147483648,738803688,-538049289,-2147483648,-292742677,738803014,false,true,true,TRIANGLE
-1352176206,1287110671,false,-1352177094,2147483647,false,-1352177002,1287109882,true	ccb7bcfa2f676a3affffffff2f676db2ccb7c00f2f676a9680000016	-1352177094,2147483647,-1352177002,1287109882,-1352176206,1287110671,false,true,false,TRIANGLE
-1152729881,2087533553,true,2147483647,2147483647,false,-2147483648,2147483647,true	fc6d3bf100000000ffffffffffffffffffffffff3b4abce78000001e	-2147483648,2147483647,-1152729881,2087533553,2147483647,2147483647,true,true,false,TRIANGLE
445026752,-918995178,true,143208174,2147483647,true,-2147483648,-857103570,false	49393f1600000000ffffffff9a8691c04ce9a32e88892eee80000035	-2147483648,-857103570,445026752,-918995178,143208174,2147483647,false,true,true,TRIANGLE
895157212,2147483647,false,895156837,-2119370310,true,2147483647,-2119370308,true	01acf9bab55b0265ffffffffffffffff01acf9bcb55b03dc8000001f	895156837,-2119370310,2147483647,-2119370308,895157212,2147483647,true,true,false,TRIANGLE
2147483647,-1349828411,false,2147483647,480475415,false,2147483647,-1449841954,false	29952adeffffffff9ca37917ffffffff2f8b40c5ffffffff80000001	2147483647,-1449841954,2147483647,-1349828411,2147483647,480475415,false,false,false,TRIANGLE
1853329505,-2045426824,false,1853329505,-2045426824,true,1853329505,-2045426824,false	06154378ee77906106154378ee77906106154378ee77906180000010	1853329505,-2045426824,1853329505,-2045426824,1853329505,-2045426824,false,true,false,POINT
321654254,-668967670,false,-2147483648,-1045888196,false,-2147483648,100071932,true	41a9033c0000000085f6f9fc932c0dee58205d0a0000000080000026	-2147483648,100071932,-2147483648,-1045888196,321654254,-668967670,false,false,true,TRIANGLE
325591778,-1579488446,false,325592729,2147483647,false,-728785614,-1062283013,true	21daeb42548f9d32ffffffff9368269940aed8fb936822e28000000c	-728785614,-1062283013,325591778,-1579488446,325592729,2147483647,true,false,false,TRIANGLE
-1899596776,2146743318,false,-1899597608,2147483647,true,2147483647,-1316112325,false	318db83b0ec670d8fffffffffffffffffff4b4160ec6741880000022	-1899597608,2147483647,-1899596776,2146743318,2147483647,-1316112325,false,false,true,TRIANGLE
1180386926,345572809,false,1180387778,-2147483648,true,-2147483648,-2147483648,false	0000000000000000949905c9c65b49c200000000c65b466e80000007	-2147483648,-2147483648,1180387778,-2147483648,1180386926,345572809,false,false,false,TRIANGLE
1662079459,-1947561252,true,1725136661,-1947561255,true,-2147483648,-1519421166,false	0bea92d900000000256f7912e6d37f150bea92dce31151e380000032	-2147483648,-1519421166,1662079459,-1947561252,1725136661,-1947561255,false,true,true,TRIANGLE
669722445,-4004904,false,669722667,1950116610,true,669723615,1734655359,true	7fc2e3d8a7eb274df43c6b02a7eb2bdfe764bd7fa7eb282b8000001f	669722445,-4004904,669723615,1734655359,669722667,1950116610,true,true,false,TRIANGLE
1067595057,-241142076,false,1067595057,-241142076,true,2147483647,-241142074,false	71a076c4bfa2353171a076c6ffffffff71a076c4bfa2353180000011	1067595057,-241142076,2147483647,-241142074,1067595057,-241142076,true,true,false,LINE
-2096001137,494612297,true,1145802733,494612298,true,870363123,2147483647,false	9d7b2f4903118f8fffffffffc44b8fed9d7b2f4ab3e0aff38000001f	-2096001137,494612297,1145802733,494612298,870363123,2147483647,true,true,false,TRIANGLE
1584351245,881633835,false,-1149955947,-1323303123,false,-2147483648,1801082263,false	311fff2d00000000eb5a5597de6f480db48caa2b3b75109580000006	-2147483648,1801082263,-1149955947,-1323303123,1584351245,881633835,false,false,false,TRIANGLE
1688669649,2147483647,true,1688669649,2147483647,false,1688669649,-2147483648,true	00000000e4a70dd1ffffffffe4a70dd1ffffffffe4a70dd180000018	1688669649,-2147483648,1688669649,2147483647,1688669649,-2147483648,true,true,false,LINE
824224022,-1492641883,true,1932614966,-1492642344,false,824224084,-1492642307,false	270815d8b120a916270817a5f3315d36270815fdb120a95480000022	824224022,-1492641883,824224084,-1492642307,1932614966,-1492642344,false,false,true,TRIANGLE
-330884517,-123135491,false,-765353277,-123135491,true,-370321399,-2147483648,false	000000005261a2c378a919fd6c471a5b78a919fd69ed58098000000e	-765353277,-123135491,-370321399,-2147483648,-330884517,-123135491,true,false,false,TRIANGLE
-1205807380,-1899687615,true,-1205807380,-1899687868,false,2147483647,-1899687612,false	0ec510443820d6ec0ec51144ffffffff0ec511413820d6ec8000000c	-1205807380,-1899687615,-1205807380,-1899687868,2147483647,-1899687612,true,false,false,TRIANGLE
1144994952,-2147483648,false,1144994952,-2147483648,false,437945709,-2147483648,true	000000009a1a856d00000000c43f3c8800000000c43f3c8880000008	437945709,-2147483648,1144994952,-2147483648,437945709,-2147483648,true,false,false,LINE
-2147483648,1933481268,false,90663149,1933481270,true,-192420558,1933481269,false	f33e953400000000f33e9536856768edf33e95357487e53280000019	-2147483648,1933481268,-192420558,1933481269,90663149,1933481270,true,true,false,TRIANGLE
-365276355,-183306268,true,-2147483648,366492360,true,-365276355,366492705,true	7512f7e40000000095d83c216a3a533d95d83ac86a3a533d8000003d	-2147483648,366492360,-365276355,-183306268,-365276355,366492705,true,true,true,TRIANGLE
-681660147,1183483155,true,-1097530670,-1672259477,false,-1097530667,2147483647,false	1c53586b3e9502d2ffffffff575eb10dc68a85133e9502d580000007	-1097530670,-1672259477,-681660147,1183483155,-1097530667,2147483647,false,false,false,TRIANGLE
-2147483648,2147483647,false,1326161226,2147483647,true,153548438,87294199,true	853400f700000000ffffffffcf0b9d4affffffff8926f6968000001e	-2147483648,2147483647,153548438,87294199,1326161226,2147483647,true,true,false,TRIANGLE
-642875638,1175857260,true,2147483647,-667879738,false,267873373,2147483647,false	5830f6c659ae7f0affffffffffffffffc616286c8ff76c5d8000000d	-642875638,1175857260,2147483647,-667879738,267873373,2147483647,true,false,false,TRIANGLE
-88403654,1978708062,false,-2147483648,1978708571,false,-355667795,1209812540,false	c81c463c00000000f5f0b25b7abb113af5f0b05e6accf0ad80000006	-2147483648,1978708571,-355667795,1209812540,-88403654,1978708062,false,false,false,TRIANGLE
-2147483648,2147483647,false,-2147483648,2147483647,false,-2147483648,2147483647,false	ffffffff00000000ffffffff00000000ffffffff0000000080000000	-2147483648,2147483647,-2147483648,2147483647,-2147483648,2147483647,false,false,false,POINT
-2147483648,-2147483648,false,-797362704,1166615222,true,2147483647,-2147483648,false	0000000000000000c58922b6ffffffff00000000507935f08000001f	-2147483648,-2147483648,2147483647,-2147483648,-797362704,1166615222,true,true,false,TRIANGLE
2147483647,-1482767304,false,607295057,-772044310,true,-2147483648,2144554843,true	279ec43800000000ffd34f5bffffffff51fb89eaa432965180000022	-2147483648,2144554843,607295057,-772044310,2147483647,-1482767304,false,false,true,TRIANGLE
2147483647,-2147483648,false,-2147483648,-1111701076,true,-1064787729,2147483647,true	0000000000000000ffffffffffffffff3dbcc9ac4088a0ef8000003d	-2147483648,-1111701076,2147483647,-2147483648,-1064787729,2147483647,true,true,true,TRIANGLE
-1091945665,-1710425791,true,-1091946496,-1917277100,false,-1091945993,-1710426145,false	0db8ac543eea38001a0cf9413eea3b3f1a0cf7df3eea39f780000000	-1091946496,-1917277100,-1091945665,-1710425791,-1091945993,-1710426145,false,false,false,TRIANGLE
1270247079,1531211340,false,185912962,1531212115,true,1270247153,1531212089,false	db446e4c8b14ce82db447153cbb66ef1db447139cbb66ea780000026	185912962,1531212115,1270247079,1531211340,1270247153,1531212089,false,false,true,TRIANGLE
-440296115,-2147483648,false,-440294975,345806509,true,-2031333522,-1319060422,true	0000000006ec4f6e949c96ad65c1a1c13160bc3a65c19d4d8000002c	-2031333522,-1319060422,-440296115,-2147483648,-440294975,345806509,true,false,true,TRIANGLE
1167891808,-64699231,true,1167891808,-64699231,true,2147483647,1626587313,true	7c24c4a1c59c9d60e0f3c0b1ffffffff7c24c4a1c59c9d6080000039	1167891808,-64699231,2147483647,1626587313,1167891808,-64699231,true,true,true,LINE
-1950470753,848109834,false,-67494507,1271552846,true,-2147483648,2147483647,true	b28d210a00000000ffffffff7bfa1d95cbca5b4e0bbe2d9f8000002e	-2147483648,2147483647,-1950470753,848109834,-67494507,1271552846,true,false,true,TRIANGLE
2078521299,-1344452174,false,-1138597952,-1344453298,true,2147483647,2147483647,false	2fdd454e3c225fc0ffffffffffffffff2fdd49b2fbe3b7d380000021	-1138597952,-1344453298,2078521299,-1344452174,2147483647,2147483647,false,false,true,TRIANGLE
-2093771858,50547026,false,-2093771994,-2147483648,true,-2093771859,-1858817848,true	000000000333932683034952033393ae1134b0c8033393ad80000019	-2093771994,-2147483648,-2093771859,-1858817848,-2093771858,50547026,true,true,false,TRIANGLE
103342006,2147483647,false,103342006,309845883,false,103342006,309846582,true	9277df7b8628dfb6ffffffff8628dfb69277e2368628dfb680000011	103342006,309845883,103342006,309846582,103342006,2147483647,false,true,false,TRIANGLE
-181523146,1831810551,true,2010319281,1831809933,false,-181522435,2147483647,true	ed2f338d752e2d36fffffffff7d309b1ed2f35f7752e2ffd8000002d	-181523146,1831810551,2010319281,1831809933,-181522435,2147483647,true,false,true,TRIANGLE
2147483647,-2147483648,true,-846766808,-2147483648,false,-846766405,-2147483648,true	000000004d875d2800000000ffffffff000000004d875ebb80000031	-846766808,-2147483648,-846766405,-2147483648,2147483647,-2147483648,false,true,true,TRIANGLE
-851934240,2147483647,false,-851934240,2147483647,false,-851933400,-1665205885,false	1cbef9834d3883e0ffffffff4d388728ffffffff4d3883e080000002	-851934240,2147483647,-851933400,-1665205885,-851934240,2147483647,false,false,false,LINE
1516443329,-158918861,false,2147483647,-158919017,true,1516442379,-158919126,true	7687162ada63130b76871733ffffffff76871697da6316c180000027	1516442379,-158919126,2147483647,-158919017,1516443329,-158918861,false,false,true,TRIANGLE
-2147483648,2147483647,true,461185076,1265097054,false,2147483647,1265097276,true	cb67d95e00000000ffffffffffffffffcb67da3c9b7d20348000002e	-2147483648,2147483647,461185076,1265097054,2147483647,1265097276,true,false,true,TRIANGLE
1599348847,-690177348,false,-2013143909,-1129079793,false,-2013143908,-2147483648,true	000000000801dc9b56dcbabcdf54206f3cb39c0f0801dc9c80000014	-2013143909,-1129079793,-2013143908,-2147483648,1599348847,-690177348,false,true,false,TRIANGLE
1245386159,1400169850,true,-2147483648,-564916789,false,1245386158,1400168946,false	5e540dcb00000000d374e57aca3b15afd374e1f2ca3b15ae80000021	-2147483648,-564916789,1245386158,1400168946,1245386159,1400169850,false,false,true,TRIANGLE
2147483647,-2014949295,true,2147483647,-2014949488,true,-1948060911,2147483647,false	07e64f900be2f311ffffffffffffffff07e65051ffffffff8000001b	-1948060911,2147483647,2147483647,-2014949488,2147483647,-2014949295,true,true,false,TRIANGLE
690098615,-2147483648,false,690098615,-986440510,false,2147483647,1792888620,false	00000000a92211b7eadd4f2cffffffff45341cc2a92211b780000000	690098615,-2147483648,2147483647,1792888620,690098615,-986440510,false,false,false,TRIANGLE
550920663,876676077,false,550920663,876676077,false,550920663,876676077,true	b44103eda0d661d7b44103eda0d661d7b44103eda0d661d780000020	550920663,876676077,550920663,876676077,550920663,876676077,false,false,true,POINT
1274413165,-2147483648,false,1274413165,-1807679296,true,1274413165,-1807679295,true	00000000cbf6006d144100c1cbf6006d144100c0cbf6006d80000031	1274413165,-2147483648,1274413165,-1807679296,1274413165,-1807679295,false,true,true,TRIANGLE
-157308519,554366931,true,-1524653701,-2147483648,true,-2147483648,1610561904,false	0000000000000000dfff3970769fa999a10af7d3251fa17b8000001e	-2147483648,1610561904,-1524653701,-2147483648,-157308519,554366931,true,true,false,TRIANGLE
-2147483648,575237766,true,316572761,1749180378,false,896119181,1967160133,true	a2496e8600000000f5407b45b569b18de8425fda92de845980000020	-2147483648,575237766,896119181,1967160133,316572761,1749180378,false,false,true,TRIANGLE
-1277862535,370078611,true,-1277862536,-2147483648,false,-1277862772,101239227,true	0000000033d55c8c960ef39333d55d798608c9bb33d55d788000003c	-1277862772,101239227,-1277862536,-2147483648,-1277862535,370078611,true,true,true,TRIANGLE
-761105830,-721588157,true,389492415,-721587649,false,1344683424,-382349730,false	54fd704352a2725a6935ce5ed0263da054fd723f97372ebf80000009	-761105830,-721588157,389492415,-721587649,1344683424,-382349730,true,false,false,TRIANGLE
-967672355,-2147483648,false,-967671496,-2147483648,false,-1047857013,2147483647,true	00000000418af88bffffffff465281380000000046527ddd8000000a	-1047857013,2147483647,-967672355,-2147483648,-967671496,-2147483648,true,false,false,TRIANGLE
-760381235,1777673306,true,-760381235,1777673306,false,470389485,1777675043,false	e9f5245a52ad80cde9f52b239c0992ede9f5245a52ad80cd80000009	-760381235,1777673306,470389485,1777675043,-760381235,1777673306,false,false,false,LINE
1296196004,1688594626,false,1296195347,621499622,false,-1350286860,-37219,true	7fff6e9d2f8441f4e4a5e8c2cd4261a4a50b54e6cd425f1380000021	-1350286860,-37219,1296195347,621499622,1296196004,1688594626,false,false,true,TRIANGLE
1408153586,61596671,true,-2147483648,-2147483648,true,1408153586,79415519,true	000000000000000084bbc8dfd3eeb7f283abe3ffd3eeb7f280000039	-2147483648,-2147483648,1408153586,61596671,1408153586,79415519,true,true,true,TRIANGLE
-2147483648,2147483647,false,-1045585246,-2147483648,true,527705264,2147483647,true	0000000000000000ffffffff9f7424b0ffffffff41ada2a280000036	-2147483648,2147483647,-1045585246,-2147483648,527705264,2147483647,false,true,true,TRIANGLE
-794933731,102812470,false,1307777784,1817745546,false,953576114,1817745549,false	8620cb36509e461dec58988dcdf31af8ec58988ab8d66ab280000007	-794933731,102812470,1307777784,1817745546,953576114,1817745549,false,false,false,TRIANGLE
1710510737,-1663888344,false,1710510737,-2147483648,false,1710510737,-1663889071,true	00000000e5f452911cd31428e5f452911cd31151e5f4529180000011	1710510737,-2147483648,1710510737,-1663889071,1710510737,-1663888344,false,true,false,TRIANGLE
1708450678,-536289339,true,1880221219,-1870334023,false,117074242,-1870334023,true	1084f7b986fa69426008dfc5f011e6231084f7b9e5d4e3768000003f	117074242,-1870334023,1880221219,-1870334023,1708450678,-536289339,true,true,true,TRIANGLE
2147483647,-2085086796,false,2147483647,-2085086796,false,377531812,2147483647,false	03b819b49680ada4ffffffffffffffff03b819b4ffffffff80000003	377531812,2147483647,2147483647,-2085086796,377531812,2147483647,false,false,false,LINE
2061553691,1917265978,false,-1633645470,-1684348174,false,2147483647,-197132946,true	1b9ae2f21ea08c62f247283affffffff743ffd6efae0d01b80000017	-1633645470,-1684348174,2147483647,-197132946,2061553691,1917265978,false,true,false,TRIANGLE
-886148810,2147483647,false,-2147483648,-2147483648,false,-973450031,-881685941,true	0000000000000000ffffffff4b2e71364b728a4b45fa54d180000011	-2147483648,-2147483648,-973450031,-881685941,-886148810,2147483647,false,true,false,TRIANGLE
-2147483648,1490085301,false,-398245947,-1380068296,false,-2140284862,-2147483648,false	0000000000000000d8d0e5b568433fc52dbdd438006dd84280000006	-2147483648,1490085301,-2140284862,-2147483648,-398245947,-1380068296,false,false,false,TRIANGLE
-1347832579,-901990333,false,-876407834,-806100851,true,430924500,-901990495,true	4a3cb7a12fa9b4fd4ff3e08d99af62d44a3cb8434bc313e68000001d	-1347832579,-901990333,430924500,-901990495,-876407834,-806100851,true,true,false,TRIANGLE
-2147483648,-2147483648,true,1749593239,242795834,true,1749593237,-1694387001,false	00000000000000008e78c53ae848ac971b01b4c7e848ac9580000039	-2147483648,-2147483648,1749593237,-1694387001,1749593239,242795834,true,true,true,TRIANGLE
1980449221,-408741974,true,1669552107,-408741486,true,1980450284,-408742277,false	67a3167be38357eb67a31992f60b45ec67a317aaf60b41c58000002b	1669552107,-408741486,1980450284,-408742277,1980449221,-408741974,true,false,true,TRIANGLE
358525822,-167659201,false,358525822,-167659201,true,358525822,-167659201,true	7601b93f955eab7e7601b93f955eab7e7601b93f955eab7e80000030	358525822,-167659201,358525822,-167659201,358525822,-167659201,false,true,true,POINT
30798204,1085878356,false,891110590,2147483647,false,68600812,1085878617,false	c0b9305481d5f17cffffffffb51d44bec0b931598416c3ec80000001	30798204,1085878356,68600812,1085878617,891110590,2147483647,false,false,false,TRIANGLE
-809073436,-2147483648,true,-809073436,-2147483648,false,-809073436,1456896067,false	000000004fc684e4d6d678434fc684e4000000004fc684e480000009	-809073436,-2147483648,-809073436,1456896067,-809073436,-2147483648,false,false,false,LINE
1757950354,2147483647,true,-1635776256,2147483647,false,2147483647,-2147483648,true	000000001e800900ffffffffffffffffffffffffe8c8319280000033	-1635776256,2147483647,2147483647,-2147483648,1757950354,2147483647,false,true,true,TRIANGLE
-923102946,-2147483648,true,2147483647,-2147483648,true,2053356415,1983890857,true	0000000048fa911ef63fc5a9ffffffff00000000fa63bb7f8000003f	-923102946,-2147483648,2147483647,-2147483648,2053356415,1983890857,true,true,true,TRIANGLE
-2147483648,1543636262,false,-153451273,2147483647,false,-141694215,1543636830,false	dc02052600000000ffffffff778deaf9dc02075e76da84f780000007	-2147483648,1543636262,-141694215,1543636830,-153451273,2147483647,false,false,false,TRIANGLE
-543564075,-1581373302,false,-2146873954,2147483647,false,-457664304,-1581373438,false	21be280200094d9effffffff64b898d021be288a5f99ded580000002	-2146873954,2147483647,-543564075,-1581373302,-457664304,-1581373438,false,false,false,TRIANGLE
2147483647,2147483647,false,2147483647,2147483647,true,-1104982021,1601619548,true	df76c65c3e234ffbffffffffffffffffffffffffffffffff80000028	-1104982021,1601619548,2147483647,2147483647,-1104982021,1601619548,true,false,true,LINE
2147483647,2147483647,true,-458187400,-1418684593,true,-49574243,-2036910501,false	0697365b64b09d78ffffffffffffffff2b70974f7d0b8e9d8000002c	-458187400,-1418684593,-49574243,-2036910501,2147483647,2147483647,true,false,true,TRIANGLE
-790889320,710839583,false,-790889461,710838926,false,-790888406,710839157,false	aa5e8a8e50dbfc0baa5e8d1f50dc002aaa5e8b7550dbfc9880000007	-790889461,710838926,-790888406,710839157,-790889320,710839583,false,false,false,TRIANGLE
996243355,589849093,false,-2147483648,2147483647,true,996243818,-911825400,true	49a6a60800000000ffffffffbb61796aa3286205bb61779b8000001b	-2147483648,2147483647,996243818,-911825400,996243355,589849093,true,true,false,TRIANGLE
1873247460,-2147483648,true,-1508706873,-1378921297,false,1485583766,-1378921191,true	000000002612f5c72dcf5519efa77ce42dcf54afd88c35968000001d	-1508706873,-1378921297,1873247460,-2147483648,1485583766,-1378921191,true,true,false,TRIANGLE
2147483647,-1304989,true,1831346565,2147483647,false,1831345724,-1304988,true	7fec1663ed281e3cffffffffffffffff7fec1664ed2821858000001d	1831345724,-1304988,2147483647,-1304989,1831346565,2147483647,true,true,false,TRIANGLE
-544301656,782294442,false,-544301656,2147483647,true,-544301656,1326416509,false	aea0ddaa5f8e9da8ffffffff5f8e9da8cf0f827d5f8e9da880000010	-544301656,782294442,-544301656,2147483647,-544301656,1326416509,false,true,false,TRIANGLE
947616689,547898331,false,947616689,547898331,false,-1261476312,-2147483648,false	0000000034cf6628a0a843dbb87b7bb1a0a843dbb87b7bb180000000	-1261476312,-2147483648,947616689,547898331,-1261476312,-2147483648,false,false,false,LINE
2072761578,231835812,false,267051971,-2147483648,true,-232725189,-220656658,true	000000007220e53b8dd188a4fb8bd4ea72d90bee8feae3c380000024	-232725189,-220656658,267051971,-2147483648,2072761578,231835812,false,false,true,TRIANGLE
-162967855,-2124449361,false,-2147483648,-2124448765,false,-162967822,-2124448763,true	015f79af00000000015f7c0576494ef2015f7c0376494ed18000001c	-2147483648,-2124448765,-162967855,-2124449361,-162967822,-2124448763,true,true,false,TRIANGLE
-1384334507,2147483647,false,-1384334979,-2147483648,true,-1384334976,537909661,true	000000002d7cb97dffffffff2d7cbb55a00fd99d2d7cb98080000038	-1384334979,-2147483648,-1384334507,2147483647,-1384334976,537909661,true,true,true,TRIANGLE
-725726571,-1814610857,true,-725726624,1817030150,false,-2147483648,1871279312,false	13d73c5700000000ef8974d054be4a95ec4dae0654be4a6080000013	-2147483648,1871279312,-725726571,-1814610857,-725726624,1817030150,false,true,false,TRIANGLE
1583549055,1581210895,true,1583548225,1627011590,true,-1203653563,1581210897,false	de3f5d0f3841b445e0fa3a06de630a7fde3f5d11de63074180000035	-1203653563,1581210897,1583549055,1581210895,1583548225,1627011590,false,true,true,TRIANGLE
-1046775623,2147483647,false,-1046776155,-2147483648,false,2147483647,1133253249,false	00000000419b76a5ffffffffffffffffc38c1281419b78b980000007	-1046776155,-2147483648,2147483647,1133253249,-1046775623,2147483647,false,false,false,TRIANGLE
328548403,-1274901654,false,328548403,-1274901654,false,328548403,-1274901654,false	34028b6a9395403334028b6a9395403334028b6a9395403380000000	328548403,-1274901654,328548403,-1274901654,328548403,-1274901654,false,false,false,POINT
-2147483648,626943985,false,-2147483648,2147483647,false,46166807,2147483647,true	a55e67f100000000ffffffff82c07317ffffffff0000000080000000	-2147483648,626943985,46166807,2147483647,-2147483648,2147483647,false,false,false,TRIANGLE
-913467559,1796011912,false,-2147483648,-922646395,true,2147483647,-922647176,false	4901857800000000eb0cf788ffffffff49018885498d97598000000d	-2147483648,-922646395,2147483647,-922647176,-913467559,1796011912,true,false,false,TRIANGLE
1394079290,-1940312871,true,1394079290,-2147483648,false,1394079290,-1168107968,true	00000000d317f63a3a601640d317f63a0c592cd9d317f63a80000030	1394079290,-2147483648,1394079290,-1168107968,1394079290,-1940312871,false,true,true,TRIANGLE
-2147483648,-739764343,false,-1562547984,-739764448,false,-1562547692,-739764752,false	53e815f00000000053e8178922dd6a1453e8172022dd68f080000003	-2147483648,-739764343,-1562547692,-739764752,-1562547984,-739764448,false,false,false,TRIANGLE
-1838528655,1428264430,true,1644154779,1299967184,false,-2147483648,1428264430,false	cd7becd000000000d52195eee1ffcf9bd52195ee126a47718000001b	-2147483648,1428264430,1644154779,1299967184,-1838528655,1428264430,true,true,false,TRIANGLE
-1380961577,-21970319,true,-1380961341,1924812115,false,-1380960854,-21969920,true	7eb0c2712db032d7f2ba4d532db035aa7eb0c4002db033c380000027	-1380961577,-21970319,-1380960854,-21969920,-1380961341,1924812115,false,false,true,TRIANGLE
-582377222,1483826160,false,-582377222,1483826160,true,653179636,-2147483648,false	000000005d49a0fad87163f0a6eebaf4d87163f05d49a0fa80000012	-582377222,1483826160,653179636,-2147483648,-582377222,1483826160,true,true,false,LINE
-1749096441,-752610951,true,-2147483648,-752610232,false,-920073387,-752610382,false	5324117900000000532414484928cb55532413b217bee80780000006	-2147483648,-752610232,-1749096441,-752610951,-920073387,-752610382,false,false,false,TRIANGLE
-2147483648,-993034413,true,1857885214,2147483647,true,-2147483648,2147483647,false	44cf7f5300000000ffffffffeebd141effffffff0000000080000018	-2147483648,-993034413,1857885214,2147483647,-2147483648,2147483647,true,true,false,TRIANGLE
1770170756,372968481,false,963747875,372969409,false,1770171370,372968478,false	963b0c1eb971a023963b0fc1e982abea963b0c21e982a98480000003	963747875,372969409,1770171370,372968478,1770170756,372968481,false,false,false,TRIANGLE
2147483647,1622626294,true,1811221947,2147483647,false,2147483647,1622627202,true	e0b74ff6ebf50dbbffffffffffffffffe0b75382ffffffff8000001b	1811221947,2147483647,2147483647,1622626294,2147483647,1622627202,true,true,false,TRIANGLE
-479538432,2147483647,false,-89102836,731299789,true,126351787,280412582,true	90b6c1a6636ad300ffffffff8787f9abab96bfcd7ab0660c80000032	-479538432,2147483647,-89102836,731299789,126351787,280412582,false,true,true,TRIANGLE
1020064128,-2147483648,false,1996024436,-413850539,true,1020065797,1596941198,true	00000000bcccf180df2f638ef6f8ea7467552455bcccf80580000037	1020064128,-2147483648,1996024436,-413850539,1020065797,1596941198,false,true,true,TRIANGLE
-2147483648,-962497088,true,-2147483648,-962497088,false,-1880234847,-962496446,true	46a175c00000000046a178420fede4a146a175c00000000080000029	-2147483648,-962497088,-1880234847,-962496446,-2147483648,-962497088,true,false,true,LINE
7775527,738319474,true,1436630611,738318683,true,-325920184,738319478,true	ac01d95b6c92da48ac01dc76d5a13e53ac01dc728076a5278000003b	-325920184,738319478,1436630611,738318683,7775527,738319474,true,true,true,TRIANGLE
-1064275227,2147483647,false,-1130641523,492397281,false,-11220920,-2147483648,true	000000003c9bc78dffffffff7f54c8489d5962e1409072e580000015	-1130641523,492397281,-11220920,-2147483648,-1064275227,2147483647,false,true,false,TRIANGLE
-601783177,-2147483648,false,567102379,-1907096229,true,1316131653,1804481225,true	000000005c218477eb8e32c9ce7293450e54055ba1cd4bab80000031	-601783177,-2147483648,567102379,-1907096229,1316131653,1804481225,false,true,true,TRIANGLE
-1590068241,860444868,true,-1590068808,860445078,false,-1000604251,2147483647,true	b34958c4213979b8ffffffff445bfda5b349599621397bef8000001c	-1590068808,860445078,-1590068241,860444868,-1000604251,2147483647,true,true,false,TRIANGLE
-864943744,-146725759,false,-2147483648,-146725759,false,368219444,1555718933,false	7741248100000000dcba631595f29534774124814c72018080000001	-2147483648,-146725759,-864943744,-146725759,368219444,1555718933,false,false,false,TRIANGLE
-2147483648,-2147483648,false,-513203058,1352617790,false,-513203124,-2147483648,true	0000000000000000d09f4f3e6169248e000000006169244c80000001	-2147483648,-2147483648,-513203124,-2147483648,-513203058,1352617790,false,false,false,TRIANGLE
241844729,2147483647,true,241844729,2147483647,false,241844729,2147483647,true	ffffffff8e6a41f9ffffffff8e6a41f9ffffffff8e6a41f980000028	241844729,2147483647,241844729,2147483647,241844729,2147483647,true,false,true,POINT
1697689292,2147483647,true,1487838297,1453925418,true,1487837533,-974396600,true	45ebe348d8ae995dffffffffe530aeccd6a9242ad8ae9c5980000038	1487837533,-974396600,1697689292,2147483647,1487838297,1453925418,true,true,true,TRIANGLE
1221713188,644596996,true,1221713741,399128972,false,1614941832,283001405,true	90de423dc8d1dd24a66bc504e0420e8897ca398cc8d1df4d8000002a	1221713188,644596996,1221713741,399128972,1614941832,283001405,true,false,true,TRIANGLE
-667935164,2147483647,false,665631235,350961390,true,1951488403,2147483647,false	94eb3eee58301e44fffffffff4515993ffffffffa7acba0380000016	-667935164,2147483647,665631235,350961390,1951488403,2147483647,false,true,false,TRIANGLE
-1632243487,-72354206,true,-1632243487,-1371692009,false,-1632243487,-72354208,true	2e3da4171eb5f0e17baff6621eb5f0e17baff6601eb5f0e180000031	-1632243487,-1371692009,-1632243487,-72354208,-1632243487,-72354206,false,true,true,TRIANGLE
-2147483648,2032551873,true,1696945278,1639956771,true,2147483647,1639956769,false	e1bfc12100000000f92647c1ffffffffe1bfc123e525547e8000001a	-2147483648,2032551873,1696945278,1639956771,2147483647,1639956769,true,true,false,TRIANGLE
739046900,91037022,false,-2025511285,-1608633268,false,-2147483648,-812205121,false	201e344c00000000856d1d5eac0cf5f44f96bbbf0745268b80000004	-2147483648,-812205121,-2025511285,-1608633268,739046900,91037022,false,false,false,TRIANGLE
-2147483648,2147483647,true,-2147483648,2147483647,true,-2147483648,-2147483648,false	0000000000000000ffffffff00000000ffffffff0000000080000030	-2147483648,-2147483648,-2147483648,2147483647,-2147483648,-2147483648,true,true,true,LINE
-655160170,-1801121133,false,900082140,-318810900,true,-655160174,-318811408,true	14a5129358f30c926cff54ecb5a629dc6cff52f058f30c968000002c	-655160174,-318811408,-655160170,-1801121133,900082140,-318810900,true,false,true,TRIANGLE
-2128649761,-1600852073,false,-2128649760,2147483647,true,-2128650553,-1600852072,false	2094ef97011f5ec7ffffffff011f61e02094ef98011f61df80000024	-2128650553,-1600852072,-2128649761,-1600852073,-2128649760,2147483647,false,false,true,TRIANGLE
1072352164,-567964677,false,1072352229,1335072208,true,1072352202,2147483647,true	5e258bfbbfeacba4ffffffffbfeacbe5cf9395d0bfeacbca80000037	1072352164,-567964677,1072352229,1335072208,1072352202,2147483647,false,true,true,TRIANGLE
2147483647,-2147483648,false,-2147483648,2147483647,false,2100433461,2003072597,false	0000000000000000fffffffffffffffff7647655fd32123580000003	-2147483648,2147483647,2147483647,-2147483648,2100433461,2003072597,false,false,false,TRIANGLE
-2147483648,1794265325,true,1021456156,1794265323,false,14386900,1794265022,false	eaf24fbe00000000eaf250edbce22f1ceaf250eb80db86d480000026	-2147483648,1794265325,14386900,1794265022,1021456156,1794265323,false,false,true,TRIANGLE
-536376143,2147483647,false,-536376484,930804726,false,-536376277,930804892,true	b77af3f660078b5cffffffff60078cb1b77af49c60078c2b80000011	-536376484,930804726,-536376277,930804892,-536376143,2147483647,false,true,false,TRIANGLE
-2147483648,788798087,false,-2147483648,788798087,true,2095949868,-1895437664,false	0f05eaa000000000af041a87fceda82caf041a870000000080000012	-2147483648,788798087,2095949868,-1895437664,-2147483648,788798087,true,true,false,LINE
1108604026,2147483647,false,1108604026,2135491930,false,1108604026,2135491930,false	ff49055ac213f47affffffffc213f47aff49055ac213f47a80000000	1108604026,2135491930,1108604026,2147483647,1108604026,2135491930,false,false,false,LINE
-1763317886,284370507,false,2147483647,-609555886,false,-2147483648,-609555883,true	5baaea520000000090f3264bffffffff5baaea5516e5e78280000025	-2147483648,-609555883,2147483647,-609555886,-1763317886,284370507,false,false,true,TRIANGLE
-1341935071,-244447348,false,40117794,2147483647,false,40117961,-244447320,true	716e078c3003b221ffffffff826426c9716e07a88264262280000007	-1341935071,-244447348,40117961,-244447320,40117794,2147483647,false,false,false,TRIANGLE
-1850940126,-958683923,true,-2147483648,-958683155,true,-1832423702,-1947561629,true	0bea91630000000046dba7ed12c76eea46dba4ed11ace5228000003b	-2147483648,-958683155,-1832423702,-1947561629,-1850940126,-958683923,true,true,true,TRIANGLE
1329079067,-396368759,false,1329079183,1967842146,false,1329079185,2084118650,true	685fe489cf38231bfc39207acf382391f54ae362cf38238f80000021	1329079067,-396368759,1329079183,1967842146,1329079185,2084118650,false,false,true,TRIANGLE
972288099,-2141064839,true,972288818,2147483647,false,2147483647,2147483647,true	0061f179b9f3f063ffffffffffffffffffffffffb9f3f33280000020	972288099,-2141064839,2147483647,2147483647,972288818,2147483647,false,false,true,TRIANGLE
-1230538027,-2147483648,true,-1230538027,-2147483648,false,-1230538027,-2147483648,false	0000000036a77ad50000000036a77ad50000000036a77ad580000008	-1230538027,-2147483648,-1230538027,-2147483648,-1230538027,-2147483648,true,false,false,POINT
2006222552,-835680282,false,-2147483648,-835679990,true,2006222576,2147483647,true	4e3087e600000000fffffffff79486f04e30890af79486d88000003c	-2147483648,-835679990,2006222552,-835680282,2006222576,2147483647,true,true,true,TRIANGLE
-464015094,-1351972936,false,2076679324,1106676727,true,2076678447,-2147483648,false	000000006457b10ac1f68bf7fbc79c9c2f6a87b8fbc7992f8000001c	-464015094,-1351972936,2076678447,-2147483648,2076679324,1106676727,true,true,false,TRIANGLE
-978480124,2147483647,false,-2147483648,1257700148,false,728191180,1257700148,true	caf6fb3400000000ffffffffab6750cccaf6fb3445ad940480000017	-2147483648,1257700148,728191180,1257700148,-978480124,2147483647,false,true,false,TRIANGLE
2147483647,2147483647,true,728270942,561507851,true,-2435831,-1075949401,true	3fde50a77fdad509ffffffffffffffffa177ee0bab68885e80000038	-2435831,-1075949401,2147483647,2147483647,728270942,561507851,true,true,true,TRIANGLE
1877510349,992089105,false,1877510349,992089650,false,1877510349,1328832520,true	bb221411efe888cdcf346008efe888cdbb221632efe888cd80000021	1877510349,992089105,1877510349,992089650,1877510349,1328832520,false,false,true,TRIANGLE
941232756,2147483647,true,941232018,688849502,true,2147483647,1126214426,false	a90f025eb81a0f92ffffffffffffffffc320ab1ab81a12748000002f	941232018,688849502,2147483647,1126214426,941232756,2147483647,true,false,true,TRIANGLE
-1432022401,1283263341,true,-1432022401,1283263341,true,1863414465,2147483647,false	cc7d0b6d2aa5127fffffffffef1172c1cc7d0b6d2aa5127f80000019	-1432022401,1283263341,1863414465,2147483647,-1432022401,1283263341,true,true,false,LINE
1741284561,2147483647,false,810931528,2147483647,false,-1008045473,-1606330151,true	204158d943ea725fffffffffe7c9e4d1ffffffffb055d54880000008	-1008045473,-1606330151,1741284561,2147483647,810931528,2147483647,true,false,false,TRIANGLE
-1519106210,-1706865871,true,-1519106211,-1706865867,true,-1355966082,-1706866104,false	1a434a482574475d1a434b352f2d997e1a434b312574475e80000022	-1519106211,-1706865867,-1519106210,-1706865871,-1355966082,-1706866104,false,false,true,TRIANGLE
-742161992,2015036238,false,1971463683,-247055480,true,-742162156,-247055479,true	71463b8853c38114f81b034ef582260371463b8953c381b880000025	-742162156,-247055479,1971463683,-247055480,-742161992,2015036238,false,false,true,TRIANGLE
179166038,-1786223397,false,179166042,2147483647,false,2147483647,2050596196,false	158864db8aaddb56fffffffffffffffffa399d648aaddb5a80000007	179166038,-1786223397,2147483647,2050596196,179166042,2147483647,false,false,false,TRIANGLE
-2147483648,-2091041123,false,1006560938,2147483647,false,1006560737,-138817926,true	035d3e9d00000000ffffffffbbfee6aa77b9ce7abbfee5e180000001	-2147483648,-2091041123,1006560737,-138817926,1006560938,2147483647,false,false,false,TRIANGLE
857855197,-151266327,true,-2147483648,-2147483648,false,857855009,-2147483648,false	000000000000000076fbdbe9b321d4dd00000000b321d42180000021	-2147483648,-2147483648,857855009,-2147483648,857855197,-151266327,false,false,true,TRIANGLE
569636694,1988590269,false,569636694,1988590269,true,569635904,906509834,true	b6083e0aa1f3f440f6877abda1f3f756f6877abda1f3f75680000028	569635904,906509834,569636694,1988590269,569635904,906509834,true,false,true,LINE
-2147483648,-443388512,false,1855044370,-645815149,true,1653698664,2147483647,false	5981a49300000000ffffffffee91bb1265926da0e291706880000015	-2147483648,-443388512,1855044370,-645815149,1653698664,2147483647,false,true,false,TRIANGLE
-2147483648,-1974501179,true,-2147483648,-1974500918,false,-2147483648,-1974501004,true	0a4f80c5000000000a4f81ca000000000a4f81740000000080000028	-2147483648,-1974501179,-2147483648,-1974500918,-2147483648,-1974501004,true,false,true,TRIANGLE
524177061,2147483647,false,524176876,-2147483648,false,524176877,2147483647,false	000000009f3e4decffffffff9f3e4ea5ffffffff9f3e4ded80000000	524176876,-2147483648,524177061,2147483647,524176877,2147483647,false,false,false,TRIANGLE
1841794960,-1957286843,true,45954180,-743782159,true,1841795187,1015552147,false	0b562c4582bd3484bc881893edc7907353aac8f1edc78f9080000024	45954180,-743782159,1841794960,-1957286843,1841795187,1015552147,false,false,true,TRIANGLE
-2147483648,-937800192,true,1795722171,428570831,false,2147483647,-1825684968,true	132e421800000000998b78cfffffffff481a4e00eb088bbb80000025	-2147483648,-937800192,2147483647,-1825684968,1795722171,428570831,false,false,true,TRIANGLE
-2147483648,2147483647,false,73902583,2147483647,false,73902961,-1926883065,false	0d26190700000000ffffffff8467ab71ffffffff8467a9f780000003	-2147483648,2147483647,73902961,-1926883065,73902583,2147483647,false,false,false,TRIANGLE
-2147483648,-2147483648,false,-2147483648,-2147483648,true,-2147483648,-2147483648,false	00000000000000000000000000000000000000000000000080000010	-2147483648,-2147483648,-2147483648,-2147483648,-2147483648,-2147483648,false,true,false,POINT
-504565485,1022904312,false,-1186627094,1022905254,false,-504565485,1022904312,false	bcf847f8394581eabcf84ba661ecf113bcf847f861ecf11380000003	-1186627094,1022905254,-504565485,1022904312,-1186627094,1022905254,false,false,false,LINE
2147483647,833894635,true,-169260724,833894452,true,226738394,833895196,true	b1b4383475e9494cb1b43b1cffffffffb1b438eb8d83c0da8000003f	-169260724,833894452,2147483647,833894635,226738394,833895196,true,true,true,TRIANGLE
-1305140477,-1618166670,false,-2147483648,-2147483648,true,-543717164,-852402650,false	00000000000000004d315e265f9788d41f8cbc723235230380000021	-2147483648,-2147483648,-1305140477,-1618166670,-543717164,-852402650,false,false,true,TRIANGLE
2147483647,2147483647,true,-2147483648,524669655,false,-561585131,524669654,true	9f45d2d600000000ffffffffffffffff9f45d2d75e86e41580000034	-2147483648,524669655,-561585131,524669654,2147483647,2147483647,false,true,true,TRIANGLE
-2147483648,-308653950,true,1396876779,-308653952,false,2147483647,-308653949,true	6d9a5080000000006d9a5083ffffffff6d9a5082d342a5eb8000002c	-2147483648,-308653950,1396876779,-308653952,2147483647,-308653949,true,false,true,TRIANGLE
1256459102,507975861,true,1256459102,-498122258,false,1256459102,2147483647,false	624f41eecae40b5effffffffcae40b5e9e4718b5cae40b5e80000020	1256459102,-498122258,1256459102,2147483647,1256459102,507975861,false,false,true,TRIANGLE
1035202901,-1514338748,false,1035202901,-1514338748,true,-1516564923,-1514339984,false	25bd0170259b0e4525bd0644bdb3f15525bd0644bdb3f15580000020	-1516564923,-1514339984,1035202901,-1514338748,-1516564923,-1514339984,true,false,true,LINE
827262394,-964675491,false,588584723,-1458846759,true,2147483647,1709975549,false	290bc3d9a3151713e5ec27fdffffffff4680385db14f05ba80000008	588584723,-1458846759,2147483647,1709975549,827262394,-964675491,true,false,false,TRIANGLE
2147483647,-44003479,false,-1831124321,2147483647,false,2147483647,-44004492,false	7d608b7412db429fffffffffffffffff7d608f69ffffffff80000003	-1831124321,2147483647,2147483647,-44004492,2147483647,-44003479,false,false,false,TRIANGLE
-2147483648,829804845,false,-67089808,-2147483648,false,-67089182,829804975,true	0000000000000000b175d1af7c004ce2b175d12d7c004a7080000024	-2147483648,829804845,-67089808,-2147483648,-67089182,829804975,false,false,true,TRIANGLE
-434201763,1129062746,false,-434202769,2147483647,true,2147483647,1129062322,false	c34c1fb2661e976fffffffffffffffffc34c215a661e9b5d80000022	-434202769,2147483647,-434201763,1129062746,2147483647,1129062322,false,false,true,TRIANGLE
2147483647,-1807216028,false,1770996487,-2147483648,false,1770995879,1895647385,false	00000000e98f40a7f0fd4899ffffffff14481264e98f430780000006	1770995879,1895647385,1770996487,-2147483648,2147483647,-1807216028,false,false,false,TRIANGLE
1069582889,-1401165088,false,1015770826,2147483647,false,1069582933,-1401165725,true	2c7be863bc8b6ecaffffffffbfc08a552c7beae0bfc08a298000001a	1015770826,2147483647,1069582889,-1401165088,1069582933,-1401165725,true,true,false,TRIANGLE
-1129961056,2147483647,false,-1129961056,2147483647,false,-1129962193,727459782,true	ab5c27c63ca6252fffffffff3ca629a0ffffffff3ca629a080000008	-1129962193,727459782,-1129961056,2147483647,-1129962193,727459782,true,false,false,LINE
-1013931638,-1132201952,true,2147483647,1781849576,true,1408176658,1781849574,false	3c83f8204390a18aea34dde8ffffffffea34dde6d3ef121280000018	-1013931638,-1132201952,2147483647,1781849576,1408176658,1781849574,true,true,false,TRIANGLE
1537571204,-56592728,true,-305815528,-56592883,true,2147483647,-56592883,false	7ca0760d6dc5a0187ca076a8ffffffff7ca0760ddba579848000002f	-305815528,-56592883,2147483647,-56592883,1537571204,-56592728,true,false,true,TRIANGLE
-1471056698,-1911475468,false,-1471056698,-1773343662,false,-1471056698,2147483647,false	0e1132f4285174c6ffffffff285174c6164cec52285174c680000001	-1471056698,-1911475468,-1471056698,-1773343662,-1471056698,2147483647,false,false,false,TRIANGLE
-338855930,-1017108043,false,-338855419,2100554673,false,-967996779,2100554598,true	436029b5464d8a95fd33ebb16bcd7a05fd33eb666bcd78068000000c	-967996779,2100554598,-338855930,-1017108043,-338855419,2100554673,true,false,false,TRIANGLE
-1762981093,-2147483648,false,-1762981295,-2147483648,true,1461439920,-260487921,true	0000000016eb0a517079450fd71bcdb00000000016eb0b1b80000039	-1762981295,-2147483648,-1762981093,-2147483648,1461439920,-260487921,true,true,true,TRIANGLE
-1652702725,2147483647,true,-1652702695,-2147483648,true,-1652701800,2147483647,true	000000001d7dc1fbffffffff1d7dc598ffffffff1d7dc2198000003e	-1652702725,2147483647,-1652702695,-2147483648,-1652701800,2147483647,true,true,true,TRIANGLE
-2147483648,-2147483648,true,-2147483648,-2147483648,false,-2147483648,-2147483648,false	00000000000000000000000000000000000000000000000080000008	-2147483648,-2147483648,-2147483648,-2147483648,-2147483648,-2147483648,true,false,false,POINT
-1752135206,-486740107,false,-1752135837,2147483647,true,-1752135203,-486740109,false	62fcef7317908763ffffffff179089dd62fcef75179089da80000022	-1752135837,2147483647,-1752135206,-486740107,-1752135203,-486740109,false,false,true,TRIANGLE
-2031066762,-866245535,false,-1426864069,2147483647,false,-2052107932,-1667843161,false	1c96bba705af5164ffffffff2af3c83b4c5e246106f0617680000000	-2052107932,-1667843161,-1426864069,2147483647,-2031066762,-866245535,false,false,false,TRIANGLE
-1989604845,-104712046,true,2147483647,-1026000889,false,227176362,-586800166,true	42d8780709690a1379c23892ffffffff5d0623da8d8a6faa8000002b	-1989604845,-104712046,2147483647,-1026000889,227176362,-586800166,true,false,true,TRIANGLE
-1563445803,-1978915574,true,-212237553,845321609,true,2147483647,705166737,true	0a0c250a22cfb5d5b2629589ffffffffaa07fd917359830f8000003f	-1563445803,-1978915574,2147483647,705166737,-212237553,845321609,true,true,true,TRIANGLE
-621217625,-874565880,true,-621218310,-874565553,true,2147483647,-874566106,false	4bdf2e265af8f5fa4bdf304fffffffff4bdf2f085af8f8a780000022	-621218310,-874565553,-621217625,-874565880,2147483647,-874566106,false,false,true,TRIANGLE
-1690073136,2147483647,true,1451374034,-1041383627,false,-1690073281,-1041383625,false	41edbf351b43873fffffffffd68235d241edbf371b4387d08000001d	-1690073281,-1041383625,1451374034,-1041383627,-1690073136,2147483647,true,true,false,TRIANGLE
-1728304416,-2147483648,true,-1728304416,-2147483648,false,8086581,786912522,false	0000000018fc2ae0aee7550a807b64350000000018fc2ae080000009	-1728304416,-2147483648,8086581,786912522,-1728304416,-2147483648,false,false,false,LINE
-398519640,2147483647,true,-398520488,-1074922074,true,284436698,-2147483648,false	00000000683f0f58ffffffff90f428da3fedfda6683f12a88000002d	-398520488,-1074922074,284436698,-2147483648,-398519640,2147483647,true,false,true,TRIANGLE
1091813555,1752789331,true,1091813266,-2147483648,false,-551387263,1752789332,true	000000005f227f81e8797154c113c0b3e8797153c113bf928000003e	-551387263,1752789332,1091813266,-2147483648,1091813555,1752789331,true,true,true,TRIANGLE
-1231030678,-2101988450,false,1672480871,2147483647,false,2147483647,-144818826,false	02b6339e369ff66affffffffffffffff775e3d76e3b0086780000007	-1231030678,-2101988450,2147483647,-144818826,1672480871,2147483647,false,false,false,TRIANGLE
556585260,-1679694859,true,2147483647,-2147483648,true,556585303,-1641105362,false	00000000a12cd12c1e2eb82effffffff1be1e3f5a12cd1578000001d	556585260,-1679694859,2147483647,-2147483648,556585303,-1641105362,true,true,false,TRIANGLE
90253956,-768036264,true,-2147483648,2113128794,true,1265906737,-2033877764,false	06c57cfc00000000fdf3c95acb7434315238b25885612a8480000022	-2147483648,2113128794,90253956,-768036264,1265906737,-2033877764,false,false,true,TRIANGLE
466438711,2147483647,false,-1429240549,-458745762,true,-2147483648,-458745521,true	64a8185e00000000ffffffff9bcd4a3764a8194f2acf851b80000024	-2147483648,-458745521,-1429240549,-458745762,466438711,2147483647,false,false,true,TRIANGLE
-1900289942,-808171157,false,-1900289942,-808171157,false,2147483647,-2147483648,true	000000000ebbe06a4fd4496bffffffff4fd4496b0ebbe06a80000022	-1900289942,-808171157,2147483647,-2147483648,-1900289942,-808171157,true,false,true,LINE
-1469585160,946047903,false,-1469584533,1173022329,true,-1469585159,-1646483297,true	1ddca89f2867e8f8c5eae6792867eb6bb8638b9f2867e8f98000001c	-1469585160,946047903,-1469585159,-1646483297,-1469584533,1173022329,true,true,false,TRIANGLE
-612694294,2147483647,true,-612693523,-1612676118,false,-612693546,38404495,true	1fe083ea5b7b06eaffffffff5b7b09ed824a018f5b7b09d68000002b	-612694294,2147483647,-612693523,-1612676118,-612693546,38404495,true,false,true,TRIANGLE
-2147483648,171412168,false,-1732270219,171412168,false,2147483647,171412611,false	8a378ac8000000008a378c83ffffffff8a378ac818bfa77580000001	-2147483648,171412168,-1732270219,171412168,2147483647,171412611,false,false,false,TRIANGLE
1395131302,-811190049,false,1395131302,-811190047,true,1395131302,-2147483648,false	00000000d32803a64fa638e1d32803a64fa638dfd32803a680000021	1395131302,-2147483648,1395131302,-811190049,1395131302,-811190047,false,false,true,TRIANGLE
198305386,2147483647,true,-2147483648,2147483647,true,-2147483648,2147483647,true	ffffffff00000000ffffffff8bd1e66affffffff0000000080000038	-2147483648,2147483647,198305386,2147483647,-2147483648,2147483647,true,true,true,LINE
68400036,-1075679995,false,68399862,807539849,false,1535359393,-2147483648,true	000000008413b2f6b0221489db83b9a13fe26d058413b3a48000001a	68399862,807539849,68400036,-1075679995,1535359393,-2147483648,true,true,false,TRIANGLE
898467885,1634728012,false,898467885,1634728012,false,898467885,1634728012,true	e16ff84cb58d882de16ff84cb58d882de16ff84cb58d882d80000020	898467885,1634728012,898467885,1634728012,898467885,1634728012,false,false,true,POINT
-988513738,2147483647,false,2093691237,-720590924,true,-988513736,-720591380,true	550ca5ec45147a36fffffffffccb3165550ca7b445147a388000001e	-988513738,2147483647,-988513736,-720591380,2093691237,-720590924,true,true,false,TRIANGLE
1796705145,124847044,false,1796705025,-2142105875,false,-2083581537,124846693,true	00520eed03cf119f877103c4eb178b7987710265eb178b0180000024	-2083581537,124846693,1796705025,-2142105875,1796705145,124847044,false,false,true,TRIANGLE
2147483647,-1200176830,true,2093162123,-1200176829,true,-161600169,-1200176827,false	3876c142765e2d573876c145ffffffff3876c143fcc31e8b80000033	-161600169,-1200176827,2147483647,-1200176830,2093162123,-1200176829,false,true,true,TRIANGLE
2064870653,-1518083476,true,759663080,2147483647,false,-1486883267,2147483647,true	2583e26c275ff63dfffffffffb136cfdffffffffad4789e88000001b	-1486883267,2147483647,2064870653,-1518083476,759663080,2147483647,true,true,false,TRIANGLE
1885964423,2147483647,true,2147483647,948517430,true,1956945899,-2147483648,true	00000000f0698887ffffffffffffffffb8893a36f4a49feb8000003e	1885964423,2147483647,1956945899,-2147483648,2147483647,948517430,true,true,true,TRIANGLE
-1021200498,2057368356,true,2015174726,2147483647,true,-1351024283,2057369162,false	faa0f3242f790165fffffffff81d2046faa0f64a4321b78e80000034	-1351024283,2057369162,-1021200498,2057368356,2015174726,2147483647,false,true,true,TRIANGLE
2147483647,-1755460692,false,2147483647,-1755460692,true,690686222,669792221,false	175dcbaca92b090ea7ec37ddffffffff175dcbacffffffff80000023	690686222,669792221,2147483647,-1755460692,690686222,669792221,true,false,true,LINE
-1477826016,-1953487150,false,-1477826016,97806354,true,-1477826016,-1074544593,false	0b9026d227ea2a2085d4681227ea2a203ff3c02f27ea2a2080000010	-1477826016,-1953487150,-1477826016,97806354,-1477826016,-1074544593,false,true,false,TRIANGLE
1074054352,-238934803,true,1787131291,1304805288,true,1713492769,-238935289,true	71c22307c004c4d0cdc5bfa8ea85759b71c224ede621d3218000003c	1074054352,-238934803,1713492769,-238935289,1787131291,1304805288,true,true,true,TRIANGLE
-45391779,-2147483648,false,-45390287,41382091,true,-2147483648,41380877,false	0000000000000000827770cb7d4b663182776c0d7d4b605d80000024	-2147483648,41380877,-45391779,-2147483648,-45390287,41382091,false,false,true,TRIANGLE
-1479357831,905034922,true,-2147483648,-810317653,false,-1479357546,1872748975,false	4fb388ab00000000ef9fe1af27d2cb96b5f1bcaa27d2ca7980000001	-2147483648,-810317653,-1479357831,905034922,-1479357546,1872748975,false,false,false,TRIANGLE
2147483647,2147483647,false,1761098001,-504768702,false,-162152501,1683846755,false	61e9d7427655bfcbffffffffffffffffe45d7663e8f8391180000004	-162152501,1683846755,1761098001,-504768702,2147483647,2147483647,false,false,false,TRIANGLE
-1709358008,1686794812,false,-527219473,-2147483648,true,-2147483648,1686793923,false	0000000000000000e48a723c609344efe48a6ec31a1d444880000005	-2147483648,1686793923,-527219473,-2147483648,-1709358008,1686794812,false,false,false,TRIANGLE
1742449035,1016208643,true,1742449035,1016208643,true,532511796,1016207743,true	bc92197f9fbd7c34bc921d03e7dba98bbc921d03e7dba98b80000038	532511796,1016207743,1742449035,1016208643,532511796,1016207743,true,true,true,LINE
-58876338,-1801529245,true,2122767597,-509311505,false,2122767595,2147483647,true	149ed8637c7d9e4efffffffffe86dced61a485effe86dceb8000002f	-58876338,-1801529245,2122767597,-509311505,2122767595,2147483647,true,false,true,TRIANGLE
-1268722695,-1484956694,true,-1268723482,-1484957334,true,-2147483648,-1484957311,true	277d596a00000000277d5bea3460d3f9277d59813460d0e68000003c	-2147483648,-1484957311,-1268723482,-1484957334,-1268722695,-1484956694,true,true,true,TRIANGLE
1384985420,1976233669,true,544754036,2147483647,true,1384985421,618283712,false	a4da42c0a0784974ffffffffd28d334df5caeec5d28d334c8000002b	544754036,2147483647,1384985421,618283712,1384985420,1976233669,true,false,true,TRIANGLE
2147483647,-2147483648,false,-54943092,-1092654588,true,-2147483648,2040920812,false	0000000000000000f9a5faecffffffff3edf6a047cb9a28c80000002	-2147483648,2040920812,-54943092,-1092654588,2147483647,-2147483648,false,false,false,TRIANGLE
-1115001870,2147483647,false,-1115001870,-417236126,false,-1115001870,-417235737,false	67217b623d8a6bf2ffffffff3d8a6bf267217ce73d8a6bf280000001	-1115001870,-417236126,-1115001870,-417235737,-1115001870,2147483647,false,false,false,TRIANGLE
430530415,-926573828,false,430530106,-926573724,true,-2100420757,-1476414117,false	27ffb55b02ce1f6b48c59b6499a95f6f48c59afc99a95e3a80000027	-2100420757,-1476414117,430530415,-926573828,430530106,-926573724,false,false,true,TRIANGLE
-1918680077,204990914,false,-1918680077,204990914,false,-1918680077,204990914,false	8c37e9c20da343f38c37e9c20da343f38c37e9c20da343f380000000	-1918680077,204990914,-1918680077,204990914,-1918680077,204990914,false,false,false,POINT
2147483647,-2147483648,true,2147483647,1485678670,false,-551226554,1485677723,false	000000005f24f346d88da84effffffffd88da49bffffffff80000015	-551226554,1485677723,2147483647,-2147483648,2147483647,1485678670,false,true,false,TRIANGLE
-2147483648,583214096,false,-2147483648,-32665372,true,420754162,-2053657066,true	0597ae1600000000a2c32410991432f27e0d90e40000000080000032	-2147483648,583214096,-2147483648,-32665372,420754162,-2053657066,false,true,true,TRIANGLE
-377094553,-1905262057,true,-377095102,-1080316272,true,-377093992,-1905262709,false	0e6fff8b6985fc423f9bae90698600980e7002176985fe6780000022	-377095102,-1080316272,-377094553,-1905262057,-377093992,-1905262709,false,false,true,TRIANGLE
2147219959,-2147483648,true,2147483647,-2012702436,true,1759552920,2147483647,false	00000000e8e0a598ffffffffffffffff0808991cfffbf9f780000036	1759552920,2147483647,2147219959,-2147483648,2147483647,-2012702436,false,true,true,TRIANGLE
1789194916,-548462710,true,-651368036,-548461798,true,-2147483648,-548462711,true	5f4f1f89000000005f4f231aeaa4f2a45f4f1f8a592ce99c8000003f	-2147483648,-548462711,1789194916,-548462710,-651368036,-548461798,true,true,true,TRIANGLE
-435431671,-60579827,false,-435432163,-1296961212,true,-2147483648,928611782,true	32b1f14400000000b7597dc6660bd7097c63a00d660bd51d80000026	-2147483648,928611782,-435432163,-1296961212,-435431671,-60579827,false,false,true,TRIANGLE
587783846,-2147483648,true,587783846,-2147483648,false,587782934,346539680,false	00000000a308db1694a7c6a0a308dea600000000a308dea680000013	587782934,346539680,587783846,-2147483648,587782934,346539680,false,true,false,LINE
-793583427,-2147483648,true,1035629992,-2147483648,false,2147483647,578412495,true	0000000050b2e0bda279dfcfffffffff00000000bdba75a880000029	-793583427,-2147483648,1035629992,-2147483648,2147483647,578412495,true,false,true,TRIANGLE
-198606154,1085787935,true,-198606154,2147483647,true,-198606154,2055055473,true	c0b7cf1f742982b6ffffffff742982b6fa7da871742982b680000038	-198606154,1085787935,-198606154,2147483647,-198606154,2055055473,true,true,true,TRIANGLE
380971028,619724845,false,170635216,619724843,false,-2147483648,619724847,true	a4f0402b00000000a4f0402f96b52814a4f0402d8a2bafd080000026	-2147483648,619724847,170635216,619724843,380971028,619724845,false,false,true,TRIANGLE
-972983811,-1739038421,false,-972984289,-1739037846,true,-972984287,-1739037847,false	1858612b4601701f1858636a460171fd185863694601702180000023	-972984289,-1739037846,-972983811,-1739038421,-972984287,-1739037847,false,false,true,TRIANGLE
2147483647,-2147483648,false,1647783125,1081117543,false,-2147483648,1195221925,false	0000000000000000c73da3a5ffffffffc0708b67e2372cd580000003	-2147483648,1195221925,2147483647,-2147483648,1647783125,1081117543,false,false,false,TRIANGLE
592872386,1270031086,true,-562641244,-1532900279,false,1166854818,-1532898486,false	24a1cc495e76c6a4cbb322eec58ccaa224a1d34aa35683c280000027	-562641244,-1532900279,1166854818,-1532898486,592872386,1270031086,false,false,true,TRIANGLE
-89001443,-2147483648,false,-89001443,-2147483648,false,63889911,1250875256,false	000000007ab1f21dca8ed77883cee1f7000000007ab1f21d80000001	-89001443,-2147483648,63889911,1250875256,-89001443,-2147483648,false,false,false,LINE
1319628537,1695803067,true,2147483647,-488644448,true,1319628779,-488644449,false	62dfe09fcea7eef9e513e6bbffffffff62dfe0a0cea7efeb8000003e	1319628537,1695803067,1319628779,-488644449,2147483647,-488644448,true,true,true,TRIANGLE
2147483647,859998615,false,2147483647,-1426103419,false,1392085645,-1426103419,true	2aff6385d2f98a8db3428997ffffffff2aff6385ffffffff80000021	1392085645,-1426103419,2147483647,-1426103419,2147483647,859998615,false,false,true,TRIANGLE
-2147483648,-300582748,true,-2147483648,-2147483648,true,-778016628,680693835,false	0000000000000000a892904b51a0688c6e1578a4000000008000001c	-2147483648,-300582748,-2147483648,-2147483648,-778016628,680693835,true,true,false,TRIANGLE
147744479,-44246095,true,-1576415179,-44245406,false,-1576414926,-44245407,true	7d5cdbb12209d0357d5cde6288ce66df7d5cde612209d13280000032	-1576415179,-44245406,-1576414926,-44245407,147744479,-44246095,false,true,true,TRIANGLE
821637649,2147483647,true,612887221,601184381,true,612886477,601183852,true	a3d5566ca487e7cdffffffffb0f93211a3d5587da487eab580000039	612886477,601183852,612887221,601184381,821637649,2147483647,true,true,true,TRIANGLE
-293060523,1750432765,false,-293060523,1750432763,true,-293060523,2147483647,true	e8557bfb6e884055ffffffff6e884055e8557bfd6e88405580000018	-293060523,1750432763,-293060523,2147483647,-293060523,1750432765,true,true,false,TRIANGLE
2147483647,-60230458,true,2147483647,-60230458,false,2147483647,-60230458,false	7c68f4c6ffffffff7c68f4c6ffffffff7c68f4c6ffffffff80000008	2147483647,-60230458,2147483647,-60230458,2147483647,-60230458,true,false,false,POINT
2147483647,-2147483648,true,-1116228886,2147483647,true,-2147483648,507510452,true	0000000000000000ffffffffffffffff9e3ffeb43d77b2ea8000003d	-2147483648,507510452,2147483647,-2147483648,-1116228886,2147483647,true,true,true,TRIANGLE
-369117948,-2147483648,true,-2147483648,2010776876,false,2147483647,2010777209,true	0000000000000000f7da0679fffffffff7da052c69ffb5048000001c	-2147483648,2010776876,-369117948,-2147483648,2147483647,2010777209,true,true,false,TRIANGLE
1951184465,1313586296,true,2147483647,2147483647,true,1951184047,-1736752695,true	187b41c9f44cb4afffffffffffffffffce4bbc78f44cb65180000038	1951184047,-1736752695,2147483647,2147483647,1951184465,1313586296,true,true,true,TRIANGLE
261352474,-2147483648,false,-693425399,1902737133,true,-693425113,1902737456,true	0000000056ab2b09f16978308f93ec1af16976ed56ab2c278000003d	-693425399,1902737133,261352474,-2147483648,-693425113,1902737456,true,true,true,TRIANGLE
-2147483648,-2147483648,true,-2147483648,-1578560310,true,1264424831,-903092971,true	00000000000000004a2be515cb5d977f21e914ca0000000080000038	-2147483648,-2147483648,1264424831,-903092971,-2147483648,-1578560310,true,true,true,TRIANGLE
359188897,-2147483648,false,1820640963,-1582983610,false,359189314,-645901073,true	000000009568c9a1598054efec84c6c321a596469568cb4280000027	359188897,-2147483648,1820640963,-1582983610,359189314,-645901073,false,false,true,TRIANGLE
-256414511,-2147483648,false,-256414511,-2147483648,false,2147483647,-2147483648,true	0000000070b76cd100000000ffffffff0000000070b76cd180000021	-256414511,-2147483648,2147483647,-2147483648,-256414511,-2147483648,true,false,true,LINE
2147483647,-2147483648,false,1446095795,-215647606,true,1446096029,-2043307597,true	00000000d631abb373257a8affffffff063599b3d631ac9d8000001a	1446095795,-215647606,1446096029,-2043307597,2147483647,-2147483648,true,true,false,TRIANGLE
-754517331,-2147483648,false,-2147483648,-2112537195,true,2147483647,-2147483648,false	000000000000000002153d95ffffffff000000005306faad80000022	-2147483648,-2112537195,-754517331,-2147483648,2147483647,-2147483648,false,false,true,TRIANGLE
-627068419,162998759,true,-627068419,-548980513,true,-627068419,162998760,false	5f4738df5a9fb1fd89b729e85a9fb1fd89b729e75a9fb1fd80000028	-627068419,-548980513,-627068419,162998760,-627068419,162998759,true,false,true,TRIANGLE
-2147483648,-2147483648,true,-2147483648,-573658113,false,-531622490,-1691685962,true	00000000000000005dceabff605015a61b2aebb60000000080000027	-2147483648,-2147483648,-531622490,-1691685962,-2147483648,-573658113,false,false,true,TRIANGLE
-2147483648,-112804161,false,-403792531,-112804160,false,-2147483648,2147483647,true	7946bebf00000000ffffffff67ee9d6d7946bec00000000080000027	-2147483648,-112804161,-403792531,-112804160,-2147483648,2147483647,false,false,true,TRIANGLE
-2147483648,-486728987,false,177283527,-486728986,true,2147483647,-1418905326,true	2b6d39120000000062fd1ae6ffffffff62fd1ae58a9121c78000001d	-2147483648,-486728987,2147483647,-1418905326,177283527,-486728986,true,true,false,TRIANGLE
2147483647,-1398631488,true,2147483647,-1398631488,false,2147483647,-2147483648,true	00000000ffffffff2ca293c0ffffffff2ca293c0ffffffff80000018	2147483647,-2147483648,2147483647,-1398631488,2147483647,-2147483648,true,true,false,LINE
-395175381,742526855,false,73055663,75314074,false,73055163,75314075,false	847d339a68721a2bac420f87845abdaf847d339b845abbbb80000002	-395175381,742526855,73055163,75314075,73055663,75314074,false,false,false,TRIANGLE
-103289254,-491393089,true,-103289834,-491392744,true,-103289253,268444999,true	62b5efbf79d7ec169000254779d7ee5b62b5f11879d7ee5a8000003c	-103289834,-491392744,-103289254,-491393089,-103289253,268444999,true,true,true,TRIANGLE
-1580531152,-1009052857,false,-1580530948,-1329362532,false,-1580530523,2147483647,false	30c3899c21cb0230ffffffff21cb04a543db134721cb02fc80000004	-1580531152,-1009052857,-1580530948,-1329362532,-1580530523,2147483647,false,false,false,TRIANGLE
-984433025,538498315,false,-984433601,-1280880987,false,-984433603,538499647,true	33a74ea54552bc3da018da3f4552be7fa018d50b4552bc3f80000026	-984433603,538499647,-984433601,-1280880987,-984433025,538498315,false,false,true,TRIANGLE
-1422383894,-1088292843,true,-1422383577,-1869248306,false,-1422383808,-1088292841,true	109588ce2b3824ea3f21f8172b3826273f21f8152b3825408000002d	-1422383894,-1088292843,-1422383577,-1869248306,-1422383808,-1088292841,true,false,true,TRIANGLE
1809982625,2147483647,true,570859971,-2108268730,true,1809982626,1740721202,true	02565f46a206a1c3ffffffffebe224a2e7c14c32ebe224a18000003f	570859971,-2108268730,1809982626,1740721202,1809982625,2147483647,true,true,true,TRIANGLE
1442762871,-1400971592,true,1442762871,-1400971592,false,1442762871,-1400971592,true	2c7edeb8d5fed0772c7edeb8d5fed0772c7edeb8d5fed07780000028	1442762871,-1400971592,1442762871,-1400971592,1442762871,-1400971592,true,false,true,POINT
-2147483648,1933294681,true,1151219241,1933294879,true,1151218233,1933295966,true	f33bbc5900000000f33bc15ec49e3629f33bbd1fc49e32398000003f	-2147483648,1933294681,1151219241,1933294879,1151218233,1933295966,true,true,true,TRIANGLE
1605391309,-1374471092,true,2147483647,-1374471056,false,2147483647,-1374470971,false	2e133c4cdfb053cd2e133cc5ffffffff2e133c70ffffffff80000009	1605391309,-1374471092,2147483647,-1374471056,2147483647,-1374470971,true,false,false,TRIANGLE
-551236508,175278193,true,-1502783850,175277555,true,-1502783957,175278600,true	8a7285f3266d562b8a728a085f24cc648a728871266d56968000003e	-1502783957,175278600,-1502783850,175277555,-551236508,175278193,true,true,true,TRIANGLE
826618267,1472043729,false,826617946,1472042463,false,2096339021,1472042579,false	d7bd95dfb145305ad7bd9ad1fcf3984dd7bd9653b145319b80000007	826617946,1472042463,2096339021,1472042579,826618267,1472043729,false,false,false,TRIANGLE
2147483647,2147483647,true,-13400174,-1594667132,true,-2147483648,-1536461176,true	20f34f8400000000ffffffffffffffff246b76887f3387928000003c	-2147483648,-1536461176,-13400174,-1594667132,2147483647,2147483647,true,true,true,TRIANGLE
-642286923,-913148975,false,-1117433048,-785811006,false,-642287053,-913149155,false	4992731d3d655328512979c259b77ab5499273d159b77a3380000006	-1117433048,-785811006,-642287053,-913149155,-642286923,-913148975,false,false,false,TRIANGLE
2147483647,-2144100283,true,2147483647,-2144100283,false,1615389325,694674868,true	0033a045e048e28da967e5b4ffffffff0033a045ffffffff8000001b	1615389325,694674868,2147483647,-2144100283,1615389325,694674868,true,true,false,LINE
-2147483648,1088039856,true,1907214853,1088039321,true,1907214150,773930969,true	ae213fd900000000c0da2bb0f1adca05c0da2999f1adc7468000003e	-2147483648,1088039856,1907214150,773930969,1907214853,1088039321,true,true,true,TRIANGLE
868394486,897755220,true,2147483647,897755219,true,-1673499800,897755220,true	b582a8531c406b68b582a854ffffffffb582a854b3c2a5f68000003b	-1673499800,897755220,2147483647,897755219,868394486,897755220,true,true,true,TRIANGLE
-496947334,-762880345,true,-496948985,-762880698,false,645275266,-762881600,true	528759c06261290752875ea7a6761e8252875d4662612f7a80000035	-496948985,-762880698,645275266,-762881600,-496947334,-762880345,false,true,true,TRIANGLE
2063860335,2147483647,true,2063860335,-2147483648,false,2063860335,2147483647,false	00000000fb04026ffffffffffb04026ffffffffffb04026f80000020	2063860335,-2147483648,2063860335,2147483647,2063860335,-2147483648,true,false,true,LINE
-144849399,-376835482,false,-2147483648,-376836195,true,-144848711,-1527907879,true	24edf9d9000000006989f266775dc8b96989ef9d775dc6098000001d	-2147483648,-376836195,-144848711,-1527907879,-144849399,-376835482,true,true,false,TRIANGLE
2147483647,2147483647,false,-2147483648,-2002191490,true,1496498471,-2002190920,true	08a8fb7e00000000ffffffffffffffff08a8fdb8d932c12780000019	-2147483648,-2002191490,1496498471,-2002190920,2147483647,2147483647,true,true,false,TRIANGLE
1436876818,1554231401,true,1436876818,1554231401,false,1758643050,-1899051013,false	0ecec7fbd5a50012dca3b069e8d2c36adca3b069d5a500128000000a	1436876818,1554231401,1758643050,-1899051013,1436876818,1554231401,false,false,false,LINE
1931936957,-1099906979,false,1931935978,-1099906663,false,2147483647,-1099906103,true	3e70c05df32700ea3e70c3c9ffffffff3e70c199f32704bd8000001c	1931935978,-1099906663,1931936957,-1099906979,2147483647,-1099906103,true,true,false,TRIANGLE
677910576,1147477160,false,677910576,-2147483648,false,-390772191,1147477022,true	0000000068b54a21c4651ca8a8681830c4651c1ea868183080000025	-390772191,1147477022,677910576,-2147483648,677910576,1147477160,false,false,true,TRIANGLE
1283323904,-2147483648,true,1283323904,-465756045,true,1283323904,-2147483648,true	00000000cc7df800643d2073cc7df80000000000cc7df80080000038	1283323904,-2147483648,1283323904,-465756045,1283323904,-2147483648,true,true,true,LINE
1643603236,279386136,true,1643602552,279387063,false,1643602977,2147483647,true	90a71818e1f76278ffffffffe1f7652490a71bb7e1f764218000001d	1643602552,279387063,1643603236,279386136,1643602977,2147483647,true,true,false,TRIANGLE
-2039183850,146600040,false,551821248,146599529,false,551822097,146600525,true	88bcee690674861688bcf24da0e4231188bcf068a0e41fc080000024	-2039183850,146600040,551821248,146599529,551822097,146600525,false,false,true,TRIANGLE
-295689850,-405851346,true,-295690206,-886639138,false,2147483647,1790880445,false	4b26f5de6e602022eabeaabdffffffff67cf332e6e60218680000020	-295690206,-886639138,2147483647,1790880445,-295689850,-405851346,false,false,true,TRIANGLE
2147483647,2147483647,false,2147483647,2147483647,true,2147483647,2147483647,true	ffffffffffffffffffffffffffffffffffffffffffffffff80000030	2147483647,2147483647,2147483647,2147483647,2147483647,2147483647,false,true,true,POINT
1100512368,207521455,true,1100512368,-2147483648,true,1100512368,2147483647,true	00000000c1987c70ffffffffc1987c708c5e86afc1987c7080000038	1100512368,-2147483648,1100512368,2147483647,1100512368,207521455,true,true,true,TRIANGLE
96807877,2147483647,false,-2147483648,1312999933,false,2147483647,-596251403,true	5c75ecf500000000ffffffffffffffffce42c9fd85c52bc580000015	-2147483648,1312999933,2147483647,-596251403,96807877,2147483647,false,true,false,TRIANGLE
-1482608250,-1374800948,false,-2147483648,1761468705,false,1017923268,2147483647,false	2e0e33cc00000000ffffffffbcac46c4e8fde12127a1318680000004	-2147483648,1761468705,-1482608250,-1374800948,1017923268,2147483647,false,false,false,TRIANGLE
2007681572,-2147483648,false,-2147483648,-2147483648,false,2007681573,-1183418612,false	00000000000000003976770cf7aaca2500000000f7aaca2480000001	-2147483648,-2147483648,2007681572,-2147483648,2007681573,-1183418612,false,false,false,TRIANGLE
-469990080,2147483647,false,-469990080,-967322808,false,-469990076,-967322669,false	4657d34863fc8540ffffffff63fc85444657d3d363fc854080000006	-469990080,2147483647,-469990080,-967322808,-469990076,-967322669,false,false,false,TRIANGLE
-1193849491,-2147483648,true,-300165574,-2147483648,true,-1193849305,1166411169,false	0000000038d74d6dc58605a16e1bd63a0000000038d74e278000001f	-1193849491,-2147483648,-300165574,-2147483648,-1193849305,1166411169,true,true,false,TRIANGLE
-1151355961,-1451309468,false,-1151355961,-1451309468,false,2147483647,2147483647,false	297ec6643b5fb3c7ffffffffffffffff297ec6643b5fb3c780000001	-1151355961,-1451309468,2147483647,2147483647,-1151355961,-1451309468,false,false,false,LINE
1795975627,354616299,false,2147483647,-2147483648,true,2147483647,354616141,true	00000000eb0c69cb952303ebffffffff9523034dffffffff80000033	1795975627,354616299,2147483647,-2147483648,2147483647,354616141,false,true,true,TRIANGLE
2147483647,2147483647,true,-1433332002,2147483647,true,370617106,1743983342,true	e7f312ee2a9116deffffffffffffffffffffffff96172b128000003e	-1433332002,2147483647,370617106,1743983342,2147483647,2147483647,true,true,true,TRIANGLE
-996946649,-1396313517,false,-996947677,-2147483648,true,-2147483648,-951893603,false	00000000000000004743419d4493cd272cc5f2534493c92380000006	-2147483648,-951893603,-996947677,-2147483648,-996946649,-1396313517,false,false,false,TRIANGLE
121377607,505322802,false,2147483647,-2147483648,true,-536499195,816875084,false	000000006005ac05b0b0864cffffffff9e1e9d32873c134780000003	-536499195,816875084,2147483647,-2147483648,121377607,505322802,false,false,false,TRIANGLE
581199386,-660077148,true,581199386,-660077618,false,581199386,-137513513,false	58a803cea2a4661a77cdb5d7a2a4661a58a805a4a2a4661a80000020	581199386,-660077618,581199386,-137513513,581199386,-660077148,false,false,true,TRIANGLE
438247480,-2147483648,true,-1543148487,-766508446,true,438248348,1875822398,true	0000000024056c39efcec73e9a1f239c525002629a1f20388000003c	-1543148487,-766508446,438247480,-2147483648,438248348,1875822398,true,true,true,TRIANGLE
-2147483648,-1600343924,true,-2147483648,-1600343924,false,1414042112,-1600342474,false	209cb08c00000000209cb636d4489200209cb08c0000000080000009	-2147483648,-1600343924,1414042112,-1600342474,-2147483648,-1600343924,false,false,false,LINE
-1166866224,1695552981,true,-1166866228,1695552283,true,2147483647,1695553895,true	e510131b3a7308cce5101967ffffffffe51015d53a7308d080000038	-1166866228,1695552283,2147483647,1695553895,-1166866224,1695552981,true,true,true,TRIANGLE
1623899187,-725474532,true,2147483647,-725474534,false,1247900827,-365103229,true	54c2231aca61749b6a3cf783ffffffff54c2231ce0cabc338000001a	1247900827,-365103229,1623899187,-725474532,2147483647,-725474534,true,true,false,TRIANGLE
2147483647,1252392153,true,1905219262,1252392997,false,908671935,1252392155,true	caa5fcd9b6293bbfcaa60025ffffffffcaa5fcdbf18f56be8000001d	908671935,1252392155,2147483647,1252392153,1905219262,1252392997,true,true,false,TRIANGLE
-2022365698,1472963833,true,260126816,1881410945,false,-2147483648,1881410959,false	d7cba4f900000000f0240d8f8f813860f0240d81077525fe80000016	-2147483648,1881410959,-2022365698,1472963833,260126816,1881410945,false,true,false,TRIANGLE
-1217693977,2147483647,true,-2074224648,-1769403946,false,-2147483648,-2147483648,true	0000000000000000ffffffff376b76e7168909d6045dd7f880000018	-2147483648,-2147483648,-1217693977,2147483647,-2074224648,-1769403946,true,true,false,TRIANGLE
-1157231609,-1212721441,false,-1157229864,2147483647,false,-2147483648,-2147483648,true	0000000000000000ffffffff3b0612d837b756df3b060c0780000009	-2147483648,-2147483648,-1157231609,-1212721441,-1157229864,2147483647,true,false,false,TRIANGLE
1163172622,-42445433,false,1163172622,-42445433,false,1163172622,-42445433,true	7d785587c5549b0e7d785587c5549b0e7d785587c5549b0e80000020	1163172622,-42445433,1163172622,-42445433,1163172622,-42445433,false,false,true,POINT
2009217296,-717701807,false,-731857165,-717701889,false,2147483647,-2147483648,true	000000005460bef35538bd51ffffffff5538bcfff7c2391080000015	-731857165,-717701889,2147483647,-2147483648,2009217296,-717701807,false,true,false,TRIANGLE
-781244390,-85834148,false,-781244390,1138967863,true,-781244390,-85834147,false	7ae2465c516f281ac3e34537516f281a7ae2465d516f281a80000010	-781244390,-85834148,-781244390,1138967863,-781244390,-85834147,false,true,false,TRIANGLE
-1909040488,-664726037,true,-1909039751,-664726033,true,-2147483648,-664726037,false	586115eb00000000586115ef0e365d79586115eb0e365a9880000031	-2147483648,-664726037,-1909040488,-664726037,-1909039751,-664726033,false,true,true,TRIANGLE
-1072786664,-26211501,false,-691967,-1705048209,false,-691211,1757560429,true	1a5f076f400e9318e8c23e6d7ff573f57e700b537ff5710180000024	-1072786664,-26211501,-691967,-1705048209,-691211,1757560429,false,false,true,TRIANGLE
2147483647,350540331,true,2147483647,2147483647,true,-1830645603,-541680982,false	5fb69aaa12e2909dffffffffffffffff94e4d22bffffffff80000031	-1830645603,-541680982,2147483647,350540331,2147483647,2147483647,false,true,true,TRIANGLE
1176710324,2147483647,true,1176710321,1655971190,false,1176711047,1197647633,true	c762a711c6232cb1ffffffffc6232f87e2b41d76c6232cb480000035	1176710321,1655971190,1176711047,1197647633,1176710324,2147483647,false,true,true,TRIANGLE
-2038635501,954912325,false,-2038635501,954912325,false,120849879,954911601,true	b8eacb71067ce413b8eace45873405d7b8eace45067ce41380000022	-2038635501,954912325,120849879,954911601,-2038635501,954912325,true,false,true,LINE
-184915816,-1333783065,false,2018824639,-2085304918,false,2147483647,-340186015,false	03b4c5aa74fa68986bb92c61ffffffff308015e7f854d1bf80000004	-184915816,-1333783065,2018824639,-2085304918,2147483647,-340186015,false,false,false,TRIANGLE
1798370633,1046232709,false,478794454,-525847245,false,-2147483648,1046231955,true	60a8353300000000be5c3e85eb30f549be5c3b939c89d2d680000024	-2147483648,1046231955,478794454,-525847245,1798370633,1046232709,false,false,true,TRIANGLE
-1134881632,-209957750,false,2081989998,1340387267,true,-1812857878,1340386962,false	737c4c8a13f1fbeacfe4afc3fc18a56ecfe4ae923c5b14a080000024	-1812857878,1340386962,-1134881632,-209957750,2081989998,1340387267,false,false,true,TRIANGLE
-1953800775,716793099,true,-382956313,716792815,true,538903426,-915300676,false	49719ebc0b8b5db9aab9650ba01f0382aab963ef692c8ce78000003b	-1953800775,716793099,538903426,-915300676,-382956313,716792815,true,true,true,TRIANGLE
-1556548411,-1871497036,false,-1556549410,-1871496041,false,-1556549180,-141306180,true	107338b42338f0de7793d6bc2338f4c510733c972338f1c48000001d	-1556549410,-1871496041,-1556548411,-1871497036,-1556549180,-141306180,true,true,false,TRIANGLE
1758350148,1869063451,false,1758350148,-1528008468,false,1758350148,2147483647,true	24ec70ece8ce4b44ffffffffe8ce4b44ef67a51be8ce4b4480000010	1758350148,-1528008468,1758350148,2147483647,1758350148,1869063451,false,true,false,TRIANGLE
-525431335,357598329,false,-525431335,357598329,true,1167919049,-2147483648,true	0000000060ae8dd995508479c59d07c99550847960ae8dd980000032	-525431335,357598329,1167919049,-2147483648,-525431335,357598329,true,true,true,LINE
2147483647,-1814695904,false,1586384454,2147483647,true,1586384109,-2147483648,true	00000000de8e4cedffffffffffffffff13d5f020de8e4e468000002f	1586384109,-2147483648,2147483647,-1814695904,1586384454,2147483647,true,false,true,TRIANGLE
-1149318712,-1646962303,false,-1149318882,2147483647,false,-1149318330,-1474310127,true	1dd559813b7ec91effffffff3b7ecb46281fd0113b7ec9c88000001e	-1149318882,2147483647,-1149318712,-1646962303,-1149318330,-1474310127,true,true,false,TRIANGLE
2147483647,-1806008442,true,1986528539,2147483647,true,2147483647,1702960304,true	145a7f86f668051bffffffffffffffffe5811cb0ffffffff8000003b	1986528539,2147483647,2147483647,-1806008442,2147483647,1702960304,true,true,true,TRIANGLE
2147483647,-641119404,true,2147483647,-641119793,false,1955348755,-641119586,false	59c949cff48c411359c94b54ffffffff59c94a9effffffff8000001d	1955348755,-641119586,2147483647,-641119793,2147483647,-641119404,true,true,false,TRIANGLE
-2147483648,-1961891989,true,-256031882,-1961892935,true,444806160,-1961892498,false	0b0fe3b9000000000b0fe76b9a8334100b0fe56e70bd43768000001e	-2147483648,-1961891989,-256031882,-1961892935,444806160,-1961892498,true,true,false,TRIANGLE
1404562026,1689926324,false,2147483647,-2147483648,false,1404563026,-91992096,true	00000000d3b7ea6ae4ba3ab4ffffffff7a844fe0d3b7ee5280000002	1404562026,1689926324,1404563026,-91992096,2147483647,-2147483648,false,false,false,TRIANGLE
446144425,-1976264609,false,446144425,-1976264609,true,446144425,-1976264609,false	0a34985f9a979fa90a34985f9a979fa90a34985f9a979fa980000010	446144425,-1976264609,446144425,-1976264609,446144425,-1976264609,false,true,false,POINT
-2147483648,-2121079795,false,-1183225389,2147483647,true,-1183224847,-2121079793,true	0192e40d00000000ffffffff39796bf10192e40f397969d38000001f	-2147483648,-2121079795,-1183224847,-2121079793,-1183225389,2147483647,true,true,false,TRIANGLE
376765998,2147483647,true,376765911,959943193,false,2147483647,959942712,true	b93790389674fdd7ffffffffffffffffb93792199674fe2e80000035	376765911,959943193,2147483647,959942712,376765998,2147483647,false,true,true,TRIANGLE
613571683,745555229,false,613571683,2147483647,true,613571683,-1837266759,false	127d88b9a4925c63ffffffffa4925c63ac70451da4925c6380000021	613571683,-1837266759,613571683,745555229,613571683,2147483647,false,false,true,TRIANGLE
-2147483648,-2147483648,true,1972121121,-2147483648,false,2147483647,-2041658373,true	0000000000000000064ec3fbffffffff00000000f58c2e2180000029	-2147483648,-2147483648,1972121121,-2147483648,2147483647,-2041658373,true,false,true,TRIANGLE
-669309891,2147483647,false,-669310470,-1603730159,false,-669309806,-1603729763,true	20690511581b21faffffffff581b24922069069d581b243d80000017	-669310470,-1603730159,-669309806,-1603729763,-669309891,2147483647,false,true,false,TRIANGLE
-2147483648,-2147483648,true,554218437,809521953,false,-2147483648,809522831,false	0000000000000000b040568fa108b3c5b0405321000000008000000f	-2147483648,-2147483648,554218437,809521953,-2147483648,809522831,true,false,false,TRIANGLE
2147483647,-1246169705,true,2147483647,-1246169705,false,-1200758378,548915037,false	35b8f597386de196a0b7c75dffffffff35b8f597ffffffff80000013	-1200758378,548915037,2147483647,-1246169705,-1200758378,548915037,false,true,false,LINE
2147483647,1000453402,false,-2147483648,1000454355,false,500019059,1000454924,true	bba1b51a00000000bba1bb0cffffffffbba1b8d39dcdaf738000001d	-2147483648,1000454355,2147483647,1000453402,500019059,1000454924,true,true,false,TRIANGLE
-1760435162,1763591896,false,-2147483648,1763591896,true,-1760434388,1763592298,false	e91e46d800000000e91e486a1711e72ce91e46d81711e42680000021	-2147483648,1763591896,-1760435162,1763591896,-1760434388,1763592298,false,false,true,TRIANGLE
-1753840240,-124291131,true,-2147483648,2147483647,false,-2147483648,-124290995,false	789777c500000000ffffffff177685907897784d0000000080000015	-2147483648,-124290995,-1753840240,-124291131,-2147483648,2147483647,false,true,false,TRIANGLE
-16321978,-356023831,true,-16322640,-356023833,false,-16322810,-978101717,true	45b35a2b7f06ef066ac781e97f06f2466ac781e77f06efb080000018	-16322810,-978101717,-16321978,-356023831,-16322640,-356023833,true,true,false,TRIANGLE
1800938971,1992278105,false,-2147483648,1992277866,false,2147483647,1992278191,false	f6bfbf6a00000000f6bfc0affffffffff6bfc059eb5825db80000001	-2147483648,1992277866,1800938971,1992278105,2147483647,1992278191,false,false,false,TRIANGLE
1702600955,-1185989827,false,1702601035,-1185989829,true,1702601506,752058020,true	394f3b3be57ba0fbacd37ea4e57ba322394f3b3de57ba14b80000034	1702600955,-1185989827,1702601035,-1185989829,1702601506,752058020,false,true,true,TRIANGLE
-1924331380,1297308004,true,-1924331380,1297308004,true,-2147483648,1297307571,true	cd5357b300000000cd5359640d4d088ccd5359640d4d088c80000038	-2147483648,1297307571,-1924331380,1297308004,-2147483648,1297307571,true,true,true,LINE
-746843810,-2147483648,true,2043648758,2147483647,false,-746843303,-640784405,true	00000000537c115efffffffff9cf9af659ce67eb537c135980000028	-746843810,-2147483648,2043648758,2147483647,-746843303,-640784405,true,false,true,TRIANGLE
-347694096,352386574,true,-347694095,-915363247,true,-2147483648,529296455,true	4970aa51000000009f8c6c476b469bf19500fe0e6b469bf08000003b	-2147483648,529296455,-347694095,-915363247,-347694096,352386574,true,true,true,TRIANGLE
-2147483648,-1514992680,false,-173037743,-1514992684,false,-1331437528,1363789293,true	25b30bd400000000d149c5ed75afa75125b30bd830a3e02880000025	-2147483648,-1514992680,-173037743,-1514992684,-1331437528,1363789293,false,false,true,TRIANGLE
240351457,215682551,true,240351738,2147483647,true,-2147483648,215681370,true	8cdb095a00000000ffffffff8e5379fa8cdb0df78e5378e180000039	-2147483648,215681370,240351457,215682551,240351738,2147483647,true,true,true,TRIANGLE
649543554,-293695226,false,-2147483648,691012845,true,-2111567352,691011964,false	6e7e910600000000a93004eda6b73f82a930017c02240a0880000023	-2147483648,691012845,649543554,-293695226,-2111567352,691011964,false,false,true,TRIANGLE
-2147483648,1377942196,true,-424224063,2147483647,false,818445711,1377941471,true	d221b7df00000000ffffffffb0c87d8fd221bab466b6dac180000025	-2147483648,1377942196,818445711,1377941471,-424224063,2147483647,false,false,true,TRIANGLE
575586696,2147483647,true,575586696,2147483647,true,575586696,2147483647,true	ffffffffa24ec188ffffffffa24ec188ffffffffa24ec18880000038	575586696,2147483647,575586696,2147483647,575586696,2147483647,true,true,true,POINT
417891312,-1707566476,false,750500802,-1707566786,false,417891313,2147483647,true	1a38993e98e883f0ffffffffacbbbbc21a389a7498e883f180000025	417891312,-1707566476,750500802,-1707566786,417891313,2147483647,false,false,true,TRIANGLE
2146470281,-1005168103,true,2146469533,-1892126589,false,-590401978,2147483647,true	0f3870835ccf2e46fffffffffff0898944165a19fff0869d8000003e	-590401978,2147483647,2146469533,-1892126589,2146470281,-1005168103,true,true,true,TRIANGLE
2147483647,-2147483648,false,589678143,1178003513,false,-861151704,-1341244656,true	000000004cabde28c636e839ffffffff300e3b10a325c63f8000000d	-861151704,-1341244656,2147483647,-2147483648,589678143,1178003513,true,false,false,TRIANGLE
826889298,341647567,false,826889298,-1922142502,false,826889298,-1248428123,true	0d6e6edab1495452945d20cfb149545235967fa5b149545280000011	826889298,-1922142502,826889298,-1248428123,826889298,341647567,false,true,false,TRIANGLE
-625736619,-372401969,true,427192300,-372401480,false,-625736621,2147483647,true	69cd98cf5ab40453ffffffff99766fec69cd9ab85ab404558000001e	-625736621,2147483647,-625736619,-372401969,427192300,-372401480,true,true,false,TRIANGLE
-1145957753,231893457,false,-969741385,-2147483648,false,225438315,-2147483648,false	000000003bb212878dd269d18d6fea6b000000004632ebb780000002	-1145957753,231893457,-969741385,-2147483648,225438315,-2147483648,false,false,false,TRIANGLE
468683599,2147483647,true,468683599,2147483647,true,468684019,2147483647,true	ffffffff9bef8b4fffffffff9bef8cf3ffffffff9bef8b4f80000039	468683599,2147483647,468684019,2147483647,468683599,2147483647,true,true,true,LINE
-1705236755,2147483647,false,-126337243,2147483647,false,-126337632,2147483647,true	ffffffff1a5c26edffffffff78783f25ffffffff78783da080000020	-1705236755,2147483647,-126337243,2147483647,-126337632,2147483647,false,false,true,TRIANGLE
954503003,-1969503491,true,954503002,-260082626,false,-1853583899,-260083399,true	0a9bc2fd11848de5707f743eb8e48f5b707f7139b8e48f5a8000001d	-1853583899,-260083399,954503003,-1969503491,954503002,-260082626,true,true,false,TRIANGLE
-1466008469,-2015729125,false,-2147483648,-1376427283,false,1069493045,-2147483648,true	00000000000000002df562edbfbf2b3507da6a1b289e7c6b8000001a	-2147483648,-1376427283,-1466008469,-2015729125,1069493045,-2147483648,true,true,false,TRIANGLE
561976334,-1202742966,false,-769730481,2147483647,true,-774319010,2147483647,false	384f994a51d8d45effffffffa17f140effffffff521ed84f80000023	-774319010,2147483647,561976334,-1202742966,-769730481,2147483647,false,false,true,TRIANGLE
1664124273,-850068656,true,890562835,2147483647,false,890563109,-850069504,false	4d54f800b514e913ffffffffe33085714d54fb50b514ea2580000026	890562835,2147483647,890563109,-850069504,1664124273,-850068656,false,false,true,TRIANGLE
1337153286,2090948286,false,1337153294,2090949964,true,1337153794,295696322,false	919ff7c2cfb35706fca15d4ccfb35902fca156becfb3570e8000001d	1337153286,2090948286,1337153794,295696322,1337153294,2090949964,true,true,false,TRIANGLE
1143053453,-565952210,true,1143053453,-565952210,false,-1537827993,-565951041,false	5e44412e24569b675e4445bfc4219c8d5e44412ec4219c8d80000013	-1537827993,-565951041,1143053453,-565952210,-1537827993,-565951041,false,true,false,LINE
53327382,1330711883,true,53327382,-2147483648,true,53327382,1330712390,true	00000000832db616cf510f46832db616cf510d4b832db61680000038	53327382,-2147483648,53327382,1330712390,53327382,1330711883,true,true,true,TRIANGLE
1308616872,-514745594,false,1308615784,2147483647,true,1785094434,436812397,false	61519b06cdffe468ffffffffea6661229a093a6dcdffe8a880000026	1308615784,2147483647,1308616872,-514745594,1785094434,436812397,false,false,true,TRIANGLE
-211166553,2147483647,false,-313443108,-1054357871,false,2147483647,2147483647,true	4127c6916d513cdcffffffffffffffffffffffff7369daa780000010	-313443108,-1054357871,2147483647,2147483647,-211166553,2147483647,false,true,false,TRIANGLE
-774402911,-1649732677,false,-1719187841,-1588469096,true,2147483647,-1588469723,true	1dab13bb1987467f2151e298ffffffff2151e02551d78ca18000003e	-1719187841,-1588469096,-774402911,-1649732677,2147483647,-1588469723,true,true,true,TRIANGLE
-473324911,974674786,true,-2147483648,1823383001,false,-473325744,-550389140,true	5f31ba6c00000000ecae9dd963c9a291ba185b6263c99f5080000036	-2147483648,1823383001,-473325744,-550389140,-473324911,974674786,false,true,true,TRIANGLE
1950688075,-406809933,true,664584495,-406809732,true,-539081463,-406809410,false	67c092b35fde450967c094bef445234b67c0937ca79cc12f8000001a	-539081463,-406809410,664584495,-406809732,1950688075,-406809933,true,true,false,TRIANGLE
2147483647,-11914640,false,2147483647,-11914640,true,2147483647,-11914640,true	7f4a3270ffffffff7f4a3270ffffffff7f4a3270ffffffff80000030	2147483647,-11914640,2147483647,-11914640,2147483647,-11914640,false,true,true,POINT
-1113662915,-1818267636,true,1976960218,-2025556795,false,990428377,-2025557042,false	074473ce3d9eda3d139f700cf5d604da074474c5bb08bcd980000026	-1113662915,-1818267636,990428377,-2025557042,1976960218,-2025556795,false,false,true,TRIANGLE
2147483647,-59549337,false,-1218770379,807771533,true,409310048,-59550439,true	7c735519375b0a35b0259d8dffffffff7c735967986593608000001e	-1218770379,807771533,409310048,-59550439,2147483647,-59549337,true,true,false,TRIANGLE
173343713,2147483647,true,173342726,2147483647,true,-1315505124,-1288618917,true	33313c5b3196fc1cffffffff8a5503e1ffffffff8a55000680000038	-1315505124,-1288618917,173343713,2147483647,173342726,2147483647,true,true,true,TRIANGLE
447016652,-974839561,false,1943839029,-2147483648,true,447017617,-974839562,true	000000009aa4eecc45e520f7f3dca13545e520f69aa4f29180000033	447016652,-974839561,1943839029,-2147483648,447017617,-974839562,false,true,true,TRIANGLE
2147483647,-2147483648,false,2147483647,-866806532,false,2147483647,-866806386,false	00000000ffffffff4c55958effffffff4c5594fcffffffff80000001	2147483647,-2147483648,2147483647,-866806532,2147483647,-866806386,false,false,false,TRIANGLE
2147483647,223000868,true,2147483647,-18278577,false,1056601347,-18278574,true	7ee9174fbefa75038d4ab924ffffffff7ee91752ffffffff8000003d	1056601347,-18278574,2147483647,-18278577,2147483647,223000868,true,true,true,TRIANGLE
-2147483648,-1420927962,false,-2147483648,-1420927962,true,-1600926181,-1420927168,true	2b4e5c26000000002b4e5f402093ce1b2b4e5c260000000080000031	-2147483648,-1420927962,-1600926181,-1420927168,-2147483648,-1420927962,true,true,true,LINE
2147483647,2147483647,true,-1784480035,-1980770964,true,1962114955,-1980770962,false	09efd56c15a2feddffffffffffffffff09efd56ef4f37f8b80000029	-1784480035,-1980770964,1962114955,-1980770962,2147483647,2147483647,true,false,true,TRIANGLE
