PROBES	127		a	b	c	d	e	ab	ac	ad	abc	abd	aa	aaa	aaaa	aaaaa	z	q	x	xy	xyz	xz	abcd	abde	acd	cd	ba	bb	aab	abab	abba	bab	foo	bar	baz	fo	foobar	foofoobar	ing	singing	az	a z	azq	qaz	1	5	9	10	010	05	0005	17	100	101	500	501	0500	99	07	7	1234	01234	quick	QUICK	QuIcK	Quick	K	k	\u{212a}	S	s	\u{17f}	\u{3a3}	\u{3c3}	\u{3c2}	\u{1c4}	\u{1c5}	\u{1c6}	stra\u{df}e	STRASSE	Stra\u{df}e	\u{e9}	\u{e9}\u{e9}	\u{c9}	\u{65e5}\u{672c}\u{8a9e}	\u{65e5}\u{672c}	\u{1f600}	\u{1f600}\u{1f600}	\u{1f601}	\u{1f602}\u{1f603}	\u{9}	 	_	-	\u{5c}	.	quo\u{5c}ted	~a	a&b	#	@	<1-5>	a~b	Hello	hello	HELLO	kS	KS	\u{212a}s	abcing	a.b	a|	*a	?	hello world	cat	cats	dog	dogs	ca	a\u{0}	a\u{0}\u{0}	\u{0}	ae	ace	abee	xyzzy	\u{ff}
CASE	regexp		255	0
probes	0
parse	OK	""
tree	REGEXP_STRING string=\u{a}
raw	1	0	1
rawdump	A
flags	0	0	0	1
nfarun	1000000000000000000000000000000000000000000000000000000000000000000000000000000000000000000000000000000000000000000000000000000
compiled	SINGLE	x	-	-1	1	0	-
compiled_floor	-
det	1	0	1
detdump	A
min	1	0
run	1000000000000000000000000000000000000000000000000000000000000000000000000000000000000000000000000000000000000000000000000000000
charrun	1000000000000000000000000000000000000000000000000000000000000000000000000000000000000000000000000000000000000000000000000000000
prefix	
singleton	
topo	0
strings	1	
compiled_det	SINGLE	x	-	-1	1	0	-
compiled_det_floor	-
CASE	regexp	a	255	0
probes	0
parse	OK	\u{5c}a
tree	REGEXP_CHAR char=a\u{a}
raw	2	1	1
rawdump	N,1/97/97;A
flags	0	0	0	1
nfarun	0100000000000000000000000000000000000000000000000000000000000000000000000000000000000000000000000000000000000000000000000000000
compiled	SINGLE	x61	-	-1	1	0	-
compiled_floor	-
det	2	1	1
detdump	N,1/97/97;A
min	2	1
run	0100000000000000000000000000000000000000000000000000000000000000000000000000000000000000000000000000000000000000000000000000000
charrun	0100000000000000000000000000000000000000000000000000000000000000000000000000000000000000000000000000000000000000000000000000000
prefix	a
singleton	a
topo	0,1
strings	1	a
compiled_det	SINGLE	x61	-	-1	1	0	-
compiled_det_floor	-
CASE	regexp	abc	255	0
probes	0
parse	OK	"abc"
tree	REGEXP_STRING string=abc\u{a}
raw	4	3	1
rawdump	N,1/97/97;N,2/98/98;N,3/99/99;A
flags	0	0	0	1
nfarun	0000000001000000000000000000000000000000000000000000000000000000000000000000000000000000000000000000000000000000000000000000000
compiled	SINGLE	x616263	-	-1	1	0	-
compiled_floor	-
det	4	3	1
detdump	N,1/97/97;N,2/98/98;N,3/99/99;A
min	4	3
run	0000000001000000000000000000000000000000000000000000000000000000000000000000000000000000000000000000000000000000000000000000000
charrun	0000000001000000000000000000000000000000000000000000000000000000000000000000000000000000000000000000000000000000000000000000000
prefix	abc
singleton	abc
topo	0,1,2,3
strings	1	abc
compiled_det	SINGLE	x616263	-	-1	1	0	-
compiled_det_floor	-
CASE	regexp	a|b	255	0
probes	0
parse	OK	(\u{5c}a|\u{5c}b)
tree	REGEXP_UNION\u{a}  REGEXP_CHAR char=a\u{a}  REGEXP_CHAR char=b\u{a}
raw	2	1	1
rawdump	N,1/97/98;A
flags	0	0	0	1
nfarun	0110000000000000000000000000000000000000000000000000000000000000000000000000000000000000000000000000000000000000000000000000000
compiled	NORMAL	-	-	-1	0	0	0110000000000000000000000000000000000000000000000000000000000000000000000000000000000000000000000000000000000000000000000000000
compiled_floor	null,x61,x62,x62,x62,x62,x61,x61,x61,x61,x61,x61,x61,x61,x61,x62,x62,x62,x62,x62,x62,x61,x61,x61,x62,x62,x62,x61,x61,x61,x62,x62,x62,x62,x62,x62,x62,x62,x62,x61,x61,x61,x62,null,null,null,null,null,null,null,null,null,null,null,null,null,null,null,null,null,null,x62,null,null,null,null,x62,x62,null,x62,x62,x62,x62,x62,x62,x62,x62,x62,null,null,x62,x62,x62,x62,x62,x62,x62,x62,x62,null,null,null,null,null,null,x62,x62,x61,null,null,null,x61,null,x62,null,x62,null,x62,x61,x61,x61,null,null,x62,x62,x62,x62,x62,x62,x61,x61,null,x61,x61,x61,x62,x62
det	2	1	1
detdump	N,1/97/98;A
min	2	1
run	0110000000000000000000000000000000000000000000000000000000000000000000000000000000000000000000000000000000000000000000000000000
charrun	0110000000000000000000000000000000000000000000000000000000000000000000000000000000000000000000000000000000000000000000000000000
prefix	
singleton	null
topo	0,1
strings	2	a	b
compiled_det	NORMAL	-	-	-1	0	0	0110000000000000000000000000000000000000000000000000000000000000000000000000000000000000000000000000000000000000000000000000000
compiled_det_floor	null,x61,x62,x62,x62,x62,x61,x61,x61,x61,x61,x61,x61,x61,x61,x62,x62,x62,x62,x62,x62,x61,x61,x61,x62,x62,x62,x61,x61,x61,x62,x62,x62,x62,x62,x62,x62,x62,x62,x61,x61,x61,x62,null,null,null,null,null,null,null,null,null,null,null,null,null,null,null,null,null,null,x62,null,null,null,null,x62,x62,null,x62,x62,x62,x62,x62,x62,x62,x62,x62,null,null,x62,x62,x62,x62,x62,x62,x62,x62,x62,null,null,null,null,null,null,x62,x62,x61,null,null,null,x61,null,x62,null,x62,null,x62,x61,x61,x61,null,null,x62,x62,x62,x62,x62,x62,x61,x61,null,x61,x61,x61,x62,x62
CASE	regexp	ab|ac	255	0
probes	0
parse	OK	("ab"|"ac")
tree	REGEXP_UNION\u{a}  REGEXP_STRING string=ab\u{a}  REGEXP_STRING string=ac\u{a}
raw	4	4	0
rawdump	N,1/97/97,3/97/97;N,2/98/98;A;N,2/99/99
flags	0	0	0	1
nfarun	0000001100000000000000000000000000000000000000000000000000000000000000000000000000000000000000000000000000000000000000000000000
compiled	NORMAL	-	-	-1	0	1	0000001100000000000000000000000000000000000000000000000000000000000000000000000000000000000000000000000000000000000000000000000
compiled_floor	-
det	3	2	1
detdump	N,1/97/97;N,2/98/99;A
min	3	2
run	0000001100000000000000000000000000000000000000000000000000000000000000000000000000000000000000000000000000000000000000000000000
charrun	0000001100000000000000000000000000000000000000000000000000000000000000000000000000000000000000000000000000000000000000000000000
prefix	a
singleton	null
topo	0,1,2
strings	2	ab	ac
compiled_det	NORMAL	-	-	-1	0	0	0000001100000000000000000000000000000000000000000000000000000000000000000000000000000000000000000000000000000000000000000000000
compiled_det_floor	null,null,x6163,x6163,x6163,x6163,x6162,x6163,x6163,x6162,x6162,null,null,null,null,x6163,x6163,x6163,x6163,x6163,x6163,x6162,x6162,x6163,x6163,x6163,x6163,null,x6162,x6162,x6163,x6163,x6163,x6163,x6163,x6163,x6163,x6163,x6163,x6163,null,x6163,x6163,null,null,null,null,null,null,null,null,null,null,null,null,null,null,null,null,null,null,x6163,null,null,null,null,x6163,x6163,null,x6163,x6163,x6163,x6163,x6163,x6163,x6163,x6163,x6163,null,null,x6163,x6163,x6163,x6163,x6163,x6163,x6163,x6163,x6163,null,null,null,null,null,null,x6163,x6163,null,null,null,null,x6163,null,x6163,null,x6163,null,x6163,x6162,null,x6163,null,null,x6163,x6163,x6163,x6163,x6163,x6163,null,null,null,x6163,x6163,x6162,x6163,x6163
CASE	regexp	a*	255	0
probes	0
parse	OK	(\u{5c}a)*
tree	REGEXP_REPEAT\u{a}  REGEXP_CHAR char=a\u{a}
raw	1	1	1
rawdump	A,0/97/97
flags	0	0	0	0
nfarun	1100000000011110000000000000000000000000000000000000000000000000000000000000000000000000000000000000000000000000000000000000000
compiled	NORMAL	-	-	-1	0	0	1100000000011110000000000000000000000000000000000000000000000000000000000000000000000000000000000000000000000000000000000000000
compiled_floor	-
det	1	1	1
detdump	A,0/97/97
min	1	1
run	1100000000011110000000000000000000000000000000000000000000000000000000000000000000000000000000000000000000000000000000000000000
charrun	1100000000011110000000000000000000000000000000000000000000000000000000000000000000000000000000000000000000000000000000000000000
prefix	
singleton	null
compiled_det	NORMAL	-	-	-1	0	0	1100000000011110000000000000000000000000000000000000000000000000000000000000000000000000000000000000000000000000000000000000000
compiled_det_floor	-
CASE	regexp	a+	255	0
probes	0
parse	OK	(\u{5c}a){1,}
tree	REGEXP_REPEAT_MIN min=1\u{a}  REGEXP_CHAR char=a\u{a}
raw	3	3	1
rawdump	N,1/97/97;A,2/97/97;A,2/97/97
flags	0	0	0	0
nfarun	0100000000011110000000000000000000000000000000000000000000000000000000000000000000000000000000000000000000000000000000000000000
compiled	NORMAL	-	x61	-1	0	0	0100000000011110000000000000000000000000000000000000000000000000000000000000000000000000000000000000000000000000000000000000000
compiled_floor	-
det	3	3	1
detdump	N,1/97/97;A,2/97/97;A,2/97/97
min	2	2
run	0100000000011110000000000000000000000000000000000000000000000000000000000000000000000000000000000000000000000000000000000000000
charrun	0100000000011110000000000000000000000000000000000000000000000000000000000000000000000000000000000000000000000000000000000000000
prefix	a
singleton	null
compiled_det	NORMAL	-	x61	-1	0	0	0100000000011110000000000000000000000000000000000000000000000000000000000000000000000000000000000000000000000000000000000000000
compiled_det_floor	-
CASE	regexp	a?	255	0
probes	0
parse	OK	(\u{5c}a)?
tree	REGEXP_OPTIONAL\u{a}  REGEXP_CHAR char=a\u{a}
raw	2	1	1
rawdump	A,1/97/97;A
flags	0	0	0	1
nfarun	1100000000000000000000000000000000000000000000000000000000000000000000000000000000000000000000000000000000000000000000000000000
compiled	NORMAL	-	-	-1	0	0	1100000000000000000000000000000000000000000000000000000000000000000000000000000000000000000000000000000000000000000000000000000
compiled_floor	x,x61,x61,x61,x61,x61,x61,x61,x61,x61,x61,x61,x61,x61,x61,x61,x61,x61,x61,x61,x61,x61,x61,x61,x61,x61,x61,x61,x61,x61,x61,x61,x61,x61,x61,x61,x61,x61,x61,x61,x61,x61,x61,x,x,x,x,x,x,x,x,x,x,x,x,x,x,x,x,x,x,x61,x,x,x,x,x61,x61,x,x61,x61,x61,x61,x61,x61,x61,x61,x61,x,x,x61,x61,x61,x61,x61,x61,x61,x61,x61,x,x,x,x,x,x,x61,x61,x61,x,x,x,x61,x,x61,x,x61,x,x61,x61,x61,x61,x,x,x61,x61,x61,x61,x61,x61,x61,x61,x,x61,x61,x61,x61,x61
det	2	1	1
detdump	A,1/97/97;A
min	2	1
run	1100000000000000000000000000000000000000000000000000000000000000000000000000000000000000000000000000000000000000000000000000000
charrun	1100000000000000000000000000000000000000000000000000000000000000000000000000000000000000000000000000000000000000000000000000000
prefix	
singleton	null
topo	0,1
strings	3		a	
compiled_det	NORMAL	-	-	-1	0	0	1100000000000000000000000000000000000000000000000000000000000000000000000000000000000000000000000000000000000000000000000000000
compiled_det_floor	x,x61,x61,x61,x61,x61,x61,x61,x61,x61,x61,x61,x61,x61,x61,x61,x61,x61,x61,x61,x61,x61,x61,x61,x61,x61,x61,x61,x61,x61,x61,x61,x61,x61,x61,x61,x61,x61,x61,x61,x61,x61,x61,x,x,x,x,x,x,x,x,x,x,x,x,x,x,x,x,x,x,x61,x,x,x,x,x61,x61,x,x61,x61,x61,x61,x61,x61,x61,x61,x61,x,x,x61,x61,x61,x61,x61,x61,x61,x61,x61,x,x,x,x,x,x,x61,x61,x61,x,x,x,x61,x,x61,x,x61,x,x61,x61,x61,x61,x,x,x61,x61,x61,x61,x61,x61,x61,x61,x,x61,x61,x61,x61,x61
CASE	regexp	(ab)*c	255	0
probes	0
parse	OK	("ab")*\u{5c}c
tree	REGEXP_CONCATENATION\u{a}  REGEXP_REPEAT\u{a}    REGEXP_STRING string=ab\u{a}  REGEXP_CHAR char=c\u{a}
raw	3	3	1
rawdump	N,1/97/97,2/99/99;N,0/98/98;A
flags	0	0	0	0
nfarun	0001000001000000000000000000000000000000000000000000000000000000000000000000000000000000000000000000000000000000000000000000000
compiled	NORMAL	-	x63	-1	0	0	0001000001000000000000000000000000000000000000000000000000000000000000000000000000000000000000000000000000000000000000000000000
compiled_floor	-
det	3	3	1
detdump	N,1/97/97,2/99/99;N,0/98/98;A
min	3	3
run	0001000001000000000000000000000000000000000000000000000000000000000000000000000000000000000000000000000000000000000000000000000
charrun	0001000001000000000000000000000000000000000000000000000000000000000000000000000000000000000000000000000000000000000000000000000
prefix	
singleton	null
compiled_det	NORMAL	-	x63	-1	0	0	0001000001000000000000000000000000000000000000000000000000000000000000000000000000000000000000000000000000000000000000000000000
compiled_det_floor	-
CASE	regexp	a{2}	255	0
probes	0
parse	OK	(\u{5c}a){2,2}
tree	REGEXP_REPEAT_MINMAX min=2 max=2\u{a}  REGEXP_CHAR char=a\u{a}
raw	3	2	1
rawdump	N,1/97/97;N,2/97/97;A
flags	0	0	0	1
nfarun	0000000000010000000000000000000000000000000000000000000000000000000000000000000000000000000000000000000000000000000000000000000
compiled	SINGLE	x6161	-	-1	1	0	-
compiled_floor	-
det	3	2	1
detdump	N,1/97/97;N,2/97/97;A
min	3	2
run	0000000000010000000000000000000000000000000000000000000000000000000000000000000000000000000000000000000000000000000000000000000
charrun	0000000000010000000000000000000000000000000000000000000000000000000000000000000000000000000000000000000000000000000000000000000
prefix	aa
singleton	aa
topo	0,1,2
strings	1	aa
compiled_det	SINGLE	x6161	-	-1	1	0	-
compiled_det_floor	-
CASE	regexp	a{2,}	255	0
probes	0
parse	OK	(\u{5c}a){2,}
tree	REGEXP_REPEAT_MIN min=2\u{a}  REGEXP_CHAR char=a\u{a}
raw	4	4	1
rawdump	N,1/97/97;N,2/97/97;A,3/97/97;A,3/97/97
flags	0	0	0	0
nfarun	0000000000011110000000000000000000000000000000000000000000000000000000000000000000000000000000000000000000000000000000000000000
compiled	NORMAL	-	x6161	-1	0	0	0000000000011110000000000000000000000000000000000000000000000000000000000000000000000000000000000000000000000000000000000000000
compiled_floor	-
det	4	4	1
detdump	N,1/97/97;N,2/97/97;A,3/97/97;A,3/97/97
min	3	3
run	0000000000011110000000000000000000000000000000000000000000000000000000000000000000000000000000000000000000000000000000000000000
charrun	0000000000011110000000000000000000000000000000000000000000000000000000000000000000000000000000000000000000000000000000000000000
prefix	aa
singleton	null
compiled_det	NORMAL	-	x6161	-1	0	0	0000000000011110000000000000000000000000000000000000000000000000000000000000000000000000000000000000000000000000000000000000000
compiled_det_floor	-
CASE	regexp	a{2,4}	255	0
probes	0
parse	OK	(\u{5c}a){2,4}
tree	REGEXP_REPEAT_MINMAX min=2 max=4\u{a}  REGEXP_CHAR char=a\u{a}
raw	5	4	1
rawdump	N,1/97/97;N,2/97/97;A,3/97/97;A,4/97/97;A
flags	0	0	0	1
nfarun	0000000000011100000000000000000000000000000000000000000000000000000000000000000000000000000000000000000000000000000000000000000
compiled	NORMAL	-	x6161	-1	0	0	0000000000011100000000000000000000000000000000000000000000000000000000000000000000000000000000000000000000000000000000000000000
compiled_floor	null,null,x61616161,x61616161,x61616161,x61616161,x61616161,x61616161,x61616161,x61616161,x61616161,x6161,x616161,x61616161,x61616161,x61616161,x61616161,x61616161,x61616161,x61616161,x61616161,x61616161,x61616161,x61616161,x61616161,x61616161,x61616161,x61616161,x61616161,x61616161,x61616161,x61616161,x61616161,x61616161,x61616161,x61616161,x61616161,x61616161,x61616161,x61616161,null,x61616161,x61616161,null,null,null,null,null,null,null,null,null,null,null,null,null,null,null,null,null,null,x61616161,null,null,null,null,x61616161,x61616161,null,x61616161,x61616161,x61616161,x61616161,x61616161,x61616161,x61616161,x61616161,x61616161,null,null,x61616161,x61616161,x61616161,x61616161,x61616161,x61616161,x61616161,x61616161,x61616161,null,null,null,null,null,null,x61616161,x61616161,null,null,null,null,x61616161,null,x61616161,null,x61616161,null,x61616161,x61616161,null,x61616161,null,null,x61616161,x61616161,x61616161,x61616161,x61616161,x61616161,null,null,null,x61616161,x61616161,x61616161,x61616161,x61616161
det	5	4	1
detdump	N,1/97/97;N,2/97/97;A,3/97/97;A,4/97/97;A
min	5	4
run	0000000000011100000000000000000000000000000000000000000000000000000000000000000000000000000000000000000000000000000000000000000
charrun	0000000000011100000000000000000000000000000000000000000000000000000000000000000000000000000000000000000000000000000000000000000
prefix	aa
singleton	null
topo	0,1,2,3,4
strings	3	aaaa	aaa	aa
compiled_det	NORMAL	-	x6161	-1	0	0	0000000000011100000000000000000000000000000000000000000000000000000000000000000000000000000000000000000000000000000000000000000
compiled_det_floor	null,null,x61616161,x61616161,x61616161,x61616161,x61616161,x61616161,x61616161,x61616161,x61616161,x6161,x616161,x61616161,x61616161,x61616161,x61616161,x61616161,x61616161,x61616161,x61616161,x61616161,x61616161,x61616161,x61616161,x61616161,x61616161,x61616161,x61616161,x61616161,x61616161,x61616161,x61616161,x61616161,x61616161,x61616161,x61616161,x61616161,x61616161,x61616161,null,x61616161,x61616161,null,null,null,null,null,null,null,null,null,null,null,null,null,null,null,null,null,null,x61616161,null,null,null,null,x61616161,x61616161,null,x61616161,x61616161,x61616161,x61616161,x61616161,x61616161,x61616161,x61616161,x61616161,null,null,x61616161,x61616161,x61616161,x61616161,x61616161,x61616161,x61616161,x61616161,x61616161,null,null,null,null,null,null,x61616161,x61616161,null,null,null,null,x61616161,null,x61616161,null,x61616161,null,x61616161,x61616161,null,x61616161,null,null,x61616161,x61616161,x61616161,x61616161,x61616161,x61616161,null,null,null,x61616161,x61616161,x61616161,x61616161,x61616161
CASE	regexp	a{0,2}	255	0
probes	0
parse	OK	(\u{5c}a){0,2}
tree	REGEXP_REPEAT_MINMAX min=0 max=2\u{a}  REGEXP_CHAR char=a\u{a}
raw	3	2	1
rawdump	A,1/97/97;A,2/97/97;A
flags	0	0	0	1
nfarun	1100000000010000000000000000000000000000000000000000000000000000000000000000000000000000000000000000000000000000000000000000000
compiled	NORMAL	-	-	-1	0	0	1100000000010000000000000000000000000000000000000000000000000000000000000000000000000000000000000000000000000000000000000000000
compiled_floor	x,x61,x6161,x6161,x6161,x6161,x6161,x6161,x6161,x6161,x6161,x6161,x6161,x6161,x6161,x6161,x6161,x6161,x6161,x6161,x6161,x6161,x6161,x6161,x6161,x6161,x6161,x6161,x6161,x6161,x6161,x6161,x6161,x6161,x6161,x6161,x6161,x6161,x6161,x6161,x61,x6161,x6161,x,x,x,x,x,x,x,x,x,x,x,x,x,x,x,x,x,x,x6161,x,x,x,x,x6161,x6161,x,x6161,x6161,x6161,x6161,x6161,x6161,x6161,x6161,x6161,x,x,x6161,x6161,x6161,x6161,x6161,x6161,x6161,x6161,x6161,x,x,x,x,x,x,x6161,x6161,x61,x,x,x,x6161,x,x6161,x,x6161,x,x6161,x6161,x61,x6161,x,x,x6161,x6161,x6161,x6161,x6161,x6161,x61,x61,x,x6161,x6161,x6161,x6161,x6161
det	3	2	1
detdump	A,1/97/97;A,2/97/97;A
min	3	2
run	1100000000010000000000000000000000000000000000000000000000000000000000000000000000000000000000000000000000000000000000000000000
charrun	1100000000010000000000000000000000000000000000000000000000000000000000000000000000000000000000000000000000000000000000000000000
prefix	
singleton	null
topo	0,1,2
strings	4		aa	a	
compiled_det	NORMAL	-	-	-1	0	0	1100000000010000000000000000000000000000000000000000000000000000000000000000000000000000000000000000000000000000000000000000000
compiled_det_floor	x,x61,x6161,x6161,x6161,x6161,x6161,x6161,x6161,x6161,x6161,x6161,x6161,x6161,x6161,x6161,x6161,x6161,x6161,x6161,x6161,x6161,x6161,x6161,x6161,x6161,x6161,x6161,x6161,x6161,x6161,x6161,x6161,x6161,x6161,x6161,x6161,x6161,x6161,x6161,x61,x6161,x6161,x,x,x,x,x,x,x,x,x,x,x,x,x,x,x,x,x,x,x6161,x,x,x,x,x6161,x6161,x,x6161,x6161,x6161,x6161,x6161,x6161,x6161,x6161,x6161,x,x,x6161,x6161,x6161,x6161,x6161,x6161,x6161,x6161,x6161,x,x,x,x,x,x,x6161,x6161,x61,x,x,x,x6161,x,x6161,x,x6161,x,x6161,x6161,x61,x6161,x,x,x6161,x6161,x6161,x6161,x6161,x6161,x61,x61,x,x6161,x6161,x6161,x6161,x6161
CASE	regexp	a{0}	255	0
probes	0
parse	OK	(\u{5c}a){0,0}
tree	REGEXP_REPEAT_MINMAX min=0 max=0\u{a}  REGEXP_CHAR char=a\u{a}
raw	1	0	1
rawdump	A
flags	0	0	0	1
nfarun	1000000000000000000000000000000000000000000000000000000000000000000000000000000000000000000000000000000000000000000000000000000
compiled	SINGLE	x	-	-1	1	0	-
compiled_floor	-
det	1	0	1
detdump	A
min	1	0
run	1000000000000000000000000000000000000000000000000000000000000000000000000000000000000000000000000000000000000000000000000000000
charrun	1000000000000000000000000000000000000000000000000000000000000000000000000000000000000000000000000000000000000000000000000000000
prefix	
singleton	
topo	0
strings	1	
compiled_det	SINGLE	x	-	-1	1	0	-
compiled_det_floor	-
CASE	regexp	[a-z]	255	0
probes	0
parse	OK	[\u{5c}a-\u{5c}z]
tree	REGEXP_CHAR_RANGE from=a to=z\u{a}
raw	2	1	1
rawdump	N,1/97/122;A
flags	0	0	0	1
nfarun	0111110000000001110000000000000000000000000000000000000000000000001001000000000000000000000000000000000000000000000000000000000
compiled	NORMAL	-	-	-1	0	0	0111110000000001110000000000000000000000000000000000000000000000001001000000000000000000000000000000000000000000000000000000000
compiled_floor	null,x61,x62,x63,x64,x65,x61,x61,x61,x61,x61,x61,x61,x61,x61,x7a,x71,x78,x78,x78,x78,x61,x61,x61,x63,x62,x62,x61,x61,x61,x62,x66,x62,x62,x66,x66,x66,x69,x73,x61,x61,x61,x71,null,null,null,null,null,null,null,null,null,null,null,null,null,null,null,null,null,null,x71,null,null,null,null,x6b,x7a,null,x73,x7a,x7a,x7a,x7a,x7a,x7a,x7a,x73,null,null,x7a,x7a,x7a,x7a,x7a,x7a,x7a,x7a,x7a,null,null,null,null,null,null,x71,x7a,x61,null,null,null,x61,null,x68,null,x6b,null,x7a,x61,x61,x61,null,null,x68,x63,x63,x64,x64,x63,x61,x61,null,x61,x61,x61,x78,x7a
det	2	1	1
detdump	N,1/97/122;A
min	2	1
run	0111110000000001110000000000000000000000000000000000000000000000001001000000000000000000000000000000000000000000000000000000000
charrun	0111110000000001110000000000000000000000000000000000000000000000001001000000000000000000000000000000000000000000000000000000000
prefix	
singleton	null
topo	0,1
strings	26	a	b	c	d	e	f	g	h	i	j	k	l	m	n	o	p	q	r	s	t	u	v	w	x	y	z
compiled_det	NORMAL	-	-	-1	0	0	0111110000000001110000000000000000000000000000000000000000000000001001000000000000000000000000000000000000000000000000000000000
compiled_det_floor	null,x61,x62,x63,x64,x65,x61,x61,x61,x61,x61,x61,x61,x61,x61,x7a,x71,x78,x78,x78,x78,x61,x61,x61,x63,x62,x62,x61,x61,x61,x62,x66,x62,x62,x66,x66,x66,x69,x73,x61,x61,x61,x71,null,null,null,null,null,null,null,null,null,null,null,null,null,null,null,null,null,null,x71,null,null,null,null,x6b,x7a,null,x73,x7a,x7a,x7a,x7a,x7a,x7a,x7a,x73,null,null,x7a,x7a,x7a,x7a,x7a,x7a,x7a,x7a,x7a,null,null,null,null,null,null,x71,x7a,x61,null,null,null,x61,null,x68,null,x6b,null,x7a,x61,x61,x61,null,null,x68,x63,x63,x64,x64,x63,x61,x61,null,x61,x61,x61,x78,x7a
CASE	regexp	[^a-z]	255	0
probes	0
parse	OK	(.&~([\u{5c}a-\u{5c}z]))
tree	REGEXP_INTERSECTION\u{a}  REGEXP_ANYCHAR\u{a}  REGEXP_COMPLEMENT\u{a}    REGEXP_CHAR_RANGE from=a to=z\u{a}
raw	2	2	1
rawdump	N,1/0/96,1/123/1114111;A
flags	0	0	0	1
nfarun	0000000000000000000000000000000000000000000111000000000000100000010110111111100010100101011111100011000000000000100000000100001
compiled	NORMAL	-	-	-1	0	0	0000000000000000000000000000000000000000000111000000000000100000010110111111100010100101011111100011000000000000100000000100001
compiled_floor	null,x60,x60,x60,x60,x60,x60,x60,x60,x60,x60,x60,x60,x60,x60,x60,x60,x60,x60,x60,x60,x60,x60,x60,x60,x60,x60,x60,x60,x60,x60,x60,x60,x60,x60,x60,x60,x60,x60,x60,x60,x60,x60,x31,x35,x39,x31,x30,x30,x30,x31,x31,x31,x35,x35,x30,x39,x30,x37,x31,x30,x60,x51,x51,x51,x4b,x60,xe284aa,x53,x60,xc5bf,xcea3,xcf83,xcf82,xc784,xc785,xc786,x60,x53,x53,xc3a9,xc3a9,xc389,xe697a5,xe697a5,xf09f9880,xf09f9880,xf09f9881,xf09f9882,x09,x20,x5f,x2d,x5c,x2e,x60,x7e,x60,x23,x40,x3c,x60,x48,x60,x48,x60,x4b,xe284aa,x60,x60,x60,x2a,x3f,x60,x60,x60,x60,x60,x60,x60,x60,x00,x60,x60,x60,x60,xc3bf
det	2	2	1
detdump	N,1/0/96,1/123/1114111;A
min	2	2
run	0000000000000000000000000000000000000000000111000000000000100000010110111111100010100101011111100011000000000000100000000100001
charrun	0000000000000000000000000000000000000000000111000000000000100000010110111111100010100101011111100011000000000000100000000100001
prefix	
singleton	null
topo	0,1
strings	50	\u{0}	\u{1}	\u{2}	\u{3}	\u{4}	\u{5}	\u{6}	\u{7}	\u{8}	\u{9}	\u{a}	\u{b}	\u{c}	\u{d}	\u{e}	\u{f}	\u{10}	\u{11}	\u{12}	\u{13}	\u{14}	\u{15}	\u{16}	\u{17}	\u{18}	\u{19}	\u{1a}	\u{1b}	\u{1c}	\u{1d}	\u{1e}	\u{1f}	 	!	"	#	$	%	&	'	(	)	*	+	,	-	.	/	0	1
compiled_det	NORMAL	-	-	-1	0	0	0000000000000000000000000000000000000000000111000000000000100000010110111111100010100101011111100011000000000000100000000100001
compiled_det_floor	null,x60,x60,x60,x60,x60,x60,x60,x60,x60,x60,x60,x60,x60,x60,x60,x60,x60,x60,x60,x60,x60,x60,x60,x60,x60,x60,x60,x60,x60,x60,x60,x60,x60,x60,x60,x60,x60,x60,x60,x60,x60,x60,x31,x35,x39,x31,x30,x30,x30,x31,x31,x31,x35,x35,x30,x39,x30,x37,x31,x30,x60,x51,x51,x51,x4b,x60,xe284aa,x53,x60,xc5bf,xcea3,xcf83,xcf82,xc784,xc785,xc786,x60,x53,x53,xc3a9,xc3a9,xc389,xe697a5,xe697a5,xf09f9880,xf09f9880,xf09f9881,xf09f9882,x09,x20,x5f,x2d,x5c,x2e,x60,x7e,x60,x23,x40,x3c,x60,x48,x60,x48,x60,x4b,xe284aa,x60,x60,x60,x2a,x3f,x60,x60,x60,x60,x60,x60,x60,x60,x00,x60,x60,x60,x60,xc3bf
CASE	regexp	[abc]	255	0
probes	0
parse	OK	[\u{5c}a\u{5c}b\u{5c}c]
tree	REGEXP_CHAR_CLASS starts=[U+0061 U+0062 U+0063] ends=[U+0061 U+0062 U+0063]\u{a}
raw	2	1	1
rawdump	N,1/97/99;A
flags	0	0	0	1
nfarun	0111000000000000000000000000000000000000000000000000000000000000000000000000000000000000000000000000000000000000000000000000000
compiled	NORMAL	-	-	-1	0	0	0111000000000000000000000000000000000000000000000000000000000000000000000000000000000000000000000000000000000000000000000000000
compiled_floor	null,x61,x62,x63,x63,x63,x61,x61,x61,x61,x61,x61,x61,x61,x61,x63,x63,x63,x63,x63,x63,x61,x61,x61,x63,x62,x62,x61,x61,x61,x62,x63,x62,x62,x63,x63,x63,x63,x63,x61,x61,x61,x63,null,null,null,null,null,null,null,null,null,null,null,null,null,null,null,null,null,null,x63,null,null,null,null,x63,x63,null,x63,x63,x63,x63,x63,x63,x63,x63,x63,null,null,x63,x63,x63,x63,x63,x63,x63,x63,x63,null,null,null,null,null,null,x63,x63,x61,null,null,null,x61,null,x63,null,x63,null,x63,x61,x61,x61,null,null,x63,x63,x63,x63,x63,x63,x61,x61,null,x61,x61,x61,x63,x63
det	2	1	1
detdump	N,1/97/99;A
min	2	1
run	0111000000000000000000000000000000000000000000000000000000000000000000000000000000000000000000000000000000000000000000000000000
charrun	0111000000000000000000000000000000000000000000000000000000000000000000000000000000000000000000000000000000000000000000000000000
prefix	
singleton	null
topo	0,1
strings	3	a	b	c
compiled_det	NORMAL	-	-	-1	0	0	0111000000000000000000000000000000000000000000000000000000000000000000000000000000000000000000000000000000000000000000000000000
compiled_det_floor	null,x61,x62,x63,x63,x63,x61,x61,x61,x61,x61,x61,x61,x61,x61,x63,x63,x63,x63,x63,x63,x61,x61,x61,x63,x62,x62,x61,x61,x61,x62,x63,x62,x62,x63,x63,x63,x63,x63,x61,x61,x61,x63,null,null,null,null,null,null,null,null,null,null,null,null,null,null,null,null,null,null,x63,null,null,null,null,x63,x63,null,x63,x63,x63,x63,x63,x63,x63,x63,x63,null,null,x63,x63,x63,x63,x63,x63,x63,x63,x63,null,null,null,null,null,null,x63,x63,x61,null,null,null,x61,null,x63,null,x63,null,x63,x61,x61,x61,null,null,x63,x63,x63,x63,x63,x63,x61,x61,null,x61,x61,x61,x63,x63
CASE	regexp	[a-cx-z]	255	0
probes	0
parse	OK	[\u{5c}a-\u{5c}c\u{5c}x-\u{5c}z]
tree	REGEXP_CHAR_CLASS starts=[U+0061 U+0078] ends=[U+0063 U+007A]\u{a}
raw	2	2	1
rawdump	N,1/97/99,1/120/122;A
flags	0	0	0	1
nfarun	0111000000000001010000000000000000000000000000000000000000000000000000000000000000000000000000000000000000000000000000000000000
compiled	NORMAL	-	-	-1	0	0	0111000000000001010000000000000000000000000000000000000000000000000000000000000000000000000000000000000000000000000000000000000
compiled_floor	null,x61,x62,x63,x63,x63,x61,x61,x61,x61,x61,x61,x61,x61,x61,x7a,x63,x78,x78,x78,x78,x61,x61,x61,x63,x62,x62,x61,x61,x61,x62,x63,x62,x62,x63,x63,x63,x63,x63,x61,x61,x61,x63,null,null,null,null,null,null,null,null,null,null,null,null,null,null,null,null,null,null,x63,null,null,null,null,x63,x7a,null,x63,x7a,x7a,x7a,x7a,x7a,x7a,x7a,x63,null,null,x7a,x7a,x7a,x7a,x7a,x7a,x7a,x7a,x7a,null,null,null,null,null,null,x63,x7a,x61,null,null,null,x61,null,x63,null,x63,null,x7a,x61,x61,x61,null,null,x63,x63,x63,x63,x63,x63,x61,x61,null,x61,x61,x61,x78,x7a
det	2	2	1
detdump	N,1/97/99,1/120/122;A
min	2	2
run	0111000000000001010000000000000000000000000000000000000000000000000000000000000000000000000000000000000000000000000000000000000
charrun	0111000000000001010000000000000000000000000000000000000000000000000000000000000000000000000000000000000000000000000000000000000
prefix	
singleton	null
topo	0,1
strings	6	a	b	c	x	y	z
compiled_det	NORMAL	-	-	-1	0	0	0111000000000001010000000000000000000000000000000000000000000000000000000000000000000000000000000000000000000000000000000000000
compiled_det_floor	null,x61,x62,x63,x63,x63,x61,x61,x61,x61,x61,x61,x61,x61,x61,x7a,x63,x78,x78,x78,x78,x61,x61,x61,x63,x62,x62,x61,x61,x61,x62,x63,x62,x62,x63,x63,x63,x63,x63,x61,x61,x61,x63,null,null,null,null,null,null,null,null,null,null,null,null,null,null,null,null,null,null,x63,null,null,null,null,x63,x7a,null,x63,x7a,x7a,x7a,x7a,x7a,x7a,x7a,x63,null,null,x7a,x7a,x7a,x7a,x7a,x7a,x7a,x7a,x7a,null,null,null,null,null,null,x63,x7a,x61,null,null,null,x61,null,x63,null,x63,null,x7a,x61,x61,x61,null,null,x63,x63,x63,x63,x63,x63,x61,x61,null,x61,x61,x61,x78,x7a
CASE	regexp	[^abc]d	255	0
probes	0
parse	OK	(.&~([\u{5c}a\u{5c}b\u{5c}c]))\u{5c}d
tree	REGEXP_CONCATENATION\u{a}  REGEXP_INTERSECTION\u{a}    REGEXP_ANYCHAR\u{a}    REGEXP_COMPLEMENT\u{a}      REGEXP_CHAR_CLASS starts=[U+0061 U+0062 U+0063] ends=[U+0061 U+0062 U+0063]\u{a}  REGEXP_CHAR char=d\u{a}
raw	3	3	1
rawdump	N,1/0/96,1/100/1114111;N,2/100/100;A
flags	0	0	0	1
nfarun	0000000000000000000000000000000000000000000000000000000000000000000000000000000000000000000000000000000000000000000000000000000
compiled	NORMAL	-	x64	-1	0	0	0000000000000000000000000000000000000000000000000000000000000000000000000000000000000000000000000000000000000000000000000000000
compiled_floor	null,x6064,x6064,x6064,x6064,x6464,x6064,x6064,x6064,x6064,x6064,x6064,x6064,x6064,x6064,x7964,x7064,x7764,x7864,x7864,x7864,x6064,x6064,x6064,x6064,x6064,x6064,x6064,x6064,x6064,x6064,x6664,x6064,x6064,x6664,x6664,x6664,x6964,x7364,x6064,x6064,x6064,x7064,x3064,x3464,x3864,x3064,x2f64,x2f64,x2f64,x3064,x3064,x3064,x3464,x3464,x2f64,x3864,x2f64,x3664,x3064,x2f64,x7164,x5064,x5164,x5164,x4a64,x6a64,xe284a964,x5264,x7264,xc5be64,xcea264,xcf8264,xcf8164,xc78364,xc78464,xc78564,x7364,x5264,x5364,xc3a864,xc3a964,xc38864,xe697a564,xe697a564,xf09f97bf64,xf09f988064,xf09f988064,xf09f988264,x0864,x1f64,x5e64,x2c64,x5b64,x2d64,x7164,x7d64,x6064,x2264,x3f64,x3b64,x6064,x4864,x6864,x4764,x6a64,x4a64,xe284aa64,x6064,x6064,x6064,x2964,x3e64,x6864,x6064,x6064,x6464,x6464,x6064,x6064,x6064,null,x6064,x6064,x6064,x7864,xc3be64
det	3	3	1
detdump	N,1/0/96,1/100/1114111;N,2/100/100;A
min	3	3
run	0000000000000000000000000000000000000000000000000000000000000000000000000000000000000000000000000000000000000000000000000000000
charrun	0000000000000000000000000000000000000000000000000000000000000000000000000000000000000000000000000000000000000000000000000000000
prefix	
singleton	null
topo	0,1,2
strings	50	\u{0}d	\u{1}d	\u{2}d	\u{3}d	\u{4}d	\u{5}d	\u{6}d	\u{7}d	\u{8}d	\u{9}d	\u{a}d	\u{b}d	\u{c}d	\u{d}d	\u{e}d	\u{f}d	\u{10}d	\u{11}d	\u{12}d	\u{13}d	\u{14}d	\u{15}d	\u{16}d	\u{17}d	\u{18}d	\u{19}d	\u{1a}d	\u{1b}d	\u{1c}d	\u{1d}d	\u{1e}d	\u{1f}d	 d	!d	"d	#d	$d	%d	&d	'd	(d	)d	*d	+d	,d	-d	.d	/d	0d	1d
compiled_det	NORMAL	-	x64	-1	0	0	0000000000000000000000000000000000000000000000000000000000000000000000000000000000000000000000000000000000000000000000000000000
compiled_det_floor	null,x6064,x6064,x6064,x6064,x6464,x6064,x6064,x6064,x6064,x6064,x6064,x6064,x6064,x6064,x7964,x7064,x7764,x7864,x7864,x7864,x6064,x6064,x6064,x6064,x6064,x6064,x6064,x6064,x6064,x6064,x6664,x6064,x6064,x6664,x6664,x6664,x6964,x7364,x6064,x6064,x6064,x7064,x3064,x3464,x3864,x3064,x2f64,x2f64,x2f64,x3064,x3064,x3064,x3464,x3464,x2f64,x3864,x2f64,x3664,x3064,x2f64,x7164,x5064,x5164,x5164,x4a64,x6a64,xe284a964,x5264,x7264,xc5be64,xcea264,xcf8264,xcf8164,xc78364,xc78464,xc78564,x7364,x5264,x5364,xc3a864,xc3a964,xc38864,xe697a564,xe697a564,xf09f97bf64,xf09f988064,xf09f988064,xf09f988264,x0864,x1f64,x5e64,x2c64,x5b64,x2d64,x7164,x7d64,x6064,x2264,x3f64,x3b64,x6064,x4864,x6864,x4764,x6a64,x4a64,xe284aa64,x6064,x6064,x6064,x2964,x3e64,x6864,x6064,x6064,x6464,x6464,x6064,x6064,x6064,null,x6064,x6064,x6064,x7864,xc3be64
CASE	regexp	.	255	0
probes	0
parse	OK	.
tree	REGEXP_ANYCHAR\u{a}
raw	2	1	1
rawdump	N,1/0/1114111;A
flags	0	0	0	1
nfarun	0111110000000001110000000000000000000000000111000000000000100000011111111111100010100101011111100011000000000000100000000100001
compiled	NORMAL	-	-	-1	0	0	0111110000000001110000000000000000000000000111000000000000100000011111111111100010100101011111100011000000000000100000000100001
compiled_floor	null,x61,x62,x63,x64,x65,x61,x61,x61,x61,x61,x61,x61,x61,x61,x7a,x71,x78,x78,x78,x78,x61,x61,x61,x63,x62,x62,x61,x61,x61,x62,x66,x62,x62,x66,x66,x66,x69,x73,x61,x61,x61,x71,x31,x35,x39,x31,x30,x30,x30,x31,x31,x31,x35,x35,x30,x39,x30,x37,x31,x30,x71,x51,x51,x51,x4b,x6b,xe284aa,x53,x73,xc5bf,xcea3,xcf83,xcf82,xc784,xc785,xc786,x73,x53,x53,xc3a9,xc3a9,xc389,xe697a5,xe697a5,xf09f9880,xf09f9880,xf09f9881,xf09f9882,x09,x20,x5f,x2d,x5c,x2e,x71,x7e,x61,x23,x40,x3c,x61,x48,x68,x48,x6b,x4b,xe284aa,x61,x61,x61,x2a,x3f,x68,x63,x63,x64,x64,x63,x61,x61,x00,x61,x61,x61,x78,xc3bf
det	2	1	1
detdump	N,1/0/1114111;A
min	2	1
run	0111110000000001110000000000000000000000000111000000000000100000011111111111100010100101011111100011000000000000100000000100001
charrun	0111110000000001110000000000000000000000000111000000000000100000011111111111100010100101011111100011000000000000100000000100001
prefix	
singleton	null
topo	0,1
strings	50	\u{0}	\u{1}	\u{2}	\u{3}	\u{4}	\u{5}	\u{6}	\u{7}	\u{8}	\u{9}	\u{a}	\u{b}	\u{c}	\u{d}	\u{e}	\u{f}	\u{10}	\u{11}	\u{12}	\u{13}	\u{14}	\u{15}	\u{16}	\u{17}	\u{18}	\u{19}	\u{1a}	\u{1b}	\u{1c}	\u{1d}	\u{1e}	\u{1f}	 	!	"	#	$	%	&	'	(	)	*	+	,	-	.	/	0	1
compiled_det	NORMAL	-	-	-1	0	0	0111110000000001110000000000000000000000000111000000000000100000011111111111100010100101011111100011000000000000100000000100001
compiled_det_floor	null,x61,x62,x63,x64,x65,x61,x61,x61,x61,x61,x61,x61,x61,x61,x7a,x71,x78,x78,x78,x78,x61,x61,x61,x63,x62,x62,x61,x61,x61,x62,x66,x62,x62,x66,x66,x66,x69,x73,x61,x61,x61,x71,x31,x35,x39,x31,x30,x30,x30,x31,x31,x31,x35,x35,x30,x39,x30,x37,x31,x30,x71,x51,x51,x51,x4b,x6b,xe284aa,x53,x73,xc5bf,xcea3,xcf83,xcf82,xc784,xc785,xc786,x73,x53,x53,xc3a9,xc3a9,xc389,xe697a5,xe697a5,xf09f9880,xf09f9880,xf09f9881,xf09f9882,x09,x20,x5f,x2d,x5c,x2e,x71,x7e,x61,x23,x40,x3c,x61,x48,x68,x48,x6b,x4b,xe284aa,x61,x61,x61,x2a,x3f,x68,x63,x63,x64,x64,x63,x61,x61,x00,x61,x61,x61,x78,xc3bf
CASE	regexp	.*	255	0
probes	0
parse	OK	(.)*
tree	REGEXP_REPEAT\u{a}  REGEXP_ANYCHAR\u{a}
raw	1	1	1
rawdump	A,0/0/1114111
flags	0	0	1	0
nfarun	1111111111111111111111111111111111111111111111111111111111111111111111111111111111111111111111111111111111111111111111111111111
compiled	ALL	-	-	-1	0	0	-
compiled_floor	-
det	1	1	1
detdump	A,0/0/1114111
min	1	1
run	1111111111111111111111111111111111111111111111111111111111111111111111111111111111111111111111111111111111111111111111111111111
charrun	1111111111111111111111111111111111111111111111111111111111111111111111111111111111111111111111111111111111111111111111111111111
prefix	
singleton	null
compiled_det	ALL	-	-	-1	0	0	-
compiled_det_floor	-
CASE	regexp	a.*	255	0
probes	0
parse	OK	\u{5c}a(.)*
tree	REGEXP_CONCATENATION\u{a}  REGEXP_CHAR char=a\u{a}  REGEXP_REPEAT\u{a}    REGEXP_ANYCHAR\u{a}
raw	3	3	1
rawdump	N,1/97/97;A,2/0/1114111;A,2/0/1114111
flags	0	0	0	0
nfarun	0100001111111110000001110001110000000001110000000000000000000000000000000000000000000000000000000100010000001110000000011011100
compiled	NORMAL	-	-	-1	0	0	0100001111111110000001110001110000000001110000000000000000000000000000000000000000000000000000000100010000001110000000011011100
compiled_floor	-
det	3	3	1
detdump	N,1/97/97;A,2/0/1114111;A,2/0/1114111
min	2	2
run	0100001111111110000001110001110000000001110000000000000000000000000000000000000000000000000000000100010000001110000000011011100
charrun	0100001111111110000001110001110000000001110000000000000000000000000000000000000000000000000000000100010000001110000000011011100
prefix	a
singleton	null
compiled_det	NORMAL	-	-	-1	0	0	0100001111111110000001110001110000000001110000000000000000000000000000000000000000000000000000000100010000001110000000011011100
compiled_det_floor	-
CASE	regexp	.*ing	255	0
probes	0
parse	OK	(.)*"ing"
tree	REGEXP_CONCATENATION\u{a}  REGEXP_REPEAT\u{a}    REGEXP_ANYCHAR\u{a}  REGEXP_STRING string=ing\u{a}
raw	4	4	0
rawdump	N,0/0/1114111,1/105/105;N,2/110/110;N,3/103/103;A
flags	0	0	0	0
nfarun	0000000000000000000000000000000000000110000000000000000000000000000000000000000000000000000000000000000000001000000000000000000
compiled	NORMAL	-	x696e67	-1	0	1	0000000000000000000000000000000000000110000000000000000000000000000000000000000000000000000000000000000000001000000000000000000
compiled_floor	-
det	4	16	1
detdump	N,0/0/104,1/105/105,0/106/1114111;N,0/0/104,1/105/105,0/106/109,2/110/110,0/111/1114111;N,0/0/102,3/103/103,0/104/104,1/105/105,0/106/1114111;A,0/0/104,1/105/105,0/106/1114111
min	4	16
run	0000000000000000000000000000000000000110000000000000000000000000000000000000000000000000000000000000000000001000000000000000000
charrun	0000000000000000000000000000000000000110000000000000000000000000000000000000000000000000000000000000000000001000000000000000000
prefix	
singleton	null
compiled_det	NORMAL	-	x696e67	-1	0	0	0000000000000000000000000000000000000110000000000000000000000000000000000000000000000000000000000000000000001000000000000000000
compiled_det_floor	-
CASE	regexp	a.*z	255	0
probes	0
parse	OK	\u{5c}a(.)*\u{5c}z
tree	REGEXP_CONCATENATION\u{a}  REGEXP_CONCATENATION\u{a}    REGEXP_CHAR char=a\u{a}    REGEXP_REPEAT\u{a}      REGEXP_ANYCHAR\u{a}  REGEXP_CHAR char=z\u{a}
raw	4	5	0
rawdump	N,1/97/97;N,2/0/1114111,3/122/122;N,2/0/1114111,3/122/122;A
flags	0	0	0	0
nfarun	0000000000000000000000000000000000000001100000000000000000000000000000000000000000000000000000000000000000000000000000000000000
compiled	NORMAL	-	x7a	-1	0	1	0000000000000000000000000000000000000001100000000000000000000000000000000000000000000000000000000000000000000000000000000000000
compiled_floor	-
det	4	10	1
detdump	N,1/97/97;N,2/0/121,3/122/122,2/123/1114111;N,2/0/121,3/122/122,2/123/1114111;A,2/0/121,3/122/122,2/123/1114111
min	3	7
run	0000000000000000000000000000000000000001100000000000000000000000000000000000000000000000000000000000000000000000000000000000000
charrun	0000000000000000000000000000000000000001100000000000000000000000000000000000000000000000000000000000000000000000000000000000000
prefix	a
singleton	null
compiled_det	NORMAL	-	x7a	-1	0	0	0000000000000000000000000000000000000001100000000000000000000000000000000000000000000000000000000000000000000000000000000000000
compiled_det_floor	-
CASE	regexp	@	255	0
probes	0
parse	OK	@
tree	REGEXP_ANYSTRING\u{a}
raw	1	1	1
rawdump	A,0/0/1114111
flags	0	0	1	0
nfarun	1111111111111111111111111111111111111111111111111111111111111111111111111111111111111111111111111111111111111111111111111111111
compiled	ALL	-	-	-1	0	0	-
compiled_floor	-
det	1	1	1
detdump	A,0/0/1114111
min	1	1
run	1111111111111111111111111111111111111111111111111111111111111111111111111111111111111111111111111111111111111111111111111111111
charrun	1111111111111111111111111111111111111111111111111111111111111111111111111111111111111111111111111111111111111111111111111111111
prefix	
singleton	null
compiled_det	ALL	-	-	-1	0	0	-
compiled_det_floor	-
CASE	regexp	#	255	0
probes	0
parse	OK	#
tree	REGEXP_EMPTY\u{a}
raw	0	0	1
rawdump	
flags	0	1	0	1
nfarun	0000000000000000000000000000000000000000000000000000000000000000000000000000000000000000000000000000000000000000000000000000000
compiled	NONE	-	-	-1	1	0	-
compiled_floor	-
det	0	0	1
detdump	
min	0	0
run	0000000000000000000000000000000000000000000000000000000000000000000000000000000000000000000000000000000000000000000000000000000
charrun	0000000000000000000000000000000000000000000000000000000000000000000000000000000000000000000000000000000000000000000000000000000
prefix	
singleton	null
topo	
strings	0
compiled_det	NONE	-	-	-1	1	0	-
compiled_det_floor	-
CASE	regexp	a#	255	0
probes	0
parse	OK	\u{5c}a#
tree	REGEXP_CONCATENATION\u{a}  REGEXP_CHAR char=a\u{a}  REGEXP_EMPTY\u{a}
raw	0	0	1
rawdump	
flags	0	1	0	1
nfarun	0000000000000000000000000000000000000000000000000000000000000000000000000000000000000000000000000000000000000000000000000000000
compiled	NONE	-	-	-1	1	0	-
compiled_floor	-
det	0	0	1
detdump	
min	0	0
run	0000000000000000000000000000000000000000000000000000000000000000000000000000000000000000000000000000000000000000000000000000000
charrun	0000000000000000000000000000000000000000000000000000000000000000000000000000000000000000000000000000000000000000000000000000000
prefix	
singleton	null
topo	
strings	0
compiled_det	NONE	-	-	-1	1	0	-
compiled_det_floor	-
CASE	regexp	a&b	255	0
probes	0
parse	OK	(\u{5c}a&\u{5c}b)
tree	REGEXP_INTERSECTION\u{a}  REGEXP_CHAR char=a\u{a}  REGEXP_CHAR char=b\u{a}
raw	0	0	1
rawdump	
flags	0	1	0	1
nfarun	0000000000000000000000000000000000000000000000000000000000000000000000000000000000000000000000000000000000000000000000000000000
compiled	NONE	-	-	-1	1	0	-
compiled_floor	-
det	0	0	1
detdump	
min	0	0
run	0000000000000000000000000000000000000000000000000000000000000000000000000000000000000000000000000000000000000000000000000000000
charrun	0000000000000000000000000000000000000000000000000000000000000000000000000000000000000000000000000000000000000000000000000000000
prefix	
singleton	null
topo	
strings	0
compiled_det	NONE	-	-	-1	1	0	-
compiled_det_floor	-
CASE	regexp	[a-z]+&.*q.*	255	0
probes	0
parse	OK	(([\u{5c}a-\u{5c}z]){1,}&(.)*\u{5c}q(.)*)
tree	REGEXP_INTERSECTION\u{a}  REGEXP_REPEAT_MIN min=1\u{a}    REGEXP_CHAR_RANGE from=a to=z\u{a}  REGEXP_CONCATENATION\u{a}    REGEXP_CONCATENATION\u{a}      REGEXP_REPEAT\u{a}        REGEXP_ANYCHAR\u{a}      REGEXP_CHAR char=q\u{a}    REGEXP_REPEAT\u{a}      REGEXP_ANYCHAR\u{a}
raw	6	9	0
rawdump	N,1/97/122,2/113/113;N,3/97/122,4/113/113;A,5/97/122;N,3/97/122,4/113/113;A,5/97/122;A,5/97/122
flags	0	0	0	0
nfarun	0000000000000000100000000000000000000000011000000000000000000100000000000000000000000000000000000000000000000000000000000000000
compiled	NORMAL	-	-	-1	0	1	0000000000000000100000000000000000000000011000000000000000000100000000000000000000000000000000000000000000000000000000000000000
compiled_floor	-
det	7	21	1
detdump	N,1/97/112,2/113/113,1/114/122;N,3/97/112,4/113/113,3/114/122;A,5/97/112,6/113/113,5/114/122;N,3/97/112,4/113/113,3/114/122;A,5/97/112,6/113/113,5/114/122;A,5/97/112,6/113/113,5/114/122;A,5/97/112,6/113/113,5/114/122
min	2	4
run	0000000000000000100000000000000000000000011000000000000000000100000000000000000000000000000000000000000000000000000000000000000
charrun	0000000000000000100000000000000000000000011000000000000000000100000000000000000000000000000000000000000000000000000000000000000
prefix	
singleton	null
compiled_det	NORMAL	-	-	-1	0	0	0000000000000000100000000000000000000000011000000000000000000100000000000000000000000000000000000000000000000000000000000000000
compiled_det_floor	-
CASE	regexp	"quo\u{5c}ted"	255	0
probes	0
parse	OK	"quo\u{5c}ted"
tree	REGEXP_STRING string=quo\u{5c}ted\u{a}
raw	8	7	1
rawdump	N,1/113/113;N,2/117/117;N,3/111/111;N,4/92/92;N,5/116/116;N,6/101/101;N,7/100/100;A
flags	0	0	0	1
nfarun	0000000000000000000000000000000000000000000000000000000000000000000000000000000000000000000000010000000000000000000000000000000
compiled	SINGLE	x71756f5c746564	-	-1	1	0	-
compiled_floor	-
det	8	7	1
detdump	N,1/113/113;N,2/117/117;N,3/111/111;N,4/92/92;N,5/116/116;N,6/101/101;N,7/100/100;A
min	8	7
run	0000000000000000000000000000000000000000000000000000000000000000000000000000000000000000000000010000000000000000000000000000000
charrun	0000000000000000000000000000000000000000000000000000000000000000000000000000000000000000000000010000000000000000000000000000000
prefix	quo\u{5c}ted
singleton	quo\u{5c}ted
topo	0,1,2,3,4,5,6,7
strings	1	quo\u{5c}ted
compiled_det	SINGLE	x71756f5c746564	-	-1	1	0	-
compiled_det_floor	-
CASE	regexp	<1-10>	255	0
probes	0
parse	OK	<1-10>
tree	REGEXP_INTERVAL<1-10>\u{a}
raw	6	8	0
rawdump	N,0/48/48,1/48/48,2/49/49,4/49/49,3/50/57;N,2/49/49,3/50/57;A;A;N,5/48/48;A
flags	0	0	0	0
nfarun	0000000000000000000000000000000000000000000111111100000001100000000000000000000000000000000000000000000000000000000000000000000
compiled	NORMAL	-	-	-1	0	1	0000000000000000000000000000000000000000000111111100000001100000000000000000000000000000000000000000000000000000000000000000000
compiled_floor	-
det	5	7	1
detdump	N,1/48/48,2/49/49,3/50/57;N,1/48/48,2/49/49,3/50/57;A,4/48/48;A;A
min	3	4
run	0000000000000000000000000000000000000000000111111100000001100000000000000000000000000000000000000000000000000000000000000000000
charrun	0000000000000000000000000000000000000000000111111100000001100000000000000000000000000000000000000000000000000000000000000000000
prefix	
singleton	null
compiled_det	NORMAL	-	-	-1	0	0	0000000000000000000000000000000000000000000111111100000001100000000000000000000000000000000000000000000000000000000000000000000
compiled_det_floor	-
CASE	regexp	<01-10>	255	0
probes	0
parse	OK	<01-10>
tree	REGEXP_INTERVAL<01-10>\u{a}
raw	6	5	1
rawdump	N,1/48/48,4/49/49;N,2/49/49,3/50/57;A;A;N,5/48/48;A
flags	0	0	0	1
nfarun	0000000000000000000000000000000000000000000000101000000001000000000000000000000000000000000000000000000000000000000000000000000
compiled	NORMAL	-	-	-1	0	0	0000000000000000000000000000000000000000000000101000000001000000000000000000000000000000000000000000000000000000000000000000000
compiled_floor	null,x3130,x3130,x3130,x3130,x3130,x3130,x3130,x3130,x3130,x3130,x3130,x3130,x3130,x3130,x3130,x3130,x3130,x3130,x3130,x3130,x3130,x3130,x3130,x3130,x3130,x3130,x3130,x3130,x3130,x3130,x3130,x3130,x3130,x3130,x3130,x3130,x3130,x3130,x3130,x3130,x3130,x3130,x3039,x3130,x3130,x3130,x3031,x3035,null,x3130,x3130,x3130,x3130,x3130,x3035,x3130,x3037,x3130,x3130,x3031,x3130,x3130,x3130,x3130,x3130,x3130,x3130,x3130,x3130,x3130,x3130,x3130,x3130,x3130,x3130,x3130,x3130,x3130,x3130,x3130,x3130,x3130,x3130,x3130,x3130,x3130,x3130,x3130,null,null,x3130,null,x3130,null,x3130,x3130,x3130,null,x3130,x3130,x3130,x3130,x3130,x3130,x3130,x3130,x3130,x3130,x3130,x3130,null,x3130,x3130,x3130,x3130,x3130,x3130,x3130,x3130,x3130,null,x3130,x3130,x3130,x3130,x3130
det	6	5	1
detdump	N,1/48/48,4/49/49;N,2/49/49,3/50/57;A;A;N,5/48/48;A
min	4	4
run	0000000000000000000000000000000000000000000000101000000001000000000000000000000000000000000000000000000000000000000000000000000
charrun	0000000000000000000000000000000000000000000000101000000001000000000000000000000000000000000000000000000000000000000000000000000
prefix	
singleton	null
topo	0,4,5,1,3,2
strings	10	01	02	03	04	05	06	07	08	09	10
compiled_det	NORMAL	-	-	-1	0	0	0000000000000000000000000000000000000000000000101000000001000000000000000000000000000000000000000000000000000000000000000000000
compiled_det_floor	null,x3130,x3130,x3130,x3130,x3130,x3130,x3130,x3130,x3130,x3130,x3130,x3130,x3130,x3130,x3130,x3130,x3130,x3130,x3130,x3130,x3130,x3130,x3130,x3130,x3130,x3130,x3130,x3130,x3130,x3130,x3130,x3130,x3130,x3130,x3130,x3130,x3130,x3130,x3130,x3130,x3130,x3130,x3039,x3130,x3130,x3130,x3031,x3035,null,x3130,x3130,x3130,x3130,x3130,x3035,x3130,x3037,x3130,x3130,x3031,x3130,x3130,x3130,x3130,x3130,x3130,x3130,x3130,x3130,x3130,x3130,x3130,x3130,x3130,x3130,x3130,x3130,x3130,x3130,x3130,x3130,x3130,x3130,x3130,x3130,x3130,x3130,x3130,null,null,x3130,null,x3130,null,x3130,x3130,x3130,null,x3130,x3130,x3130,x3130,x3130,x3130,x3130,x3130,x3130,x3130,x3130,x3130,null,x3130,x3130,x3130,x3130,x3130,x3130,x3130,x3130,x3130,null,x3130,x3130,x3130,x3130,x3130
CASE	regexp	<5-500>	255	0
probes	0
parse	OK	<5-500>
tree	REGEXP_INTERVAL<5-500>\u{a}
raw	13	17	0
rawdump	N,0/48/48,1/48/48,2/48/48,10/49/52,5/49/57,3/53/53,7/53/53,4/54/57;N,2/48/48,5/49/57;N,3/53/53,4/54/57;A;A;N,6/48/57;A;N,8/48/48;N,9/48/48;A;N,11/48/57;N,12/48/57;A
flags	0	0	0	0
nfarun	0000000000000000000000000000000000000000000011111111110111100000000000000000000000000000000000000000000000000000000000000000000
compiled	NORMAL	-	-	-1	0	1	0000000000000000000000000000000000000000000011111111110111100000000000000000000000000000000000000000000000000000000000000000000
compiled_floor	-
det	10	14	1
detdump	N,1/48/48,2/49/52,3/53/53,4/54/57;N,1/48/48,2/49/52,3/53/53,4/54/57;N,5/48/57;A,6/48/48,7/49/57;A,7/48/57;A,8/48/57;A,9/48/48;A;A;A
min	6	9
run	0000000000000000000000000000000000000000000011111111110111100000000000000000000000000000000000000000000000000000000000000000000
charrun	0000000000000000000000000000000000000000000011111111110111100000000000000000000000000000000000000000000000000000000000000000000
prefix	
singleton	null
compiled_det	NORMAL	-	-	-1	0	0	0000000000000000000000000000000000000000000011111111110111100000000000000000000000000000000000000000000000000000000000000000000
compiled_det_floor	-
CASE	regexp	<0-99>	255	0
probes	0
parse	OK	<0-99>
tree	REGEXP_INTERVAL<0-99>\u{a}
raw	9	11	0
rawdump	N,0/48/48,1/48/48,2/48/48,7/49/56,3/49/57,4/57/57;N,2/48/48,3/49/57;A;A;N,6/48/56,5/57/57;A;A;N,8/48/57;A
flags	0	0	0	0
nfarun	0000000000000000000000000000000000000000000111111110000011100000000000000000000000000000000000000000000000000000000000000000000
compiled	NORMAL	-	-	-1	0	1	0000000000000000000000000000000000000000000111111110000011100000000000000000000000000000000000000000000000000000000000000000000
compiled_floor	-
det	7	9	1
detdump	N,1/48/48,2/49/56,3/57/57;A,1/48/48,2/49/56,3/57/57;A,4/48/57;A,5/48/56,6/57/57;A;A;A
min	4	5
run	0000000000000000000000000000000000000000000111111110000011100000000000000000000000000000000000000000000000000000000000000000000
charrun	0000000000000000000000000000000000000000000111111110000011100000000000000000000000000000000000000000000000000000000000000000000
prefix	
singleton	null
compiled_det	NORMAL	-	-	-1	0	0	0000000000000000000000000000000000000000000111111110000011100000000000000000000000000000000000000000000000000000000000000000000
compiled_det_floor	-
CASE	regexp	<0500-0501>	255	0
probes	0
parse	OK	<0500-0501>
tree	REGEXP_INTERVAL<0500-0501>\u{a}
raw	6	5	1
rawdump	N,1/48/48;N,2/53/53;N,3/48/48;N,4/48/48,5/49/49;A;A
flags	0	0	0	1
nfarun	0000000000000000000000000000000000000000000000000000000100000000000000000000000000000000000000000000000000000000000000000000000
compiled	NORMAL	-	-	-1	0	0	0000000000000000000000000000000000000000000000000000000100000000000000000000000000000000000000000000000000000000000000000000000
compiled_floor	null,x30353031,x30353031,x30353031,x30353031,x30353031,x30353031,x30353031,x30353031,x30353031,x30353031,x30353031,x30353031,x30353031,x30353031,x30353031,x30353031,x30353031,x30353031,x30353031,x30353031,x30353031,x30353031,x30353031,x30353031,x30353031,x30353031,x30353031,x30353031,x30353031,x30353031,x30353031,x30353031,x30353031,x30353031,x30353031,x30353031,x30353031,x30353031,x30353031,x30353031,x30353031,x30353031,x30353031,x30353031,x30353031,x30353031,null,null,null,x30353031,x30353031,x30353031,x30353031,x30353031,x30353030,x30353031,x30353031,x30353031,x30353031,null,x30353031,x30353031,x30353031,x30353031,x30353031,x30353031,x30353031,x30353031,x30353031,x30353031,x30353031,x30353031,x30353031,x30353031,x30353031,x30353031,x30353031,x30353031,x30353031,x30353031,x30353031,x30353031,x30353031,x30353031,x30353031,x30353031,x30353031,x30353031,null,null,x30353031,null,x30353031,null,x30353031,x30353031,x30353031,null,x30353031,x30353031,x30353031,x30353031,x30353031,x30353031,x30353031,x30353031,x30353031,x30353031,x30353031,x30353031,null,x30353031,x30353031,x30353031,x30353031,x30353031,x30353031,x30353031,x30353031,x30353031,null,x30353031,x30353031,x30353031,x30353031,x30353031
det	6	5	1
detdump	N,1/48/48;N,2/53/53;N,3/48/48;N,4/48/48,5/49/49;A;A
min	5	4
run	0000000000000000000000000000000000000000000000000000000100000000000000000000000000000000000000000000000000000000000000000000000
charrun	0000000000000000000000000000000000000000000000000000000100000000000000000000000000000000000000000000000000000000000000000000000
prefix	050
singleton	null
topo	0,1,2,3,5,4
strings	2	0500	0501
compiled_det	NORMAL	-	-	-1	0	0	0000000000000000000000000000000000000000000000000000000100000000000000000000000000000000000000000000000000000000000000000000000
compiled_det_floor	null,x30353031,x30353031,x30353031,x30353031,x30353031,x30353031,x30353031,x30353031,x30353031,x30353031,x30353031,x30353031,x30353031,x30353031,x30353031,x30353031,x30353031,x30353031,x30353031,x30353031,x30353031,x30353031,x30353031,x30353031,x30353031,x30353031,x30353031,x30353031,x30353031,x30353031,x30353031,x30353031,x30353031,x30353031,x30353031,x30353031,x30353031,x30353031,x30353031,x30353031,x30353031,x30353031,x30353031,x30353031,x30353031,x30353031,null,null,null,x30353031,x30353031,x30353031,x30353031,x30353031,x30353030,x30353031,x30353031,x30353031,x30353031,null,x30353031,x30353031,x30353031,x30353031,x30353031,x30353031,x30353031,x30353031,x30353031,x30353031,x30353031,x30353031,x30353031,x30353031,x30353031,x30353031,x30353031,x30353031,x30353031,x30353031,x30353031,x30353031,x30353031,x30353031,x30353031,x30353031,x30353031,x30353031,null,null,x30353031,null,x30353031,null,x30353031,x30353031,x30353031,null,x30353031,x30353031,x30353031,x30353031,x30353031,x30353031,x30353031,x30353031,x30353031,x30353031,x30353031,x30353031,null,x30353031,x30353031,x30353031,x30353031,x30353031,x30353031,x30353031,x30353031,x30353031,null,x30353031,x30353031,x30353031,x30353031,x30353031
CASE	regexp	<17-1234>	255	0
probes	0
parse	OK	<17-1234>
tree	REGEXP_INTERVAL<17-1234>\u{a}
raw	21	25	0
rawdump	N,0/48/48,1/48/48,2/48/48,3/49/49,11/49/49,8/49/57,6/50/57;N,2/48/48,8/49/57;N,3/49/49,6/50/57;N,4/55/55,5/56/57;A;A;N,7/48/57;A;N,9/48/57;N,10/48/57;A;N,18/48/49,12/50/50;N,16/48/50,13/51/51;N,15/48/51,14/52/52;A;A;N,17/48/57;A;N,19/48/57;N,20/48/57;A
flags	0	0	0	0
nfarun	0000000000000000000000000000000000000000000000000011111110011000000000000000000000000000000000000000000000000000000000000000000
compiled	NORMAL	-	-	-1	0	1	0000000000000000000000000000000000000000000000000011111110011000000000000000000000000000000000000000000000000000000000000000000
compiled_floor	-
det	18	24	1
detdump	N,1/48/48,2/49/49,3/50/57;N,1/48/48,2/49/49,3/50/57;N,4/48/49,5/50/50,6/51/54,7/55/55,8/56/57;N,9/48/57;N,10/48/57;N,11/48/50,12/51/51,13/52/57;N,13/48/57;A,13/48/57;A,13/48/57;A,13/48/57;A,14/48/57;A,15/48/57;A,16/48/51,17/52/52;A;A;A;A;A
min	8	14
run	0000000000000000000000000000000000000000000000000011111110011000000000000000000000000000000000000000000000000000000000000000000
charrun	0000000000000000000000000000000000000000000000000011111110011000000000000000000000000000000000000000000000000000000000000000000
prefix	
singleton	null
compiled_det	NORMAL	-	-	-1	0	0	0000000000000000000000000000000000000000000000000011111110011000000000000000000000000000000000000000000000000000000000000000000
compiled_det_floor	-
CASE	regexp	<name>	255	0
probes	0
parse	OK	<name>
tree	REGEXP_AUTOMATON\u{a}
auto	ERR	'name' not found
CASE	regexp	\u{5c}d+	255	0
probes	0
parse	OK	([\u{5c}0-\u{5c}9]){1,}
tree	REGEXP_REPEAT_MIN min=1\u{a}  REGEXP_CHAR_CLASS starts=[U+0030] ends=[U+0039]\u{a}
raw	3	3	1
rawdump	N,1/48/57;A,2/48/57;A,2/48/57
flags	0	0	0	0
nfarun	0000000000000000000000000000000000000000000111111111111111111000000000000000000000000000000000000000000000000000000000000000000
compiled	NORMAL	-	-	-1	0	0	0000000000000000000000000000000000000000000111111111111111111000000000000000000000000000000000000000000000000000000000000000000
compiled_floor	-
det	3	3	1
detdump	N,1/48/57;A,2/48/57;A,2/48/57
min	2	2
run	0000000000000000000000000000000000000000000111111111111111111000000000000000000000000000000000000000000000000000000000000000000
charrun	0000000000000000000000000000000000000000000111111111111111111000000000000000000000000000000000000000000000000000000000000000000
prefix	
singleton	null
compiled_det	NORMAL	-	-	-1	0	0	0000000000000000000000000000000000000000000111111111111111111000000000000000000000000000000000000000000000000000000000000000000
compiled_det_floor	-
CASE	regexp	\u{5c}D	255	0
probes	0
parse	OK	[\u{5c}\u{0}-\u{5c}/\u{5c}:-\u{5c}\u{10ffff}]
tree	REGEXP_CHAR_CLASS starts=[U+0000 U+003A] ends=[U+002F U+10FFFF]\u{a}
raw	2	2	1
rawdump	N,1/0/47,1/58/1114111;A
flags	0	0	0	1
nfarun	0111110000000001110000000000000000000000000000000000000000000000011111111111100010100101011111100011000000000000100000000100001
compiled	NORMAL	-	-	-1	0	0	0111110000000001110000000000000000000000000000000000000000000000011111111111100010100101011111100011000000000000100000000100001
compiled_floor	null,x61,x62,x63,x64,x65,x61,x61,x61,x61,x61,x61,x61,x61,x61,x7a,x71,x78,x78,x78,x78,x61,x61,x61,x63,x62,x62,x61,x61,x61,x62,x66,x62,x62,x66,x66,x66,x69,x73,x61,x61,x61,x71,x2f,x2f,x2f,x2f,x2f,x2f,x2f,x2f,x2f,x2f,x2f,x2f,x2f,x2f,x2f,x2f,x2f,x2f,x71,x51,x51,x51,x4b,x6b,xe284aa,x53,x73,xc5bf,xcea3,xcf83,xcf82,xc784,xc785,xc786,x73,x53,x53,xc3a9,xc3a9,xc389,xe697a5,xe697a5,xf09f9880,xf09f9880,xf09f9881,xf09f9882,x09,x20,x5f,x2d,x5c,x2e,x71,x7e,x61,x23,x40,x3c,x61,x48,x68,x48,x6b,x4b,xe284aa,x61,x61,x61,x2a,x3f,x68,x63,x63,x64,x64,x63,x61,x61,x00,x61,x61,x61,x78,xc3bf
det	2	2	1
detdump	N,1/0/47,1/58/1114111;A
min	2	2
run	0111110000000001110000000000000000000000000000000000000000000000011111111111100010100101011111100011000000000000100000000100001
charrun	0111110000000001110000000000000000000000000000000000000000000000011111111111100010100101011111100011000000000000100000000100001
prefix	
singleton	null
topo	0,1
strings	50	\u{0}	\u{1}	\u{2}	\u{3}	\u{4}	\u{5}	\u{6}	\u{7}	\u{8}	\u{9}	\u{a}	\u{b}	\u{c}	\u{d}	\u{e}	\u{f}	\u{10}	\u{11}	\u{12}	\u{13}	\u{14}	\u{15}	\u{16}	\u{17}	\u{18}	\u{19}	\u{1a}	\u{1b}	\u{1c}	\u{1d}	\u{1e}	\u{1f}	 	!	"	#	$	%	&	'	(	)	*	+	,	-	.	/	:	;
compiled_det	NORMAL	-	-	-1	0	0	0111110000000001110000000000000000000000000000000000000000000000011111111111100010100101011111100011000000000000100000000100001
compiled_det_floor	null,x61,x62,x63,x64,x65,x61,x61,x61,x61,x61,x61,x61,x61,x61,x7a,x71,x78,x78,x78,x78,x61,x61,x61,x63,x62,x62,x61,x61,x61,x62,x66,x62,x62,x66,x66,x66,x69,x73,x61,x61,x61,x71,x2f,x2f,x2f,x2f,x2f,x2f,x2f,x2f,x2f,x2f,x2f,x2f,x2f,x2f,x2f,x2f,x2f,x2f,x71,x51,x51,x51,x4b,x6b,xe284aa,x53,x73,xc5bf,xcea3,xcf83,xcf82,xc784,xc785,xc786,x73,x53,x53,xc3a9,xc3a9,xc389,xe697a5,xe697a5,xf09f9880,xf09f9880,xf09f9881,xf09f9882,x09,x20,x5f,x2d,x5c,x2e,x71,x7e,x61,x23,x40,x3c,x61,x48,x68,x48,x6b,x4b,xe284aa,x61,x61,x61,x2a,x3f,x68,x63,x63,x64,x64,x63,x61,x61,x00,x61,x61,x61,x78,xc3bf
CASE	regexp	\u{5c}s*	255	0
probes	0
parse	OK	([\u{5c}\u{9}-\u{5c}\u{a}\u{5c}\u{d}\u{5c} ])*
tree	REGEXP_REPEAT\u{a}  REGEXP_CHAR_CLASS starts=[U+0009 U+000D U+0020] ends=[U+000A U+000D U+0020]\u{a}
raw	1	3	1
rawdump	A,0/9/10,0/13/13,0/32/32
flags	0	0	0	0
nfarun	1000000000000000000000000000000000000000000000000000000000000000000000000000000000000000011000000000000000000000000000000000000
compiled	NORMAL	-	-	-1	0	0	1000000000000000000000000000000000000000000000000000000000000000000000000000000000000000011000000000000000000000000000000000000
compiled_floor	-
det	1	3	1
detdump	A,0/9/10,0/13/13,0/32/32
min	1	3
run	1000000000000000000000000000000000000000000000000000000000000000000000000000000000000000011000000000000000000000000000000000000
charrun	1000000000000000000000000000000000000000000000000000000000000000000000000000000000000000011000000000000000000000000000000000000
prefix	
singleton	null
compiled_det	NORMAL	-	-	-1	0	0	1000000000000000000000000000000000000000000000000000000000000000000000000000000000000000011000000000000000000000000000000000000
compiled_det_floor	-
CASE	regexp	\u{5c}S	255	0
probes	0
parse	OK	[\u{5c}\u{0}-\u{5c}\u{8}\u{5c}\u{b}-\u{5c}\u{c}\u{5c}\u{e}-\u{5c}\u{1f}\u{5c}!-\u{5c}\u{10ffff}]
tree	REGEXP_CHAR_CLASS starts=[U+0000 U+000B U+000E U+0021] ends=[U+0008 U+000C U+001F U+10FFFF]\u{a}
raw	2	4	1
rawdump	N,1/0/8,1/11/12,1/14/31,1/33/1114111;A
flags	0	0	0	1
nfarun	0111110000000001110000000000000000000000000111000000000000100000011111111111100010100101000111100011000000000000100000000100001
compiled	NORMAL	-	-	-1	0	0	0111110000000001110000000000000000000000000111000000000000100000011111111111100010100101000111100011000000000000100000000100001
compiled_floor	null,x61,x62,x63,x64,x65,x61,x61,x61,x61,x61,x61,x61,x61,x61,x7a,x71,x78,x78,x78,x78,x61,x61,x61,x63,x62,x62,x61,x61,x61,x62,x66,x62,x62,x66,x66,x66,x69,x73,x61,x61,x61,x71,x31,x35,x39,x31,x30,x30,x30,x31,x31,x31,x35,x35,x30,x39,x30,x37,x31,x30,x71,x51,x51,x51,x4b,x6b,xe284aa,x53,x73,xc5bf,xcea3,xcf83,xcf82,xc784,xc785,xc786,x73,x53,x53,xc3a9,xc3a9,xc389,xe697a5,xe697a5,xf09f9880,xf09f9880,xf09f9881,xf09f9882,x08,x1f,x5f,x2d,x5c,x2e,x71,x7e,x61,x23,x40,x3c,x61,x48,x68,x48,x6b,x4b,xe284aa,x61,x61,x61,x2a,x3f,x68,x63,x63,x64,x64,x63,x61,x61,x00,x61,x61,x61,x78,xc3bf
det	2	4	1
detdump	N,1/0/8,1/11/12,1/14/31,1/33/1114111;A
min	2	4
run	0111110000000001110000000000000000000000000111000000000000100000011111111111100010100101000111100011000000000000100000000100001
charrun	0111110000000001110000000000000000000000000111000000000000100000011111111111100010100101000111100011000000000000100000000100001
prefix	
singleton	null
topo	0,1
strings	50	\u{0}	\u{1}	\u{2}	\u{3}	\u{4}	\u{5}	\u{6}	\u{7}	\u{8}	\u{b}	\u{c}	\u{e}	\u{f}	\u{10}	\u{11}	\u{12}	\u{13}	\u{14}	\u{15}	\u{16}	\u{17}	\u{18}	\u{19}	\u{1a}	\u{1b}	\u{1c}	\u{1d}	\u{1e}	\u{1f}	!	"	#	$	%	&	'	(	)	*	+	,	-	.	/	0	1	2	3	4	5
compiled_det	NORMAL	-	-	-1	0	0	0111110000000001110000000000000000000000000111000000000000100000011111111111100010100101000111100011000000000000100000000100001
compiled_det_floor	null,x61,x62,x63,x64,x65,x61,x61,x61,x61,x61,x61,x61,x61,x61,x7a,x71,x78,x78,x78,x78,x61,x61,x61,x63,x62,x62,x61,x61,x61,x62,x66,x62,x62,x66,x66,x66,x69,x73,x61,x61,x61,x71,x31,x35,x39,x31,x30,x30,x30,x31,x31,x31,x35,x35,x30,x39,x30,x37,x31,x30,x71,x51,x51,x51,x4b,x6b,xe284aa,x53,x73,xc5bf,xcea3,xcf83,xcf82,xc784,xc785,xc786,x73,x53,x53,xc3a9,xc3a9,xc389,xe697a5,xe697a5,xf09f9880,xf09f9880,xf09f9881,xf09f9882,x08,x1f,x5f,x2d,x5c,x2e,x71,x7e,x61,x23,x40,x3c,x61,x48,x68,x48,x6b,x4b,xe284aa,x61,x61,x61,x2a,x3f,x68,x63,x63,x64,x64,x63,x61,x61,x00,x61,x61,x61,x78,xc3bf
CASE	regexp	\u{5c}w+	255	0
probes	0
parse	OK	([\u{5c}0-\u{5c}9\u{5c}A-\u{5c}Z\u{5c}_\u{5c}a-\u{5c}z]){1,}
tree	REGEXP_REPEAT_MIN min=1\u{a}  REGEXP_CHAR_CLASS starts=[U+0030 U+0041 U+005F U+0061] ends=[U+0039 U+005A U+005F U+007A]\u{a}
raw	3	12	1
rawdump	N,1/48/57,1/65/90,1/95/95,1/97/122;A,2/48/57,2/65/90,2/95/95,2/97/122;A,2/48/57,2/65/90,2/95/95,2/97/122
flags	0	0	0	0
nfarun	0111111111111111111111111111111111111111011111111111111111111111111011000000001000000000000100000000001111101000001111100011110
compiled	NORMAL	-	-	-1	0	0	0111111111111111111111111111111111111111011111111111111111111111111011000000001000000000000100000000001111101000001111100011110
compiled_floor	-
det	3	12	1
detdump	N,1/48/57,1/65/90,1/95/95,1/97/122;A,2/48/57,2/65/90,2/95/95,2/97/122;A,2/48/57,2/65/90,2/95/95,2/97/122
min	2	8
run	0111111111111111111111111111111111111111011111111111111111111111111011000000001000000000000100000000001111101000001111100011110
charrun	0111111111111111111111111111111111111111011111111111111111111111111011000000001000000000000100000000001111101000001111100011110
prefix	
singleton	null
compiled_det	NORMAL	-	-	-1	0	0	0111111111111111111111111111111111111111011111111111111111111111111011000000001000000000000100000000001111101000001111100011110
compiled_det_floor	-
CASE	regexp	\u{5c}W	255	0
probes	0
parse	OK	[\u{5c}\u{0}-\u{5c}/\u{5c}:-\u{5c}@\u{5c}[-\u{5c}^\u{5c}`\u{5c}{-\u{5c}\u{10ffff}]
tree	REGEXP_CHAR_CLASS starts=[U+0000 U+003A U+005B U+0060 U+007B] ends=[U+002F U+0040 U+005E U+0060 U+10FFFF]\u{a}
raw	2	5	1
rawdump	N,1/0/47,1/58/64,1/91/94,1/96/96,1/123/1114111;A
flags	0	0	0	1
nfarun	0000000000000000000000000000000000000000000000000000000000000000000100111111100010100101011011100011000000000000100000000100001
compiled	NORMAL	-	-	-1	0	0	0000000000000000000000000000000000000000000000000000000000000000000100111111100010100101011011100011000000000000100000000100001
compiled_floor	null,x60,x60,x60,x60,x60,x60,x60,x60,x60,x60,x60,x60,x60,x60,x60,x60,x60,x60,x60,x60,x60,x60,x60,x60,x60,x60,x60,x60,x60,x60,x60,x60,x60,x60,x60,x60,x60,x60,x60,x60,x60,x60,x2f,x2f,x2f,x2f,x2f,x2f,x2f,x2f,x2f,x2f,x2f,x2f,x2f,x2f,x2f,x2f,x2f,x2f,x60,x40,x40,x40,x40,x60,xe284aa,x40,x60,xc5bf,xcea3,xcf83,xcf82,xc784,xc785,xc786,x60,x40,x40,xc3a9,xc3a9,xc389,xe697a5,xe697a5,xf09f9880,xf09f9880,xf09f9881,xf09f9882,x09,x20,x5e,x2d,x5c,x2e,x60,x7e,x60,x23,x40,x3c,x60,x40,x60,x40,x60,x40,xe284aa,x60,x60,x60,x2a,x3f,x60,x60,x60,x60,x60,x60,x60,x60,x00,x60,x60,x60,x60,xc3bf
det	2	5	1
detdump	N,1/0/47,1/58/64,1/91/94,1/96/96,1/123/1114111;A
min	2	5
run	0000000000000000000000000000000000000000000000000000000000000000000100111111100010100101011011100011000000000000100000000100001
charrun	0000000000000000000000000000000000000000000000000000000000000000000100111111100010100101011011100011000000000000100000000100001
prefix	
singleton	null
topo	0,1
strings	50	\u{0}	\u{1}	\u{2}	\u{3}	\u{4}	\u{5}	\u{6}	\u{7}	\u{8}	\u{9}	\u{a}	\u{b}	\u{c}	\u{d}	\u{e}	\u{f}	\u{10}	\u{11}	\u{12}	\u{13}	\u{14}	\u{15}	\u{16}	\u{17}	\u{18}	\u{19}	\u{1a}	\u{1b}	\u{1c}	\u{1d}	\u{1e}	\u{1f}	 	!	"	#	$	%	&	'	(	)	*	+	,	-	.	/	:	;
compiled_det	NORMAL	-	-	-1	0	0	0000000000000000000000000000000000000000000000000000000000000000000100111111100010100101011011100011000000000000100000000100001
compiled_det_floor	null,x60,x60,x60,x60,x60,x60,x60,x60,x60,x60,x60,x60,x60,x60,x60,x60,x60,x60,x60,x60,x60,x60,x60,x60,x60,x60,x60,x60,x60,x60,x60,x60,x60,x60,x60,x60,x60,x60,x60,x60,x60,x60,x2f,x2f,x2f,x2f,x2f,x2f,x2f,x2f,x2f,x2f,x2f,x2f,x2f,x2f,x2f,x2f,x2f,x2f,x60,x40,x40,x40,x40,x60,xe284aa,x40,x60,xc5bf,xcea3,xcf83,xcf82,xc784,xc785,xc786,x60,x40,x40,xc3a9,xc3a9,xc389,xe697a5,xe697a5,xf09f9880,xf09f9880,xf09f9881,xf09f9882,x09,x20,x5e,x2d,x5c,x2e,x60,x7e,x60,x23,x40,x3c,x60,x40,x60,x40,x60,x40,xe284aa,x60,x60,x60,x2a,x3f,x60,x60,x60,x60,x60,x60,x60,x60,x00,x60,x60,x60,x60,xc3bf
CASE	regexp	[\u{5c}d]	255	0
probes	0
parse	OK	[\u{5c}0-\u{5c}9]
tree	REGEXP_CHAR_RANGE from=0 to=9\u{a}
raw	2	1	1
rawdump	N,1/48/57;A
flags	0	0	0	1
nfarun	0000000000000000000000000000000000000000000111000000000000100000000000000000000000000000000000000000000000000000000000000000000
compiled	NORMAL	-	-	-1	0	0	0000000000000000000000000000000000000000000111000000000000100000000000000000000000000000000000000000000000000000000000000000000
compiled_floor	null,x39,x39,x39,x39,x39,x39,x39,x39,x39,x39,x39,x39,x39,x39,x39,x39,x39,x39,x39,x39,x39,x39,x39,x39,x39,x39,x39,x39,x39,x39,x39,x39,x39,x39,x39,x39,x39,x39,x39,x39,x39,x39,x31,x35,x39,x31,x30,x30,x30,x31,x31,x31,x35,x35,x30,x39,x30,x37,x31,x30,x39,x39,x39,x39,x39,x39,x39,x39,x39,x39,x39,x39,x39,x39,x39,x39,x39,x39,x39,x39,x39,x39,x39,x39,x39,x39,x39,x39,null,null,x39,null,x39,null,x39,x39,x39,null,x39,x39,x39,x39,x39,x39,x39,x39,x39,x39,x39,x39,null,x39,x39,x39,x39,x39,x39,x39,x39,x39,null,x39,x39,x39,x39,x39
det	2	1	1
detdump	N,1/48/57;A
min	2	1
run	0000000000000000000000000000000000000000000111000000000000100000000000000000000000000000000000000000000000000000000000000000000
charrun	0000000000000000000000000000000000000000000111000000000000100000000000000000000000000000000000000000000000000000000000000000000
prefix	
singleton	null
topo	0,1
strings	10	0	1	2	3	4	5	6	7	8	9
compiled_det	NORMAL	-	-	-1	0	0	0000000000000000000000000000000000000000000111000000000000100000000000000000000000000000000000000000000000000000000000000000000
compiled_det_floor	null,x39,x39,x39,x39,x39,x39,x39,x39,x39,x39,x39,x39,x39,x39,x39,x39,x39,x39,x39,x39,x39,x39,x39,x39,x39,x39,x39,x39,x39,x39,x39,x39,x39,x39,x39,x39,x39,x39,x39,x39,x39,x39,x31,x35,x39,x31,x30,x30,x30,x31,x31,x31,x35,x35,x30,x39,x30,x37,x31,x30,x39,x39,x39,x39,x39,x39,x39,x39,x39,x39,x39,x39,x39,x39,x39,x39,x39,x39,x39,x39,x39,x39,x39,x39,x39,x39,x39,x39,null,null,x39,null,x39,null,x39,x39,x39,null,x39,x39,x39,x39,x39,x39,x39,x39,x39,x39,x39,x39,null,x39,x39,x39,x39,x39,x39,x39,x39,x39,null,x39,x39,x39,x39,x39
CASE	regexp	[\u{5c}w-]	255	0
probes	0
parse	OK	[\u{5c}0-\u{5c}9\u{5c}A-\u{5c}Z\u{5c}_\u{5c}a-\u{5c}z\u{5c}-]
tree	REGEXP_CHAR_CLASS starts=[U+0030 U+0041 U+005F U+0061 U+002D] ends=[U+0039 U+005A U+005F U+007A U+002D]\u{a}
raw	2	5	1
rawdump	N,1/45/45,1/48/57,1/65/90,1/95/95,1/97/122;A
flags	0	0	0	1
nfarun	0111110000000001110000000000000000000000000111000000000000100000011011000000000000000000000110000000000000000000000000000000000
compiled	NORMAL	-	-	-1	0	0	0111110000000001110000000000000000000000000111000000000000100000011011000000000000000000000110000000000000000000000000000000000
compiled_floor	null,x61,x62,x63,x64,x65,x61,x61,x61,x61,x61,x61,x61,x61,x61,x7a,x71,x78,x78,x78,x78,x61,x61,x61,x63,x62,x62,x61,x61,x61,x62,x66,x62,x62,x66,x66,x66,x69,x73,x61,x61,x61,x71,x31,x35,x39,x31,x30,x30,x30,x31,x31,x31,x35,x35,x30,x39,x30,x37,x31,x30,x71,x51,x51,x51,x4b,x6b,x7a,x53,x73,x7a,x7a,x7a,x7a,x7a,x7a,x7a,x73,x53,x53,x7a,x7a,x7a,x7a,x7a,x7a,x7a,x7a,x7a,null,null,x5f,x2d,x5a,x2d,x71,x7a,x61,null,x39,x39,x61,x48,x68,x48,x6b,x4b,x7a,x61,x61,x61,null,x39,x68,x63,x63,x64,x64,x63,x61,x61,null,x61,x61,x61,x78,x7a
det	2	5	1
detdump	N,1/45/45,1/48/57,1/65/90,1/95/95,1/97/122;A
min	2	5
run	0111110000000001110000000000000000000000000111000000000000100000011011000000000000000000000110000000000000000000000000000000000
charrun	0111110000000001110000000000000000000000000111000000000000100000011011000000000000000000000110000000000000000000000000000000000
prefix	
singleton	null
topo	0,1
strings	50	-	0	1	2	3	4	5	6	7	8	9	A	B	C	D	E	F	G	H	I	J	K	L	M	N	O	P	Q	R	S	T	U	V	W	X	Y	Z	_	a	b	c	d	e	f	g	h	i	j	k	l
compiled_det	NORMAL	-	-	-1	0	0	0111110000000001110000000000000000000000000111000000000000100000011011000000000000000000000110000000000000000000000000000000000
compiled_det_floor	null,x61,x62,x63,x64,x65,x61,x61,x61,x61,x61,x61,x61,x61,x61,x7a,x71,x78,x78,x78,x78,x61,x61,x61,x63,x62,x62,x61,x61,x61,x62,x66,x62,x62,x66,x66,x66,x69,x73,x61,x61,x61,x71,x31,x35,x39,x31,x30,x30,x30,x31,x31,x31,x35,x35,x30,x39,x30,x37,x31,x30,x71,x51,x51,x51,x4b,x6b,x7a,x53,x73,x7a,x7a,x7a,x7a,x7a,x7a,x7a,x73,x53,x53,x7a,x7a,x7a,x7a,x7a,x7a,x7a,x7a,x7a,null,null,x5f,x2d,x5a,x2d,x71,x7a,x61,null,x39,x39,x61,x48,x68,x48,x6b,x4b,x7a,x61,x61,x61,null,x39,x68,x63,x63,x64,x64,x63,x61,x61,null,x61,x61,x61,x78,x7a
CASE	regexp	\u{5c}\u{5c}	255	0
probes	0
parse	OK	[\u{5c}\u{5c}]
tree	REGEXP_CHAR_CLASS starts=[U+005C] ends=[U+005C]\u{a}
raw	2	1	1
rawdump	N,1/92/92;A
flags	0	0	0	1
nfarun	0000000000000000000000000000000000000000000000000000000000000000000000000000000000000000000001000000000000000000000000000000000
compiled	SINGLE	x5c	-	-1	1	0	-
compiled_floor	-
det	2	1	1
detdump	N,1/92/92;A
min	2	1
run	0000000000000000000000000000000000000000000000000000000000000000000000000000000000000000000001000000000000000000000000000000000
charrun	0000000000000000000000000000000000000000000000000000000000000000000000000000000000000000000001000000000000000000000000000000000
prefix	\u{5c}
singleton	\u{5c}
topo	0,1
strings	1	\u{5c}
compiled_det	SINGLE	x5c	-	-1	1	0	-
compiled_det_floor	-
CASE	regexp	\u{5c}.	255	0
probes	0
parse	OK	\u{5c}.
tree	REGEXP_CHAR char=.\u{a}
raw	2	1	1
rawdump	N,1/46/46;A
flags	0	0	0	1
nfarun	0000000000000000000000000000000000000000000000000000000000000000000000000000000000000000000000100000000000000000000000000000000
compiled	SINGLE	x2e	-	-1	1	0	-
compiled_floor	-
det	2	1	1
detdump	N,1/46/46;A
min	2	1
run	0000000000000000000000000000000000000000000000000000000000000000000000000000000000000000000000100000000000000000000000000000000
charrun	0000000000000000000000000000000000000000000000000000000000000000000000000000000000000000000000100000000000000000000000000000000
prefix	.
singleton	.
topo	0,1
strings	1	.
compiled_det	SINGLE	x2e	-	-1	1	0	-
compiled_det_floor	-
CASE	regexp	\u{e9}+	255	0
probes	0
parse	OK	(\u{5c}\u{e9}){1,}
tree	REGEXP_REPEAT_MIN min=1\u{a}  REGEXP_CHAR char=\u{e9}\u{a}
raw	3	3	1
rawdump	N,1/233/233;A,2/233/233;A,2/233/233
flags	0	0	0	0
nfarun	0000000000000000000000000000000000000000000000000000000000000000000000000000000011000000000000000000000000000000000000000000000
compiled	NORMAL	-	xc3a9	-1	0	0	0000000000000000000000000000000000000000000000000000000000000000000000000000000011000000000000000000000000000000000000000000000
compiled_floor	-
det	3	3	1
detdump	N,1/233/233;A,2/233/233;A,2/233/233
min	2	2
run	0000000000000000000000000000000000000000000000000000000000000000000000000000000011000000000000000000000000000000000000000000000
charrun	0000000000000000000000000000000000000000000000000000000000000000000000000000000011000000000000000000000000000000000000000000000
prefix	\u{e9}
singleton	null
compiled_det	NORMAL	-	xc3a9	-1	0	0	0000000000000000000000000000000000000000000000000000000000000000000000000000000011000000000000000000000000000000000000000000000
compiled_det_floor	-
CASE	regexp	\u{65e5}\u{672c}.	255	0
probes	0
parse	OK	"\u{65e5}\u{672c}".
tree	REGEXP_CONCATENATION\u{a}  REGEXP_STRING string=\u{65e5}\u{672c}\u{a}  REGEXP_ANYCHAR\u{a}
raw	4	3	1
rawdump	N,1/26085/26085;N,2/26412/26412;N,3/0/1114111;A
flags	0	0	0	1
nfarun	0000000000000000000000000000000000000000000000000000000000000000000000000000000000010000000000000000000000000000000000000000000
compiled	NORMAL	-	-	-1	0	0	0000000000000000000000000000000000000000000000000000000000000000000000000000000000010000000000000000000000000000000000000000000
compiled_floor	null,null,null,null,null,null,null,null,null,null,null,null,null,null,null,null,null,null,null,null,null,null,null,null,null,null,null,null,null,null,null,null,null,null,null,null,null,null,null,null,null,null,null,null,null,null,null,null,null,null,null,null,null,null,null,null,null,null,null,null,null,null,null,null,null,null,null,null,null,null,null,null,null,null,null,null,null,null,null,null,null,null,null,xe697a5e69cace8aa9e,null,xe697a5e69cacf48fbfbf,xe697a5e69cacf48fbfbf,xe697a5e69cacf48fbfbf,xe697a5e69cacf48fbfbf,null,null,null,null,null,null,null,null,null,null,null,null,null,null,null,null,null,null,null,null,null,null,null,null,null,null,null,null,null,null,null,null,null,null,null,null,null,null
det	4	3	1
detdump	N,1/26085/26085;N,2/26412/26412;N,3/0/1114111;A
min	4	3
run	0000000000000000000000000000000000000000000000000000000000000000000000000000000000010000000000000000000000000000000000000000000
charrun	0000000000000000000000000000000000000000000000000000000000000000000000000000000000010000000000000000000000000000000000000000000
prefix	\u{65e5}\u{672c}
singleton	null
topo	0,1,2,3
strings	50	\u{65e5}\u{672c}\u{0}	\u{65e5}\u{672c}\u{1}	\u{65e5}\u{672c}\u{2}	\u{65e5}\u{672c}\u{3}	\u{65e5}\u{672c}\u{4}	\u{65e5}\u{672c}\u{5}	\u{65e5}\u{672c}\u{6}	\u{65e5}\u{672c}\u{7}	\u{65e5}\u{672c}\u{8}	\u{65e5}\u{672c}\u{9}	\u{65e5}\u{672c}\u{a}	\u{65e5}\u{672c}\u{b}	\u{65e5}\u{672c}\u{c}	\u{65e5}\u{672c}\u{d}	\u{65e5}\u{672c}\u{e}	\u{65e5}\u{672c}\u{f}	\u{65e5}\u{672c}\u{10}	\u{65e5}\u{672c}\u{11}	\u{65e5}\u{672c}\u{12}	\u{65e5}\u{672c}\u{13}	\u{65e5}\u{672c}\u{14}	\u{65e5}\u{672c}\u{15}	\u{65e5}\u{672c}\u{16}	\u{65e5}\u{672c}\u{17}	\u{65e5}\u{672c}\u{18}	\u{65e5}\u{672c}\u{19}	\u{65e5}\u{672c}\u{1a}	\u{65e5}\u{672c}\u{1b}	\u{65e5}\u{672c}\u{1c}	\u{65e5}\u{672c}\u{1d}	\u{65e5}\u{672c}\u{1e}	\u{65e5}\u{672c}\u{1f}	\u{65e5}\u{672c} 	\u{65e5}\u{672c}!	\u{65e5}\u{672c}"	\u{65e5}\u{672c}#	\u{65e5}\u{672c}$	\u{65e5}\u{672c}%	\u{65e5}\u{672c}&	\u{65e5}\u{672c}'	\u{65e5}\u{672c}(	\u{65e5}\u{672c})	\u{65e5}\u{672c}*	\u{65e5}\u{672c}+	\u{65e5}\u{672c},	\u{65e5}\u{672c}-	\u{65e5}\u{672c}.	\u{65e5}\u{672c}/	\u{65e5}\u{672c}0	\u{65e5}\u{672c}1
compiled_det	NORMAL	-	-	-1	0	0	0000000000000000000000000000000000000000000000000000000000000000000000000000000000010000000000000000000000000000000000000000000
compiled_det_floor	null,null,null,null,null,null,null,null,null,null,null,null,null,null,null,null,null,null,null,null,null,null,null,null,null,null,null,null,null,null,null,null,null,null,null,null,null,null,null,null,null,null,null,null,null,null,null,null,null,null,null,null,null,null,null,null,null,null,null,null,null,null,null,null,null,null,null,null,null,null,null,null,null,null,null,null,null,null,null,null,null,null,null,xe697a5e69cace8aa9e,null,xe697a5e69cacf48fbfbf,xe697a5e69cacf48fbfbf,xe697a5e69cacf48fbfbf,xe697a5e69cacf48fbfbf,null,null,null,null,null,null,null,null,null,null,null,null,null,null,null,null,null,null,null,null,null,null,null,null,null,null,null,null,null,null,null,null,null,null,null,null,null,null
CASE	regexp	\u{1f600}+	255	0
probes	0
parse	OK	(\u{5c}\u{1f600}){1,}
tree	REGEXP_REPEAT_MIN min=1\u{a}  REGEXP_CHAR char=\u{1f600}\u{a}
raw	3	3	1
rawdump	N,1/128512/128512;A,2/128512/128512;A,2/128512/128512
flags	0	0	0	0
nfarun	0000000000000000000000000000000000000000000000000000000000000000000000000000000000000110000000000000000000000000000000000000000
compiled	NORMAL	-	xf09f9880	-1	0	0	0000000000000000000000000000000000000000000000000000000000000000000000000000000000000110000000000000000000000000000000000000000
compiled_floor	-
det	3	3	1
detdump	N,1/128512/128512;A,2/128512/128512;A,2/128512/128512
min	2	2
run	0000000000000000000000000000000000000000000000000000000000000000000000000000000000000110000000000000000000000000000000000000000
charrun	0000000000000000000000000000000000000000000000000000000000000000000000000000000000000110000000000000000000000000000000000000000
prefix	\u{1f600}
singleton	null
compiled_det	NORMAL	-	xf09f9880	-1	0	0	0000000000000000000000000000000000000000000000000000000000000000000000000000000000000110000000000000000000000000000000000000000
compiled_det_floor	-
CASE	regexp	[\u{1f600}-\u{1f602}]	255	0
probes	0
parse	OK	[\u{5c}\u{1f600}-\u{5c}\u{1f602}]
tree	REGEXP_CHAR_RANGE from=\u{1f600} to=\u{1f602}\u{a}
raw	2	1	1
rawdump	N,1/128512/128514;A
flags	0	0	0	1
nfarun	0000000000000000000000000000000000000000000000000000000000000000000000000000000000000101000000000000000000000000000000000000000
compiled	NORMAL	-	-	-1	0	0	0000000000000000000000000000000000000000000000000000000000000000000000000000000000000101000000000000000000000000000000000000000
compiled_floor	null,null,null,null,null,null,null,null,null,null,null,null,null,null,null,null,null,null,null,null,null,null,null,null,null,null,null,null,null,null,null,null,null,null,null,null,null,null,null,null,null,null,null,null,null,null,null,null,null,null,null,null,null,null,null,null,null,null,null,null,null,null,null,null,null,null,null,null,null,null,null,null,null,null,null,null,null,null,null,null,null,null,null,null,null,xf09f9880,xf09f9880,xf09f9881,xf09f9882,null,null,null,null,null,null,null,null,null,null,null,null,null,null,null,null,null,null,null,null,null,null,null,null,null,null,null,null,null,null,null,null,null,null,null,null,null,null
det	2	1	1
detdump	N,1/128512/128514;A
min	2	1
run	0000000000000000000000000000000000000000000000000000000000000000000000000000000000000101000000000000000000000000000000000000000
charrun	0000000000000000000000000000000000000000000000000000000000000000000000000000000000000101000000000000000000000000000000000000000
prefix	
singleton	null
topo	0,1
strings	3	\u{1f600}	\u{1f601}	\u{1f602}
compiled_det	NORMAL	-	-	-1	0	0	0000000000000000000000000000000000000000000000000000000000000000000000000000000000000101000000000000000000000000000000000000000
compiled_det_floor	null,null,null,null,null,null,null,null,null,null,null,null,null,null,null,null,null,null,null,null,null,null,null,null,null,null,null,null,null,null,null,null,null,null,null,null,null,null,null,null,null,null,null,null,null,null,null,null,null,null,null,null,null,null,null,null,null,null,null,null,null,null,null,null,null,null,null,null,null,null,null,null,null,null,null,null,null,null,null,null,null,null,null,null,null,xf09f9880,xf09f9880,xf09f9881,xf09f9882,null,null,null,null,null,null,null,null,null,null,null,null,null,null,null,null,null,null,null,null,null,null,null,null,null,null,null,null,null,null,null,null,null,null,null,null,null,null
CASE	regexp	(a|b)*a(a|b){3}	255	0
probes	0
parse	OK	((\u{5c}a|\u{5c}b))*\u{5c}a((\u{5c}a|\u{5c}b)){3,3}
tree	REGEXP_CONCATENATION\u{a}  REGEXP_CONCATENATION\u{a}    REGEXP_REPEAT\u{a}      REGEXP_UNION\u{a}        REGEXP_CHAR char=a\u{a}        REGEXP_CHAR char=b\u{a}    REGEXP_CHAR char=a\u{a}  REGEXP_REPEAT_MINMAX min=3 max=3\u{a}    REGEXP_UNION\u{a}      REGEXP_CHAR char=a\u{a}      REGEXP_CHAR char=b\u{a}
raw	5	5	0
rawdump	N,1/97/97,0/97/98;N,2/97/98;N,3/97/98;N,4/97/98;A
flags	0	0	0	0
nfarun	0000000000000110000000000000110000000000000000000000000000000000000000000000000000000000000000000000000000000000000000000000000
compiled	NORMAL	-	-	-1	0	1	0000000000000110000000000000110000000000000000000000000000000000000000000000000000000000000000000000000000000000000000000000000
compiled_floor	-
det	16	32	1
detdump	N,1/97/97,0/98/98;N,2/97/97,3/98/98;N,4/97/97,5/98/98;N,6/97/97,7/98/98;N,8/97/97,9/98/98;N,10/97/97,11/98/98;N,12/97/97,13/98/98;N,14/97/97,15/98/98;A,8/97/97,9/98/98;A,10/97/97,11/98/98;A,12/97/97,13/98/98;A,14/97/97,15/98/98;A,4/97/97,5/98/98;A,6/97/97,7/98/98;A,2/97/97,3/98/98;A,1/97/97,0/98/98
min	16	32
run	0000000000000110000000000000110000000000000000000000000000000000000000000000000000000000000000000000000000000000000000000000000
charrun	0000000000000110000000000000110000000000000000000000000000000000000000000000000000000000000000000000000000000000000000000000000
prefix	
singleton	null
compiled_det	NORMAL	-	-	-1	0	0	0000000000000110000000000000110000000000000000000000000000000000000000000000000000000000000000000000000000000000000000000000000
compiled_det_floor	-
CASE	regexp	(a|b)*a(a|b){15}	255	0
probes	0
parse	OK	((\u{5c}a|\u{5c}b))*\u{5c}a((\u{5c}a|\u{5c}b)){15,15}
tree	REGEXP_CONCATENATION\u{a}  REGEXP_CONCATENATION\u{a}    REGEXP_REPEAT\u{a}      REGEXP_UNION\u{a}        REGEXP_CHAR char=a\u{a}        REGEXP_CHAR char=b\u{a}    REGEXP_CHAR char=a\u{a}  REGEXP_REPEAT_MINMAX min=15 max=15\u{a}    REGEXP_UNION\u{a}      REGEXP_CHAR char=a\u{a}      REGEXP_CHAR char=b\u{a}
raw	17	17	0
rawdump	N,1/97/97,0/97/98;N,2/97/98;N,3/97/98;N,4/97/98;N,5/97/98;N,6/97/98;N,7/97/98;N,8/97/98;N,9/97/98;N,10/97/98;N,11/97/98;N,12/97/98;N,13/97/98;N,14/97/98;N,15/97/98;N,16/97/98;A
flags	0	0	0	0
nfarun	0000000000000000000000000000000000000000000000000000000000000000000000000000000000000000000000000000000000000000000000000000000
compiled	NORMAL	-	-	-1	0	1	0000000000000000000000000000000000000000000000000000000000000000000000000000000000000000000000000000000000000000000000000000000
compiled_floor	-
det	TOO_COMPLEX	Determinizing automaton with 17 states and 17 transitions would require more than 10000 effort.
CASE	regexp	foo|bar|baz|fo	255	0
probes	0
parse	OK	((("foo"|"bar")|"baz")|"fo")
tree	REGEXP_UNION\u{a}  REGEXP_UNION\u{a}    REGEXP_UNION\u{a}      REGEXP_STRING string=foo\u{a}      REGEXP_STRING string=bar\u{a}    REGEXP_STRING string=baz\u{a}  REGEXP_STRING string=fo\u{a}
raw	9	11	0
rawdump	N,4/98/98,6/98/98,1/102/102,8/102/102;N,2/111/111;N,3/111/111;A;N,5/97/97;N,3/114/114;N,7/97/97;N,3/122/122;N,3/111/111
flags	0	0	0	1
nfarun	0000000000000000000000000000000111100000000000000000000000000000000000000000000000000000000000000000000000000000000000000000000
compiled	NORMAL	-	-	-1	0	1	0000000000000000000000000000000111100000000000000000000000000000000000000000000000000000000000000000000000000000000000000000000
compiled_floor	-
det	6	7	1
detdump	N,1/98/98,2/102/102;N,3/97/97;N,4/111/111;N,5/114/114,5/122/122;A,5/111/111;A
min	6	7
run	0000000000000000000000000000000111100000000000000000000000000000000000000000000000000000000000000000000000000000000000000000000
charrun	0000000000000000000000000000000111100000000000000000000000000000000000000000000000000000000000000000000000000000000000000000000
prefix	
singleton	null
topo	0,2,4,1,3,5
strings	4	bar	baz	foo	fo
compiled_det	NORMAL	-	-	-1	0	0	0000000000000000000000000000000111100000000000000000000000000000000000000000000000000000000000000000000000000000000000000000000
compiled_det_floor	null,null,null,x62617a,x62617a,x62617a,null,null,null,null,null,null,null,null,null,x666f6f,x666f6f,x666f6f,x666f6f,x666f6f,x666f6f,null,null,null,x62617a,null,x62617a,null,null,null,null,x666f6f,x626172,x62617a,x666f,x666f6f,x666f6f,x666f6f,x666f6f,null,null,null,x666f6f,null,null,null,null,null,null,null,null,null,null,null,null,null,null,null,null,null,null,x666f6f,null,null,null,null,x666f6f,x666f6f,null,x666f6f,x666f6f,x666f6f,x666f6f,x666f6f,x666f6f,x666f6f,x666f6f,x666f6f,null,null,x666f6f,x666f6f,x666f6f,x666f6f,x666f6f,x666f6f,x666f6f,x666f6f,x666f6f,null,null,null,null,null,null,x666f6f,x666f6f,null,null,null,null,null,null,x666f6f,null,x666f6f,null,x666f6f,null,null,null,null,null,x666f6f,x62617a,x62617a,x62617a,x62617a,x62617a,null,null,null,null,null,null,x666f6f,x666f6f
CASE	regexp	(foo)+bar	255	0
probes	0
parse	OK	("foo"){1,}"bar"
tree	REGEXP_CONCATENATION\u{a}  REGEXP_REPEAT_MIN min=1\u{a}    REGEXP_STRING string=foo\u{a}  REGEXP_STRING string=bar\u{a}
raw	10	11	1
rawdump	N,1/102/102;N,2/111/111;N,3/111/111;N,7/98/98,5/102/102;N,7/98/98,5/102/102;N,6/111/111;N,4/111/111;N,8/97/97;N,9/114/114;A
flags	0	0	0	0
nfarun	0000000000000000000000000000000000011000000000000000000000000000000000000000000000000000000000000000000000000000000000000000000
compiled	NORMAL	-	x666f6f626172	-1	0	0	0000000000000000000000000000000000011000000000000000000000000000000000000000000000000000000000000000000000000000000000000000000
compiled_floor	-
det	10	11	1
detdump	N,1/102/102;N,2/111/111;N,3/111/111;N,7/98/98,5/102/102;N,7/98/98,5/102/102;N,6/111/111;N,4/111/111;N,8/97/97;N,9/114/114;A
min	7	7
run	0000000000000000000000000000000000011000000000000000000000000000000000000000000000000000000000000000000000000000000000000000000
charrun	0000000000000000000000000000000000011000000000000000000000000000000000000000000000000000000000000000000000000000000000000000000
prefix	foo
singleton	null
compiled_det	NORMAL	-	x666f6f626172	-1	0	0	0000000000000000000000000000000000011000000000000000000000000000000000000000000000000000000000000000000000000000000000000000000
compiled_det_floor	-
CASE	regexp	x(y|z)*	255	0
probes	0
parse	OK	\u{5c}x((\u{5c}y|\u{5c}z))*
tree	REGEXP_CONCATENATION\u{a}  REGEXP_CHAR char=x\u{a}  REGEXP_REPEAT\u{a}    REGEXP_UNION\u{a}      REGEXP_CHAR char=y\u{a}      REGEXP_CHAR char=z\u{a}
raw	3	3	1
rawdump	N,1/120/120;A,2/121/122;A,2/121/122
flags	0	0	0	0
nfarun	0000000000000000011110000000000000000000000000000000000000000000000000000000000000000000000000000000000000000000000000000000010
compiled	NORMAL	-	-	-1	0	0	0000000000000000011110000000000000000000000000000000000000000000000000000000000000000000000000000000000000000000000000000000010
compiled_floor	-
det	3	3	1
detdump	N,1/120/120;A,2/121/122;A,2/121/122
min	2	2
run	0000000000000000011110000000000000000000000000000000000000000000000000000000000000000000000000000000000000000000000000000000010
charrun	0000000000000000011110000000000000000000000000000000000000000000000000000000000000000000000000000000000000000000000000000000010
prefix	x
singleton	null
compiled_det	NORMAL	-	-	-1	0	0	0000000000000000011110000000000000000000000000000000000000000000000000000000000000000000000000000000000000000000000000000000010
compiled_det_floor	-
CASE	regexp	[a-c]{3}	255	0
probes	0
parse	OK	([\u{5c}a-\u{5c}c]){3,3}
tree	REGEXP_REPEAT_MINMAX min=3 max=3\u{a}  REGEXP_CHAR_RANGE from=a to=c\u{a}
raw	4	3	1
rawdump	N,1/97/99;N,2/97/99;N,3/97/99;A
flags	0	0	0	1
nfarun	0000000001001000000000000001001000000000000000000000000000000000000000000000000000000000000000000000000000000000000000000000000
compiled	NORMAL	-	-	-1	0	0	0000000001001000000000000001001000000000000000000000000000000000000000000000000000000000000000000000000000000000000000000000000
compiled_floor	null,null,x616363,x626363,x636363,x636363,x616163,x616263,x616363,x616263,x616263,null,x616161,x616161,x616161,x636363,x636363,x636363,x636363,x636363,x636363,x616263,x616263,x616363,x636363,x616363,x626163,x616162,x616261,x616262,x626162,x636363,x626163,x626163,x636363,x636363,x636363,x636363,x636363,x616363,null,x616363,x636363,null,null,null,null,null,null,null,null,null,null,null,null,null,null,null,null,null,null,x636363,null,null,null,null,x636363,x636363,null,x636363,x636363,x636363,x636363,x636363,x636363,x636363,x636363,x636363,null,null,x636363,x636363,x636363,x636363,x636363,x636363,x636363,x636363,x636363,null,null,null,null,null,null,x636363,x636363,null,null,null,null,x616363,null,x636363,null,x636363,null,x636363,x616263,null,x616363,null,null,x636363,x636163,x636163,x636363,x636363,x626363,null,null,null,x616363,x616363,x616263,x636363,x636363
det	4	3	1
detdump	N,1/97/99;N,2/97/99;N,3/97/99;A
min	4	3
run	0000000001001000000000000001001000000000000000000000000000000000000000000000000000000000000000000000000000000000000000000000000
charrun	0000000001001000000000000001001000000000000000000000000000000000000000000000000000000000000000000000000000000000000000000000000
prefix	
singleton	null
topo	0,1,2,3
strings	27	aaa	aab	aac	aba	abb	abc	aca	acb	acc	baa	bab	bac	bba	bbb	bbc	bca	bcb	bcc	caa	cab	cac	cba	cbb	cbc	cca	ccb	ccc
compiled_det	NORMAL	-	-	-1	0	0	0000000001001000000000000001001000000000000000000000000000000000000000000000000000000000000000000000000000000000000000000000000
compiled_det_floor	null,null,x616363,x626363,x636363,x636363,x616163,x616263,x616363,x616263,x616263,null,x616161,x616161,x616161,x636363,x636363,x636363,x636363,x636363,x636363,x616263,x616263,x616363,x636363,x616363,x626163,x616162,x616261,x616262,x626162,x636363,x626163,x626163,x636363,x636363,x636363,x636363,x636363,x616363,null,x616363,x636363,null,null,null,null,null,null,null,null,null,null,null,null,null,null,null,null,null,null,x636363,null,null,null,null,x636363,x636363,null,x636363,x636363,x636363,x636363,x636363,x636363,x636363,x636363,x636363,null,null,x636363,x636363,x636363,x636363,x636363,x636363,x636363,x636363,x636363,null,null,null,null,null,null,x636363,x636363,null,null,null,null,x616363,null,x636363,null,x636363,null,x636363,x616263,null,x616363,null,null,x636363,x636163,x636163,x636363,x636363,x626363,null,null,null,x616363,x616363,x616263,x636363,x636363
CASE	regexp	a(b|c)d?e*	255	0
probes	0
parse	OK	\u{5c}a(\u{5c}b|\u{5c}c)(\u{5c}d)?(\u{5c}e)*
tree	REGEXP_CONCATENATION\u{a}  REGEXP_CONCATENATION\u{a}    REGEXP_CONCATENATION\u{a}      REGEXP_CHAR char=a\u{a}      REGEXP_UNION\u{a}        REGEXP_CHAR char=b\u{a}        REGEXP_CHAR char=c\u{a}    REGEXP_OPTIONAL\u{a}      REGEXP_CHAR char=d\u{a}  REGEXP_REPEAT\u{a}    REGEXP_CHAR char=e\u{a}
raw	5	6	1
rawdump	N,1/97/97;N,2/98/99;A,3/100/100,4/101/101;A,4/101/101;A,4/101/101
flags	0	0	0	0
nfarun	0000001100100000000000110000000000000000000000000000000000000000000000000000000000000000000000000000000000000000000000000001100
compiled	NORMAL	-	-	-1	0	0	0000001100100000000000110000000000000000000000000000000000000000000000000000000000000000000000000000000000000000000000000001100
compiled_floor	-
det	5	6	1
detdump	N,1/97/97;N,2/98/99;A,3/100/100,4/101/101;A,4/101/101;A,4/101/101
min	4	4
run	0000001100100000000000110000000000000000000000000000000000000000000000000000000000000000000000000000000000000000000000000001100
charrun	0000001100100000000000110000000000000000000000000000000000000000000000000000000000000000000000000000000000000000000000000001100
prefix	a
singleton	null
compiled_det	NORMAL	-	-	-1	0	0	0000001100100000000000110000000000000000000000000000000000000000000000000000000000000000000000000000000000000000000000000001100
compiled_det_floor	-
CASE	regexp	((a))	255	0
probes	0
parse	OK	\u{5c}a
tree	REGEXP_CHAR char=a\u{a}
raw	2	1	1
rawdump	N,1/97/97;A
flags	0	0	0	1
nfarun	0100000000000000000000000000000000000000000000000000000000000000000000000000000000000000000000000000000000000000000000000000000
compiled	SINGLE	x61	-	-1	1	0	-
compiled_floor	-
det	2	1	1
detdump	N,1/97/97;A
min	2	1
run	0100000000000000000000000000000000000000000000000000000000000000000000000000000000000000000000000000000000000000000000000000000
charrun	0100000000000000000000000000000000000000000000000000000000000000000000000000000000000000000000000000000000000000000000000000000
prefix	a
singleton	a
topo	0,1
strings	1	a
compiled_det	SINGLE	x61	-	-1	1	0	-
compiled_det_floor	-
CASE	regexp	a|	255	0
probes	0
parse	ERR	unexpected end-of-string
CASE	regexp	*a	255	0
probes	0
parse	OK	"*a"
tree	REGEXP_STRING string=*a\u{a}
raw	3	2	1
rawdump	N,1/42/42;N,2/97/97;A
flags	0	0	0	1
nfarun	0000000000000000000000000000000000000000000000000000000000000000000000000000000000000000000000000000000000000001000000000000000
compiled	SINGLE	x2a61	-	-1	1	0	-
compiled_floor	-
det	3	2	1
detdump	N,1/42/42;N,2/97/97;A
min	3	2
run	0000000000000000000000000000000000000000000000000000000000000000000000000000000000000000000000000000000000000001000000000000000
charrun	0000000000000000000000000000000000000000000000000000000000000000000000000000000000000000000000000000000000000001000000000000000
prefix	*a
singleton	*a
topo	0,1,2
strings	1	*a
compiled_det	SINGLE	x2a61	-	-1	1	0	-
compiled_det_floor	-
CASE	regexp	?	255	0
probes	0
parse	OK	\u{5c}?
tree	REGEXP_CHAR char=?\u{a}
raw	2	1	1
rawdump	N,1/63/63;A
flags	0	0	0	1
nfarun	0000000000000000000000000000000000000000000000000000000000000000000000000000000000000000000000000000000000000000100000000000000
compiled	SINGLE	x3f	-	-1	1	0	-
compiled_floor	-
det	2	1	1
detdump	N,1/63/63;A
min	2	1
run	0000000000000000000000000000000000000000000000000000000000000000000000000000000000000000000000000000000000000000100000000000000
charrun	0000000000000000000000000000000000000000000000000000000000000000000000000000000000000000000000000000000000000000100000000000000
prefix	?
singleton	?
topo	0,1
strings	1	?
compiled_det	SINGLE	x3f	-	-1	1	0	-
compiled_det_floor	-
CASE	regexp	[]	255	0
probes	0
parse	ERR	expected ']' at position 2
CASE	regexp	a{	255	0
probes	0
parse	ERR	integer expected at position 2
CASE	regexp	a{2	255	0
probes	0
parse	ERR	expected '}' at position 3
CASE	regexp	a{3,2}	255	0
probes	0
parse	ERR	invalid repetition range(out of order): 3..2
CASE	regexp	[a	255	0
probes	0
parse	ERR	expected ']' at position 2
CASE	regexp	(a	255	0
probes	0
parse	ERR	expected ')' at position 2
CASE	regexp	"a	255	0
probes	0
parse	ERR	expected '"' at position 2
CASE	regexp	<a	255	0
probes	0
parse	ERR	expected '>' at position 2
CASE	regexp	<1-2-3>	255	0
probes	0
parse	ERR	interval syntax error at position 6
CASE	regexp	a)	255	0
probes	0
parse	ERR	end-of-string expected at position 1
CASE	regexp	[z-a]	255	0
probes	0
parse	ERR	invalid range: from (122) cannot be > to (97)
CASE	regexp	\u{5c}p	255	0
probes	0
parse	ERR	invalid character class \u{5c}112
CASE	regexp	a\u{5c}	255	0
probes	0
parse	ERR	unexpected end-of-string
CASE	regexp	a{99999999999}	255	0
probes	0
parse	ERR	For input string: "99999999999"
CASE	regexp	()	255	0
probes	0
parse	OK	""
tree	REGEXP_STRING string=\u{a}
raw	1	0	1
rawdump	A
flags	0	0	0	1
nfarun	1000000000000000000000000000000000000000000000000000000000000000000000000000000000000000000000000000000000000000000000000000000
compiled	SINGLE	x	-	-1	1	0	-
compiled_floor	-
det	1	0	1
detdump	A
min	1	0
run	1000000000000000000000000000000000000000000000000000000000000000000000000000000000000000000000000000000000000000000000000000000
charrun	1000000000000000000000000000000000000000000000000000000000000000000000000000000000000000000000000000000000000000000000000000000
prefix	
singleton	
topo	0
strings	1	
compiled_det	SINGLE	x	-	-1	1	0	-
compiled_det_floor	-
CASE	regexp	a()b	255	0
probes	0
parse	OK	"ab"
tree	REGEXP_STRING string=ab\u{a}
raw	3	2	1
rawdump	N,1/97/97;N,2/98/98;A
flags	0	0	0	1
nfarun	0000001000000000000000000000000000000000000000000000000000000000000000000000000000000000000000000000000000000000000000000000000
compiled	SINGLE	x6162	-	-1	1	0	-
compiled_floor	-
det	3	2	1
detdump	N,1/97/97;N,2/98/98;A
min	3	2
run	0000001000000000000000000000000000000000000000000000000000000000000000000000000000000000000000000000000000000000000000000000000
charrun	0000001000000000000000000000000000000000000000000000000000000000000000000000000000000000000000000000000000000000000000000000000
prefix	ab
singleton	ab
topo	0,1,2
strings	1	ab
compiled_det	SINGLE	x6162	-	-1	1	0	-
compiled_det_floor	-
CASE	regexp	[\u{5c}\u{5c}]	255	0
probes	0
parse	OK	\u{5c}\u{5c}
tree	REGEXP_CHAR char=\u{5c}\u{a}
raw	2	1	1
rawdump	N,1/92/92;A
flags	0	0	0	1
nfarun	0000000000000000000000000000000000000000000000000000000000000000000000000000000000000000000001000000000000000000000000000000000
compiled	SINGLE	x5c	-	-1	1	0	-
compiled_floor	-
det	2	1	1
detdump	N,1/92/92;A
min	2	1
run	0000000000000000000000000000000000000000000000000000000000000000000000000000000000000000000001000000000000000000000000000000000
charrun	0000000000000000000000000000000000000000000000000000000000000000000000000000000000000000000001000000000000000000000000000000000
prefix	\u{5c}
singleton	\u{5c}
topo	0,1
strings	1	\u{5c}
compiled_det	SINGLE	x5c	-	-1	1	0	-
compiled_det_floor	-
CASE	regexp	a|b|c|d|e|f	255	0
probes	0
parse	OK	(((((\u{5c}a|\u{5c}b)|\u{5c}c)|\u{5c}d)|\u{5c}e)|\u{5c}f)
tree	REGEXP_UNION\u{a}  REGEXP_UNION\u{a}    REGEXP_UNION\u{a}      REGEXP_UNION\u{a}        REGEXP_UNION\u{a}          REGEXP_CHAR char=a\u{a}          REGEXP_CHAR char=b\u{a}        REGEXP_CHAR char=c\u{a}      REGEXP_CHAR char=d\u{a}    REGEXP_CHAR char=e\u{a}  REGEXP_CHAR char=f\u{a}
raw	2	1	1
rawdump	N,1/97/102;A
flags	0	0	0	1
nfarun	0111110000000000000000000000000000000000000000000000000000000000000000000000000000000000000000000000000000000000000000000000000
compiled	NORMAL	-	-	-1	0	0	0111110000000000000000000000000000000000000000000000000000000000000000000000000000000000000000000000000000000000000000000000000
compiled_floor	null,x61,x62,x63,x64,x65,x61,x61,x61,x61,x61,x61,x61,x61,x61,x66,x66,x66,x66,x66,x66,x61,x61,x61,x63,x62,x62,x61,x61,x61,x62,x66,x62,x62,x66,x66,x66,x66,x66,x61,x61,x61,x66,null,null,null,null,null,null,null,null,null,null,null,null,null,null,null,null,null,null,x66,null,null,null,null,x66,x66,null,x66,x66,x66,x66,x66,x66,x66,x66,x66,null,null,x66,x66,x66,x66,x66,x66,x66,x66,x66,null,null,null,null,null,null,x66,x66,x61,null,null,null,x61,null,x66,null,x66,null,x66,x61,x61,x61,null,null,x66,x63,x63,x64,x64,x63,x61,x61,null,x61,x61,x61,x66,x66
det	2	1	1
detdump	N,1/97/102;A
min	2	1
run	0111110000000000000000000000000000000000000000000000000000000000000000000000000000000000000000000000000000000000000000000000000
charrun	0111110000000000000000000000000000000000000000000000000000000000000000000000000000000000000000000000000000000000000000000000000
prefix	
singleton	null
topo	0,1
strings	6	a	b	c	d	e	f
compiled_det	NORMAL	-	-	-1	0	0	0111110000000000000000000000000000000000000000000000000000000000000000000000000000000000000000000000000000000000000000000000000
compiled_det_floor	null,x61,x62,x63,x64,x65,x61,x61,x61,x61,x61,x61,x61,x61,x61,x66,x66,x66,x66,x66,x66,x61,x61,x61,x63,x62,x62,x61,x61,x61,x62,x66,x62,x62,x66,x66,x66,x66,x66,x61,x61,x61,x66,null,null,null,null,null,null,null,null,null,null,null,null,null,null,null,null,null,null,x66,null,null,null,null,x66,x66,null,x66,x66,x66,x66,x66,x66,x66,x66,x66,null,null,x66,x66,x66,x66,x66,x66,x66,x66,x66,null,null,null,null,null,null,x66,x66,x61,null,null,null,x61,null,x66,null,x66,null,x66,x61,x61,x61,null,null,x66,x63,x63,x64,x64,x63,x61,x61,null,x61,x61,x61,x66,x66
CASE	regexp	(a|ab)(c|bcd)(d*)	255	0
probes	0
parse	OK	(\u{5c}a|"ab")(\u{5c}c|"bcd")(\u{5c}d)*
tree	REGEXP_CONCATENATION\u{a}  REGEXP_CONCATENATION\u{a}    REGEXP_UNION\u{a}      REGEXP_CHAR char=a\u{a}      REGEXP_STRING string=ab\u{a}    REGEXP_UNION\u{a}      REGEXP_CHAR char=c\u{a}      REGEXP_STRING string=bcd\u{a}  REGEXP_REPEAT\u{a}    REGEXP_CHAR char=d\u{a}
raw	7	9	0
rawdump	N,1/97/97,2/97/97;N,4/98/98,3/99/99;N,1/98/98;A,6/100/100;N,5/99/99;N,3/100/100;A,6/100/100
flags	0	0	0	0
nfarun	0000000101000000000001010000000000000000000000000000000000000000000000000000000000000000000000000000000000000000000000000000000
compiled	NORMAL	-	-	-1	0	1	0000000101000000000001010000000000000000000000000000000000000000000000000000000000000000000000000000000000000000000000000000000
compiled_floor	-
det	9	11	1
detdump	N,1/97/97;N,2/98/98,3/99/99;N,4/98/98,5/99/99;A,6/100/100;N,7/99/99;A,8/100/100;A,6/100/100;N,3/100/100;A,6/100/100
min	6	8
run	0000000101000000000001010000000000000000000000000000000000000000000000000000000000000000000000000000000000000000000000000000000
charrun	0000000101000000000001010000000000000000000000000000000000000000000000000000000000000000000000000000000000000000000000000000000
prefix	a
singleton	null
compiled_det	NORMAL	-	-	-1	0	0	0000000101000000000001010000000000000000000000000000000000000000000000000000000000000000000000000000000000000000000000000000000
compiled_det_floor	-
CASE	regexp	[^\u{5c}d]	255	0
probes	0
parse	OK	(.&~([\u{5c}0-\u{5c}9]))
tree	REGEXP_INTERSECTION\u{a}  REGEXP_ANYCHAR\u{a}  REGEXP_COMPLEMENT\u{a}    REGEXP_CHAR_RANGE from=0 to=9\u{a}
raw	2	2	1
rawdump	N,1/0/47,1/58/1114111;A
flags	0	0	0	1
nfarun	0111110000000001110000000000000000000000000000000000000000000000011111111111100010100101011111100011000000000000100000000100001
compiled	NORMAL	-	-	-1	0	0	0111110000000001110000000000000000000000000000000000000000000000011111111111100010100101011111100011000000000000100000000100001
compiled_floor	null,x61,x62,x63,x64,x65,x61,x61,x61,x61,x61,x61,x61,x61,x61,x7a,x71,x78,x78,x78,x78,x61,x61,x61,x63,x62,x62,x61,x61,x61,x62,x66,x62,x62,x66,x66,x66,x69,x73,x61,x61,x61,x71,x2f,x2f,x2f,x2f,x2f,x2f,x2f,x2f,x2f,x2f,x2f,x2f,x2f,x2f,x2f,x2f,x2f,x2f,x71,x51,x51,x51,x4b,x6b,xe284aa,x53,x73,xc5bf,xcea3,xcf83,xcf82,xc784,xc785,xc786,x73,x53,x53,xc3a9,xc3a9,xc389,xe697a5,xe697a5,xf09f9880,xf09f9880,xf09f9881,xf09f9882,x09,x20,x5f,x2d,x5c,x2e,x71,x7e,x61,x23,x40,x3c,x61,x48,x68,x48,x6b,x4b,xe284aa,x61,x61,x61,x2a,x3f,x68,x63,x63,x64,x64,x63,x61,x61,x00,x61,x61,x61,x78,xc3bf
det	2	2	1
detdump	N,1/0/47,1/58/1114111;A
min	2	2
run	0111110000000001110000000000000000000000000000000000000000000000011111111111100010100101011111100011000000000000100000000100001
charrun	0111110000000001110000000000000000000000000000000000000000000000011111111111100010100101011111100011000000000000100000000100001
prefix	
singleton	null
topo	0,1
strings	50	\u{0}	\u{1}	\u{2}	\u{3}	\u{4}	\u{5}	\u{6}	\u{7}	\u{8}	\u{9}	\u{a}	\u{b}	\u{c}	\u{d}	\u{e}	\u{f}	\u{10}	\u{11}	\u{12}	\u{13}	\u{14}	\u{15}	\u{16}	\u{17}	\u{18}	\u{19}	\u{1a}	\u{1b}	\u{1c}	\u{1d}	\u{1e}	\u{1f}	 	!	"	#	$	%	&	'	(	)	*	+	,	-	.	/	:	;
compiled_det	NORMAL	-	-	-1	0	0	0111110000000001110000000000000000000000000000000000000000000000011111111111100010100101011111100011000000000000100000000100001
compiled_det_floor	null,x61,x62,x63,x64,x65,x61,x61,x61,x61,x61,x61,x61,x61,x61,x7a,x71,x78,x78,x78,x78,x61,x61,x61,x63,x62,x62,x61,x61,x61,x62,x66,x62,x62,x66,x66,x66,x69,x73,x61,x61,x61,x71,x2f,x2f,x2f,x2f,x2f,x2f,x2f,x2f,x2f,x2f,x2f,x2f,x2f,x2f,x2f,x2f,x2f,x2f,x71,x51,x51,x51,x4b,x6b,xe284aa,x53,x73,xc5bf,xcea3,xcf83,xcf82,xc784,xc785,xc786,x73,x53,x53,xc3a9,xc3a9,xc389,xe697a5,xe697a5,xf09f9880,xf09f9880,xf09f9881,xf09f9882,x09,x20,x5f,x2d,x5c,x2e,x71,x7e,x61,x23,x40,x3c,x61,x48,x68,x48,x6b,x4b,xe284aa,x61,x61,x61,x2a,x3f,x68,x63,x63,x64,x64,x63,x61,x61,x00,x61,x61,x61,x78,xc3bf
CASE	regexp	[a-z&&[b]]	255	0
probes	0
parse	OK	[\u{5c}a-\u{5c}z\u{5c}&\u{5c}&\u{5c}[\u{5c}b]\u{5c}]
tree	REGEXP_CONCATENATION\u{a}  REGEXP_CHAR_CLASS starts=[U+0061 U+0026 U+0026 U+005B U+0062] ends=[U+007A U+0026 U+0026 U+005B U+0062]\u{a}  REGEXP_CHAR char=]\u{a}
raw	3	4	1
rawdump	N,1/38/38,1/91/91,1/97/122;N,2/93/93;A
flags	0	0	0	1
nfarun	0000000000000000000000000000000000000000000000000000000000000000000000000000000000000000000000000000000000000000000000000000000
compiled	NORMAL	-	x5d	-1	0	0	0000000000000000000000000000000000000000000000000000000000000000000000000000000000000000000000000000000000000000000000000000000
compiled_floor	null,x5b5d,x615d,x625d,x635d,x645d,x615d,x615d,x615d,x615d,x615d,x615d,x615d,x615d,x615d,x795d,x705d,x775d,x785d,x785d,x785d,x615d,x615d,x615d,x635d,x625d,x625d,x615d,x615d,x615d,x625d,x665d,x625d,x625d,x665d,x665d,x665d,x695d,x735d,x615d,x5b5d,x615d,x715d,x265d,x265d,x265d,x265d,x265d,x265d,x265d,x265d,x265d,x265d,x265d,x265d,x265d,x265d,x265d,x265d,x265d,x265d,x715d,x265d,x265d,x265d,x265d,x6a5d,x7a5d,x265d,x725d,x7a5d,x7a5d,x7a5d,x7a5d,x7a5d,x7a5d,x7a5d,x735d,x265d,x265d,x7a5d,x7a5d,x7a5d,x7a5d,x7a5d,x7a5d,x7a5d,x7a5d,x7a5d,null,null,x5b5d,x265d,x5b5d,x265d,x715d,x7a5d,x5b5d,null,x265d,x265d,x615d,x265d,x685d,x265d,x6a5d,x265d,x7a5d,x615d,x5b5d,x615d,x265d,x265d,x685d,x635d,x635d,x645d,x645d,x635d,x5b5d,x5b5d,null,x615d,x615d,x615d,x785d,x7a5d
det	3	4	1
detdump	N,1/38/38,1/91/91,1/97/122;N,2/93/93;A
min	3	4
run	0000000000000000000000000000000000000000000000000000000000000000000000000000000000000000000000000000000000000000000000000000000
charrun	0000000000000000000000000000000000000000000000000000000000000000000000000000000000000000000000000000000000000000000000000000000
prefix	
singleton	null
topo	0,1,2
strings	28	&]	[]	a]	b]	c]	d]	e]	f]	g]	h]	i]	j]	k]	l]	m]	n]	o]	p]	q]	r]	s]	t]	u]	v]	w]	x]	y]	z]
compiled_det	NORMAL	-	x5d	-1	0	0	0000000000000000000000000000000000000000000000000000000000000000000000000000000000000000000000000000000000000000000000000000000
compiled_det_floor	null,x5b5d,x615d,x625d,x635d,x645d,x615d,x615d,x615d,x615d,x615d,x615d,x615d,x615d,x615d,x795d,x705d,x775d,x785d,x785d,x785d,x615d,x615d,x615d,x635d,x625d,x625d,x615d,x615d,x615d,x625d,x665d,x625d,x625d,x665d,x665d,x665d,x695d,x735d,x615d,x5b5d,x615d,x715d,x265d,x265d,x265d,x265d,x265d,x265d,x265d,x265d,x265d,x265d,x265d,x265d,x265d,x265d,x265d,x265d,x265d,x265d,x715d,x265d,x265d,x265d,x265d,x6a5d,x7a5d,x265d,x725d,x7a5d,x7a5d,x7a5d,x7a5d,x7a5d,x7a5d,x7a5d,x735d,x265d,x265d,x7a5d,x7a5d,x7a5d,x7a5d,x7a5d,x7a5d,x7a5d,x7a5d,x7a5d,null,null,x5b5d,x265d,x5b5d,x265d,x715d,x7a5d,x5b5d,null,x265d,x265d,x615d,x265d,x685d,x265d,x6a5d,x265d,x7a5d,x615d,x5b5d,x615d,x265d,x265d,x685d,x635d,x635d,x645d,x645d,x635d,x5b5d,x5b5d,null,x615d,x615d,x615d,x785d,x7a5d
CASE	regexp	(cat|dog)s?	255	0
probes	0
parse	OK	("cat"|"dog")(\u{5c}s)?
tree	REGEXP_CONCATENATION\u{a}  REGEXP_UNION\u{a}    REGEXP_STRING string=cat\u{a}    REGEXP_STRING string=dog\u{a}  REGEXP_OPTIONAL\u{a}    REGEXP_CHAR char=s\u{a}
raw	7	7	1
rawdump	N,1/99/99,4/100/100;N,2/97/97;N,3/116/116;A,6/115/115;N,5/111/111;N,3/103/103;A
flags	0	0	0	1
nfarun	0000000000000000000000000000000000000000000000000000000000000000000000000000000000000000000000000000000000000000001111000000000
compiled	NORMAL	-	-	-1	0	0	0000000000000000000000000000000000000000000000000000000000000000000000000000000000000000000000000000000000000000001111000000000
compiled_floor	null,null,null,null,x63617473,x646f6773,null,null,null,null,null,null,null,null,null,x646f6773,x646f6773,x646f6773,x646f6773,x646f6773,x646f6773,null,null,null,x63617473,null,null,null,null,null,null,x646f6773,null,null,x646f6773,x646f6773,x646f6773,x646f6773,x646f6773,null,null,null,x646f6773,null,null,null,null,null,null,null,null,null,null,null,null,null,null,null,null,null,null,x646f6773,null,null,null,null,x646f6773,x646f6773,null,x646f6773,x646f6773,x646f6773,x646f6773,x646f6773,x646f6773,x646f6773,x646f6773,x646f6773,null,null,x646f6773,x646f6773,x646f6773,x646f6773,x646f6773,x646f6773,x646f6773,x646f6773,x646f6773,null,null,null,null,null,null,x646f6773,x646f6773,null,null,null,null,null,null,x646f6773,null,x646f6773,null,x646f6773,null,null,null,null,null,x646f6773,x636174,x63617473,x646f67,x646f6773,null,null,null,null,null,null,null,x646f6773,x646f6773
det	7	7	1
detdump	N,1/99/99,4/100/100;N,2/97/97;N,3/116/116;A,6/115/115;N,5/111/111;N,3/103/103;A
min	7	7
run	0000000000000000000000000000000000000000000000000000000000000000000000000000000000000000000000000000000000000000001111000000000
charrun	0000000000000000000000000000000000000000000000000000000000000000000000000000000000000000000000000000000000000000001111000000000
prefix	
singleton	null
topo	0,4,5,1,2,3,6
strings	4	cats	cat	dogs	dog
compiled_det	NORMAL	-	-	-1	0	0	0000000000000000000000000000000000000000000000000000000000000000000000000000000000000000000000000000000000000000001111000000000
compiled_det_floor	null,null,null,null,x63617473,x646f6773,null,null,null,null,null,null,null,null,null,x646f6773,x646f6773,x646f6773,x646f6773,x646f6773,x646f6773,null,null,null,x63617473,null,null,null,null,null,null,x646f6773,null,null,x646f6773,x646f6773,x646f6773,x646f6773,x646f6773,null,null,null,x646f6773,null,null,null,null,null,null,null,null,null,null,null,null,null,null,null,null,null,null,x646f6773,null,null,null,null,x646f6773,x646f6773,null,x646f6773,x646f6773,x646f6773,x646f6773,x646f6773,x646f6773,x646f6773,x646f6773,x646f6773,null,null,x646f6773,x646f6773,x646f6773,x646f6773,x646f6773,x646f6773,x646f6773,x646f6773,x646f6773,null,null,null,null,null,null,x646f6773,x646f6773,null,null,null,null,null,null,x646f6773,null,x646f6773,null,x646f6773,null,null,null,null,null,x646f6773,x636174,x63617473,x646f67,x646f6773,null,null,null,null,null,null,null,x646f6773,x646f6773
CASE	regexp	hello world	255	0
probes	0
parse	OK	"hello world"
tree	REGEXP_STRING string=hello world\u{a}
raw	12	11	1
rawdump	N,1/104/104;N,2/101/101;N,3/108/108;N,4/108/108;N,5/111/111;N,6/32/32;N,7/119/119;N,8/111/111;N,9/114/114;N,10/108/108;N,11/100/100;A
flags	0	0	0	1
nfarun	0000000000000000000000000000000000000000000000000000000000000000000000000000000000000000000000000000000000000000010000000000000
compiled	SINGLE	x68656c6c6f20776f726c64	-	-1	1	0	-
compiled_floor	-
det	12	11	1
detdump	N,1/104/104;N,2/101/101;N,3/108/108;N,4/108/108;N,5/111/111;N,6/32/32;N,7/119/119;N,8/111/111;N,9/114/114;N,10/108/108;N,11/100/100;A
min	12	11
run	0000000000000000000000000000000000000000000000000000000000000000000000000000000000000000000000000000000000000000010000000000000
charrun	0000000000000000000000000000000000000000000000000000000000000000000000000000000000000000000000000000000000000000010000000000000
prefix	hello world
singleton	hello world
topo	0,1,2,3,4,5,6,7,8,9,10,11
strings	1	hello world
compiled_det	SINGLE	x68656c6c6f20776f726c64	-	-1	1	0	-
compiled_det_floor	-
CASE	regexp	.{2,3}	255	0
probes	0
parse	OK	(.){2,3}
tree	REGEXP_REPEAT_MINMAX min=2 max=3\u{a}  REGEXP_ANYCHAR\u{a}
raw	4	3	1
rawdump	N,1/0/1114111;N,2/0/1114111;A,3/0/1114111;A
flags	0	0	0	1
nfarun	0000001111111000001110011111001111100101111000111011111011000000000000000000000001011010100000001100010001110111001010111011000
compiled	NORMAL	-	-	-1	0	0	0000001111111000001110011111001111100101111000111011111011000000000000000000000001011010100000001100010001110111001010111011000
compiled_floor	null,x60f48fbfbff48fbfbf,x61f48fbfbff48fbfbf,x62f48fbfbff48fbfbf,x63f48fbfbff48fbfbf,x64f48fbfbff48fbfbf,x6162,x6163,x6164,x616263,x616264,x6161,x616161,x616161,x616161,x79f48fbfbff48fbfbf,x70f48fbfbff48fbfbf,x77f48fbfbff48fbfbf,x7879,x78797a,x787a,x616263,x616264,x616364,x6364,x6261,x6262,x616162,x616261,x616262,x626162,x666f6f,x626172,x62617a,x666f,x666f6f,x666f6f,x696e67,x73696e,x617a,x61207a,x617a71,x71617a,x30f48fbfbff48fbfbf,x34f48fbfbff48fbfbf,x38f48fbfbff48fbfbf,x3130,x303130,x3035,x303030,x3137,x313030,x313031,x353030,x353031,x303530,x3939,x3037,x36f48fbfbff48fbfbf,x313233,x303132,x717569,x515549,x517549,x517569,x4af48fbfbff48fbfbf,x6af48fbfbff48fbfbf,xe284a9f48fbfbff48fbfbf,x52f48fbfbff48fbfbf,x72f48fbfbff48fbfbf,xc5bef48fbfbff48fbfbf,xcea2f48fbfbff48fbfbf,xcf82f48fbfbff48fbfbf,xcf81f48fbfbff48fbfbf,xc783f48fbfbff48fbfbf,xc784f48fbfbff48fbfbf,xc785f48fbfbff48fbfbf,x737472,x535452,x537472,xc3a8f48fbfbff48fbfbf,xc3a9c3a9,xc388f48fbfbff48fbfbf,xe697a5e69cace8aa9e,xe697a5e69cac,xf09f97bff48fbfbff48fbfbf,xf09f9880f09f9880,xf09f9880f48fbfbff48fbfbf,xf09f9882f09f9883,x08f48fbfbff48fbfbf,x1ff48fbfbff48fbfbf,x5ef48fbfbff48fbfbf,x2cf48fbfbff48fbfbf,x5bf48fbfbff48fbfbf,x2df48fbfbff48fbfbf,x71756f,x7e61,x612662,x22f48fbfbff48fbfbf,x3ff48fbfbff48fbfbf,x3c312d,x617e62,x48656c,x68656c,x48454c,x6b53,x4b53,xe284aa73,x616263,x612e62,x617c,x2a61,x3ef48fbfbff48fbfbf,x68656c,x636174,x636174,x646f67,x646f67,x6361,x6100,x610000,null,x6165,x616365,x616265,x78797a,xc3bef48fbfbff48fbfbf
det	4	3	1
detdump	N,1/0/1114111;N,2/0/1114111;A,3/0/1114111;A
min	4	3
run	0000001111111000001110011111001111100101111000111011111011000000000000000000000001011010100000001100010001110111001010111011000
charrun	0000001111111000001110011111001111100101111000111011111011000000000000000000000001011010100000001100010001110111001010111011000
prefix	
singleton	null
topo	0,1,2,3
strings	50	\u{0}\u{0}\u{0}	\u{0}\u{0}\u{1}	\u{0}\u{0}\u{2}	\u{0}\u{0}\u{3}	\u{0}\u{0}\u{4}	\u{0}\u{0}\u{5}	\u{0}\u{0}\u{6}	\u{0}\u{0}\u{7}	\u{0}\u{0}\u{8}	\u{0}\u{0}\u{9}	\u{0}\u{0}\u{a}	\u{0}\u{0}\u{b}	\u{0}\u{0}\u{c}	\u{0}\u{0}\u{d}	\u{0}\u{0}\u{e}	\u{0}\u{0}\u{f}	\u{0}\u{0}\u{10}	\u{0}\u{0}\u{11}	\u{0}\u{0}\u{12}	\u{0}\u{0}\u{13}	\u{0}\u{0}\u{14}	\u{0}\u{0}\u{15}	\u{0}\u{0}\u{16}	\u{0}\u{0}\u{17}	\u{0}\u{0}\u{18}	\u{0}\u{0}\u{19}	\u{0}\u{0}\u{1a}	\u{0}\u{0}\u{1b}	\u{0}\u{0}\u{1c}	\u{0}\u{0}\u{1d}	\u{0}\u{0}\u{1e}	\u{0}\u{0}\u{1f}	\u{0}\u{0} 	\u{0}\u{0}!	\u{0}\u{0}"	\u{0}\u{0}#	\u{0}\u{0}$	\u{0}\u{0}%	\u{0}\u{0}&	\u{0}\u{0}'	\u{0}\u{0}(	\u{0}\u{0})	\u{0}\u{0}*	\u{0}\u{0}+	\u{0}\u{0},	\u{0}\u{0}-	\u{0}\u{0}.	\u{0}\u{0}/	\u{0}\u{0}0	\u{0}\u{0}1
compiled_det	NORMAL	-	-	-1	0	0	0000001111111000001110011111001111100101111000111011111011000000000000000000000001011010100000001100010001110111001010111011000
compiled_det_floor	null,x60f48fbfbff48fbfbf,x61f48fbfbff48fbfbf,x62f48fbfbff48fbfbf,x63f48fbfbff48fbfbf,x64f48fbfbff48fbfbf,x6162,x6163,x6164,x616263,x616264,x6161,x616161,x616161,x616161,x79f48fbfbff48fbfbf,x70f48fbfbff48fbfbf,x77f48fbfbff48fbfbf,x7879,x78797a,x787a,x616263,x616264,x616364,x6364,x6261,x6262,x616162,x616261,x616262,x626162,x666f6f,x626172,x62617a,x666f,x666f6f,x666f6f,x696e67,x73696e,x617a,x61207a,x617a71,x71617a,x30f48fbfbff48fbfbf,x34f48fbfbff48fbfbf,x38f48fbfbff48fbfbf,x3130,x303130,x3035,x303030,x3137,x313030,x313031,x353030,x353031,x303530,x3939,x3037,x36f48fbfbff48fbfbf,x313233,x303132,x717569,x515549,x517549,x517569,x4af48fbfbff48fbfbf,x6af48fbfbff48fbfbf,xe284a9f48fbfbff48fbfbf,x52f48fbfbff48fbfbf,x72f48fbfbff48fbfbf,xc5bef48fbfbff48fbfbf,xcea2f48fbfbff48fbfbf,xcf82f48fbfbff48fbfbf,xcf81f48fbfbff48fbfbf,xc783f48fbfbff48fbfbf,xc784f48fbfbff48fbfbf,xc785f48fbfbff48fbfbf,x737472,x535452,x537472,xc3a8f48fbfbff48fbfbf,xc3a9c3a9,xc388f48fbfbff48fbfbf,xe697a5e69cace8aa9e,xe697a5e69cac,xf09f97bff48fbfbff48fbfbf,xf09f9880f09f9880,xf09f9880f48fbfbff48fbfbf,xf09f9882f09f9883,x08f48fbfbff48fbfbf,x1ff48fbfbff48fbfbf,x5ef48fbfbff48fbfbf,x2cf48fbfbff48fbfbf,x5bf48fbfbff48fbfbf,x2df48fbfbff48fbfbf,x71756f,x7e61,x612662,x22f48fbfbff48fbfbf,x3ff48fbfbff48fbfbf,x3c312d,x617e62,x48656c,x68656c,x48454c,x6b53,x4b53,xe284aa73,x616263,x612e62,x617c,x2a61,x3ef48fbfbff48fbfbf,x68656c,x636174,x636174,x646f67,x646f67,x6361,x6100,x610000,null,x6165,x616365,x616265,x78797a,xc3bef48fbfbff48fbfbf
CASE	regexp	x{0,}	255	0
probes	0
parse	OK	(\u{5c}x){0,}
tree	REGEXP_REPEAT_MIN min=0\u{a}  REGEXP_CHAR char=x\u{a}
raw	1	1	1
rawdump	A,0/120/120
flags	0	0	0	0
nfarun	1000000000000000010000000000000000000000000000000000000000000000000000000000000000000000000000000000000000000000000000000000000
compiled	NORMAL	-	-	-1	0	0	1000000000000000010000000000000000000000000000000000000000000000000000000000000000000000000000000000000000000000000000000000000
compiled_floor	-
det	1	1	1
detdump	A,0/120/120
min	1	1
run	1000000000000000010000000000000000000000000000000000000000000000000000000000000000000000000000000000000000000000000000000000000
charrun	1000000000000000010000000000000000000000000000000000000000000000000000000000000000000000000000000000000000000000000000000000000
prefix	
singleton	null
compiled_det	NORMAL	-	-	-1	0	0	1000000000000000010000000000000000000000000000000000000000000000000000000000000000000000000000000000000000000000000000000000000
compiled_det_floor	-
CASE	regexp	a{1,1}	255	0
probes	0
parse	OK	(\u{5c}a){1,1}
tree	REGEXP_REPEAT_MINMAX min=1 max=1\u{a}  REGEXP_CHAR char=a\u{a}
raw	2	1	1
rawdump	N,1/97/97;A
flags	0	0	0	1
nfarun	0100000000000000000000000000000000000000000000000000000000000000000000000000000000000000000000000000000000000000000000000000000
compiled	SINGLE	x61	-	-1	1	0	-
compiled_floor	-
det	2	1	1
detdump	N,1/97/97;A
min	2	1
run	0100000000000000000000000000000000000000000000000000000000000000000000000000000000000000000000000000000000000000000000000000000
charrun	0100000000000000000000000000000000000000000000000000000000000000000000000000000000000000000000000000000000000000000000000000000
prefix	a
singleton	a
topo	0,1
strings	1	a
compiled_det	SINGLE	x61	-	-1	1	0	-
compiled_det_floor	-
CASE	regexp	""	255	0
probes	0
parse	OK	""
tree	REGEXP_STRING string=\u{a}
raw	1	0	1
rawdump	A
flags	0	0	0	1
nfarun	1000000000000000000000000000000000000000000000000000000000000000000000000000000000000000000000000000000000000000000000000000000
compiled	SINGLE	x	-	-1	1	0	-
compiled_floor	-
det	1	0	1
detdump	A
min	1	0
run	1000000000000000000000000000000000000000000000000000000000000000000000000000000000000000000000000000000000000000000000000000000
charrun	1000000000000000000000000000000000000000000000000000000000000000000000000000000000000000000000000000000000000000000000000000000
prefix	
singleton	
topo	0
strings	1	
compiled_det	SINGLE	x	-	-1	1	0	-
compiled_det_floor	-
CASE	regexp	[-a]	255	0
probes	0
parse	OK	[\u{5c}-\u{5c}a]
tree	REGEXP_CHAR_CLASS starts=[U+002D U+0061] ends=[U+002D U+0061]\u{a}
raw	2	2	1
rawdump	N,1/45/45,1/97/97;A
flags	0	0	0	1
nfarun	0100000000000000000000000000000000000000000000000000000000000000000000000000000000000000000010000000000000000000000000000000000
compiled	NORMAL	-	-	-1	0	0	0100000000000000000000000000000000000000000000000000000000000000000000000000000000000000000010000000000000000000000000000000000
compiled_floor	null,x61,x61,x61,x61,x61,x61,x61,x61,x61,x61,x61,x61,x61,x61,x61,x61,x61,x61,x61,x61,x61,x61,x61,x61,x61,x61,x61,x61,x61,x61,x61,x61,x61,x61,x61,x61,x61,x61,x61,x61,x61,x61,x2d,x2d,x2d,x2d,x2d,x2d,x2d,x2d,x2d,x2d,x2d,x2d,x2d,x2d,x2d,x2d,x2d,x2d,x61,x2d,x2d,x2d,x2d,x61,x61,x2d,x61,x61,x61,x61,x61,x61,x61,x61,x61,x2d,x2d,x61,x61,x61,x61,x61,x61,x61,x61,x61,null,null,x2d,x2d,x2d,x2d,x61,x61,x61,null,x2d,x2d,x61,x2d,x61,x2d,x61,x2d,x61,x61,x61,x61,null,x2d,x61,x61,x61,x61,x61,x61,x61,x61,null,x61,x61,x61,x61,x61
det	2	2	1
detdump	N,1/45/45,1/97/97;A
min	2	2
run	0100000000000000000000000000000000000000000000000000000000000000000000000000000000000000000010000000000000000000000000000000000
charrun	0100000000000000000000000000000000000000000000000000000000000000000000000000000000000000000010000000000000000000000000000000000
prefix	
singleton	null
topo	0,1
strings	2	-	a
compiled_det	NORMAL	-	-	-1	0	0	0100000000000000000000000000000000000000000000000000000000000000000000000000000000000000000010000000000000000000000000000000000
compiled_det_floor	null,x61,x61,x61,x61,x61,x61,x61,x61,x61,x61,x61,x61,x61,x61,x61,x61,x61,x61,x61,x61,x61,x61,x61,x61,x61,x61,x61,x61,x61,x61,x61,x61,x61,x61,x61,x61,x61,x61,x61,x61,x61,x61,x2d,x2d,x2d,x2d,x2d,x2d,x2d,x2d,x2d,x2d,x2d,x2d,x2d,x2d,x2d,x2d,x2d,x2d,x61,x2d,x2d,x2d,x2d,x61,x61,x2d,x61,x61,x61,x61,x61,x61,x61,x61,x61,x2d,x2d,x61,x61,x61,x61,x61,x61,x61,x61,x61,null,null,x2d,x2d,x2d,x2d,x61,x61,x61,null,x2d,x2d,x61,x2d,x61,x2d,x61,x2d,x61,x61,x61,x61,null,x2d,x61,x61,x61,x61,x61,x61,x61,x61,null,x61,x61,x61,x61,x61
CASE	regexp	[a-]	255	0
probes	0
parse	ERR	invalid range: from (97) cannot be > to (93)
CASE	regexp	\u{5c}S+\u{5c}s\u{5c}S+	255	0
probes	0
parse	OK	([\u{5c}\u{0}-\u{5c}\u{8}\u{5c}\u{b}-\u{5c}\u{c}\u{5c}\u{e}-\u{5c}\u{1f}\u{5c}!-\u{5c}\u{10ffff}]){1,}[\u{5c}\u{9}-\u{5c}\u{a}\u{5c}\u{d}\u{5c} ]([\u{5c}\u{0}-\u{5c}\u{8}\u{5c}\u{b}-\u{5c}\u{c}\u{5c}\u{e}-\u{5c}\u{1f}\u{5c}!-\u{5c}\u{10ffff}]){1,}
tree	REGEXP_CONCATENATION\u{a}  REGEXP_CONCATENATION\u{a}    REGEXP_REPEAT_MIN min=1\u{a}      REGEXP_CHAR_CLASS starts=[U+0000 U+000B U+000E U+0021] ends=[U+0008 U+000C U+001F U+10FFFF]\u{a}    REGEXP_CHAR_CLASS starts=[U+0009 U+000D U+0020] ends=[U+000A U+000D U+0020]\u{a}  REGEXP_REPEAT_MIN min=1\u{a}    REGEXP_CHAR_CLASS starts=[U+0000 U+000B U+000E U+0021] ends=[U+0008 U+000C U+001F U+10FFFF]\u{a}
raw	6	30	1
rawdump	N,1/0/8,1/11/12,1/14/31,1/33/1114111;N,2/0/8,3/9/10,2/11/12,3/13/13,2/14/31,3/32/32,2/33/1114111;N,2/0/8,3/9/10,2/11/12,3/13/13,2/14/31,3/32/32,2/33/1114111;N,4/0/8,4/11/12,4/14/31,4/33/1114111;A,5/0/8,5/11/12,5/14/31,5/33/1114111;A,5/0/8,5/11/12,5/14/31,5/33/1114111
flags	0	0	0	0
nfarun	0000000000000000000000000000000000000000100000000000000000000000000000000000000000000000000000000000000000000000010000000000000
compiled	NORMAL	-	-	-1	0	0	0000000000000000000000000000000000000000100000000000000000000000000000000000000000000000000000000000000000000000010000000000000
compiled_floor	-
det	6	30	1
detdump	N,1/0/8,1/11/12,1/14/31,1/33/1114111;N,2/0/8,3/9/10,2/11/12,3/13/13,2/14/31,3/32/32,2/33/1114111;N,2/0/8,3/9/10,2/11/12,3/13/13,2/14/31,3/32/32,2/33/1114111;N,4/0/8,4/11/12,4/14/31,4/33/1114111;A,5/0/8,5/11/12,5/14/31,5/33/1114111;A,5/0/8,5/11/12,5/14/31,5/33/1114111
min	4	19
run	0000000000000000000000000000000000000000100000000000000000000000000000000000000000000000000000000000000000000000010000000000000
charrun	0000000000000000000000000000000000000000100000000000000000000000000000000000000000000000000000000000000000000000010000000000000
prefix	
singleton	null
compiled_det	NORMAL	-	-	-1	0	0	0000000000000000000000000000000000000000100000000000000000000000000000000000000000000000000000000000000000000000010000000000000
compiled_det_floor	-
CASE	regexp	<-5>	255	0
probes	0
parse	ERR	interval syntax error at position 3
CASE	regexp	<5->	255	0
probes	0
parse	ERR	interval syntax error at position 3
CASE	regexp	<1-5>x	255	0
probes	0
parse	OK	<1-5>\u{5c}x
tree	REGEXP_CONCATENATION\u{a}  REGEXP_INTERVAL<1-5>\u{a}  REGEXP_CHAR char=x\u{a}
raw	5	6	1
rawdump	N,1/49/49,3/50/52,2/53/53;N,4/120/120;N,4/120/120;N,4/120/120;A
flags	0	0	0	1
nfarun	0000000000000000000000000000000000000000000000000000000000000000000000000000000000000000000000000000000000000000000000000000000
compiled	NORMAL	-	x78	-1	0	0	0000000000000000000000000000000000000000000000000000000000000000000000000000000000000000000000000000000000000000000000000000000
compiled_floor	null,x3578,x3578,x3578,x3578,x3578,x3578,x3578,x3578,x3578,x3578,x3578,x3578,x3578,x3578,x3578,x3578,x3578,x3578,x3578,x3578,x3578,x3578,x3578,x3578,x3578,x3578,x3578,x3578,x3578,x3578,x3578,x3578,x3578,x3578,x3578,x3578,x3578,x3578,x3578,x3578,x3578,x3578,null,x3478,x3578,null,null,null,null,null,null,null,x3478,x3478,null,x3578,null,x3578,null,null,x3578,x3578,x3578,x3578,x3578,x3578,x3578,x3578,x3578,x3578,x3578,x3578,x3578,x3578,x3578,x3578,x3578,x3578,x3578,x3578,x3578,x3578,x3578,x3578,x3578,x3578,x3578,x3578,null,null,x3578,null,x3578,null,x3578,x3578,x3578,null,x3578,x3578,x3578,x3578,x3578,x3578,x3578,x3578,x3578,x3578,x3578,x3578,null,x3578,x3578,x3578,x3578,x3578,x3578,x3578,x3578,x3578,null,x3578,x3578,x3578,x3578,x3578
det	5	6	1
detdump	N,1/49/49,3/50/52,2/53/53;N,4/120/120;N,4/120/120;N,4/120/120;A
min	3	2
run	0000000000000000000000000000000000000000000000000000000000000000000000000000000000000000000000000000000000000000000000000000000
charrun	0000000000000000000000000000000000000000000000000000000000000000000000000000000000000000000000000000000000000000000000000000000
prefix	
singleton	null
topo	0,2,3,1,4
strings	5	1x	2x	3x	4x	5x
compiled_det	NORMAL	-	x78	-1	0	0	0000000000000000000000000000000000000000000000000000000000000000000000000000000000000000000000000000000000000000000000000000000
compiled_det_floor	null,x3578,x3578,x3578,x3578,x3578,x3578,x3578,x3578,x3578,x3578,x3578,x3578,x3578,x3578,x3578,x3578,x3578,x3578,x3578,x3578,x3578,x3578,x3578,x3578,x3578,x3578,x3578,x3578,x3578,x3578,x3578,x3578,x3578,x3578,x3578,x3578,x3578,x3578,x3578,x3578,x3578,x3578,null,x3478,x3578,null,null,null,null,null,null,null,x3478,x3478,null,x3578,null,x3578,null,null,x3578,x3578,x3578,x3578,x3578,x3578,x3578,x3578,x3578,x3578,x3578,x3578,x3578,x3578,x3578,x3578,x3578,x3578,x3578,x3578,x3578,x3578,x3578,x3578,x3578,x3578,x3578,x3578,null,null,x3578,null,x3578,null,x3578,x3578,x3578,null,x3578,x3578,x3578,x3578,x3578,x3578,x3578,x3578,x3578,x3578,x3578,x3578,null,x3578,x3578,x3578,x3578,x3578,x3578,x3578,x3578,x3578,null,x3578,x3578,x3578,x3578,x3578
CASE	regexp	~a	255	0
probes	0
parse	OK	"~a"
tree	REGEXP_STRING string=~a\u{a}
raw	3	2	1
rawdump	N,1/126/126;N,2/97/97;A
flags	0	0	0	1
nfarun	0000000000000000000000000000000000000000000000000000000000000000000000000000000000000000000000001000000000000000000000000000000
compiled	SINGLE	x7e61	-	-1	1	0	-
compiled_floor	-
det	3	2	1
detdump	N,1/126/126;N,2/97/97;A
min	3	2
run	0000000000000000000000000000000000000000000000000000000000000000000000000000000000000000000000001000000000000000000000000000000
charrun	0000000000000000000000000000000000000000000000000000000000000000000000000000000000000000000000001000000000000000000000000000000
prefix	~a
singleton	~a
topo	0,1,2
strings	1	~a
compiled_det	SINGLE	x7e61	-	-1	1	0	-
compiled_det_floor	-
CASE	regexp	a~b	255	0
probes	0
parse	OK	"a~b"
tree	REGEXP_STRING string=a~b\u{a}
raw	4	3	1
rawdump	N,1/97/97;N,2/126/126;N,3/98/98;A
flags	0	0	0	1
nfarun	0000000000000000000000000000000000000000000000000000000000000000000000000000000000000000000000000000010000000000000000000000000
compiled	SINGLE	x617e62	-	-1	1	0	-
compiled_floor	-
det	4	3	1
detdump	N,1/97/97;N,2/126/126;N,3/98/98;A
min	4	3
run	0000000000000000000000000000000000000000000000000000000000000000000000000000000000000000000000000000010000000000000000000000000
charrun	0000000000000000000000000000000000000000000000000000000000000000000000000000000000000000000000000000010000000000000000000000000
prefix	a~b
singleton	a~b
topo	0,1,2,3
strings	1	a~b
compiled_det	SINGLE	x617e62	-	-1	1	0	-
compiled_det_floor	-
CASE	regexp	a&b	0	0
probes	0
parse	OK	"a&b"
tree	REGEXP_STRING string=a&b\u{a}
raw	4	3	1
rawdump	N,1/97/97;N,2/38/38;N,3/98/98;A
flags	0	0	0	1
nfarun	0000000000000000000000000000000000000000000000000000000000000000000000000000000000000000000000000100000000000000000000000000000
compiled	SINGLE	x612662	-	-1	1	0	-
compiled_floor	-
det	4	3	1
detdump	N,1/97/97;N,2/38/38;N,3/98/98;A
min	4	3
run	0000000000000000000000000000000000000000000000000000000000000000000000000000000000000000000000000100000000000000000000000000000
charrun	0000000000000000000000000000000000000000000000000000000000000000000000000000000000000000000000000100000000000000000000000000000
prefix	a&b
singleton	a&b
topo	0,1,2,3
strings	1	a&b
compiled_det	SINGLE	x612662	-	-1	1	0	-
compiled_det_floor	-
CASE	regexp	#	0	0
probes	0
parse	OK	\u{5c}#
tree	REGEXP_CHAR char=#\u{a}
raw	2	1	1
rawdump	N,1/35/35;A
flags	0	0	0	1
nfarun	0000000000000000000000000000000000000000000000000000000000000000000000000000000000000000000000000010000000000000000000000000000
compiled	SINGLE	x23	-	-1	1	0	-
compiled_floor	-
det	2	1	1
detdump	N,1/35/35;A
min	2	1
run	0000000000000000000000000000000000000000000000000000000000000000000000000000000000000000000000000010000000000000000000000000000
charrun	0000000000000000000000000000000000000000000000000000000000000000000000000000000000000000000000000010000000000000000000000000000
prefix	#
singleton	#
topo	0,1
strings	1	#
compiled_det	SINGLE	x23	-	-1	1	0	-
compiled_det_floor	-
CASE	regexp	@	0	0
probes	0
parse	OK	\u{5c}@
tree	REGEXP_CHAR char=@\u{a}
raw	2	1	1
rawdump	N,1/64/64;A
flags	0	0	0	1
nfarun	0000000000000000000000000000000000000000000000000000000000000000000000000000000000000000000000000001000000000000000000000000000
compiled	SINGLE	x40	-	-1	1	0	-
compiled_floor	-
det	2	1	1
detdump	N,1/64/64;A
min	2	1
run	0000000000000000000000000000000000000000000000000000000000000000000000000000000000000000000000000001000000000000000000000000000
charrun	0000000000000000000000000000000000000000000000000000000000000000000000000000000000000000000000000001000000000000000000000000000
prefix	@
singleton	@
topo	0,1
strings	1	@
compiled_det	SINGLE	x40	-	-1	1	0	-
compiled_det_floor	-
CASE	regexp	<1-5>	0	0
probes	0
parse	OK	"<1-5>"
tree	REGEXP_STRING string=<1-5>\u{a}
raw	6	5	1
rawdump	N,1/60/60;N,2/49/49;N,3/45/45;N,4/53/53;N,5/62/62;A
flags	0	0	0	1
nfarun	0000000000000000000000000000000000000000000000000000000000000000000000000000000000000000000000000000100000000000000000000000000
compiled	SINGLE	x3c312d353e	-	-1	1	0	-
compiled_floor	-
det	6	5	1
detdump	N,1/60/60;N,2/49/49;N,3/45/45;N,4/53/53;N,5/62/62;A
min	6	5
run	0000000000000000000000000000000000000000000000000000000000000000000000000000000000000000000000000000100000000000000000000000000
charrun	0000000000000000000000000000000000000000000000000000000000000000000000000000000000000000000000000000100000000000000000000000000
prefix	<1-5>
singleton	<1-5>
topo	0,1,2,3,4,5
strings	1	<1-5>
compiled_det	SINGLE	x3c312d353e	-	-1	1	0	-
compiled_det_floor	-
CASE	regexp	a.*	0	0
probes	0
parse	OK	\u{5c}a(.)*
tree	REGEXP_CONCATENATION\u{a}  REGEXP_CHAR char=a\u{a}  REGEXP_REPEAT\u{a}    REGEXP_ANYCHAR\u{a}
raw	3	3	1
rawdump	N,1/97/97;A,2/0/1114111;A,2/0/1114111
flags	0	0	0	0
nfarun	0100001111111110000001110001110000000001110000000000000000000000000000000000000000000000000000000100010000001110000000011011100
compiled	NORMAL	-	-	-1	0	0	0100001111111110000001110001110000000001110000000000000000000000000000000000000000000000000000000100010000001110000000011011100
compiled_floor	-
det	3	3	1
detdump	N,1/97/97;A,2/0/1114111;A,2/0/1114111
min	2	2
run	0100001111111110000001110001110000000001110000000000000000000000000000000000000000000000000000000100010000001110000000011011100
charrun	0100001111111110000001110001110000000001110000000000000000000000000000000000000000000000000000000100010000001110000000011011100
prefix	a
singleton	null
compiled_det	NORMAL	-	-	-1	0	0	0100001111111110000001110001110000000001110000000000000000000000000000000000000000000000000000000100010000001110000000011011100
compiled_det_floor	-
CASE	regexp	a&b	1	0
probes	0
parse	OK	(\u{5c}a&\u{5c}b)
tree	REGEXP_INTERSECTION\u{a}  REGEXP_CHAR char=a\u{a}  REGEXP_CHAR char=b\u{a}
raw	0	0	1
rawdump	
flags	0	1	0	1
nfarun	0000000000000000000000000000000000000000000000000000000000000000000000000000000000000000000000000000000000000000000000000000000
compiled	NONE	-	-	-1	1	0	-
compiled_floor	-
det	0	0	1
detdump	
min	0	0
run	0000000000000000000000000000000000000000000000000000000000000000000000000000000000000000000000000000000000000000000000000000000
charrun	0000000000000000000000000000000000000000000000000000000000000000000000000000000000000000000000000000000000000000000000000000000
prefix	
singleton	null
topo	
strings	0
compiled_det	NONE	-	-	-1	1	0	-
compiled_det_floor	-
CASE	regexp	#a	1	0
probes	0
parse	OK	"#a"
tree	REGEXP_STRING string=#a\u{a}
raw	3	2	1
rawdump	N,1/35/35;N,2/97/97;A
flags	0	0	0	1
nfarun	0000000000000000000000000000000000000000000000000000000000000000000000000000000000000000000000000000000000000000000000000000000
compiled	SINGLE	x2361	-	-1	1	0	-
compiled_floor	-
det	3	2	1
detdump	N,1/35/35;N,2/97/97;A
min	3	2
run	0000000000000000000000000000000000000000000000000000000000000000000000000000000000000000000000000000000000000000000000000000000
charrun	0000000000000000000000000000000000000000000000000000000000000000000000000000000000000000000000000000000000000000000000000000000
prefix	#a
singleton	#a
topo	0,1,2
strings	1	#a
compiled_det	SINGLE	x2361	-	-1	1	0	-
compiled_det_floor	-
CASE	regexp	<1-5>	1	0
probes	0
parse	OK	"<1-5>"
tree	REGEXP_STRING string=<1-5>\u{a}
raw	6	5	1
rawdump	N,1/60/60;N,2/49/49;N,3/45/45;N,4/53/53;N,5/62/62;A
flags	0	0	0	1
nfarun	0000000000000000000000000000000000000000000000000000000000000000000000000000000000000000000000000000100000000000000000000000000
compiled	SINGLE	x3c312d353e	-	-1	1	0	-
compiled_floor	-
det	6	5	1
detdump	N,1/60/60;N,2/49/49;N,3/45/45;N,4/53/53;N,5/62/62;A
min	6	5
run	0000000000000000000000000000000000000000000000000000000000000000000000000000000000000000000000000000100000000000000000000000000
charrun	0000000000000000000000000000000000000000000000000000000000000000000000000000000000000000000000000000100000000000000000000000000
prefix	<1-5>
singleton	<1-5>
topo	0,1,2,3,4,5
strings	1	<1-5>
compiled_det	SINGLE	x3c312d353e	-	-1	1	0	-
compiled_det_floor	-
CASE	regexp	<name>	1	0
probes	0
parse	OK	"<name>"
tree	REGEXP_STRING string=<name>\u{a}
raw	7	6	1
rawdump	N,1/60/60;N,2/110/110;N,3/97/97;N,4/109/109;N,5/101/101;N,6/62/62;A
flags	0	0	0	1
nfarun	0000000000000000000000000000000000000000000000000000000000000000000000000000000000000000000000000000000000000000000000000000000
compiled	SINGLE	x3c6e616d653e	-	-1	1	0	-
compiled_floor	-
det	7	6	1
detdump	N,1/60/60;N,2/110/110;N,3/97/97;N,4/109/109;N,5/101/101;N,6/62/62;A
min	7	6
run	0000000000000000000000000000000000000000000000000000000000000000000000000000000000000000000000000000000000000000000000000000000
charrun	0000000000000000000000000000000000000000000000000000000000000000000000000000000000000000000000000000000000000000000000000000000
prefix	<name>
singleton	<name>
topo	0,1,2,3,4,5,6
strings	1	<name>
compiled_det	SINGLE	x3c6e616d653e	-	-1	1	0	-
compiled_det_floor	-
CASE	regexp	<name>	32	0
probes	0
parse	ERR	interval syntax error at position 5
CASE	regexp	<1-5>	16	0
probes	0
parse	ERR	illegal identifier at position 4
CASE	regexp	~a	65791	0
probes	0
parse	OK	~(\u{5c}a)
tree	REGEXP_DEPRECATED_COMPLEMENT\u{a}  REGEXP_CHAR char=a\u{a}
raw	3	5	1
rawdump	A,2/0/96,1/97/97,2/98/1114111;N,2/0/1114111;A,2/0/1114111
flags	0	0	0	0
nfarun	1011111111111111111111111111111111111111111111111111111111111111111111111111111111111111111111111111111111111111111111111111111
compiled	NORMAL	-	-	-1	0	0	1011111111111111111111111111111111111111111111111111111111111111111111111111111111111111111111111111111111111111111111111111111
compiled_floor	-
det	3	5	1
detdump	A,2/0/96,1/97/97,2/98/1114111;N,2/0/1114111;A,2/0/1114111
min	3	5
run	1011111111111111111111111111111111111111111111111111111111111111111111111111111111111111111111111111111111111111111111111111111
charrun	1011111111111111111111111111111111111111111111111111111111111111111111111111111111111111111111111111111111111111111111111111111
prefix	
singleton	null
compiled_det	NORMAL	-	-	-1	0	0	1011111111111111111111111111111111111111111111111111111111111111111111111111111111111111111111111111111111111111111111111111111
compiled_det_floor	-
CASE	regexp	~(ab)	65791	0
probes	0
parse	OK	~("ab")
tree	REGEXP_DEPRECATED_COMPLEMENT\u{a}  REGEXP_STRING string=ab\u{a}
raw	4	8	1
rawdump	A,3/0/96,1/97/97,3/98/1114111;A,3/0/97,2/98/98,3/99/1114111;N,3/0/1114111;A,3/0/1114111
flags	0	0	0	0
nfarun	1111110111111111111111111111111111111111111111111111111111111111111111111111111111111111111111111111111111111111111111111111111
compiled	NORMAL	-	-	-1	0	0	1111110111111111111111111111111111111111111111111111111111111111111111111111111111111111111111111111111111111111111111111111111
compiled_floor	-
det	4	8	1
detdump	A,3/0/96,1/97/97,3/98/1114111;A,3/0/97,2/98/98,3/99/1114111;N,3/0/1114111;A,3/0/1114111
min	4	8
run	1111110111111111111111111111111111111111111111111111111111111111111111111111111111111111111111111111111111111111111111111111111
charrun	1111110111111111111111111111111111111111111111111111111111111111111111111111111111111111111111111111111111111111111111111111111
prefix	
singleton	null
compiled_det	NORMAL	-	-	-1	0	0	1111110111111111111111111111111111111111111111111111111111111111111111111111111111111111111111111111111111111111111111111111111
compiled_det_floor	-
CASE	regexp	a~b	65791	0
probes	0
parse	OK	\u{5c}a~(\u{5c}b)
tree	REGEXP_CONCATENATION\u{a}  REGEXP_CHAR char=a\u{a}  REGEXP_DEPRECATED_COMPLEMENT\u{a}    REGEXP_CHAR char=b\u{a}
raw	4	6	1
rawdump	N,1/97/97;A,3/0/97,2/98/98,3/99/1114111;N,3/0/1114111;A,3/0/1114111
flags	0	0	0	0
nfarun	0100000111111110000001110001110000000001110000000000000000000000000000000000000000000000000000000100010000001110000000011011100
compiled	NORMAL	-	-	-1	0	0	0100000111111110000001110001110000000001110000000000000000000000000000000000000000000000000000000100010000001110000000011011100
compiled_floor	-
det	4	6	1
detdump	N,1/97/97;A,3/0/97,2/98/98,3/99/1114111;N,3/0/1114111;A,3/0/1114111
min	4	6
run	0100000111111110000001110001110000000001110000000000000000000000000000000000000000000000000000000100010000001110000000011011100
charrun	0100000111111110000001110001110000000001110000000000000000000000000000000000000000000000000000000100010000001110000000011011100
prefix	a
singleton	null
compiled_det	NORMAL	-	-	-1	0	0	0100000111111110000001110001110000000001110000000000000000000000000000000000000000000000000000000100010000001110000000011011100
compiled_det_floor	-
CASE	regexp	~(a|b)*	65791	0
probes	0
parse	OK	(~((\u{5c}a|\u{5c}b)))*
tree	REGEXP_REPEAT\u{a}  REGEXP_DEPRECATED_COMPLEMENT\u{a}    REGEXP_UNION\u{a}      REGEXP_CHAR char=a\u{a}      REGEXP_CHAR char=b\u{a}
raw	3	6	0
rawdump	A,2/0/96,1/97/98,2/99/1114111;N,2/0/1114111;A,2/0/1114111,1/97/98
flags	0	0	0	0
nfarun	1001111111111111111111111111111111111111111111111111111111111111111111111111111111111111111111111111111111111111111111111111111
compiled	NORMAL	-	-	-1	0	1	1001111111111111111111111111111111111111111111111111111111111111111111111111111111111111111111111111111111111111111111111111111
compiled_floor	-
det	4	10	1
detdump	A,1/0/96,2/97/98,1/99/1114111;A,1/0/96,3/97/98,1/99/1114111;N,1/0/1114111;A,1/0/96,3/97/98,1/99/1114111
min	3	5
run	1001111111111111111111111111111111111111111111111111111111111111111111111111111111111111111111111111111111111111111111111111111
charrun	1001111111111111111111111111111111111111111111111111111111111111111111111111111111111111111111111111111111111111111111111111111
prefix	
singleton	null
compiled_det	NORMAL	-	-	-1	0	0	1001111111111111111111111111111111111111111111111111111111111111111111111111111111111111111111111111111111111111111111111111111
compiled_det_floor	-
CASE	regexp	~~a	65791	0
probes	0
parse	OK	~(~(\u{5c}a))
tree	REGEXP_DEPRECATED_COMPLEMENT\u{a}  REGEXP_DEPRECATED_COMPLEMENT\u{a}    REGEXP_CHAR char=a\u{a}
raw	2	1	1
rawdump	N,1/97/97;A
flags	0	0	0	1
nfarun	0100000000000000000000000000000000000000000000000000000000000000000000000000000000000000000000000000000000000000000000000000000
compiled	SINGLE	x61	-	-1	1	0	-
compiled_floor	-
det	2	1	1
detdump	N,1/97/97;A
min	2	1
run	0100000000000000000000000000000000000000000000000000000000000000000000000000000000000000000000000000000000000000000000000000000
charrun	0100000000000000000000000000000000000000000000000000000000000000000000000000000000000000000000000000000000000000000000000000000
prefix	a
singleton	a
topo	0,1
strings	1	a
compiled_det	SINGLE	x61	-	-1	1	0	-
compiled_det_floor	-
CASE	regexp	[a-z]+&~(.*q.*)	65791	0
probes	0
parse	OK	(([\u{5c}a-\u{5c}z]){1,}&~((.)*\u{5c}q(.)*))
tree	REGEXP_INTERSECTION\u{a}  REGEXP_REPEAT_MIN min=1\u{a}    REGEXP_CHAR_RANGE from=a to=z\u{a}  REGEXP_DEPRECATED_COMPLEMENT\u{a}    REGEXP_CONCATENATION\u{a}      REGEXP_CONCATENATION\u{a}        REGEXP_REPEAT\u{a}          REGEXP_ANYCHAR\u{a}        REGEXP_CHAR char=q\u{a}      REGEXP_REPEAT\u{a}        REGEXP_ANYCHAR\u{a}
raw	3	6	1
rawdump	N,1/97/112,1/114/122;A,2/97/112,2/114/122;A,2/97/112,2/114/122
flags	0	0	0	0
nfarun	0111111111111111011111111111111111111111000000000000000000000000001001000000000000000000000000000000000100001000001111100011110
compiled	NORMAL	-	-	-1	0	0	0111111111111111011111111111111111111111000000000000000000000000001001000000000000000000000000000000000100001000001111100011110
compiled_floor	-
det	3	6	1
detdump	N,1/97/112,1/114/122;A,2/97/112,2/114/122;A,2/97/112,2/114/122
min	2	4
run	0111111111111111011111111111111111111111000000000000000000000000001001000000000000000000000000000000000100001000001111100011110
charrun	0111111111111111011111111111111111111111000000000000000000000000001001000000000000000000000000000000000100001000001111100011110
prefix	
singleton	null
compiled_det	NORMAL	-	-	-1	0	0	0111111111111111011111111111111111111111000000000000000000000000001001000000000000000000000000000000000100001000001111100011110
compiled_det_floor	-
CASE	regexp	~((a|b)*a(a|b){15})	65791	0
probes	0
parse	OK	~(((\u{5c}a|\u{5c}b))*\u{5c}a((\u{5c}a|\u{5c}b)){15,15})
tree	REGEXP_DEPRECATED_COMPLEMENT\u{a}  REGEXP_CONCATENATION\u{a}    REGEXP_CONCATENATION\u{a}      REGEXP_REPEAT\u{a}        REGEXP_UNION\u{a}          REGEXP_CHAR char=a\u{a}          REGEXP_CHAR char=b\u{a}      REGEXP_CHAR char=a\u{a}    REGEXP_REPEAT_MINMAX min=15 max=15\u{a}      REGEXP_UNION\u{a}        REGEXP_CHAR char=a\u{a}        REGEXP_CHAR char=b\u{a}
auto	TOO_COMPLEX	Determinizing automaton with 17 states and 17 transitions would require more than 10000 effort.
CASE	regexp	quick	255	512
probes	0
parse	OK	"quick"
tree	REGEXP_STRING string=quick\u{a}
raw	6	11	1
rawdump	N,1/81/81,1/113/113;N,2/85/85,2/117/117;N,3/73/73,3/105/105;N,4/67/67,4/99/99;N,5/75/75,5/107/107,5/8490/8490;A
flags	0	0	0	1
nfarun	0000000000000000000000000000000000000000000000000000000000000111100000000000000000000000000000000000000000000000000000000000000
compiled	NORMAL	-	-	-1	0	0	0000000000000000000000000000000000000000000000000000000000000111100000000000000000000000000000000000000000000000000000000000000
compiled_floor	null,x51756963e284aa,x51756963e284aa,x51756963e284aa,x51756963e284aa,x51756963e284aa,x51756963e284aa,x51756963e284aa,x51756963e284aa,x51756963e284aa,x51756963e284aa,x51756963e284aa,x51756963e284aa,x51756963e284aa,x51756963e284aa,x71756963e284aa,x51756963e284aa,x71756963e284aa,x71756963e284aa,x71756963e284aa,x71756963e284aa,x51756963e284aa,x51756963e284aa,x51756963e284aa,x51756963e284aa,x51756963e284aa,x51756963e284aa,x51756963e284aa,x51756963e284aa,x51756963e284aa,x51756963e284aa,x51756963e284aa,x51756963e284aa,x51756963e284aa,x51756963e284aa,x51756963e284aa,x51756963e284aa,x51756963e284aa,x71756963e284aa,x51756963e284aa,x51756963e284aa,x51756963e284aa,x71556963e284aa,null,null,null,null,null,null,null,null,null,null,null,null,null,null,null,null,null,null,x717569636b,x515549434b,x517549634b,x517569636b,null,x51756963e284aa,x71756963e284aa,x51756963e284aa,x71756963e284aa,x71756963e284aa,x71756963e284aa,x71756963e284aa,x71756963e284aa,x71756963e284aa,x71756963e284aa,x71756963e284aa,x71756963e284aa,x51756963e284aa,x51756963e284aa,x71756963e284aa,x71756963e284aa,x71756963e284aa,x71756963e284aa,x71756963e284aa,x71756963e284aa,x71756963e284aa,x71756963e284aa,x71756963e284aa,null,null,x51756963e284aa,null,x51756963e284aa,null,x71756963e284aa,x71756963e284aa,x51756963e284aa,null,null,null,x51756963e284aa,null,x51756963e284aa,null,x51756963e284aa,null,x71756963e284aa,x51756963e284aa,x51756963e284aa,x51756963e284aa,null,null,x51756963e284aa,x51756963e284aa,x51756963e284aa,x51756963e284aa,x51756963e284aa,x51756963e284aa,x51756963e284aa,x51756963e284aa,null,x51756963e284aa,x51756963e284aa,x51756963e284aa,x71756963e284aa,x71756963e284aa
det	6	11	1
detdump	N,1/81/81,1/113/113;N,2/85/85,2/117/117;N,3/73/73,3/105/105;N,4/67/67,4/99/99;N,5/75/75,5/107/107,5/8490/8490;A
min	6	11
run	0000000000000000000000000000000000000000000000000000000000000111100000000000000000000000000000000000000000000000000000000000000
charrun	0000000000000000000000000000000000000000000000000000000000000111100000000000000000000000000000000000000000000000000000000000000
prefix	
singleton	null
topo	0,1,2,3,4,5
strings	48	QUICK	QUICk	QUIC\u{212a}	QUIcK	QUIck	QUIc\u{212a}	QUiCK	QUiCk	QUiC\u{212a}	QUicK	QUick	QUic\u{212a}	QuICK	QuICk	QuIC\u{212a}	QuIcK	QuIck	QuIc\u{212a}	QuiCK	QuiCk	QuiC\u{212a}	QuicK	Quick	Quic\u{212a}	qUICK	qUICk	qUIC\u{212a}	qUIcK	qUIck	qUIc\u{212a}	qUiCK	qUiCk	qUiC\u{212a}	qUicK	qUick	qUic\u{212a}	quICK	quICk	quIC\u{212a}	quIcK	quIck	quIc\u{212a}	quiCK	quiCk	quiC\u{212a}	quicK	quick	quic\u{212a}
compiled_det	NORMAL	-	-	-1	0	0	0000000000000000000000000000000000000000000000000000000000000111100000000000000000000000000000000000000000000000000000000000000
compiled_det_floor	null,x51756963e284aa,x51756963e284aa,x51756963e284aa,x51756963e284aa,x51756963e284aa,x51756963e284aa,x51756963e284aa,x51756963e284aa,x51756963e284aa,x51756963e284aa,x51756963e284aa,x51756963e284aa,x51756963e284aa,x51756963e284aa,x71756963e284aa,x51756963e284aa,x71756963e284aa,x71756963e284aa,x71756963e284aa,x71756963e284aa,x51756963e284aa,x51756963e284aa,x51756963e284aa,x51756963e284aa,x51756963e284aa,x51756963e284aa,x51756963e284aa,x51756963e284aa,x51756963e284aa,x51756963e284aa,x51756963e284aa,x51756963e284aa,x51756963e284aa,x51756963e284aa,x51756963e284aa,x51756963e284aa,x51756963e284aa,x71756963e284aa,x51756963e284aa,x51756963e284aa,x51756963e284aa,x71556963e284aa,null,null,null,null,null,null,null,null,null,null,null,null,null,null,null,null,null,null,x717569636b,x515549434b,x517549634b,x517569636b,null,x51756963e284aa,x71756963e284aa,x51756963e284aa,x71756963e284aa,x71756963e284aa,x71756963e284aa,x71756963e284aa,x71756963e284aa,x71756963e284aa,x71756963e284aa,x71756963e284aa,x71756963e284aa,x51756963e284aa,x51756963e284aa,x71756963e284aa,x71756963e284aa,x71756963e284aa,x71756963e284aa,x71756963e284aa,x71756963e284aa,x71756963e284aa,x71756963e284aa,x71756963e284aa,null,null,x51756963e284aa,null,x51756963e284aa,null,x71756963e284aa,x71756963e284aa,x51756963e284aa,null,null,null,x51756963e284aa,null,x51756963e284aa,null,x51756963e284aa,null,x71756963e284aa,x51756963e284aa,x51756963e284aa,x51756963e284aa,null,null,x51756963e284aa,x51756963e284aa,x51756963e284aa,x51756963e284aa,x51756963e284aa,x51756963e284aa,x51756963e284aa,x51756963e284aa,null,x51756963e284aa,x51756963e284aa,x51756963e284aa,x71756963e284aa,x71756963e284aa
CASE	regexp	QuIcK	255	512
probes	0
parse	OK	"QuIcK"
tree	REGEXP_STRING string=QuIcK\u{a}
raw	6	11	1
rawdump	N,1/81/81,1/113/113;N,2/85/85,2/117/117;N,3/73/73,3/105/105;N,4/67/67,4/99/99;N,5/75/75,5/107/107,5/8490/8490;A
flags	0	0	0	1
nfarun	0000000000000000000000000000000000000000000000000000000000000111100000000000000000000000000000000000000000000000000000000000000
compiled	NORMAL	-	-	-1	0	0	0000000000000000000000000000000000000000000000000000000000000111100000000000000000000000000000000000000000000000000000000000000
compiled_floor	null,x51756963e284aa,x51756963e284aa,x51756963e284aa,x51756963e284aa,x51756963e284aa,x51756963e284aa,x51756963e284aa,x51756963e284aa,x51756963e284aa,x51756963e284aa,x51756963e284aa,x51756963e284aa,x51756963e284aa,x51756963e284aa,x71756963e284aa,x51756963e284aa,x71756963e284aa,x71756963e284aa,x71756963e284aa,x71756963e284aa,x51756963e284aa,x51756963e284aa,x51756963e284aa,x51756963e284aa,x51756963e284aa,x51756963e284aa,x51756963e284aa,x51756963e284aa,x51756963e284aa,x51756963e284aa,x51756963e284aa,x51756963e284aa,x51756963e284aa,x51756963e284aa,x51756963e284aa,x51756963e284aa,x51756963e284aa,x71756963e284aa,x51756963e284aa,x51756963e284aa,x51756963e284aa,x71556963e284aa,null,null,null,null,null,null,null,null,null,null,null,null,null,null,null,null,null,null,x717569636b,x515549434b,x517549634b,x517569636b,null,x51756963e284aa,x71756963e284aa,x51756963e284aa,x71756963e284aa,x71756963e284aa,x71756963e284aa,x71756963e284aa,x71756963e284aa,x71756963e284aa,x71756963e284aa,x71756963e284aa,x71756963e284aa,x51756963e284aa,x51756963e284aa,x71756963e284aa,x71756963e284aa,x71756963e284aa,x71756963e284aa,x71756963e284aa,x71756963e284aa,x71756963e284aa,x71756963e284aa,x71756963e284aa,null,null,x51756963e284aa,null,x51756963e284aa,null,x71756963e284aa,x71756963e284aa,x51756963e284aa,null,null,null,x51756963e284aa,null,x51756963e284aa,null,x51756963e284aa,null,x71756963e284aa,x51756963e284aa,x51756963e284aa,x51756963e284aa,null,null,x51756963e284aa,x51756963e284aa,x51756963e284aa,x51756963e284aa,x51756963e284aa,x51756963e284aa,x51756963e284aa,x51756963e284aa,null,x51756963e284aa,x51756963e284aa,x51756963e284aa,x71756963e284aa,x71756963e284aa
det	6	11	1
detdump	N,1/81/81,1/113/113;N,2/85/85,2/117/117;N,3/73/73,3/105/105;N,4/67/67,4/99/99;N,5/75/75,5/107/107,5/8490/8490;A
min	6	11
run	0000000000000000000000000000000000000000000000000000000000000111100000000000000000000000000000000000000000000000000000000000000
charrun	0000000000000000000000000000000000000000000000000000000000000111100000000000000000000000000000000000000000000000000000000000000
prefix	
singleton	null
topo	0,1,2,3,4,5
strings	48	QUICK	QUICk	QUIC\u{212a}	QUIcK	QUIck	QUIc\u{212a}	QUiCK	QUiCk	QUiC\u{212a}	QUicK	QUick	QUic\u{212a}	QuICK	QuICk	QuIC\u{212a}	QuIcK	QuIck	QuIc\u{212a}	QuiCK	QuiCk	QuiC\u{212a}	QuicK	Quick	Quic\u{212a}	qUICK	qUICk	qUIC\u{212a}	qUIcK	qUIck	qUIc\u{212a}	qUiCK	qUiCk	qUiC\u{212a}	qUicK	qUick	qUic\u{212a}	quICK	quICk	quIC\u{212a}	quIcK	quIck	quIc\u{212a}	quiCK	quiCk	quiC\u{212a}	quicK	quick	quic\u{212a}
compiled_det	NORMAL	-	-	-1	0	0	0000000000000000000000000000000000000000000000000000000000000111100000000000000000000000000000000000000000000000000000000000000
compiled_det_floor	null,x51756963e284aa,x51756963e284aa,x51756963e284aa,x51756963e284aa,x51756963e284aa,x51756963e284aa,x51756963e284aa,x51756963e284aa,x51756963e284aa,x51756963e284aa,x51756963e284aa,x51756963e284aa,x51756963e284aa,x51756963e284aa,x71756963e284aa,x51756963e284aa,x71756963e284aa,x71756963e284aa,x71756963e284aa,x71756963e284aa,x51756963e284aa,x51756963e284aa,x51756963e284aa,x51756963e284aa,x51756963e284aa,x51756963e284aa,x51756963e284aa,x51756963e284aa,x51756963e284aa,x51756963e284aa,x51756963e284aa,x51756963e284aa,x51756963e284aa,x51756963e284aa,x51756963e284aa,x51756963e284aa,x51756963e284aa,x71756963e284aa,x51756963e284aa,x51756963e284aa,x51756963e284aa,x71556963e284aa,null,null,null,null,null,null,null,null,null,null,null,null,null,null,null,null,null,null,x717569636b,x515549434b,x517549634b,x517569636b,null,x51756963e284aa,x71756963e284aa,x51756963e284aa,x71756963e284aa,x71756963e284aa,x71756963e284aa,x71756963e284aa,x71756963e284aa,x71756963e284aa,x71756963e284aa,x71756963e284aa,x71756963e284aa,x51756963e284aa,x51756963e284aa,x71756963e284aa,x71756963e284aa,x71756963e284aa,x71756963e284aa,x71756963e284aa,x71756963e284aa,x71756963e284aa,x71756963e284aa,x71756963e284aa,null,null,x51756963e284aa,null,x51756963e284aa,null,x71756963e284aa,x71756963e284aa,x51756963e284aa,null,null,null,x51756963e284aa,null,x51756963e284aa,null,x51756963e284aa,null,x71756963e284aa,x51756963e284aa,x51756963e284aa,x51756963e284aa,null,null,x51756963e284aa,x51756963e284aa,x51756963e284aa,x51756963e284aa,x51756963e284aa,x51756963e284aa,x51756963e284aa,x51756963e284aa,null,x51756963e284aa,x51756963e284aa,x51756963e284aa,x71756963e284aa,x71756963e284aa
CASE	regexp	[abc]	255	512
probes	0
parse	OK	[\u{5c}A\u{5c}a\u{5c}B\u{5c}b\u{5c}C\u{5c}c]
tree	REGEXP_CHAR_CLASS starts=[U+0041 U+0061 U+0042 U+0062 U+0043 U+0063] ends=[U+0041 U+0061 U+0042 U+0062 U+0043 U+0063]\u{a}
raw	2	2	1
rawdump	N,1/65/67,1/97/99;A
flags	0	0	0	1
nfarun	0111000000000000000000000000000000000000000000000000000000000000000000000000000000000000000000000000000000000000000000000000000
compiled	NORMAL	-	-	-1	0	0	0111000000000000000000000000000000000000000000000000000000000000000000000000000000000000000000000000000000000000000000000000000
compiled_floor	null,x61,x62,x63,x63,x63,x61,x61,x61,x61,x61,x61,x61,x61,x61,x63,x63,x63,x63,x63,x63,x61,x61,x61,x63,x62,x62,x61,x61,x61,x62,x63,x62,x62,x63,x63,x63,x63,x63,x61,x61,x61,x63,null,null,null,null,null,null,null,null,null,null,null,null,null,null,null,null,null,null,x63,x43,x43,x43,x43,x63,x63,x43,x63,x63,x63,x63,x63,x63,x63,x63,x63,x43,x43,x63,x63,x63,x63,x63,x63,x63,x63,x63,null,null,x43,null,x43,null,x63,x63,x61,null,null,null,x61,x43,x63,x43,x63,x43,x63,x61,x61,x61,null,null,x63,x63,x63,x63,x63,x63,x61,x61,null,x61,x61,x61,x63,x63
det	2	2	1
detdump	N,1/65/67,1/97/99;A
min	2	2
run	0111000000000000000000000000000000000000000000000000000000000000000000000000000000000000000000000000000000000000000000000000000
charrun	0111000000000000000000000000000000000000000000000000000000000000000000000000000000000000000000000000000000000000000000000000000
prefix	
singleton	null
topo	0,1
strings	6	A	B	C	a	b	c
compiled_det	NORMAL	-	-	-1	0	0	0111000000000000000000000000000000000000000000000000000000000000000000000000000000000000000000000000000000000000000000000000000
compiled_det_floor	null,x61,x62,x63,x63,x63,x61,x61,x61,x61,x61,x61,x61,x61,x61,x63,x63,x63,x63,x63,x63,x61,x61,x61,x63,x62,x62,x61,x61,x61,x62,x63,x62,x62,x63,x63,x63,x63,x63,x61,x61,x61,x63,null,null,null,null,null,null,null,null,null,null,null,null,null,null,null,null,null,null,x63,x43,x43,x43,x43,x63,x63,x43,x63,x63,x63,x63,x63,x63,x63,x63,x63,x43,x43,x63,x63,x63,x63,x63,x63,x63,x63,x63,null,null,x43,null,x43,null,x63,x63,x61,null,null,null,x61,x43,x63,x43,x63,x43,x63,x61,x61,x61,null,null,x63,x63,x63,x63,x63,x63,x61,x61,null,x61,x61,x61,x63,x63
CASE	regexp	[a-c]	255	512
probes	0
parse	OK	[\u{5c}a-\u{5c}c]
tree	REGEXP_CHAR_RANGE from=a to=c\u{a}
raw	2	1	1
rawdump	N,1/97/99;A
flags	0	0	0	1
nfarun	0111000000000000000000000000000000000000000000000000000000000000000000000000000000000000000000000000000000000000000000000000000
compiled	NORMAL	-	-	-1	0	0	0111000000000000000000000000000000000000000000000000000000000000000000000000000000000000000000000000000000000000000000000000000
compiled_floor	null,x61,x62,x63,x63,x63,x61,x61,x61,x61,x61,x61,x61,x61,x61,x63,x63,x63,x63,x63,x63,x61,x61,x61,x63,x62,x62,x61,x61,x61,x62,x63,x62,x62,x63,x63,x63,x63,x63,x61,x61,x61,x63,null,null,null,null,null,null,null,null,null,null,null,null,null,null,null,null,null,null,x63,null,null,null,null,x63,x63,null,x63,x63,x63,x63,x63,x63,x63,x63,x63,null,null,x63,x63,x63,x63,x63,x63,x63,x63,x63,null,null,null,null,null,null,x63,x63,x61,null,null,null,x61,null,x63,null,x63,null,x63,x61,x61,x61,null,null,x63,x63,x63,x63,x63,x63,x61,x61,null,x61,x61,x61,x63,x63
det	2	1	1
detdump	N,1/97/99;A
min	2	1
run	0111000000000000000000000000000000000000000000000000000000000000000000000000000000000000000000000000000000000000000000000000000
charrun	0111000000000000000000000000000000000000000000000000000000000000000000000000000000000000000000000000000000000000000000000000000
prefix	
singleton	null
topo	0,1
strings	3	a	b	c
compiled_det	NORMAL	-	-	-1	0	0	0111000000000000000000000000000000000000000000000000000000000000000000000000000000000000000000000000000000000000000000000000000
compiled_det_floor	null,x61,x62,x63,x63,x63,x61,x61,x61,x61,x61,x61,x61,x61,x61,x63,x63,x63,x63,x63,x63,x61,x61,x61,x63,x62,x62,x61,x61,x61,x62,x63,x62,x62,x63,x63,x63,x63,x63,x61,x61,x61,x63,null,null,null,null,null,null,null,null,null,null,null,null,null,null,null,null,null,null,x63,null,null,null,null,x63,x63,null,x63,x63,x63,x63,x63,x63,x63,x63,x63,null,null,x63,x63,x63,x63,x63,x63,x63,x63,x63,null,null,null,null,null,null,x63,x63,x61,null,null,null,x61,null,x63,null,x63,null,x63,x61,x61,x61,null,null,x63,x63,x63,x63,x63,x63,x61,x61,null,x61,x61,x61,x63,x63
CASE	regexp	k	255	512
probes	0
parse	OK	\u{5c}k
tree	REGEXP_CHAR char=k\u{a}
raw	2	3	1
rawdump	N,1/75/75,1/107/107,1/8490/8490;A
flags	0	0	0	1
nfarun	0000000000000000000000000000000000000000000000000000000000000000011100000000000000000000000000000000000000000000000000000000000
compiled	NORMAL	-	-	-1	0	0	0000000000000000000000000000000000000000000000000000000000000000011100000000000000000000000000000000000000000000000000000000000
compiled_floor	null,x4b,x4b,x4b,x4b,x4b,x4b,x4b,x4b,x4b,x4b,x4b,x4b,x4b,x4b,x6b,x6b,x6b,x6b,x6b,x6b,x4b,x4b,x4b,x4b,x4b,x4b,x4b,x4b,x4b,x4b,x4b,x4b,x4b,x4b,x4b,x4b,x4b,x6b,x4b,x4b,x4b,x6b,null,null,null,null,null,null,null,null,null,null,null,null,null,null,null,null,null,null,x6b,x4b,x4b,x4b,x4b,x6b,xe284aa,x4b,x6b,x6b,x6b,x6b,x6b,x6b,x6b,x6b,x6b,x4b,x4b,x6b,x6b,x6b,xe284aa,xe284aa,xe284aa,xe284aa,xe284aa,xe284aa,null,null,x4b,null,x4b,null,x6b,x6b,x4b,null,null,null,x4b,null,x4b,null,x6b,x4b,xe284aa,x4b,x4b,x4b,null,null,x4b,x4b,x4b,x4b,x4b,x4b,x4b,x4b,null,x4b,x4b,x4b,x6b,x6b
det	2	3	1
detdump	N,1/75/75,1/107/107,1/8490/8490;A
min	2	3
run	0000000000000000000000000000000000000000000000000000000000000000011100000000000000000000000000000000000000000000000000000000000
charrun	0000000000000000000000000000000000000000000000000000000000000000011100000000000000000000000000000000000000000000000000000000000
prefix	
singleton	null
topo	0,1
strings	3	K	k	\u{212a}
compiled_det	NORMAL	-	-	-1	0	0	0000000000000000000000000000000000000000000000000000000000000000011100000000000000000000000000000000000000000000000000000000000
compiled_det_floor	null,x4b,x4b,x4b,x4b,x4b,x4b,x4b,x4b,x4b,x4b,x4b,x4b,x4b,x4b,x6b,x6b,x6b,x6b,x6b,x6b,x4b,x4b,x4b,x4b,x4b,x4b,x4b,x4b,x4b,x4b,x4b,x4b,x4b,x4b,x4b,x4b,x4b,x6b,x4b,x4b,x4b,x6b,null,null,null,null,null,null,null,null,null,null,null,null,null,null,null,null,null,null,x6b,x4b,x4b,x4b,x4b,x6b,xe284aa,x4b,x6b,x6b,x6b,x6b,x6b,x6b,x6b,x6b,x6b,x4b,x4b,x6b,x6b,x6b,xe284aa,xe284aa,xe284aa,xe284aa,xe284aa,xe284aa,null,null,x4b,null,x4b,null,x6b,x6b,x4b,null,null,null,x4b,null,x4b,null,x6b,x4b,xe284aa,x4b,x4b,x4b,null,null,x4b,x4b,x4b,x4b,x4b,x4b,x4b,x4b,null,x4b,x4b,x4b,x6b,x6b
CASE	regexp	s	255	512
probes	0
parse	OK	\u{5c}s
tree	REGEXP_CHAR char=s\u{a}
raw	2	3	1
rawdump	N,1/83/83,1/115/115,1/383/383;A
flags	0	0	0	1
nfarun	0000000000000000000000000000000000000000000000000000000000000000000011100000000000000000000000000000000000000000000000000000000
compiled	NORMAL	-	-	-1	0	0	0000000000000000000000000000000000000000000000000000000000000000000011100000000000000000000000000000000000000000000000000000000
compiled_floor	null,x53,x53,x53,x53,x53,x53,x53,x53,x53,x53,x53,x53,x53,x53,x73,x53,x73,x73,x73,x73,x53,x53,x53,x53,x53,x53,x53,x53,x53,x53,x53,x53,x53,x53,x53,x53,x53,x73,x53,x53,x53,x53,null,null,null,null,null,null,null,null,null,null,null,null,null,null,null,null,null,null,x53,null,null,null,null,x53,xc5bf,x53,x73,xc5bf,xc5bf,xc5bf,xc5bf,xc5bf,xc5bf,xc5bf,x73,x53,x53,x73,x73,x73,xc5bf,xc5bf,xc5bf,xc5bf,xc5bf,xc5bf,null,null,x53,null,x53,null,x53,x73,x53,null,null,null,x53,null,x53,null,x53,null,xc5bf,x53,x53,x53,null,null,x53,x53,x53,x53,x53,x53,x53,x53,null,x53,x53,x53,x73,x73
det	2	3	1
detdump	N,1/83/83,1/115/115,1/383/383;A
min	2	3
run	0000000000000000000000000000000000000000000000000000000000000000000011100000000000000000000000000000000000000000000000000000000
charrun	0000000000000000000000000000000000000000000000000000000000000000000011100000000000000000000000000000000000000000000000000000000
prefix	
singleton	null
topo	0,1
strings	3	S	s	\u{17f}
compiled_det	NORMAL	-	-	-1	0	0	0000000000000000000000000000000000000000000000000000000000000000000011100000000000000000000000000000000000000000000000000000000
compiled_det_floor	null,x53,x53,x53,x53,x53,x53,x53,x53,x53,x53,x53,x53,x53,x53,x73,x53,x73,x73,x73,x73,x53,x53,x53,x53,x53,x53,x53,x53,x53,x53,x53,x53,x53,x53,x53,x53,x53,x73,x53,x53,x53,x53,null,null,null,null,null,null,null,null,null,null,null,null,null,null,null,null,null,null,x53,null,null,null,null,x53,xc5bf,x53,x73,xc5bf,xc5bf,xc5bf,xc5bf,xc5bf,xc5bf,xc5bf,x73,x53,x53,x73,x73,x73,xc5bf,xc5bf,xc5bf,xc5bf,xc5bf,xc5bf,null,null,x53,null,x53,null,x53,x73,x53,null,null,null,x53,null,x53,null,x53,null,xc5bf,x53,x53,x53,null,null,x53,x53,x53,x53,x53,x53,x53,x53,null,x53,x53,x53,x73,x73
CASE	regexp	\u{3c3}	255	512
probes	0
parse	OK	\u{5c}\u{3c3}
tree	REGEXP_CHAR char=\u{3c3}\u{a}
raw	2	2	1
rawdump	N,1/931/931,1/962/963;A
flags	0	0	0	1
nfarun	0000000000000000000000000000000000000000000000000000000000000000000000011100000000000000000000000000000000000000000000000000000
compiled	NORMAL	-	-	-1	0	0	0000000000000000000000000000000000000000000000000000000000000000000000011100000000000000000000000000000000000000000000000000000
compiled_floor	null,null,null,null,null,null,null,null,null,null,null,null,null,null,null,null,null,null,null,null,null,null,null,null,null,null,null,null,null,null,null,null,null,null,null,null,null,null,null,null,null,null,null,null,null,null,null,null,null,null,null,null,null,null,null,null,null,null,null,null,null,null,null,null,null,null,null,xcf83,null,null,null,xcea3,xcf83,xcf82,null,null,null,null,null,null,null,null,null,xcf83,xcf83,xcf83,xcf83,xcf83,xcf83,null,null,null,null,null,null,null,null,null,null,null,null,null,null,null,null,null,null,xcf83,null,null,null,null,null,null,null,null,null,null,null,null,null,null,null,null,null,null,null
det	2	2	1
detdump	N,1/931/931,1/962/963;A
min	2	2
run	0000000000000000000000000000000000000000000000000000000000000000000000011100000000000000000000000000000000000000000000000000000
charrun	0000000000000000000000000000000000000000000000000000000000000000000000011100000000000000000000000000000000000000000000000000000
prefix	
singleton	null
topo	0,1
strings	3	\u{3a3}	\u{3c2}	\u{3c3}
compiled_det	NORMAL	-	-	-1	0	0	0000000000000000000000000000000000000000000000000000000000000000000000011100000000000000000000000000000000000000000000000000000
compiled_det_floor	null,null,null,null,null,null,null,null,null,null,null,null,null,null,null,null,null,null,null,null,null,null,null,null,null,null,null,null,null,null,null,null,null,null,null,null,null,null,null,null,null,null,null,null,null,null,null,null,null,null,null,null,null,null,null,null,null,null,null,null,null,null,null,null,null,null,null,xcf83,null,null,null,xcea3,xcf83,xcf82,null,null,null,null,null,null,null,null,null,xcf83,xcf83,xcf83,xcf83,xcf83,xcf83,null,null,null,null,null,null,null,null,null,null,null,null,null,null,null,null,null,null,xcf83,null,null,null,null,null,null,null,null,null,null,null,null,null,null,null,null,null,null,null
CASE	regexp	\u{1c5}	255	512
probes	0
parse	OK	\u{5c}\u{1c5}
tree	REGEXP_CHAR char=\u{1c5}\u{a}
raw	2	1	1
rawdump	N,1/452/454;A
flags	0	0	0	1
nfarun	0000000000000000000000000000000000000000000000000000000000000000000000000011100000000000000000000000000000000000000000000000000
compiled	NORMAL	-	-	-1	0	0	0000000000000000000000000000000000000000000000000000000000000000000000000011100000000000000000000000000000000000000000000000000
compiled_floor	null,null,null,null,null,null,null,null,null,null,null,null,null,null,null,null,null,null,null,null,null,null,null,null,null,null,null,null,null,null,null,null,null,null,null,null,null,null,null,null,null,null,null,null,null,null,null,null,null,null,null,null,null,null,null,null,null,null,null,null,null,null,null,null,null,null,null,xc786,null,null,null,xc786,xc786,xc786,xc784,xc785,xc786,null,null,null,null,null,null,xc786,xc786,xc786,xc786,xc786,xc786,null,null,null,null,null,null,null,null,null,null,null,null,null,null,null,null,null,null,xc786,null,null,null,null,null,null,null,null,null,null,null,null,null,null,null,null,null,null,null
det	2	1	1
detdump	N,1/452/454;A
min	2	1
run	0000000000000000000000000000000000000000000000000000000000000000000000000011100000000000000000000000000000000000000000000000000
charrun	0000000000000000000000000000000000000000000000000000000000000000000000000011100000000000000000000000000000000000000000000000000
prefix	
singleton	null
topo	0,1
strings	3	\u{1c4}	\u{1c5}	\u{1c6}
compiled_det	NORMAL	-	-	-1	0	0	0000000000000000000000000000000000000000000000000000000000000000000000000011100000000000000000000000000000000000000000000000000
compiled_det_floor	null,null,null,null,null,null,null,null,null,null,null,null,null,null,null,null,null,null,null,null,null,null,null,null,null,null,null,null,null,null,null,null,null,null,null,null,null,null,null,null,null,null,null,null,null,null,null,null,null,null,null,null,null,null,null,null,null,null,null,null,null,null,null,null,null,null,null,xc786,null,null,null,xc786,xc786,xc786,xc784,xc785,xc786,null,null,null,null,null,null,xc786,xc786,xc786,xc786,xc786,xc786,null,null,null,null,null,null,null,null,null,null,null,null,null,null,null,null,null,null,xc786,null,null,null,null,null,null,null,null,null,null,null,null,null,null,null,null,null,null,null
CASE	regexp	stra\u{df}e	255	512
probes	0
parse	OK	"stra\u{df}e"
tree	REGEXP_STRING string=stra\u{df}e\u{a}
raw	7	13	1
rawdump	N,1/83/83,1/115/115,1/383/383;N,2/84/84,2/116/116;N,3/82/82,3/114/114;N,4/65/65,4/97/97;N,5/223/223,5/7838/7838;N,6/69/69,6/101/101;A
flags	0	0	0	1
nfarun	0000000000000000000000000000000000000000000000000000000000000000000000000000010100000000000000000000000000000000000000000000000
compiled	NORMAL	-	-	-1	0	0	0000000000000000000000000000000000000000000000000000000000000000000000000000010100000000000000000000000000000000000000000000000
compiled_floor	null,x53747261e1ba9e65,x53747261e1ba9e65,x53747261e1ba9e65,x53747261e1ba9e65,x53747261e1ba9e65,x53747261e1ba9e65,x53747261e1ba9e65,x53747261e1ba9e65,x53747261e1ba9e65,x53747261e1ba9e65,x53747261e1ba9e65,x53747261e1ba9e65,x53747261e1ba9e65,x53747261e1ba9e65,x73747261e1ba9e65,x53747261e1ba9e65,x73747261e1ba9e65,x73747261e1ba9e65,x73747261e1ba9e65,x73747261e1ba9e65,x53747261e1ba9e65,x53747261e1ba9e65,x53747261e1ba9e65,x53747261e1ba9e65,x53747261e1ba9e65,x53747261e1ba9e65,x53747261e1ba9e65,x53747261e1ba9e65,x53747261e1ba9e65,x53747261e1ba9e65,x53747261e1ba9e65,x53747261e1ba9e65,x53747261e1ba9e65,x53747261e1ba9e65,x53747261e1ba9e65,x53747261e1ba9e65,x53747261e1ba9e65,x73547261e1ba9e65,x53747261e1ba9e65,x53747261e1ba9e65,x53747261e1ba9e65,x53747261e1ba9e65,null,null,null,null,null,null,null,null,null,null,null,null,null,null,null,null,null,null,x53747261e1ba9e65,null,null,null,null,x53747261e1ba9e65,xc5bf747261e1ba9e65,null,x53747261e1ba9e65,x73747261e1ba9e65,xc5bf747261e1ba9e65,xc5bf747261e1ba9e65,xc5bf747261e1ba9e65,xc5bf747261e1ba9e65,xc5bf747261e1ba9e65,xc5bf747261e1ba9e65,x73747261c39f65,null,x53747261c39f65,x73747261e1ba9e65,x73747261e1ba9e65,x73747261e1ba9e65,xc5bf747261e1ba9e65,xc5bf747261e1ba9e65,xc5bf747261e1ba9e65,xc5bf747261e1ba9e65,xc5bf747261e1ba9e65,xc5bf747261e1ba9e65,null,null,x53747261e1ba9e65,null,x53747261e1ba9e65,null,x53747261e1ba9e65,x73747261e1ba9e65,x53747261e1ba9e65,null,null,null,x53747261e1ba9e65,null,x53747261e1ba9e65,null,x53747261e1ba9e65,null,xc5bf747261e1ba9e65,x53747261e1ba9e65,x53747261e1ba9e65,x53747261e1ba9e65,null,null,x53747261e1ba9e65,x53747261e1ba9e65,x53747261e1ba9e65,x53747261e1ba9e65,x53747261e1ba9e65,x53747261e1ba9e65,x53747261e1ba9e65,x53747261e1ba9e65,null,x53747261e1ba9e65,x53747261e1ba9e65,x53747261e1ba9e65,x73747261e1ba9e65,x73747261e1ba9e65
det	7	13	1
detdump	N,1/83/83,1/115/115,1/383/383;N,2/84/84,2/116/116;N,3/82/82,3/114/114;N,4/65/65,4/97/97;N,5/223/223,5/7838/7838;N,6/69/69,6/101/101;A
min	7	13
run	0000000000000000000000000000000000000000000000000000000000000000000000000000010100000000000000000000000000000000000000000000000
charrun	0000000000000000000000000000000000000000000000000000000000000000000000000000010100000000000000000000000000000000000000000000000
prefix	
singleton	null
topo	0,1,2,3,4,5,6
strings	50	STRA\u{df}E	STRA\u{df}e	STRA\u{1e9e}E	STRA\u{1e9e}e	STRa\u{df}E	STRa\u{df}e	STRa\u{1e9e}E	STRa\u{1e9e}e	STrA\u{df}E	STrA\u{df}e	STrA\u{1e9e}E	STrA\u{1e9e}e	STra\u{df}E	STra\u{df}e	STra\u{1e9e}E	STra\u{1e9e}e	StRA\u{df}E	StRA\u{df}e	StRA\u{1e9e}E	StRA\u{1e9e}e	StRa\u{df}E	StRa\u{df}e	StRa\u{1e9e}E	StRa\u{1e9e}e	StrA\u{df}E	StrA\u{df}e	StrA\u{1e9e}E	StrA\u{1e9e}e	Stra\u{df}E	Stra\u{df}e	Stra\u{1e9e}E	Stra\u{1e9e}e	sTRA\u{df}E	sTRA\u{df}e	sTRA\u{1e9e}E	sTRA\u{1e9e}e	sTRa\u{df}E	sTRa\u{df}e	sTRa\u{1e9e}E	sTRa\u{1e9e}e	sTrA\u{df}E	sTrA\u{df}e	sTrA\u{1e9e}E	sTrA\u{1e9e}e	sTra\u{df}E	sTra\u{df}e	sTra\u{1e9e}E	sTra\u{1e9e}e	stRA\u{df}E	stRA\u{df}e
compiled_det	NORMAL	-	-	-1	0	0	0000000000000000000000000000000000000000000000000000000000000000000000000000010100000000000000000000000000000000000000000000000
compiled_det_floor	null,x53747261e1ba9e65,x53747261e1ba9e65,x53747261e1ba9e65,x53747261e1ba9e65,x53747261e1ba9e65,x53747261e1ba9e65,x53747261e1ba9e65,x53747261e1ba9e65,x53747261e1ba9e65,x53747261e1ba9e65,x53747261e1ba9e65,x53747261e1ba9e65,x53747261e1ba9e65,x53747261e1ba9e65,x73747261e1ba9e65,x53747261e1ba9e65,x73747261e1ba9e65,x73747261e1ba9e65,x73747261e1ba9e65,x73747261e1ba9e65,x53747261e1ba9e65,x53747261e1ba9e65,x53747261e1ba9e65,x53747261e1ba9e65,x53747261e1ba9e65,x53747261e1ba9e65,x53747261e1ba9e65,x53747261e1ba9e65,x53747261e1ba9e65,x53747261e1ba9e65,x53747261e1ba9e65,x53747261e1ba9e65,x53747261e1ba9e65,x53747261e1ba9e65,x53747261e1ba9e65,x53747261e1ba9e65,x53747261e1ba9e65,x73547261e1ba9e65,x53747261e1ba9e65,x53747261e1ba9e65,x53747261e1ba9e65,x53747261e1ba9e65,null,null,null,null,null,null,null,null,null,null,null,null,null,null,null,null,null,null,x53747261e1ba9e65,null,null,null,null,x53747261e1ba9e65,xc5bf747261e1ba9e65,null,x53747261e1ba9e65,x73747261e1ba9e65,xc5bf747261e1ba9e65,xc5bf747261e1ba9e65,xc5bf747261e1ba9e65,xc5bf747261e1ba9e65,xc5bf747261e1ba9e65,xc5bf747261e1ba9e65,x73747261c39f65,null,x53747261c39f65,x73747261e1ba9e65,x73747261e1ba9e65,x73747261e1ba9e65,xc5bf747261e1ba9e65,xc5bf747261e1ba9e65,xc5bf747261e1ba9e65,xc5bf747261e1ba9e65,xc5bf747261e1ba9e65,xc5bf747261e1ba9e65,null,null,x53747261e1ba9e65,null,x53747261e1ba9e65,null,x53747261e1ba9e65,x73747261e1ba9e65,x53747261e1ba9e65,null,null,null,x53747261e1ba9e65,null,x53747261e1ba9e65,null,x53747261e1ba9e65,null,xc5bf747261e1ba9e65,x53747261e1ba9e65,x53747261e1ba9e65,x53747261e1ba9e65,null,null,x53747261e1ba9e65,x53747261e1ba9e65,x53747261e1ba9e65,x53747261e1ba9e65,x53747261e1ba9e65,x53747261e1ba9e65,x53747261e1ba9e65,x53747261e1ba9e65,null,x53747261e1ba9e65,x53747261e1ba9e65,x53747261e1ba9e65,x73747261e1ba9e65,x73747261e1ba9e65
CASE	regexp	hello world	255	512
probes	0
parse	OK	"hello world"
tree	REGEXP_STRING string=hello world\u{a}
raw	12	21	1
rawdump	N,1/72/72,1/104/104;N,2/69/69,2/101/101;N,3/76/76,3/108/108;N,4/76/76,4/108/108;N,5/79/79,5/111/111;N,6/32/32;N,7/87/87,7/119/119;N,8/79/79,8/111/111;N,9/82/82,9/114/114;N,10/76/76,10/108/108;N,11/68/68,11/100/100;A
flags	0	0	0	1
nfarun	0000000000000000000000000000000000000000000000000000000000000000000000000000000000000000000000000000000000000000010000000000000
compiled	NORMAL	-	-	-1	0	0	0000000000000000000000000000000000000000000000000000000000000000000000000000000000000000000000000000000000000000010000000000000
compiled_floor	null,x48656c6c6f20776f726c64,x48656c6c6f20776f726c64,x48656c6c6f20776f726c64,x48656c6c6f20776f726c64,x48656c6c6f20776f726c64,x48656c6c6f20776f726c64,x48656c6c6f20776f726c64,x48656c6c6f20776f726c64,x48656c6c6f20776f726c64,x48656c6c6f20776f726c64,x48656c6c6f20776f726c64,x48656c6c6f20776f726c64,x48656c6c6f20776f726c64,x48656c6c6f20776f726c64,x68656c6c6f20776f726c64,x68656c6c6f20776f726c64,x68656c6c6f20776f726c64,x68656c6c6f20776f726c64,x68656c6c6f20776f726c64,x68656c6c6f20776f726c64,x48656c6c6f20776f726c64,x48656c6c6f20776f726c64,x48656c6c6f20776f726c64,x48656c6c6f20776f726c64,x48656c6c6f20776f726c64,x48656c6c6f20776f726c64,x48656c6c6f20776f726c64,x48656c6c6f20776f726c64,x48656c6c6f20776f726c64,x48656c6c6f20776f726c64,x48656c6c6f20776f726c64,x48656c6c6f20776f726c64,x48656c6c6f20776f726c64,x48656c6c6f20776f726c64,x48656c6c6f20776f726c64,x48656c6c6f20776f726c64,x68656c6c6f20776f726c64,x68656c6c6f20776f726c64,x48656c6c6f20776f726c64,x48656c6c6f20776f726c64,x48656c6c6f20776f726c64,x68656c6c6f20776f726c64,null,null,null,null,null,null,null,null,null,null,null,null,null,null,null,null,null,null,x68656c6c6f20776f726c64,x48656c6c6f20776f726c64,x48656c6c6f20776f726c64,x48656c6c6f20776f726c64,x48656c6c6f20776f726c64,x68656c6c6f20776f726c64,x68656c6c6f20776f726c64,x48656c6c6f20776f726c64,x68656c6c6f20776f726c64,x68656c6c6f20776f726c64,x68656c6c6f20776f726c64,x68656c6c6f20776f726c64,x68656c6c6f20776f726c64,x68656c6c6f20776f726c64,x68656c6c6f20776f726c64,x68656c6c6f20776f726c64,x68656c6c6f20776f726c64,x48656c6c6f20776f726c64,x48656c6c6f20776f726c64,x68656c6c6f20776f726c64,x68656c6c6f20776f726c64,x68656c6c6f20776f726c64,x68656c6c6f20776f726c64,x68656c6c6f20776f726c64,x68656c6c6f20776f726c64,x68656c6c6f20776f726c64,x68656c6c6f20776f726c64,x68656c6c6f20776f726c64,null,null,x48656c6c6f20776f726c64,null,x48656c6c6f20776f726c64,null,x68656c6c6f20776f726c64,x68656c6c6f20776f726c64,x48656c6c6f20776f726c64,null,null,null,x48656c6c6f20776f726c64,x48656c6c4f20776f726c64,x68656c6c4f20776f726c64,null,x68656c6c6f20776f726c64,x48656c6c6f20776f726c64,x68656c6c6f20776f726c64,x48656c6c6f20776f726c64,x48656c6c6f20776f726c64,x48656c6c6f20776f726c64,null,null,x68656c6c6f20776f726c64,x48656c6c6f20776f726c64,x48656c6c6f20776f726c64,x48656c6c6f20776f726c64,x48656c6c6f20776f726c64,x48656c6c6f20776f726c64,x48656c6c6f20776f726c64,x48656c6c6f20776f726c64,null,x48656c6c6f20776f726c64,x48656c6c6f20776f726c64,x48656c6c6f20776f726c64,x68656c6c6f20776f726c64,x68656c6c6f20776f726c64
det	12	21	1
detdump	N,1/72/72,1/104/104;N,2/69/69,2/101/101;N,3/76/76,3/108/108;N,4/76/76,4/108/108;N,5/79/79,5/111/111;N,6/32/32;N,7/87/87,7/119/119;N,8/79/79,8/111/111;N,9/82/82,9/114/114;N,10/76/76,10/108/108;N,11/68/68,11/100/100;A
min	12	21
run	0000000000000000000000000000000000000000000000000000000000000000000000000000000000000000000000000000000000000000010000000000000
charrun	0000000000000000000000000000000000000000000000000000000000000000000000000000000000000000000000000000000000000000010000000000000
prefix	
singleton	null
topo	0,1,2,3,4,5,6,7,8,9,10,11
strings	50	HELLO WORLD	HELLO WORLd	HELLO WORlD	HELLO WORld	HELLO WOrLD	HELLO WOrLd	HELLO WOrlD	HELLO WOrld	HELLO WoRLD	HELLO WoRLd	HELLO WoRlD	HELLO WoRld	HELLO WorLD	HELLO WorLd	HELLO WorlD	HELLO World	HELLO wORLD	HELLO wORLd	HELLO wORlD	HELLO wORld	HELLO wOrLD	HELLO wOrLd	HELLO wOrlD	HELLO wOrld	HELLO woRLD	HELLO woRLd	HELLO woRlD	HELLO woRld	HELLO worLD	HELLO worLd	HELLO worlD	HELLO world	HELLo WORLD	HELLo WORLd	HELLo WORlD	HELLo WORld	HELLo WOrLD	HELLo WOrLd	HELLo WOrlD	HELLo WOrld	HELLo WoRLD	HELLo WoRLd	HELLo WoRlD	HELLo WoRld	HELLo WorLD	HELLo WorLd	HELLo WorlD	HELLo World	HELLo wORLD	HELLo wORLd
compiled_det	NORMAL	-	-	-1	0	0	0000000000000000000000000000000000000000000000000000000000000000000000000000000000000000000000000000000000000000010000000000000
compiled_det_floor	null,x48656c6c6f20776f726c64,x48656c6c6f20776f726c64,x48656c6c6f20776f726c64,x48656c6c6f20776f726c64,x48656c6c6f20776f726c64,x48656c6c6f20776f726c64,x48656c6c6f20776f726c64,x48656c6c6f20776f726c64,x48656c6c6f20776f726c64,x48656c6c6f20776f726c64,x48656c6c6f20776f726c64,x48656c6c6f20776f726c64,x48656c6c6f20776f726c64,x48656c6c6f20776f726c64,x68656c6c6f20776f726c64,x68656c6c6f20776f726c64,x68656c6c6f20776f726c64,x68656c6c6f20776f726c64,x68656c6c6f20776f726c64,x68656c6c6f20776f726c64,x48656c6c6f20776f726c64,x48656c6c6f20776f726c64,x48656c6c6f20776f726c64,x48656c6c6f20776f726c64,x48656c6c6f20776f726c64,x48656c6c6f20776f726c64,x48656c6c6f20776f726c64,x48656c6c6f20776f726c64,x48656c6c6f20776f726c64,x48656c6c6f20776f726c64,x48656c6c6f20776f726c64,x48656c6c6f20776f726c64,x48656c6c6f20776f726c64,x48656c6c6f20776f726c64,x48656c6c6f20776f726c64,x48656c6c6f20776f726c64,x68656c6c6f20776f726c64,x68656c6c6f20776f726c64,x48656c6c6f20776f726c64,x48656c6c6f20776f726c64,x48656c6c6f20776f726c64,x68656c6c6f20776f726c64,null,null,null,null,null,null,null,null,null,null,null,null,null,null,null,null,null,null,x68656c6c6f20776f726c64,x48656c6c6f20776f726c64,x48656c6c6f20776f726c64,x48656c6c6f20776f726c64,x48656c6c6f20776f726c64,x68656c6c6f20776f726c64,x68656c6c6f20776f726c64,x48656c6c6f20776f726c64,x68656c6c6f20776f726c64,x68656c6c6f20776f726c64,x68656c6c6f20776f726c64,x68656c6c6f20776f726c64,x68656c6c6f20776f726c64,x68656c6c6f20776f726c64,x68656c6c6f20776f726c64,x68656c6c6f20776f726c64,x68656c6c6f20776f726c64,x48656c6c6f20776f726c64,x48656c6c6f20776f726c64,x68656c6c6f20776f726c64,x68656c6c6f20776f726c64,x68656c6c6f20776f726c64,x68656c6c6f20776f726c64,x68656c6c6f20776f726c64,x68656c6c6f20776f726c64,x68656c6c6f20776f726c64,x68656c6c6f20776f726c64,x68656c6c6f20776f726c64,null,null,x48656c6c6f20776f726c64,null,x48656c6c6f20776f726c64,null,x68656c6c6f20776f726c64,x68656c6c6f20776f726c64,x48656c6c6f20776f726c64,null,null,null,x48656c6c6f20776f726c64,x48656c6c4f20776f726c64,x68656c6c4f20776f726c64,null,x68656c6c6f20776f726c64,x48656c6c6f20776f726c64,x68656c6c6f20776f726c64,x48656c6c6f20776f726c64,x48656c6c6f20776f726c64,x48656c6c6f20776f726c64,null,null,x68656c6c6f20776f726c64,x48656c6c6f20776f726c64,x48656c6c6f20776f726c64,x48656c6c6f20776f726c64,x48656c6c6f20776f726c64,x48656c6c6f20776f726c64,x48656c6c6f20776f726c64,x48656c6c6f20776f726c64,null,x48656c6c6f20776f726c64,x48656c6c6f20776f726c64,x48656c6c6f20776f726c64,x68656c6c6f20776f726c64,x68656c6c6f20776f726c64
CASE	regexp	k+s	255	512
probes	0
parse	OK	(\u{5c}k){1,}\u{5c}s
tree	REGEXP_CONCATENATION\u{a}  REGEXP_REPEAT_MIN min=1\u{a}    REGEXP_CHAR char=k\u{a}  REGEXP_CHAR char=s\u{a}
raw	4	15	1
rawdump	N,1/75/75,1/107/107,1/8490/8490;N,2/75/75,3/83/83,2/107/107,3/115/115,3/383/383,2/8490/8490;N,2/75/75,3/83/83,2/107/107,3/115/115,3/383/383,2/8490/8490;A
flags	0	0	0	0
nfarun	0000000000000000000000000000000000000000000000000000000000000000000000000000000000000000000000000000000001110000000000000000000
compiled	NORMAL	-	-	-1	0	0	0000000000000000000000000000000000000000000000000000000000000000000000000000000000000000000000000000000001110000000000000000000
compiled_floor	-
det	4	15	1
detdump	N,1/75/75,1/107/107,1/8490/8490;N,2/75/75,3/83/83,2/107/107,3/115/115,3/383/383,2/8490/8490;N,2/75/75,3/83/83,2/107/107,3/115/115,3/383/383,2/8490/8490;A
min	3	9
run	0000000000000000000000000000000000000000000000000000000000000000000000000000000000000000000000000000000001110000000000000000000
charrun	0000000000000000000000000000000000000000000000000000000000000000000000000000000000000000000000000000000001110000000000000000000
prefix	
singleton	null
compiled_det	NORMAL	-	-	-1	0	0	0000000000000000000000000000000000000000000000000000000000000000000000000000000000000000000000000000000001110000000000000000000
compiled_det_floor	-
CASE	regexp	[^k]	255	512
probes	0
parse	OK	(.&~([\u{5c}K\u{5c}k\u{5c}\u{212a}]))
tree	REGEXP_INTERSECTION\u{a}  REGEXP_ANYCHAR\u{a}  REGEXP_COMPLEMENT\u{a}    REGEXP_CHAR_CLASS starts=[U+004B U+006B U+212A] ends=[U+004B U+006B U+212A]\u{a}
raw	2	4	1
rawdump	N,1/0/74,1/76/106,1/108/8489,1/8491/1114111;A
flags	0	0	0	1
nfarun	0111110000000001110000000000000000000000000111000000000000100000000011111111100010100101011111100011000000000000100000000100001
compiled	NORMAL	-	-	-1	0	0	0111110000000001110000000000000000000000000111000000000000100000000011111111100010100101011111100011000000000000100000000100001
compiled_floor	null,x61,x62,x63,x64,x65,x61,x61,x61,x61,x61,x61,x61,x61,x61,x7a,x71,x78,x78,x78,x78,x61,x61,x61,x63,x62,x62,x61,x61,x61,x62,x66,x62,x62,x66,x66,x66,x69,x73,x61,x61,x61,x71,x31,x35,x39,x31,x30,x30,x30,x31,x31,x31,x35,x35,x30,x39,x30,x37,x31,x30,x71,x51,x51,x51,x4a,x6a,xe284a9,x53,x73,xc5bf,xcea3,xcf83,xcf82,xc784,xc785,xc786,x73,x53,x53,xc3a9,xc3a9,xc389,xe697a5,xe697a5,xf09f9880,xf09f9880,xf09f9881,xf09f9882,x09,x20,x5f,x2d,x5c,x2e,x71,x7e,x61,x23,x40,x3c,x61,x48,x68,x48,x6a,x4a,xe284a9,x61,x61,x61,x2a,x3f,x68,x63,x63,x64,x64,x63,x61,x61,x00,x61,x61,x61,x78,xc3bf
det	2	4	1
detdump	N,1/0/74,1/76/106,1/108/8489,1/8491/1114111;A
min	2	4
run	0111110000000001110000000000000000000000000111000000000000100000000011111111100010100101011111100011000000000000100000000100001
charrun	0111110000000001110000000000000000000000000111000000000000100000000011111111100010100101011111100011000000000000100000000100001
prefix	
singleton	null
topo	0,1
strings	50	\u{0}	\u{1}	\u{2}	\u{3}	\u{4}	\u{5}	\u{6}	\u{7}	\u{8}	\u{9}	\u{a}	\u{b}	\u{c}	\u{d}	\u{e}	\u{f}	\u{10}	\u{11}	\u{12}	\u{13}	\u{14}	\u{15}	\u{16}	\u{17}	\u{18}	\u{19}	\u{1a}	\u{1b}	\u{1c}	\u{1d}	\u{1e}	\u{1f}	 	!	"	#	$	%	&	'	(	)	*	+	,	-	.	/	0	1
compiled_det	NORMAL	-	-	-1	0	0	0111110000000001110000000000000000000000000111000000000000100000000011111111100010100101011111100011000000000000100000000100001
compiled_det_floor	null,x61,x62,x63,x64,x65,x61,x61,x61,x61,x61,x61,x61,x61,x61,x7a,x71,x78,x78,x78,x78,x61,x61,x61,x63,x62,x62,x61,x61,x61,x62,x66,x62,x62,x66,x66,x66,x69,x73,x61,x61,x61,x71,x31,x35,x39,x31,x30,x30,x30,x31,x31,x31,x35,x35,x30,x39,x30,x37,x31,x30,x71,x51,x51,x51,x4a,x6a,xe284a9,x53,x73,xc5bf,xcea3,xcf83,xcf82,xc784,xc785,xc786,x73,x53,x53,xc3a9,xc3a9,xc389,xe697a5,xe697a5,xf09f9880,xf09f9880,xf09f9881,xf09f9882,x09,x20,x5f,x2d,x5c,x2e,x71,x7e,x61,x23,x40,x3c,x61,x48,x68,x48,x6a,x4a,xe284a9,x61,x61,x61,x2a,x3f,x68,x63,x63,x64,x64,x63,x61,x61,x00,x61,x61,x61,x78,xc3bf
CASE	regexp	[a-c]	255	1024
probes	0
parse	OK	[\u{5c}A-\u{5c}C\u{5c}a-\u{5c}c]
tree	REGEXP_CHAR_CLASS starts=[U+0041 U+0061] ends=[U+0043 U+0063]\u{a}
raw	2	2	1
rawdump	N,1/65/67,1/97/99;A
flags	0	0	0	1
nfarun	0111000000000000000000000000000000000000000000000000000000000000000000000000000000000000000000000000000000000000000000000000000
compiled	NORMAL	-	-	-1	0	0	0111000000000000000000000000000000000000000000000000000000000000000000000000000000000000000000000000000000000000000000000000000
compiled_floor	null,x61,x62,x63,x63,x63,x61,x61,x61,x61,x61,x61,x61,x61,x61,x63,x63,x63,x63,x63,x63,x61,x61,x61,x63,x62,x62,x61,x61,x61,x62,x63,x62,x62,x63,x63,x63,x63,x63,x61,x61,x61,x63,null,null,null,null,null,null,null,null,null,null,null,null,null,null,null,null,null,null,x63,x43,x43,x43,x43,x63,x63,x43,x63,x63,x63,x63,x63,x63,x63,x63,x63,x43,x43,x63,x63,x63,x63,x63,x63,x63,x63,x63,null,null,x43,null,x43,null,x63,x63,x61,null,null,null,x61,x43,x63,x43,x63,x43,x63,x61,x61,x61,null,null,x63,x63,x63,x63,x63,x63,x61,x61,null,x61,x61,x61,x63,x63
det	2	2	1
detdump	N,1/65/67,1/97/99;A
min	2	2
run	0111000000000000000000000000000000000000000000000000000000000000000000000000000000000000000000000000000000000000000000000000000
charrun	0111000000000000000000000000000000000000000000000000000000000000000000000000000000000000000000000000000000000000000000000000000
prefix	
singleton	null
topo	0,1
strings	6	A	B	C	a	b	c
compiled_det	NORMAL	-	-	-1	0	0	0111000000000000000000000000000000000000000000000000000000000000000000000000000000000000000000000000000000000000000000000000000
compiled_det_floor	null,x61,x62,x63,x63,x63,x61,x61,x61,x61,x61,x61,x61,x61,x61,x63,x63,x63,x63,x63,x63,x61,x61,x61,x63,x62,x62,x61,x61,x61,x62,x63,x62,x62,x63,x63,x63,x63,x63,x61,x61,x61,x63,null,null,null,null,null,null,null,null,null,null,null,null,null,null,null,null,null,null,x63,x43,x43,x43,x43,x63,x63,x43,x63,x63,x63,x63,x63,x63,x63,x63,x63,x43,x43,x63,x63,x63,x63,x63,x63,x63,x63,x63,null,null,x43,null,x43,null,x63,x63,x61,null,null,null,x61,x43,x63,x43,x63,x43,x63,x61,x61,x61,null,null,x63,x63,x63,x63,x63,x63,x61,x61,null,x61,x61,x61,x63,x63
CASE	regexp	[a-c]	255	1536
probes	0
parse	OK	[\u{5c}A-\u{5c}C\u{5c}a-\u{5c}c]
tree	REGEXP_CHAR_CLASS starts=[U+0041 U+0061] ends=[U+0043 U+0063]\u{a}
raw	2	2	1
rawdump	N,1/65/67,1/97/99;A
flags	0	0	0	1
nfarun	0111000000000000000000000000000000000000000000000000000000000000000000000000000000000000000000000000000000000000000000000000000
compiled	NORMAL	-	-	-1	0	0	0111000000000000000000000000000000000000000000000000000000000000000000000000000000000000000000000000000000000000000000000000000
compiled_floor	null,x61,x62,x63,x63,x63,x61,x61,x61,x61,x61,x61,x61,x61,x61,x63,x63,x63,x63,x63,x63,x61,x61,x61,x63,x62,x62,x61,x61,x61,x62,x63,x62,x62,x63,x63,x63,x63,x63,x61,x61,x61,x63,null,null,null,null,null,null,null,null,null,null,null,null,null,null,null,null,null,null,x63,x43,x43,x43,x43,x63,x63,x43,x63,x63,x63,x63,x63,x63,x63,x63,x63,x43,x43,x63,x63,x63,x63,x63,x63,x63,x63,x63,null,null,x43,null,x43,null,x63,x63,x61,null,null,null,x61,x43,x63,x43,x63,x43,x63,x61,x61,x61,null,null,x63,x63,x63,x63,x63,x63,x61,x61,null,x61,x61,x61,x63,x63
det	2	2	1
detdump	N,1/65/67,1/97/99;A
min	2	2
run	0111000000000000000000000000000000000000000000000000000000000000000000000000000000000000000000000000000000000000000000000000000
charrun	0111000000000000000000000000000000000000000000000000000000000000000000000000000000000000000000000000000000000000000000000000000
prefix	
singleton	null
topo	0,1
strings	6	A	B	C	a	b	c
compiled_det	NORMAL	-	-	-1	0	0	0111000000000000000000000000000000000000000000000000000000000000000000000000000000000000000000000000000000000000000000000000000
compiled_det_floor	null,x61,x62,x63,x63,x63,x61,x61,x61,x61,x61,x61,x61,x61,x61,x63,x63,x63,x63,x63,x63,x61,x61,x61,x63,x62,x62,x61,x61,x61,x62,x63,x62,x62,x63,x63,x63,x63,x63,x61,x61,x61,x63,null,null,null,null,null,null,null,null,null,null,null,null,null,null,null,null,null,null,x63,x43,x43,x43,x43,x63,x63,x43,x63,x63,x63,x63,x63,x63,x63,x63,x63,x43,x43,x63,x63,x63,x63,x63,x63,x63,x63,x63,null,null,x43,null,x43,null,x63,x63,x61,null,null,null,x61,x43,x63,x43,x63,x43,x63,x61,x61,x61,null,null,x63,x63,x63,x63,x63,x63,x61,x61,null,x61,x61,x61,x63,x63
CASE	regexp	[k-m]	255	1024
probes	0
parse	OK	[\u{5c}K-\u{5c}M\u{5c}k-\u{5c}m\u{5c}\u{212a}]
tree	REGEXP_CHAR_CLASS starts=[U+004B U+006B U+212A] ends=[U+004D U+006D U+212A]\u{a}
raw	2	3	1
rawdump	N,1/75/77,1/107/109,1/8490/8490;A
flags	0	0	0	1
nfarun	0000000000000000000000000000000000000000000000000000000000000000011100000000000000000000000000000000000000000000000000000000000
compiled	NORMAL	-	-	-1	0	0	0000000000000000000000000000000000000000000000000000000000000000011100000000000000000000000000000000000000000000000000000000000
compiled_floor	null,x4d,x4d,x4d,x4d,x4d,x4d,x4d,x4d,x4d,x4d,x4d,x4d,x4d,x4d,x6d,x6d,x6d,x6d,x6d,x6d,x4d,x4d,x4d,x4d,x4d,x4d,x4d,x4d,x4d,x4d,x4d,x4d,x4d,x4d,x4d,x4d,x4d,x6d,x4d,x4d,x4d,x6d,null,null,null,null,null,null,null,null,null,null,null,null,null,null,null,null,null,null,x6d,x4d,x4d,x4d,x4b,x6b,xe284aa,x4d,x6d,x6d,x6d,x6d,x6d,x6d,x6d,x6d,x6d,x4d,x4d,x6d,x6d,x6d,xe284aa,xe284aa,xe284aa,xe284aa,xe284aa,xe284aa,null,null,x4d,null,x4d,null,x6d,x6d,x4d,null,null,null,x4d,null,x4d,null,x6b,x4b,xe284aa,x4d,x4d,x4d,null,null,x4d,x4d,x4d,x4d,x4d,x4d,x4d,x4d,null,x4d,x4d,x4d,x6d,x6d
det	2	3	1
detdump	N,1/75/77,1/107/109,1/8490/8490;A
min	2	3
run	0000000000000000000000000000000000000000000000000000000000000000011100000000000000000000000000000000000000000000000000000000000
charrun	0000000000000000000000000000000000000000000000000000000000000000011100000000000000000000000000000000000000000000000000000000000
prefix	
singleton	null
topo	0,1
strings	7	K	L	M	k	l	m	\u{212a}
compiled_det	NORMAL	-	-	-1	0	0	0000000000000000000000000000000000000000000000000000000000000000011100000000000000000000000000000000000000000000000000000000000
compiled_det_floor	null,x4d,x4d,x4d,x4d,x4d,x4d,x4d,x4d,x4d,x4d,x4d,x4d,x4d,x4d,x6d,x6d,x6d,x6d,x6d,x6d,x4d,x4d,x4d,x4d,x4d,x4d,x4d,x4d,x4d,x4d,x4d,x4d,x4d,x4d,x4d,x4d,x4d,x6d,x4d,x4d,x4d,x6d,null,null,null,null,null,null,null,null,null,null,null,null,null,null,null,null,null,null,x6d,x4d,x4d,x4d,x4b,x6b,xe284aa,x4d,x6d,x6d,x6d,x6d,x6d,x6d,x6d,x6d,x6d,x4d,x4d,x6d,x6d,x6d,xe284aa,xe284aa,xe284aa,xe284aa,xe284aa,xe284aa,null,null,x4d,null,x4d,null,x6d,x6d,x4d,null,null,null,x4d,null,x4d,null,x6b,x4b,xe284aa,x4d,x4d,x4d,null,null,x4d,x4d,x4d,x4d,x4d,x4d,x4d,x4d,null,x4d,x4d,x4d,x6d,x6d
CASE	regexp	[k-m]	255	1536
probes	0
parse	OK	[\u{5c}K-\u{5c}M\u{5c}k-\u{5c}m\u{5c}\u{212a}]
tree	REGEXP_CHAR_CLASS starts=[U+004B U+006B U+212A] ends=[U+004D U+006D U+212A]\u{a}
raw	2	3	1
rawdump	N,1/75/77,1/107/109,1/8490/8490;A
flags	0	0	0	1
nfarun	0000000000000000000000000000000000000000000000000000000000000000011100000000000000000000000000000000000000000000000000000000000
compiled	NORMAL	-	-	-1	0	0	0000000000000000000000000000000000000000000000000000000000000000011100000000000000000000000000000000000000000000000000000000000
compiled_floor	null,x4d,x4d,x4d,x4d,x4d,x4d,x4d,x4d,x4d,x4d,x4d,x4d,x4d,x4d,x6d,x6d,x6d,x6d,x6d,x6d,x4d,x4d,x4d,x4d,x4d,x4d,x4d,x4d,x4d,x4d,x4d,x4d,x4d,x4d,x4d,x4d,x4d,x6d,x4d,x4d,x4d,x6d,null,null,null,null,null,null,null,null,null,null,null,null,null,null,null,null,null,null,x6d,x4d,x4d,x4d,x4b,x6b,xe284aa,x4d,x6d,x6d,x6d,x6d,x6d,x6d,x6d,x6d,x6d,x4d,x4d,x6d,x6d,x6d,xe284aa,xe284aa,xe284aa,xe284aa,xe284aa,xe284aa,null,null,x4d,null,x4d,null,x6d,x6d,x4d,null,null,null,x4d,null,x4d,null,x6b,x4b,xe284aa,x4d,x4d,x4d,null,null,x4d,x4d,x4d,x4d,x4d,x4d,x4d,x4d,null,x4d,x4d,x4d,x6d,x6d
det	2	3	1
detdump	N,1/75/77,1/107/109,1/8490/8490;A
min	2	3
run	0000000000000000000000000000000000000000000000000000000000000000011100000000000000000000000000000000000000000000000000000000000
charrun	0000000000000000000000000000000000000000000000000000000000000000011100000000000000000000000000000000000000000000000000000000000
prefix	
singleton	null
topo	0,1
strings	7	K	L	M	k	l	m	\u{212a}
compiled_det	NORMAL	-	-	-1	0	0	0000000000000000000000000000000000000000000000000000000000000000011100000000000000000000000000000000000000000000000000000000000
compiled_det_floor	null,x4d,x4d,x4d,x4d,x4d,x4d,x4d,x4d,x4d,x4d,x4d,x4d,x4d,x4d,x6d,x6d,x6d,x6d,x6d,x6d,x4d,x4d,x4d,x4d,x4d,x4d,x4d,x4d,x4d,x4d,x4d,x4d,x4d,x4d,x4d,x4d,x4d,x6d,x4d,x4d,x4d,x6d,null,null,null,null,null,null,null,null,null,null,null,null,null,null,null,null,null,null,x6d,x4d,x4d,x4d,x4b,x6b,xe284aa,x4d,x6d,x6d,x6d,x6d,x6d,x6d,x6d,x6d,x6d,x4d,x4d,x6d,x6d,x6d,xe284aa,xe284aa,xe284aa,xe284aa,xe284aa,xe284aa,null,null,x4d,null,x4d,null,x6d,x6d,x4d,null,null,null,x4d,null,x4d,null,x6b,x4b,xe284aa,x4d,x4d,x4d,null,null,x4d,x4d,x4d,x4d,x4d,x4d,x4d,x4d,null,x4d,x4d,x4d,x6d,x6d
CASE	regexp	[a-cQ]	255	1024
probes	0
parse	OK	[\u{5c}A-\u{5c}C\u{5c}a-\u{5c}c\u{5c}Q]
tree	REGEXP_CHAR_CLASS starts=[U+0041 U+0061 U+0051] ends=[U+0043 U+0063 U+0051]\u{a}
raw	2	3	1
rawdump	N,1/65/67,1/81/81,1/97/99;A
flags	0	0	0	1
nfarun	0111000000000000000000000000000000000000000000000000000000000000000000000000000000000000000000000000000000000000000000000000000
compiled	NORMAL	-	-	-1	0	0	0111000000000000000000000000000000000000000000000000000000000000000000000000000000000000000000000000000000000000000000000000000
compiled_floor	null,x61,x62,x63,x63,x63,x61,x61,x61,x61,x61,x61,x61,x61,x61,x63,x63,x63,x63,x63,x63,x61,x61,x61,x63,x62,x62,x61,x61,x61,x62,x63,x62,x62,x63,x63,x63,x63,x63,x61,x61,x61,x63,null,null,null,null,null,null,null,null,null,null,null,null,null,null,null,null,null,null,x63,x51,x51,x51,x43,x63,x63,x51,x63,x63,x63,x63,x63,x63,x63,x63,x63,x51,x51,x63,x63,x63,x63,x63,x63,x63,x63,x63,null,null,x51,null,x51,null,x63,x63,x61,null,null,null,x61,x43,x63,x43,x63,x43,x63,x61,x61,x61,null,null,x63,x63,x63,x63,x63,x63,x61,x61,null,x61,x61,x61,x63,x63
det	2	3	1
detdump	N,1/65/67,1/81/81,1/97/99;A
min	2	3
run	0111000000000000000000000000000000000000000000000000000000000000000000000000000000000000000000000000000000000000000000000000000
charrun	0111000000000000000000000000000000000000000000000000000000000000000000000000000000000000000000000000000000000000000000000000000
prefix	
singleton	null
topo	0,1
strings	7	A	B	C	Q	a	b	c
compiled_det	NORMAL	-	-	-1	0	0	0111000000000000000000000000000000000000000000000000000000000000000000000000000000000000000000000000000000000000000000000000000
compiled_det_floor	null,x61,x62,x63,x63,x63,x61,x61,x61,x61,x61,x61,x61,x61,x61,x63,x63,x63,x63,x63,x63,x61,x61,x61,x63,x62,x62,x61,x61,x61,x62,x63,x62,x62,x63,x63,x63,x63,x63,x61,x61,x61,x63,null,null,null,null,null,null,null,null,null,null,null,null,null,null,null,null,null,null,x63,x51,x51,x51,x43,x63,x63,x51,x63,x63,x63,x63,x63,x63,x63,x63,x63,x51,x51,x63,x63,x63,x63,x63,x63,x63,x63,x63,null,null,x51,null,x51,null,x63,x63,x61,null,null,null,x61,x43,x63,x43,x63,x43,x63,x61,x61,x61,null,null,x63,x63,x63,x63,x63,x63,x61,x61,null,x61,x61,x61,x63,x63
CASE	regexp	[a-cQ]	255	1536
probes	0
parse	OK	[\u{5c}A-\u{5c}C\u{5c}a-\u{5c}c\u{5c}Q\u{5c}q]
tree	REGEXP_CHAR_CLASS starts=[U+0041 U+0061 U+0051 U+0071] ends=[U+0043 U+0063 U+0051 U+0071]\u{a}
raw	2	4	1
rawdump	N,1/65/67,1/81/81,1/97/99,1/113/113;A
flags	0	0	0	1
nfarun	0111000000000000100000000000000000000000000000000000000000000000000000000000000000000000000000000000000000000000000000000000000
compiled	NORMAL	-	-	-1	0	0	0111000000000000100000000000000000000000000000000000000000000000000000000000000000000000000000000000000000000000000000000000000
compiled_floor	null,x61,x62,x63,x63,x63,x61,x61,x61,x61,x61,x61,x61,x61,x61,x71,x71,x71,x71,x71,x71,x61,x61,x61,x63,x62,x62,x61,x61,x61,x62,x63,x62,x62,x63,x63,x63,x63,x71,x61,x61,x61,x71,null,null,null,null,null,null,null,null,null,null,null,null,null,null,null,null,null,null,x71,x51,x51,x51,x43,x63,x71,x51,x71,x71,x71,x71,x71,x71,x71,x71,x71,x51,x51,x71,x71,x71,x71,x71,x71,x71,x71,x71,null,null,x51,null,x51,null,x71,x71,x61,null,null,null,x61,x43,x63,x43,x63,x43,x71,x61,x61,x61,null,null,x63,x63,x63,x63,x63,x63,x61,x61,null,x61,x61,x61,x71,x71
det	2	4	1
detdump	N,1/65/67,1/81/81,1/97/99,1/113/113;A
min	2	4
run	0111000000000000100000000000000000000000000000000000000000000000000000000000000000000000000000000000000000000000000000000000000
charrun	0111000000000000100000000000000000000000000000000000000000000000000000000000000000000000000000000000000000000000000000000000000
prefix	
singleton	null
topo	0,1
strings	8	A	B	C	Q	a	b	c	q
compiled_det	NORMAL	-	-	-1	0	0	0111000000000000100000000000000000000000000000000000000000000000000000000000000000000000000000000000000000000000000000000000000
compiled_det_floor	null,x61,x62,x63,x63,x63,x61,x61,x61,x61,x61,x61,x61,x61,x61,x71,x71,x71,x71,x71,x71,x61,x61,x61,x63,x62,x62,x61,x61,x61,x62,x63,x62,x62,x63,x63,x63,x63,x71,x61,x61,x61,x71,null,null,null,null,null,null,null,null,null,null,null,null,null,null,null,null,null,null,x71,x51,x51,x51,x43,x63,x71,x51,x71,x71,x71,x71,x71,x71,x71,x71,x71,x51,x51,x71,x71,x71,x71,x71,x71,x71,x71,x71,null,null,x51,null,x51,null,x71,x71,x61,null,null,null,x61,x43,x63,x43,x63,x43,x71,x61,x61,x61,null,null,x63,x63,x63,x63,x63,x63,x61,x61,null,x61,x61,x61,x71,x71
CASE	regexp	Hello	255	256
probes	0
parse	OK	"Hello"
tree	REGEXP_STRING string=Hello\u{a}
raw	6	10	1
rawdump	N,1/72/72,1/104/104;N,2/69/69,2/101/101;N,3/76/76,3/108/108;N,4/76/76,4/108/108;N,5/79/79,5/111/111;A
flags	0	0	0	1
nfarun	0000000000000000000000000000000000000000000000000000000000000000000000000000000000000000000000000000001110000000000000000000000
compiled	NORMAL	-	-	-1	0	0	0000000000000000000000000000000000000000000000000000000000000000000000000000000000000000000000000000001110000000000000000000000
compiled_floor	null,x48656c6c6f,x48656c6c6f,x48656c6c6f,x48656c6c6f,x48656c6c6f,x48656c6c6f,x48656c6c6f,x48656c6c6f,x48656c6c6f,x48656c6c6f,x48656c6c6f,x48656c6c6f,x48656c6c6f,x48656c6c6f,x68656c6c6f,x68656c6c6f,x68656c6c6f,x68656c6c6f,x68656c6c6f,x68656c6c6f,x48656c6c6f,x48656c6c6f,x48656c6c6f,x48656c6c6f,x48656c6c6f,x48656c6c6f,x48656c6c6f,x48656c6c6f,x48656c6c6f,x48656c6c6f,x48656c6c6f,x48656c6c6f,x48656c6c6f,x48656c6c6f,x48656c6c6f,x48656c6c6f,x68656c6c6f,x68656c6c6f,x48656c6c6f,x48656c6c6f,x48656c6c6f,x68656c6c6f,null,null,null,null,null,null,null,null,null,null,null,null,null,null,null,null,null,null,x68656c6c6f,x48656c6c6f,x48656c6c6f,x48656c6c6f,x48656c6c6f,x68656c6c6f,x68656c6c6f,x48656c6c6f,x68656c6c6f,x68656c6c6f,x68656c6c6f,x68656c6c6f,x68656c6c6f,x68656c6c6f,x68656c6c6f,x68656c6c6f,x68656c6c6f,x48656c6c6f,x48656c6c6f,x68656c6c6f,x68656c6c6f,x68656c6c6f,x68656c6c6f,x68656c6c6f,x68656c6c6f,x68656c6c6f,x68656c6c6f,x68656c6c6f,null,null,x48656c6c6f,null,x48656c6c6f,null,x68656c6c6f,x68656c6c6f,x48656c6c6f,null,null,null,x48656c6c6f,x48656c6c6f,x68656c6c6f,x48454c4c4f,x68656c6c6f,x48656c6c6f,x68656c6c6f,x48656c6c6f,x48656c6c6f,x48656c6c6f,null,null,x68656c6c6f,x48656c6c6f,x48656c6c6f,x48656c6c6f,x48656c6c6f,x48656c6c6f,x48656c6c6f,x48656c6c6f,null,x48656c6c6f,x48656c6c6f,x48656c6c6f,x68656c6c6f,x68656c6c6f
det	6	10	1
detdump	N,1/72/72,1/104/104;N,2/69/69,2/101/101;N,3/76/76,3/108/108;N,4/76/76,4/108/108;N,5/79/79,5/111/111;A
min	6	10
run	0000000000000000000000000000000000000000000000000000000000000000000000000000000000000000000000000000001110000000000000000000000
charrun	0000000000000000000000000000000000000000000000000000000000000000000000000000000000000000000000000000001110000000000000000000000
prefix	
singleton	null
topo	0,1,2,3,4,5
strings	32	HELLO	HELLo	HELlO	HELlo	HElLO	HElLo	HEllO	HEllo	HeLLO	HeLLo	HeLlO	HeLlo	HelLO	HelLo	HellO	Hello	hELLO	hELLo	hELlO	hELlo	hElLO	hElLo	hEllO	hEllo	heLLO	heLLo	heLlO	heLlo	helLO	helLo	hellO	hello
compiled_det	NORMAL	-	-	-1	0	0	0000000000000000000000000000000000000000000000000000000000000000000000000000000000000000000000000000001110000000000000000000000
compiled_det_floor	null,x48656c6c6f,x48656c6c6f,x48656c6c6f,x48656c6c6f,x48656c6c6f,x48656c6c6f,x48656c6c6f,x48656c6c6f,x48656c6c6f,x48656c6c6f,x48656c6c6f,x48656c6c6f,x48656c6c6f,x48656c6c6f,x68656c6c6f,x68656c6c6f,x68656c6c6f,x68656c6c6f,x68656c6c6f,x68656c6c6f,x48656c6c6f,x48656c6c6f,x48656c6c6f,x48656c6c6f,x48656c6c6f,x48656c6c6f,x48656c6c6f,x48656c6c6f,x48656c6c6f,x48656c6c6f,x48656c6c6f,x48656c6c6f,x48656c6c6f,x48656c6c6f,x48656c6c6f,x48656c6c6f,x68656c6c6f,x68656c6c6f,x48656c6c6f,x48656c6c6f,x48656c6c6f,x68656c6c6f,null,null,null,null,null,null,null,null,null,null,null,null,null,null,null,null,null,null,x68656c6c6f,x48656c6c6f,x48656c6c6f,x48656c6c6f,x48656c6c6f,x68656c6c6f,x68656c6c6f,x48656c6c6f,x68656c6c6f,x68656c6c6f,x68656c6c6f,x68656c6c6f,x68656c6c6f,x68656c6c6f,x68656c6c6f,x68656c6c6f,x68656c6c6f,x48656c6c6f,x48656c6c6f,x68656c6c6f,x68656c6c6f,x68656c6c6f,x68656c6c6f,x68656c6c6f,x68656c6c6f,x68656c6c6f,x68656c6c6f,x68656c6c6f,null,null,x48656c6c6f,null,x48656c6c6f,null,x68656c6c6f,x68656c6c6f,x48656c6c6f,null,null,null,x48656c6c6f,x48656c6c6f,x68656c6c6f,x48454c4c4f,x68656c6c6f,x48656c6c6f,x68656c6c6f,x48656c6c6f,x48656c6c6f,x48656c6c6f,null,null,x68656c6c6f,x48656c6c6f,x48656c6c6f,x48656c6c6f,x48656c6c6f,x48656c6c6f,x48656c6c6f,x48656c6c6f,null,x48656c6c6f,x48656c6c6f,x48656c6c6f,x68656c6c6f,x68656c6c6f
CASE	regexp	a	256	0
probes	0
parse	ERR	Illegal syntax flag
CASE	regexp	a	255	1
probes	0
parse	ERR	Illegal match flag
CASE	lev		0	0	
probes	6		x	y	xx	xxx	yy
raw	1	0	1
rawdump	A
flags	0	0	0	1
nfarun	1000000000000000000000000000000000000000000000000000000000000000000000000000000000000000000000000000000000000000000000000000000100000
compiled	SINGLE	x	-	-1	1	0	-
compiled_floor	-
det	1	0	1
detdump	A
min	1	0
run	1000000000000000000000000000000000000000000000000000000000000000000000000000000000000000000000000000000000000000000000000000000100000
charrun	1000000000000000000000000000000000000000000000000000000000000000000000000000000000000000000000000000000000000000000000000000000100000
prefix	
singleton	
topo	0
strings	1	
compiled_det	SINGLE	x	-	-1	1	0	-
compiled_det_floor	-
CASE	lev		0	1	
probes	6		x	y	xx	xxx	yy
raw	1	0	1
rawdump	A
flags	0	0	0	1
nfarun	1000000000000000000000000000000000000000000000000000000000000000000000000000000000000000000000000000000000000000000000000000000100000
compiled	SINGLE	x	-	-1	1	0	-
compiled_floor	-
det	1	0	1
detdump	A
min	1	0
run	1000000000000000000000000000000000000000000000000000000000000000000000000000000000000000000000000000000000000000000000000000000100000
charrun	1000000000000000000000000000000000000000000000000000000000000000000000000000000000000000000000000000000000000000000000000000000100000
prefix	
singleton	
topo	0
strings	1	
compiled_det	SINGLE	x	-	-1	1	0	-
compiled_det_floor	-
CASE	lev		1	0	
probes	6		x	y	xx	xxx	yy
raw	2	1	1
rawdump	A,1/0/1114111;A
flags	0	0	0	1
nfarun	1111110000000001110000000000000000000000000111000000000000100000011111111111100010100101011111100011000000000000100000000100001111000
compiled	NORMAL	-	-	-1	0	0	1111110000000001110000000000000000000000000111000000000000100000011111111111100010100101011111100011000000000000100000000100001111000
compiled_floor	x,x61,x62,x63,x64,x65,x61,x61,x61,x61,x61,x61,x61,x61,x61,x7a,x71,x78,x78,x78,x78,x61,x61,x61,x63,x62,x62,x61,x61,x61,x62,x66,x62,x62,x66,x66,x66,x69,x73,x61,x61,x61,x71,x31,x35,x39,x31,x30,x30,x30,x31,x31,x31,x35,x35,x30,x39,x30,x37,x31,x30,x71,x51,x51,x51,x4b,x6b,xe284aa,x53,x73,xc5bf,xcea3,xcf83,xcf82,xc784,xc785,xc786,x73,x53,x53,xc3a9,xc3a9,xc389,xe697a5,xe697a5,xf09f9880,xf09f9880,xf09f9881,xf09f9882,x09,x20,x5f,x2d,x5c,x2e,x71,x7e,x61,x23,x40,x3c,x61,x48,x68,x48,x6b,x4b,xe284aa,x61,x61,x61,x2a,x3f,x68,x63,x63,x64,x64,x63,x61,x61,x00,x61,x61,x61,x78,xc3bf,x,x78,x79,x78,x78,x79
det	2	1	1
detdump	A,1/0/1114111;A
min	2	1
run	1111110000000001110000000000000000000000000111000000000000100000011111111111100010100101011111100011000000000000100000000100001111000
charrun	1111110000000001110000000000000000000000000111000000000000100000011111111111100010100101011111100011000000000000100000000100001111000
prefix	
singleton	null
topo	0,1
strings	50		\u{0}	\u{1}	\u{2}	\u{3}	\u{4}	\u{5}	\u{6}	\u{7}	\u{8}	\u{9}	\u{a}	\u{b}	\u{c}	\u{d}	\u{e}	\u{f}	\u{10}	\u{11}	\u{12}	\u{13}	\u{14}	\u{15}	\u{16}	\u{17}	\u{18}	\u{19}	\u{1a}	\u{1b}	\u{1c}	\u{1d}	\u{1e}	\u{1f}	 	!	"	#	$	%	&	'	(	)	*	+	,	-	.	/	0
compiled_det	NORMAL	-	-	-1	0	0	1111110000000001110000000000000000000000000111000000000000100000011111111111100010100101011111100011000000000000100000000100001111000
compiled_det_floor	x,x61,x62,x63,x64,x65,x61,x61,x61,x61,x61,x61,x61,x61,x61,x7a,x71,x78,x78,x78,x78,x61,x61,x61,x63,x62,x62,x61,x61,x61,x62,x66,x62,x62,x66,x66,x66,x69,x73,x61,x61,x61,x71,x31,x35,x39,x31,x30,x30,x30,x31,x31,x31,x35,x35,x30,x39,x30,x37,x31,x30,x71,x51,x51,x51,x4b,x6b,xe284aa,x53,x73,xc5bf,xcea3,xcf83,xcf82,xc784,xc785,xc786,x73,x53,x53,xc3a9,xc3a9,xc389,xe697a5,xe697a5,xf09f9880,xf09f9880,xf09f9881,xf09f9882,x09,x20,x5f,x2d,x5c,x2e,x71,x7e,x61,x23,x40,x3c,x61,x48,x68,x48,x6b,x4b,xe284aa,x61,x61,x61,x2a,x3f,x68,x63,x63,x64,x64,x63,x61,x61,x00,x61,x61,x61,x78,xc3bf,x,x78,x79,x78,x78,x79
CASE	lev		1	1	
probes	6		x	y	xx	xxx	yy
raw	2	1	1
rawdump	A,1/0/1114111;A
flags	0	0	0	1
nfarun	1111110000000001110000000000000000000000000111000000000000100000011111111111100010100101011111100011000000000000100000000100001111000
compiled	NORMAL	-	-	-1	0	0	1111110000000001110000000000000000000000000111000000000000100000011111111111100010100101011111100011000000000000100000000100001111000
compiled_floor	x,x61,x62,x63,x64,x65,x61,x61,x61,x61,x61,x61,x61,x61,x61,x7a,x71,x78,x78,x78,x78,x61,x61,x61,x63,x62,x62,x61,x61,x61,x62,x66,x62,x62,x66,x66,x66,x69,x73,x61,x61,x61,x71,x31,x35,x39,x31,x30,x30,x30,x31,x31,x31,x35,x35,x30,x39,x30,x37,x31,x30,x71,x51,x51,x51,x4b,x6b,xe284aa,x53,x73,xc5bf,xcea3,xcf83,xcf82,xc784,xc785,xc786,x73,x53,x53,xc3a9,xc3a9,xc389,xe697a5,xe697a5,xf09f9880,xf09f9880,xf09f9881,xf09f9882,x09,x20,x5f,x2d,x5c,x2e,x71,x7e,x61,x23,x40,x3c,x61,x48,x68,x48,x6b,x4b,xe284aa,x61,x61,x61,x2a,x3f,x68,x63,x63,x64,x64,x63,x61,x61,x00,x61,x61,x61,x78,xc3bf,x,x78,x79,x78,x78,x79
det	2	1	1
detdump	A,1/0/1114111;A
min	2	1
run	1111110000000001110000000000000000000000000111000000000000100000011111111111100010100101011111100011000000000000100000000100001111000
charrun	1111110000000001110000000000000000000000000111000000000000100000011111111111100010100101011111100011000000000000100000000100001111000
prefix	
singleton	null
topo	0,1
strings	50		\u{0}	\u{1}	\u{2}	\u{3}	\u{4}	\u{5}	\u{6}	\u{7}	\u{8}	\u{9}	\u{a}	\u{b}	\u{c}	\u{d}	\u{e}	\u{f}	\u{10}	\u{11}	\u{12}	\u{13}	\u{14}	\u{15}	\u{16}	\u{17}	\u{18}	\u{19}	\u{1a}	\u{1b}	\u{1c}	\u{1d}	\u{1e}	\u{1f}	 	!	"	#	$	%	&	'	(	)	*	+	,	-	.	/	0
compiled_det	NORMAL	-	-	-1	0	0	1111110000000001110000000000000000000000000111000000000000100000011111111111100010100101011111100011000000000000100000000100001111000
compiled_det_floor	x,x61,x62,x63,x64,x65,x61,x61,x61,x61,x61,x61,x61,x61,x61,x7a,x71,x78,x78,x78,x78,x61,x61,x61,x63,x62,x62,x61,x61,x61,x62,x66,x62,x62,x66,x66,x66,x69,x73,x61,x61,x61,x71,x31,x35,x39,x31,x30,x30,x30,x31,x31,x31,x35,x35,x30,x39,x30,x37,x31,x30,x71,x51,x51,x51,x4b,x6b,xe284aa,x53,x73,xc5bf,xcea3,xcf83,xcf82,xc784,xc785,xc786,x73,x53,x53,xc3a9,xc3a9,xc389,xe697a5,xe697a5,xf09f9880,xf09f9880,xf09f9881,xf09f9882,x09,x20,x5f,x2d,x5c,x2e,x71,x7e,x61,x23,x40,x3c,x61,x48,x68,x48,x6b,x4b,xe284aa,x61,x61,x61,x2a,x3f,x68,x63,x63,x64,x64,x63,x61,x61,x00,x61,x61,x61,x78,xc3bf,x,x78,x79,x78,x78,x79
CASE	lev		2	0	
probes	6		x	y	xx	xxx	yy
raw	3	2	1
rawdump	A,1/0/1114111;A,2/0/1114111;A
flags	0	0	0	1
nfarun	1111111110010001111010001110000000100001000111101010000011100000011111111111100011101111111111101011000001110011100000110110001111101
compiled	NORMAL	-	-	-1	0	0	1111111110010001111010001110000000100001000111101010000011100000011111111111100011101111111111101011000001110011100000110110001111101
compiled_floor	x,x61,x62,x63,x64,x65,x6162,x6163,x6164,x6162,x6162,x6161,x6161,x6161,x6161,x7a,x71,x78,x7879,x7879,x787a,x6162,x6162,x6163,x6364,x6261,x6262,x6161,x6162,x6162,x6261,x666f,x6261,x6261,x666f,x666f,x666f,x696e,x7369,x617a,x6120,x617a,x7161,x31,x35,x39,x3130,x3031,x3035,x3030,x3137,x3130,x3130,x3530,x3530,x3035,x3939,x3037,x37,x3132,x3031,x7175,x5155,x5175,x5175,x4b,x6b,xe284aa,x53,x73,xc5bf,xcea3,xcf83,xcf82,xc784,xc785,xc786,x7374,x5354,x5374,xc3a9,xc3a9c3a9,xc389,xe697a5e69cac,xe697a5e69cac,xf09f9880,xf09f9880f09f9880,xf09f9881,xf09f9882f09f9883,x09,x20,x5f,x2d,x5c,x2e,x7175,x7e61,x6126,x23,x40,x3c31,x617e,x4865,x6865,x4845,x6b53,x4b53,xe284aa73,x6162,x612e,x617c,x2a61,x3f,x6865,x6361,x6361,x646f,x646f,x6361,x6100,x6100,x00,x6165,x6163,x6162,x7879,xc3bf,x,x78,x79,x7878,x7878,x7979
det	3	2	1
detdump	A,1/0/1114111;A,2/0/1114111;A
min	3	2
run	1111111110010001111010001110000000100001000111101010000011100000011111111111100011101111111111101011000001110011100000110110001111101
charrun	1111111110010001111010001110000000100001000111101010000011100000011111111111100011101111111111101011000001110011100000110110001111101
prefix	
singleton	null
topo	0,1,2
strings	50		\u{0}\u{0}	\u{0}\u{1}	\u{0}\u{2}	\u{0}\u{3}	\u{0}\u{4}	\u{0}\u{5}	\u{0}\u{6}	\u{0}\u{7}	\u{0}\u{8}	\u{0}\u{9}	\u{0}\u{a}	\u{0}\u{b}	\u{0}\u{c}	\u{0}\u{d}	\u{0}\u{e}	\u{0}\u{f}	\u{0}\u{10}	\u{0}\u{11}	\u{0}\u{12}	\u{0}\u{13}	\u{0}\u{14}	\u{0}\u{15}	\u{0}\u{16}	\u{0}\u{17}	\u{0}\u{18}	\u{0}\u{19}	\u{0}\u{1a}	\u{0}\u{1b}	\u{0}\u{1c}	\u{0}\u{1d}	\u{0}\u{1e}	\u{0}\u{1f}	\u{0} 	\u{0}!	\u{0}"	\u{0}#	\u{0}$	\u{0}%	\u{0}&	\u{0}'	\u{0}(	\u{0})	\u{0}*	\u{0}+	\u{0},	\u{0}-	\u{0}.	\u{0}/	\u{0}0
compiled_det	NORMAL	-	-	-1	0	0	1111111110010001111010001110000000100001000111101010000011100000011111111111100011101111111111101011000001110011100000110110001111101
compiled_det_floor	x,x61,x62,x63,x64,x65,x6162,x6163,x6164,x6162,x6162,x6161,x6161,x6161,x6161,x7a,x71,x78,x7879,x7879,x787a,x6162,x6162,x6163,x6364,x6261,x6262,x6161,x6162,x6162,x6261,x666f,x6261,x6261,x666f,x666f,x666f,x696e,x7369,x617a,x6120,x617a,x7161,x31,x35,x39,x3130,x3031,x3035,x3030,x3137,x3130,x3130,x3530,x3530,x3035,x3939,x3037,x37,x3132,x3031,x7175,x5155,x5175,x5175,x4b,x6b,xe284aa,x53,x73,xc5bf,xcea3,xcf83,xcf82,xc784,xc785,xc786,x7374,x5354,x5374,xc3a9,xc3a9c3a9,xc389,xe697a5e69cac,xe697a5e69cac,xf09f9880,xf09f9880f09f9880,xf09f9881,xf09f9882f09f9883,x09,x20,x5f,x2d,x5c,x2e,x7175,x7e61,x6126,x23,x40,x3c31,x617e,x4865,x6865,x4845,x6b53,x4b53,xe284aa73,x6162,x612e,x617c,x2a61,x3f,x6865,x6361,x6361,x646f,x646f,x6361,x6100,x6100,x00,x6165,x6163,x6162,x7879,xc3bf,x,x78,x79,x7878,x7878,x7979
CASE	lev		2	1	
probes	6		x	y	xx	xxx	yy
raw	3	2	1
rawdump	A,1/0/1114111;A,2/0/1114111;A
flags	0	0	0	1
nfarun	1111111110010001111010001110000000100001000111101010000011100000011111111111100011101111111111101011000001110011100000110110001111101
compiled	NORMAL	-	-	-1	0	0	1111111110010001111010001110000000100001000111101010000011100000011111111111100011101111111111101011000001110011100000110110001111101
compiled_floor	x,x61,x62,x63,x64,x65,x6162,x6163,x6164,x6162,x6162,x6161,x6161,x6161,x6161,x7a,x71,x78,x7879,x7879,x787a,x6162,x6162,x6163,x6364,x6261,x6262,x6161,x6162,x6162,x6261,x666f,x6261,x6261,x666f,x666f,x666f,x696e,x7369,x617a,x6120,x617a,x7161,x31,x35,x39,x3130,x3031,x3035,x3030,x3137,x3130,x3130,x3530,x3530,x3035,x3939,x3037,x37,x3132,x3031,x7175,x5155,x5175,x5175,x4b,x6b,xe284aa,x53,x73,xc5bf,xcea3,xcf83,xcf82,xc784,xc785,xc786,x7374,x5354,x5374,xc3a9,xc3a9c3a9,xc389,xe697a5e69cac,xe697a5e69cac,xf09f9880,xf09f9880f09f9880,xf09f9881,xf09f9882f09f9883,x09,x20,x5f,x2d,x5c,x2e,x7175,x7e61,x6126,x23,x40,x3c31,x617e,x4865,x6865,x4845,x6b53,x4b53,xe284aa73,x6162,x612e,x617c,x2a61,x3f,x6865,x6361,x6361,x646f,x646f,x6361,x6100,x6100,x00,x6165,x6163,x6162,x7879,xc3bf,x,x78,x79,x7878,x7878,x7979
det	3	2	1
detdump	A,1/0/1114111;A,2/0/1114111;A
min	3	2
run	1111111110010001111010001110000000100001000111101010000011100000011111111111100011101111111111101011000001110011100000110110001111101
charrun	1111111110010001111010001110000000100001000111101010000011100000011111111111100011101111111111101011000001110011100000110110001111101
prefix	
singleton	null
topo	0,1,2
strings	50		\u{0}\u{0}	\u{0}\u{1}	\u{0}\u{2}	\u{0}\u{3}	\u{0}\u{4}	\u{0}\u{5}	\u{0}\u{6}	\u{0}\u{7}	\u{0}\u{8}	\u{0}\u{9}	\u{0}\u{a}	\u{0}\u{b}	\u{0}\u{c}	\u{0}\u{d}	\u{0}\u{e}	\u{0}\u{f}	\u{0}\u{10}	\u{0}\u{11}	\u{0}\u{12}	\u{0}\u{13}	\u{0}\u{14}	\u{0}\u{15}	\u{0}\u{16}	\u{0}\u{17}	\u{0}\u{18}	\u{0}\u{19}	\u{0}\u{1a}	\u{0}\u{1b}	\u{0}\u{1c}	\u{0}\u{1d}	\u{0}\u{1e}	\u{0}\u{1f}	\u{0} 	\u{0}!	\u{0}"	\u{0}#	\u{0}$	\u{0}%	\u{0}&	\u{0}'	\u{0}(	\u{0})	\u{0}*	\u{0}+	\u{0},	\u{0}-	\u{0}.	\u{0}/	\u{0}0
compiled_det	NORMAL	-	-	-1	0	0	1111111110010001111010001110000000100001000111101010000011100000011111111111100011101111111111101011000001110011100000110110001111101
compiled_det_floor	x,x61,x62,x63,x64,x65,x6162,x6163,x6164,x6162,x6162,x6161,x6161,x6161,x6161,x7a,x71,x78,x7879,x7879,x787a,x6162,x6162,x6163,x6364,x6261,x6262,x6161,x6162,x6162,x6261,x666f,x6261,x6261,x666f,x666f,x666f,x696e,x7369,x617a,x6120,x617a,x7161,x31,x35,x39,x3130,x3031,x3035,x3030,x3137,x3130,x3130,x3530,x3530,x3035,x3939,x3037,x37,x3132,x3031,x7175,x5155,x5175,x5175,x4b,x6b,xe284aa,x53,x73,xc5bf,xcea3,xcf83,xcf82,xc784,xc785,xc786,x7374,x5354,x5374,xc3a9,xc3a9c3a9,xc389,xe697a5e69cac,xe697a5e69cac,xf09f9880,xf09f9880f09f9880,xf09f9881,xf09f9882f09f9883,x09,x20,x5f,x2d,x5c,x2e,x7175,x7e61,x6126,x23,x40,x3c31,x617e,x4865,x6865,x4845,x6b53,x4b53,xe284aa73,x6162,x612e,x617c,x2a61,x3f,x6865,x6361,x6361,x646f,x646f,x6361,x6100,x6100,x00,x6165,x6163,x6162,x7879,xc3bf,x,x78,x79,x7878,x7878,x7979
CASE	lev		3	0	
probes	6		x	y	xx	xxx	yy
lev	null
CASE	lev		3	1	
probes	6		x	y	xx	xxx	yy
lev	null
CASE	lev	a	0	0	
probes	9	a	xa	aa		x	ax	xxa	xxxa	ayy
raw	2	1	1
rawdump	N,1/97/97;A
flags	0	0	0	1
nfarun	0100000000000000000000000000000000000000000000000000000000000000000000000000000000000000000000000000000000000000000000000000000100000000
compiled	SINGLE	x61	-	-1	1	0	-
compiled_floor	-
det	2	1	1
detdump	N,1/97/97;A
min	2	1
run	0100000000000000000000000000000000000000000000000000000000000000000000000000000000000000000000000000000000000000000000000000000100000000
charrun	0100000000000000000000000000000000000000000000000000000000000000000000000000000000000000000000000000000000000000000000000000000100000000
prefix	a
singleton	a
topo	0,1
strings	1	a
compiled_det	SINGLE	x61	-	-1	1	0	-
compiled_det_floor	-
CASE	lev	a	0	1	
probes	9	a	xa	aa		x	ax	xxa	xxxa	ayy
raw	2	1	1
rawdump	N,1/97/97;A
flags	0	0	0	1
nfarun	0100000000000000000000000000000000000000000000000000000000000000000000000000000000000000000000000000000000000000000000000000000100000000
compiled	SINGLE	x61	-	-1	1	0	-
compiled_floor	-
det	2	1	1
detdump	N,1/97/97;A
min	2	1
run	0100000000000000000000000000000000000000000000000000000000000000000000000000000000000000000000000000000000000000000000000000000100000000
charrun	0100000000000000000000000000000000000000000000000000000000000000000000000000000000000000000000000000000000000000000000000000000100000000
prefix	a
singleton	a
topo	0,1
strings	1	a
compiled_det	SINGLE	x61	-	-1	1	0	-
compiled_det_floor	-
CASE	lev	a	1	0	
probes	9	a	xa	aa		x	ax	xxa	xxxa	ayy
raw	4	5	1
rawdump	A,3/0/96,1/97/97,3/98/1114111;A,2/0/1114111;A;A,2/97/97
flags	0	0	0	1
nfarun	1111111110010001110000000100000000000001000111000000000000100000011111111111100010100101011111101011000000000011100000110110001111111000
compiled	NORMAL	-	-	-1	0	0	1111111110010001110000000100000000000001000111000000000000100000011111111111100010100101011111101011000000000011100000110110001111111000
compiled_floor	x,x61,x62,x63,x64,x65,x6162,x6163,x6164,x6162,x6162,x6161,x6161,x6161,x6161,x7a,x71,x78,x7861,x7861,x7861,x6162,x6162,x6163,x6361,x6261,x6261,x6161,x6162,x6162,x6261,x6661,x6261,x6261,x6661,x6661,x6661,x6961,x7361,x617a,x6120,x617a,x7161,x31,x35,x39,x31,x30,x30,x30,x31,x31,x31,x35,x35,x30,x39,x30,x37,x31,x30,x7161,x51,x5161,x5161,x4b,x6b,xe284aa,x53,x73,xc5bf,xcea3,xcf83,xcf82,xc784,xc785,xc786,x7361,x53,x5361,xc3a9,xc3a961,xc389,xe697a561,xe697a561,xf09f9880,xf09f988061,xf09f9881,xf09f988261,x09,x20,x5f,x2d,x5c,x2e,x7161,x7e61,x6126,x23,x40,x3c,x617e,x4861,x6861,x48,x6b,x4b,xe284aa61,x6162,x612e,x617c,x2a61,x3f,x6861,x6361,x6361,x6461,x6461,x6361,x6100,x6100,x00,x6165,x6163,x6162,x7861,xc3bf,x61,x7861,x6161,x,x78,x6178,x7861,x7861,x6179
det	4	5	1
detdump	A,3/0/96,1/97/97,3/98/1114111;A,2/0/1114111;A;A,2/97/97
min	4	5
run	1111111110010001110000000100000000000001000111000000000000100000011111111111100010100101011111101011000000000011100000110110001111111000
charrun	1111111110010001110000000100000000000001000111000000000000100000011111111111100010100101011111101011000000000011100000110110001111111000
prefix	
singleton	null
topo	0,1,3,2
strings	50		\u{0}a	\u{0}	\u{1}a	\u{1}	\u{2}a	\u{2}	\u{3}a	\u{3}	\u{4}a	\u{4}	\u{5}a	\u{5}	\u{6}a	\u{6}	\u{7}a	\u{7}	\u{8}a	\u{8}	\u{9}a	\u{9}	\u{a}a	\u{a}	\u{b}a	\u{b}	\u{c}a	\u{c}	\u{d}a	\u{d}	\u{e}a	\u{e}	\u{f}a	\u{f}	\u{10}a	\u{10}	\u{11}a	\u{11}	\u{12}a	\u{12}	\u{13}a	\u{13}	\u{14}a	\u{14}	\u{15}a	\u{15}	\u{16}a	\u{16}	\u{17}a	\u{17}	\u{18}a
compiled_det	NORMAL	-	-	-1	0	0	1111111110010001110000000100000000000001000111000000000000100000011111111111100010100101011111101011000000000011100000110110001111111000
compiled_det_floor	x,x61,x62,x63,x64,x65,x6162,x6163,x6164,x6162,x6162,x6161,x6161,x6161,x6161,x7a,x71,x78,x7861,x7861,x7861,x6162,x6162,x6163,x6361,x6261,x6261,x6161,x6162,x6162,x6261,x6661,x6261,x6261,x6661,x6661,x6661,x6961,x7361,x617a,x6120,x617a,x7161,x31,x35,x39,x31,x30,x30,x30,x31,x31,x31,x35,x35,x30,x39,x30,x37,x31,x30,x7161,x51,x5161,x5161,x4b,x6b,xe284aa,x53,x73,xc5bf,xcea3,xcf83,xcf82,xc784,xc785,xc786,x7361,x53,x5361,xc3a9,xc3a961,xc389,xe697a561,xe697a561,xf09f9880,xf09f988061,xf09f9881,xf09f988261,x09,x20,x5f,x2d,x5c,x2e,x7161,x7e61,x6126,x23,x40,x3c,x617e,x4861,x6861,x48,x6b,x4b,xe284aa61,x6162,x612e,x617c,x2a61,x3f,x6861,x6361,x6361,x6461,x6461,x6361,x6100,x6100,x00,x6165,x6163,x6162,x7861,xc3bf,x61,x7861,x6161,x,x78,x6178,x7861,x7861,x6179
CASE	lev	a	1	1	
probes	9	a	xa	aa		x	ax	xxa	xxxa	ayy
raw	4	5	1
rawdump	A,3/0/96,1/97/97,3/98/1114111;A,2/0/1114111;A;A,2/97/97
flags	0	0	0	1
nfarun	1111111110010001110000000100000000000001000111000000000000100000011111111111100010100101011111101011000000000011100000110110001111111000
compiled	NORMAL	-	-	-1	0	0	1111111110010001110000000100000000000001000111000000000000100000011111111111100010100101011111101011000000000011100000110110001111111000
compiled_floor	x,x61,x62,x63,x64,x65,x6162,x6163,x6164,x6162,x6162,x6161,x6161,x6161,x6161,x7a,x71,x78,x7861,x7861,x7861,x6162,x6162,x6163,x6361,x6261,x6261,x6161,x6162,x6162,x6261,x6661,x6261,x6261,x6661,x6661,x6661,x6961,x7361,x617a,x6120,x617a,x7161,x31,x35,x39,x31,x30,x30,x30,x31,x31,x31,x35,x35,x30,x39,x30,x37,x31,x30,x7161,x51,x5161,x5161,x4b,x6b,xe284aa,x53,x73,xc5bf,xcea3,xcf83,xcf82,xc784,xc785,xc786,x7361,x53,x5361,xc3a9,xc3a961,xc389,xe697a561,xe697a561,xf09f9880,xf09f988061,xf09f9881,xf09f988261,x09,x20,x5f,x2d,x5c,x2e,x7161,x7e61,x6126,x23,x40,x3c,x617e,x4861,x6861,x48,x6b,x4b,xe284aa61,x6162,x612e,x617c,x2a61,x3f,x6861,x6361,x6361,x6461,x6461,x6361,x6100,x6100,x00,x6165,x6163,x6162,x7861,xc3bf,x61,x7861,x6161,x,x78,x6178,x7861,x7861,x6179
det	4	5	1
detdump	A,3/0/96,1/97/97,3/98/1114111;A,2/0/1114111;A;A,2/97/97
min	4	5
run	1111111110010001110000000100000000000001000111000000000000100000011111111111100010100101011111101011000000000011100000110110001111111000
charrun	1111111110010001110000000100000000000001000111000000000000100000011111111111100010100101011111101011000000000011100000110110001111111000
prefix	
singleton	null
topo	0,1,3,2
strings	50		\u{0}a	\u{0}	\u{1}a	\u{1}	\u{2}a	\u{2}	\u{3}a	\u{3}	\u{4}a	\u{4}	\u{5}a	\u{5}	\u{6}a	\u{6}	\u{7}a	\u{7}	\u{8}a	\u{8}	\u{9}a	\u{9}	\u{a}a	\u{a}	\u{b}a	\u{b}	\u{c}a	\u{c}	\u{d}a	\u{d}	\u{e}a	\u{e}	\u{f}a	\u{f}	\u{10}a	\u{10}	\u{11}a	\u{11}	\u{12}a	\u{12}	\u{13}a	\u{13}	\u{14}a	\u{14}	\u{15}a	\u{15}	\u{16}a	\u{16}	\u{17}a	\u{17}	\u{18}a
compiled_det	NORMAL	-	-	-1	0	0	1111111110010001110000000100000000000001000111000000000000100000011111111111100010100101011111101011000000000011100000110110001111111000
compiled_det_floor	x,x61,x62,x63,x64,x65,x6162,x6163,x6164,x6162,x6162,x6161,x6161,x6161,x6161,x7a,x71,x78,x7861,x7861,x7861,x6162,x6162,x6163,x6361,x6261,x6261,x6161,x6162,x6162,x6261,x6661,x6261,x6261,x6661,x6661,x6661,x6961,x7361,x617a,x6120,x617a,x7161,x31,x35,x39,x31,x30,x30,x30,x31,x31,x31,x35,x35,x30,x39,x30,x37,x31,x30,x7161,x51,x5161,x5161,x4b,x6b,xe284aa,x53,x73,xc5bf,xcea3,xcf83,xcf82,xc784,xc785,xc786,x7361,x53,x5361,xc3a9,xc3a961,xc389,xe697a561,xe697a561,xf09f9880,xf09f988061,xf09f9881,xf09f988261,x09,x20,x5f,x2d,x5c,x2e,x7161,x7e61,x6126,x23,x40,x3c,x617e,x4861,x6861,x48,x6b,x4b,xe284aa61,x6162,x612e,x617c,x2a61,x3f,x6861,x6361,x6361,x6461,x6461,x6361,x6100,x6100,x00,x6165,x6163,x6162,x7861,xc3bf,x61,x7861,x6161,x,x78,x6178,x7861,x7861,x6179
CASE	lev	a	2	0	
probes	9	a	xa	aa		x	ax	xxa	xxxa	ayy
raw	6	9	1
rawdump	A,4/0/96,1/97/97,4/98/1114111;A,2/0/1114111;A,3/0/1114111;A;A,5/0/96,2/97/97,5/98/1114111;A,3/97/97
flags	0	0	0	1
nfarun	1111111111111001111010011111001011100001111111101010000011100000011111111111100011101111111111101111010001110111101000111111001111111101
compiled	NORMAL	-	-	-1	0	0	1111111111111001111010011111001011100001111111101010000011100000011111111111100011101111111111101111010001110111101000111111001111111101
compiled_floor	x,x61,x62,x63,x64,x65,x6162,x6163,x6164,x616263,x616264,x6161,x616161,x616161,x616161,x7a,x71,x78,x7879,x787961,x787a,x616263,x616264,x616364,x6364,x6261,x6262,x616162,x616261,x616262,x626162,x666f61,x626172,x62617a,x666f,x666f61,x666f61,x696e61,x736961,x617a,x61207a,x617a71,x71617a,x31,x35,x39,x3130,x3031,x3035,x3030,x3137,x3130,x3130,x3530,x3530,x3035,x3939,x3037,x37,x3132,x3031,x717561,x5155,x5175,x517561,x4b,x6b,xe284aa,x53,x73,xc5bf,xcea3,xcf83,xcf82,xc784,xc785,xc786,x737461,x5354,x537461,xc3a9,xc3a9c3a9,xc389,xe697a5e69cac61,xe697a5e69cac,xf09f9880,xf09f9880f09f9880,xf09f9881,xf09f9882f09f9883,x09,x20,x5f,x2d,x5c,x2e,x717561,x7e61,x612662,x23,x40,x3c31,x617e62,x486561,x686561,x4845,x6b53,x4b53,xe284aa73,x616263,x612e62,x617c,x2a61,x3f,x686561,x636174,x636174,x646f61,x646f61,x6361,x6100,x610000,x00,x6165,x616365,x616265,x787961,xc3bf,x61,x7861,x6161,x,x78,x6178,x787861,x787861,x617979
det	6	9	1
detdump	A,4/0/96,1/97/97,4/98/1114111;A,2/0/1114111;A,3/0/1114111;A;A,5/0/96,2/97/97,5/98/1114111;A,3/97/97
min	6	9
run	1111111111111001111010011111001011100001111111101010000011100000011111111111100011101111111111101111010001110111101000111111001111111101
charrun	1111111111111001111010011111001011100001111111101010000011100000011111111111100011101111111111101111010001110111101000111111001111111101
prefix	
singleton	null
topo	0,1,4,2,5,3
strings	50		\u{0}\u{0}a	\u{0}\u{0}	\u{0}\u{1}a	\u{0}\u{1}	\u{0}\u{2}a	\u{0}\u{2}	\u{0}\u{3}a	\u{0}\u{3}	\u{0}\u{4}a	\u{0}\u{4}	\u{0}\u{5}a	\u{0}\u{5}	\u{0}\u{6}a	\u{0}\u{6}	\u{0}\u{7}a	\u{0}\u{7}	\u{0}\u{8}a	\u{0}\u{8}	\u{0}\u{9}a	\u{0}\u{9}	\u{0}\u{a}a	\u{0}\u{a}	\u{0}\u{b}a	\u{0}\u{b}	\u{0}\u{c}a	\u{0}\u{c}	\u{0}\u{d}a	\u{0}\u{d}	\u{0}\u{e}a	\u{0}\u{e}	\u{0}\u{f}a	\u{0}\u{f}	\u{0}\u{10}a	\u{0}\u{10}	\u{0}\u{11}a	\u{0}\u{11}	\u{0}\u{12}a	\u{0}\u{12}	\u{0}\u{13}a	\u{0}\u{13}	\u{0}\u{14}a	\u{0}\u{14}	\u{0}\u{15}a	\u{0}\u{15}	\u{0}\u{16}a	\u{0}\u{16}	\u{0}\u{17}a	\u{0}\u{17}	\u{0}\u{18}a
compiled_det	NORMAL	-	-	-1	0	0	1111111111111001111010011111001011100001111111101010000011100000011111111111100011101111111111101111010001110111101000111111001111111101
compiled_det_floor	x,x61,x62,x63,x64,x65,x6162,x6163,x6164,x616263,x616264,x6161,x616161,x616161,x616161,x7a,x71,x78,x7879,x787961,x787a,x616263,x616264,x616364,x6364,x6261,x6262,x616162,x616261,x616262,x626162,x666f61,x626172,x62617a,x666f,x666f61,x666f61,x696e61,x736961,x617a,x61207a,x617a71,x71617a,x31,x35,x39,x3130,x3031,x3035,x3030,x3137,x3130,x3130,x3530,x3530,x3035,x3939,x3037,x37,x3132,x3031,x717561,x5155,x5175,x517561,x4b,x6b,xe284aa,x53,x73,xc5bf,xcea3,xcf83,xcf82,xc784,xc785,xc786,x737461,x5354,x537461,xc3a9,xc3a9c3a9,xc389,xe697a5e69cac61,xe697a5e69cac,xf09f9880,xf09f9880f09f9880,xf09f9881,xf09f9882f09f9883,x09,x20,x5f,x2d,x5c,x2e,x717561,x7e61,x612662,x23,x40,x3c31,x617e62,x486561,x686561,x4845,x6b53,x4b53,xe284aa73,x616263,x612e62,x617c,x2a61,x3f,x686561,x636174,x636174,x646f61,x646f61,x6361,x6100,x610000,x00,x6165,x616365,x616265,x787961,xc3bf,x61,x7861,x6161,x,x78,x6178,x787861,x787861,x617979
CASE	lev	a	2	1	
probes	9	a	xa	aa		x	ax	xxa	xxxa	ayy
raw	6	9	1
rawdump	A,4/0/96,1/97/97,4/98/1114111;A,2/0/1114111;A,3/0/1114111;A;A,5/0/96,2/97/97,5/98/1114111;A,3/97/97
flags	0	0	0	1
nfarun	1111111111111001111010011111001011100001111111101010000011100000011111111111100011101111111111101111010001110111101000111111001111111101
compiled	NORMAL	-	-	-1	0	0	1111111111111001111010011111001011100001111111101010000011100000011111111111100011101111111111101111010001110111101000111111001111111101
compiled_floor	x,x61,x62,x63,x64,x65,x6162,x6163,x6164,x616263,x616264,x6161,x616161,x616161,x616161,x7a,x71,x78,x7879,x787961,x787a,x616263,x616264,x616364,x6364,x6261,x6262,x616162,x616261,x616262,x626162,x666f61,x626172,x62617a,x666f,x666f61,x666f61,x696e61,x736961,x617a,x61207a,x617a71,x71617a,x31,x35,x39,x3130,x3031,x3035,x3030,x3137,x3130,x3130,x3530,x3530,x3035,x3939,x3037,x37,x3132,x3031,x717561,x5155,x5175,x517561,x4b,x6b,xe284aa,x53,x73,xc5bf,xcea3,xcf83,xcf82,xc784,xc785,xc786,x737461,x5354,x537461,xc3a9,xc3a9c3a9,xc389,xe697a5e69cac61,xe697a5e69cac,xf09f9880,xf09f9880f09f9880,xf09f9881,xf09f9882f09f9883,x09,x20,x5f,x2d,x5c,x2e,x717561,x7e61,x612662,x23,x40,x3c31,x617e62,x486561,x686561,x4845,x6b53,x4b53,xe284aa73,x616263,x612e62,x617c,x2a61,x3f,x686561,x636174,x636174,x646f61,x646f61,x6361,x6100,x610000,x00,x6165,x616365,x616265,x787961,xc3bf,x61,x7861,x6161,x,x78,x6178,x787861,x787861,x617979
det	6	9	1
detdump	A,4/0/96,1/97/97,4/98/1114111;A,2/0/1114111;A,3/0/1114111;A;A,5/0/96,2/97/97,5/98/1114111;A,3/97/97
min	6	9
run	1111111111111001111010011111001011100001111111101010000011100000011111111111100011101111111111101111010001110111101000111111001111111101
charrun	1111111111111001111010011111001011100001111111101010000011100000011111111111100011101111111111101111010001110111101000111111001111111101
prefix	
singleton	null
topo	0,1,4,2,5,3
strings	50		\u{0}\u{0}a	\u{0}\u{0}	\u{0}\u{1}a	\u{0}\u{1}	\u{0}\u{2}a	\u{0}\u{2}	\u{0}\u{3}a	\u{0}\u{3}	\u{0}\u{4}a	\u{0}\u{4}	\u{0}\u{5}a	\u{0}\u{5}	\u{0}\u{6}a	\u{0}\u{6}	\u{0}\u{7}a	\u{0}\u{7}	\u{0}\u{8}a	\u{0}\u{8}	\u{0}\u{9}a	\u{0}\u{9}	\u{0}\u{a}a	\u{0}\u{a}	\u{0}\u{b}a	\u{0}\u{b}	\u{0}\u{c}a	\u{0}\u{c}	\u{0}\u{d}a	\u{0}\u{d}	\u{0}\u{e}a	\u{0}\u{e}	\u{0}\u{f}a	\u{0}\u{f}	\u{0}\u{10}a	\u{0}\u{10}	\u{0}\u{11}a	\u{0}\u{11}	\u{0}\u{12}a	\u{0}\u{12}	\u{0}\u{13}a	\u{0}\u{13}	\u{0}\u{14}a	\u{0}\u{14}	\u{0}\u{15}a	\u{0}\u{15}	\u{0}\u{16}a	\u{0}\u{16}	\u{0}\u{17}a	\u{0}\u{17}	\u{0}\u{18}a
compiled_det	NORMAL	-	-	-1	0	0	1111111111111001111010011111001011100001111111101010000011100000011111111111100011101111111111101111010001110111101000111111001111111101
compiled_det_floor	x,x61,x62,x63,x64,x65,x6162,x6163,x6164,x616263,x616264,x6161,x616161,x616161,x616161,x7a,x71,x78,x7879,x787961,x787a,x616263,x616264,x616364,x6364,x6261,x6262,x616162,x616261,x616262,x626162,x666f61,x626172,x62617a,x666f,x666f61,x666f61,x696e61,x736961,x617a,x61207a,x617a71,x71617a,x31,x35,x39,x3130,x3031,x3035,x3030,x3137,x3130,x3130,x3530,x3530,x3035,x3939,x3037,x37,x3132,x3031,x717561,x5155,x5175,x517561,x4b,x6b,xe284aa,x53,x73,xc5bf,xcea3,xcf83,xcf82,xc784,xc785,xc786,x737461,x5354,x537461,xc3a9,xc3a9c3a9,xc389,xe697a5e69cac61,xe697a5e69cac,xf09f9880,xf09f9880f09f9880,xf09f9881,xf09f9882f09f9883,x09,x20,x5f,x2d,x5c,x2e,x717561,x7e61,x612662,x23,x40,x3c31,x617e62,x486561,x686561,x4845,x6b53,x4b53,xe284aa73,x616263,x612e62,x617c,x2a61,x3f,x686561,x636174,x636174,x646f61,x646f61,x6361,x6100,x610000,x00,x6165,x616365,x616265,x787961,xc3bf,x61,x7861,x6161,x,x78,x6178,x787861,x787861,x617979
CASE	lev	a	3	0	
probes	9	a	xa	aa		x	ax	xxa	xxxa	ayy
lev	null
CASE	lev	a	3	1	
probes	9	a	xa	aa		x	ax	xxa	xxxa	ayy
lev	null
CASE	lev	ab	0	0	
probes	16	ab	xab	aab	b	xb	ba	axb	a	ax	abx	aba		xxab	xxxab	abyy	bax
raw	3	2	1
rawdump	N,1/97/97;N,2/98/98;A
flags	0	0	0	1
nfarun	00000010000000000000000000000000000000000000000000000000000000000000000000000000000000000000000000000000000000000000000000000001000000000000000
compiled	SINGLE	x6162	-	-1	1	0	-
compiled_floor	-
det	3	2	1
detdump	N,1/97/97;N,2/98/98;A
min	3	2
run	00000010000000000000000000000000000000000000000000000000000000000000000000000000000000000000000000000000000000000000000000000001000000000000000
charrun	00000010000000000000000000000000000000000000000000000000000000000000000000000000000000000000000000000000000000000000000000000001000000000000000
prefix	ab
singleton	ab
topo	0,1,2
strings	1	ab
compiled_det	SINGLE	x6162	-	-1	1	0	-
compiled_det_floor	-
CASE	lev	ab	0	1	
probes	16	ab	xab	aab	b	xb	ba	axb	a	ax	abx	aba		xxab	xxxab	abyy	bax
raw	3	2	1
rawdump	N,1/97/97;N,2/98/98;A
flags	0	0	0	1
nfarun	00000010000000000000000000000000000000000000000000000000000000000000000000000000000000000000000000000000000000000000000000000001000000000000000
compiled	SINGLE	x6162	-	-1	1	0	-
compiled_floor	-
det	3	2	1
detdump	N,1/97/97;N,2/98/98;A
min	3	2
run	00000010000000000000000000000000000000000000000000000000000000000000000000000000000000000000000000000000000000000000000000000001000000000000000
charrun	00000010000000000000000000000000000000000000000000000000000000000000000000000000000000000000000000000000000000000000000000000001000000000000000
prefix	ab
singleton	ab
topo	0,1,2
strings	1	ab
compiled_det	SINGLE	x6162	-	-1	1	0	-
compiled_det_floor	-
CASE	lev	ab	1	0	
probes	16	ab	xab	aab	b	xb	ba	axb	a	ax	abx	aba		xxab	xxxab	abyy	bax
raw	8	14	1
rawdump	N,5/0/96,1/97/97,7/98/98,5/99/1114111;A,6/0/97,2/98/98,6/99/1114111;A,4/0/1114111;N,4/98/98;A;N,3/97/97,4/98/98;A,4/98/98;A,3/97/97,4/98/98
flags	0	0	0	1
nfarun	01100011111100000000000000110010000000010000000000000000000000000000000000000000000000000000000001000100000001100000000100100001111101111100000
compiled	NORMAL	-	-	-1	0	0	01100011111100000000000000110010000000010000000000000000000000000000000000000000000000000000000001000100000001100000000100100001111101111100000
compiled_floor	null,x61,x62,x6262,x6362,x6462,x6162,x6163,x6164,x616263,x616264,x6161,x6161,x6161,x6161,x7962,x7062,x7762,x7862,x7862,x7862,x616263,x616264,x616362,x6362,x62,x6262,x616162,x616261,x616262,x626162,x6662,x626162,x626162,x6662,x6662,x6662,x6962,x7362,x617a,x612062,x617a62,x716162,x3062,x3462,x3862,x3062,x2f62,x2f62,x2f62,x3062,x3062,x3062,x3462,x3462,x2f62,x3862,x2f62,x3662,x3062,x2f62,x7162,x5062,x5162,x5162,x4a62,x6a62,xe284a962,x5262,x7262,xc5be62,xcea262,xcf8262,xcf8162,xc78362,xc78462,xc78562,x7362,x5262,x5362,xc3a862,xc3a962,xc38862,xe697a562,xe697a562,xf09f97bf62,xf09f988062,xf09f988062,xf09f988262,x0862,x1f62,x5e62,x2c62,x5b62,x2d62,x7162,x7d62,x612662,x2262,x3f62,x3b62,x617e62,x4862,x6862,x4762,x6a62,x4a62,xe284aa62,x616263,x612e62,x617c,x2962,x3e62,x6862,x636162,x636162,x6462,x6462,x6262,x6100,x6100,null,x6165,x616362,x616265,x7862,xc3be62,x6162,x786162,x616162,x62,x7862,x62,x617862,x61,x6178,x616278,x616261,null,x7862,x7862,x616279,x626162
det	8	14	1
detdump	N,5/0/96,1/97/97,7/98/98,5/99/1114111;A,6/0/97,2/98/98,6/99/1114111;A,4/0/1114111;N,4/98/98;A;N,3/97/97,4/98/98;A,4/98/98;A,3/97/97,4/98/98
min	8	14
run	01100011111100000000000000110010000000010000000000000000000000000000000000000000000000000000000001000100000001100000000100100001111101111100000
charrun	01100011111100000000000000110010000000010000000000000000000000000000000000000000000000000000000001000100000001100000000100100001111101111100000
prefix	
singleton	null
topo	0,7,1,2,6,5,3,4
strings	50	\u{0}ab	\u{0}b	\u{1}ab	\u{1}b	\u{2}ab	\u{2}b	\u{3}ab	\u{3}b	\u{4}ab	\u{4}b	\u{5}ab	\u{5}b	\u{6}ab	\u{6}b	\u{7}ab	\u{7}b	\u{8}ab	\u{8}b	\u{9}ab	\u{9}b	\u{a}ab	\u{a}b	\u{b}ab	\u{b}b	\u{c}ab	\u{c}b	\u{d}ab	\u{d}b	\u{e}ab	\u{e}b	\u{f}ab	\u{f}b	\u{10}ab	\u{10}b	\u{11}ab	\u{11}b	\u{12}ab	\u{12}b	\u{13}ab	\u{13}b	\u{14}ab	\u{14}b	\u{15}ab	\u{15}b	\u{16}ab	\u{16}b	\u{17}ab	\u{17}b	\u{18}ab	\u{18}b
compiled_det	NORMAL	-	-	-1	0	0	01100011111100000000000000110010000000010000000000000000000000000000000000000000000000000000000001000100000001100000000100100001111101111100000
compiled_det_floor	null,x61,x62,x6262,x6362,x6462,x6162,x6163,x6164,x616263,x616264,x6161,x6161,x6161,x6161,x7962,x7062,x7762,x7862,x7862,x7862,x616263,x616264,x616362,x6362,x62,x6262,x616162,x616261,x616262,x626162,x6662,x626162,x626162,x6662,x6662,x6662,x6962,x7362,x617a,x612062,x617a62,x716162,x3062,x3462,x3862,x3062,x2f62,x2f62,x2f62,x3062,x3062,x3062,x3462,x3462,x2f62,x3862,x2f62,x3662,x3062,x2f62,x7162,x5062,x5162,x5162,x4a62,x6a62,xe284a962,x5262,x7262,xc5be62,xcea262,xcf8262,xcf8162,xc78362,xc78462,xc78562,x7362,x5262,x5362,xc3a862,xc3a962,xc38862,xe697a562,xe697a562,xf09f97bf62,xf09f988062,xf09f988062,xf09f988262,x0862,x1f62,x5e62,x2c62,x5b62,x2d62,x7162,x7d62,x612662,x2262,x3f62,x3b62,x617e62,x4862,x6862,x4762,x6a62,x4a62,xe284aa62,x616263,x612e62,x617c,x2962,x3e62,x6862,x636162,x636162,x6462,x6462,x6262,x6100,x6100,null,x6165,x616362,x616265,x7862,xc3be62,x6162,x786162,x616162,x62,x7862,x62,x617862,x61,x6178,x616278,x616261,null,x7862,x7862,x616279,x626162
CASE	lev	ab	1	1	
probes	16	ab	xab	aab	b	xb	ba	axb	a	ax	abx	aba		xxab	xxxab	abyy	bax
raw	8	14	1
rawdump	N,5/0/96,1/97/97,7/98/98,5/99/1114111;A,6/0/97,2/98/98,6/99/1114111;A,4/0/1114111;N,4/98/98;A;N,3/97/97,4/98/98;A,4/98/98;A,6/97/97,4/98/98
flags	0	0	0	1
nfarun	01100011111100000000000001110010000000010000000000000000000000000000000000000000000000000000000001000100000001100000000100100001111111111100000
compiled	NORMAL	-	-	-1	0	0	01100011111100000000000001110010000000010000000000000000000000000000000000000000000000000000000001000100000001100000000100100001111111111100000
compiled_floor	null,x61,x62,x6262,x6362,x6462,x6162,x6163,x6164,x616263,x616264,x6161,x6161,x6161,x6161,x7962,x7062,x7762,x7862,x7862,x7862,x616263,x616264,x616362,x6362,x6261,x6262,x616162,x616261,x616262,x626162,x6662,x626162,x626162,x6662,x6662,x6662,x6962,x7362,x617a,x612062,x617a62,x716162,x3062,x3462,x3862,x3062,x2f62,x2f62,x2f62,x3062,x3062,x3062,x3462,x3462,x2f62,x3862,x2f62,x3662,x3062,x2f62,x7162,x5062,x5162,x5162,x4a62,x6a62,xe284a962,x5262,x7262,xc5be62,xcea262,xcf8262,xcf8162,xc78362,xc78462,xc78562,x7362,x5262,x5362,xc3a862,xc3a962,xc38862,xe697a562,xe697a562,xf09f97bf62,xf09f988062,xf09f988062,xf09f988262,x0862,x1f62,x5e62,x2c62,x5b62,x2d62,x7162,x7d62,x612662,x2262,x3f62,x3b62,x617e62,x4862,x6862,x4762,x6a62,x4a62,xe284aa62,x616263,x612e62,x617c,x2962,x3e62,x6862,x636162,x636162,x6462,x6462,x6262,x6100,x6100,null,x6165,x616362,x616265,x7862,xc3be62,x6162,x786162,x616162,x62,x7862,x6261,x617862,x61,x6178,x616278,x616261,null,x7862,x7862,x616279,x626162
det	8	14	1
detdump	N,5/0/96,1/97/97,7/98/98,5/99/1114111;A,6/0/97,2/98/98,6/99/1114111;A,4/0/1114111;N,4/98/98;A;N,3/97/97,4/98/98;A,4/98/98;A,6/97/97,4/98/98
min	8	14
run	01100011111100000000000001110010000000010000000000000000000000000000000000000000000000000000000001000100000001100000000100100001111111111100000
charrun	01100011111100000000000001110010000000010000000000000000000000000000000000000000000000000000000001000100000001100000000100100001111111111100000
prefix	
singleton	null
topo	0,7,1,2,6,5,3,4
strings	50	\u{0}ab	\u{0}b	\u{1}ab	\u{1}b	\u{2}ab	\u{2}b	\u{3}ab	\u{3}b	\u{4}ab	\u{4}b	\u{5}ab	\u{5}b	\u{6}ab	\u{6}b	\u{7}ab	\u{7}b	\u{8}ab	\u{8}b	\u{9}ab	\u{9}b	\u{a}ab	\u{a}b	\u{b}ab	\u{b}b	\u{c}ab	\u{c}b	\u{d}ab	\u{d}b	\u{e}ab	\u{e}b	\u{f}ab	\u{f}b	\u{10}ab	\u{10}b	\u{11}ab	\u{11}b	\u{12}ab	\u{12}b	\u{13}ab	\u{13}b	\u{14}ab	\u{14}b	\u{15}ab	\u{15}b	\u{16}ab	\u{16}b	\u{17}ab	\u{17}b	\u{18}ab	\u{18}b
compiled_det	NORMAL	-	-	-1	0	0	01100011111100000000000001110010000000010000000000000000000000000000000000000000000000000000000001000100000001100000000100100001111111111100000
compiled_det_floor	null,x61,x62,x6262,x6362,x6462,x6162,x6163,x6164,x616263,x616264,x6161,x6161,x6161,x6161,x7962,x7062,x7762,x7862,x7862,x7862,x616263,x616264,x616362,x6362,x6261,x6262,x616162,x616261,x616262,x626162,x6662,x626162,x626162,x6662,x6662,x6662,x6962,x7362,x617a,x612062,x617a62,x716162,x3062,x3462,x3862,x3062,x2f62,x2f62,x2f62,x3062,x3062,x3062,x3462,x3462,x2f62,x3862,x2f62,x3662,x3062,x2f62,x7162,x5062,x5162,x5162,x4a62,x6a62,xe284a962,x5262,x7262,xc5be62,xcea262,xcf8262,xcf8162,xc78362,xc78462,xc78562,x7362,x5262,x5362,xc3a862,xc3a962,xc38862,xe697a562,xe697a562,xf09f97bf62,xf09f988062,xf09f988062,xf09f988262,x0862,x1f62,x5e62,x2c62,x5b62,x2d62,x7162,x7d62,x612662,x2262,x3f62,x3b62,x617e62,x4862,x6862,x4762,x6a62,x4a62,xe284aa62,x616263,x612e62,x617c,x2962,x3e62,x6862,x636162,x636162,x6462,x6462,x6262,x6100,x6100,null,x6165,x616362,x616265,x7862,xc3be62,x6162,x786162,x616162,x62,x7862,x6261,x617862,x61,x6178,x616278,x616261,null,x7862,x7862,x616279,x626162
CASE	lev	ab	2	0	
probes	16	ab	xab	aab	b	xb	ba	axb	a	ax	abx	aba		xxab	xxxab	abyy	bax
raw	13	30	1
rawdump	A,7/0/96,1/97/97,10/98/98,7/99/1114111;A,8/0/97,2/98/98,8/99/1114111;A,4/0/1114111;A,9/0/97,4/98/98,9/99/1114111;A,6/0/1114111;N,6/98/98;A;A,11/0/96,3/97/97,12/98/98,11/99/1114111;A,9/0/97,4/98/98,9/99/1114111;A,6/98/98;A,11/0/96,3/97/97,12/98/98,11/99/1114111;A,5/97/97,6/98/98;A,6/0/96,9/97/97,6/98/1114111
flags	0	0	0	1
nfarun	11111111111110011110111111111110111000011111111010100000111000000111111111111000111011111111111011110100011101111010001111111011111111111111011
compiled	NORMAL	-	-	-1	0	0	11111111111110011110111111111110111000011111111010100000111000000111111111111000111011111111111011110100011101111010001111111011111111111111011
compiled_floor	x,x61,x62,x63,x64,x65,x6162,x6163,x6164,x616263,x616264,x6161,x616161,x616161,x616161,x7a,x71,x78,x7879,x787962,x787a,x61626364,x61626465,x616364,x6364,x6261,x6262,x616162,x61626162,x61626261,x626162,x666f62,x626172,x62617a,x666f,x666f62,x666f62,x696e62,x736962,x617a,x61207a,x617a71,x71617a,x31,x35,x39,x3130,x3031,x3035,x3030,x3137,x3130,x3130,x3530,x3530,x3035,x3939,x3037,x37,x3132,x3031,x717562,x5155,x5175,x517562,x4b,x6b,xe284aa,x53,x73,xc5bf,xcea3,xcf83,xcf82,xc784,xc785,xc786,x737462,x5354,x537462,xc3a9,xc3a9c3a9,xc389,xe697a5e69cac62,xe697a5e69cac,xf09f9880,xf09f9880f09f9880,xf09f9881,xf09f9882f09f9883,x09,x20,x5f,x2d,x5c,x2e,x717562,x7e61,x612662,x23,x40,x3c31,x617e62,x486562,x686562,x4845,x6b53,x4b53,xe284aa73,x61626369,x612e62,x617c,x2a61,x3f,x686562,x636174,x63617462,x646f62,x646f62,x6361,x6100,x610000,x00,x6165,x616365,x61626565,x787962,xc3bf,x6162,x786162,x616162,x62,x7862,x6261,x617862,x61,x6178,x616278,x616261,x,x78786162,x787862,x61627979,x626178
det	13	30	1
detdump	A,7/0/96,1/97/97,10/98/98,7/99/1114111;A,8/0/97,2/98/98,8/99/1114111;A,4/0/1114111;A,9/0/97,4/98/98,9/99/1114111;A,6/0/1114111;N,6/98/98;A;A,11/0/96,3/97/97,12/98/98,11/99/1114111;A,9/0/97,4/98/98,9/99/1114111;A,6/98/98;A,11/0/96,3/97/97,12/98/98,11/99/1114111;A,5/97/97,6/98/98;A,6/0/96,9/97/97,6/98/1114111
min	11	22
run	11111111111110011110111111111110111000011111111010100000111000000111111111111000111011111111111011110100011101111010001111111011111111111111011
charrun	11111111111110011110111111111110111000011111111010100000111000000111111111111000111011111111111011110100011101111010001111111011111111111111011
prefix	
singleton	null
topo	0,10,1,2,8,7,12,3,4,9,11,5,6
strings	50		\u{0}\u{0}ab	\u{0}\u{0}b	\u{0}\u{0}	\u{0}\u{1}ab	\u{0}\u{1}b	\u{0}\u{1}	\u{0}\u{2}ab	\u{0}\u{2}b	\u{0}\u{2}	\u{0}\u{3}ab	\u{0}\u{3}b	\u{0}\u{3}	\u{0}\u{4}ab	\u{0}\u{4}b	\u{0}\u{4}	\u{0}\u{5}ab	\u{0}\u{5}b	\u{0}\u{5}	\u{0}\u{6}ab	\u{0}\u{6}b	\u{0}\u{6}	\u{0}\u{7}ab	\u{0}\u{7}b	\u{0}\u{7}	\u{0}\u{8}ab	\u{0}\u{8}b	\u{0}\u{8}	\u{0}\u{9}ab	\u{0}\u{9}b	\u{0}\u{9}	\u{0}\u{a}ab	\u{0}\u{a}b	\u{0}\u{a}	\u{0}\u{b}ab	\u{0}\u{b}b	\u{0}\u{b}	\u{0}\u{c}ab	\u{0}\u{c}b	\u{0}\u{c}	\u{0}\u{d}ab	\u{0}\u{d}b	\u{0}\u{d}	\u{0}\u{e}ab	\u{0}\u{e}b	\u{0}\u{e}	\u{0}\u{f}ab	\u{0}\u{f}b	\u{0}\u{f}	\u{0}\u{10}ab
compiled_det	NORMAL	-	-	-1	0	0	11111111111110011110111111111110111000011111111010100000111000000111111111111000111011111111111011110100011101111010001111111011111111111111011
compiled_det_floor	x,x61,x62,x63,x64,x65,x6162,x6163,x6164,x616263,x616264,x6161,x616161,x616161,x616161,x7a,x71,x78,x7879,x787962,x787a,x61626364,x61626465,x616364,x6364,x6261,x6262,x616162,x61626162,x61626261,x626162,x666f62,x626172,x62617a,x666f,x666f62,x666f62,x696e62,x736962,x617a,x61207a,x617a71,x71617a,x31,x35,x39,x3130,x3031,x3035,x3030,x3137,x3130,x3130,x3530,x3530,x3035,x3939,x3037,x37,x3132,x3031,x717562,x5155,x5175,x517562,x4b,x6b,xe284aa,x53,x73,xc5bf,xcea3,xcf83,xcf82,xc784,xc785,xc786,x737462,x5354,x537462,xc3a9,xc3a9c3a9,xc389,xe697a5e69cac62,xe697a5e69cac,xf09f9880,xf09f9880f09f9880,xf09f9881,xf09f9882f09f9883,x09,x20,x5f,x2d,x5c,x2e,x717562,x7e61,x612662,x23,x40,x3c31,x617e62,x486562,x686562,x4845,x6b53,x4b53,xe284aa73,x61626369,x612e62,x617c,x2a61,x3f,x686562,x636174,x63617462,x646f62,x646f62,x6361,x6100,x610000,x00,x6165,x616365,x61626565,x787962,xc3bf,x6162,x786162,x616162,x62,x7862,x6261,x617862,x61,x6178,x616278,x616261,x,x78786162,x787862,x61627979,x626178
CASE	lev	ab	2	1	
probes	16	ab	xab	aab	b	xb	ba	axb	a	ax	abx	aba		xxab	xxxab	abyy	bax
raw	13	30	1
rawdump	A,7/0/96,1/97/97,12/98/98,7/99/1114111;A,8/0/97,2/98/98,8/99/1114111;A,4/0/1114111;A,9/0/97,4/98/98,9/99/1114111;A,6/0/1114111;N,6/98/98;A;A,10/0/96,3/97/97,11/98/98,10/99/1114111;A,9/0/97,4/98/98,9/99/1114111;A,6/98/98;A,5/97/97,6/98/98;A,6/0/96,9/97/97,6/98/1114111;A,10/0/96,8/97/97,11/98/98,10/99/1114111
flags	0	0	0	1
nfarun	11111111111110011110111111111110111000011111111010100000111000000111111111111000111011111111111011110100011101111010001111111011111111111111011
compiled	NORMAL	-	-	-1	0	0	11111111111110011110111111111110111000011111111010100000111000000111111111111000111011111111111011110100011101111010001111111011111111111111011
compiled_floor	x,x61,x62,x63,x64,x65,x6162,x6163,x6164,x616263,x616264,x6161,x616161,x616161,x616161,x7a,x71,x78,x7879,x787962,x787a,x61626364,x61626465,x616364,x6364,x6261,x6262,x616162,x61626162,x61626261,x626162,x666f62,x626172,x62617a,x666f,x666f62,x666f62,x696e62,x736962,x617a,x61207a,x617a71,x71617a,x31,x35,x39,x3130,x3031,x3035,x3030,x3137,x3130,x3130,x3530,x3530,x3035,x3939,x3037,x37,x3132,x3031,x717562,x5155,x5175,x517562,x4b,x6b,xe284aa,x53,x73,xc5bf,xcea3,xcf83,xcf82,xc784,xc785,xc786,x737462,x5354,x537462,xc3a9,xc3a9c3a9,xc389,xe697a5e69cac62,xe697a5e69cac,xf09f9880,xf09f9880f09f9880,xf09f9881,xf09f9882f09f9883,x09,x20,x5f,x2d,x5c,x2e,x717562,x7e61,x612662,x23,x40,x3c31,x617e62,x486562,x686562,x4845,x6b53,x4b53,xe284aa73,x61626369,x612e62,x617c,x2a61,x3f,x686562,x636174,x63617462,x646f62,x646f62,x6361,x6100,x610000,x00,x6165,x616365,x61626565,x787962,xc3bf,x6162,x786162,x616162,x62,x7862,x6261,x617862,x61,x6178,x616278,x616261,x,x78786162,x787862,x61627979,x626178
det	13	30	1
detdump	A,7/0/96,1/97/97,12/98/98,7/99/1114111;A,8/0/97,2/98/98,8/99/1114111;A,4/0/1114111;A,9/0/97,4/98/98,9/99/1114111;A,6/0/1114111;N,6/98/98;A;A,10/0/96,3/97/97,11/98/98,10/99/1114111;A,9/0/97,4/98/98,9/99/1114111;A,6/98/98;A,5/97/97,6/98/98;A,6/0/96,9/97/97,6/98/1114111;A,10/0/96,8/97/97,11/98/98,10/99/1114111
min	11	22
run	11111111111110011110111111111110111000011111111010100000111000000111111111111000111011111111111011110100011101111010001111111011111111111111011
charrun	11111111111110011110111111111110111000011111111010100000111000000111111111111000111011111111111011110100011101111010001111111011111111111111011
prefix	
singleton	null
topo	0,12,1,2,8,7,11,3,4,9,10,5,6
strings	50		\u{0}\u{0}ab	\u{0}\u{0}b	\u{0}\u{0}	\u{0}\u{1}ab	\u{0}\u{1}b	\u{0}\u{1}	\u{0}\u{2}ab	\u{0}\u{2}b	\u{0}\u{2}	\u{0}\u{3}ab	\u{0}\u{3}b	\u{0}\u{3}	\u{0}\u{4}ab	\u{0}\u{4}b	\u{0}\u{4}	\u{0}\u{5}ab	\u{0}\u{5}b	\u{0}\u{5}	\u{0}\u{6}ab	\u{0}\u{6}b	\u{0}\u{6}	\u{0}\u{7}ab	\u{0}\u{7}b	\u{0}\u{7}	\u{0}\u{8}ab	\u{0}\u{8}b	\u{0}\u{8}	\u{0}\u{9}ab	\u{0}\u{9}b	\u{0}\u{9}	\u{0}\u{a}ab	\u{0}\u{a}b	\u{0}\u{a}	\u{0}\u{b}ab	\u{0}\u{b}b	\u{0}\u{b}	\u{0}\u{c}ab	\u{0}\u{c}b	\u{0}\u{c}	\u{0}\u{d}ab	\u{0}\u{d}b	\u{0}\u{d}	\u{0}\u{e}ab	\u{0}\u{e}b	\u{0}\u{e}	\u{0}\u{f}ab	\u{0}\u{f}b	\u{0}\u{f}	\u{0}\u{10}ab
compiled_det	NORMAL	-	-	-1	0	0	11111111111110011110111111111110111000011111111010100000111000000111111111111000111011111111111011110100011101111010001111111011111111111111011
compiled_det_floor	x,x61,x62,x63,x64,x65,x6162,x6163,x6164,x616263,x616264,x6161,x616161,x616161,x616161,x7a,x71,x78,x7879,x787962,x787a,x61626364,x61626465,x616364,x6364,x6261,x6262,x616162,x61626162,x61626261,x626162,x666f62,x626172,x62617a,x666f,x666f62,x666f62,x696e62,x736962,x617a,x61207a,x617a71,x71617a,x31,x35,x39,x3130,x3031,x3035,x3030,x3137,x3130,x3130,x3530,x3530,x3035,x3939,x3037,x37,x3132,x3031,x717562,x5155,x5175,x517562,x4b,x6b,xe284aa,x53,x73,xc5bf,xcea3,xcf83,xcf82,xc784,xc785,xc786,x737462,x5354,x537462,xc3a9,xc3a9c3a9,xc389,xe697a5e69cac62,xe697a5e69cac,xf09f9880,xf09f9880f09f9880,xf09f9881,xf09f9882f09f9883,x09,x20,x5f,x2d,x5c,x2e,x717562,x7e61,x612662,x23,x40,x3c31,x617e62,x486562,x686562,x4845,x6b53,x4b53,xe284aa73,x61626369,x612e62,x617c,x2a61,x3f,x686562,x636174,x63617462,x646f62,x646f62,x6361,x6100,x610000,x00,x6165,x616365,x61626565,x787962,xc3bf,x6162,x786162,x616162,x62,x7862,x6261,x617862,x61,x6178,x616278,x616261,x,x78786162,x787862,x61627979,x626178
CASE	lev	ab	3	0	
probes	16	ab	xab	aab	b	xb	ba	axb	a	ax	abx	aba		xxab	xxxab	abyy	bax
lev	null
CASE	lev	ab	3	1	
probes	16	ab	xab	aab	b	xb	ba	axb	a	ax	abx	aba		xxab	xxxab	abyy	bax
lev	null
CASE	lev	abc	0	0	
probes	22	abc	xabc	aabc	bc	xbc	bac	axbc	ac	axc	acb	abxc	abac	ab	abx	abcx	abca	c		xxabc	xxxabc	abcyy	bacx
raw	4	3	1
rawdump	N,1/97/97;N,2/98/98;N,3/99/99;A
flags	0	0	0	1
nfarun	00000000010000000000000000000000000000000000000000000000000000000000000000000000000000000000000000000000000000000000000000000001000000000000000000000
compiled	SINGLE	x616263	-	-1	1	0	-
compiled_floor	-
det	4	3	1
detdump	N,1/97/97;N,2/98/98;N,3/99/99;A
min	4	3
run	00000000010000000000000000000000000000000000000000000000000000000000000000000000000000000000000000000000000000000000000000000001000000000000000000000
charrun	00000000010000000000000000000000000000000000000000000000000000000000000000000000000000000000000000000000000000000000000000000001000000000000000000000
prefix	abc
singleton	abc
topo	0,1,2,3
strings	1	abc
compiled_det	SINGLE	x616263	-	-1	1	0	-
compiled_det_floor	-
CASE	lev	abc	0	1	
probes	22	abc	xabc	aabc	bc	xbc	bac	axbc	ac	axc	acb	abxc	abac	ab	abx	abcx	abca	c		xxabc	xxxabc	abcyy	bacx
raw	4	3	1
rawdump	N,1/97/97;N,2/98/98;N,3/99/99;A
flags	0	0	0	1
nfarun	00000000010000000000000000000000000000000000000000000000000000000000000000000000000000000000000000000000000000000000000000000001000000000000000000000
compiled	SINGLE	x616263	-	-1	1	0	-
compiled_floor	-
det	4	3	1
detdump	N,1/97/97;N,2/98/98;N,3/99/99;A
min	4	3
run	00000000010000000000000000000000000000000000000000000000000000000000000000000000000000000000000000000000000000000000000000000001000000000000000000000
charrun	00000000010000000000000000000000000000000000000000000000000000000000000000000000000000000000000000000000000000000000000000000001000000000000000000000
prefix	abc
singleton	abc
topo	0,1,2,3
strings	1	abc
compiled_det	SINGLE	x616263	-	-1	1	0	-
compiled_det_floor	-
CASE	lev	abc	1	0	
probes	22	abc	xabc	aabc	bc	xbc	bac	axbc	ac	axc	acb	abxc	abac	ab	abx	abcx	abca	c		xxabc	xxxabc	abcyy	bacx
raw	12	24	1
rawdump	N,7/0/96,1/97/97,10/98/98,7/99/1114111;N,8/0/97,2/98/98,11/99/99,8/100/1114111;A,9/0/98,3/99/99,9/100/1114111;A,6/0/1114111;N,5/98/98;N,6/99/99;A;N,4/97/97,5/98/98;N,5/98/98,6/99/99;A,6/99/99;N,4/97/97,5/98/98,6/99/99;A,5/98/98,6/99/99
flags	0	0	0	1
nfarun	00000011011000000000010000000000000000000000000000000000000000000000000000000000000000000000000000000000000000000000000000000001111101110111111000000
compiled	NORMAL	-	-	-1	0	0	00000011011000000000010000000000000000000000000000000000000000000000000000000000000000000000000000000000000000000000000000000001111101110111111000000
compiled_floor	null,x606263,x61f48fbfbf63,x6263,x636263,x646263,x6162,x6163,x616363,x616263,x616264,x616063,x616063,x616063,x616063,x796263,x706263,x776263,x786263,x786263,x786263,x61626364,x61626463,x616363,x636263,x61f48fbfbf63,x62616263,x616063,x616261,x616262,x61f48fbfbf63,x666263,x62616263,x62616263,x666263,x666263,x666263,x696263,x736263,x617963,x612063,x617a63,x71616263,x306263,x346263,x386263,x306263,x2f6263,x2f6263,x2f6263,x306263,x306263,x306263,x346263,x346263,x2f6263,x386263,x2f6263,x366263,x306263,x2f6263,x716263,x506263,x516263,x516263,x4a6263,x6a6263,xe284a96263,x526263,x726263,xc5be6263,xcea26263,xcf826263,xcf816263,xc7836263,xc7846263,xc7856263,x736263,x526263,x536263,xc3a86263,xc3a96263,xc3886263,xe697a56263,xe697a56263,xf09f97bf6263,xf09f98806263,xf09f98806263,xf09f98826263,x086263,x1f6263,x5e6263,x2c6263,x5b6263,x2d6263,x716263,x7d6263,x612563,x226263,x3f6263,x3b6263,x617d63,x486263,x686263,x476263,x6a6263,x4a6263,xe284aa6263,x61626369,x612d63,x617b63,x296263,x3e6263,x686263,x63616263,x63616263,x646263,x646263,x6263,x606263,x606263,null,x616463,x616363,x61626563,x786263,xc3be6263,x616263,x78616263,x61616263,x6263,x786263,x62616263,x61786263,x6163,x617863,x6163,x61627863,x61626163,x6162,x616278,x61626378,x61626361,x6263,null,x786263,x786263,x61626379,x62616263
det	12	24	1
detdump	N,7/0/96,1/97/97,10/98/98,7/99/1114111;N,8/0/97,2/98/98,11/99/99,8/100/1114111;A,9/0/98,3/99/99,9/100/1114111;A,6/0/1114111;N,5/98/98;N,6/99/99;A;N,4/97/97,5/98/98;N,5/98/98,6/99/99;A,6/99/99;N,4/97/97,5/98/98,6/99/99;A,5/98/98,6/99/99
min	12	24
run	00000011011000000000010000000000000000000000000000000000000000000000000000000000000000000000000000000000000000000000000000000001111101110111111000000
charrun	00000011011000000000010000000000000000000000000000000000000000000000000000000000000000000000000000000000000000000000000000000001111101110111111000000
prefix	
singleton	null
topo	0,10,1,11,2,3,9,8,7,4,5,6
strings	50	\u{0}abc	\u{0}bc	\u{1}abc	\u{1}bc	\u{2}abc	\u{2}bc	\u{3}abc	\u{3}bc	\u{4}abc	\u{4}bc	\u{5}abc	\u{5}bc	\u{6}abc	\u{6}bc	\u{7}abc	\u{7}bc	\u{8}abc	\u{8}bc	\u{9}abc	\u{9}bc	\u{a}abc	\u{a}bc	\u{b}abc	\u{b}bc	\u{c}abc	\u{c}bc	\u{d}abc	\u{d}bc	\u{e}abc	\u{e}bc	\u{f}abc	\u{f}bc	\u{10}abc	\u{10}bc	\u{11}abc	\u{11}bc	\u{12}abc	\u{12}bc	\u{13}abc	\u{13}bc	\u{14}abc	\u{14}bc	\u{15}abc	\u{15}bc	\u{16}abc	\u{16}bc	\u{17}abc	\u{17}bc	\u{18}abc	\u{18}bc
compiled_det	NORMAL	-	-	-1	0	0	00000011011000000000010000000000000000000000000000000000000000000000000000000000000000000000000000000000000000000000000000000001111101110111111000000
compiled_det_floor	null,x606263,x61f48fbfbf63,x6263,x636263,x646263,x6162,x6163,x616363,x616263,x616264,x616063,x616063,x616063,x616063,x796263,x706263,x776263,x786263,x786263,x786263,x61626364,x61626463,x616363,x636263,x61f48fbfbf63,x62616263,x616063,x616261,x616262,x61f48fbfbf63,x666263,x62616263,x62616263,x666263,x666263,x666263,x696263,x736263,x617963,x612063,x617a63,x71616263,x306263,x346263,x386263,x306263,x2f6263,x2f6263,x2f6263,x306263,x306263,x306263,x346263,x346263,x2f6263,x386263,x2f6263,x366263,x306263,x2f6263,x716263,x506263,x516263,x516263,x4a6263,x6a6263,xe284a96263,x526263,x726263,xc5be6263,xcea26263,xcf826263,xcf816263,xc7836263,xc7846263,xc7856263,x736263,x526263,x536263,xc3a86263,xc3a96263,xc3886263,xe697a56263,xe697a56263,xf09f97bf6263,xf09f98806263,xf09f98806263,xf09f98826263,x086263,x1f6263,x5e6263,x2c6263,x5b6263,x2d6263,x716263,x7d6263,x612563,x226263,x3f6263,x3b6263,x617d63,x486263,x686263,x476263,x6a6263,x4a6263,xe284aa6263,x61626369,x612d63,x617b63,x296263,x3e6263,x686263,x63616263,x63616263,x646263,x646263,x6263,x606263,x606263,null,x616463,x616363,x61626563,x786263,xc3be6263,x616263,x78616263,x61616263,x6263,x786263,x62616263,x61786263,x6163,x617863,x6163,x61627863,x61626163,x6162,x616278,x61626378,x61626361,x6263,null,x786263,x786263,x61626379,x62616263
CASE	lev	abc	1	1	
probes	22	abc	xabc	aabc	bc	xbc	bac	axbc	ac	axc	acb	abxc	abac	ab	abx	abcx	abca	c		xxabc	xxxabc	abcyy	bacx
raw	12	24	1
rawdump	N,7/0/96,1/97/97,10/98/98,7/99/1114111;N,8/0/97,2/98/98,11/99/99,8/100/1114111;A,9/0/98,3/99/99,9/100/1114111;A,6/0/1114111;N,5/98/98;N,6/99/99;A;N,4/97/97,5/98/98;N,5/98/98,6/99/99;A,6/99/99;N,8/97/97,5/98/98,6/99/99;A,9/98/98,6/99/99
flags	0	0	0	1
nfarun	00000011011000000000010000000000000000000000000000000000000000000000000000000000000000000000000000000000000000000000000000000001111111111111111000000
compiled	NORMAL	-	-	-1	0	0	00000011011000000000010000000000000000000000000000000000000000000000000000000000000000000000000000000000000000000000000000000001111111111111111000000
compiled_floor	null,x606263,x61f48fbfbf63,x6263,x636263,x646263,x6162,x6163,x616363,x616263,x616264,x616063,x616063,x616063,x616063,x796263,x706263,x776263,x786263,x786263,x786263,x61626364,x61626463,x616363,x636263,x61f48fbfbf63,x626163,x616063,x616261,x616262,x61f48fbfbf63,x666263,x626163,x626163,x666263,x666263,x666263,x696263,x736263,x617963,x612063,x617a63,x71616263,x306263,x346263,x386263,x306263,x2f6263,x2f6263,x2f6263,x306263,x306263,x306263,x346263,x346263,x2f6263,x386263,x2f6263,x366263,x306263,x2f6263,x716263,x506263,x516263,x516263,x4a6263,x6a6263,xe284a96263,x526263,x726263,xc5be6263,xcea26263,xcf826263,xcf816263,xc7836263,xc7846263,xc7856263,x736263,x526263,x536263,xc3a86263,xc3a96263,xc3886263,xe697a56263,xe697a56263,xf09f97bf6263,xf09f98806263,xf09f98806263,xf09f98826263,x086263,x1f6263,x5e6263,x2c6263,x5b6263,x2d6263,x716263,x7d6263,x612563,x226263,x3f6263,x3b6263,x617d63,x486263,x686263,x476263,x6a6263,x4a6263,xe284aa6263,x61626369,x612d63,x617b63,x296263,x3e6263,x686263,x63616263,x63616263,x646263,x646263,x6263,x606263,x606263,null,x616463,x616363,x61626563,x786263,xc3be6263,x616263,x78616263,x61616263,x6263,x786263,x626163,x61786263,x6163,x617863,x616362,x61627863,x61626163,x6162,x616278,x61626378,x61626361,x6263,null,x786263,x786263,x61626379,x626163
det	12	24	1
detdump	N,7/0/96,1/97/97,10/98/98,7/99/1114111;N,8/0/97,2/98/98,11/99/99,8/100/1114111;A,9/0/98,3/99/99,9/100/1114111;A,6/0/1114111;N,5/98/98;N,6/99/99;A;N,4/97/97,5/98/98;N,5/98/98,6/99/99;A,6/99/99;N,8/97/97,5/98/98,6/99/99;A,9/98/98,6/99/99
min	12	24
run	00000011011000000000010000000000000000000000000000000000000000000000000000000000000000000000000000000000000000000000000000000001111111111111111000000
charrun	00000011011000000000010000000000000000000000000000000000000000000000000000000000000000000000000000000000000000000000000000000001111111111111111000000
prefix	
singleton	null
topo	0,10,1,11,2,3,9,8,7,4,5,6
strings	50	\u{0}abc	\u{0}bc	\u{1}abc	\u{1}bc	\u{2}abc	\u{2}bc	\u{3}abc	\u{3}bc	\u{4}abc	\u{4}bc	\u{5}abc	\u{5}bc	\u{6}abc	\u{6}bc	\u{7}abc	\u{7}bc	\u{8}abc	\u{8}bc	\u{9}abc	\u{9}bc	\u{a}abc	\u{a}bc	\u{b}abc	\u{b}bc	\u{c}abc	\u{c}bc	\u{d}abc	\u{d}bc	\u{e}abc	\u{e}bc	\u{f}abc	\u{f}bc	\u{10}abc	\u{10}bc	\u{11}abc	\u{11}bc	\u{12}abc	\u{12}bc	\u{13}abc	\u{13}bc	\u{14}abc	\u{14}bc	\u{15}abc	\u{15}bc	\u{16}abc	\u{16}bc	\u{17}abc	\u{17}bc	\u{18}abc	\u{18}bc
compiled_det	NORMAL	-	-	-1	0	0	00000011011000000000010000000000000000000000000000000000000000000000000000000000000000000000000000000000000000000000000000000001111111111111111000000
compiled_det_floor	null,x606263,x61f48fbfbf63,x6263,x636263,x646263,x6162,x6163,x616363,x616263,x616264,x616063,x616063,x616063,x616063,x796263,x706263,x776263,x786263,x786263,x786263,x61626364,x61626463,x616363,x636263,x61f48fbfbf63,x626163,x616063,x616261,x616262,x61f48fbfbf63,x666263,x626163,x626163,x666263,x666263,x666263,x696263,x736263,x617963,x612063,x617a63,x71616263,x306263,x346263,x386263,x306263,x2f6263,x2f6263,x2f6263,x306263,x306263,x306263,x346263,x346263,x2f6263,x386263,x2f6263,x366263,x306263,x2f6263,x716263,x506263,x516263,x516263,x4a6263,x6a6263,xe284a96263,x526263,x726263,xc5be6263,xcea26263,xcf826263,xcf816263,xc7836263,xc7846263,xc7856263,x736263,x526263,x536263,xc3a86263,xc3a96263,xc3886263,xe697a56263,xe697a56263,xf09f97bf6263,xf09f98806263,xf09f98806263,xf09f98826263,x086263,x1f6263,x5e6263,x2c6263,x5b6263,x2d6263,x716263,x7d6263,x612563,x226263,x3f6263,x3b6263,x617d63,x486263,x686263,x476263,x6a6263,x4a6263,xe284aa6263,x61626369,x612d63,x617b63,x296263,x3e6263,x686263,x63616263,x63616263,x646263,x646263,x6263,x606263,x606263,null,x616463,x616363,x61626563,x786263,xc3be6263,x616263,x78616263,x61616263,x6263,x786263,x626163,x61786263,x6163,x617863,x616362,x61627863,x61626163,x6162,x616278,x61626378,x61626361,x6263,null,x786263,x786263,x61626379,x626163
CASE	lev	abc	2	0	
probes	22	abc	xabc	aabc	bc	xbc	bac	axbc	ac	axc	acb	abxc	abac	ab	abx	abcx	abca	c		xxabc	xxxabc	abcyy	bacx
raw	26	77	1
rawdump	N,10/0/96,1/97/97,15/98/98,24/99/99,10/100/1114111;A,11/0/97,2/98/98,16/99/99,11/100/1114111;A,12/0/98,3/99/99,12/100/1114111;A,6/0/1114111;N,13/0/97,5/98/98,18/99/99,13/100/1114111;A,14/0/98,6/99/99,14/100/1114111;A,9/0/1114111;N,8/98/98;N,9/99/99;A;N,17/0/96,4/97/97,20/98/98,23/99/99,17/100/1114111;A,18/0/97,5/98/98,21/99/99,18/100/1114111;A,14/0/98,6/99/99,14/100/1114111;N,8/98/98,9/99/99;A,9/99/99;A,23/0/96,19/97/97,20/98/98,25/99/99,23/100/1114111;A,18/0/97,5/98/98,21/99/99,18/100/1114111;N,7/97/97,8/98/98,9/99/99;A,8/98/98,9/99/99;A,13/0/97,5/98/98,18/99/99,13/100/1114111;A,14/0/96,18/97/97,14/98/98,6/99/99,14/100/1114111;A,9/0/97,14/98/98,9/99/1114111;A,8/98/98;A,7/97/97,8/98/98,9/99/99;A,17/0/96,4/97/97,20/98/98,23/99/99,17/100/1114111;A,9/0/96,22/97/97,14/98/98,9/99/1114111
flags	0	0	0	1
nfarun	01110011111110000000011101111110000000011100000000000000000000000000000000000000000000000000000001000100000001100000000110111001111111111111111101010
compiled	NORMAL	-	-	-1	0	0	01110011111110000000011101111110000000011100000000000000000000000000000000000000000000000000000001000100000001100000000110111001111111111111111101010
compiled_floor	null,x61,x62,x63,x63f48fbfbf63,x64f48fbfbf63,x6162,x6163,x6164,x616263,x616264,x6161,x616161,x616161,x616161,x79f48fbfbf63,x70f48fbfbf63,x77f48fbfbf63,x787863,x787963,x787963,x61626364,x61626465,x616364,x636363,x6261,x6262,x616162,x61626162,x61626261,x626162,x666f63,x62617163,x62617963,x666e63,x666f63,x666f63,x696e63,x736963,x617a,x61207a,x617a71,x71617963,x30f48fbfbf63,x34f48fbfbf63,x38f48fbfbf63,x312f63,x303063,x303463,x302f63,x313663,x312f63,x312f63,x352f63,x352f63,x303463,x393863,x303663,x36f48fbfbf63,x313163,x303063,x717563,x515463,x517463,x517563,x4af48fbfbf63,x6af48fbfbf63,xe284a9f48fbfbf63,x52f48fbfbf63,x72f48fbfbf63,xc5bef48fbfbf63,xcea2f48fbfbf63,xcf82f48fbfbf63,xcf81f48fbfbf63,xc783f48fbfbf63,xc784f48fbfbf63,xc785f48fbfbf63,x737463,x535363,x537463,xc3a8f48fbfbf63,xc3a9c3a863,xc388f48fbfbf63,xe697a5e69cac63,xe697a5e69cab63,xf09f97bff48fbfbf63,xf09f9880f09f97bf63,xf09f9880f48fbfbf63,xf09f9882f09f988263,x08f48fbfbf63,x1ff48fbfbf63,x5ef48fbfbf63,x2cf48fbfbf63,x5bf48fbfbf63,x2df48fbfbf63,x717563,x7e6063,x612662,x22f48fbfbf63,x3ff48fbfbf63,x3c3063,x617e62,x486563,x686563,x484463,x6b5263,x4b5263,xe284aa7263,x616263696e,x612e62,x617c,x2a6063,x3ef48fbfbf63,x686563,x63617363,x63617463,x646f63,x646f63,x636063,x6100,x610000,null,x6165,x616365,x61626565,x787963,xc3bef48fbfbf63,x616263,x78616263,x61616263,x6263,x786263,x626163,x61786263,x6163,x617863,x616362,x61627863,x61626163,x6162,x616278,x61626378,x61626361,x63,null,x7878616263,x787863,x6162637979,x62616363
det	26	77	1
detdump	N,10/0/96,1/97/97,15/98/98,24/99/99,10/100/1114111;A,11/0/97,2/98/98,16/99/99,11/100/1114111;A,12/0/98,3/99/99,12/100/1114111;A,6/0/1114111;N,13/0/97,5/98/98,18/99/99,13/100/1114111;A,14/0/98,6/99/99,14/100/1114111;A,9/0/1114111;N,8/98/98;N,9/99/99;A;N,17/0/96,4/97/97,20/98/98,23/99/99,17/100/1114111;A,18/0/97,5/98/98,21/99/99,18/100/1114111;A,14/0/98,6/99/99,14/100/1114111;N,8/98/98,9/99/99;A,9/99/99;A,23/0/96,19/97/97,20/98/98,25/99/99,23/100/1114111;A,18/0/97,5/98/98,21/99/99,18/100/1114111;N,7/97/97,8/98/98,9/99/99;A,8/98/98,9/99/99;A,13/0/97,5/98/98,18/99/99,13/100/1114111;A,14/0/96,18/97/97,14/98/98,6/99/99,14/100/1114111;A,9/0/97,14/98/98,9/99/1114111;A,8/98/98;A,7/97/97,8/98/98,9/99/99;A,17/0/96,4/97/97,20/98/98,23/99/99,17/100/1114111;A,9/0/96,22/97/97,14/98/98,9/99/1114111
min	24	69
run	01110011111110000000011101111110000000011100000000000000000000000000000000000000000000000000000001000100000001100000000110111001111111111111111101010
charrun	01110011111110000000011101111110000000011100000000000000000000000000000000000000000000000000000001000100000001100000000110111001111111111111111101010
prefix	
singleton	null
topo	0,24,15,25,22,19,1,16,2,3,12,11,21,10,23,20,4,18,5,6,14,13,17,7,8,9
strings	50	\u{0}\u{0}abc	\u{0}\u{0}bc	\u{0}\u{0}c	\u{0}\u{1}abc	\u{0}\u{1}bc	\u{0}\u{1}c	\u{0}\u{2}abc	\u{0}\u{2}bc	\u{0}\u{2}c	\u{0}\u{3}abc	\u{0}\u{3}bc	\u{0}\u{3}c	\u{0}\u{4}abc	\u{0}\u{4}bc	\u{0}\u{4}c	\u{0}\u{5}abc	\u{0}\u{5}bc	\u{0}\u{5}c	\u{0}\u{6}abc	\u{0}\u{6}bc	\u{0}\u{6}c	\u{0}\u{7}abc	\u{0}\u{7}bc	\u{0}\u{7}c	\u{0}\u{8}abc	\u{0}\u{8}bc	\u{0}\u{8}c	\u{0}\u{9}abc	\u{0}\u{9}bc	\u{0}\u{9}c	\u{0}\u{a}abc	\u{0}\u{a}bc	\u{0}\u{a}c	\u{0}\u{b}abc	\u{0}\u{b}bc	\u{0}\u{b}c	\u{0}\u{c}abc	\u{0}\u{c}bc	\u{0}\u{c}c	\u{0}\u{d}abc	\u{0}\u{d}bc	\u{0}\u{d}c	\u{0}\u{e}abc	\u{0}\u{e}bc	\u{0}\u{e}c	\u{0}\u{f}abc	\u{0}\u{f}bc	\u{0}\u{f}c	\u{0}\u{10}abc	\u{0}\u{10}bc
compiled_det	NORMAL	-	-	-1	0	0	01110011111110000000011101111110000000011100000000000000000000000000000000000000000000000000000001000100000001100000000110111001111111111111111101010
compiled_det_floor	null,x61,x62,x63,x63f48fbfbf63,x64f48fbfbf63,x6162,x6163,x6164,x616263,x616264,x6161,x616161,x616161,x616161,x79f48fbfbf63,x70f48fbfbf63,x77f48fbfbf63,x787863,x787963,x787963,x61626364,x61626465,x616364,x636363,x6261,x6262,x616162,x61626162,x61626261,x626162,x666f63,x62617163,x62617963,x666e63,x666f63,x666f63,x696e63,x736963,x617a,x61207a,x617a71,x71617963,x30f48fbfbf63,x34f48fbfbf63,x38f48fbfbf63,x312f63,x303063,x303463,x302f63,x313663,x312f63,x312f63,x352f63,x352f63,x303463,x393863,x303663,x36f48fbfbf63,x313163,x303063,x717563,x515463,x517463,x517563,x4af48fbfbf63,x6af48fbfbf63,xe284a9f48fbfbf63,x52f48fbfbf63,x72f48fbfbf63,xc5bef48fbfbf63,xcea2f48fbfbf63,xcf82f48fbfbf63,xcf81f48fbfbf63,xc783f48fbfbf63,xc784f48fbfbf63,xc785f48fbfbf63,x737463,x535363,x537463,xc3a8f48fbfbf63,xc3a9c3a863,xc388f48fbfbf63,xe697a5e69cac63,xe697a5e69cab63,xf09f97bff48fbfbf63,xf09f9880f09f97bf63,xf09f9880f48fbfbf63,xf09f9882f09f988263,x08f48fbfbf63,x1ff48fbfbf63,x5ef48fbfbf63,x2cf48fbfbf63,x5bf48fbfbf63,x2df48fbfbf63,x717563,x7e6063,x612662,x22f48fbfbf63,x3ff48fbfbf63,x3c3063,x617e62,x486563,x686563,x484463,x6b5263,x4b5263,xe284aa7263,x616263696e,x612e62,x617c,x2a6063,x3ef48fbfbf63,x686563,x63617363,x63617463,x646f63,x646f63,x636063,x6100,x610000,null,x6165,x616365,x61626565,x787963,xc3bef48fbfbf63,x616263,x78616263,x61616263,x6263,x786263,x626163,x61786263,x6163,x617863,x616362,x61627863,x61626163,x6162,x616278,x61626378,x61626361,x63,null,x7878616263,x787863,x6162637979,x62616363
CASE	lev	abc	2	1	
probes	22	abc	xabc	aabc	bc	xbc	bac	axbc	ac	axc	acb	abxc	abac	ab	abx	abcx	abca	c		xxabc	xxxabc	abcyy	bacx
raw	27	78	1
rawdump	N,10/0/96,1/97/97,20/98/98,24/99/99,10/100/1114111;A,11/0/97,2/98/98,21/99/99,11/100/1114111;A,12/0/98,3/99/99,12/100/1114111;A,6/0/1114111;N,13/0/97,5/98/98,22/99/99,13/100/1114111;A,14/0/98,6/99/99,14/100/1114111;A,9/0/1114111;N,8/98/98;N,9/99/99;A;N,15/0/96,4/97/97,17/98/98,26/99/99,15/100/1114111;A,16/0/97,5/98/98,18/99/99,16/100/1114111;A,14/0/98,6/99/99,14/100/1114111;N,8/98/98,9/99/99;A,9/99/99;N,7/97/97,8/98/98,9/99/99;A,8/98/98,9/99/99;A,14/0/96,16/97/97,14/98/98,6/99/99,14/100/1114111;A,9/0/97,14/98/98,9/99/1114111;A,8/98/98;A,23/0/96,11/97/97,17/98/98,25/99/99,23/100/1114111;A,16/0/97,12/98/98,18/99/99,16/100/1114111;A,14/98/98,9/99/99;A,7/97/97,8/98/98,9/99/99;A,15/0/96,4/97/97,17/98/98,26/99/99,15/100/1114111;A,9/0/96,19/97/97,14/98/98,9/99/1114111;A,7/97/97,14/98/98,9/99/99
flags	0	0	0	1
nfarun	01110011111110000000011101111110110000011100000000000000000000000000000000000000000000000000000001000100000001100000000110111001111111111111111101011
compiled	NORMAL	-	-	-1	0	0	01110011111110000000011101111110110000011100000000000000000000000000000000000000000000000000000001000100000001100000000110111001111111111111111101011
compiled_floor	null,x61,x62,x63,x63f48fbfbf63,x64f48fbfbf63,x6162,x6163,x6164,x616263,x616264,x6161,x616161,x616161,x616161,x79f48fbfbf63,x70f48fbfbf63,x77f48fbfbf63,x787863,x787963,x787963,x61626364,x61626465,x616364,x636363,x6261,x6262,x616162,x61626162,x61626261,x626162,x666f63,x626172,x62617a,x666e63,x666f63,x666f63,x696e63,x736963,x617a,x61207a,x617a71,x71617963,x30f48fbfbf63,x34f48fbfbf63,x38f48fbfbf63,x312f63,x303063,x303463,x302f63,x313663,x312f63,x312f63,x352f63,x352f63,x303463,x393863,x303663,x36f48fbfbf63,x313163,x303063,x717563,x515463,x517463,x517563,x4af48fbfbf63,x6af48fbfbf63,xe284a9f48fbfbf63,x52f48fbfbf63,x72f48fbfbf63,xc5bef48fbfbf63,xcea2f48fbfbf63,xcf82f48fbfbf63,xcf81f48fbfbf63,xc783f48fbfbf63,xc784f48fbfbf63,xc785f48fbfbf63,x737463,x535363,x537463,xc3a8f48fbfbf63,xc3a9c3a863,xc388f48fbfbf63,xe697a5e69cac63,xe697a5e69cab63,xf09f97bff48fbfbf63,xf09f9880f09f97bf63,xf09f9880f48fbfbf63,xf09f9882f09f988263,x08f48fbfbf63,x1ff48fbfbf63,x5ef48fbfbf63,x2cf48fbfbf63,x5bf48fbfbf63,x2df48fbfbf63,x717563,x7e6063,x612662,x22f48fbfbf63,x3ff48fbfbf63,x3c3063,x617e62,x486563,x686563,x484463,x6b5263,x4b5263,xe284aa7263,x616263696e,x612e62,x617c,x2a6063,x3ef48fbfbf63,x686563,x63617363,x63617463,x646f63,x646f63,x636063,x6100,x610000,null,x6165,x616365,x61626565,x787963,xc3bef48fbfbf63,x616263,x78616263,x61616263,x6263,x786263,x626163,x61786263,x6163,x617863,x616362,x61627863,x61626163,x6162,x616278,x61626378,x61626361,x63,null,x7878616263,x787863,x6162637979,x62616378
det	27	78	1
detdump	N,10/0/96,1/97/97,20/98/98,24/99/99,10/100/1114111;A,11/0/97,2/98/98,21/99/99,11/100/1114111;A,12/0/98,3/99/99,12/100/1114111;A,6/0/1114111;N,13/0/97,5/98/98,22/99/99,13/100/1114111;A,14/0/98,6/99/99,14/100/1114111;A,9/0/1114111;N,8/98/98;N,9/99/99;A;N,15/0/96,4/97/97,17/98/98,26/99/99,15/100/1114111;A,16/0/97,5/98/98,18/99/99,16/100/1114111;A,14/0/98,6/99/99,14/100/1114111;N,8/98/98,9/99/99;A,9/99/99;N,7/97/97,8/98/98,9/99/99;A,8/98/98,9/99/99;A,14/0/96,16/97/97,14/98/98,6/99/99,14/100/1114111;A,9/0/97,14/98/98,9/99/1114111;A,8/98/98;A,23/0/96,11/97/97,17/98/98,25/99/99,23/100/1114111;A,16/0/97,12/98/98,18/99/99,16/100/1114111;A,14/98/98,9/99/99;A,7/97/97,8/98/98,9/99/99;A,15/0/96,4/97/97,17/98/98,26/99/99,15/100/1114111;A,9/0/96,19/97/97,14/98/98,9/99/1114111;A,7/97/97,14/98/98,9/99/99
min	25	70
run	01110011111110000000011101111110110000011100000000000000000000000000000000000000000000000000000001000100000001100000000110111001111111111111111101011
charrun	01110011111110000000011101111110110000011100000000000000000000000000000000000000000000000000000001000100000001100000000110111001111111111111111101011
prefix	
singleton	null
topo	0,24,20,25,19,23,1,21,2,3,12,11,18,10,26,17,16,4,22,5,6,14,13,15,7,8,9
strings	50	\u{0}\u{0}abc	\u{0}\u{0}bc	\u{0}\u{0}c	\u{0}\u{1}abc	\u{0}\u{1}bc	\u{0}\u{1}c	\u{0}\u{2}abc	\u{0}\u{2}bc	\u{0}\u{2}c	\u{0}\u{3}abc	\u{0}\u{3}bc	\u{0}\u{3}c	\u{0}\u{4}abc	\u{0}\u{4}bc	\u{0}\u{4}c	\u{0}\u{5}abc	\u{0}\u{5}bc	\u{0}\u{5}c	\u{0}\u{6}abc	\u{0}\u{6}bc	\u{0}\u{6}c	\u{0}\u{7}abc	\u{0}\u{7}bc	\u{0}\u{7}c	\u{0}\u{8}abc	\u{0}\u{8}bc	\u{0}\u{8}c	\u{0}\u{9}abc	\u{0}\u{9}bc	\u{0}\u{9}c	\u{0}\u{a}abc	\u{0}\u{a}bc	\u{0}\u{a}c	\u{0}\u{b}abc	\u{0}\u{b}bc	\u{0}\u{b}c	\u{0}\u{c}abc	\u{0}\u{c}bc	\u{0}\u{c}c	\u{0}\u{d}abc	\u{0}\u{d}bc	\u{0}\u{d}c	\u{0}\u{e}abc	\u{0}\u{e}bc	\u{0}\u{e}c	\u{0}\u{f}abc	\u{0}\u{f}bc	\u{0}\u{f}c	\u{0}\u{10}abc	\u{0}\u{10}bc
compiled_det	NORMAL	-	-	-1	0	0	01110011111110000000011101111110110000011100000000000000000000000000000000000000000000000000000001000100000001100000000110111001111111111111111101011
compiled_det_floor	null,x61,x62,x63,x63f48fbfbf63,x64f48fbfbf63,x6162,x6163,x6164,x616263,x616264,x6161,x616161,x616161,x616161,x79f48fbfbf63,x70f48fbfbf63,x77f48fbfbf63,x787863,x787963,x787963,x61626364,x61626465,x616364,x636363,x6261,x6262,x616162,x61626162,x61626261,x626162,x666f63,x626172,x62617a,x666e63,x666f63,x666f63,x696e63,x736963,x617a,x61207a,x617a71,x71617963,x30f48fbfbf63,x34f48fbfbf63,x38f48fbfbf63,x312f63,x303063,x303463,x302f63,x313663,x312f63,x312f63,x352f63,x352f63,x303463,x393863,x303663,x36f48fbfbf63,x313163,x303063,x717563,x515463,x517463,x517563,x4af48fbfbf63,x6af48fbfbf63,xe284a9f48fbfbf63,x52f48fbfbf63,x72f48fbfbf63,xc5bef48fbfbf63,xcea2f48fbfbf63,xcf82f48fbfbf63,xcf81f48fbfbf63,xc783f48fbfbf63,xc784f48fbfbf63,xc785f48fbfbf63,x737463,x535363,x537463,xc3a8f48fbfbf63,xc3a9c3a863,xc388f48fbfbf63,xe697a5e69cac63,xe697a5e69cab63,xf09f97bff48fbfbf63,xf09f9880f09f97bf63,xf09f9880f48fbfbf63,xf09f9882f09f988263,x08f48fbfbf63,x1ff48fbfbf63,x5ef48fbfbf63,x2cf48fbfbf63,x5bf48fbfbf63,x2df48fbfbf63,x717563,x7e6063,x612662,x22f48fbfbf63,x3ff48fbfbf63,x3c3063,x617e62,x486563,x686563,x484463,x6b5263,x4b5263,xe284aa7263,x616263696e,x612e62,x617c,x2a6063,x3ef48fbfbf63,x686563,x63617363,x63617463,x646f63,x646f63,x636063,x6100,x610000,null,x6165,x616365,x61626565,x787963,xc3bef48fbfbf63,x616263,x78616263,x61616263,x6263,x786263,x626163,x61786263,x6163,x617863,x616362,x61627863,x61626163,x6162,x616278,x61626378,x61626361,x63,null,x7878616263,x787863,x6162637979,x62616378
CASE	lev	abc	3	0	
probes	22	abc	xabc	aabc	bc	xbc	bac	axbc	ac	axc	acb	abxc	abac	ab	abx	abcx	abca	c		xxabc	xxxabc	abcyy	bacx
lev	null
CASE	lev	abc	3	1	
probes	22	abc	xabc	aabc	bc	xbc	bac	axbc	ac	axc	acb	abxc	abac	ab	abx	abcx	abca	c		xxabc	xxxabc	abcyy	bacx
lev	null
CASE	lev	kitten	0	0	
probes	35	kitten	xkitten	kkitten	itten	xitten	iktten	kxitten	ktten	kxtten	ktiten	kixtten	kiktten	kiten	kixten	kitxten	kitkten	kitxen	kitetn	kittxen	kittken	kittn	kittxn	kittne	kittexn	kittekn	kitte	kittex	kittenx	kittenk	tten	ten	xxkitten	xxxkitten	kittenyy	ikttenx
raw	7	6	1
rawdump	N,1/107/107;N,2/105/105;N,3/116/116;N,4/116/116;N,5/101/101;N,6/110/110;A
flags	0	0	0	1
nfarun	000000000000000000000000000000000000000000000000000000000000000000000000000000000000000000000000000000000000000000000000000000010000000000000000000000000000000000
compiled	SINGLE	x6b697474656e	-	-1	1	0	-
compiled_floor	-
det	7	6	1
detdump	N,1/107/107;N,2/105/105;N,3/116/116;N,4/116/116;N,5/101/101;N,6/110/110;A
min	7	6
run	000000000000000000000000000000000000000000000000000000000000000000000000000000000000000000000000000000000000000000000000000000010000000000000000000000000000000000
charrun	000000000000000000000000000000000000000000000000000000000000000000000000000000000000000000000000000000000000000000000000000000010000000000000000000000000000000000
prefix	kitten
singleton	kitten
topo	0,1,2,3,4,5,6
strings	1	kitten
compiled_det	SINGLE	x6b697474656e	-	-1	1	0	-
compiled_det_floor	-
CASE	lev	kitten	0	1	
probes	35	kitten	xkitten	kkitten	itten	xitten	iktten	kxitten	ktten	kxtten	ktiten	kixtten	kiktten	kiten	kixten	kitxten	kitkten	kitxen	kitetn	kittxen	kittken	kittn	kittxn	kittne	kittexn	kittekn	kitte	kittex	kittenx	kittenk	tten	ten	xxkitten	xxxkitten	kittenyy	ikttenx
raw	7	6	1
rawdump	N,1/107/107;N,2/105/105;N,3/116/116;N,4/116/116;N,5/101/101;N,6/110/110;A
flags	0	0	0	1
nfarun	000000000000000000000000000000000000000000000000000000000000000000000000000000000000000000000000000000000000000000000000000000010000000000000000000000000000000000
compiled	SINGLE	x6b697474656e	-	-1	1	0	-
compiled_floor	-
det	7	6	1
detdump	N,1/107/107;N,2/105/105;N,3/116/116;N,4/116/116;N,5/101/101;N,6/110/110;A
min	7	6
run	000000000000000000000000000000000000000000000000000000000000000000000000000000000000000000000000000000000000000000000000000000010000000000000000000000000000000000
charrun	000000000000000000000000000000000000000000000000000000000000000000000000000000000000000000000000000000000000000000000000000000010000000000000000000000000000000000
prefix	kitten
singleton	kitten
topo	0,1,2,3,4,5,6
strings	1	kitten
compiled_det	SINGLE	x6b697474656e	-	-1	1	0	-
compiled_det_floor	-
CASE	lev	kitten	1	0	
probes	35	kitten	xkitten	kkitten	itten	xitten	iktten	kxitten	ktten	kxtten	ktiten	kixtten	kiktten	kiten	kixten	kitxten	kitkten	kitxen	kitetn	kittxen	kittken	kittn	kittxn	kittne	kittexn	kittekn	kitte	kittex	kittenx	kittenk	tten	ten	xxkitten	xxxkitten	kittenyy	ikttenx
raw	23	52	1
rawdump	N,13/0/104,19/105/105,13/106/106,1/107/107,13/108/1114111;N,14/0/104,2/105/105,14/106/115,20/116/116,14/117/1114111;N,15/0/115,3/116/116,15/117/1114111;N,16/0/100,21/101/101,16/102/115,4/116/116,16/117/1114111;N,17/0/100,5/101/101,17/102/109,22/110/110,17/111/1114111;A,18/0/109,6/110/110,18/111/1114111;A,12/0/1114111;N,8/105/105;N,9/116/116;N,10/116/116;N,11/101/101;N,12/110/110;A;N,8/105/105,7/107/107;N,8/105/105,9/116/116;N,16/116/116;N,11/101/101,10/116/116;N,11/101/101,12/110/110;A,12/110/110;N,8/105/105,7/107/107,9/116/116;N,8/105/105,16/116/116;N,11/101/101,12/110/110,10/116/116;A,11/101/101,12/110/110
flags	0	0	0	1
nfarun	000000000000000000000000000000000000000000000000000000000000000000000000000000000000000000000000000000000000000000000000000000011111011101111111011110111111000000
compiled	NORMAL	-	-	-1	0	0	000000000000000000000000000000000000000000000000000000000000000000000000000000000000000000000000000000000000000000000000000000011111011101111111011110111111000000
compiled_floor	null,x606b697474656e,x616b697474656e,x626b697474656e,x636b697474656e,x646b697474656e,x606b697474656e,x606b697474656e,x606b697474656e,x606b697474656e,x606b697474656e,x606b697474656e,x606b697474656e,x606b697474656e,x606b697474656e,x796b697474656e,x706b697474656e,x776b697474656e,x786b697474656e,x786b697474656e,x786b697474656e,x606b697474656e,x606b697474656e,x606b697474656e,x626b697474656e,x616b697474656e,x616b697474656e,x606b697474656e,x606b697474656e,x606b697474656e,x616b697474656e,x666b697474656e,x616b697474656e,x616b697474656e,x666b697474656e,x666b697474656e,x666b697474656e,x696b697474656e,x726b697474656e,x616b697474656e,x606b697474656e,x616b697474656e,x706b697474656e,x306b697474656e,x346b697474656e,x386b697474656e,x306b697474656e,x2f6b697474656e,x2f6b697474656e,x2f6b697474656e,x306b697474656e,x306b697474656e,x306b697474656e,x346b697474656e,x346b697474656e,x2f6b697474656e,x386b697474656e,x2f6b697474656e,x366b697474656e,x306b697474656e,x2f6b697474656e,x716b697474656e,x506b697474656e,x516b697474656e,x516b697474656e,x4a6b697474656e,x6a6b697474656e,xe284a96b697474656e,x526b697474656e,x726b697474656e,xc5be6b697474656e,xcea26b697474656e,xcf826b697474656e,xcf816b697474656e,xc7836b697474656e,xc7846b697474656e,xc7856b697474656e,x736b697474656e,x526b697474656e,x536b697474656e,xc3a86b697474656e,xc3a96b697474656e,xc3886b697474656e,xe697a56b697474656e,xe697a56b697474656e,xf09f97bf6b697474656e,xf09f98806b697474656e,xf09f98806b697474656e,xf09f98826b697474656e,x086b697474656e,x1f6b697474656e,x5e6b697474656e,x2c6b697474656e,x5b6b697474656e,x2d6b697474656e,x716b697474656e,x7d6b697474656e,x606b697474656e,x226b697474656e,x3f6b697474656e,x3b6b697474656e,x616b697474656e,x476b697474656e,x676b697474656e,x476b697474656e,x6b527474656e,x4a6b697474656e,xe284aa6b697474656e,x606b697474656e,x606b697474656e,x616b697474656e,x296b697474656e,x3e6b697474656e,x676b697474656e,x626b697474656e,x626b697474656e,x646b697474656e,x646b697474656e,x626b697474656e,x606b697474656e,x606b697474656e,null,x606b697474656e,x606b697474656e,x606b697474656e,x786b697474656e,xc3be6b697474656e,x6b697474656e,x786b697474656e,x6b6b697474656e,x697474656e,x78697474656e,x696b697474656e,x6b78697474656e,x6b7474656e,x6b787474656e,x6b737474656e,x6b69787474656e,x6b696b7474656e,x6b6974656e,x6b697874656e,x6b69747874656e,x6b69746b74656e,x6b697478656e,x6b69746574656e,x6b69747478656e,x6b6974746b656e,x6b6974746e,x6b697474786e,x6b6974746e,x6b69747465786e,x6b697474656b6e,x6b69747465,x6b6974746578,x6b697474656e78,x6b697474656e6b,x746b697474656e,x736b697474656e,x786b697474656e,x786b697474656e,x6b697474656e79,x696b697474656e
det	23	52	1
detdump	N,13/0/104,19/105/105,13/106/106,1/107/107,13/108/1114111;N,14/0/104,2/105/105,14/106/115,20/116/116,14/117/1114111;N,15/0/115,3/116/116,15/117/1114111;N,16/0/100,21/101/101,16/102/115,4/116/116,16/117/1114111;N,17/0/100,5/101/101,17/102/109,22/110/110,17/111/1114111;A,18/0/109,6/110/110,18/111/1114111;A,12/0/1114111;N,8/105/105;N,9/116/116;N,10/116/116;N,11/101/101;N,12/110/110;A;N,8/105/105,7/107/107;N,8/105/105,9/116/116;N,16/116/116;N,11/101/101,10/116/116;N,11/101/101,12/110/110;A,12/110/110;N,8/105/105,7/107/107,9/116/116;N,8/105/105,16/116/116;N,11/101/101,12/110/110,10/116/116;A,11/101/101,12/110/110
min	23	52
run	000000000000000000000000000000000000000000000000000000000000000000000000000000000000000000000000000000000000000000000000000000011111011101111111011110111111000000
charrun	000000000000000000000000000000000000000000000000000000000000000000000000000000000000000000000000000000000000000000000000000000011111011101111111011110111111000000
prefix	
singleton	null
topo	0,1,20,2,3,4,22,5,6,18,17,21,15,16,14,19,13,7,8,9,10,11,12
strings	50	\u{0}itten	\u{0}kitten	\u{1}itten	\u{1}kitten	\u{2}itten	\u{2}kitten	\u{3}itten	\u{3}kitten	\u{4}itten	\u{4}kitten	\u{5}itten	\u{5}kitten	\u{6}itten	\u{6}kitten	\u{7}itten	\u{7}kitten	\u{8}itten	\u{8}kitten	\u{9}itten	\u{9}kitten	\u{a}itten	\u{a}kitten	\u{b}itten	\u{b}kitten	\u{c}itten	\u{c}kitten	\u{d}itten	\u{d}kitten	\u{e}itten	\u{e}kitten	\u{f}itten	\u{f}kitten	\u{10}itten	\u{10}kitten	\u{11}itten	\u{11}kitten	\u{12}itten	\u{12}kitten	\u{13}itten	\u{13}kitten	\u{14}itten	\u{14}kitten	\u{15}itten	\u{15}kitten	\u{16}itten	\u{16}kitten	\u{17}itten	\u{17}kitten	\u{18}itten	\u{18}kitten
compiled_det	NORMAL	-	-	-1	0	0	000000000000000000000000000000000000000000000000000000000000000000000000000000000000000000000000000000000000000000000000000000011111011101111111011110111111000000
compiled_det_floor	null,x606b697474656e,x616b697474656e,x626b697474656e,x636b697474656e,x646b697474656e,x606b697474656e,x606b697474656e,x606b697474656e,x606b697474656e,x606b697474656e,x606b697474656e,x606b697474656e,x606b697474656e,x606b697474656e,x796b697474656e,x706b697474656e,x776b697474656e,x786b697474656e,x786b697474656e,x786b697474656e,x606b697474656e,x606b697474656e,x606b697474656e,x626b697474656e,x616b697474656e,x616b697474656e,x606b697474656e,x606b697474656e,x606b697474656e,x616b697474656e,x666b697474656e,x616b697474656e,x616b697474656e,x666b697474656e,x666b697474656e,x666b697474656e,x696b697474656e,x726b697474656e,x616b697474656e,x606b697474656e,x616b697474656e,x706b697474656e,x306b697474656e,x346b697474656e,x386b697474656e,x306b697474656e,x2f6b697474656e,x2f6b697474656e,x2f6b697474656e,x306b697474656e,x306b697474656e,x306b697474656e,x346b697474656e,x346b697474656e,x2f6b697474656e,x386b697474656e,x2f6b697474656e,x366b697474656e,x306b697474656e,x2f6b697474656e,x716b697474656e,x506b697474656e,x516b697474656e,x516b697474656e,x4a6b697474656e,x6a6b697474656e,xe284a96b697474656e,x526b697474656e,x726b697474656e,xc5be6b697474656e,xcea26b697474656e,xcf826b697474656e,xcf816b697474656e,xc7836b697474656e,xc7846b697474656e,xc7856b697474656e,x736b697474656e,x526b697474656e,x536b697474656e,xc3a86b697474656e,xc3a96b697474656e,xc3886b697474656e,xe697a56b697474656e,xe697a56b697474656e,xf09f97bf6b697474656e,xf09f98806b697474656e,xf09f98806b697474656e,xf09f98826b697474656e,x086b697474656e,x1f6b697474656e,x5e6b697474656e,x2c6b697474656e,x5b6b697474656e,x2d6b697474656e,x716b697474656e,x7d6b697474656e,x606b697474656e,x226b697474656e,x3f6b697474656e,x3b6b697474656e,x616b697474656e,x476b697474656e,x676b697474656e,x476b697474656e,x6b527474656e,x4a6b697474656e,xe284aa6b697474656e,x606b697474656e,x606b697474656e,x616b697474656e,x296b697474656e,x3e6b697474656e,x676b697474656e,x626b697474656e,x626b697474656e,x646b697474656e,x646b697474656e,x626b697474656e,x606b697474656e,x606b697474656e,null,x606b697474656e,x606b697474656e,x606b697474656e,x786b697474656e,xc3be6b697474656e,x6b697474656e,x786b697474656e,x6b6b697474656e,x697474656e,x78697474656e,x696b697474656e,x6b78697474656e,x6b7474656e,x6b787474656e,x6b737474656e,x6b69787474656e,x6b696b7474656e,x6b6974656e,x6b697874656e,x6b69747874656e,x6b69746b74656e,x6b697478656e,x6b69746574656e,x6b69747478656e,x6b6974746b656e,x6b6974746e,x6b697474786e,x6b6974746e,x6b69747465786e,x6b697474656b6e,x6b69747465,x6b6974746578,x6b697474656e78,x6b697474656e6b,x746b697474656e,x736b697474656e,x786b697474656e,x786b697474656e,x6b697474656e79,x696b697474656e
CASE	lev	kitten	1	1	
probes	35	kitten	xkitten	kkitten	itten	xitten	iktten	kxitten	ktten	kxtten	ktiten	kixtten	kiktten	kiten	kixten	kitxten	kitkten	kitxen	kitetn	kittxen	kittken	kittn	kittxn	kittne	kittexn	kittekn	kitte	kittex	kittenx	kittenk	tten	ten	xxkitten	xxxkitten	kittenyy	ikttenx
raw	23	52	1
rawdump	N,13/0/104,19/105/105,13/106/106,1/107/107,13/108/1114111;N,14/0/104,2/105/105,14/106/115,20/116/116,14/117/1114111;N,15/0/115,3/116/116,15/117/1114111;N,16/0/100,21/101/101,16/102/115,4/116/116,16/117/1114111;N,17/0/100,5/101/101,17/102/109,22/110/110,17/111/1114111;A,18/0/109,6/110/110,18/111/1114111;A,12/0/1114111;N,8/105/105;N,9/116/116;N,10/116/116;N,11/101/101;N,12/110/110;A;N,8/105/105,7/107/107;N,8/105/105,9/116/116;N,16/116/116;N,11/101/101,10/116/116;N,11/101/101,12/110/110;A,12/110/110;N,8/105/105,14/107/107,9/116/116;N,15/105/105,16/116/116;N,11/101/101,12/110/110,17/116/116;A,18/101/101,12/110/110
flags	0	0	0	1
nfarun	000000000000000000000000000000000000000000000000000000000000000000000000000000000000000000000000000000000000000000000000000000011111111111111111111111111111000000
compiled	NORMAL	-	-	-1	0	0	000000000000000000000000000000000000000000000000000000000000000000000000000000000000000000000000000000000000000000000000000000011111111111111111111111111111000000
compiled_floor	null,x606b697474656e,x616b697474656e,x626b697474656e,x636b697474656e,x646b697474656e,x606b697474656e,x606b697474656e,x606b697474656e,x606b697474656e,x606b697474656e,x606b697474656e,x606b697474656e,x606b697474656e,x606b697474656e,x796b697474656e,x706b697474656e,x776b697474656e,x786b697474656e,x786b697474656e,x786b697474656e,x606b697474656e,x606b697474656e,x606b697474656e,x626b697474656e,x616b697474656e,x616b697474656e,x606b697474656e,x606b697474656e,x606b697474656e,x616b697474656e,x666b697474656e,x616b697474656e,x616b697474656e,x666b697474656e,x666b697474656e,x666b697474656e,x696b7474656e,x726b697474656e,x616b697474656e,x606b697474656e,x616b697474656e,x706b697474656e,x306b697474656e,x346b697474656e,x386b697474656e,x306b697474656e,x2f6b697474656e,x2f6b697474656e,x2f6b697474656e,x306b697474656e,x306b697474656e,x306b697474656e,x346b697474656e,x346b697474656e,x2f6b697474656e,x386b697474656e,x2f6b697474656e,x366b697474656e,x306b697474656e,x2f6b697474656e,x716b697474656e,x506b697474656e,x516b697474656e,x516b697474656e,x4a6b697474656e,x6a6b697474656e,xe284a96b697474656e,x526b697474656e,x726b697474656e,xc5be6b697474656e,xcea26b697474656e,xcf826b697474656e,xcf816b697474656e,xc7836b697474656e,xc7846b697474656e,xc7856b697474656e,x736b697474656e,x526b697474656e,x536b697474656e,xc3a86b697474656e,xc3a96b697474656e,xc3886b697474656e,xe697a56b697474656e,xe697a56b697474656e,xf09f97bf6b697474656e,xf09f98806b697474656e,xf09f98806b697474656e,xf09f98826b697474656e,x086b697474656e,x1f6b697474656e,x5e6b697474656e,x2c6b697474656e,x5b6b697474656e,x2d6b697474656e,x716b697474656e,x7d6b697474656e,x606b697474656e,x226b697474656e,x3f6b697474656e,x3b6b697474656e,x616b697474656e,x476b697474656e,x676b697474656e,x476b697474656e,x6b527474656e,x4a6b697474656e,xe284aa6b697474656e,x606b697474656e,x606b697474656e,x616b697474656e,x296b697474656e,x3e6b697474656e,x676b697474656e,x626b697474656e,x626b697474656e,x646b697474656e,x646b697474656e,x626b697474656e,x606b697474656e,x606b697474656e,null,x606b697474656e,x606b697474656e,x606b697474656e,x786b697474656e,xc3be6b697474656e,x6b697474656e,x786b697474656e,x6b6b697474656e,x697474656e,x78697474656e,x696b7474656e,x6b78697474656e,x6b7474656e,x6b787474656e,x6b746974656e,x6b69787474656e,x6b696b7474656e,x6b6974656e,x6b697874656e,x6b69747874656e,x6b69746b74656e,x6b697478656e,x6b697465746e,x6b69747478656e,x6b6974746b656e,x6b6974746e,x6b697474786e,x6b6974746e65,x6b69747465786e,x6b697474656b6e,x6b69747465,x6b6974746578,x6b697474656e78,x6b697474656e6b,x746b697474656e,x736b697474656e,x786b697474656e,x786b697474656e,x6b697474656e79,x696b7474656e
det	23	52	1
detdump	N,13/0/104,19/105/105,13/106/106,1/107/107,13/108/1114111;N,14/0/104,2/105/105,14/106/115,20/116/116,14/117/1114111;N,15/0/115,3/116/116,15/117/1114111;N,16/0/100,21/101/101,16/102/115,4/116/116,16/117/1114111;N,17/0/100,5/101/101,17/102/109,22/110/110,17/111/1114111;A,18/0/109,6/110/110,18/111/1114111;A,12/0/1114111;N,8/105/105;N,9/116/116;N,10/116/116;N,11/101/101;N,12/110/110;A;N,8/105/105,7/107/107;N,8/105/105,9/116/116;N,16/116/116;N,11/101/101,10/116/116;N,11/101/101,12/110/110;A,12/110/110;N,8/105/105,14/107/107,9/116/116;N,15/105/105,16/116/116;N,11/101/101,12/110/110,17/116/116;A,18/101/101,12/110/110
min	23	52
run	000000000000000000000000000000000000000000000000000000000000000000000000000000000000000000000000000000000000000000000000000000011111111111111111111111111111000000
charrun	000000000000000000000000000000000000000000000000000000000000000000000000000000000000000000000000000000000000000000000000000000011111111111111111111111111111000000
prefix	
singleton	null
topo	0,1,20,2,3,4,22,5,6,18,21,17,15,16,19,14,13,7,8,9,10,11,12
strings	50	\u{0}itten	\u{0}kitten	\u{1}itten	\u{1}kitten	\u{2}itten	\u{2}kitten	\u{3}itten	\u{3}kitten	\u{4}itten	\u{4}kitten	\u{5}itten	\u{5}kitten	\u{6}itten	\u{6}kitten	\u{7}itten	\u{7}kitten	\u{8}itten	\u{8}kitten	\u{9}itten	\u{9}kitten	\u{a}itten	\u{a}kitten	\u{b}itten	\u{b}kitten	\u{c}itten	\u{c}kitten	\u{d}itten	\u{d}kitten	\u{e}itten	\u{e}kitten	\u{f}itten	\u{f}kitten	\u{10}itten	\u{10}kitten	\u{11}itten	\u{11}kitten	\u{12}itten	\u{12}kitten	\u{13}itten	\u{13}kitten	\u{14}itten	\u{14}kitten	\u{15}itten	\u{15}kitten	\u{16}itten	\u{16}kitten	\u{17}itten	\u{17}kitten	\u{18}itten	\u{18}kitten
compiled_det	NORMAL	-	-	-1	0	0	000000000000000000000000000000000000000000000000000000000000000000000000000000000000000000000000000000000000000000000000000000011111111111111111111111111111000000
compiled_det_floor	null,x606b697474656e,x616b697474656e,x626b697474656e,x636b697474656e,x646b697474656e,x606b697474656e,x606b697474656e,x606b697474656e,x606b697474656e,x606b697474656e,x606b697474656e,x606b697474656e,x606b697474656e,x606b697474656e,x796b697474656e,x706b697474656e,x776b697474656e,x786b697474656e,x786b697474656e,x786b697474656e,x606b697474656e,x606b697474656e,x606b697474656e,x626b697474656e,x616b697474656e,x616b697474656e,x606b697474656e,x606b697474656e,x606b697474656e,x616b697474656e,x666b697474656e,x616b697474656e,x616b697474656e,x666b697474656e,x666b697474656e,x666b697474656e,x696b7474656e,x726b697474656e,x616b697474656e,x606b697474656e,x616b697474656e,x706b697474656e,x306b697474656e,x346b697474656e,x386b697474656e,x306b697474656e,x2f6b697474656e,x2f6b697474656e,x2f6b697474656e,x306b697474656e,x306b697474656e,x306b697474656e,x346b697474656e,x346b697474656e,x2f6b697474656e,x386b697474656e,x2f6b697474656e,x366b697474656e,x306b697474656e,x2f6b697474656e,x716b697474656e,x506b697474656e,x516b697474656e,x516b697474656e,x4a6b697474656e,x6a6b697474656e,xe284a96b697474656e,x526b697474656e,x726b697474656e,xc5be6b697474656e,xcea26b697474656e,xcf826b697474656e,xcf816b697474656e,xc7836b697474656e,xc7846b697474656e,xc7856b697474656e,x736b697474656e,x526b697474656e,x536b697474656e,xc3a86b697474656e,xc3a96b697474656e,xc3886b697474656e,xe697a56b697474656e,xe697a56b697474656e,xf09f97bf6b697474656e,xf09f98806b697474656e,xf09f98806b697474656e,xf09f98826b697474656e,x086b697474656e,x1f6b697474656e,x5e6b697474656e,x2c6b697474656e,x5b6b697474656e,x2d6b697474656e,x716b697474656e,x7d6b697474656e,x606b697474656e,x226b697474656e,x3f6b697474656e,x3b6b697474656e,x616b697474656e,x476b697474656e,x676b697474656e,x476b697474656e,x6b527474656e,x4a6b697474656e,xe284aa6b697474656e,x606b697474656e,x606b697474656e,x616b697474656e,x296b697474656e,x3e6b697474656e,x676b697474656e,x626b697474656e,x626b697474656e,x646b697474656e,x646b697474656e,x626b697474656e,x606b697474656e,x606b697474656e,null,x606b697474656e,x606b697474656e,x606b697474656e,x786b697474656e,xc3be6b697474656e,x6b697474656e,x786b697474656e,x6b6b697474656e,x697474656e,x78697474656e,x696b7474656e,x6b78697474656e,x6b7474656e,x6b787474656e,x6b746974656e,x6b69787474656e,x6b696b7474656e,x6b6974656e,x6b697874656e,x6b69747874656e,x6b69746b74656e,x6b697478656e,x6b697465746e,x6b69747478656e,x6b6974746b656e,x6b6974746e,x6b697474786e,x6b6974746e65,x6b69747465786e,x6b697474656b6e,x6b69747465,x6b6974746578,x6b697474656e78,x6b697474656e6b,x746b697474656e,x736b697474656e,x786b697474656e,x786b697474656e,x6b697474656e79,x696b7474656e
CASE	lev	kitten	2	0	
probes	35	kitten	xkitten	kkitten	itten	xitten	iktten	kxitten	ktten	kxtten	ktiten	kixtten	kiktten	kiten	kixten	kitxten	kitkten	kitxen	kitetn	kittxen	kittken	kittn	kittxn	kittne	kittexn	kittekn	kitte	kittex	kittenx	kittenk	tten	ten	xxkitten	xxxkitten	kittenyy	ikttenx
raw	62	245	1
flags	0	0	0	1
nfarun	000000000000000000000000000000000000000000000000000000000000000000000000000000000000000000000000000000000000000000000000000000011111111111111111111111111111101010
compiled	NORMAL	-	-	-1	0	0	000000000000000000000000000000000000000000000000000000000000000000000000000000000000000000000000000000000000000000000000000000011111111111111111111111111111101010
compiled_floor	null,x60f48fbfbf7474656e,x61f48fbfbf7474656e,x62f48fbfbf7474656e,x63f48fbfbf7474656e,x64f48fbfbf7474656e,x61617474656e,x61627474656e,x61637474656e,x61617474656e,x61617474656e,x61607474656e,x61607474656e,x61607474656e,x61607474656e,x79f48fbfbf7474656e,x70f48fbfbf7474656e,x77f48fbfbf7474656e,x78787474656e,x78797474656e,x78797474656e,x61617474656e,x61617474656e,x61627474656e,x63637474656e,x62607474656e,x62617474656e,x61607474656e,x61617474656e,x61617474656e,x62607474656e,x666f6b697474656e,x62616b697474656e,x62617474656e,x666e7474656e,x666f6b697474656e,x666f6b697474656e,x696d7474656e,x73696d7474656e,x61797474656e,x61207474656e,x617a6b697474656e,x71617474656e,x30f48fbfbf7474656e,x34f48fbfbf7474656e,x38f48fbfbf7474656e,x312f7474656e,x30307474656e,x30347474656e,x302f7474656e,x31367474656e,x312f7474656e,x312f7474656e,x352f7474656e,x352f7474656e,x30347474656e,x39387474656e,x30367474656e,x36f48fbfbf7474656e,x31317474656e,x30307474656e,x71747474656e,x51547474656e,x51747474656e,x51747474656e,x4af48fbfbf7474656e,x6af48fbfbf7474656e,xe284a9f48fbfbf7474656e,x52f48fbfbf7474656e,x72f48fbfbf7474656e,xc5bef48fbfbf7474656e,xcea2f48fbfbf7474656e,xcf82f48fbfbf7474656e,xcf81f48fbfbf7474656e,xc783f48fbfbf7474656e,xc784f48fbfbf7474656e,xc785f48fbfbf7474656e,x73746b697474656e,x53537474656e,x53746b697474656e,xc3a8f48fbfbf7474656e,xc3a9c3a87474656e,xc388f48fbfbf7474656e,xe697a5e69cac7474656e,xe697a5e69cab7474656e,xf09f97bff48fbfbf7474656e,xf09f9880f09f97bf7474656e,xf09f9880f48fbfbf7474656e,xf09f9882f09f98827474656e,x08f48fbfbf7474656e,x1ff48fbfbf7474656e,x5ef48fbfbf7474656e,x2cf48fbfbf7474656e,x5bf48fbfbf7474656e,x2df48fbfbf7474656e,x71756b697474656e,x7e607474656e,x61257474656e,x22f48fbfbf7474656e,x3ff48fbfbf7474656e,x3c307474656e,x617d7474656e,x48656b697474656e,x68656b697474656e,x48447474656e,x6b52f48fbfbf7474656e,x4b527474656e,xe284aa727474656e,x61617474656e,x612d7474656e,x617b7474656e,x2a607474656e,x3ef48fbfbf7474656e,x68656b697474656e,x63616b697474656e,x63616b697474656e,x646e7474656e,x646e7474656e,x63607474656e,x60f48fbfbf7474656e,x60f48fbfbf7474656e,null,x61647474656e,x61627474656e,x61617474656e,x78797474656e,xc3bef48fbfbf7474656e,x6b697474656e,x786b697474656e,x6b6b697474656e,x697474656e,x78697474656e,x696b7474656e,x6b78697474656e,x6b7474656e,x6b787474656e,x6b746974656e,x6b69787474656e,x6b696b7474656e,x6b6974656e,x6b697874656e,x6b69747874656e,x6b69746b74656e,x6b697478656e,x6b697465746e,x6b69747478656e,x6b6974746b656e,x6b6974746e,x6b697474786e,x6b6974746e65,x6b69747465786e,x6b697474656b6e,x6b69747465,x6b6974746578,x6b697474656e78,x6b697474656e6b,x7474656e,x74656b697474656e,x78786b697474656e,x78787474656e,x6b697474656e7979,x696b7474656e
det	62	245	1
min	60	235
run	000000000000000000000000000000000000000000000000000000000000000000000000000000000000000000000000000000000000000000000000000000011111111111111111111111111111101010
charrun	000000000000000000000000000000000000000000000000000000000000000000000000000000000000000000000000000000000000000000000000000000011111111111111111111111111111101010
prefix	
singleton	null
strings	50	\u{0}\u{0}itten	\u{0}\u{0}kitten	\u{0}\u{0}tten	\u{0}\u{1}itten	\u{0}\u{1}kitten	\u{0}\u{1}tten	\u{0}\u{2}itten	\u{0}\u{2}kitten	\u{0}\u{2}tten	\u{0}\u{3}itten	\u{0}\u{3}kitten	\u{0}\u{3}tten	\u{0}\u{4}itten	\u{0}\u{4}kitten	\u{0}\u{4}tten	\u{0}\u{5}itten	\u{0}\u{5}kitten	\u{0}\u{5}tten	\u{0}\u{6}itten	\u{0}\u{6}kitten	\u{0}\u{6}tten	\u{0}\u{7}itten	\u{0}\u{7}kitten	\u{0}\u{7}tten	\u{0}\u{8}itten	\u{0}\u{8}kitten	\u{0}\u{8}tten	\u{0}\u{9}itten	\u{0}\u{9}kitten	\u{0}\u{9}tten	\u{0}\u{a}itten	\u{0}\u{a}kitten	\u{0}\u{a}tten	\u{0}\u{b}itten	\u{0}\u{b}kitten	\u{0}\u{b}tten	\u{0}\u{c}itten	\u{0}\u{c}kitten	\u{0}\u{c}tten	\u{0}\u{d}itten	\u{0}\u{d}kitten	\u{0}\u{d}tten	\u{0}\u{e}itten	\u{0}\u{e}kitten	\u{0}\u{e}tten	\u{0}\u{f}itten	\u{0}\u{f}kitten	\u{0}\u{f}tten	\u{0}\u{10}itten	\u{0}\u{10}kitten
compiled_det	NORMAL	-	-	-1	0	0	000000000000000000000000000000000000000000000000000000000000000000000000000000000000000000000000000000000000000000000000000000011111111111111111111111111111101010
compiled_det_floor	null,x60f48fbfbf7474656e,x61f48fbfbf7474656e,x62f48fbfbf7474656e,x63f48fbfbf7474656e,x64f48fbfbf7474656e,x61617474656e,x61627474656e,x61637474656e,x61617474656e,x61617474656e,x61607474656e,x61607474656e,x61607474656e,x61607474656e,x79f48fbfbf7474656e,x70f48fbfbf7474656e,x77f48fbfbf7474656e,x78787474656e,x78797474656e,x78797474656e,x61617474656e,x61617474656e,x61627474656e,x63637474656e,x62607474656e,x62617474656e,x61607474656e,x61617474656e,x61617474656e,x62607474656e,x666f6b697474656e,x62616b697474656e,x62617474656e,x666e7474656e,x666f6b697474656e,x666f6b697474656e,x696d7474656e,x73696d7474656e,x61797474656e,x61207474656e,x617a6b697474656e,x71617474656e,x30f48fbfbf7474656e,x34f48fbfbf7474656e,x38f48fbfbf7474656e,x312f7474656e,x30307474656e,x30347474656e,x302f7474656e,x31367474656e,x312f7474656e,x312f7474656e,x352f7474656e,x352f7474656e,x30347474656e,x39387474656e,x30367474656e,x36f48fbfbf7474656e,x31317474656e,x30307474656e,x71747474656e,x51547474656e,x51747474656e,x51747474656e,x4af48fbfbf7474656e,x6af48fbfbf7474656e,xe284a9f48fbfbf7474656e,x52f48fbfbf7474656e,x72f48fbfbf7474656e,xc5bef48fbfbf7474656e,xcea2f48fbfbf7474656e,xcf82f48fbfbf7474656e,xcf81f48fbfbf7474656e,xc783f48fbfbf7474656e,xc784f48fbfbf7474656e,xc785f48fbfbf7474656e,x73746b697474656e,x53537474656e,x53746b697474656e,xc3a8f48fbfbf7474656e,xc3a9c3a87474656e,xc388f48fbfbf7474656e,xe697a5e69cac7474656e,xe697a5e69cab7474656e,xf09f97bff48fbfbf7474656e,xf09f9880f09f97bf7474656e,xf09f9880f48fbfbf7474656e,xf09f9882f09f98827474656e,x08f48fbfbf7474656e,x1ff48fbfbf7474656e,x5ef48fbfbf7474656e,x2cf48fbfbf7474656e,x5bf48fbfbf7474656e,x2df48fbfbf7474656e,x71756b697474656e,x7e607474656e,x61257474656e,x22f48fbfbf7474656e,x3ff48fbfbf7474656e,x3c307474656e,x617d7474656e,x48656b697474656e,x68656b697474656e,x48447474656e,x6b52f48fbfbf7474656e,x4b527474656e,xe284aa727474656e,x61617474656e,x612d7474656e,x617b7474656e,x2a607474656e,x3ef48fbfbf7474656e,x68656b697474656e,x63616b697474656e,x63616b697474656e,x646e7474656e,x646e7474656e,x63607474656e,x60f48fbfbf7474656e,x60f48fbfbf7474656e,null,x61647474656e,x61627474656e,x61617474656e,x78797474656e,xc3bef48fbfbf7474656e,x6b697474656e,x786b697474656e,x6b6b697474656e,x697474656e,x78697474656e,x696b7474656e,x6b78697474656e,x6b7474656e,x6b787474656e,x6b746974656e,x6b69787474656e,x6b696b7474656e,x6b6974656e,x6b697874656e,x6b69747874656e,x6b69746b74656e,x6b697478656e,x6b697465746e,x6b69747478656e,x6b6974746b656e,x6b6974746e,x6b697474786e,x6b6974746e65,x6b69747465786e,x6b697474656b6e,x6b69747465,x6b6974746578,x6b697474656e78,x6b697474656e6b,x7474656e,x74656b697474656e,x78786b697474656e,x78787474656e,x6b697474656e7979,x696b7474656e
CASE	lev	kitten	2	1	
probes	35	kitten	xkitten	kkitten	itten	xitten	iktten	kxitten	ktten	kxtten	ktiten	kixtten	kiktten	kiten	kixten	kitxten	kitkten	kitxen	kitetn	kittxen	kittken	kittn	kittxn	kittne	kittexn	kittekn	kitte	kittex	kittenx	kittenk	tten	ten	xxkitten	xxxkitten	kittenyy	ikttenx
raw	64	244	1
flags	0	0	0	1
nfarun	000000000000000000000000000000000000000000000000000000000000000000000000000000000000000000000000000000000000000000000000000000011111111111111111111111111111101011
compiled	NORMAL	-	-	-1	0	0	000000000000000000000000000000000000000000000000000000000000000000000000000000000000000000000000000000000000000000000000000000011111111111111111111111111111101011
compiled_floor	null,x60f48fbfbf7474656e,x61f48fbfbf7474656e,x62f48fbfbf7474656e,x63f48fbfbf7474656e,x64f48fbfbf7474656e,x61617474656e,x61627474656e,x61637474656e,x61617474656e,x61617474656e,x61607474656e,x61607474656e,x61607474656e,x61607474656e,x79f48fbfbf7474656e,x70f48fbfbf7474656e,x77f48fbfbf7474656e,x78787474656e,x78797474656e,x78797474656e,x61617474656e,x61617474656e,x61627474656e,x63637474656e,x62607474656e,x62617474656e,x61607474656e,x61617474656e,x61617474656e,x62607474656e,x666f6b697474656e,x62616b697474656e,x62617474656e,x666e7474656e,x666f6b697474656e,x666f6b697474656e,x696d7474656e,x73696d7474656e,x61797474656e,x61207474656e,x617a6b697474656e,x71617474656e,x30f48fbfbf7474656e,x34f48fbfbf7474656e,x38f48fbfbf7474656e,x312f7474656e,x30307474656e,x30347474656e,x302f7474656e,x31367474656e,x312f7474656e,x312f7474656e,x352f7474656e,x352f7474656e,x30347474656e,x39387474656e,x30367474656e,x36f48fbfbf7474656e,x31317474656e,x30307474656e,x71747474656e,x51547474656e,x51747474656e,x51747474656e,x4af48fbfbf7474656e,x6af48fbfbf7474656e,xe284a9f48fbfbf7474656e,x52f48fbfbf7474656e,x72f48fbfbf7474656e,xc5bef48fbfbf7474656e,xcea2f48fbfbf7474656e,xcf82f48fbfbf7474656e,xcf81f48fbfbf7474656e,xc783f48fbfbf7474656e,xc784f48fbfbf7474656e,xc785f48fbfbf7474656e,x73746b697474656e,x53537474656e,x53746b697474656e,xc3a8f48fbfbf7474656e,xc3a9c3a87474656e,xc388f48fbfbf7474656e,xe697a5e69cac7474656e,xe697a5e69cab7474656e,xf09f97bff48fbfbf7474656e,xf09f9880f09f97bf7474656e,xf09f9880f48fbfbf7474656e,xf09f9882f09f98827474656e,x08f48fbfbf7474656e,x1ff48fbfbf7474656e,x5ef48fbfbf7474656e,x2cf48fbfbf7474656e,x5bf48fbfbf7474656e,x2df48fbfbf7474656e,x71756b697474656e,x7e607474656e,x61257474656e,x22f48fbfbf7474656e,x3ff48fbfbf7474656e,x3c307474656e,x617d7474656e,x48656b697474656e,x68656b697474656e,x48447474656e,x6b52f48fbfbf7474656e,x4b527474656e,xe284aa727474656e,x61617474656e,x612d7474656e,x617b7474656e,x2a607474656e,x3ef48fbfbf7474656e,x68656b697474656e,x63616b697474656e,x63616b697474656e,x646e7474656e,x646e7474656e,x63607474656e,x60f48fbfbf7474656e,x60f48fbfbf7474656e,null,x61647474656e,x61627474656e,x61617474656e,x78797474656e,xc3bef48fbfbf7474656e,x6b697474656e,x786b697474656e,x6b6b697474656e,x697474656e,x78697474656e,x696b7474656e,x6b78697474656e,x6b7474656e,x6b787474656e,x6b746974656e,x6b69787474656e,x6b696b7474656e,x6b6974656e,x6b697874656e,x6b69747874656e,x6b69746b74656e,x6b697478656e,x6b697465746e,x6b69747478656e,x6b6974746b656e,x6b6974746e,x6b697474786e,x6b6974746e65,x6b69747465786e,x6b697474656b6e,x6b69747465,x6b6974746578,x6b697474656e78,x6b697474656e6b,x7474656e,x74656b697474656e,x78786b697474656e,x78787474656e,x6b697474656e7979,x696b7474656e78
det	64	244	1
min	62	234
run	000000000000000000000000000000000000000000000000000000000000000000000000000000000000000000000000000000000000000000000000000000011111111111111111111111111111101011
charrun	000000000000000000000000000000000000000000000000000000000000000000000000000000000000000000000000000000000000000000000000000000011111111111111111111111111111101011
prefix	
singleton	null
strings	50	\u{0}\u{0}itten	\u{0}\u{0}kitten	\u{0}\u{0}tten	\u{0}\u{1}itten	\u{0}\u{1}kitten	\u{0}\u{1}tten	\u{0}\u{2}itten	\u{0}\u{2}kitten	\u{0}\u{2}tten	\u{0}\u{3}itten	\u{0}\u{3}kitten	\u{0}\u{3}tten	\u{0}\u{4}itten	\u{0}\u{4}kitten	\u{0}\u{4}tten	\u{0}\u{5}itten	\u{0}\u{5}kitten	\u{0}\u{5}tten	\u{0}\u{6}itten	\u{0}\u{6}kitten	\u{0}\u{6}tten	\u{0}\u{7}itten	\u{0}\u{7}kitten	\u{0}\u{7}tten	\u{0}\u{8}itten	\u{0}\u{8}kitten	\u{0}\u{8}tten	\u{0}\u{9}itten	\u{0}\u{9}kitten	\u{0}\u{9}tten	\u{0}\u{a}itten	\u{0}\u{a}kitten	\u{0}\u{a}tten	\u{0}\u{b}itten	\u{0}\u{b}kitten	\u{0}\u{b}tten	\u{0}\u{c}itten	\u{0}\u{c}kitten	\u{0}\u{c}tten	\u{0}\u{d}itten	\u{0}\u{d}kitten	\u{0}\u{d}tten	\u{0}\u{e}itten	\u{0}\u{e}kitten	\u{0}\u{e}tten	\u{0}\u{f}itten	\u{0}\u{f}kitten	\u{0}\u{f}tten	\u{0}\u{10}itten	\u{0}\u{10}kitten
compiled_det	NORMAL	-	-	-1	0	0	000000000000000000000000000000000000000000000000000000000000000000000000000000000000000000000000000000000000000000000000000000011111111111111111111111111111101011
compiled_det_floor	null,x60f48fbfbf7474656e,x61f48fbfbf7474656e,x62f48fbfbf7474656e,x63f48fbfbf7474656e,x64f48fbfbf7474656e,x61617474656e,x61627474656e,x61637474656e,x61617474656e,x61617474656e,x61607474656e,x61607474656e,x61607474656e,x61607474656e,x79f48fbfbf7474656e,x70f48fbfbf7474656e,x77f48fbfbf7474656e,x78787474656e,x78797474656e,x78797474656e,x61617474656e,x61617474656e,x61627474656e,x63637474656e,x62607474656e,x62617474656e,x61607474656e,x61617474656e,x61617474656e,x62607474656e,x666f6b697474656e,x62616b697474656e,x62617474656e,x666e7474656e,x666f6b697474656e,x666f6b697474656e,x696d7474656e,x73696d7474656e,x61797474656e,x61207474656e,x617a6b697474656e,x71617474656e,x30f48fbfbf7474656e,x34f48fbfbf7474656e,x38f48fbfbf7474656e,x312f7474656e,x30307474656e,x30347474656e,x302f7474656e,x31367474656e,x312f7474656e,x312f7474656e,x352f7474656e,x352f7474656e,x30347474656e,x39387474656e,x30367474656e,x36f48fbfbf7474656e,x31317474656e,x30307474656e,x71747474656e,x51547474656e,x51747474656e,x51747474656e,x4af48fbfbf7474656e,x6af48fbfbf7474656e,xe284a9f48fbfbf7474656e,x52f48fbfbf7474656e,x72f48fbfbf7474656e,xc5bef48fbfbf7474656e,xcea2f48fbfbf7474656e,xcf82f48fbfbf7474656e,xcf81f48fbfbf7474656e,xc783f48fbfbf7474656e,xc784f48fbfbf7474656e,xc785f48fbfbf7474656e,x73746b697474656e,x53537474656e,x53746b697474656e,xc3a8f48fbfbf7474656e,xc3a9c3a87474656e,xc388f48fbfbf7474656e,xe697a5e69cac7474656e,xe697a5e69cab7474656e,xf09f97bff48fbfbf7474656e,xf09f9880f09f97bf7474656e,xf09f9880f48fbfbf7474656e,xf09f9882f09f98827474656e,x08f48fbfbf7474656e,x1ff48fbfbf7474656e,x5ef48fbfbf7474656e,x2cf48fbfbf7474656e,x5bf48fbfbf7474656e,x2df48fbfbf7474656e,x71756b697474656e,x7e607474656e,x61257474656e,x22f48fbfbf7474656e,x3ff48fbfbf7474656e,x3c307474656e,x617d7474656e,x48656b697474656e,x68656b697474656e,x48447474656e,x6b52f48fbfbf7474656e,x4b527474656e,xe284aa727474656e,x61617474656e,x612d7474656e,x617b7474656e,x2a607474656e,x3ef48fbfbf7474656e,x68656b697474656e,x63616b697474656e,x63616b697474656e,x646e7474656e,x646e7474656e,x63607474656e,x60f48fbfbf7474656e,x60f48fbfbf7474656e,null,x61647474656e,x61627474656e,x61617474656e,x78797474656e,xc3bef48fbfbf7474656e,x6b697474656e,x786b697474656e,x6b6b697474656e,x697474656e,x78697474656e,x696b7474656e,x6b78697474656e,x6b7474656e,x6b787474656e,x6b746974656e,x6b69787474656e,x6b696b7474656e,x6b6974656e,x6b697874656e,x6b69747874656e,x6b69746b74656e,x6b697478656e,x6b697465746e,x6b69747478656e,x6b6974746b656e,x6b6974746e,x6b697474786e,x6b6974746e65,x6b69747465786e,x6b697474656b6e,x6b69747465,x6b6974746578,x6b697474656e78,x6b697474656e6b,x7474656e,x74656b697474656e,x78786b697474656e,x78787474656e,x6b697474656e7979,x696b7474656e78
CASE	lev	kitten	3	0	
probes	35	kitten	xkitten	kkitten	itten	xitten	iktten	kxitten	ktten	kxtten	ktiten	kixtten	kiktten	kiten	kixten	kitxten	kitkten	kitxen	kitetn	kittxen	kittken	kittn	kittxn	kittne	kittexn	kittekn	kitte	kittex	kittenx	kittenk	tten	ten	xxkitten	xxxkitten	kittenyy	ikttenx
lev	null
CASE	lev	kitten	3	1	
probes	35	kitten	xkitten	kkitten	itten	xitten	iktten	kxitten	ktten	kxtten	ktiten	kixtten	kiktten	kiten	kixten	kitxten	kitkten	kitxen	kitetn	kittxen	kittken	kittn	kittxn	kittne	kittexn	kittekn	kitte	kittex	kittenx	kittenk	tten	ten	xxkitten	xxxkitten	kittenyy	ikttenx
lev	null
CASE	lev	lucene	0	0	
probes	37	lucene	xlucene	llucene	ucene	xucene	ulcene	lxucene	lcene	lxcene	lcuene	luxcene	lulcene	luene	luxene	luecne	lucxene	luclene	lucne	lucxne	lucnee	lucexne	lucelne	lucee	lucexe	luceen	lucenxe	lucenle	lucen	lucenx	lucenex	lucenel	cene	ene	xxlucene	xxxlucene	luceneyy	ulcenex
raw	7	6	1
rawdump	N,1/108/108;N,2/117/117;N,3/99/99;N,4/101/101;N,5/110/110;N,6/101/101;A
flags	0	0	0	1
nfarun	00000000000000000000000000000000000000000000000000000000000000000000000000000000000000000000000000000000000000000000000000000001000000000000000000000000000000000000
compiled	SINGLE	x6c7563656e65	-	-1	1	0	-
compiled_floor	-
det	7	6	1
detdump	N,1/108/108;N,2/117/117;N,3/99/99;N,4/101/101;N,5/110/110;N,6/101/101;A
min	7	6
run	00000000000000000000000000000000000000000000000000000000000000000000000000000000000000000000000000000000000000000000000000000001000000000000000000000000000000000000
charrun	00000000000000000000000000000000000000000000000000000000000000000000000000000000000000000000000000000000000000000000000000000001000000000000000000000000000000000000
prefix	lucene
singleton	lucene
topo	0,1,2,3,4,5,6
strings	1	lucene
compiled_det	SINGLE	x6c7563656e65	-	-1	1	0	-
compiled_det_floor	-
CASE	lev	lucene	0	1	
probes	37	lucene	xlucene	llucene	ucene	xucene	ulcene	lxucene	lcene	lxcene	lcuene	luxcene	lulcene	luene	luxene	luecne	lucxene	luclene	lucne	lucxne	lucnee	lucexne	lucelne	lucee	lucexe	luceen	lucenxe	lucenle	lucen	lucenx	lucenex	lucenel	cene	ene	xxlucene	xxxlucene	luceneyy	ulcenex
raw	7	6	1
rawdump	N,1/108/108;N,2/117/117;N,3/99/99;N,4/101/101;N,5/110/110;N,6/101/101;A
flags	0	0	0	1
nfarun	00000000000000000000000000000000000000000000000000000000000000000000000000000000000000000000000000000000000000000000000000000001000000000000000000000000000000000000
compiled	SINGLE	x6c7563656e65	-	-1	1	0	-
compiled_floor	-
det	7	6	1
detdump	N,1/108/108;N,2/117/117;N,3/99/99;N,4/101/101;N,5/110/110;N,6/101/101;A
min	7	6
run	00000000000000000000000000000000000000000000000000000000000000000000000000000000000000000000000000000000000000000000000000000001000000000000000000000000000000000000
charrun	00000000000000000000000000000000000000000000000000000000000000000000000000000000000000000000000000000000000000000000000000000001000000000000000000000000000000000000
prefix	lucene
singleton	lucene
topo	0,1,2,3,4,5,6
strings	1	lucene
compiled_det	SINGLE	x6c7563656e65	-	-1	1	0	-
compiled_det_floor	-
CASE	lev	lucene	1	0	
probes	37	lucene	xlucene	llucene	ucene	xucene	ulcene	lxucene	lcene	lxcene	lcuene	luxcene	lulcene	luene	luxene	luecne	lucxene	luclene	lucne	lucxne	lucnee	lucexne	lucelne	lucee	lucexe	luceen	lucenxe	lucenle	lucen	lucenx	lucenex	lucenel	cene	ene	xxlucene	xxxlucene	luceneyy	ulcenex
raw	25	59	1
rawdump	N,13/0/107,1/108/108,13/109/116,19/117/117,13/118/1114111;N,14/0/98,20/99/99,14/100/116,2/117/117,14/118/1114111;N,15/0/98,3/99/99,15/100/100,21/101/101,15/102/1114111;N,16/0/100,4/101/101,16/102/109,22/110/110,16/111/1114111;N,17/0/100,23/101/101,17/102/109,5/110/110,17/111/1114111;A,18/0/100,6/101/101,18/102/1114111;A,12/0/1114111;N,8/117/117;N,9/99/99;N,10/101/101;N,11/110/110;N,12/101/101;A;N,7/108/108,8/117/117;N,9/99/99,8/117/117;N,9/99/99,10/101/101;N,10/101/101,11/110/110;N,12/101/101,11/110/110;A,12/101/101;N,9/99/99,7/108/108,8/117/117;N,9/99/99,10/101/101,8/117/117;N,9/99/99,10/101/101,11/110/110;N,24/101/101,11/110/110;A,12/101/101,11/110/110;A,11/110/110
flags	0	0	0	1
nfarun	00000000000000000000000000000000000000000000000000000000000000000000000000000000000000000000000000000000000000000000000000000001111101110111101111011110111111000000
compiled	NORMAL	-	-	-1	0	0	00000000000000000000000000000000000000000000000000000000000000000000000000000000000000000000000000000000000000000000000000000001111101110111101111011110111111000000
compiled_floor	null,x607563656e65,x617563656e65,x627563656e65,x637563656e65,x647563656e65,x607563656e65,x607563656e65,x607563656e65,x607563656e65,x607563656e65,x607563656e65,x607563656e65,x607563656e65,x607563656e65,x797563656e65,x707563656e65,x777563656e65,x787563656e65,x787563656e65,x787563656e65,x607563656e65,x607563656e65,x607563656e65,x627563656e65,x617563656e65,x617563656e65,x607563656e65,x607563656e65,x607563656e65,x617563656e65,x666c7563656e65,x617563656e65,x617563656e65,x666c7563656e65,x666c7563656e65,x666c7563656e65,x696c7563656e65,x727563656e65,x617563656e65,x607563656e65,x617563656e65,x707563656e65,x307563656e65,x347563656e65,x387563656e65,x307563656e65,x2f7563656e65,x2f7563656e65,x2f7563656e65,x307563656e65,x307563656e65,x307563656e65,x347563656e65,x347563656e65,x2f7563656e65,x387563656e65,x2f7563656e65,x367563656e65,x307563656e65,x2f7563656e65,x717563656e65,x507563656e65,x516c7563656e65,x517563656e65,x4a7563656e65,x6a7563656e65,xe284a97563656e65,x527563656e65,x727563656e65,xc5be7563656e65,xcea27563656e65,xcf827563656e65,xcf817563656e65,xc7837563656e65,xc7847563656e65,xc7857563656e65,x736c7563656e65,x527563656e65,x536c7563656e65,xc3a87563656e65,xc3a97563656e65,xc3887563656e65,xe697a57563656e65,xe697a57563656e65,xf09f97bf7563656e65,xf09f98807563656e65,xf09f98807563656e65,xf09f98827563656e65,x087563656e65,x1f7563656e65,x5e7563656e65,x2c7563656e65,x5b7563656e65,x2d7563656e65,x717563656e65,x7d7563656e65,x607563656e65,x227563656e65,x3f7563656e65,x3b7563656e65,x617563656e65,x477563656e65,x677563656e65,x477563656e65,x6a7563656e65,x4a7563656e65,xe284aa6c7563656e65,x607563656e65,x607563656e65,x617563656e65,x297563656e65,x3e7563656e65,x677563656e65,x627563656e65,x627563656e65,x646c7563656e65,x646c7563656e65,x627563656e65,x607563656e65,x607563656e65,null,x607563656e65,x607563656e65,x607563656e65,x787563656e65,xc3be7563656e65,x6c7563656e65,x786c7563656e65,x6c6c7563656e65,x7563656e65,x787563656e65,x7563656e65,x6c787563656e65,x6c63656e65,x6c7863656e65,x6c637563656e65,x6c757863656e65,x6c756c63656e65,x6c75656e65,x6c7578656e65,x6c756563656e65,x6c756378656e65,x6c75636c656e65,x6c75636e65,x6c7563786e65,x6c75636e65,x6c756365786e65,x6c7563656c6e65,x6c75636565,x6c7563657865,x6c7563656565,x6c7563656e7865,x6c7563656e6c65,x6c7563656e,x6c7563656e78,x6c7563656e6578,x6c7563656e656c,x627563656e65,x656c7563656e65,x787563656e65,x787563656e65,x6c7563656e6579,x7563656e65
det	25	59	1
detdump	N,13/0/107,1/108/108,13/109/116,19/117/117,13/118/1114111;N,14/0/98,20/99/99,14/100/116,2/117/117,14/118/1114111;N,15/0/98,3/99/99,15/100/100,21/101/101,15/102/1114111;N,16/0/100,4/101/101,16/102/109,22/110/110,16/111/1114111;N,17/0/100,23/101/101,17/102/109,5/110/110,17/111/1114111;A,18/0/100,6/101/101,18/102/1114111;A,12/0/1114111;N,8/117/117;N,9/99/99;N,10/101/101;N,11/110/110;N,12/101/101;A;N,7/108/108,8/117/117;N,9/99/99,8/117/117;N,9/99/99,10/101/101;N,10/101/101,11/110/110;N,12/101/101,11/110/110;A,12/101/101;N,9/99/99,7/108/108,8/117/117;N,9/99/99,10/101/101,8/117/117;N,9/99/99,10/101/101,11/110/110;N,24/101/101,11/110/110;A,12/101/101,11/110/110;A,11/110/110
min	25	59
run	00000000000000000000000000000000000000000000000000000000000000000000000000000000000000000000000000000000000000000000000000000001111101110111101111011110111111000000
charrun	00000000000000000000000000000000000000000000000000000000000000000000000000000000000000000000000000000000000000000000000000000001111101110111101111011110111111000000
prefix	
singleton	null
topo	0,19,1,2,21,3,22,24,4,5,6,18,23,17,16,15,20,14,13,7,8,9,10,11,12
strings	50	\u{0}lucene	\u{0}ucene	\u{1}lucene	\u{1}ucene	\u{2}lucene	\u{2}ucene	\u{3}lucene	\u{3}ucene	\u{4}lucene	\u{4}ucene	\u{5}lucene	\u{5}ucene	\u{6}lucene	\u{6}ucene	\u{7}lucene	\u{7}ucene	\u{8}lucene	\u{8}ucene	\u{9}lucene	\u{9}ucene	\u{a}lucene	\u{a}ucene	\u{b}lucene	\u{b}ucene	\u{c}lucene	\u{c}ucene	\u{d}lucene	\u{d}ucene	\u{e}lucene	\u{e}ucene	\u{f}lucene	\u{f}ucene	\u{10}lucene	\u{10}ucene	\u{11}lucene	\u{11}ucene	\u{12}lucene	\u{12}ucene	\u{13}lucene	\u{13}ucene	\u{14}lucene	\u{14}ucene	\u{15}lucene	\u{15}ucene	\u{16}lucene	\u{16}ucene	\u{17}lucene	\u{17}ucene	\u{18}lucene	\u{18}ucene
compiled_det	NORMAL	-	-	-1	0	0	00000000000000000000000000000000000000000000000000000000000000000000000000000000000000000000000000000000000000000000000000000001111101110111101111011110111111000000
compiled_det_floor	null,x607563656e65,x617563656e65,x627563656e65,x637563656e65,x647563656e65,x607563656e65,x607563656e65,x607563656e65,x607563656e65,x607563656e65,x607563656e65,x607563656e65,x607563656e65,x607563656e65,x797563656e65,x707563656e65,x777563656e65,x787563656e65,x787563656e65,x787563656e65,x607563656e65,x607563656e65,x607563656e65,x627563656e65,x617563656e65,x617563656e65,x607563656e65,x607563656e65,x607563656e65,x617563656e65,x666c7563656e65,x617563656e65,x617563656e65,x666c7563656e65,x666c7563656e65,x666c7563656e65,x696c7563656e65,x727563656e65,x617563656e65,x607563656e65,x617563656e65,x707563656e65,x307563656e65,x347563656e65,x387563656e65,x307563656e65,x2f7563656e65,x2f7563656e65,x2f7563656e65,x307563656e65,x307563656e65,x307563656e65,x347563656e65,x347563656e65,x2f7563656e65,x387563656e65,x2f7563656e65,x367563656e65,x307563656e65,x2f7563656e65,x717563656e65,x507563656e65,x516c7563656e65,x517563656e65,x4a7563656e65,x6a7563656e65,xe284a97563656e65,x527563656e65,x727563656e65,xc5be7563656e65,xcea27563656e65,xcf827563656e65,xcf817563656e65,xc7837563656e65,xc7847563656e65,xc7857563656e65,x736c7563656e65,x527563656e65,x536c7563656e65,xc3a87563656e65,xc3a97563656e65,xc3887563656e65,xe697a57563656e65,xe697a57563656e65,xf09f97bf7563656e65,xf09f98807563656e65,xf09f98807563656e65,xf09f98827563656e65,x087563656e65,x1f7563656e65,x5e7563656e65,x2c7563656e65,x5b7563656e65,x2d7563656e65,x717563656e65,x7d7563656e65,x607563656e65,x227563656e65,x3f7563656e65,x3b7563656e65,x617563656e65,x477563656e65,x677563656e65,x477563656e65,x6a7563656e65,x4a7563656e65,xe284aa6c7563656e65,x607563656e65,x607563656e65,x617563656e65,x297563656e65,x3e7563656e65,x677563656e65,x627563656e65,x627563656e65,x646c7563656e65,x646c7563656e65,x627563656e65,x607563656e65,x607563656e65,null,x607563656e65,x607563656e65,x607563656e65,x787563656e65,xc3be7563656e65,x6c7563656e65,x786c7563656e65,x6c6c7563656e65,x7563656e65,x787563656e65,x7563656e65,x6c787563656e65,x6c63656e65,x6c7863656e65,x6c637563656e65,x6c757863656e65,x6c756c63656e65,x6c75656e65,x6c7578656e65,x6c756563656e65,x6c756378656e65,x6c75636c656e65,x6c75636e65,x6c7563786e65,x6c75636e65,x6c756365786e65,x6c7563656c6e65,x6c75636565,x6c7563657865,x6c7563656565,x6c7563656e7865,x6c7563656e6c65,x6c7563656e,x6c7563656e78,x6c7563656e6578,x6c7563656e656c,x627563656e65,x656c7563656e65,x787563656e65,x787563656e65,x6c7563656e6579,x7563656e65
CASE	lev	lucene	1	1	
probes	37	lucene	xlucene	llucene	ucene	xucene	ulcene	lxucene	lcene	lxcene	lcuene	luxcene	lulcene	luene	luxene	luecne	lucxene	luclene	lucne	lucxne	lucnee	lucexne	lucelne	lucee	lucexe	luceen	lucenxe	lucenle	lucen	lucenx	lucenex	lucenel	cene	ene	xxlucene	xxxlucene	luceneyy	ulcenex
raw	25	60	1
rawdump	N,13/0/107,1/108/108,13/109/116,20/117/117,13/118/1114111;N,14/0/98,21/99/99,14/100/116,2/117/117,14/118/1114111;N,15/0/98,3/99/99,15/100/100,22/101/101,15/102/1114111;N,16/0/100,4/101/101,16/102/109,23/110/110,16/111/1114111;N,17/0/100,24/101/101,17/102/109,5/110/110,17/111/1114111;A,18/0/100,6/101/101,18/102/1114111;A,12/0/1114111;N,8/117/117;N,9/99/99;N,10/101/101;N,11/110/110;N,12/101/101;A;N,7/108/108,8/117/117;N,9/99/99,8/117/117;N,9/99/99,10/101/101;N,10/101/101,11/110/110;N,12/101/101,11/110/110;A,12/101/101;A,12/101/101,11/110/110;N,9/99/99,14/108/108,8/117/117;N,9/99/99,10/101/101,15/117/117;N,16/99/99,10/101/101,11/110/110;N,19/101/101,11/110/110;A,12/101/101,18/110/110
flags	0	0	0	1
nfarun	00000000000000000000000000000000000000000000000000000000000000000000000000000000000000000000000000000000000000000000000000000001111111111111111111111111111111000000
compiled	NORMAL	-	-	-1	0	0	00000000000000000000000000000000000000000000000000000000000000000000000000000000000000000000000000000000000000000000000000000001111111111111111111111111111111000000
compiled_floor	null,x607563656e65,x617563656e65,x627563656e65,x637563656e65,x647563656e65,x607563656e65,x607563656e65,x607563656e65,x607563656e65,x607563656e65,x607563656e65,x607563656e65,x607563656e65,x607563656e65,x797563656e65,x707563656e65,x777563656e65,x787563656e65,x787563656e65,x787563656e65,x607563656e65,x607563656e65,x607563656e65,x627563656e65,x617563656e65,x617563656e65,x607563656e65,x607563656e65,x607563656e65,x617563656e65,x666c7563656e65,x617563656e65,x617563656e65,x666c7563656e65,x666c7563656e65,x666c7563656e65,x696c7563656e65,x727563656e65,x617563656e65,x607563656e65,x617563656e65,x707563656e65,x307563656e65,x347563656e65,x387563656e65,x307563656e65,x2f7563656e65,x2f7563656e65,x2f7563656e65,x307563656e65,x307563656e65,x307563656e65,x347563656e65,x347563656e65,x2f7563656e65,x387563656e65,x2f7563656e65,x367563656e65,x307563656e65,x2f7563656e65,x717563656e65,x507563656e65,x516c7563656e65,x517563656e65,x4a7563656e65,x6a7563656e65,xe284a97563656e65,x527563656e65,x727563656e65,xc5be7563656e65,xcea27563656e65,xcf827563656e65,xcf817563656e65,xc7837563656e65,xc7847563656e65,xc7857563656e65,x736c7563656e65,x527563656e65,x536c7563656e65,xc3a87563656e65,xc3a97563656e65,xc3887563656e65,xe697a57563656e65,xe697a57563656e65,xf09f97bf7563656e65,xf09f98807563656e65,xf09f98807563656e65,xf09f98827563656e65,x087563656e65,x1f7563656e65,x5e7563656e65,x2c7563656e65,x5b7563656e65,x2d7563656e65,x717563656e65,x7d7563656e65,x607563656e65,x227563656e65,x3f7563656e65,x3b7563656e65,x617563656e65,x477563656e65,x677563656e65,x477563656e65,x6a7563656e65,x4a7563656e65,xe284aa6c7563656e65,x607563656e65,x607563656e65,x617563656e65,x297563656e65,x3e7563656e65,x677563656e65,x627563656e65,x627563656e65,x646c7563656e65,x646c7563656e65,x627563656e65,x607563656e65,x607563656e65,null,x607563656e65,x607563656e65,x607563656e65,x787563656e65,xc3be7563656e65,x6c7563656e65,x786c7563656e65,x6c6c7563656e65,x7563656e65,x787563656e65,x756c63656e65,x6c787563656e65,x6c63656e65,x6c7863656e65,x6c6375656e65,x6c757863656e65,x6c756c63656e65,x6c75656e65,x6c7578656e65,x6c7565636e65,x6c756378656e65,x6c75636c656e65,x6c75636e65,x6c7563786e65,x6c75636e6565,x6c756365786e65,x6c7563656c6e65,x6c75636565,x6c7563657865,x6c756365656e,x6c7563656e7865,x6c7563656e6c65,x6c7563656e,x6c7563656e78,x6c7563656e6578,x6c7563656e656c,x627563656e65,x656c7563656e65,x787563656e65,x787563656e65,x6c7563656e6579,x756c63656e65
det	25	60	1
detdump	N,13/0/107,1/108/108,13/109/116,20/117/117,13/118/1114111;N,14/0/98,21/99/99,14/100/116,2/117/117,14/118/1114111;N,15/0/98,3/99/99,15/100/100,22/101/101,15/102/1114111;N,16/0/100,4/101/101,16/102/109,23/110/110,16/111/1114111;N,17/0/100,24/101/101,17/102/109,5/110/110,17/111/1114111;A,18/0/100,6/101/101,18/102/1114111;A,12/0/1114111;N,8/117/117;N,9/99/99;N,10/101/101;N,11/110/110;N,12/101/101;A;N,7/108/108,8/117/117;N,9/99/99,8/117/117;N,9/99/99,10/101/101;N,10/101/101,11/110/110;N,12/101/101,11/110/110;A,12/101/101;A,12/101/101,11/110/110;N,9/99/99,14/108/108,8/117/117;N,9/99/99,10/101/101,15/117/117;N,16/99/99,10/101/101,11/110/110;N,19/101/101,11/110/110;A,12/101/101,18/110/110
min	25	60
run	00000000000000000000000000000000000000000000000000000000000000000000000000000000000000000000000000000000000000000000000000000001111111111111111111111111111111000000
charrun	00000000000000000000000000000000000000000000000000000000000000000000000000000000000000000000000000000000000000000000000000000001111111111111111111111111111111000000
prefix	
singleton	null
topo	0,20,1,2,22,3,23,19,4,5,6,24,18,17,16,21,15,14,13,7,8,9,10,11,12
strings	50	\u{0}lucene	\u{0}ucene	\u{1}lucene	\u{1}ucene	\u{2}lucene	\u{2}ucene	\u{3}lucene	\u{3}ucene	\u{4}lucene	\u{4}ucene	\u{5}lucene	\u{5}ucene	\u{6}lucene	\u{6}ucene	\u{7}lucene	\u{7}ucene	\u{8}lucene	\u{8}ucene	\u{9}lucene	\u{9}ucene	\u{a}lucene	\u{a}ucene	\u{b}lucene	\u{b}ucene	\u{c}lucene	\u{c}ucene	\u{d}lucene	\u{d}ucene	\u{e}lucene	\u{e}ucene	\u{f}lucene	\u{f}ucene	\u{10}lucene	\u{10}ucene	\u{11}lucene	\u{11}ucene	\u{12}lucene	\u{12}ucene	\u{13}lucene	\u{13}ucene	\u{14}lucene	\u{14}ucene	\u{15}lucene	\u{15}ucene	\u{16}lucene	\u{16}ucene	\u{17}lucene	\u{17}ucene	\u{18}lucene	\u{18}ucene
compiled_det	NORMAL	-	-	-1	0	0	00000000000000000000000000000000000000000000000000000000000000000000000000000000000000000000000000000000000000000000000000000001111111111111111111111111111111000000
compiled_det_floor	null,x607563656e65,x617563656e65,x627563656e65,x637563656e65,x647563656e65,x607563656e65,x607563656e65,x607563656e65,x607563656e65,x607563656e65,x607563656e65,x607563656e65,x607563656e65,x607563656e65,x797563656e65,x707563656e65,x777563656e65,x787563656e65,x787563656e65,x787563656e65,x607563656e65,x607563656e65,x607563656e65,x627563656e65,x617563656e65,x617563656e65,x607563656e65,x607563656e65,x607563656e65,x617563656e65,x666c7563656e65,x617563656e65,x617563656e65,x666c7563656e65,x666c7563656e65,x666c7563656e65,x696c7563656e65,x727563656e65,x617563656e65,x607563656e65,x617563656e65,x707563656e65,x307563656e65,x347563656e65,x387563656e65,x307563656e65,x2f7563656e65,x2f7563656e65,x2f7563656e65,x307563656e65,x307563656e65,x307563656e65,x347563656e65,x347563656e65,x2f7563656e65,x387563656e65,x2f7563656e65,x367563656e65,x307563656e65,x2f7563656e65,x717563656e65,x507563656e65,x516c7563656e65,x517563656e65,x4a7563656e65,x6a7563656e65,xe284a97563656e65,x527563656e65,x727563656e65,xc5be7563656e65,xcea27563656e65,xcf827563656e65,xcf817563656e65,xc7837563656e65,xc7847563656e65,xc7857563656e65,x736c7563656e65,x527563656e65,x536c7563656e65,xc3a87563656e65,xc3a97563656e65,xc3887563656e65,xe697a57563656e65,xe697a57563656e65,xf09f97bf7563656e65,xf09f98807563656e65,xf09f98807563656e65,xf09f98827563656e65,x087563656e65,x1f7563656e65,x5e7563656e65,x2c7563656e65,x5b7563656e65,x2d7563656e65,x717563656e65,x7d7563656e65,x607563656e65,x227563656e65,x3f7563656e65,x3b7563656e65,x617563656e65,x477563656e65,x677563656e65,x477563656e65,x6a7563656e65,x4a7563656e65,xe284aa6c7563656e65,x607563656e65,x607563656e65,x617563656e65,x297563656e65,x3e7563656e65,x677563656e65,x627563656e65,x627563656e65,x646c7563656e65,x646c7563656e65,x627563656e65,x607563656e65,x607563656e65,null,x607563656e65,x607563656e65,x607563656e65,x787563656e65,xc3be7563656e65,x6c7563656e65,x786c7563656e65,x6c6c7563656e65,x7563656e65,x787563656e65,x756c63656e65,x6c787563656e65,x6c63656e65,x6c7863656e65,x6c6375656e65,x6c757863656e65,x6c756c63656e65,x6c75656e65,x6c7578656e65,x6c7565636e65,x6c756378656e65,x6c75636c656e65,x6c75636e65,x6c7563786e65,x6c75636e6565,x6c756365786e65,x6c7563656c6e65,x6c75636565,x6c7563657865,x6c756365656e,x6c7563656e7865,x6c7563656e6c65,x6c7563656e,x6c7563656e78,x6c7563656e6578,x6c7563656e656c,x627563656e65,x656c7563656e65,x787563656e65,x787563656e65,x6c7563656e6579,x756c63656e65
CASE	lev	lucene	2	0	
probes	37	lucene	xlucene	llucene	ucene	xucene	ulcene	lxucene	lcene	lxcene	lcuene	luxcene	lulcene	luene	luxene	luecne	lucxene	luclene	lucne	lucxne	lucnee	lucexne	lucelne	lucee	lucexe	luceen	lucenxe	lucenle	lucen	lucenx	lucenex	lucenel	cene	ene	xxlucene	xxxlucene	luceneyy	ulcenex
raw	71	306	1
flags	0	0	0	1
nfarun	00000000000000000000000000000000000000000000000000000000000000000000000000000000000000000000000000000000000000000000000000000001111111111111111111111111111111101010
compiled	NORMAL	-	-	-1	0	0	00000000000000000000000000000000000000000000000000000000000000000000000000000000000000000000000000000000000000000000000000000001111111111111111111111111111111101010
compiled_floor	null,x60f48fbfbf7563656e65,x61f48fbfbf7563656e65,x62f48fbfbf7563656e65,x63f48fbfbf7563656e65,x64f48fbfbf7563656e65,x61617563656e65,x61627563656e65,x61637563656e65,x61617563656e65,x616263656e65,x61607563656e65,x61607563656e65,x61607563656e65,x61607563656e65,x79f48fbfbf7563656e65,x70f48fbfbf7563656e65,x77f48fbfbf7563656e65,x78787563656e65,x78797563656e65,x78797563656e65,x61617563656e65,x616263656e65,x616363656e65,x63637563656e65,x62607563656e65,x62617563656e65,x61607563656e65,x61617563656e65,x61617563656e65,x62607563656e65,x666f6c7563656e65,x62616c7563656e65,x62617563656e65,x666e7563656e65,x666f6c7563656e65,x666f6c7563656e65,x696e63656e65,x73696c7563656e65,x61797563656e65,x61207563656e65,x617a6c7563656e65,x71617563656e65,x30f48fbfbf7563656e65,x34f48fbfbf7563656e65,x38f48fbfbf7563656e65,x312f7563656e65,x30307563656e65,x30347563656e65,x302f7563656e65,x31367563656e65,x312f7563656e65,x312f7563656e65,x352f7563656e65,x352f7563656e65,x30347563656e65,x39387563656e65,x30367563656e65,x36f48fbfbf7563656e65,x31317563656e65,x30307563656e65,x71756963656e65,x51547563656e65,x517548656e65,x51756963656e65,x4af48fbfbf7563656e65,x6af48fbfbf7563656e65,xe284a9f48fbfbf7563656e65,x52f48fbfbf7563656e65,x72f48fbfbf7563656e65,xc5bef48fbfbf7563656e65,xcea2f48fbfbf7563656e65,xcf82f48fbfbf7563656e65,xcf81f48fbfbf7563656e65,xc783f48fbfbf7563656e65,xc784f48fbfbf7563656e65,xc785f48fbfbf7563656e65,x73746c7563656e65,x53537563656e65,x53746c7563656e65,xc3a8f48fbfbf7563656e65,xc3a9c3a87563656e65,xc388f48fbfbf7563656e65,xe697a5e69cac7563656e65,xe697a5e69cab7563656e65,xf09f97bff48fbfbf7563656e65,xf09f9880f09f97bf7563656e65,xf09f9880f48fbfbf7563656e65,xf09f9882f09f98827563656e65,x08f48fbfbf7563656e65,x1ff48fbfbf7563656e65,x5ef48fbfbf7563656e65,x2cf48fbfbf7563656e65,x5bf48fbfbf7563656e65,x2df48fbfbf7563656e65,x71756e656e65,x7e607563656e65,x61257563656e65,x22f48fbfbf7563656e65,x3ff48fbfbf7563656e65,x3c307563656e65,x617d7563656e65,x486563656e65,x686563656e65,x48447563656e65,x6b527563656e65,x4b527563656e65,xe284aa727563656e65,x616263656e65,x612d7563656e65,x617b7563656e65,x2a607563656e65,x3ef48fbfbf7563656e65,x686563656e65,x63616c7563656e65,x63616c7563656e65,x646f63656e65,x646f63656e65,x63607563656e65,x60f48fbfbf7563656e65,x60f48fbfbf7563656e65,null,x61647563656e65,x616363656e65,x616263656e65,x78797563656e65,xc3bef48fbfbf7563656e65,x6c7563656e65,x786c7563656e65,x6c6c7563656e65,x7563656e65,x787563656e65,x756c63656e65,x6c787563656e65,x6c63656e65,x6c7863656e65,x6c6375656e65,x6c757863656e65,x6c756c63656e65,x6c75656e65,x6c7578656e65,x6c7565636e65,x6c756378656e65,x6c75636c656e65,x6c75636e65,x6c7563786e65,x6c75636e6565,x6c756365786e65,x6c7563656c6e65,x6c75636565,x6c7563657865,x6c756365656e,x6c7563656e7865,x6c7563656e6c65,x6c7563656e,x6c7563656e78,x6c7563656e6578,x6c7563656e656c,x63656e65,x656e63656e65,x78786c7563656e65,x78787563656e65,x6c7563656e657979,x756c63656e65
det	71	306	1
min	69	296
run	00000000000000000000000000000000000000000000000000000000000000000000000000000000000000000000000000000000000000000000000000000001111111111111111111111111111111101010
charrun	00000000000000000000000000000000000000000000000000000000000000000000000000000000000000000000000000000000000000000000000000000001111111111111111111111111111111101010
prefix	
singleton	null
strings	50	\u{0}\u{0}cene	\u{0}\u{0}lucene	\u{0}\u{0}ucene	\u{0}\u{1}cene	\u{0}\u{1}lucene	\u{0}\u{1}ucene	\u{0}\u{2}cene	\u{0}\u{2}lucene	\u{0}\u{2}ucene	\u{0}\u{3}cene	\u{0}\u{3}lucene	\u{0}\u{3}ucene	\u{0}\u{4}cene	\u{0}\u{4}lucene	\u{0}\u{4}ucene	\u{0}\u{5}cene	\u{0}\u{5}lucene	\u{0}\u{5}ucene	\u{0}\u{6}cene	\u{0}\u{6}lucene	\u{0}\u{6}ucene	\u{0}\u{7}cene	\u{0}\u{7}lucene	\u{0}\u{7}ucene	\u{0}\u{8}cene	\u{0}\u{8}lucene	\u{0}\u{8}ucene	\u{0}\u{9}cene	\u{0}\u{9}lucene	\u{0}\u{9}ucene	\u{0}\u{a}cene	\u{0}\u{a}lucene	\u{0}\u{a}ucene	\u{0}\u{b}cene	\u{0}\u{b}lucene	\u{0}\u{b}ucene	\u{0}\u{c}cene	\u{0}\u{c}lucene	\u{0}\u{c}ucene	\u{0}\u{d}cene	\u{0}\u{d}lucene	\u{0}\u{d}ucene	\u{0}\u{e}cene	\u{0}\u{e}lucene	\u{0}\u{e}ucene	\u{0}\u{f}cene	\u{0}\u{f}lucene	\u{0}\u{f}ucene	\u{0}\u{10}cene	\u{0}\u{10}lucene
compiled_det	NORMAL	-	-	-1	0	0	00000000000000000000000000000000000000000000000000000000000000000000000000000000000000000000000000000000000000000000000000000001111111111111111111111111111111101010
compiled_det_floor	null,x60f48fbfbf7563656e65,x61f48fbfbf7563656e65,x62f48fbfbf7563656e65,x63f48fbfbf7563656e65,x64f48fbfbf7563656e65,x61617563656e65,x61627563656e65,x61637563656e65,x61617563656e65,x616263656e65,x61607563656e65,x61607563656e65,x61607563656e65,x61607563656e65,x79f48fbfbf7563656e65,x70f48fbfbf7563656e65,x77f48fbfbf7563656e65,x78787563656e65,x78797563656e65,x78797563656e65,x61617563656e65,x616263656e65,x616363656e65,x63637563656e65,x62607563656e65,x62617563656e65,x61607563656e65,x61617563656e65,x61617563656e65,x62607563656e65,x666f6c7563656e65,x62616c7563656e65,x62617563656e65,x666e7563656e65,x666f6c7563656e65,x666f6c7563656e65,x696e63656e65,x73696c7563656e65,x61797563656e65,x61207563656e65,x617a6c7563656e65,x71617563656e65,x30f48fbfbf7563656e65,x34f48fbfbf7563656e65,x38f48fbfbf7563656e65,x312f7563656e65,x30307563656e65,x30347563656e65,x302f7563656e65,x31367563656e65,x312f7563656e65,x312f7563656e65,x352f7563656e65,x352f7563656e65,x30347563656e65,x39387563656e65,x30367563656e65,x36f48fbfbf7563656e65,x31317563656e65,x30307563656e65,x71756963656e65,x51547563656e65,x517548656e65,x51756963656e65,x4af48fbfbf7563656e65,x6af48fbfbf7563656e65,xe284a9f48fbfbf7563656e65,x52f48fbfbf7563656e65,x72f48fbfbf7563656e65,xc5bef48fbfbf7563656e65,xcea2f48fbfbf7563656e65,xcf82f48fbfbf7563656e65,xcf81f48fbfbf7563656e65,xc783f48fbfbf7563656e65,xc784f48fbfbf7563656e65,xc785f48fbfbf7563656e65,x73746c7563656e65,x53537563656e65,x53746c7563656e65,xc3a8f48fbfbf7563656e65,xc3a9c3a87563656e65,xc388f48fbfbf7563656e65,xe697a5e69cac7563656e65,xe697a5e69cab7563656e65,xf09f97bff48fbfbf7563656e65,xf09f9880f09f97bf7563656e65,xf09f9880f48fbfbf7563656e65,xf09f9882f09f98827563656e65,x08f48fbfbf7563656e65,x1ff48fbfbf7563656e65,x5ef48fbfbf7563656e65,x2cf48fbfbf7563656e65,x5bf48fbfbf7563656e65,x2df48fbfbf7563656e65,x71756e656e65,x7e607563656e65,x61257563656e65,x22f48fbfbf7563656e65,x3ff48fbfbf7563656e65,x3c307563656e65,x617d7563656e65,x486563656e65,x686563656e65,x48447563656e65,x6b527563656e65,x4b527563656e65,xe284aa727563656e65,x616263656e65,x612d7563656e65,x617b7563656e65,x2a607563656e65,x3ef48fbfbf7563656e65,x686563656e65,x63616c7563656e65,x63616c7563656e65,x646f63656e65,x646f63656e65,x63607563656e65,x60f48fbfbf7563656e65,x60f48fbfbf7563656e65,null,x61647563656e65,x616363656e65,x616263656e65,x78797563656e65,xc3bef48fbfbf7563656e65,x6c7563656e65,x786c7563656e65,x6c6c7563656e65,x7563656e65,x787563656e65,x756c63656e65,x6c787563656e65,x6c63656e65,x6c7863656e65,x6c6375656e65,x6c757863656e65,x6c756c63656e65,x6c75656e65,x6c7578656e65,x6c7565636e65,x6c756378656e65,x6c75636c656e65,x6c75636e65,x6c7563786e65,x6c75636e6565,x6c756365786e65,x6c7563656c6e65,x6c75636565,x6c7563657865,x6c756365656e,x6c7563656e7865,x6c7563656e6c65,x6c7563656e,x6c7563656e78,x6c7563656e6578,x6c7563656e656c,x63656e65,x656e63656e65,x78786c7563656e65,x78787563656e65,x6c7563656e657979,x756c63656e65
CASE	lev	lucene	2	1	
probes	37	lucene	xlucene	llucene	ucene	xucene	ulcene	lxucene	lcene	lxcene	lcuene	luxcene	lulcene	luene	luxene	luecne	lucxene	luclene	lucne	lucxne	lucnee	lucexne	lucelne	lucee	lucexe	luceen	lucenxe	lucenle	lucen	lucenx	lucenex	lucenel	cene	ene	xxlucene	xxxlucene	luceneyy	ulcenex
raw	73	305	1
flags	0	0	0	1
nfarun	00000000000000000000000000000000000000000000000000000000000000000000000000000000000000000000000000000000000000000000000000000001111111111111111111111111111111101011
compiled	NORMAL	-	-	-1	0	0	00000000000000000000000000000000000000000000000000000000000000000000000000000000000000000000000000000000000000000000000000000001111111111111111111111111111111101011
compiled_floor	null,x60f48fbfbf7563656e65,x61f48fbfbf7563656e65,x62f48fbfbf7563656e65,x63f48fbfbf7563656e65,x64f48fbfbf7563656e65,x61617563656e65,x61627563656e65,x616375656e65,x61617563656e65,x616263656e65,x61607563656e65,x61607563656e65,x61607563656e65,x61607563656e65,x79f48fbfbf7563656e65,x70f48fbfbf7563656e65,x77f48fbfbf7563656e65,x78787563656e65,x78797563656e65,x78797563656e65,x61617563656e65,x616263656e65,x616363656e65,x636375656e65,x62607563656e65,x62617563656e65,x61607563656e65,x61617563656e65,x61617563656e65,x62607563656e65,x666f6c7563656e65,x62616c7563656e65,x62617563656e65,x666e7563656e65,x666f6c7563656e65,x666f6c7563656e65,x696e63656e65,x73696c7563656e65,x61797563656e65,x61207563656e65,x617a6c7563656e65,x71617563656e65,x30f48fbfbf7563656e65,x34f48fbfbf7563656e65,x38f48fbfbf7563656e65,x312f7563656e65,x30307563656e65,x30347563656e65,x302f7563656e65,x31367563656e65,x312f7563656e65,x312f7563656e65,x352f7563656e65,x352f7563656e65,x30347563656e65,x39387563656e65,x30367563656e65,x36f48fbfbf7563656e65,x31317563656e65,x30307563656e65,x71756963656e65,x51547563656e65,x517548656e65,x51756963656e65,x4af48fbfbf7563656e65,x6af48fbfbf7563656e65,xe284a9f48fbfbf7563656e65,x52f48fbfbf7563656e65,x72f48fbfbf7563656e65,xc5bef48fbfbf7563656e65,xcea2f48fbfbf7563656e65,xcf82f48fbfbf7563656e65,xcf81f48fbfbf7563656e65,xc783f48fbfbf7563656e65,xc784f48fbfbf7563656e65,xc785f48fbfbf7563656e65,x73746c7563656e65,x53537563656e65,x53746c7563656e65,xc3a8f48fbfbf7563656e65,xc3a9c3a87563656e65,xc388f48fbfbf7563656e65,xe697a5e69cac7563656e65,xe697a5e69cab7563656e65,xf09f97bff48fbfbf7563656e65,xf09f9880f09f97bf7563656e65,xf09f9880f48fbfbf7563656e65,xf09f9882f09f98827563656e65,x08f48fbfbf7563656e65,x1ff48fbfbf7563656e65,x5ef48fbfbf7563656e65,x2cf48fbfbf7563656e65,x5bf48fbfbf7563656e65,x2df48fbfbf7563656e65,x71756e656e65,x7e607563656e65,x61257563656e65,x22f48fbfbf7563656e65,x3ff48fbfbf7563656e65,x3c307563656e65,x617d7563656e65,x486563656e65,x686563656e65,x48447563656e65,x6b527563656e65,x4b527563656e65,xe284aa727563656e65,x616263656e65,x612d7563656e65,x617b7563656e65,x2a607563656e65,x3ef48fbfbf7563656e65,x686563656e65,x63616c7563656e65,x63616c7563656e65,x646f63656e65,x646f63656e65,x63607563656e65,x60f48fbfbf7563656e65,x60f48fbfbf7563656e65,null,x61647563656e65,x616363656e65,x616263656e65,x78797563656e65,xc3bef48fbfbf7563656e65,x6c7563656e65,x786c7563656e65,x6c6c7563656e65,x7563656e65,x787563656e65,x756c63656e65,x6c787563656e65,x6c63656e65,x6c7863656e65,x6c6375656e65,x6c757863656e65,x6c756c63656e65,x6c75656e65,x6c7578656e65,x6c7565636e65,x6c756378656e65,x6c75636c656e65,x6c75636e65,x6c7563786e65,x6c75636e6565,x6c756365786e65,x6c7563656c6e65,x6c75636565,x6c7563657865,x6c756365656e,x6c7563656e7865,x6c7563656e6c65,x6c7563656e,x6c7563656e78,x6c7563656e6578,x6c7563656e656c,x63656e65,x656e63656e65,x78786c7563656e65,x78787563656e65,x6c7563656e657979,x756c63656e6578
det	73	305	1
min	70	290
run	00000000000000000000000000000000000000000000000000000000000000000000000000000000000000000000000000000000000000000000000000000001111111111111111111111111111111101011
charrun	00000000000000000000000000000000000000000000000000000000000000000000000000000000000000000000000000000000000000000000000000000001111111111111111111111111111111101011
prefix	
singleton	null
strings	50	\u{0}\u{0}cene	\u{0}\u{0}lucene	\u{0}\u{0}ucene	\u{0}\u{1}cene	\u{0}\u{1}lucene	\u{0}\u{1}ucene	\u{0}\u{2}cene	\u{0}\u{2}lucene	\u{0}\u{2}ucene	\u{0}\u{3}cene	\u{0}\u{3}lucene	\u{0}\u{3}ucene	\u{0}\u{4}cene	\u{0}\u{4}lucene	\u{0}\u{4}ucene	\u{0}\u{5}cene	\u{0}\u{5}lucene	\u{0}\u{5}ucene	\u{0}\u{6}cene	\u{0}\u{6}lucene	\u{0}\u{6}ucene	\u{0}\u{7}cene	\u{0}\u{7}lucene	\u{0}\u{7}ucene	\u{0}\u{8}cene	\u{0}\u{8}lucene	\u{0}\u{8}ucene	\u{0}\u{9}cene	\u{0}\u{9}lucene	\u{0}\u{9}ucene	\u{0}\u{a}cene	\u{0}\u{a}lucene	\u{0}\u{a}ucene	\u{0}\u{b}cene	\u{0}\u{b}lucene	\u{0}\u{b}ucene	\u{0}\u{c}cene	\u{0}\u{c}lucene	\u{0}\u{c}ucene	\u{0}\u{d}cene	\u{0}\u{d}lucene	\u{0}\u{d}ucene	\u{0}\u{e}cene	\u{0}\u{e}lucene	\u{0}\u{e}ucene	\u{0}\u{f}cene	\u{0}\u{f}lucene	\u{0}\u{f}ucene	\u{0}\u{10}cene	\u{0}\u{10}lucene
compiled_det	NORMAL	-	-	-1	0	0	00000000000000000000000000000000000000000000000000000000000000000000000000000000000000000000000000000000000000000000000000000001111111111111111111111111111111101011
compiled_det_floor	null,x60f48fbfbf7563656e65,x61f48fbfbf7563656e65,x62f48fbfbf7563656e65,x63f48fbfbf7563656e65,x64f48fbfbf7563656e65,x61617563656e65,x61627563656e65,x616375656e65,x61617563656e65,x616263656e65,x61607563656e65,x61607563656e65,x61607563656e65,x61607563656e65,x79f48fbfbf7563656e65,x70f48fbfbf7563656e65,x77f48fbfbf7563656e65,x78787563656e65,x78797563656e65,x78797563656e65,x61617563656e65,x616263656e65,x616363656e65,x636375656e65,x62607563656e65,x62617563656e65,x61607563656e65,x61617563656e65,x61617563656e65,x62607563656e65,x666f6c7563656e65,x62616c7563656e65,x62617563656e65,x666e7563656e65,x666f6c7563656e65,x666f6c7563656e65,x696e63656e65,x73696c7563656e65,x61797563656e65,x61207563656e65,x617a6c7563656e65,x71617563656e65,x30f48fbfbf7563656e65,x34f48fbfbf7563656e65,x38f48fbfbf7563656e65,x312f7563656e65,x30307563656e65,x30347563656e65,x302f7563656e65,x31367563656e65,x312f7563656e65,x312f7563656e65,x352f7563656e65,x352f7563656e65,x30347563656e65,x39387563656e65,x30367563656e65,x36f48fbfbf7563656e65,x31317563656e65,x30307563656e65,x71756963656e65,x51547563656e65,x517548656e65,x51756963656e65,x4af48fbfbf7563656e65,x6af48fbfbf7563656e65,xe284a9f48fbfbf7563656e65,x52f48fbfbf7563656e65,x72f48fbfbf7563656e65,xc5bef48fbfbf7563656e65,xcea2f48fbfbf7563656e65,xcf82f48fbfbf7563656e65,xcf81f48fbfbf7563656e65,xc783f48fbfbf7563656e65,xc784f48fbfbf7563656e65,xc785f48fbfbf7563656e65,x73746c7563656e65,x53537563656e65,x53746c7563656e65,xc3a8f48fbfbf7563656e65,xc3a9c3a87563656e65,xc388f48fbfbf7563656e65,xe697a5e69cac7563656e65,xe697a5e69cab7563656e65,xf09f97bff48fbfbf7563656e65,xf09f9880f09f97bf7563656e65,xf09f9880f48fbfbf7563656e65,xf09f9882f09f98827563656e65,x08f48fbfbf7563656e65,x1ff48fbfbf7563656e65,x5ef48fbfbf7563656e65,x2cf48fbfbf7563656e65,x5bf48fbfbf7563656e65,x2df48fbfbf7563656e65,x71756e656e65,x7e607563656e65,x61257563656e65,x22f48fbfbf7563656e65,x3ff48fbfbf7563656e65,x3c307563656e65,x617d7563656e65,x486563656e65,x686563656e65,x48447563656e65,x6b527563656e65,x4b527563656e65,xe284aa727563656e65,x616263656e65,x612d7563656e65,x617b7563656e65,x2a607563656e65,x3ef48fbfbf7563656e65,x686563656e65,x63616c7563656e65,x63616c7563656e65,x646f63656e65,x646f63656e65,x63607563656e65,x60f48fbfbf7563656e65,x60f48fbfbf7563656e65,null,x61647563656e65,x616363656e65,x616263656e65,x78797563656e65,xc3bef48fbfbf7563656e65,x6c7563656e65,x786c7563656e65,x6c6c7563656e65,x7563656e65,x787563656e65,x756c63656e65,x6c787563656e65,x6c63656e65,x6c7863656e65,x6c6375656e65,x6c757863656e65,x6c756c63656e65,x6c75656e65,x6c7578656e65,x6c7565636e65,x6c756378656e65,x6c75636c656e65,x6c75636e65,x6c7563786e65,x6c75636e6565,x6c756365786e65,x6c7563656c6e65,x6c75636565,x6c7563657865,x6c756365656e,x6c7563656e7865,x6c7563656e6c65,x6c7563656e,x6c7563656e78,x6c7563656e6578,x6c7563656e656c,x63656e65,x656e63656e65,x78786c7563656e65,x78787563656e65,x6c7563656e657979,x756c63656e6578
CASE	lev	lucene	3	0	
probes	37	lucene	xlucene	llucene	ucene	xucene	ulcene	lxucene	lcene	lxcene	lcuene	luxcene	lulcene	luene	luxene	luecne	lucxene	luclene	lucne	lucxne	lucnee	lucexne	lucelne	lucee	lucexe	luceen	lucenxe	lucenle	lucen	lucenx	lucenex	lucenel	cene	ene	xxlucene	xxxlucene	luceneyy	ulcenex
lev	null
CASE	lev	lucene	3	1	
probes	37	lucene	xlucene	llucene	ucene	xucene	ulcene	lxucene	lcene	lxcene	lcuene	luxcene	lulcene	luene	luxene	luecne	lucxene	luclene	lucne	lucxne	lucnee	lucexne	lucelne	lucee	lucexe	luceen	lucenxe	lucenle	lucen	lucenx	lucenex	lucenel	cene	ene	xxlucene	xxxlucene	luceneyy	ulcenex
lev	null
CASE	lev	\u{65e5}\u{672c}	0	0	
probes	16	\u{65e5}\u{672c}	x\u{65e5}\u{672c}	\u{65e5}\u{65e5}\u{672c}	\u{672c}	x\u{672c}	\u{672c}\u{65e5}	\u{65e5}x\u{672c}	\u{65e5}	\u{65e5}x	\u{65e5}\u{672c}x	\u{65e5}\u{672c}\u{65e5}		xx\u{65e5}\u{672c}	xxx\u{65e5}\u{672c}	\u{65e5}\u{672c}yy	\u{672c}\u{65e5}x
raw	3	2	1
rawdump	N,1/26085/26085;N,2/26412/26412;A
flags	0	0	0	1
nfarun	00000000000000000000000000000000000000000000000000000000000000000000000000000000000010000000000000000000000000000000000000000001000000000000000
compiled	SINGLE	xe697a5e69cac	-	-1	1	0	-
compiled_floor	-
det	3	2	1
detdump	N,1/26085/26085;N,2/26412/26412;A
min	3	2
run	00000000000000000000000000000000000000000000000000000000000000000000000000000000000010000000000000000000000000000000000000000001000000000000000
charrun	00000000000000000000000000000000000000000000000000000000000000000000000000000000000010000000000000000000000000000000000000000001000000000000000
prefix	\u{65e5}\u{672c}
singleton	\u{65e5}\u{672c}
topo	0,1,2
strings	1	\u{65e5}\u{672c}
compiled_det	SINGLE	xe697a5e69cac	-	-1	1	0	-
compiled_det_floor	-
CASE	lev	\u{65e5}\u{672c}	0	1	
probes	16	\u{65e5}\u{672c}	x\u{65e5}\u{672c}	\u{65e5}\u{65e5}\u{672c}	\u{672c}	x\u{672c}	\u{672c}\u{65e5}	\u{65e5}x\u{672c}	\u{65e5}	\u{65e5}x	\u{65e5}\u{672c}x	\u{65e5}\u{672c}\u{65e5}		xx\u{65e5}\u{672c}	xxx\u{65e5}\u{672c}	\u{65e5}\u{672c}yy	\u{672c}\u{65e5}x
raw	3	2	1
rawdump	N,1/26085/26085;N,2/26412/26412;A
flags	0	0	0	1
nfarun	00000000000000000000000000000000000000000000000000000000000000000000000000000000000010000000000000000000000000000000000000000001000000000000000
compiled	SINGLE	xe697a5e69cac	-	-1	1	0	-
compiled_floor	-
det	3	2	1
detdump	N,1/26085/26085;N,2/26412/26412;A
min	3	2
run	00000000000000000000000000000000000000000000000000000000000000000000000000000000000010000000000000000000000000000000000000000001000000000000000
charrun	00000000000000000000000000000000000000000000000000000000000000000000000000000000000010000000000000000000000000000000000000000001000000000000000
prefix	\u{65e5}\u{672c}
singleton	\u{65e5}\u{672c}
topo	0,1,2
strings	1	\u{65e5}\u{672c}
compiled_det	SINGLE	xe697a5e69cac	-	-1	1	0	-
compiled_det_floor	-
CASE	lev	\u{65e5}\u{672c}	1	0	
probes	16	\u{65e5}\u{672c}	x\u{65e5}\u{672c}	\u{65e5}\u{65e5}\u{672c}	\u{672c}	x\u{672c}	\u{672c}\u{65e5}	\u{65e5}x\u{672c}	\u{65e5}	\u{65e5}x	\u{65e5}\u{672c}x	\u{65e5}\u{672c}\u{65e5}		xx\u{65e5}\u{672c}	xxx\u{65e5}\u{672c}	\u{65e5}\u{672c}yy	\u{672c}\u{65e5}x
raw	8	15	1
rawdump	N,5/0/26084,1/26085/26085,5/26086/26411,7/26412/26412,5/26413/1114111;A,6/0/26411,2/26412/26412,6/26413/1114111;A,4/0/1114111;N,4/26412/26412;A;N,3/26085/26085,4/26412/26412;A,4/26412/26412;A,3/26085/26085,4/26412/26412
flags	0	0	0	1
nfarun	00000000000000000000000000000000000000000000000000000000000000000000000000000000000110000000000000000000000000000000000000000001111101111100000
compiled	NORMAL	-	-	-1	0	0	00000000000000000000000000000000000000000000000000000000000000000000000000000000000110000000000000000000000000000000000000000001111101111100000
compiled_floor	null,x60e69cac,x61e69cac,x62e69cac,x63e69cac,x64e69cac,x60e69cac,x60e69cac,x60e69cac,x60e69cac,x60e69cac,x60e69cac,x60e69cac,x60e69cac,x60e69cac,x79e69cac,x70e69cac,x77e69cac,x77e69cac,x77e69cac,x77e69cac,x60e69cac,x60e69cac,x60e69cac,x62e69cac,x61e69cac,x61e69cac,x60e69cac,x60e69cac,x60e69cac,x61e69cac,x65e69cac,x61e69cac,x61e69cac,x65e69cac,x65e69cac,x65e69cac,x68e69cac,x72e69cac,x60e69cac,x60e69cac,x60e69cac,x70e69cac,x30e69cac,x34e69cac,x38e69cac,x30e69cac,x2fe69cac,x2fe69cac,x2fe69cac,x30e69cac,x30e69cac,x30e69cac,x34e69cac,x34e69cac,x2fe69cac,x38e69cac,x2fe69cac,x36e69cac,x30e69cac,x2fe69cac,x70e69cac,x50e69cac,x50e69cac,x50e69cac,x4ae69cac,x6ae69cac,xe284a9e69cac,x52e69cac,x72e69cac,xc5bee69cac,xcea2e69cac,xcf82e69cac,xcf81e69cac,xc783e69cac,xc784e69cac,xc785e69cac,x72e69cac,x52e69cac,x52e69cac,xc3a8e69cac,xc3a8e69cac,xc388e69cac,xe697a5e69cace8aa9e,xe697a5e69cac,xf09f97bfe69cac,xf09f9880e69cac,xf09f9880e69cac,xf09f9882e69cac,x08e69cac,x1fe69cac,x5ee69cac,x2ce69cac,x5be69cac,x2de69cac,x70e69cac,x7de69cac,x60e69cac,x22e69cac,x3fe69cac,x3be69cac,x60e69cac,x47e69cac,x67e69cac,x47e69cac,x6ae69cac,x4ae69cac,xe284a9e69cac,x60e69cac,x60e69cac,x60e69cac,x29e69cac,x3ee69cac,x67e69cac,x62e69cac,x62e69cac,x63e69cac,x63e69cac,x62e69cac,x60e69cac,x60e69cac,null,x60e69cac,x60e69cac,x60e69cac,x77e69cac,xc3bee69cac,xe697a5e69cac,x78e697a5e69cac,xe697a5e697a5e69cac,xe69cac,x78e69cac,xe69cac,xe697a578e69cac,xe697a5,xe697a578,xe697a5e69cac78,xe697a5e69cace697a5,null,x77e69cac,x77e69cac,xe697a5e69cac79,xe69cac
det	8	15	1
detdump	N,5/0/26084,1/26085/26085,5/26086/26411,7/26412/26412,5/26413/1114111;A,6/0/26411,2/26412/26412,6/26413/1114111;A,4/0/1114111;N,4/26412/26412;A;N,3/26085/26085,4/26412/26412;A,4/26412/26412;A,3/26085/26085,4/26412/26412
min	8	15
run	00000000000000000000000000000000000000000000000000000000000000000000000000000000000110000000000000000000000000000000000000000001111101111100000
charrun	00000000000000000000000000000000000000000000000000000000000000000000000000000000000110000000000000000000000000000000000000000001111101111100000
prefix	
singleton	null
topo	0,7,1,2,6,5,3,4
strings	50	\u{0}\u{65e5}\u{672c}	\u{0}\u{672c}	\u{1}\u{65e5}\u{672c}	\u{1}\u{672c}	\u{2}\u{65e5}\u{672c}	\u{2}\u{672c}	\u{3}\u{65e5}\u{672c}	\u{3}\u{672c}	\u{4}\u{65e5}\u{672c}	\u{4}\u{672c}	\u{5}\u{65e5}\u{672c}	\u{5}\u{672c}	\u{6}\u{65e5}\u{672c}	\u{6}\u{672c}	\u{7}\u{65e5}\u{672c}	\u{7}\u{672c}	\u{8}\u{65e5}\u{672c}	\u{8}\u{672c}	\u{9}\u{65e5}\u{672c}	\u{9}\u{672c}	\u{a}\u{65e5}\u{672c}	\u{a}\u{672c}	\u{b}\u{65e5}\u{672c}	\u{b}\u{672c}	\u{c}\u{65e5}\u{672c}	\u{c}\u{672c}	\u{d}\u{65e5}\u{672c}	\u{d}\u{672c}	\u{e}\u{65e5}\u{672c}	\u{e}\u{672c}	\u{f}\u{65e5}\u{672c}	\u{f}\u{672c}	\u{10}\u{65e5}\u{672c}	\u{10}\u{672c}	\u{11}\u{65e5}\u{672c}	\u{11}\u{672c}	\u{12}\u{65e5}\u{672c}	\u{12}\u{672c}	\u{13}\u{65e5}\u{672c}	\u{13}\u{672c}	\u{14}\u{65e5}\u{672c}	\u{14}\u{672c}	\u{15}\u{65e5}\u{672c}	\u{15}\u{672c}	\u{16}\u{65e5}\u{672c}	\u{16}\u{672c}	\u{17}\u{65e5}\u{672c}	\u{17}\u{672c}	\u{18}\u{65e5}\u{672c}	\u{18}\u{672c}
compiled_det	NORMAL	-	-	-1	0	0	00000000000000000000000000000000000000000000000000000000000000000000000000000000000110000000000000000000000000000000000000000001111101111100000
compiled_det_floor	null,x60e69cac,x61e69cac,x62e69cac,x63e69cac,x64e69cac,x60e69cac,x60e69cac,x60e69cac,x60e69cac,x60e69cac,x60e69cac,x60e69cac,x60e69cac,x60e69cac,x79e69cac,x70e69cac,x77e69cac,x77e69cac,x77e69cac,x77e69cac,x60e69cac,x60e69cac,x60e69cac,x62e69cac,x61e69cac,x61e69cac,x60e69cac,x60e69cac,x60e69cac,x61e69cac,x65e69cac,x61e69cac,x61e69cac,x65e69cac,x65e69cac,x65e69cac,x68e69cac,x72e69cac,x60e69cac,x60e69cac,x60e69cac,x70e69cac,x30e69cac,x34e69cac,x38e69cac,x30e69cac,x2fe69cac,x2fe69cac,x2fe69cac,x30e69cac,x30e69cac,x30e69cac,x34e69cac,x34e69cac,x2fe69cac,x38e69cac,x2fe69cac,x36e69cac,x30e69cac,x2fe69cac,x70e69cac,x50e69cac,x50e69cac,x50e69cac,x4ae69cac,x6ae69cac,xe284a9e69cac,x52e69cac,x72e69cac,xc5bee69cac,xcea2e69cac,xcf82e69cac,xcf81e69cac,xc783e69cac,xc784e69cac,xc785e69cac,x72e69cac,x52e69cac,x52e69cac,xc3a8e69cac,xc3a8e69cac,xc388e69cac,xe697a5e69cace8aa9e,xe697a5e69cac,xf09f97bfe69cac,xf09f9880e69cac,xf09f9880e69cac,xf09f9882e69cac,x08e69cac,x1fe69cac,x5ee69cac,x2ce69cac,x5be69cac,x2de69cac,x70e69cac,x7de69cac,x60e69cac,x22e69cac,x3fe69cac,x3be69cac,x60e69cac,x47e69cac,x67e69cac,x47e69cac,x6ae69cac,x4ae69cac,xe284a9e69cac,x60e69cac,x60e69cac,x60e69cac,x29e69cac,x3ee69cac,x67e69cac,x62e69cac,x62e69cac,x63e69cac,x63e69cac,x62e69cac,x60e69cac,x60e69cac,null,x60e69cac,x60e69cac,x60e69cac,x77e69cac,xc3bee69cac,xe697a5e69cac,x78e697a5e69cac,xe697a5e697a5e69cac,xe69cac,x78e69cac,xe69cac,xe697a578e69cac,xe697a5,xe697a578,xe697a5e69cac78,xe697a5e69cace697a5,null,x77e69cac,x77e69cac,xe697a5e69cac79,xe69cac
CASE	lev	\u{65e5}\u{672c}	1	1	
probes	16	\u{65e5}\u{672c}	x\u{65e5}\u{672c}	\u{65e5}\u{65e5}\u{672c}	\u{672c}	x\u{672c}	\u{672c}\u{65e5}	\u{65e5}x\u{672c}	\u{65e5}	\u{65e5}x	\u{65e5}\u{672c}x	\u{65e5}\u{672c}\u{65e5}		xx\u{65e5}\u{672c}	xxx\u{65e5}\u{672c}	\u{65e5}\u{672c}yy	\u{672c}\u{65e5}x
raw	8	15	1
rawdump	N,5/0/26084,1/26085/26085,5/26086/26411,7/26412/26412,5/26413/1114111;A,6/0/26411,2/26412/26412,6/26413/1114111;A,4/0/1114111;N,4/26412/26412;A;N,3/26085/26085,4/26412/26412;A,4/26412/26412;A,6/26085/26085,4/26412/26412
flags	0	0	0	1
nfarun	00000000000000000000000000000000000000000000000000000000000000000000000000000000000110000000000000000000000000000000000000000001111111111100000
compiled	NORMAL	-	-	-1	0	0	00000000000000000000000000000000000000000000000000000000000000000000000000000000000110000000000000000000000000000000000000000001111111111100000
compiled_floor	null,x60e69cac,x61e69cac,x62e69cac,x63e69cac,x64e69cac,x60e69cac,x60e69cac,x60e69cac,x60e69cac,x60e69cac,x60e69cac,x60e69cac,x60e69cac,x60e69cac,x79e69cac,x70e69cac,x77e69cac,x77e69cac,x77e69cac,x77e69cac,x60e69cac,x60e69cac,x60e69cac,x62e69cac,x61e69cac,x61e69cac,x60e69cac,x60e69cac,x60e69cac,x61e69cac,x65e69cac,x61e69cac,x61e69cac,x65e69cac,x65e69cac,x65e69cac,x68e69cac,x72e69cac,x60e69cac,x60e69cac,x60e69cac,x70e69cac,x30e69cac,x34e69cac,x38e69cac,x30e69cac,x2fe69cac,x2fe69cac,x2fe69cac,x30e69cac,x30e69cac,x30e69cac,x34e69cac,x34e69cac,x2fe69cac,x38e69cac,x2fe69cac,x36e69cac,x30e69cac,x2fe69cac,x70e69cac,x50e69cac,x50e69cac,x50e69cac,x4ae69cac,x6ae69cac,xe284a9e69cac,x52e69cac,x72e69cac,xc5bee69cac,xcea2e69cac,xcf82e69cac,xcf81e69cac,xc783e69cac,xc784e69cac,xc785e69cac,x72e69cac,x52e69cac,x52e69cac,xc3a8e69cac,xc3a8e69cac,xc388e69cac,xe697a5e69cace8aa9e,xe697a5e69cac,xf09f97bfe69cac,xf09f9880e69cac,xf09f9880e69cac,xf09f9882e69cac,x08e69cac,x1fe69cac,x5ee69cac,x2ce69cac,x5be69cac,x2de69cac,x70e69cac,x7de69cac,x60e69cac,x22e69cac,x3fe69cac,x3be69cac,x60e69cac,x47e69cac,x67e69cac,x47e69cac,x6ae69cac,x4ae69cac,xe284a9e69cac,x60e69cac,x60e69cac,x60e69cac,x29e69cac,x3ee69cac,x67e69cac,x62e69cac,x62e69cac,x63e69cac,x63e69cac,x62e69cac,x60e69cac,x60e69cac,null,x60e69cac,x60e69cac,x60e69cac,x77e69cac,xc3bee69cac,xe697a5e69cac,x78e697a5e69cac,xe697a5e697a5e69cac,xe69cac,x78e69cac,xe69cace697a5,xe697a578e69cac,xe697a5,xe697a578,xe697a5e69cac78,xe697a5e69cace697a5,null,x77e69cac,x77e69cac,xe697a5e69cac79,xe69cace697a5
det	8	15	1
detdump	N,5/0/26084,1/26085/26085,5/26086/26411,7/26412/26412,5/26413/1114111;A,6/0/26411,2/26412/26412,6/26413/1114111;A,4/0/1114111;N,4/26412/26412;A;N,3/26085/26085,4/26412/26412;A,4/26412/26412;A,6/26085/26085,4/26412/26412
min	8	15
run	00000000000000000000000000000000000000000000000000000000000000000000000000000000000110000000000000000000000000000000000000000001111111111100000
charrun	00000000000000000000000000000000000000000000000000000000000000000000000000000000000110000000000000000000000000000000000000000001111111111100000
prefix	
singleton	null
topo	0,7,1,2,6,5,3,4
strings	50	\u{0}\u{65e5}\u{672c}	\u{0}\u{672c}	\u{1}\u{65e5}\u{672c}	\u{1}\u{672c}	\u{2}\u{65e5}\u{672c}	\u{2}\u{672c}	\u{3}\u{65e5}\u{672c}	\u{3}\u{672c}	\u{4}\u{65e5}\u{672c}	\u{4}\u{672c}	\u{5}\u{65e5}\u{672c}	\u{5}\u{672c}	\u{6}\u{65e5}\u{672c}	\u{6}\u{672c}	\u{7}\u{65e5}\u{672c}	\u{7}\u{672c}	\u{8}\u{65e5}\u{672c}	\u{8}\u{672c}	\u{9}\u{65e5}\u{672c}	\u{9}\u{672c}	\u{a}\u{65e5}\u{672c}	\u{a}\u{672c}	\u{b}\u{65e5}\u{672c}	\u{b}\u{672c}	\u{c}\u{65e5}\u{672c}	\u{c}\u{672c}	\u{d}\u{65e5}\u{672c}	\u{d}\u{672c}	\u{e}\u{65e5}\u{672c}	\u{e}\u{672c}	\u{f}\u{65e5}\u{672c}	\u{f}\u{672c}	\u{10}\u{65e5}\u{672c}	\u{10}\u{672c}	\u{11}\u{65e5}\u{672c}	\u{11}\u{672c}	\u{12}\u{65e5}\u{672c}	\u{12}\u{672c}	\u{13}\u{65e5}\u{672c}	\u{13}\u{672c}	\u{14}\u{65e5}\u{672c}	\u{14}\u{672c}	\u{15}\u{65e5}\u{672c}	\u{15}\u{672c}	\u{16}\u{65e5}\u{672c}	\u{16}\u{672c}	\u{17}\u{65e5}\u{672c}	\u{17}\u{672c}	\u{18}\u{65e5}\u{672c}	\u{18}\u{672c}
compiled_det	NORMAL	-	-	-1	0	0	00000000000000000000000000000000000000000000000000000000000000000000000000000000000110000000000000000000000000000000000000000001111111111100000
compiled_det_floor	null,x60e69cac,x61e69cac,x62e69cac,x63e69cac,x64e69cac,x60e69cac,x60e69cac,x60e69cac,x60e69cac,x60e69cac,x60e69cac,x60e69cac,x60e69cac,x60e69cac,x79e69cac,x70e69cac,x77e69cac,x77e69cac,x77e69cac,x77e69cac,x60e69cac,x60e69cac,x60e69cac,x62e69cac,x61e69cac,x61e69cac,x60e69cac,x60e69cac,x60e69cac,x61e69cac,x65e69cac,x61e69cac,x61e69cac,x65e69cac,x65e69cac,x65e69cac,x68e69cac,x72e69cac,x60e69cac,x60e69cac,x60e69cac,x70e69cac,x30e69cac,x34e69cac,x38e69cac,x30e69cac,x2fe69cac,x2fe69cac,x2fe69cac,x30e69cac,x30e69cac,x30e69cac,x34e69cac,x34e69cac,x2fe69cac,x38e69cac,x2fe69cac,x36e69cac,x30e69cac,x2fe69cac,x70e69cac,x50e69cac,x50e69cac,x50e69cac,x4ae69cac,x6ae69cac,xe284a9e69cac,x52e69cac,x72e69cac,xc5bee69cac,xcea2e69cac,xcf82e69cac,xcf81e69cac,xc783e69cac,xc784e69cac,xc785e69cac,x72e69cac,x52e69cac,x52e69cac,xc3a8e69cac,xc3a8e69cac,xc388e69cac,xe697a5e69cace8aa9e,xe697a5e69cac,xf09f97bfe69cac,xf09f9880e69cac,xf09f9880e69cac,xf09f9882e69cac,x08e69cac,x1fe69cac,x5ee69cac,x2ce69cac,x5be69cac,x2de69cac,x70e69cac,x7de69cac,x60e69cac,x22e69cac,x3fe69cac,x3be69cac,x60e69cac,x47e69cac,x67e69cac,x47e69cac,x6ae69cac,x4ae69cac,xe284a9e69cac,x60e69cac,x60e69cac,x60e69cac,x29e69cac,x3ee69cac,x67e69cac,x62e69cac,x62e69cac,x63e69cac,x63e69cac,x62e69cac,x60e69cac,x60e69cac,null,x60e69cac,x60e69cac,x60e69cac,x77e69cac,xc3bee69cac,xe697a5e69cac,x78e697a5e69cac,xe697a5e697a5e69cac,xe69cac,x78e69cac,xe69cace697a5,xe697a578e69cac,xe697a5,xe697a578,xe697a5e69cac78,xe697a5e69cace697a5,null,x77e69cac,x77e69cac,xe697a5e69cac79,xe69cace697a5
CASE	lev	\u{65e5}\u{672c}	2	0	
probes	16	\u{65e5}\u{672c}	x\u{65e5}\u{672c}	\u{65e5}\u{65e5}\u{672c}	\u{672c}	x\u{672c}	\u{672c}\u{65e5}	\u{65e5}x\u{672c}	\u{65e5}	\u{65e5}x	\u{65e5}\u{672c}x	\u{65e5}\u{672c}\u{65e5}		xx\u{65e5}\u{672c}	xxx\u{65e5}\u{672c}	\u{65e5}\u{672c}yy	\u{672c}\u{65e5}x
raw	13	33	1
rawdump	A,7/0/26084,1/26085/26085,7/26086/26411,10/26412/26412,7/26413/1114111;A,8/0/26411,2/26412/26412,8/26413/1114111;A,4/0/1114111;A,9/0/26411,4/26412/26412,9/26413/1114111;A,6/0/1114111;N,6/26412/26412;A;A,11/0/26084,3/26085/26085,11/26086/26411,12/26412/26412,11/26413/1114111;A,9/0/26411,4/26412/26412,9/26413/1114111;A,6/26412/26412;A,11/0/26084,3/26085/26085,11/26086/26411,12/26412/26412,11/26413/1114111;A,5/26085/26085,6/26412/26412;A,6/0/26084,9/26085/26085,6/26086/1114111
flags	0	0	0	1
nfarun	11111111100100011110100011100000001000010001111010100000111000000111111111111000111111111111111010110000011100111000001101100011111111111111011
compiled	NORMAL	-	-	-1	0	0	11111111100100011110100011100000001000010001111010100000111000000111111111111000111111111111111010110000011100111000001101100011111111111111011
compiled_floor	x,x61,x62,x63,x64,x65,x6162,x6163,x6164,x6162,x6162,x6161,x6161,x6161,x6161,x7a,x71,x78,x7879,x7879,x787a,x6162,x6162,x6163,x6364,x6261,x6262,x6161,x6162,x6162,x6261,x666f,x6261,x6261,x666f,x666f,x666f,x696e,x7369,x617a,x6120,x617a,x7161,x31,x35,x39,x3130,x3031,x3035,x3030,x3137,x3130,x3130,x3530,x3530,x3035,x3939,x3037,x37,x3132,x3031,x7175,x5155,x5175,x5175,x4b,x6b,xe284aa,x53,x73,xc5bf,xcea3,xcf83,xcf82,xc784,xc785,xc786,x7374,x5354,x5374,xc3a9,xc3a9c3a9,xc389,xe697a5e69cace8aa9e,xe697a5e69cac,xf09f9880,xf09f9880f09f9880,xf09f9881,xf09f9882f09f9883,x09,x20,x5f,x2d,x5c,x2e,x7175,x7e61,x6126,x23,x40,x3c31,x617e,x4865,x6865,x4845,x6b53,x4b53,xe284aa73,x6162,x612e,x617c,x2a61,x3f,x6865,x6361,x6361,x646f,x646f,x6361,x6100,x6100,x00,x6165,x6163,x6162,x7879,xc3bf,xe697a5e69cac,x78e697a5e69cac,xe697a5e697a5e69cac,xe69cac,x78e69cac,xe69cace697a5,xe697a578e69cac,xe697a5,xe697a578,xe697a5e69cac78,xe697a5e69cace697a5,x,x7878e697a5e69cac,x7878,xe697a5e69cac7979,xe69cace697a578
det	13	33	1
detdump	A,7/0/26084,1/26085/26085,7/26086/26411,10/26412/26412,7/26413/1114111;A,8/0/26411,2/26412/26412,8/26413/1114111;A,4/0/1114111;A,9/0/26411,4/26412/26412,9/26413/1114111;A,6/0/1114111;N,6/26412/26412;A;A,11/0/26084,3/26085/26085,11/26086/26411,12/26412/26412,11/26413/1114111;A,9/0/26411,4/26412/26412,9/26413/1114111;A,6/26412/26412;A,11/0/26084,3/26085/26085,11/26086/26411,12/26412/26412,11/26413/1114111;A,5/26085/26085,6/26412/26412;A,6/0/26084,9/26085/26085,6/26086/1114111
min	11	23
run	11111111100100011110100011100000001000010001111010100000111000000111111111111000111111111111111010110000011100111000001101100011111111111111011
charrun	11111111100100011110100011100000001000010001111010100000111000000111111111111000111111111111111010110000011100111000001101100011111111111111011
prefix	
singleton	null
topo	0,10,1,2,8,7,12,3,4,9,11,5,6
strings	50		\u{0}\u{0}\u{65e5}\u{672c}	\u{0}\u{0}\u{672c}	\u{0}\u{0}	\u{0}\u{1}\u{65e5}\u{672c}	\u{0}\u{1}\u{672c}	\u{0}\u{1}	\u{0}\u{2}\u{65e5}\u{672c}	\u{0}\u{2}\u{672c}	\u{0}\u{2}	\u{0}\u{3}\u{65e5}\u{672c}	\u{0}\u{3}\u{672c}	\u{0}\u{3}	\u{0}\u{4}\u{65e5}\u{672c}	\u{0}\u{4}\u{672c}	\u{0}\u{4}	\u{0}\u{5}\u{65e5}\u{672c}	\u{0}\u{5}\u{672c}	\u{0}\u{5}	\u{0}\u{6}\u{65e5}\u{672c}	\u{0}\u{6}\u{672c}	\u{0}\u{6}	\u{0}\u{7}\u{65e5}\u{672c}	\u{0}\u{7}\u{672c}	\u{0}\u{7}	\u{0}\u{8}\u{65e5}\u{672c}	\u{0}\u{8}\u{672c}	\u{0}\u{8}	\u{0}\u{9}\u{65e5}\u{672c}	\u{0}\u{9}\u{672c}	\u{0}\u{9}	\u{0}\u{a}\u{65e5}\u{672c}	\u{0}\u{a}\u{672c}	\u{0}\u{a}	\u{0}\u{b}\u{65e5}\u{672c}	\u{0}\u{b}\u{672c}	\u{0}\u{b}	\u{0}\u{c}\u{65e5}\u{672c}	\u{0}\u{c}\u{672c}	\u{0}\u{c}	\u{0}\u{d}\u{65e5}\u{672c}	\u{0}\u{d}\u{672c}	\u{0}\u{d}	\u{0}\u{e}\u{65e5}\u{672c}	\u{0}\u{e}\u{672c}	\u{0}\u{e}	\u{0}\u{f}\u{65e5}\u{672c}	\u{0}\u{f}\u{672c}	\u{0}\u{f}	\u{0}\u{10}\u{65e5}\u{672c}
compiled_det	NORMAL	-	-	-1	0	0	11111111100100011110100011100000001000010001111010100000111000000111111111111000111111111111111010110000011100111000001101100011111111111111011
compiled_det_floor	x,x61,x62,x63,x64,x65,x6162,x6163,x6164,x6162,x6162,x6161,x6161,x6161,x6161,x7a,x71,x78,x7879,x7879,x787a,x6162,x6162,x6163,x6364,x6261,x6262,x6161,x6162,x6162,x6261,x666f,x6261,x6261,x666f,x666f,x666f,x696e,x7369,x617a,x6120,x617a,x7161,x31,x35,x39,x3130,x3031,x3035,x3030,x3137,x3130,x3130,x3530,x3530,x3035,x3939,x3037,x37,x3132,x3031,x7175,x5155,x5175,x5175,x4b,x6b,xe284aa,x53,x73,xc5bf,xcea3,xcf83,xcf82,xc784,xc785,xc786,x7374,x5354,x5374,xc3a9,xc3a9c3a9,xc389,xe697a5e69cace8aa9e,xe697a5e69cac,xf09f9880,xf09f9880f09f9880,xf09f9881,xf09f9882f09f9883,x09,x20,x5f,x2d,x5c,x2e,x7175,x7e61,x6126,x23,x40,x3c31,x617e,x4865,x6865,x4845,x6b53,x4b53,xe284aa73,x6162,x612e,x617c,x2a61,x3f,x6865,x6361,x6361,x646f,x646f,x6361,x6100,x6100,x00,x6165,x6163,x6162,x7879,xc3bf,xe697a5e69cac,x78e697a5e69cac,xe697a5e697a5e69cac,xe69cac,x78e69cac,xe69cace697a5,xe697a578e69cac,xe697a5,xe697a578,xe697a5e69cac78,xe697a5e69cace697a5,x,x7878e697a5e69cac,x7878,xe697a5e69cac7979,xe69cace697a578
CASE	lev	\u{65e5}\u{672c}	2	1	
probes	16	\u{65e5}\u{672c}	x\u{65e5}\u{672c}	\u{65e5}\u{65e5}\u{672c}	\u{672c}	x\u{672c}	\u{672c}\u{65e5}	\u{65e5}x\u{672c}	\u{65e5}	\u{65e5}x	\u{65e5}\u{672c}x	\u{65e5}\u{672c}\u{65e5}		xx\u{65e5}\u{672c}	xxx\u{65e5}\u{672c}	\u{65e5}\u{672c}yy	\u{672c}\u{65e5}x
raw	13	33	1
rawdump	A,7/0/26084,1/26085/26085,7/26086/26411,12/26412/26412,7/26413/1114111;A,8/0/26411,2/26412/26412,8/26413/1114111;A,4/0/1114111;A,9/0/26411,4/26412/26412,9/26413/1114111;A,6/0/1114111;N,6/26412/26412;A;A,10/0/26084,3/26085/26085,10/26086/26411,11/26412/26412,10/26413/1114111;A,9/0/26411,4/26412/26412,9/26413/1114111;A,6/26412/26412;A,5/26085/26085,6/26412/26412;A,6/0/26084,9/26085/26085,6/26086/1114111;A,10/0/26084,8/26085/26085,10/26086/26411,11/26412/26412,10/26413/1114111
flags	0	0	0	1
nfarun	11111111100100011110100011100000001000010001111010100000111000000111111111111000111111111111111010110000011100111000001101100011111111111111011
compiled	NORMAL	-	-	-1	0	0	11111111100100011110100011100000001000010001111010100000111000000111111111111000111111111111111010110000011100111000001101100011111111111111011
compiled_floor	x,x61,x62,x63,x64,x65,x6162,x6163,x6164,x6162,x6162,x6161,x6161,x6161,x6161,x7a,x71,x78,x7879,x7879,x787a,x6162,x6162,x6163,x6364,x6261,x6262,x6161,x6162,x6162,x6261,x666f,x6261,x6261,x666f,x666f,x666f,x696e,x7369,x617a,x6120,x617a,x7161,x31,x35,x39,x3130,x3031,x3035,x3030,x3137,x3130,x3130,x3530,x3530,x3035,x3939,x3037,x37,x3132,x3031,x7175,x5155,x5175,x5175,x4b,x6b,xe284aa,x53,x73,xc5bf,xcea3,xcf83,xcf82,xc784,xc785,xc786,x7374,x5354,x5374,xc3a9,xc3a9c3a9,xc389,xe697a5e69cace8aa9e,xe697a5e69cac,xf09f9880,xf09f9880f09f9880,xf09f9881,xf09f9882f09f9883,x09,x20,x5f,x2d,x5c,x2e,x7175,x7e61,x6126,x23,x40,x3c31,x617e,x4865,x6865,x4845,x6b53,x4b53,xe284aa73,x6162,x612e,x617c,x2a61,x3f,x6865,x6361,x6361,x646f,x646f,x6361,x6100,x6100,x00,x6165,x6163,x6162,x7879,xc3bf,xe697a5e69cac,x78e697a5e69cac,xe697a5e697a5e69cac,xe69cac,x78e69cac,xe69cace697a5,xe697a578e69cac,xe697a5,xe697a578,xe697a5e69cac78,xe697a5e69cace697a5,x,x7878e697a5e69cac,x7878,xe697a5e69cac7979,xe69cace697a578
det	13	33	1
detdump	A,7/0/26084,1/26085/26085,7/26086/26411,12/26412/26412,7/26413/1114111;A,8/0/26411,2/26412/26412,8/26413/1114111;A,4/0/1114111;A,9/0/26411,4/26412/26412,9/26413/1114111;A,6/0/1114111;N,6/26412/26412;A;A,10/0/26084,3/26085/26085,10/26086/26411,11/26412/26412,10/26413/1114111;A,9/0/26411,4/26412/26412,9/26413/1114111;A,6/26412/26412;A,5/26085/26085,6/26412/26412;A,6/0/26084,9/26085/26085,6/26086/1114111;A,10/0/26084,8/26085/26085,10/26086/26411,11/26412/26412,10/26413/1114111
min	11	23
run	11111111100100011110100011100000001000010001111010100000111000000111111111111000111111111111111010110000011100111000001101100011111111111111011
charrun	11111111100100011110100011100000001000010001111010100000111000000111111111111000111111111111111010110000011100111000001101100011111111111111011
prefix	
singleton	null
topo	0,12,1,2,8,7,11,3,4,9,10,5,6
strings	50		\u{0}\u{0}\u{65e5}\u{672c}	\u{0}\u{0}\u{672c}	\u{0}\u{0}	\u{0}\u{1}\u{65e5}\u{672c}	\u{0}\u{1}\u{672c}	\u{0}\u{1}	\u{0}\u{2}\u{65e5}\u{672c}	\u{0}\u{2}\u{672c}	\u{0}\u{2}	\u{0}\u{3}\u{65e5}\u{672c}	\u{0}\u{3}\u{672c}	\u{0}\u{3}	\u{0}\u{4}\u{65e5}\u{672c}	\u{0}\u{4}\u{672c}	\u{0}\u{4}	\u{0}\u{5}\u{65e5}\u{672c}	\u{0}\u{5}\u{672c}	\u{0}\u{5}	\u{0}\u{6}\u{65e5}\u{672c}	\u{0}\u{6}\u{672c}	\u{0}\u{6}	\u{0}\u{7}\u{65e5}\u{672c}	\u{0}\u{7}\u{672c}	\u{0}\u{7}	\u{0}\u{8}\u{65e5}\u{672c}	\u{0}\u{8}\u{672c}	\u{0}\u{8}	\u{0}\u{9}\u{65e5}\u{672c}	\u{0}\u{9}\u{672c}	\u{0}\u{9}	\u{0}\u{a}\u{65e5}\u{672c}	\u{0}\u{a}\u{672c}	\u{0}\u{a}	\u{0}\u{b}\u{65e5}\u{672c}	\u{0}\u{b}\u{672c}	\u{0}\u{b}	\u{0}\u{c}\u{65e5}\u{672c}	\u{0}\u{c}\u{672c}	\u{0}\u{c}	\u{0}\u{d}\u{65e5}\u{672c}	\u{0}\u{d}\u{672c}	\u{0}\u{d}	\u{0}\u{e}\u{65e5}\u{672c}	\u{0}\u{e}\u{672c}	\u{0}\u{e}	\u{0}\u{f}\u{65e5}\u{672c}	\u{0}\u{f}\u{672c}	\u{0}\u{f}	\u{0}\u{10}\u{65e5}\u{672c}
compiled_det	NORMAL	-	-	-1	0	0	11111111100100011110100011100000001000010001111010100000111000000111111111111000111111111111111010110000011100111000001101100011111111111111011
compiled_det_floor	x,x61,x62,x63,x64,x65,x6162,x6163,x6164,x6162,x6162,x6161,x6161,x6161,x6161,x7a,x71,x78,x7879,x7879,x787a,x6162,x6162,x6163,x6364,x6261,x6262,x6161,x6162,x6162,x6261,x666f,x6261,x6261,x666f,x666f,x666f,x696e,x7369,x617a,x6120,x617a,x7161,x31,x35,x39,x3130,x3031,x3035,x3030,x3137,x3130,x3130,x3530,x3530,x3035,x3939,x3037,x37,x3132,x3031,x7175,x5155,x5175,x5175,x4b,x6b,xe284aa,x53,x73,xc5bf,xcea3,xcf83,xcf82,xc784,xc785,xc786,x7374,x5354,x5374,xc3a9,xc3a9c3a9,xc389,xe697a5e69cace8aa9e,xe697a5e69cac,xf09f9880,xf09f9880f09f9880,xf09f9881,xf09f9882f09f9883,x09,x20,x5f,x2d,x5c,x2e,x7175,x7e61,x6126,x23,x40,x3c31,x617e,x4865,x6865,x4845,x6b53,x4b53,xe284aa73,x6162,x612e,x617c,x2a61,x3f,x6865,x6361,x6361,x646f,x646f,x6361,x6100,x6100,x00,x6165,x6163,x6162,x7879,xc3bf,xe697a5e69cac,x78e697a5e69cac,xe697a5e697a5e69cac,xe69cac,x78e69cac,xe69cace697a5,xe697a578e69cac,xe697a5,xe697a578,xe697a5e69cac78,xe697a5e69cace697a5,x,x7878e697a5e69cac,x7878,xe697a5e69cac7979,xe69cace697a578
CASE	lev	\u{65e5}\u{672c}	3	0	
probes	16	\u{65e5}\u{672c}	x\u{65e5}\u{672c}	\u{65e5}\u{65e5}\u{672c}	\u{672c}	x\u{672c}	\u{672c}\u{65e5}	\u{65e5}x\u{672c}	\u{65e5}	\u{65e5}x	\u{65e5}\u{672c}x	\u{65e5}\u{672c}\u{65e5}		xx\u{65e5}\u{672c}	xxx\u{65e5}\u{672c}	\u{65e5}\u{672c}yy	\u{672c}\u{65e5}x
lev	null
CASE	lev	\u{65e5}\u{672c}	3	1	
probes	16	\u{65e5}\u{672c}	x\u{65e5}\u{672c}	\u{65e5}\u{65e5}\u{672c}	\u{672c}	x\u{672c}	\u{672c}\u{65e5}	\u{65e5}x\u{672c}	\u{65e5}	\u{65e5}x	\u{65e5}\u{672c}x	\u{65e5}\u{672c}\u{65e5}		xx\u{65e5}\u{672c}	xxx\u{65e5}\u{672c}	\u{65e5}\u{672c}yy	\u{672c}\u{65e5}x
lev	null
CASE	lev	\u{1f600}x	0	0	
probes	13	\u{1f600}x	x\u{1f600}x	\u{1f600}\u{1f600}x	x	xx	x\u{1f600}	\u{1f600}xx	\u{1f600}	\u{1f600}x\u{1f600}		xx\u{1f600}x	xxx\u{1f600}x	\u{1f600}xyy
raw	3	2	1
rawdump	N,1/128512/128512;N,2/120/120;A
flags	0	0	0	1
nfarun	00000000000000000000000000000000000000000000000000000000000000000000000000000000000000000000000000000000000000000000000000000001000000000000
compiled	SINGLE	xf09f988078	-	-1	1	0	-
compiled_floor	-
det	3	2	1
detdump	N,1/128512/128512;N,2/120/120;A
min	3	2
run	00000000000000000000000000000000000000000000000000000000000000000000000000000000000000000000000000000000000000000000000000000001000000000000
charrun	00000000000000000000000000000000000000000000000000000000000000000000000000000000000000000000000000000000000000000000000000000001000000000000
prefix	\u{1f600}x
singleton	\u{1f600}x
topo	0,1,2
strings	1	\u{1f600}x
compiled_det	SINGLE	xf09f988078	-	-1	1	0	-
compiled_det_floor	-
CASE	lev	\u{1f600}x	0	1	
probes	13	\u{1f600}x	x\u{1f600}x	\u{1f600}\u{1f600}x	x	xx	x\u{1f600}	\u{1f600}xx	\u{1f600}	\u{1f600}x\u{1f600}		xx\u{1f600}x	xxx\u{1f600}x	\u{1f600}xyy
raw	3	2	1
rawdump	N,1/128512/128512;N,2/120/120;A
flags	0	0	0	1
nfarun	00000000000000000000000000000000000000000000000000000000000000000000000000000000000000000000000000000000000000000000000000000001000000000000
compiled	SINGLE	xf09f988078	-	-1	1	0	-
compiled_floor	-
det	3	2	1
detdump	N,1/128512/128512;N,2/120/120;A
min	3	2
run	00000000000000000000000000000000000000000000000000000000000000000000000000000000000000000000000000000000000000000000000000000001000000000000
charrun	00000000000000000000000000000000000000000000000000000000000000000000000000000000000000000000000000000000000000000000000000000001000000000000
prefix	\u{1f600}x
singleton	\u{1f600}x
topo	0,1,2
strings	1	\u{1f600}x
compiled_det	SINGLE	xf09f988078	-	-1	1	0	-
compiled_det_floor	-
CASE	lev	\u{1f600}x	1	0	
probes	13	\u{1f600}x	x\u{1f600}x	\u{1f600}\u{1f600}x	x	xx	x\u{1f600}	\u{1f600}xx	\u{1f600}	\u{1f600}x\u{1f600}		xx\u{1f600}x	xxx\u{1f600}x	\u{1f600}xyy
raw	8	15	1
rawdump	N,5/0/119,7/120/120,5/121/128511,1/128512/128512,5/128513/1114111;A,6/0/119,2/120/120,6/121/1114111;A,4/0/1114111;N,4/120/120;A;N,4/120/120,3/128512/128512;A,4/120/120;A,4/120/120,3/128512/128512
flags	0	0	0	1
nfarun	00000000000000000100000000000000000000000000000000000000000000000000000000000000000001100000000000000000000000000000000000000001111101110000
compiled	NORMAL	-	-	-1	0	0	00000000000000000100000000000000000000000000000000000000000000000000000000000000000001100000000000000000000000000000000000000001111101110000
compiled_floor	null,x60f09f988078,x61f09f988078,x62f09f988078,x63f09f988078,x64f09f988078,x60f09f988078,x60f09f988078,x60f09f988078,x60f09f988078,x60f09f988078,x60f09f988078,x60f09f988078,x60f09f988078,x60f09f988078,x79f09f988078,x70f09f988078,x78,x7878,x7878,x7878,x60f09f988078,x60f09f988078,x60f09f988078,x62f09f988078,x61f09f988078,x61f09f988078,x60f09f988078,x60f09f988078,x60f09f988078,x61f09f988078,x65f09f988078,x61f09f988078,x61f09f988078,x65f09f988078,x65f09f988078,x65f09f988078,x68f09f988078,x72f09f988078,x6178,x60f09f988078,x6178,x70f09f988078,x30f09f988078,x34f09f988078,x38f09f988078,x30f09f988078,x2ff09f988078,x2ff09f988078,x2ff09f988078,x30f09f988078,x30f09f988078,x30f09f988078,x34f09f988078,x34f09f988078,x2ff09f988078,x38f09f988078,x2ff09f988078,x36f09f988078,x30f09f988078,x2ff09f988078,x70f09f988078,x50f09f988078,x50f09f988078,x50f09f988078,x4af09f988078,x6af09f988078,xe284a9f09f988078,x52f09f988078,x72f09f988078,xc5bef09f988078,xcea2f09f988078,xcf82f09f988078,xcf81f09f988078,xc783f09f988078,xc784f09f988078,xc785f09f988078,x72f09f988078,x52f09f988078,x52f09f988078,xc3a8f09f988078,xc3a978,xc388f09f988078,xe697a578,xe697a578,xf09f9880,xf09f9880f09f9880,xf09f9880f48fbfbf78,xf09f9882f09f988078,x08f09f988078,x1ff09f988078,x5ef09f988078,x2cf09f988078,x5bf09f988078,x2df09f988078,x70f09f988078,x7df09f988078,x60f09f988078,x22f09f988078,x3ff09f988078,x3bf09f988078,x6178,x47f09f988078,x67f09f988078,x47f09f988078,x6af09f988078,x4af09f988078,xe284a9f09f988078,x60f09f988078,x60f09f988078,x6178,x29f09f988078,x3ef09f988078,x67f09f988078,x62f09f988078,x62f09f988078,x63f09f988078,x63f09f988078,x62f09f988078,x60f09f988078,x60f09f988078,null,x60f09f988078,x60f09f988078,x60f09f988078,x7878,xc3bef09f988078,xf09f988078,x78f09f988078,xf09f9880f09f988078,x78,x7878,x7878,xf09f98807878,xf09f9880,xf09f988078f09f9880,null,x7878,x7878,xf09f98807879
det	8	15	1
detdump	N,5/0/119,7/120/120,5/121/128511,1/128512/128512,5/128513/1114111;A,6/0/119,2/120/120,6/121/1114111;A,4/0/1114111;N,4/120/120;A;N,4/120/120,3/128512/128512;A,4/120/120;A,4/120/120,3/128512/128512
min	8	15
run	00000000000000000100000000000000000000000000000000000000000000000000000000000000000001100000000000000000000000000000000000000001111101110000
charrun	00000000000000000100000000000000000000000000000000000000000000000000000000000000000001100000000000000000000000000000000000000001111101110000
prefix	
singleton	null
topo	0,1,2,6,7,5,3,4
strings	50	\u{0}x	\u{0}\u{1f600}x	\u{1}x	\u{1}\u{1f600}x	\u{2}x	\u{2}\u{1f600}x	\u{3}x	\u{3}\u{1f600}x	\u{4}x	\u{4}\u{1f600}x	\u{5}x	\u{5}\u{1f600}x	\u{6}x	\u{6}\u{1f600}x	\u{7}x	\u{7}\u{1f600}x	\u{8}x	\u{8}\u{1f600}x	\u{9}x	\u{9}\u{1f600}x	\u{a}x	\u{a}\u{1f600}x	\u{b}x	\u{b}\u{1f600}x	\u{c}x	\u{c}\u{1f600}x	\u{d}x	\u{d}\u{1f600}x	\u{e}x	\u{e}\u{1f600}x	\u{f}x	\u{f}\u{1f600}x	\u{10}x	\u{10}\u{1f600}x	\u{11}x	\u{11}\u{1f600}x	\u{12}x	\u{12}\u{1f600}x	\u{13}x	\u{13}\u{1f600}x	\u{14}x	\u{14}\u{1f600}x	\u{15}x	\u{15}\u{1f600}x	\u{16}x	\u{16}\u{1f600}x	\u{17}x	\u{17}\u{1f600}x	\u{18}x	\u{18}\u{1f600}x
compiled_det	NORMAL	-	-	-1	0	0	00000000000000000100000000000000000000000000000000000000000000000000000000000000000001100000000000000000000000000000000000000001111101110000
compiled_det_floor	null,x60f09f988078,x61f09f988078,x62f09f988078,x63f09f988078,x64f09f988078,x60f09f988078,x60f09f988078,x60f09f988078,x60f09f988078,x60f09f988078,x60f09f988078,x60f09f988078,x60f09f988078,x60f09f988078,x79f09f988078,x70f09f988078,x78,x7878,x7878,x7878,x60f09f988078,x60f09f988078,x60f09f988078,x62f09f988078,x61f09f988078,x61f09f988078,x60f09f988078,x60f09f988078,x60f09f988078,x61f09f988078,x65f09f988078,x61f09f988078,x61f09f988078,x65f09f988078,x65f09f988078,x65f09f988078,x68f09f988078,x72f09f988078,x6178,x60f09f988078,x6178,x70f09f988078,x30f09f988078,x34f09f988078,x38f09f988078,x30f09f988078,x2ff09f988078,x2ff09f988078,x2ff09f988078,x30f09f988078,x30f09f988078,x30f09f988078,x34f09f988078,x34f09f988078,x2ff09f988078,x38f09f988078,x2ff09f988078,x36f09f988078,x30f09f988078,x2ff09f988078,x70f09f988078,x50f09f988078,x50f09f988078,x50f09f988078,x4af09f988078,x6af09f988078,xe284a9f09f988078,x52f09f988078,x72f09f988078,xc5bef09f988078,xcea2f09f988078,xcf82f09f988078,xcf81f09f988078,xc783f09f988078,xc784f09f988078,xc785f09f988078,x72f09f988078,x52f09f988078,x52f09f988078,xc3a8f09f988078,xc3a978,xc388f09f988078,xe697a578,xe697a578,xf09f9880,xf09f9880f09f9880,xf09f9880f48fbfbf78,xf09f9882f09f988078,x08f09f988078,x1ff09f988078,x5ef09f988078,x2cf09f988078,x5bf09f988078,x2df09f988078,x70f09f988078,x7df09f988078,x60f09f988078,x22f09f988078,x3ff09f988078,x3bf09f988078,x6178,x47f09f988078,x67f09f988078,x47f09f988078,x6af09f988078,x4af09f988078,xe284a9f09f988078,x60f09f988078,x60f09f988078,x6178,x29f09f988078,x3ef09f988078,x67f09f988078,x62f09f988078,x62f09f988078,x63f09f988078,x63f09f988078,x62f09f988078,x60f09f988078,x60f09f988078,null,x60f09f988078,x60f09f988078,x60f09f988078,x7878,xc3bef09f988078,xf09f988078,x78f09f988078,xf09f9880f09f988078,x78,x7878,x7878,xf09f98807878,xf09f9880,xf09f988078f09f9880,null,x7878,x7878,xf09f98807879
CASE	lev	\u{1f600}x	1	1	
probes	13	\u{1f600}x	x\u{1f600}x	\u{1f600}\u{1f600}x	x	xx	x\u{1f600}	\u{1f600}xx	\u{1f600}	\u{1f600}x\u{1f600}		xx\u{1f600}x	xxx\u{1f600}x	\u{1f600}xyy
raw	8	15	1
rawdump	N,5/0/119,7/120/120,5/121/128511,1/128512/128512,5/128513/1114111;A,6/0/119,2/120/120,6/121/1114111;A,4/0/1114111;N,4/120/120;A;N,4/120/120,3/128512/128512;A,4/120/120;A,4/120/120,6/128512/128512
flags	0	0	0	1
nfarun	00000000000000000100000000000000000000000000000000000000000000000000000000000000000001100000000000000000000000000000000000000001111111110000
compiled	NORMAL	-	-	-1	0	0	00000000000000000100000000000000000000000000000000000000000000000000000000000000000001100000000000000000000000000000000000000001111111110000
compiled_floor	null,x60f09f988078,x61f09f988078,x62f09f988078,x63f09f988078,x64f09f988078,x60f09f988078,x60f09f988078,x60f09f988078,x60f09f988078,x60f09f988078,x60f09f988078,x60f09f988078,x60f09f988078,x60f09f988078,x79f09f988078,x70f09f988078,x78,x7878,x7878,x7878,x60f09f988078,x60f09f988078,x60f09f988078,x62f09f988078,x61f09f988078,x61f09f988078,x60f09f988078,x60f09f988078,x60f09f988078,x61f09f988078,x65f09f988078,x61f09f988078,x61f09f988078,x65f09f988078,x65f09f988078,x65f09f988078,x68f09f988078,x72f09f988078,x6178,x60f09f988078,x6178,x70f09f988078,x30f09f988078,x34f09f988078,x38f09f988078,x30f09f988078,x2ff09f988078,x2ff09f988078,x2ff09f988078,x30f09f988078,x30f09f988078,x30f09f988078,x34f09f988078,x34f09f988078,x2ff09f988078,x38f09f988078,x2ff09f988078,x36f09f988078,x30f09f988078,x2ff09f988078,x70f09f988078,x50f09f988078,x50f09f988078,x50f09f988078,x4af09f988078,x6af09f988078,xe284a9f09f988078,x52f09f988078,x72f09f988078,xc5bef09f988078,xcea2f09f988078,xcf82f09f988078,xcf81f09f988078,xc783f09f988078,xc784f09f988078,xc785f09f988078,x72f09f988078,x52f09f988078,x52f09f988078,xc3a8f09f988078,xc3a978,xc388f09f988078,xe697a578,xe697a578,xf09f9880,xf09f9880f09f9880,xf09f9880f48fbfbf78,xf09f9882f09f988078,x08f09f988078,x1ff09f988078,x5ef09f988078,x2cf09f988078,x5bf09f988078,x2df09f988078,x70f09f988078,x7df09f988078,x60f09f988078,x22f09f988078,x3ff09f988078,x3bf09f988078,x6178,x47f09f988078,x67f09f988078,x47f09f988078,x6af09f988078,x4af09f988078,xe284a9f09f988078,x60f09f988078,x60f09f988078,x6178,x29f09f988078,x3ef09f988078,x67f09f988078,x62f09f988078,x62f09f988078,x63f09f988078,x63f09f988078,x62f09f988078,x60f09f988078,x60f09f988078,null,x60f09f988078,x60f09f988078,x60f09f988078,x7878,xc3bef09f988078,xf09f988078,x78f09f988078,xf09f9880f09f988078,x78,x7878,x78f09f9880,xf09f98807878,xf09f9880,xf09f988078f09f9880,null,x7878,x7878,xf09f98807879
det	8	15	1
detdump	N,5/0/119,7/120/120,5/121/128511,1/128512/128512,5/128513/1114111;A,6/0/119,2/120/120,6/121/1114111;A,4/0/1114111;N,4/120/120;A;N,4/120/120,3/128512/128512;A,4/120/120;A,4/120/120,6/128512/128512
min	8	15
run	00000000000000000100000000000000000000000000000000000000000000000000000000000000000001100000000000000000000000000000000000000001111111110000
charrun	00000000000000000100000000000000000000000000000000000000000000000000000000000000000001100000000000000000000000000000000000000001111111110000
prefix	
singleton	null
topo	0,1,2,7,6,5,3,4
strings	50	\u{0}x	\u{0}\u{1f600}x	\u{1}x	\u{1}\u{1f600}x	\u{2}x	\u{2}\u{1f600}x	\u{3}x	\u{3}\u{1f600}x	\u{4}x	\u{4}\u{1f600}x	\u{5}x	\u{5}\u{1f600}x	\u{6}x	\u{6}\u{1f600}x	\u{7}x	\u{7}\u{1f600}x	\u{8}x	\u{8}\u{1f600}x	\u{9}x	\u{9}\u{1f600}x	\u{a}x	\u{a}\u{1f600}x	\u{b}x	\u{b}\u{1f600}x	\u{c}x	\u{c}\u{1f600}x	\u{d}x	\u{d}\u{1f600}x	\u{e}x	\u{e}\u{1f600}x	\u{f}x	\u{f}\u{1f600}x	\u{10}x	\u{10}\u{1f600}x	\u{11}x	\u{11}\u{1f600}x	\u{12}x	\u{12}\u{1f600}x	\u{13}x	\u{13}\u{1f600}x	\u{14}x	\u{14}\u{1f600}x	\u{15}x	\u{15}\u{1f600}x	\u{16}x	\u{16}\u{1f600}x	\u{17}x	\u{17}\u{1f600}x	\u{18}x	\u{18}\u{1f600}x
compiled_det	NORMAL	-	-	-1	0	0	00000000000000000100000000000000000000000000000000000000000000000000000000000000000001100000000000000000000000000000000000000001111111110000
compiled_det_floor	null,x60f09f988078,x61f09f988078,x62f09f988078,x63f09f988078,x64f09f988078,x60f09f988078,x60f09f988078,x60f09f988078,x60f09f988078,x60f09f988078,x60f09f988078,x60f09f988078,x60f09f988078,x60f09f988078,x79f09f988078,x70f09f988078,x78,x7878,x7878,x7878,x60f09f988078,x60f09f988078,x60f09f988078,x62f09f988078,x61f09f988078,x61f09f988078,x60f09f988078,x60f09f988078,x60f09f988078,x61f09f988078,x65f09f988078,x61f09f988078,x61f09f988078,x65f09f988078,x65f09f988078,x65f09f988078,x68f09f988078,x72f09f988078,x6178,x60f09f988078,x6178,x70f09f988078,x30f09f988078,x34f09f988078,x38f09f988078,x30f09f988078,x2ff09f988078,x2ff09f988078,x2ff09f988078,x30f09f988078,x30f09f988078,x30f09f988078,x34f09f988078,x34f09f988078,x2ff09f988078,x38f09f988078,x2ff09f988078,x36f09f988078,x30f09f988078,x2ff09f988078,x70f09f988078,x50f09f988078,x50f09f988078,x50f09f988078,x4af09f988078,x6af09f988078,xe284a9f09f988078,x52f09f988078,x72f09f988078,xc5bef09f988078,xcea2f09f988078,xcf82f09f988078,xcf81f09f988078,xc783f09f988078,xc784f09f988078,xc785f09f988078,x72f09f988078,x52f09f988078,x52f09f988078,xc3a8f09f988078,xc3a978,xc388f09f988078,xe697a578,xe697a578,xf09f9880,xf09f9880f09f9880,xf09f9880f48fbfbf78,xf09f9882f09f988078,x08f09f988078,x1ff09f988078,x5ef09f988078,x2cf09f988078,x5bf09f988078,x2df09f988078,x70f09f988078,x7df09f988078,x60f09f988078,x22f09f988078,x3ff09f988078,x3bf09f988078,x6178,x47f09f988078,x67f09f988078,x47f09f988078,x6af09f988078,x4af09f988078,xe284a9f09f988078,x60f09f988078,x60f09f988078,x6178,x29f09f988078,x3ef09f988078,x67f09f988078,x62f09f988078,x62f09f988078,x63f09f988078,x63f09f988078,x62f09f988078,x60f09f988078,x60f09f988078,null,x60f09f988078,x60f09f988078,x60f09f988078,x7878,xc3bef09f988078,xf09f988078,x78f09f988078,xf09f9880f09f988078,x78,x7878,x78f09f9880,xf09f98807878,xf09f9880,xf09f988078f09f9880,null,x7878,x7878,xf09f98807879
CASE	lev	\u{1f600}x	2	0	
probes	13	\u{1f600}x	x\u{1f600}x	\u{1f600}\u{1f600}x	x	xx	x\u{1f600}	\u{1f600}xx	\u{1f600}	\u{1f600}x\u{1f600}		xx\u{1f600}x	xxx\u{1f600}x	\u{1f600}xyy
raw	13	33	1
rawdump	A,7/0/119,10/120/120,7/121/128511,1/128512/128512,7/128513/1114111;A,8/0/119,2/120/120,8/121/1114111;A,4/0/1114111;A,9/0/119,4/120/120,9/121/1114111;A,6/0/1114111;N,6/120/120;A;A,11/0/119,12/120/120,11/121/128511,3/128512/128512,11/128513/1114111;A,9/0/119,4/120/120,9/121/1114111;A,6/120/120;A,11/0/119,12/120/120,11/121/128511,3/128512/128512,11/128513/1114111;A,6/120/120,5/128512/128512;A,6/0/128511,9/128512/128512,6/128513/1114111
flags	0	0	0	1
nfarun	11111111100100011110100011100000001000010001111010100000111000000111111111111000111011111111111010110000011100111000001101100011111111111101
compiled	NORMAL	-	-	-1	0	0	11111111100100011110100011100000001000010001111010100000111000000111111111111000111011111111111010110000011100111000001101100011111111111101
compiled_floor	x,x61,x62,x63,x64,x65,x6162,x6163,x6164,x6162,x6162,x6161,x6161,x6161,x6161,x7a,x71,x78,x7879,x787978,x787a,x6162,x6162,x6163,x6364,x6261,x6262,x6161,x6162,x6162,x6261,x666f,x6261,x626178,x666f,x666f,x666f,x696e,x7369,x617a,x612078,x617a,x716178,x31,x35,x39,x3130,x3031,x3035,x3030,x3137,x3130,x3130,x3530,x3530,x3035,x3939,x3037,x37,x3132,x3031,x7175,x5155,x5175,x5175,x4b,x6b,xe284aa,x53,x73,xc5bf,xcea3,xcf83,xcf82,xc784,xc785,xc786,x7374,x5354,x5374,xc3a9,xc3a9c3a9,xc389,xe697a5e69cac78,xe697a5e69cac,xf09f9880,xf09f9880f09f9880,xf09f9881,xf09f9882f09f9883,x09,x20,x5f,x2d,x5c,x2e,x7175,x7e61,x6126,x23,x40,x3c31,x617e,x4865,x6865,x4845,x6b53,x4b53,xe284aa73,x6162,x612e,x617c,x2a61,x3f,x6865,x6361,x6361,x646f,x646f,x6361,x6100,x6100,x00,x6165,x6163,x6162,x787978,xc3bf,xf09f988078,x78f09f988078,xf09f9880f09f988078,x78,x7878,x78f09f9880,xf09f98807878,xf09f9880,xf09f988078f09f9880,x,x7878f09f988078,x787878,xf09f9880787979
det	13	33	1
detdump	A,7/0/119,10/120/120,7/121/128511,1/128512/128512,7/128513/1114111;A,8/0/119,2/120/120,8/121/1114111;A,4/0/1114111;A,9/0/119,4/120/120,9/121/1114111;A,6/0/1114111;N,6/120/120;A;A,11/0/119,12/120/120,11/121/128511,3/128512/128512,11/128513/1114111;A,9/0/119,4/120/120,9/121/1114111;A,6/120/120;A,11/0/119,12/120/120,11/121/128511,3/128512/128512,11/128513/1114111;A,6/120/120,5/128512/128512;A,6/0/128511,9/128512/128512,6/128513/1114111
min	11	23
run	11111111100100011110100011100000001000010001111010100000111000000111111111111000111011111111111010110000011100111000001101100011111111111101
charrun	11111111100100011110100011100000001000010001111010100000111000000111111111111000111011111111111010110000011100111000001101100011111111111101
prefix	
singleton	null
topo	0,1,2,8,10,7,3,4,12,9,11,5,6
strings	50		\u{0}\u{0}x	\u{0}\u{0}\u{1f600}x	\u{0}\u{0}	\u{0}\u{1}x	\u{0}\u{1}\u{1f600}x	\u{0}\u{1}	\u{0}\u{2}x	\u{0}\u{2}\u{1f600}x	\u{0}\u{2}	\u{0}\u{3}x	\u{0}\u{3}\u{1f600}x	\u{0}\u{3}	\u{0}\u{4}x	\u{0}\u{4}\u{1f600}x	\u{0}\u{4}	\u{0}\u{5}x	\u{0}\u{5}\u{1f600}x	\u{0}\u{5}	\u{0}\u{6}x	\u{0}\u{6}\u{1f600}x	\u{0}\u{6}	\u{0}\u{7}x	\u{0}\u{7}\u{1f600}x	\u{0}\u{7}	\u{0}\u{8}x	\u{0}\u{8}\u{1f600}x	\u{0}\u{8}	\u{0}\u{9}x	\u{0}\u{9}\u{1f600}x	\u{0}\u{9}	\u{0}\u{a}x	\u{0}\u{a}\u{1f600}x	\u{0}\u{a}	\u{0}\u{b}x	\u{0}\u{b}\u{1f600}x	\u{0}\u{b}	\u{0}\u{c}x	\u{0}\u{c}\u{1f600}x	\u{0}\u{c}	\u{0}\u{d}x	\u{0}\u{d}\u{1f600}x	\u{0}\u{d}	\u{0}\u{e}x	\u{0}\u{e}\u{1f600}x	\u{0}\u{e}	\u{0}\u{f}x	\u{0}\u{f}\u{1f600}x	\u{0}\u{f}	\u{0}\u{10}x
compiled_det	NORMAL	-	-	-1	0	0	11111111100100011110100011100000001000010001111010100000111000000111111111111000111011111111111010110000011100111000001101100011111111111101
compiled_det_floor	x,x61,x62,x63,x64,x65,x6162,x6163,x6164,x6162,x6162,x6161,x6161,x6161,x6161,x7a,x71,x78,x7879,x787978,x787a,x6162,x6162,x6163,x6364,x6261,x6262,x6161,x6162,x6162,x6261,x666f,x6261,x626178,x666f,x666f,x666f,x696e,x7369,x617a,x612078,x617a,x716178,x31,x35,x39,x3130,x3031,x3035,x3030,x3137,x3130,x3130,x3530,x3530,x3035,x3939,x3037,x37,x3132,x3031,x7175,x5155,x5175,x5175,x4b,x6b,xe284aa,x53,x73,xc5bf,xcea3,xcf83,xcf82,xc784,xc785,xc786,x7374,x5354,x5374,xc3a9,xc3a9c3a9,xc389,xe697a5e69cac78,xe697a5e69cac,xf09f9880,xf09f9880f09f9880,xf09f9881,xf09f9882f09f9883,x09,x20,x5f,x2d,x5c,x2e,x7175,x7e61,x6126,x23,x40,x3c31,x617e,x4865,x6865,x4845,x6b53,x4b53,xe284aa73,x6162,x612e,x617c,x2a61,x3f,x6865,x6361,x6361,x646f,x646f,x6361,x6100,x6100,x00,x6165,x6163,x6162,x787978,xc3bf,xf09f988078,x78f09f988078,xf09f9880f09f988078,x78,x7878,x78f09f9880,xf09f98807878,xf09f9880,xf09f988078f09f9880,x,x7878f09f988078,x787878,xf09f9880787979
CASE	lev	\u{1f600}x	2	1	
probes	13	\u{1f600}x	x\u{1f600}x	\u{1f600}\u{1f600}x	x	xx	x\u{1f600}	\u{1f600}xx	\u{1f600}	\u{1f600}x\u{1f600}		xx\u{1f600}x	xxx\u{1f600}x	\u{1f600}xyy
raw	13	33	1
rawdump	A,7/0/119,12/120/120,7/121/128511,1/128512/128512,7/128513/1114111;A,8/0/119,2/120/120,8/121/1114111;A,4/0/1114111;A,9/0/119,4/120/120,9/121/1114111;A,6/0/1114111;N,6/120/120;A;A,10/0/119,11/120/120,10/121/128511,3/128512/128512,10/128513/1114111;A,9/0/119,4/120/120,9/121/1114111;A,6/120/120;A,6/120/120,5/128512/128512;A,6/0/128511,9/128512/128512,6/128513/1114111;A,10/0/119,11/120/120,10/121/128511,8/128512/128512,10/128513/1114111
flags	0	0	0	1
nfarun	11111111100100011110100011100000001000010001111010100000111000000111111111111000111011111111111010110000011100111000001101100011111111111101
compiled	NORMAL	-	-	-1	0	0	11111111100100011110100011100000001000010001111010100000111000000111111111111000111011111111111010110000011100111000001101100011111111111101
compiled_floor	x,x61,x62,x63,x64,x65,x6162,x6163,x6164,x6162,x6162,x6161,x6161,x6161,x6161,x7a,x71,x78,x7879,x787978,x787a,x6162,x6162,x6163,x6364,x6261,x6262,x6161,x6162,x6162,x6261,x666f,x6261,x626178,x666f,x666f,x666f,x696e,x7369,x617a,x612078,x617a,x716178,x31,x35,x39,x3130,x3031,x3035,x3030,x3137,x3130,x3130,x3530,x3530,x3035,x3939,x3037,x37,x3132,x3031,x7175,x5155,x5175,x5175,x4b,x6b,xe284aa,x53,x73,xc5bf,xcea3,xcf83,xcf82,xc784,xc785,xc786,x7374,x5354,x5374,xc3a9,xc3a9c3a9,xc389,xe697a5e69cac78,xe697a5e69cac,xf09f9880,xf09f9880f09f9880,xf09f9881,xf09f9882f09f9883,x09,x20,x5f,x2d,x5c,x2e,x7175,x7e61,x6126,x23,x40,x3c31,x617e,x4865,x6865,x4845,x6b53,x4b53,xe284aa73,x6162,x612e,x617c,x2a61,x3f,x6865,x6361,x6361,x646f,x646f,x6361,x6100,x6100,x00,x6165,x6163,x6162,x787978,xc3bf,xf09f988078,x78f09f988078,xf09f9880f09f988078,x78,x7878,x78f09f9880,xf09f98807878,xf09f9880,xf09f988078f09f9880,x,x7878f09f988078,x787878,xf09f9880787979
det	13	33	1
detdump	A,7/0/119,12/120/120,7/121/128511,1/128512/128512,7/128513/1114111;A,8/0/119,2/120/120,8/121/1114111;A,4/0/1114111;A,9/0/119,4/120/120,9/121/1114111;A,6/0/1114111;N,6/120/120;A;A,10/0/119,11/120/120,10/121/128511,3/128512/128512,10/128513/1114111;A,9/0/119,4/120/120,9/121/1114111;A,6/120/120;A,6/120/120,5/128512/128512;A,6/0/128511,9/128512/128512,6/128513/1114111;A,10/0/119,11/120/120,10/121/128511,8/128512/128512,10/128513/1114111
min	11	23
run	11111111100100011110100011100000001000010001111010100000111000000111111111111000111011111111111010110000011100111000001101100011111111111101
charrun	11111111100100011110100011100000001000010001111010100000111000000111111111111000111011111111111010110000011100111000001101100011111111111101
prefix	
singleton	null
topo	0,1,2,12,8,7,3,4,11,9,10,5,6
strings	50		\u{0}\u{0}x	\u{0}\u{0}\u{1f600}x	\u{0}\u{0}	\u{0}\u{1}x	\u{0}\u{1}\u{1f600}x	\u{0}\u{1}	\u{0}\u{2}x	\u{0}\u{2}\u{1f600}x	\u{0}\u{2}	\u{0}\u{3}x	\u{0}\u{3}\u{1f600}x	\u{0}\u{3}	\u{0}\u{4}x	\u{0}\u{4}\u{1f600}x	\u{0}\u{4}	\u{0}\u{5}x	\u{0}\u{5}\u{1f600}x	\u{0}\u{5}	\u{0}\u{6}x	\u{0}\u{6}\u{1f600}x	\u{0}\u{6}	\u{0}\u{7}x	\u{0}\u{7}\u{1f600}x	\u{0}\u{7}	\u{0}\u{8}x	\u{0}\u{8}\u{1f600}x	\u{0}\u{8}	\u{0}\u{9}x	\u{0}\u{9}\u{1f600}x	\u{0}\u{9}	\u{0}\u{a}x	\u{0}\u{a}\u{1f600}x	\u{0}\u{a}	\u{0}\u{b}x	\u{0}\u{b}\u{1f600}x	\u{0}\u{b}	\u{0}\u{c}x	\u{0}\u{c}\u{1f600}x	\u{0}\u{c}	\u{0}\u{d}x	\u{0}\u{d}\u{1f600}x	\u{0}\u{d}	\u{0}\u{e}x	\u{0}\u{e}\u{1f600}x	\u{0}\u{e}	\u{0}\u{f}x	\u{0}\u{f}\u{1f600}x	\u{0}\u{f}	\u{0}\u{10}x
compiled_det	NORMAL	-	-	-1	0	0	11111111100100011110100011100000001000010001111010100000111000000111111111111000111011111111111010110000011100111000001101100011111111111101
compiled_det_floor	x,x61,x62,x63,x64,x65,x6162,x6163,x6164,x6162,x6162,x6161,x6161,x6161,x6161,x7a,x71,x78,x7879,x787978,x787a,x6162,x6162,x6163,x6364,x6261,x6262,x6161,x6162,x6162,x6261,x666f,x6261,x626178,x666f,x666f,x666f,x696e,x7369,x617a,x612078,x617a,x716178,x31,x35,x39,x3130,x3031,x3035,x3030,x3137,x3130,x3130,x3530,x3530,x3035,x3939,x3037,x37,x3132,x3031,x7175,x5155,x5175,x5175,x4b,x6b,xe284aa,x53,x73,xc5bf,xcea3,xcf83,xcf82,xc784,xc785,xc786,x7374,x5354,x5374,xc3a9,xc3a9c3a9,xc389,xe697a5e69cac78,xe697a5e69cac,xf09f9880,xf09f9880f09f9880,xf09f9881,xf09f9882f09f9883,x09,x20,x5f,x2d,x5c,x2e,x7175,x7e61,x6126,x23,x40,x3c31,x617e,x4865,x6865,x4845,x6b53,x4b53,xe284aa73,x6162,x612e,x617c,x2a61,x3f,x6865,x6361,x6361,x646f,x646f,x6361,x6100,x6100,x00,x6165,x6163,x6162,x787978,xc3bf,xf09f988078,x78f09f988078,xf09f9880f09f988078,x78,x7878,x78f09f9880,xf09f98807878,xf09f9880,xf09f988078f09f9880,x,x7878f09f988078,x787878,xf09f9880787979
CASE	lev	\u{1f600}x	3	0	
probes	13	\u{1f600}x	x\u{1f600}x	\u{1f600}\u{1f600}x	x	xx	x\u{1f600}	\u{1f600}xx	\u{1f600}	\u{1f600}x\u{1f600}		xx\u{1f600}x	xxx\u{1f600}x	\u{1f600}xyy
lev	null
CASE	lev	\u{1f600}x	3	1	
probes	13	\u{1f600}x	x\u{1f600}x	\u{1f600}\u{1f600}x	x	xx	x\u{1f600}	\u{1f600}xx	\u{1f600}	\u{1f600}x\u{1f600}		xx\u{1f600}x	xxx\u{1f600}x	\u{1f600}xyy
lev	null
CASE	lev	aaaa	0	0	
probes	17	aaaa	xaaaa	aaaaa	aaa	xaaa	axaaa	axaa	aaxaa	aaxa	aaaxa	aaax	aaaax	aa	a	xxaaaa	xxxaaaa	aaaayy
raw	5	4	1
rawdump	N,1/97/97;N,2/97/97;N,3/97/97;N,4/97/97;A
flags	0	0	0	1
nfarun	000000000000010000000000000000000000000000000000000000000000000000000000000000000000000000000000000000000000000000000000000000010000000000000000
compiled	SINGLE	x61616161	-	-1	1	0	-
compiled_floor	-
det	5	4	1
detdump	N,1/97/97;N,2/97/97;N,3/97/97;N,4/97/97;A
min	5	4
run	000000000000010000000000000000000000000000000000000000000000000000000000000000000000000000000000000000000000000000000000000000010000000000000000
charrun	000000000000010000000000000000000000000000000000000000000000000000000000000000000000000000000000000000000000000000000000000000010000000000000000
prefix	aaaa
singleton	aaaa
topo	0,1,2,3,4
strings	1	aaaa
compiled_det	SINGLE	x61616161	-	-1	1	0	-
compiled_det_floor	-
CASE	lev	aaaa	0	1	
probes	17	aaaa	xaaaa	aaaaa	aaa	xaaa	axaaa	axaa	aaxaa	aaxa	aaaxa	aaax	aaaax	aa	a	xxaaaa	xxxaaaa	aaaayy
raw	5	4	1
rawdump	N,1/97/97;N,2/97/97;N,3/97/97;N,4/97/97;A
flags	0	0	0	1
nfarun	000000000000010000000000000000000000000000000000000000000000000000000000000000000000000000000000000000000000000000000000000000010000000000000000
compiled	SINGLE	x61616161	-	-1	1	0	-
compiled_floor	-
det	5	4	1
detdump	N,1/97/97;N,2/97/97;N,3/97/97;N,4/97/97;A
min	5	4
run	000000000000010000000000000000000000000000000000000000000000000000000000000000000000000000000000000000000000000000000000000000010000000000000000
charrun	000000000000010000000000000000000000000000000000000000000000000000000000000000000000000000000000000000000000000000000000000000010000000000000000
prefix	aaaa
singleton	aaaa
topo	0,1,2,3,4
strings	1	aaaa
compiled_det	SINGLE	x61616161	-	-1	1	0	-
compiled_det_floor	-
CASE	lev	aaaa	1	0	
probes	17	aaaa	xaaaa	aaaaa	aaa	xaaa	axaaa	axaa	aaxaa	aaxa	aaaxa	aaax	aaaax	aa	a	xxaaaa	xxxaaaa	aaaayy
raw	10	17	1
rawdump	N,6/0/96,1/97/97,6/98/1114111;N,7/0/96,2/97/97,7/98/1114111;N,8/0/96,3/97/97,8/98/1114111;A,9/0/96,4/97/97,9/98/1114111;A,5/0/1114111;A;N,7/97/97;N,8/97/97;N,9/97/97;A,5/97/97
flags	0	0	0	1
nfarun	000000000000111000000000000000000000000000000000000000000000000000000000000000000000000000000000000000000000000000000000000000011111111111100000
compiled	NORMAL	-	-	-1	0	0	000000000000111000000000000000000000000000000000000000000000000000000000000000000000000000000000000000000000000000000000000000011111111111100000
compiled_floor	null,x6061616161,x61f48fbfbf616161,x6261616161,x6361616161,x6461616161,x6161f48fbfbf6161,x6162616161,x6163616161,x6162616161,x6162616161,x6160616161,x616161,x61616161,x6161616161,x7961616161,x7061616161,x7761616161,x7861616161,x7861616161,x7861616161,x6162616161,x6162616161,x6163616161,x6361616161,x61f48fbfbf616161,x6261616161,x616161f48fbfbf61,x6162616161,x6162616161,x6261616161,x6661616161,x6261616161,x6261616161,x6661616161,x6661616161,x6661616161,x6961616161,x7361616161,x6179616161,x6120616161,x617a616161,x7161616161,x3061616161,x3461616161,x3861616161,x3061616161,x2f61616161,x2f61616161,x2f61616161,x3061616161,x3061616161,x3061616161,x3461616161,x3461616161,x2f61616161,x3861616161,x2f61616161,x3661616161,x3061616161,x2f61616161,x7161616161,x5061616161,x5161616161,x5161616161,x4a61616161,x6a61616161,xe284a961616161,x5261616161,x7261616161,xc5be61616161,xcea261616161,xcf8261616161,xcf8161616161,xc78361616161,xc78461616161,xc78561616161,x7361616161,x5261616161,x5361616161,xc3a861616161,xc3a961616161,xc38861616161,xe697a561616161,xe697a561616161,xf09f97bf61616161,xf09f988061616161,xf09f988061616161,xf09f988261616161,x0861616161,x1f61616161,x5e61616161,x2c61616161,x5b61616161,x2d61616161,x7161616161,x7d61616161,x6126616161,x2261616161,x3f61616161,x3b61616161,x617e616161,x4861616161,x6861616161,x4761616161,x6a61616161,x4a61616161,xe284aa61616161,x6162616161,x612e616161,x617b616161,x2961616161,x3e61616161,x6861616161,x6361616161,x6361616161,x6461616161,x6461616161,x6261616161,x6061616161,x6061616161,null,x6164616161,x6163616161,x6162616161,x7861616161,xc3be61616161,x61616161,x7861616161,x6161616161,x616161,x78616161,x6178616161,x61786161,x6161786161,x61617861,x6161617861,x61616178,x6161616178,x6160616161,x6061616161,x7861616161,x7861616161,x6161616179
det	10	17	1
detdump	N,6/0/96,1/97/97,6/98/1114111;N,7/0/96,2/97/97,7/98/1114111;N,8/0/96,3/97/97,8/98/1114111;A,9/0/96,4/97/97,9/98/1114111;A,5/0/1114111;A;N,7/97/97;N,8/97/97;N,9/97/97;A,5/97/97
min	10	17
run	000000000000111000000000000000000000000000000000000000000000000000000000000000000000000000000000000000000000000000000000000000011111111111100000
charrun	000000000000111000000000000000000000000000000000000000000000000000000000000000000000000000000000000000000000000000000000000000011111111111100000
prefix	
singleton	null
topo	0,1,2,3,4,6,7,8,9,5
strings	50	\u{0}aaaa	\u{0}aaa	\u{1}aaaa	\u{1}aaa	\u{2}aaaa	\u{2}aaa	\u{3}aaaa	\u{3}aaa	\u{4}aaaa	\u{4}aaa	\u{5}aaaa	\u{5}aaa	\u{6}aaaa	\u{6}aaa	\u{7}aaaa	\u{7}aaa	\u{8}aaaa	\u{8}aaa	\u{9}aaaa	\u{9}aaa	\u{a}aaaa	\u{a}aaa	\u{b}aaaa	\u{b}aaa	\u{c}aaaa	\u{c}aaa	\u{d}aaaa	\u{d}aaa	\u{e}aaaa	\u{e}aaa	\u{f}aaaa	\u{f}aaa	\u{10}aaaa	\u{10}aaa	\u{11}aaaa	\u{11}aaa	\u{12}aaaa	\u{12}aaa	\u{13}aaaa	\u{13}aaa	\u{14}aaaa	\u{14}aaa	\u{15}aaaa	\u{15}aaa	\u{16}aaaa	\u{16}aaa	\u{17}aaaa	\u{17}aaa	\u{18}aaaa	\u{18}aaa
compiled_det	NORMAL	-	-	-1	0	0	000000000000111000000000000000000000000000000000000000000000000000000000000000000000000000000000000000000000000000000000000000011111111111100000
compiled_det_floor	null,x6061616161,x61f48fbfbf616161,x6261616161,x6361616161,x6461616161,x6161f48fbfbf6161,x6162616161,x6163616161,x6162616161,x6162616161,x6160616161,x616161,x61616161,x6161616161,x7961616161,x7061616161,x7761616161,x7861616161,x7861616161,x7861616161,x6162616161,x6162616161,x6163616161,x6361616161,x61f48fbfbf616161,x6261616161,x616161f48fbfbf61,x6162616161,x6162616161,x6261616161,x6661616161,x6261616161,x6261616161,x6661616161,x6661616161,x6661616161,x6961616161,x7361616161,x6179616161,x6120616161,x617a616161,x7161616161,x3061616161,x3461616161,x3861616161,x3061616161,x2f61616161,x2f61616161,x2f61616161,x3061616161,x3061616161,x3061616161,x3461616161,x3461616161,x2f61616161,x3861616161,x2f61616161,x3661616161,x3061616161,x2f61616161,x7161616161,x5061616161,x5161616161,x5161616161,x4a61616161,x6a61616161,xe284a961616161,x5261616161,x7261616161,xc5be61616161,xcea261616161,xcf8261616161,xcf8161616161,xc78361616161,xc78461616161,xc78561616161,x7361616161,x5261616161,x5361616161,xc3a861616161,xc3a961616161,xc38861616161,xe697a561616161,xe697a561616161,xf09f97bf61616161,xf09f988061616161,xf09f988061616161,xf09f988261616161,x0861616161,x1f61616161,x5e61616161,x2c61616161,x5b61616161,x2d61616161,x7161616161,x7d61616161,x6126616161,x2261616161,x3f61616161,x3b61616161,x617e616161,x4861616161,x6861616161,x4761616161,x6a61616161,x4a61616161,xe284aa61616161,x6162616161,x612e616161,x617b616161,x2961616161,x3e61616161,x6861616161,x6361616161,x6361616161,x6461616161,x6461616161,x6261616161,x6061616161,x6061616161,null,x6164616161,x6163616161,x6162616161,x7861616161,xc3be61616161,x61616161,x7861616161,x6161616161,x616161,x78616161,x6178616161,x61786161,x6161786161,x61617861,x6161617861,x61616178,x6161616178,x6160616161,x6061616161,x7861616161,x7861616161,x6161616179
CASE	lev	aaaa	1	1	
probes	17	aaaa	xaaaa	aaaaa	aaa	xaaa	axaaa	axaa	aaxaa	aaxa	aaaxa	aaax	aaaax	aa	a	xxaaaa	xxxaaaa	aaaayy
raw	10	17	1
rawdump	N,6/0/96,1/97/97,6/98/1114111;N,7/0/96,2/97/97,7/98/1114111;N,8/0/96,3/97/97,8/98/1114111;A,9/0/96,4/97/97,9/98/1114111;A,5/0/1114111;A;N,7/97/97;N,8/97/97;N,9/97/97;A,5/97/97
flags	0	0	0	1
nfarun	000000000000111000000000000000000000000000000000000000000000000000000000000000000000000000000000000000000000000000000000000000011111111111100000
compiled	NORMAL	-	-	-1	0	0	000000000000111000000000000000000000000000000000000000000000000000000000000000000000000000000000000000000000000000000000000000011111111111100000
compiled_floor	null,x6061616161,x61f48fbfbf616161,x6261616161,x6361616161,x6461616161,x6161f48fbfbf6161,x6162616161,x6163616161,x6162616161,x6162616161,x6160616161,x616161,x61616161,x6161616161,x7961616161,x7061616161,x7761616161,x7861616161,x7861616161,x7861616161,x6162616161,x6162616161,x6163616161,x6361616161,x61f48fbfbf616161,x6261616161,x616161f48fbfbf61,x6162616161,x6162616161,x6261616161,x6661616161,x6261616161,x6261616161,x6661616161,x6661616161,x6661616161,x6961616161,x7361616161,x6179616161,x6120616161,x617a616161,x7161616161,x3061616161,x3461616161,x3861616161,x3061616161,x2f61616161,x2f61616161,x2f61616161,x3061616161,x3061616161,x3061616161,x3461616161,x3461616161,x2f61616161,x3861616161,x2f61616161,x3661616161,x3061616161,x2f61616161,x7161616161,x5061616161,x5161616161,x5161616161,x4a61616161,x6a61616161,xe284a961616161,x5261616161,x7261616161,xc5be61616161,xcea261616161,xcf8261616161,xcf8161616161,xc78361616161,xc78461616161,xc78561616161,x7361616161,x5261616161,x5361616161,xc3a861616161,xc3a961616161,xc38861616161,xe697a561616161,xe697a561616161,xf09f97bf61616161,xf09f988061616161,xf09f988061616161,xf09f988261616161,x0861616161,x1f61616161,x5e61616161,x2c61616161,x5b61616161,x2d61616161,x7161616161,x7d61616161,x6126616161,x2261616161,x3f61616161,x3b61616161,x617e616161,x4861616161,x6861616161,x4761616161,x6a61616161,x4a61616161,xe284aa61616161,x6162616161,x612e616161,x617b616161,x2961616161,x3e61616161,x6861616161,x6361616161,x6361616161,x6461616161,x6461616161,x6261616161,x6061616161,x6061616161,null,x6164616161,x6163616161,x6162616161,x7861616161,xc3be61616161,x61616161,x7861616161,x6161616161,x616161,x78616161,x6178616161,x61786161,x6161786161,x61617861,x6161617861,x61616178,x6161616178,x6160616161,x6061616161,x7861616161,x7861616161,x6161616179
det	10	17	1
detdump	N,6/0/96,1/97/97,6/98/1114111;N,7/0/96,2/97/97,7/98/1114111;N,8/0/96,3/97/97,8/98/1114111;A,9/0/96,4/97/97,9/98/1114111;A,5/0/1114111;A;N,7/97/97;N,8/97/97;N,9/97/97;A,5/97/97
min	10	17
run	000000000000111000000000000000000000000000000000000000000000000000000000000000000000000000000000000000000000000000000000000000011111111111100000
charrun	000000000000111000000000000000000000000000000000000000000000000000000000000000000000000000000000000000000000000000000000000000011111111111100000
prefix	
singleton	null
topo	0,1,2,3,4,6,7,8,9,5
strings	50	\u{0}aaaa	\u{0}aaa	\u{1}aaaa	\u{1}aaa	\u{2}aaaa	\u{2}aaa	\u{3}aaaa	\u{3}aaa	\u{4}aaaa	\u{4}aaa	\u{5}aaaa	\u{5}aaa	\u{6}aaaa	\u{6}aaa	\u{7}aaaa	\u{7}aaa	\u{8}aaaa	\u{8}aaa	\u{9}aaaa	\u{9}aaa	\u{a}aaaa	\u{a}aaa	\u{b}aaaa	\u{b}aaa	\u{c}aaaa	\u{c}aaa	\u{d}aaaa	\u{d}aaa	\u{e}aaaa	\u{e}aaa	\u{f}aaaa	\u{f}aaa	\u{10}aaaa	\u{10}aaa	\u{11}aaaa	\u{11}aaa	\u{12}aaaa	\u{12}aaa	\u{13}aaaa	\u{13}aaa	\u{14}aaaa	\u{14}aaa	\u{15}aaaa	\u{15}aaa	\u{16}aaaa	\u{16}aaa	\u{17}aaaa	\u{17}aaa	\u{18}aaaa	\u{18}aaa
compiled_det	NORMAL	-	-	-1	0	0	000000000000111000000000000000000000000000000000000000000000000000000000000000000000000000000000000000000000000000000000000000011111111111100000
compiled_det_floor	null,x6061616161,x61f48fbfbf616161,x6261616161,x6361616161,x6461616161,x6161f48fbfbf6161,x6162616161,x6163616161,x6162616161,x6162616161,x6160616161,x616161,x61616161,x6161616161,x7961616161,x7061616161,x7761616161,x7861616161,x7861616161,x7861616161,x6162616161,x6162616161,x6163616161,x6361616161,x61f48fbfbf616161,x6261616161,x616161f48fbfbf61,x6162616161,x6162616161,x6261616161,x6661616161,x6261616161,x6261616161,x6661616161,x6661616161,x6661616161,x6961616161,x7361616161,x6179616161,x6120616161,x617a616161,x7161616161,x3061616161,x3461616161,x3861616161,x3061616161,x2f61616161,x2f61616161,x2f61616161,x3061616161,x3061616161,x3061616161,x3461616161,x3461616161,x2f61616161,x3861616161,x2f61616161,x3661616161,x3061616161,x2f61616161,x7161616161,x5061616161,x5161616161,x5161616161,x4a61616161,x6a61616161,xe284a961616161,x5261616161,x7261616161,xc5be61616161,xcea261616161,xcf8261616161,xcf8161616161,xc78361616161,xc78461616161,xc78561616161,x7361616161,x5261616161,x5361616161,xc3a861616161,xc3a961616161,xc38861616161,xe697a561616161,xe697a561616161,xf09f97bf61616161,xf09f988061616161,xf09f988061616161,xf09f988261616161,x0861616161,x1f61616161,x5e61616161,x2c61616161,x5b61616161,x2d61616161,x7161616161,x7d61616161,x6126616161,x2261616161,x3f61616161,x3b61616161,x617e616161,x4861616161,x6861616161,x4761616161,x6a61616161,x4a61616161,xe284aa61616161,x6162616161,x612e616161,x617b616161,x2961616161,x3e61616161,x6861616161,x6361616161,x6361616161,x6461616161,x6461616161,x6261616161,x6061616161,x6061616161,null,x6164616161,x6163616161,x6162616161,x7861616161,xc3be61616161,x61616161,x7861616161,x6161616161,x616161,x78616161,x6178616161,x61786161,x6161786161,x61617861,x6161617861,x61616178,x6161616178,x6160616161,x6061616161,x7861616161,x7861616161,x6161616179
CASE	lev	aaaa	2	0	
probes	17	aaaa	xaaaa	aaaaa	aaa	xaaa	axaaa	axaa	aaxaa	aaxa	aaaxa	aaax	aaaax	aa	a	xxaaaa	xxxaaaa	aaaayy
raw	15	30	1
rawdump	N,7/0/96,1/97/97,7/98/1114111;N,8/0/96,2/97/97,8/98/1114111;A,9/0/96,3/97/97,9/98/1114111;A,10/0/96,4/97/97,10/98/1114111;A,5/0/1114111;A,6/0/1114111;A;N,12/0/96,8/97/97,12/98/1114111;N,13/0/96,9/97/97,13/98/1114111;A,14/0/96,10/97/97,14/98/1114111;A,11/0/96,5/97/97,11/98/1114111;A,6/97/97;N,13/97/97;N,14/97/97;A,11/97/97
flags	0	0	0	1
nfarun	000000000001111000000000000111000000000000000000000000000000000000000000000000000000000000000000000000000000000000000000000000011111111111110101
compiled	NORMAL	-	-	-1	0	0	000000000001111000000000000111000000000000000000000000000000000000000000000000000000000000000000000000000000000000000000000000011111111111110101
compiled_floor	null,x60f48fbfbf61616161,x61f48fbfbff48fbfbf616161,x62f48fbfbf61616161,x63f48fbfbf61616161,x64f48fbfbf61616161,x6161f48fbfbff48fbfbf6161,x6162f48fbfbf616161,x6163f48fbfbf616161,x616262616161,x616263616161,x6161,x616161,x61616161,x6161616161,x79f48fbfbf61616161,x70f48fbfbf61616161,x77f48fbfbf61616161,x787861616161,x787961616161,x787961616161,x616263616161,x616264616161,x616363616161,x636361616161,x626061616161,x6261f48fbfbf616161,x616162,x61626162,x61626261,x626161f48fbfbf6161,x666f61616161,x626171616161,x626179616161,x666e61616161,x666f61616161,x666f61616161,x696e61616161,x736961616161,x6179f48fbfbf616161,x612079616161,x617a70616161,x716179616161,x30f48fbfbf61616161,x34f48fbfbf61616161,x38f48fbfbf61616161,x312f61616161,x303061616161,x303461616161,x302f61616161,x313661616161,x312f61616161,x312f61616161,x352f61616161,x352f61616161,x303461616161,x393861616161,x303661616161,x36f48fbfbf61616161,x313161616161,x303061616161,x717561616161,x515461616161,x517461616161,x517561616161,x4af48fbfbf61616161,x6af48fbfbf61616161,xe284a9f48fbfbf61616161,x52f48fbfbf61616161,x72f48fbfbf61616161,xc5bef48fbfbf61616161,xcea2f48fbfbf61616161,xcf82f48fbfbf61616161,xcf81f48fbfbf61616161,xc783f48fbfbf61616161,xc784f48fbfbf61616161,xc785f48fbfbf61616161,x737461616161,x535361616161,x537461616161,xc3a8f48fbfbf61616161,xc3a9c3a861616161,xc388f48fbfbf61616161,xe697a5e69cac61616161,xe697a5e69cab61616161,xf09f97bff48fbfbf61616161,xf09f9880f09f97bf61616161,xf09f9880f48fbfbf61616161,xf09f9882f09f988261616161,x08f48fbfbf61616161,x1ff48fbfbf61616161,x5ef48fbfbf61616161,x2cf48fbfbf61616161,x5bf48fbfbf61616161,x2df48fbfbf61616161,x717561616161,x7e6061616161,x612661f48fbfbf6161,x22f48fbfbf61616161,x3ff48fbfbf61616161,x3c3061616161,x617e61f48fbfbf6161,x486561616161,x686561616161,x484461616161,x6b5261616161,x4b5261616161,xe284aa7261616161,x616263616161,x612e61f48fbfbf6161,x617bf48fbfbf616161,x2a6061616161,x3ef48fbfbf61616161,x686561616161,x636173616161,x636174616161,x646f61616161,x646f61616161,x636061616161,x60f48fbfbf61616161,x60f48fbfbf61616161,null,x6164f48fbfbf616161,x616364616161,x616265616161,x787961616161,xc3bef48fbfbf61616161,x61616161,x7861616161,x6161616161,x616161,x78616161,x6178616161,x61786161,x6161786161,x61617861,x6161617861,x61616178,x6161616178,x6161,x60f48fbfbf61616161,x787861616161,x787861616161,x616161617979
det	15	30	1
detdump	N,7/0/96,1/97/97,7/98/1114111;N,8/0/96,2/97/97,8/98/1114111;A,9/0/96,3/97/97,9/98/1114111;A,10/0/96,4/97/97,10/98/1114111;A,5/0/1114111;A,6/0/1114111;A;N,12/0/96,8/97/97,12/98/1114111;N,13/0/96,9/97/97,13/98/1114111;A,14/0/96,10/97/97,14/98/1114111;A,11/0/96,5/97/97,11/98/1114111;A,6/97/97;N,13/97/97;N,14/97/97;A,11/97/97
min	15	30
run	000000000001111000000000000111000000000000000000000000000000000000000000000000000000000000000000000000000000000000000000000000011111111111110101
charrun	000000000001111000000000000111000000000000000000000000000000000000000000000000000000000000000000000000000000000000000000000000011111111111110101
prefix	
singleton	null
topo	0,1,2,3,4,7,8,9,10,5,12,13,14,11,6
strings	50	\u{0}\u{0}aaaa	\u{0}\u{0}aaa	\u{0}\u{0}aa	\u{0}\u{1}aaaa	\u{0}\u{1}aaa	\u{0}\u{1}aa	\u{0}\u{2}aaaa	\u{0}\u{2}aaa	\u{0}\u{2}aa	\u{0}\u{3}aaaa	\u{0}\u{3}aaa	\u{0}\u{3}aa	\u{0}\u{4}aaaa	\u{0}\u{4}aaa	\u{0}\u{4}aa	\u{0}\u{5}aaaa	\u{0}\u{5}aaa	\u{0}\u{5}aa	\u{0}\u{6}aaaa	\u{0}\u{6}aaa	\u{0}\u{6}aa	\u{0}\u{7}aaaa	\u{0}\u{7}aaa	\u{0}\u{7}aa	\u{0}\u{8}aaaa	\u{0}\u{8}aaa	\u{0}\u{8}aa	\u{0}\u{9}aaaa	\u{0}\u{9}aaa	\u{0}\u{9}aa	\u{0}\u{a}aaaa	\u{0}\u{a}aaa	\u{0}\u{a}aa	\u{0}\u{b}aaaa	\u{0}\u{b}aaa	\u{0}\u{b}aa	\u{0}\u{c}aaaa	\u{0}\u{c}aaa	\u{0}\u{c}aa	\u{0}\u{d}aaaa	\u{0}\u{d}aaa	\u{0}\u{d}aa	\u{0}\u{e}aaaa	\u{0}\u{e}aaa	\u{0}\u{e}aa	\u{0}\u{f}aaaa	\u{0}\u{f}aaa	\u{0}\u{f}aa	\u{0}\u{10}aaaa	\u{0}\u{10}aaa
compiled_det	NORMAL	-	-	-1	0	0	000000000001111000000000000111000000000000000000000000000000000000000000000000000000000000000000000000000000000000000000000000011111111111110101
compiled_det_floor	null,x60f48fbfbf61616161,x61f48fbfbff48fbfbf616161,x62f48fbfbf61616161,x63f48fbfbf61616161,x64f48fbfbf61616161,x6161f48fbfbff48fbfbf6161,x6162f48fbfbf616161,x6163f48fbfbf616161,x616262616161,x616263616161,x6161,x616161,x61616161,x6161616161,x79f48fbfbf61616161,x70f48fbfbf61616161,x77f48fbfbf61616161,x787861616161,x787961616161,x787961616161,x616263616161,x616264616161,x616363616161,x636361616161,x626061616161,x6261f48fbfbf616161,x616162,x61626162,x61626261,x626161f48fbfbf6161,x666f61616161,x626171616161,x626179616161,x666e61616161,x666f61616161,x666f61616161,x696e61616161,x736961616161,x6179f48fbfbf616161,x612079616161,x617a70616161,x716179616161,x30f48fbfbf61616161,x34f48fbfbf61616161,x38f48fbfbf61616161,x312f61616161,x303061616161,x303461616161,x302f61616161,x313661616161,x312f61616161,x312f61616161,x352f61616161,x352f61616161,x303461616161,x393861616161,x303661616161,x36f48fbfbf61616161,x313161616161,x303061616161,x717561616161,x515461616161,x517461616161,x517561616161,x4af48fbfbf61616161,x6af48fbfbf61616161,xe284a9f48fbfbf61616161,x52f48fbfbf61616161,x72f48fbfbf61616161,xc5bef48fbfbf61616161,xcea2f48fbfbf61616161,xcf82f48fbfbf61616161,xcf81f48fbfbf61616161,xc783f48fbfbf61616161,xc784f48fbfbf61616161,xc785f48fbfbf61616161,x737461616161,x535361616161,x537461616161,xc3a8f48fbfbf61616161,xc3a9c3a861616161,xc388f48fbfbf61616161,xe697a5e69cac61616161,xe697a5e69cab61616161,xf09f97bff48fbfbf61616161,xf09f9880f09f97bf61616161,xf09f9880f48fbfbf61616161,xf09f9882f09f988261616161,x08f48fbfbf61616161,x1ff48fbfbf61616161,x5ef48fbfbf61616161,x2cf48fbfbf61616161,x5bf48fbfbf61616161,x2df48fbfbf61616161,x717561616161,x7e6061616161,x612661f48fbfbf6161,x22f48fbfbf61616161,x3ff48fbfbf61616161,x3c3061616161,x617e61f48fbfbf6161,x486561616161,x686561616161,x484461616161,x6b5261616161,x4b5261616161,xe284aa7261616161,x616263616161,x612e61f48fbfbf6161,x617bf48fbfbf616161,x2a6061616161,x3ef48fbfbf61616161,x686561616161,x636173616161,x636174616161,x646f61616161,x646f61616161,x636061616161,x60f48fbfbf61616161,x60f48fbfbf61616161,null,x6164f48fbfbf616161,x616364616161,x616265616161,x787961616161,xc3bef48fbfbf61616161,x61616161,x7861616161,x6161616161,x616161,x78616161,x6178616161,x61786161,x6161786161,x61617861,x6161617861,x61616178,x6161616178,x6161,x60f48fbfbf61616161,x787861616161,x787861616161,x616161617979
CASE	lev	aaaa	2	1	
probes	17	aaaa	xaaaa	aaaaa	aaa	xaaa	axaaa	axaa	aaxaa	aaxa	aaaxa	aaax	aaaax	aa	a	xxaaaa	xxxaaaa	aaaayy
raw	15	30	1
rawdump	N,7/0/96,1/97/97,7/98/1114111;N,8/0/96,2/97/97,8/98/1114111;A,9/0/96,3/97/97,9/98/1114111;A,10/0/96,4/97/97,10/98/1114111;A,5/0/1114111;A,6/0/1114111;A;N,12/0/96,8/97/97,12/98/1114111;N,13/0/96,9/97/97,13/98/1114111;A,14/0/96,10/97/97,14/98/1114111;A,11/0/96,5/97/97,11/98/1114111;A,6/97/97;N,13/97/97;N,14/97/97;A,11/97/97
flags	0	0	0	1
nfarun	000000000001111000000000000111000000000000000000000000000000000000000000000000000000000000000000000000000000000000000000000000011111111111110101
compiled	NORMAL	-	-	-1	0	0	000000000001111000000000000111000000000000000000000000000000000000000000000000000000000000000000000000000000000000000000000000011111111111110101
compiled_floor	null,x60f48fbfbf61616161,x61f48fbfbff48fbfbf616161,x62f48fbfbf61616161,x63f48fbfbf61616161,x64f48fbfbf61616161,x6161f48fbfbff48fbfbf6161,x6162f48fbfbf616161,x6163f48fbfbf616161,x616262616161,x616263616161,x6161,x616161,x61616161,x6161616161,x79f48fbfbf61616161,x70f48fbfbf61616161,x77f48fbfbf61616161,x787861616161,x787961616161,x787961616161,x616263616161,x616264616161,x616363616161,x636361616161,x626061616161,x6261f48fbfbf616161,x616162,x61626162,x61626261,x626161f48fbfbf6161,x666f61616161,x626171616161,x626179616161,x666e61616161,x666f61616161,x666f61616161,x696e61616161,x736961616161,x6179f48fbfbf616161,x612079616161,x617a70616161,x716179616161,x30f48fbfbf61616161,x34f48fbfbf61616161,x38f48fbfbf61616161,x312f61616161,x303061616161,x303461616161,x302f61616161,x313661616161,x312f61616161,x312f61616161,x352f61616161,x352f61616161,x303461616161,x393861616161,x303661616161,x36f48fbfbf61616161,x313161616161,x303061616161,x717561616161,x515461616161,x517461616161,x517561616161,x4af48fbfbf61616161,x6af48fbfbf61616161,xe284a9f48fbfbf61616161,x52f48fbfbf61616161,x72f48fbfbf61616161,xc5bef48fbfbf61616161,xcea2f48fbfbf61616161,xcf82f48fbfbf61616161,xcf81f48fbfbf61616161,xc783f48fbfbf61616161,xc784f48fbfbf61616161,xc785f48fbfbf61616161,x737461616161,x535361616161,x537461616161,xc3a8f48fbfbf61616161,xc3a9c3a861616161,xc388f48fbfbf61616161,xe697a5e69cac61616161,xe697a5e69cab61616161,xf09f97bff48fbfbf61616161,xf09f9880f09f97bf61616161,xf09f9880f48fbfbf61616161,xf09f9882f09f988261616161,x08f48fbfbf61616161,x1ff48fbfbf61616161,x5ef48fbfbf61616161,x2cf48fbfbf61616161,x5bf48fbfbf61616161,x2df48fbfbf61616161,x717561616161,x7e6061616161,x612661f48fbfbf6161,x22f48fbfbf61616161,x3ff48fbfbf61616161,x3c3061616161,x617e61f48fbfbf6161,x486561616161,x686561616161,x484461616161,x6b5261616161,x4b5261616161,xe284aa7261616161,x616263616161,x612e61f48fbfbf6161,x617bf48fbfbf616161,x2a6061616161,x3ef48fbfbf61616161,x686561616161,x636173616161,x636174616161,x646f61616161,x646f61616161,x636061616161,x60f48fbfbf61616161,x60f48fbfbf61616161,null,x6164f48fbfbf616161,x616364616161,x616265616161,x787961616161,xc3bef48fbfbf61616161,x61616161,x7861616161,x6161616161,x616161,x78616161,x6178616161,x61786161,x6161786161,x61617861,x6161617861,x61616178,x6161616178,x6161,x60f48fbfbf61616161,x787861616161,x787861616161,x616161617979
det	15	30	1
detdump	N,7/0/96,1/97/97,7/98/1114111;N,8/0/96,2/97/97,8/98/1114111;A,9/0/96,3/97/97,9/98/1114111;A,10/0/96,4/97/97,10/98/1114111;A,5/0/1114111;A,6/0/1114111;A;N,12/0/96,8/97/97,12/98/1114111;N,13/0/96,9/97/97,13/98/1114111;A,14/0/96,10/97/97,14/98/1114111;A,11/0/96,5/97/97,11/98/1114111;A,6/97/97;N,13/97/97;N,14/97/97;A,11/97/97
min	15	30
run	000000000001111000000000000111000000000000000000000000000000000000000000000000000000000000000000000000000000000000000000000000011111111111110101
charrun	000000000001111000000000000111000000000000000000000000000000000000000000000000000000000000000000000000000000000000000000000000011111111111110101
prefix	
singleton	null
topo	0,1,2,3,4,7,8,9,10,5,12,13,14,11,6
strings	50	\u{0}\u{0}aaaa	\u{0}\u{0}aaa	\u{0}\u{0}aa	\u{0}\u{1}aaaa	\u{0}\u{1}aaa	\u{0}\u{1}aa	\u{0}\u{2}aaaa	\u{0}\u{2}aaa	\u{0}\u{2}aa	\u{0}\u{3}aaaa	\u{0}\u{3}aaa	\u{0}\u{3}aa	\u{0}\u{4}aaaa	\u{0}\u{4}aaa	\u{0}\u{4}aa	\u{0}\u{5}aaaa	\u{0}\u{5}aaa	\u{0}\u{5}aa	\u{0}\u{6}aaaa	\u{0}\u{6}aaa	\u{0}\u{6}aa	\u{0}\u{7}aaaa	\u{0}\u{7}aaa	\u{0}\u{7}aa	\u{0}\u{8}aaaa	\u{0}\u{8}aaa	\u{0}\u{8}aa	\u{0}\u{9}aaaa	\u{0}\u{9}aaa	\u{0}\u{9}aa	\u{0}\u{a}aaaa	\u{0}\u{a}aaa	\u{0}\u{a}aa	\u{0}\u{b}aaaa	\u{0}\u{b}aaa	\u{0}\u{b}aa	\u{0}\u{c}aaaa	\u{0}\u{c}aaa	\u{0}\u{c}aa	\u{0}\u{d}aaaa	\u{0}\u{d}aaa	\u{0}\u{d}aa	\u{0}\u{e}aaaa	\u{0}\u{e}aaa	\u{0}\u{e}aa	\u{0}\u{f}aaaa	\u{0}\u{f}aaa	\u{0}\u{f}aa	\u{0}\u{10}aaaa	\u{0}\u{10}aaa
compiled_det	NORMAL	-	-	-1	0	0	000000000001111000000000000111000000000000000000000000000000000000000000000000000000000000000000000000000000000000000000000000011111111111110101
compiled_det_floor	null,x60f48fbfbf61616161,x61f48fbfbff48fbfbf616161,x62f48fbfbf61616161,x63f48fbfbf61616161,x64f48fbfbf61616161,x6161f48fbfbff48fbfbf6161,x6162f48fbfbf616161,x6163f48fbfbf616161,x616262616161,x616263616161,x6161,x616161,x61616161,x6161616161,x79f48fbfbf61616161,x70f48fbfbf61616161,x77f48fbfbf61616161,x787861616161,x787961616161,x787961616161,x616263616161,x616264616161,x616363616161,x636361616161,x626061616161,x6261f48fbfbf616161,x616162,x61626162,x61626261,x626161f48fbfbf6161,x666f61616161,x626171616161,x626179616161,x666e61616161,x666f61616161,x666f61616161,x696e61616161,x736961616161,x6179f48fbfbf616161,x612079616161,x617a70616161,x716179616161,x30f48fbfbf61616161,x34f48fbfbf61616161,x38f48fbfbf61616161,x312f61616161,x303061616161,x303461616161,x302f61616161,x313661616161,x312f61616161,x312f61616161,x352f61616161,x352f61616161,x303461616161,x393861616161,x303661616161,x36f48fbfbf61616161,x313161616161,x303061616161,x717561616161,x515461616161,x517461616161,x517561616161,x4af48fbfbf61616161,x6af48fbfbf61616161,xe284a9f48fbfbf61616161,x52f48fbfbf61616161,x72f48fbfbf61616161,xc5bef48fbfbf61616161,xcea2f48fbfbf61616161,xcf82f48fbfbf61616161,xcf81f48fbfbf61616161,xc783f48fbfbf61616161,xc784f48fbfbf61616161,xc785f48fbfbf61616161,x737461616161,x535361616161,x537461616161,xc3a8f48fbfbf61616161,xc3a9c3a861616161,xc388f48fbfbf61616161,xe697a5e69cac61616161,xe697a5e69cab61616161,xf09f97bff48fbfbf61616161,xf09f9880f09f97bf61616161,xf09f9880f48fbfbf61616161,xf09f9882f09f988261616161,x08f48fbfbf61616161,x1ff48fbfbf61616161,x5ef48fbfbf61616161,x2cf48fbfbf61616161,x5bf48fbfbf61616161,x2df48fbfbf61616161,x717561616161,x7e6061616161,x612661f48fbfbf6161,x22f48fbfbf61616161,x3ff48fbfbf61616161,x3c3061616161,x617e61f48fbfbf6161,x486561616161,x686561616161,x484461616161,x6b5261616161,x4b5261616161,xe284aa7261616161,x616263616161,x612e61f48fbfbf6161,x617bf48fbfbf616161,x2a6061616161,x3ef48fbfbf61616161,x686561616161,x636173616161,x636174616161,x646f61616161,x646f61616161,x636061616161,x60f48fbfbf61616161,x60f48fbfbf61616161,null,x6164f48fbfbf616161,x616364616161,x616265616161,x787961616161,xc3bef48fbfbf61616161,x61616161,x7861616161,x6161616161,x616161,x78616161,x6178616161,x61786161,x6161786161,x61617861,x6161617861,x61616178,x6161616178,x6161,x60f48fbfbf61616161,x787861616161,x787861616161,x616161617979
CASE	lev	aaaa	3	0	
probes	17	aaaa	xaaaa	aaaaa	aaa	xaaa	axaaa	axaa	aaxaa	aaxa	aaaxa	aaax	aaaax	aa	a	xxaaaa	xxxaaaa	aaaayy
lev	null
CASE	lev	aaaa	3	1	
probes	17	aaaa	xaaaa	aaaaa	aaa	xaaa	axaaa	axaa	aaxaa	aaxa	aaaxa	aaax	aaaax	aa	a	xxaaaa	xxxaaaa	aaaayy
lev	null
CASE	lev	abcdefghij	0	0	
probes	57	abcdefghij	xabcdefghij	aabcdefghij	bcdefghij	xbcdefghij	bacdefghij	axbcdefghij	acdefghij	axcdefghij	acbdefghij	abxcdefghij	abacdefghij	abdefghij	abxdefghij	abdcefghij	abcxdefghij	abcadefghij	abcefghij	abcxefghij	abcedfghij	abcdxefghij	abcdaefghij	abcdfghij	abcdxfghij	abcdfeghij	abcdexfghij	abcdeafghij	abcdeghij	abcdexghij	abcdegfhij	abcdefxghij	abcdefaghij	abcdefhij	abcdefxhij	abcdefhgij	abcdefgxhij	abcdefgahij	abcdefgij	abcdefgxij	abcdefgihj	abcdefghxij	abcdefghaij	abcdefghj	abcdefghxj	abcdefghji	abcdefghixj	abcdefghiaj	abcdefghi	abcdefghix	abcdefghijx	abcdefghija	cdefghij	defghij	xxabcdefghij	xxxabcdefghij	abcdefghijyy	bacdefghijx
raw	11	10	1
rawdump	N,1/97/97;N,2/98/98;N,3/99/99;N,4/100/100;N,5/101/101;N,6/102/102;N,7/103/103;N,8/104/104;N,9/105/105;N,10/106/106;A
flags	0	0	0	1
nfarun	0000000000000000000000000000000000000000000000000000000000000000000000000000000000000000000000000000000000000000000000000000000100000000000000000000000000000000000000000000000000000000
compiled	SINGLE	x6162636465666768696a	-	-1	1	0	-
compiled_floor	-
det	11	10	1
detdump	N,1/97/97;N,2/98/98;N,3/99/99;N,4/100/100;N,5/101/101;N,6/102/102;N,7/103/103;N,8/104/104;N,9/105/105;N,10/106/106;A
min	11	10
run	0000000000000000000000000000000000000000000000000000000000000000000000000000000000000000000000000000000000000000000000000000000100000000000000000000000000000000000000000000000000000000
charrun	0000000000000000000000000000000000000000000000000000000000000000000000000000000000000000000000000000000000000000000000000000000100000000000000000000000000000000000000000000000000000000
prefix	abcdefghij
singleton	abcdefghij
topo	0,1,2,3,4,5,6,7,8,9,10
strings	1	abcdefghij
compiled_det	SINGLE	x6162636465666768696a	-	-1	1	0	-
compiled_det_floor	-
CASE	lev	abcdefghij	0	1	
probes	57	abcdefghij	xabcdefghij	aabcdefghij	bcdefghij	xbcdefghij	bacdefghij	axbcdefghij	acdefghij	axcdefghij	acbdefghij	abxcdefghij	abacdefghij	abdefghij	abxdefghij	abdcefghij	abcxdefghij	abcadefghij	abcefghij	abcxefghij	abcedfghij	abcdxefghij	abcdaefghij	abcdfghij	abcdxfghij	abcdfeghij	abcdexfghij	abcdeafghij	abcdeghij	abcdexghij	abcdegfhij	abcdefxghij	abcdefaghij	abcdefhij	abcdefxhij	abcdefhgij	abcdefgxhij	abcdefgahij	abcdefgij	abcdefgxij	abcdefgihj	abcdefghxij	abcdefghaij	abcdefghj	abcdefghxj	abcdefghji	abcdefghixj	abcdefghiaj	abcdefghi	abcdefghix	abcdefghijx	abcdefghija	cdefghij	defghij	xxabcdefghij	xxxabcdefghij	abcdefghijyy	bacdefghijx
raw	11	10	1
rawdump	N,1/97/97;N,2/98/98;N,3/99/99;N,4/100/100;N,5/101/101;N,6/102/102;N,7/103/103;N,8/104/104;N,9/105/105;N,10/106/106;A
flags	0	0	0	1
nfarun	0000000000000000000000000000000000000000000000000000000000000000000000000000000000000000000000000000000000000000000000000000000100000000000000000000000000000000000000000000000000000000
compiled	SINGLE	x6162636465666768696a	-	-1	1	0	-
compiled_floor	-
det	11	10	1
detdump	N,1/97/97;N,2/98/98;N,3/99/99;N,4/100/100;N,5/101/101;N,6/102/102;N,7/103/103;N,8/104/104;N,9/105/105;N,10/106/106;A
min	11	10
run	0000000000000000000000000000000000000000000000000000000000000000000000000000000000000000000000000000000000000000000000000000000100000000000000000000000000000000000000000000000000000000
charrun	0000000000000000000000000000000000000000000000000000000000000000000000000000000000000000000000000000000000000000000000000000000100000000000000000000000000000000000000000000000000000000
prefix	abcdefghij
singleton	abcdefghij
topo	0,1,2,3,4,5,6,7,8,9,10
strings	1	abcdefghij
compiled_det	SINGLE	x6162636465666768696a	-	-1	1	0	-
compiled_det_floor	-
CASE	lev	abcdefghij	1	0	
probes	57	abcdefghij	xabcdefghij	aabcdefghij	bcdefghij	xbcdefghij	bacdefghij	axbcdefghij	acdefghij	axcdefghij	acbdefghij	abxcdefghij	abacdefghij	abdefghij	abxdefghij	abdcefghij	abcxdefghij	abcadefghij	abcefghij	abcxefghij	abcedfghij	abcdxefghij	abcdaefghij	abcdfghij	abcdxfghij	abcdfeghij	abcdexfghij	abcdeafghij	abcdeghij	abcdexghij	abcdegfhij	abcdefxghij	abcdefaghij	abcdefhij	abcdefxhij	abcdefhgij	abcdefgxhij	abcdefgahij	abcdefgij	abcdefgxij	abcdefgihj	abcdefghxij	abcdefghaij	abcdefghj	abcdefghxj	abcdefghji	abcdefghixj	abcdefghiaj	abcdefghi	abcdefghix	abcdefghijx	abcdefghija	cdefghij	defghij	xxabcdefghij	xxxabcdefghij	abcdefghijyy	bacdefghijx
raw	40	94	1
rawdump	N,21/0/96,1/97/97,31/98/98,21/99/1114111;N,22/0/97,2/98/98,32/99/99,22/100/1114111;N,23/0/98,3/99/99,33/100/100,23/101/1114111;N,24/0/99,4/100/100,34/101/101,24/102/1114111;N,25/0/100,5/101/101,35/102/102,25/103/1114111;N,26/0/101,6/102/102,36/103/103,26/104/1114111;N,27/0/102,7/103/103,37/104/104,27/105/1114111;N,28/0/103,8/104/104,38/105/105,28/106/1114111;N,29/0/104,9/105/105,39/106/106,29/107/1114111;A,30/0/105,10/106/106,30/107/1114111;A,20/0/1114111;N,12/98/98;N,13/99/99;N,14/100/100;N,15/101/101;N,16/102/102;N,17/103/103;N,18/104/104;N,19/105/105;N,20/106/106;A;N,11/97/97,12/98/98;N,12/98/98,13/99/99;N,13/99/99,14/100/100;N,14/100/100,15/101/101;N,15/101/101,16/102/102;N,16/102/102,17/103/103;N,17/103/103,18/104/104;N,18/104/104,19/105/105;N,19/105/105,20/106/106;A,20/106/106;N,11/97/97,12/98/98,13/99/99;N,12/98/98,13/99/99,14/100/100;N,13/99/99,14/100/100,15/101/101;N,14/100/100,15/101/101,16/102/102;N,15/101/101,16/102/102,17/103/103;N,16/102/102,17/103/103,18/104/104;N,17/103/103,18/104/104,19/105/105;N,18/104/104,19/105/105,20/106/106;A,19/105/105,20/106/106
flags	0	0	0	1
nfarun	0000000000000000000000000000000000000000000000000000000000000000000000000000000000000000000000000000000000000000000000000000000111110111011110111101111011110111101111011110111111000000
compiled	NORMAL	-	-	-1	0	0	0000000000000000000000000000000000000000000000000000000000000000000000000000000000000000000000000000000000000000000000000000000111110111011110111101111011110111101111011110111111000000
compiled_floor	null,x6062636465666768696a,x61f48fbfbf636465666768696a,x62636465666768696a,x6362636465666768696a,x6462636465666768696a,x6161636465666768696a,x6162f48fbfbf6465666768696a,x61636465666768696a,x6162626465666768696a,x616263f48fbfbf65666768696a,x6160636465666768696a,x6160636465666768696a,x6160636465666768696a,x6160636465666768696a,x7962636465666768696a,x7062636465666768696a,x7762636465666768696a,x7862636465666768696a,x7862636465666768696a,x7862636465666768696a,x6162636365666768696a,x6162646465666768696a,x6163636465666768696a,x6362636465666768696a,x61f48fbfbf636465666768696a,x626162636465666768696a,x6160636465666768696a,x6162606465666768696a,x6162616465666768696a,x61f48fbfbf636465666768696a,x6662636465666768696a,x626162636465666768696a,x626162636465666768696a,x6662636465666768696a,x6662636465666768696a,x6662636465666768696a,x6962636465666768696a,x7362636465666768696a,x6179636465666768696a,x6120636465666768696a,x617a636465666768696a,x716162636465666768696a,x3062636465666768696a,x3462636465666768696a,x3862636465666768696a,x3062636465666768696a,x2f62636465666768696a,x2f62636465666768696a,x2f62636465666768696a,x3062636465666768696a,x3062636465666768696a,x3062636465666768696a,x3462636465666768696a,x3462636465666768696a,x2f62636465666768696a,x3862636465666768696a,x2f62636465666768696a,x3662636465666768696a,x3062636465666768696a,x2f62636465666768696a,x7162636465666768696a,x5062636465666768696a,x5162636465666768696a,x5162636465666768696a,x4a62636465666768696a,x6a62636465666768696a,xe284a962636465666768696a,x5262636465666768696a,x7262636465666768696a,xc5be62636465666768696a,xcea262636465666768696a,xcf8262636465666768696a,xcf8162636465666768696a,xc78362636465666768696a,xc78462636465666768696a,xc78562636465666768696a,x7362636465666768696a,x5262636465666768696a,x5362636465666768696a,xc3a862636465666768696a,xc3a962636465666768696a,xc38862636465666768696a,xe697a562636465666768696a,xe697a562636465666768696a,xf09f97bf62636465666768696a,xf09f988062636465666768696a,xf09f988062636465666768696a,xf09f988262636465666768696a,x0862636465666768696a,x1f62636465666768696a,x5e62636465666768696a,x2c62636465666768696a,x5b62636465666768696a,x2d62636465666768696a,x7162636465666768696a,x7d62636465666768696a,x6125636465666768696a,x2262636465666768696a,x3f62636465666768696a,x3b62636465666768696a,x617d636465666768696a,x4862636465666768696a,x6862636465666768696a,x4762636465666768696a,x6a62636465666768696a,x4a62636465666768696a,xe284aa62636465666768696a,x6162636965666768696a,x612d636465666768696a,x617b636465666768696a,x2962636465666768696a,x3e62636465666768696a,x6862636465666768696a,x636162636465666768696a,x636162636465666768696a,x6462636465666768696a,x6462636465666768696a,x62636465666768696a,x6062636465666768696a,x6062636465666768696a,null,x6164636465666768696a,x61636465666768696a,x6162656465666768696a,x7862636465666768696a,xc3be62636465666768696a,x6162636465666768696a,x786162636465666768696a,x616162636465666768696a,x62636465666768696a,x7862636465666768696a,x626162636465666768696a,x617862636465666768696a,x61636465666768696a,x6178636465666768696a,x616362636465666768696a,x616278636465666768696a,x616261636465666768696a,x61626465666768696a,x6162786465666768696a,x616264636465666768696a,x616263786465666768696a,x616263616465666768696a,x61626365666768696a,x6162637865666768696a,x616263656465666768696a,x616263647865666768696a,x616263646165666768696a,x61626364666768696a,x6162636478666768696a,x616263646665666768696a,x616263646578666768696a,x616263646561666768696a,x61626364656768696a,x6162636465786768696a,x616263646567666768696a,x616263646566786768696a,x616263646566616768696a,x61626364656668696a,x6162636465667868696a,x616263646566686768696a,x616263646566677868696a,x616263646566676168696a,x61626364656667696a,x6162636465666778696a,x616263646566676968696a,x616263646566676878696a,x616263646566676861696a,x61626364656667686a,x6162636465666768786a,x61626364656667686a,x616263646566676869786a,x616263646566676869616a,x616263646566676869,x61626364656667686978,x6162636465666768696a78,x6162636465666768696a61,x6362636465666768696a,x6462636465666768696a,x7862636465666768696a,x7862636465666768696a,x6162636465666768696a79,x626162636465666768696a
det	40	94	1
detdump	N,21/0/96,1/97/97,31/98/98,21/99/1114111;N,22/0/97,2/98/98,32/99/99,22/100/1114111;N,23/0/98,3/99/99,33/100/100,23/101/1114111;N,24/0/99,4/100/100,34/101/101,24/102/1114111;N,25/0/100,5/101/101,35/102/102,25/103/1114111;N,26/0/101,6/102/102,36/103/103,26/104/1114111;N,27/0/102,7/103/103,37/104/104,27/105/1114111;N,28/0/103,8/104/104,38/105/105,28/106/1114111;N,29/0/104,9/105/105,39/106/106,29/107/1114111;A,30/0/105,10/106/106,30/107/1114111;A,20/0/1114111;N,12/98/98;N,13/99/99;N,14/100/100;N,15/101/101;N,16/102/102;N,17/103/103;N,18/104/104;N,19/105/105;N,20/106/106;A;N,11/97/97,12/98/98;N,12/98/98,13/99/99;N,13/99/99,14/100/100;N,14/100/100,15/101/101;N,15/101/101,16/102/102;N,16/102/102,17/103/103;N,17/103/103,18/104/104;N,18/104/104,19/105/105;N,19/105/105,20/106/106;A,20/106/106;N,11/97/97,12/98/98,13/99/99;N,12/98/98,13/99/99,14/100/100;N,13/99/99,14/100/100,15/101/101;N,14/100/100,15/101/101,16/102/102;N,15/101/101,16/102/102,17/103/103;N,16/102/102,17/103/103,18/104/104;N,17/103/103,18/104/104,19/105/105;N,18/104/104,19/105/105,20/106/106;A,19/105/105,20/106/106
min	40	94
run	0000000000000000000000000000000000000000000000000000000000000000000000000000000000000000000000000000000000000000000000000000000111110111011110111101111011110111101111011110111111000000
charrun	0000000000000000000000000000000000000000000000000000000000000000000000000000000000000000000000000000000000000000000000000000000111110111011110111101111011110111101111011110111111000000
prefix	
singleton	null
topo	0,31,1,32,2,33,3,34,4,35,5,36,6,37,7,38,8,39,9,10,30,29,28,27,26,25,24,23,22,21,11,12,13,14,15,16,17,18,19,20
strings	50	\u{0}abcdefghij	\u{0}bcdefghij	\u{1}abcdefghij	\u{1}bcdefghij	\u{2}abcdefghij	\u{2}bcdefghij	\u{3}abcdefghij	\u{3}bcdefghij	\u{4}abcdefghij	\u{4}bcdefghij	\u{5}abcdefghij	\u{5}bcdefghij	\u{6}abcdefghij	\u{6}bcdefghij	\u{7}abcdefghij	\u{7}bcdefghij	\u{8}abcdefghij	\u{8}bcdefghij	\u{9}abcdefghij	\u{9}bcdefghij	\u{a}abcdefghij	\u{a}bcdefghij	\u{b}abcdefghij	\u{b}bcdefghij	\u{c}abcdefghij	\u{c}bcdefghij	\u{d}abcdefghij	\u{d}bcdefghij	\u{e}abcdefghij	\u{e}bcdefghij	\u{f}abcdefghij	\u{f}bcdefghij	\u{10}abcdefghij	\u{10}bcdefghij	\u{11}abcdefghij	\u{11}bcdefghij	\u{12}abcdefghij	\u{12}bcdefghij	\u{13}abcdefghij	\u{13}bcdefghij	\u{14}abcdefghij	\u{14}bcdefghij	\u{15}abcdefghij	\u{15}bcdefghij	\u{16}abcdefghij	\u{16}bcdefghij	\u{17}abcdefghij	\u{17}bcdefghij	\u{18}abcdefghij	\u{18}bcdefghij
compiled_det	NORMAL	-	-	-1	0	0	0000000000000000000000000000000000000000000000000000000000000000000000000000000000000000000000000000000000000000000000000000000111110111011110111101111011110111101111011110111111000000
compiled_det_floor	null,x6062636465666768696a,x61f48fbfbf636465666768696a,x62636465666768696a,x6362636465666768696a,x6462636465666768696a,x6161636465666768696a,x6162f48fbfbf6465666768696a,x61636465666768696a,x6162626465666768696a,x616263f48fbfbf65666768696a,x6160636465666768696a,x6160636465666768696a,x6160636465666768696a,x6160636465666768696a,x7962636465666768696a,x7062636465666768696a,x7762636465666768696a,x7862636465666768696a,x7862636465666768696a,x7862636465666768696a,x6162636365666768696a,x6162646465666768696a,x6163636465666768696a,x6362636465666768696a,x61f48fbfbf636465666768696a,x626162636465666768696a,x6160636465666768696a,x6162606465666768696a,x6162616465666768696a,x61f48fbfbf636465666768696a,x6662636465666768696a,x626162636465666768696a,x626162636465666768696a,x6662636465666768696a,x6662636465666768696a,x6662636465666768696a,x6962636465666768696a,x7362636465666768696a,x6179636465666768696a,x6120636465666768696a,x617a636465666768696a,x716162636465666768696a,x3062636465666768696a,x3462636465666768696a,x3862636465666768696a,x3062636465666768696a,x2f62636465666768696a,x2f62636465666768696a,x2f62636465666768696a,x3062636465666768696a,x3062636465666768696a,x3062636465666768696a,x3462636465666768696a,x3462636465666768696a,x2f62636465666768696a,x3862636465666768696a,x2f62636465666768696a,x3662636465666768696a,x3062636465666768696a,x2f62636465666768696a,x7162636465666768696a,x5062636465666768696a,x5162636465666768696a,x5162636465666768696a,x4a62636465666768696a,x6a62636465666768696a,xe284a962636465666768696a,x5262636465666768696a,x7262636465666768696a,xc5be62636465666768696a,xcea262636465666768696a,xcf8262636465666768696a,xcf8162636465666768696a,xc78362636465666768696a,xc78462636465666768696a,xc78562636465666768696a,x7362636465666768696a,x5262636465666768696a,x5362636465666768696a,xc3a862636465666768696a,xc3a962636465666768696a,xc38862636465666768696a,xe697a562636465666768696a,xe697a562636465666768696a,xf09f97bf62636465666768696a,xf09f988062636465666768696a,xf09f988062636465666768696a,xf09f988262636465666768696a,x0862636465666768696a,x1f62636465666768696a,x5e62636465666768696a,x2c62636465666768696a,x5b62636465666768696a,x2d62636465666768696a,x7162636465666768696a,x7d62636465666768696a,x6125636465666768696a,x2262636465666768696a,x3f62636465666768696a,x3b62636465666768696a,x617d636465666768696a,x4862636465666768696a,x6862636465666768696a,x4762636465666768696a,x6a62636465666768696a,x4a62636465666768696a,xe284aa62636465666768696a,x6162636965666768696a,x612d636465666768696a,x617b636465666768696a,x2962636465666768696a,x3e62636465666768696a,x6862636465666768696a,x636162636465666768696a,x636162636465666768696a,x6462636465666768696a,x6462636465666768696a,x62636465666768696a,x6062636465666768696a,x6062636465666768696a,null,x6164636465666768696a,x61636465666768696a,x6162656465666768696a,x7862636465666768696a,xc3be62636465666768696a,x6162636465666768696a,x786162636465666768696a,x616162636465666768696a,x62636465666768696a,x7862636465666768696a,x626162636465666768696a,x617862636465666768696a,x61636465666768696a,x6178636465666768696a,x616362636465666768696a,x616278636465666768696a,x616261636465666768696a,x61626465666768696a,x6162786465666768696a,x616264636465666768696a,x616263786465666768696a,x616263616465666768696a,x61626365666768696a,x6162637865666768696a,x616263656465666768696a,x616263647865666768696a,x616263646165666768696a,x61626364666768696a,x6162636478666768696a,x616263646665666768696a,x616263646578666768696a,x616263646561666768696a,x61626364656768696a,x6162636465786768696a,x616263646567666768696a,x616263646566786768696a,x616263646566616768696a,x61626364656668696a,x6162636465667868696a,x616263646566686768696a,x616263646566677868696a,x616263646566676168696a,x61626364656667696a,x6162636465666778696a,x616263646566676968696a,x616263646566676878696a,x616263646566676861696a,x61626364656667686a,x6162636465666768786a,x61626364656667686a,x616263646566676869786a,x616263646566676869616a,x616263646566676869,x61626364656667686978,x6162636465666768696a78,x6162636465666768696a61,x6362636465666768696a,x6462636465666768696a,x7862636465666768696a,x7862636465666768696a,x6162636465666768696a79,x626162636465666768696a
CASE	lev	abcdefghij	1	1	
probes	57	abcdefghij	xabcdefghij	aabcdefghij	bcdefghij	xbcdefghij	bacdefghij	axbcdefghij	acdefghij	axcdefghij	acbdefghij	abxcdefghij	abacdefghij	abdefghij	abxdefghij	abdcefghij	abcxdefghij	abcadefghij	abcefghij	abcxefghij	abcedfghij	abcdxefghij	abcdaefghij	abcdfghij	abcdxfghij	abcdfeghij	abcdexfghij	abcdeafghij	abcdeghij	abcdexghij	abcdegfhij	abcdefxghij	abcdefaghij	abcdefhij	abcdefxhij	abcdefhgij	abcdefgxhij	abcdefgahij	abcdefgij	abcdefgxij	abcdefgihj	abcdefghxij	abcdefghaij	abcdefghj	abcdefghxj	abcdefghji	abcdefghixj	abcdefghiaj	abcdefghi	abcdefghix	abcdefghijx	abcdefghija	cdefghij	defghij	xxabcdefghij	xxxabcdefghij	abcdefghijyy	bacdefghijx
raw	40	94	1
rawdump	N,21/0/96,1/97/97,31/98/98,21/99/1114111;N,22/0/97,2/98/98,32/99/99,22/100/1114111;N,23/0/98,3/99/99,33/100/100,23/101/1114111;N,24/0/99,4/100/100,34/101/101,24/102/1114111;N,25/0/100,5/101/101,35/102/102,25/103/1114111;N,26/0/101,6/102/102,36/103/103,26/104/1114111;N,27/0/102,7/103/103,37/104/104,27/105/1114111;N,28/0/103,8/104/104,38/105/105,28/106/1114111;N,29/0/104,9/105/105,39/106/106,29/107/1114111;A,30/0/105,10/106/106,30/107/1114111;A,20/0/1114111;N,12/98/98;N,13/99/99;N,14/100/100;N,15/101/101;N,16/102/102;N,17/103/103;N,18/104/104;N,19/105/105;N,20/106/106;A;N,11/97/97,12/98/98;N,12/98/98,13/99/99;N,13/99/99,14/100/100;N,14/100/100,15/101/101;N,15/101/101,16/102/102;N,16/102/102,17/103/103;N,17/103/103,18/104/104;N,18/104/104,19/105/105;N,19/105/105,20/106/106;A,20/106/106;N,22/97/97,12/98/98,13/99/99;N,23/98/98,13/99/99,14/100/100;N,24/99/99,14/100/100,15/101/101;N,25/100/100,15/101/101,16/102/102;N,26/101/101,16/102/102,17/103/103;N,27/102/102,17/103/103,18/104/104;N,28/103/103,18/104/104,19/105/105;N,29/104/104,19/105/105,20/106/106;A,30/105/105,20/106/106
flags	0	0	0	1
nfarun	0000000000000000000000000000000000000000000000000000000000000000000000000000000000000000000000000000000000000000000000000000000111111111111111111111111111111111111111111111111111000000
compiled	NORMAL	-	-	-1	0	0	0000000000000000000000000000000000000000000000000000000000000000000000000000000000000000000000000000000000000000000000000000000111111111111111111111111111111111111111111111111111000000
compiled_floor	null,x6062636465666768696a,x61f48fbfbf636465666768696a,x62636465666768696a,x6362636465666768696a,x6462636465666768696a,x6161636465666768696a,x6162f48fbfbf6465666768696a,x61636465666768696a,x6162626465666768696a,x616263f48fbfbf65666768696a,x6160636465666768696a,x6160636465666768696a,x6160636465666768696a,x6160636465666768696a,x7962636465666768696a,x7062636465666768696a,x7762636465666768696a,x7862636465666768696a,x7862636465666768696a,x7862636465666768696a,x6162636365666768696a,x6162646465666768696a,x6163636465666768696a,x6362636465666768696a,x61f48fbfbf636465666768696a,x6261636465666768696a,x6160636465666768696a,x6162606465666768696a,x6162616465666768696a,x61f48fbfbf636465666768696a,x6662636465666768696a,x6261636465666768696a,x6261636465666768696a,x6662636465666768696a,x6662636465666768696a,x6662636465666768696a,x6962636465666768696a,x7362636465666768696a,x6179636465666768696a,x6120636465666768696a,x617a636465666768696a,x716162636465666768696a,x3062636465666768696a,x3462636465666768696a,x3862636465666768696a,x3062636465666768696a,x2f62636465666768696a,x2f62636465666768696a,x2f62636465666768696a,x3062636465666768696a,x3062636465666768696a,x3062636465666768696a,x3462636465666768696a,x3462636465666768696a,x2f62636465666768696a,x3862636465666768696a,x2f62636465666768696a,x3662636465666768696a,x3062636465666768696a,x2f62636465666768696a,x7162636465666768696a,x5062636465666768696a,x5162636465666768696a,x5162636465666768696a,x4a62636465666768696a,x6a62636465666768696a,xe284a962636465666768696a,x5262636465666768696a,x7262636465666768696a,xc5be62636465666768696a,xcea262636465666768696a,xcf8262636465666768696a,xcf8162636465666768696a,xc78362636465666768696a,xc78462636465666768696a,xc78562636465666768696a,x7362636465666768696a,x5262636465666768696a,x5362636465666768696a,xc3a862636465666768696a,xc3a962636465666768696a,xc38862636465666768696a,xe697a562636465666768696a,xe697a562636465666768696a,xf09f97bf62636465666768696a,xf09f988062636465666768696a,xf09f988062636465666768696a,xf09f988262636465666768696a,x0862636465666768696a,x1f62636465666768696a,x5e62636465666768696a,x2c62636465666768696a,x5b62636465666768696a,x2d62636465666768696a,x7162636465666768696a,x7d62636465666768696a,x6125636465666768696a,x2262636465666768696a,x3f62636465666768696a,x3b62636465666768696a,x617d636465666768696a,x4862636465666768696a,x6862636465666768696a,x4762636465666768696a,x6a62636465666768696a,x4a62636465666768696a,xe284aa62636465666768696a,x6162636965666768696a,x612d636465666768696a,x617b636465666768696a,x2962636465666768696a,x3e62636465666768696a,x6862636465666768696a,x636162636465666768696a,x636162636465666768696a,x6462636465666768696a,x6462636465666768696a,x62636465666768696a,x6062636465666768696a,x6062636465666768696a,null,x6164636465666768696a,x61636465666768696a,x6162656465666768696a,x7862636465666768696a,xc3be62636465666768696a,x6162636465666768696a,x786162636465666768696a,x616162636465666768696a,x62636465666768696a,x7862636465666768696a,x6261636465666768696a,x617862636465666768696a,x61636465666768696a,x6178636465666768696a,x6163626465666768696a,x616278636465666768696a,x616261636465666768696a,x61626465666768696a,x6162786465666768696a,x6162646365666768696a,x616263786465666768696a,x616263616465666768696a,x61626365666768696a,x6162637865666768696a,x6162636564666768696a,x616263647865666768696a,x616263646165666768696a,x61626364666768696a,x6162636478666768696a,x6162636466656768696a,x616263646578666768696a,x616263646561666768696a,x61626364656768696a,x6162636465786768696a,x6162636465676668696a,x616263646566786768696a,x616263646566616768696a,x61626364656668696a,x6162636465667868696a,x6162636465666867696a,x616263646566677868696a,x616263646566676168696a,x61626364656667696a,x6162636465666778696a,x6162636465666769686a,x616263646566676878696a,x616263646566676861696a,x61626364656667686a,x6162636465666768786a,x61626364656667686a69,x616263646566676869786a,x616263646566676869616a,x616263646566676869,x61626364656667686978,x6162636465666768696a78,x6162636465666768696a61,x6362636465666768696a,x6462636465666768696a,x7862636465666768696a,x7862636465666768696a,x6162636465666768696a79,x6261636465666768696a
det	40	94	1
detdump	N,21/0/96,1/97/97,31/98/98,21/99/1114111;N,22/0/97,2/98/98,32/99/99,22/100/1114111;N,23/0/98,3/99/99,33/100/100,23/101/1114111;N,24/0/99,4/100/100,34/101/101,24/102/1114111;N,25/0/100,5/101/101,35/102/102,25/103/1114111;N,26/0/101,6/102/102,36/103/103,26/104/1114111;N,27/0/102,7/103/103,37/104/104,27/105/1114111;N,28/0/103,8/104/104,38/105/105,28/106/1114111;N,29/0/104,9/105/105,39/106/106,29/107/1114111;A,30/0/105,10/106/106,30/107/1114111;A,20/0/1114111;N,12/98/98;N,13/99/99;N,14/100/100;N,15/101/101;N,16/102/102;N,17/103/103;N,18/104/104;N,19/105/105;N,20/106/106;A;N,11/97/97,12/98/98;N,12/98/98,13/99/99;N,13/99/99,14/100/100;N,14/100/100,15/101/101;N,15/101/101,16/102/102;N,16/102/102,17/103/103;N,17/103/103,18/104/104;N,18/104/104,19/105/105;N,19/105/105,20/106/106;A,20/106/106;N,22/97/97,12/98/98,13/99/99;N,23/98/98,13/99/99,14/100/100;N,24/99/99,14/100/100,15/101/101;N,25/100/100,15/101/101,16/102/102;N,26/101/101,16/102/102,17/103/103;N,27/102/102,17/103/103,18/104/104;N,28/103/103,18/104/104,19/105/105;N,29/104/104,19/105/105,20/106/106;A,30/105/105,20/106/106
min	40	94
run	0000000000000000000000000000000000000000000000000000000000000000000000000000000000000000000000000000000000000000000000000000000111111111111111111111111111111111111111111111111111000000
charrun	0000000000000000000000000000000000000000000000000000000000000000000000000000000000000000000000000000000000000000000000000000000111111111111111111111111111111111111111111111111111000000
prefix	
singleton	null
topo	0,31,1,32,2,33,3,34,4,35,5,36,6,37,7,38,8,39,9,10,30,29,28,27,26,25,24,23,22,21,11,12,13,14,15,16,17,18,19,20
strings	50	\u{0}abcdefghij	\u{0}bcdefghij	\u{1}abcdefghij	\u{1}bcdefghij	\u{2}abcdefghij	\u{2}bcdefghij	\u{3}abcdefghij	\u{3}bcdefghij	\u{4}abcdefghij	\u{4}bcdefghij	\u{5}abcdefghij	\u{5}bcdefghij	\u{6}abcdefghij	\u{6}bcdefghij	\u{7}abcdefghij	\u{7}bcdefghij	\u{8}abcdefghij	\u{8}bcdefghij	\u{9}abcdefghij	\u{9}bcdefghij	\u{a}abcdefghij	\u{a}bcdefghij	\u{b}abcdefghij	\u{b}bcdefghij	\u{c}abcdefghij	\u{c}bcdefghij	\u{d}abcdefghij	\u{d}bcdefghij	\u{e}abcdefghij	\u{e}bcdefghij	\u{f}abcdefghij	\u{f}bcdefghij	\u{10}abcdefghij	\u{10}bcdefghij	\u{11}abcdefghij	\u{11}bcdefghij	\u{12}abcdefghij	\u{12}bcdefghij	\u{13}abcdefghij	\u{13}bcdefghij	\u{14}abcdefghij	\u{14}bcdefghij	\u{15}abcdefghij	\u{15}bcdefghij	\u{16}abcdefghij	\u{16}bcdefghij	\u{17}abcdefghij	\u{17}bcdefghij	\u{18}abcdefghij	\u{18}bcdefghij
compiled_det	NORMAL	-	-	-1	0	0	0000000000000000000000000000000000000000000000000000000000000000000000000000000000000000000000000000000000000000000000000000000111111111111111111111111111111111111111111111111111000000
compiled_det_floor	null,x6062636465666768696a,x61f48fbfbf636465666768696a,x62636465666768696a,x6362636465666768696a,x6462636465666768696a,x6161636465666768696a,x6162f48fbfbf6465666768696a,x61636465666768696a,x6162626465666768696a,x616263f48fbfbf65666768696a,x6160636465666768696a,x6160636465666768696a,x6160636465666768696a,x6160636465666768696a,x7962636465666768696a,x7062636465666768696a,x7762636465666768696a,x7862636465666768696a,x7862636465666768696a,x7862636465666768696a,x6162636365666768696a,x6162646465666768696a,x6163636465666768696a,x6362636465666768696a,x61f48fbfbf636465666768696a,x6261636465666768696a,x6160636465666768696a,x6162606465666768696a,x6162616465666768696a,x61f48fbfbf636465666768696a,x6662636465666768696a,x6261636465666768696a,x6261636465666768696a,x6662636465666768696a,x6662636465666768696a,x6662636465666768696a,x6962636465666768696a,x7362636465666768696a,x6179636465666768696a,x6120636465666768696a,x617a636465666768696a,x716162636465666768696a,x3062636465666768696a,x3462636465666768696a,x3862636465666768696a,x3062636465666768696a,x2f62636465666768696a,x2f62636465666768696a,x2f62636465666768696a,x3062636465666768696a,x3062636465666768696a,x3062636465666768696a,x3462636465666768696a,x3462636465666768696a,x2f62636465666768696a,x3862636465666768696a,x2f62636465666768696a,x3662636465666768696a,x3062636465666768696a,x2f62636465666768696a,x7162636465666768696a,x5062636465666768696a,x5162636465666768696a,x5162636465666768696a,x4a62636465666768696a,x6a62636465666768696a,xe284a962636465666768696a,x5262636465666768696a,x7262636465666768696a,xc5be62636465666768696a,xcea262636465666768696a,xcf8262636465666768696a,xcf8162636465666768696a,xc78362636465666768696a,xc78462636465666768696a,xc78562636465666768696a,x7362636465666768696a,x5262636465666768696a,x5362636465666768696a,xc3a862636465666768696a,xc3a962636465666768696a,xc38862636465666768696a,xe697a562636465666768696a,xe697a562636465666768696a,xf09f97bf62636465666768696a,xf09f988062636465666768696a,xf09f988062636465666768696a,xf09f988262636465666768696a,x0862636465666768696a,x1f62636465666768696a,x5e62636465666768696a,x2c62636465666768696a,x5b62636465666768696a,x2d62636465666768696a,x7162636465666768696a,x7d62636465666768696a,x6125636465666768696a,x2262636465666768696a,x3f62636465666768696a,x3b62636465666768696a,x617d636465666768696a,x4862636465666768696a,x6862636465666768696a,x4762636465666768696a,x6a62636465666768696a,x4a62636465666768696a,xe284aa62636465666768696a,x6162636965666768696a,x612d636465666768696a,x617b636465666768696a,x2962636465666768696a,x3e62636465666768696a,x6862636465666768696a,x636162636465666768696a,x636162636465666768696a,x6462636465666768696a,x6462636465666768696a,x62636465666768696a,x6062636465666768696a,x6062636465666768696a,null,x6164636465666768696a,x61636465666768696a,x6162656465666768696a,x7862636465666768696a,xc3be62636465666768696a,x6162636465666768696a,x786162636465666768696a,x616162636465666768696a,x62636465666768696a,x7862636465666768696a,x6261636465666768696a,x617862636465666768696a,x61636465666768696a,x6178636465666768696a,x6163626465666768696a,x616278636465666768696a,x616261636465666768696a,x61626465666768696a,x6162786465666768696a,x6162646365666768696a,x616263786465666768696a,x616263616465666768696a,x61626365666768696a,x6162637865666768696a,x6162636564666768696a,x616263647865666768696a,x616263646165666768696a,x61626364666768696a,x6162636478666768696a,x6162636466656768696a,x616263646578666768696a,x616263646561666768696a,x61626364656768696a,x6162636465786768696a,x6162636465676668696a,x616263646566786768696a,x616263646566616768696a,x61626364656668696a,x6162636465667868696a,x6162636465666867696a,x616263646566677868696a,x616263646566676168696a,x61626364656667696a,x6162636465666778696a,x6162636465666769686a,x616263646566676878696a,x616263646566676861696a,x61626364656667686a,x6162636465666768786a,x61626364656667686a69,x616263646566676869786a,x616263646566676869616a,x616263646566676869,x61626364656667686978,x6162636465666768696a78,x6162636465666768696a61,x6362636465666768696a,x6462636465666768696a,x7862636465666768696a,x7862636465666768696a,x6162636465666768696a79,x6261636465666768696a
CASE	lev	abcdefghij	2	0	
probes	57	abcdefghij	xabcdefghij	aabcdefghij	bcdefghij	xbcdefghij	bacdefghij	axbcdefghij	acdefghij	axcdefghij	acbdefghij	abxcdefghij	abacdefghij	abdefghij	abxdefghij	abdcefghij	abcxdefghij	abcadefghij	abcefghij	abcxefghij	abcedfghij	abcdxefghij	abcdaefghij	abcdfghij	abcdxfghij	abcdfeghij	abcdexfghij	abcdeafghij	abcdeghij	abcdexghij	abcdegfhij	abcdefxghij	abcdefaghij	abcdefhij	abcdefxhij	abcdefhgij	abcdefgxhij	abcdefgahij	abcdefgij	abcdefgxij	abcdefgihj	abcdefghxij	abcdefghaij	abcdefghj	abcdefghxj	abcdefghji	abcdefghixj	abcdefghiaj	abcdefghi	abcdefghix	abcdefghijx	abcdefghija	cdefghij	defghij	xxabcdefghij	xxxabcdefghij	abcdefghijyy	bacdefghijx
raw	138	555	1
flags	0	0	0	1
nfarun	0000000000000000000000000000000000000000000000000000000000000000000000000000000000000000000000000000000000000000000000000000000111111111111111111111111111111111111111111111111111101010
compiled	NORMAL	-	-	-1	0	0	0000000000000000000000000000000000000000000000000000000000000000000000000000000000000000000000000000000000000000000000000000000111111111111111111111111111111111111111111111111111101010
compiled_floor	null,x60f48fbfbf636465666768696a,x61f48fbfbff48fbfbf6465666768696a,x62f48fbfbf6465666768696a,x63f48fbfbf636465666768696a,x64f48fbfbf636465666768696a,x6161f48fbfbf6465666768696a,x6162f48fbfbff48fbfbf65666768696a,x6163f48fbfbf65666768696a,x616262f48fbfbf65666768696a,x616263f48fbfbff48fbfbf666768696a,x6160f48fbfbf6465666768696a,x6161606465666768696a,x6161606465666768696a,x6161606465666768696a,x79f48fbfbf636465666768696a,x70f48fbfbf636465666768696a,x77f48fbfbf636465666768696a,x7878636465666768696a,x7879636465666768696a,x7879636465666768696a,x61626363f48fbfbf666768696a,x61626464f48fbfbf666768696a,x616363f48fbfbf65666768696a,x63636465666768696a,x62606465666768696a,x6261f48fbfbf636465666768696a,x6161616465666768696a,x6162616165666768696a,x6162626065666768696a,x626161636465666768696a,x666f636465666768696a,x626171636465666768696a,x626179636465666768696a,x666e636465666768696a,x666f636465666768696a,x666f636465666768696a,x696e636465666768696a,x7369636465666768696a,x6179f48fbfbf6465666768696a,x6120796465666768696a,x617a706465666768696a,x716179636465666768696a,x30f48fbfbf636465666768696a,x34f48fbfbf636465666768696a,x38f48fbfbf636465666768696a,x312f636465666768696a,x3030636465666768696a,x3034636465666768696a,x302f636465666768696a,x3136636465666768696a,x312f636465666768696a,x312f636465666768696a,x352f636465666768696a,x352f636465666768696a,x3034636465666768696a,x3938636465666768696a,x3036636465666768696a,x36f48fbfbf636465666768696a,x3131636465666768696a,x3030636465666768696a,x7175636465666768696a,x5154636465666768696a,x5174636465666768696a,x5175636465666768696a,x4af48fbfbf636465666768696a,x6af48fbfbf636465666768696a,xe284a9f48fbfbf636465666768696a,x52f48fbfbf636465666768696a,x72f48fbfbf636465666768696a,xc5bef48fbfbf636465666768696a,xcea2f48fbfbf636465666768696a,xcf82f48fbfbf636465666768696a,xcf81f48fbfbf636465666768696a,xc783f48fbfbf636465666768696a,xc784f48fbfbf636465666768696a,xc785f48fbfbf636465666768696a,x7374636465666768696a,x5353636465666768696a,x5374636465666768696a,xc3a8f48fbfbf636465666768696a,xc3a9c3a8636465666768696a,xc388f48fbfbf636465666768696a,xe697a5e69cac636465666768696a,xe697a5e69cab636465666768696a,xf09f97bff48fbfbf636465666768696a,xf09f9880f09f97bf636465666768696a,xf09f9880f48fbfbf636465666768696a,xf09f9882f09f9882636465666768696a,x08f48fbfbf636465666768696a,x1ff48fbfbf636465666768696a,x5ef48fbfbf636465666768696a,x2cf48fbfbf636465666768696a,x5bf48fbfbf636465666768696a,x2df48fbfbf636465666768696a,x7175636465666768696a,x7e60636465666768696a,x6126616465666768696a,x22f48fbfbf636465666768696a,x3ff48fbfbf636465666768696a,x3c30636465666768696a,x617e616465666768696a,x4865636465666768696a,x6865636465666768696a,x4844636465666768696a,x6b52636465666768696a,x4b52636465666768696a,xe284aa72636465666768696a,x616263696e666768696a,x612e616465666768696a,x617bf48fbfbf6465666768696a,x2a60636465666768696a,x3ef48fbfbf636465666768696a,x6865636465666768696a,x636173636465666768696a,x636174636465666768696a,x646f636465666768696a,x646f636465666768696a,x6360636465666768696a,x60f48fbfbf636465666768696a,x60f48fbfbf636465666768696a,null,x6164f48fbfbf6465666768696a,x616364f48fbfbf666768696a,x61626564f48fbfbf666768696a,x7879636465666768696a,xc3bef48fbfbf636465666768696a,x6162636465666768696a,x786162636465666768696a,x616162636465666768696a,x62636465666768696a,x7862636465666768696a,x6261636465666768696a,x617862636465666768696a,x61636465666768696a,x6178636465666768696a,x6163626465666768696a,x616278636465666768696a,x616261636465666768696a,x61626465666768696a,x6162786465666768696a,x6162646365666768696a,x616263786465666768696a,x616263616465666768696a,x61626365666768696a,x6162637865666768696a,x6162636564666768696a,x616263647865666768696a,x616263646165666768696a,x61626364666768696a,x6162636478666768696a,x6162636466656768696a,x616263646578666768696a,x616263646561666768696a,x61626364656768696a,x6162636465786768696a,x6162636465676668696a,x616263646566786768696a,x616263646566616768696a,x61626364656668696a,x6162636465667868696a,x6162636465666867696a,x616263646566677868696a,x616263646566676168696a,x61626364656667696a,x6162636465666778696a,x6162636465666769686a,x616263646566676878696a,x616263646566676861696a,x61626364656667686a,x6162636465666768786a,x61626364656667686a69,x616263646566676869786a,x616263646566676869616a,x616263646566676869,x61626364656667686978,x6162636465666768696a78,x6162636465666768696a61,x636465666768696a,x6465636465666768696a,x78786162636465666768696a,x7878636465666768696a,x6162636465666768696a7979,x6261636465666768696a
det	138	555	1
min	136	547
run	0000000000000000000000000000000000000000000000000000000000000000000000000000000000000000000000000000000000000000000000000000000111111111111111111111111111111111111111111111111111101010
charrun	0000000000000000000000000000000000000000000000000000000000000000000000000000000000000000000000000000000000000000000000000000000111111111111111111111111111111111111111111111111111101010
prefix	
singleton	null
strings	50	\u{0}\u{0}abcdefghij	\u{0}\u{0}bcdefghij	\u{0}\u{0}cdefghij	\u{0}\u{1}abcdefghij	\u{0}\u{1}bcdefghij	\u{0}\u{1}cdefghij	\u{0}\u{2}abcdefghij	\u{0}\u{2}bcdefghij	\u{0}\u{2}cdefghij	\u{0}\u{3}abcdefghij	\u{0}\u{3}bcdefghij	\u{0}\u{3}cdefghij	\u{0}\u{4}abcdefghij	\u{0}\u{4}bcdefghij	\u{0}\u{4}cdefghij	\u{0}\u{5}abcdefghij	\u{0}\u{5}bcdefghij	\u{0}\u{5}cdefghij	\u{0}\u{6}abcdefghij	\u{0}\u{6}bcdefghij	\u{0}\u{6}cdefghij	\u{0}\u{7}abcdefghij	\u{0}\u{7}bcdefghij	\u{0}\u{7}cdefghij	\u{0}\u{8}abcdefghij	\u{0}\u{8}bcdefghij	\u{0}\u{8}cdefghij	\u{0}\u{9}abcdefghij	\u{0}\u{9}bcdefghij	\u{0}\u{9}cdefghij	\u{0}\u{a}abcdefghij	\u{0}\u{a}bcdefghij	\u{0}\u{a}cdefghij	\u{0}\u{b}abcdefghij	\u{0}\u{b}bcdefghij	\u{0}\u{b}cdefghij	\u{0}\u{c}abcdefghij	\u{0}\u{c}bcdefghij	\u{0}\u{c}cdefghij	\u{0}\u{d}abcdefghij	\u{0}\u{d}bcdefghij	\u{0}\u{d}cdefghij	\u{0}\u{e}abcdefghij	\u{0}\u{e}bcdefghij	\u{0}\u{e}cdefghij	\u{0}\u{f}abcdefghij	\u{0}\u{f}bcdefghij	\u{0}\u{f}cdefghij	\u{0}\u{10}abcdefghij	\u{0}\u{10}bcdefghij
compiled_det	NORMAL	-	-	-1	0	0	0000000000000000000000000000000000000000000000000000000000000000000000000000000000000000000000000000000000000000000000000000000111111111111111111111111111111111111111111111111111101010
compiled_det_floor	null,x60f48fbfbf636465666768696a,x61f48fbfbff48fbfbf6465666768696a,x62f48fbfbf6465666768696a,x63f48fbfbf636465666768696a,x64f48fbfbf636465666768696a,x6161f48fbfbf6465666768696a,x6162f48fbfbff48fbfbf65666768696a,x6163f48fbfbf65666768696a,x616262f48fbfbf65666768696a,x616263f48fbfbff48fbfbf666768696a,x6160f48fbfbf6465666768696a,x6161606465666768696a,x6161606465666768696a,x6161606465666768696a,x79f48fbfbf636465666768696a,x70f48fbfbf636465666768696a,x77f48fbfbf636465666768696a,x7878636465666768696a,x7879636465666768696a,x7879636465666768696a,x61626363f48fbfbf666768696a,x61626464f48fbfbf666768696a,x616363f48fbfbf65666768696a,x63636465666768696a,x62606465666768696a,x6261f48fbfbf636465666768696a,x6161616465666768696a,x6162616165666768696a,x6162626065666768696a,x626161636465666768696a,x666f636465666768696a,x626171636465666768696a,x626179636465666768696a,x666e636465666768696a,x666f636465666768696a,x666f636465666768696a,x696e636465666768696a,x7369636465666768696a,x6179f48fbfbf6465666768696a,x6120796465666768696a,x617a706465666768696a,x716179636465666768696a,x30f48fbfbf636465666768696a,x34f48fbfbf636465666768696a,x38f48fbfbf636465666768696a,x312f636465666768696a,x3030636465666768696a,x3034636465666768696a,x302f636465666768696a,x3136636465666768696a,x312f636465666768696a,x312f636465666768696a,x352f636465666768696a,x352f636465666768696a,x3034636465666768696a,x3938636465666768696a,x3036636465666768696a,x36f48fbfbf636465666768696a,x3131636465666768696a,x3030636465666768696a,x7175636465666768696a,x5154636465666768696a,x5174636465666768696a,x5175636465666768696a,x4af48fbfbf636465666768696a,x6af48fbfbf636465666768696a,xe284a9f48fbfbf636465666768696a,x52f48fbfbf636465666768696a,x72f48fbfbf636465666768696a,xc5bef48fbfbf636465666768696a,xcea2f48fbfbf636465666768696a,xcf82f48fbfbf636465666768696a,xcf81f48fbfbf636465666768696a,xc783f48fbfbf636465666768696a,xc784f48fbfbf636465666768696a,xc785f48fbfbf636465666768696a,x7374636465666768696a,x5353636465666768696a,x5374636465666768696a,xc3a8f48fbfbf636465666768696a,xc3a9c3a8636465666768696a,xc388f48fbfbf636465666768696a,xe697a5e69cac636465666768696a,xe697a5e69cab636465666768696a,xf09f97bff48fbfbf636465666768696a,xf09f9880f09f97bf636465666768696a,xf09f9880f48fbfbf636465666768696a,xf09f9882f09f9882636465666768696a,x08f48fbfbf636465666768696a,x1ff48fbfbf636465666768696a,x5ef48fbfbf636465666768696a,x2cf48fbfbf636465666768696a,x5bf48fbfbf636465666768696a,x2df48fbfbf636465666768696a,x7175636465666768696a,x7e60636465666768696a,x6126616465666768696a,x22f48fbfbf636465666768696a,x3ff48fbfbf636465666768696a,x3c30636465666768696a,x617e616465666768696a,x4865636465666768696a,x6865636465666768696a,x4844636465666768696a,x6b52636465666768696a,x4b52636465666768696a,xe284aa72636465666768696a,x616263696e666768696a,x612e616465666768696a,x617bf48fbfbf6465666768696a,x2a60636465666768696a,x3ef48fbfbf636465666768696a,x6865636465666768696a,x636173636465666768696a,x636174636465666768696a,x646f636465666768696a,x646f636465666768696a,x6360636465666768696a,x60f48fbfbf636465666768696a,x60f48fbfbf636465666768696a,null,x6164f48fbfbf6465666768696a,x616364f48fbfbf666768696a,x61626564f48fbfbf666768696a,x7879636465666768696a,xc3bef48fbfbf636465666768696a,x6162636465666768696a,x786162636465666768696a,x616162636465666768696a,x62636465666768696a,x7862636465666768696a,x6261636465666768696a,x617862636465666768696a,x61636465666768696a,x6178636465666768696a,x6163626465666768696a,x616278636465666768696a,x616261636465666768696a,x61626465666768696a,x6162786465666768696a,x6162646365666768696a,x616263786465666768696a,x616263616465666768696a,x61626365666768696a,x6162637865666768696a,x6162636564666768696a,x616263647865666768696a,x616263646165666768696a,x61626364666768696a,x6162636478666768696a,x6162636466656768696a,x616263646578666768696a,x616263646561666768696a,x61626364656768696a,x6162636465786768696a,x6162636465676668696a,x616263646566786768696a,x616263646566616768696a,x61626364656668696a,x6162636465667868696a,x6162636465666867696a,x616263646566677868696a,x616263646566676168696a,x61626364656667696a,x6162636465666778696a,x6162636465666769686a,x616263646566676878696a,x616263646566676861696a,x61626364656667686a,x6162636465666768786a,x61626364656667686a69,x616263646566676869786a,x616263646566676869616a,x616263646566676869,x61626364656667686978,x6162636465666768696a78,x6162636465666768696a61,x636465666768696a,x6465636465666768696a,x78786162636465666768696a,x7878636465666768696a,x6162636465666768696a7979,x6261636465666768696a
CASE	lev	abcdefghij	2	1	
probes	57	abcdefghij	xabcdefghij	aabcdefghij	bcdefghij	xbcdefghij	bacdefghij	axbcdefghij	acdefghij	axcdefghij	acbdefghij	abxcdefghij	abacdefghij	abdefghij	abxdefghij	abdcefghij	abcxdefghij	abcadefghij	abcefghij	abcxefghij	abcedfghij	abcdxefghij	abcdaefghij	abcdfghij	abcdxfghij	abcdfeghij	abcdexfghij	abcdeafghij	abcdeghij	abcdexghij	abcdegfhij	abcdefxghij	abcdefaghij	abcdefhij	abcdefxhij	abcdefhgij	abcdefgxhij	abcdefgahij	abcdefgij	abcdefgxij	abcdefgihj	abcdefghxij	abcdefghaij	abcdefghj	abcdefghxj	abcdefghji	abcdefghixj	abcdefghiaj	abcdefghi	abcdefghix	abcdefghijx	abcdefghija	cdefghij	defghij	xxabcdefghij	xxxabcdefghij	abcdefghijyy	bacdefghijx
raw	139	550	1
flags	0	0	0	1
nfarun	0000000000000000000000000000000000000000000000000000000000000000000000000000000000000000000000000000000000000000000000000000000111111111111111111111111111111111111111111111111111101011
compiled	NORMAL	-	-	-1	0	0	0000000000000000000000000000000000000000000000000000000000000000000000000000000000000000000000000000000000000000000000000000000111111111111111111111111111111111111111111111111111101011
compiled_floor	null,x60f48fbfbf636465666768696a,x61f48fbfbff48fbfbf6465666768696a,x62f48fbfbf6465666768696a,x63f48fbfbf636465666768696a,x64f48fbfbf636465666768696a,x6161f48fbfbf6465666768696a,x6162f48fbfbff48fbfbf65666768696a,x6163f48fbfbf65666768696a,x616262f48fbfbf65666768696a,x616263f48fbfbff48fbfbf666768696a,x6160f48fbfbf6465666768696a,x6161606465666768696a,x6161606465666768696a,x6161606465666768696a,x79f48fbfbf636465666768696a,x70f48fbfbf636465666768696a,x77f48fbfbf636465666768696a,x7878636465666768696a,x7879636465666768696a,x7879636465666768696a,x61626363f48fbfbf666768696a,x61626464f48fbfbf666768696a,x616363f48fbfbf65666768696a,x63636465666768696a,x62606465666768696a,x6261f48fbfbf6465666768696a,x6161616465666768696a,x6162616165666768696a,x6162626065666768696a,x6261616465666768696a,x666f636465666768696a,x6261716465666768696a,x6261796465666768696a,x666e636465666768696a,x666f636465666768696a,x666f636465666768696a,x696e636465666768696a,x7369636465666768696a,x6179f48fbfbf6465666768696a,x6120796465666768696a,x617a706465666768696a,x716179636465666768696a,x30f48fbfbf636465666768696a,x34f48fbfbf636465666768696a,x38f48fbfbf636465666768696a,x312f636465666768696a,x3030636465666768696a,x3034636465666768696a,x302f636465666768696a,x3136636465666768696a,x312f636465666768696a,x312f636465666768696a,x352f636465666768696a,x352f636465666768696a,x3034636465666768696a,x3938636465666768696a,x3036636465666768696a,x36f48fbfbf636465666768696a,x3131636465666768696a,x3030636465666768696a,x7175636465666768696a,x5154636465666768696a,x5174636465666768696a,x5175636465666768696a,x4af48fbfbf636465666768696a,x6af48fbfbf636465666768696a,xe284a9f48fbfbf636465666768696a,x52f48fbfbf636465666768696a,x72f48fbfbf636465666768696a,xc5bef48fbfbf636465666768696a,xcea2f48fbfbf636465666768696a,xcf82f48fbfbf636465666768696a,xcf81f48fbfbf636465666768696a,xc783f48fbfbf636465666768696a,xc784f48fbfbf636465666768696a,xc785f48fbfbf636465666768696a,x7374636465666768696a,x5353636465666768696a,x5374636465666768696a,xc3a8f48fbfbf636465666768696a,xc3a9c3a8636465666768696a,xc388f48fbfbf636465666768696a,xe697a5e69cac636465666768696a,xe697a5e69cab636465666768696a,xf09f97bff48fbfbf636465666768696a,xf09f9880f09f97bf636465666768696a,xf09f9880f48fbfbf636465666768696a,xf09f9882f09f9882636465666768696a,x08f48fbfbf636465666768696a,x1ff48fbfbf636465666768696a,x5ef48fbfbf636465666768696a,x2cf48fbfbf636465666768696a,x5bf48fbfbf636465666768696a,x2df48fbfbf636465666768696a,x7175636465666768696a,x7e60636465666768696a,x6126616465666768696a,x22f48fbfbf636465666768696a,x3ff48fbfbf636465666768696a,x3c30636465666768696a,x617e616465666768696a,x4865636465666768696a,x6865636465666768696a,x4844636465666768696a,x6b52636465666768696a,x4b52636465666768696a,xe284aa72636465666768696a,x616263696e666768696a,x612e616465666768696a,x617bf48fbfbf6465666768696a,x2a60636465666768696a,x3ef48fbfbf636465666768696a,x6865636465666768696a,x636173636465666768696a,x636174636465666768696a,x646f636465666768696a,x646f636465666768696a,x6360636465666768696a,x60f48fbfbf636465666768696a,x60f48fbfbf636465666768696a,null,x6164f48fbfbf6465666768696a,x616364f48fbfbf666768696a,x61626564f48fbfbf666768696a,x7879636465666768696a,xc3bef48fbfbf636465666768696a,x6162636465666768696a,x786162636465666768696a,x616162636465666768696a,x62636465666768696a,x7862636465666768696a,x6261636465666768696a,x617862636465666768696a,x61636465666768696a,x6178636465666768696a,x6163626465666768696a,x616278636465666768696a,x616261636465666768696a,x61626465666768696a,x6162786465666768696a,x6162646365666768696a,x616263786465666768696a,x616263616465666768696a,x61626365666768696a,x6162637865666768696a,x6162636564666768696a,x616263647865666768696a,x616263646165666768696a,x61626364666768696a,x6162636478666768696a,x6162636466656768696a,x616263646578666768696a,x616263646561666768696a,x61626364656768696a,x6162636465786768696a,x6162636465676668696a,x616263646566786768696a,x616263646566616768696a,x61626364656668696a,x6162636465667868696a,x6162636465666867696a,x616263646566677868696a,x616263646566676168696a,x61626364656667696a,x6162636465666778696a,x6162636465666769686a,x616263646566676878696a,x616263646566676861696a,x61626364656667686a,x6162636465666768786a,x61626364656667686a69,x616263646566676869786a,x616263646566676869616a,x616263646566676869,x61626364656667686978,x6162636465666768696a78,x6162636465666768696a61,x636465666768696a,x6465636465666768696a,x78786162636465666768696a,x7878636465666768696a,x6162636465666768696a7979,x6261636465666768696a78
det	139	550	1
min	137	542
run	0000000000000000000000000000000000000000000000000000000000000000000000000000000000000000000000000000000000000000000000000000000111111111111111111111111111111111111111111111111111101011
charrun	0000000000000000000000000000000000000000000000000000000000000000000000000000000000000000000000000000000000000000000000000000000111111111111111111111111111111111111111111111111111101011
prefix	
singleton	null
strings	50	\u{0}\u{0}abcdefghij	\u{0}\u{0}bcdefghij	\u{0}\u{0}cdefghij	\u{0}\u{1}abcdefghij	\u{0}\u{1}bcdefghij	\u{0}\u{1}cdefghij	\u{0}\u{2}abcdefghij	\u{0}\u{2}bcdefghij	\u{0}\u{2}cdefghij	\u{0}\u{3}abcdefghij	\u{0}\u{3}bcdefghij	\u{0}\u{3}cdefghij	\u{0}\u{4}abcdefghij	\u{0}\u{4}bcdefghij	\u{0}\u{4}cdefghij	\u{0}\u{5}abcdefghij	\u{0}\u{5}bcdefghij	\u{0}\u{5}cdefghij	\u{0}\u{6}abcdefghij	\u{0}\u{6}bcdefghij	\u{0}\u{6}cdefghij	\u{0}\u{7}abcdefghij	\u{0}\u{7}bcdefghij	\u{0}\u{7}cdefghij	\u{0}\u{8}abcdefghij	\u{0}\u{8}bcdefghij	\u{0}\u{8}cdefghij	\u{0}\u{9}abcdefghij	\u{0}\u{9}bcdefghij	\u{0}\u{9}cdefghij	\u{0}\u{a}abcdefghij	\u{0}\u{a}bcdefghij	\u{0}\u{a}cdefghij	\u{0}\u{b}abcdefghij	\u{0}\u{b}bcdefghij	\u{0}\u{b}cdefghij	\u{0}\u{c}abcdefghij	\u{0}\u{c}bcdefghij	\u{0}\u{c}cdefghij	\u{0}\u{d}abcdefghij	\u{0}\u{d}bcdefghij	\u{0}\u{d}cdefghij	\u{0}\u{e}abcdefghij	\u{0}\u{e}bcdefghij	\u{0}\u{e}cdefghij	\u{0}\u{f}abcdefghij	\u{0}\u{f}bcdefghij	\u{0}\u{f}cdefghij	\u{0}\u{10}abcdefghij	\u{0}\u{10}bcdefghij
compiled_det	NORMAL	-	-	-1	0	0	0000000000000000000000000000000000000000000000000000000000000000000000000000000000000000000000000000000000000000000000000000000111111111111111111111111111111111111111111111111111101011
compiled_det_floor	null,x60f48fbfbf636465666768696a,x61f48fbfbff48fbfbf6465666768696a,x62f48fbfbf6465666768696a,x63f48fbfbf636465666768696a,x64f48fbfbf636465666768696a,x6161f48fbfbf6465666768696a,x6162f48fbfbff48fbfbf65666768696a,x6163f48fbfbf65666768696a,x616262f48fbfbf65666768696a,x616263f48fbfbff48fbfbf666768696a,x6160f48fbfbf6465666768696a,x6161606465666768696a,x6161606465666768696a,x6161606465666768696a,x79f48fbfbf636465666768696a,x70f48fbfbf636465666768696a,x77f48fbfbf636465666768696a,x7878636465666768696a,x7879636465666768696a,x7879636465666768696a,x61626363f48fbfbf666768696a,x61626464f48fbfbf666768696a,x616363f48fbfbf65666768696a,x63636465666768696a,x62606465666768696a,x6261f48fbfbf6465666768696a,x6161616465666768696a,x6162616165666768696a,x6162626065666768696a,x6261616465666768696a,x666f636465666768696a,x6261716465666768696a,x6261796465666768696a,x666e636465666768696a,x666f636465666768696a,x666f636465666768696a,x696e636465666768696a,x7369636465666768696a,x6179f48fbfbf6465666768696a,x6120796465666768696a,x617a706465666768696a,x716179636465666768696a,x30f48fbfbf636465666768696a,x34f48fbfbf636465666768696a,x38f48fbfbf636465666768696a,x312f636465666768696a,x3030636465666768696a,x3034636465666768696a,x302f636465666768696a,x3136636465666768696a,x312f636465666768696a,x312f636465666768696a,x352f636465666768696a,x352f636465666768696a,x3034636465666768696a,x3938636465666768696a,x3036636465666768696a,x36f48fbfbf636465666768696a,x3131636465666768696a,x3030636465666768696a,x7175636465666768696a,x5154636465666768696a,x5174636465666768696a,x5175636465666768696a,x4af48fbfbf636465666768696a,x6af48fbfbf636465666768696a,xe284a9f48fbfbf636465666768696a,x52f48fbfbf636465666768696a,x72f48fbfbf636465666768696a,xc5bef48fbfbf636465666768696a,xcea2f48fbfbf636465666768696a,xcf82f48fbfbf636465666768696a,xcf81f48fbfbf636465666768696a,xc783f48fbfbf636465666768696a,xc784f48fbfbf636465666768696a,xc785f48fbfbf636465666768696a,x7374636465666768696a,x5353636465666768696a,x5374636465666768696a,xc3a8f48fbfbf636465666768696a,xc3a9c3a8636465666768696a,xc388f48fbfbf636465666768696a,xe697a5e69cac636465666768696a,xe697a5e69cab636465666768696a,xf09f97bff48fbfbf636465666768696a,xf09f9880f09f97bf636465666768696a,xf09f9880f48fbfbf636465666768696a,xf09f9882f09f9882636465666768696a,x08f48fbfbf636465666768696a,x1ff48fbfbf636465666768696a,x5ef48fbfbf636465666768696a,x2cf48fbfbf636465666768696a,x5bf48fbfbf636465666768696a,x2df48fbfbf636465666768696a,x7175636465666768696a,x7e60636465666768696a,x6126616465666768696a,x22f48fbfbf636465666768696a,x3ff48fbfbf636465666768696a,x3c30636465666768696a,x617e616465666768696a,x4865636465666768696a,x6865636465666768696a,x4844636465666768696a,x6b52636465666768696a,x4b52636465666768696a,xe284aa72636465666768696a,x616263696e666768696a,x612e616465666768696a,x617bf48fbfbf6465666768696a,x2a60636465666768696a,x3ef48fbfbf636465666768696a,x6865636465666768696a,x636173636465666768696a,x636174636465666768696a,x646f636465666768696a,x646f636465666768696a,x6360636465666768696a,x60f48fbfbf636465666768696a,x60f48fbfbf636465666768696a,null,x6164f48fbfbf6465666768696a,x616364f48fbfbf666768696a,x61626564f48fbfbf666768696a,x7879636465666768696a,xc3bef48fbfbf636465666768696a,x6162636465666768696a,x786162636465666768696a,x616162636465666768696a,x62636465666768696a,x7862636465666768696a,x6261636465666768696a,x617862636465666768696a,x61636465666768696a,x6178636465666768696a,x6163626465666768696a,x616278636465666768696a,x616261636465666768696a,x61626465666768696a,x6162786465666768696a,x6162646365666768696a,x616263786465666768696a,x616263616465666768696a,x61626365666768696a,x6162637865666768696a,x6162636564666768696a,x616263647865666768696a,x616263646165666768696a,x61626364666768696a,x6162636478666768696a,x6162636466656768696a,x616263646578666768696a,x616263646561666768696a,x61626364656768696a,x6162636465786768696a,x6162636465676668696a,x616263646566786768696a,x616263646566616768696a,x61626364656668696a,x6162636465667868696a,x6162636465666867696a,x616263646566677868696a,x616263646566676168696a,x61626364656667696a,x6162636465666778696a,x6162636465666769686a,x616263646566676878696a,x616263646566676861696a,x61626364656667686a,x6162636465666768786a,x61626364656667686a69,x616263646566676869786a,x616263646566676869616a,x616263646566676869,x61626364656667686978,x6162636465666768696a78,x6162636465666768696a61,x636465666768696a,x6465636465666768696a,x78786162636465666768696a,x7878636465666768696a,x6162636465666768696a7979,x6261636465666768696a78
CASE	lev	abcdefghij	3	0	
probes	57	abcdefghij	xabcdefghij	aabcdefghij	bcdefghij	xbcdefghij	bacdefghij	axbcdefghij	acdefghij	axcdefghij	acbdefghij	abxcdefghij	abacdefghij	abdefghij	abxdefghij	abdcefghij	abcxdefghij	abcadefghij	abcefghij	abcxefghij	abcedfghij	abcdxefghij	abcdaefghij	abcdfghij	abcdxfghij	abcdfeghij	abcdexfghij	abcdeafghij	abcdeghij	abcdexghij	abcdegfhij	abcdefxghij	abcdefaghij	abcdefhij	abcdefxhij	abcdefhgij	abcdefgxhij	abcdefgahij	abcdefgij	abcdefgxij	abcdefgihj	abcdefghxij	abcdefghaij	abcdefghj	abcdefghxj	abcdefghji	abcdefghixj	abcdefghiaj	abcdefghi	abcdefghix	abcdefghijx	abcdefghija	cdefghij	defghij	xxabcdefghij	xxxabcdefghij	abcdefghijyy	bacdefghijx
lev	null
CASE	lev	abcdefghij	3	1	
probes	57	abcdefghij	xabcdefghij	aabcdefghij	bcdefghij	xbcdefghij	bacdefghij	axbcdefghij	acdefghij	axcdefghij	acbdefghij	abxcdefghij	abacdefghij	abdefghij	abxdefghij	abdcefghij	abcxdefghij	abcadefghij	abcefghij	abcxefghij	abcedfghij	abcdxefghij	abcdaefghij	abcdfghij	abcdxfghij	abcdfeghij	abcdexfghij	abcdeafghij	abcdeghij	abcdexghij	abcdegfhij	abcdefxghij	abcdefaghij	abcdefhij	abcdefxhij	abcdefhgij	abcdefgxhij	abcdefgahij	abcdefgij	abcdefgxij	abcdefgihj	abcdefghxij	abcdefghaij	abcdefghj	abcdefghxj	abcdefghji	abcdefghixj	abcdefghiaj	abcdefghi	abcdefghix	abcdefghijx	abcdefghija	cdefghij	defghij	xxabcdefghij	xxxabcdefghij	abcdefghijyy	bacdefghijx
lev	null
CASE	lev	abc	1	0	pre
probes	44	abc	preabc	xabc	prexabc	aabc	preaabc	bc	prebc	xbc	prexbc	bac	prebac	axbc	preaxbc	ac	preac	axc	preaxc	acb	preacb	abxc	preabxc	abac	preabac	ab	preab	abx	preabx	abcx	preabcx	abca	preabca	c	prec		pre	xxabc	prexxabc	xxxabc	prexxxabc	abcyy	preabcyy	bacx	prebacx
raw	15	27	1
rawdump	N,1/112/112;N,2/114/114;N,3/101/101;N,10/0/96,4/97/97,13/98/98,10/99/1114111;N,11/0/97,5/98/98,14/99/99,11/100/1114111;A,12/0/98,6/99/99,12/100/1114111;A,9/0/1114111;N,8/98/98;N,9/99/99;A;N,7/97/97,8/98/98;N,8/98/98,9/99/99;A,9/99/99;N,7/97/97,8/98/98,9/99/99;A,8/98/98,9/99/99
flags	0	0	0	1
nfarun	000000000000000000000000000000000000000000000000000000000000000000000000000000000000000000000000000000000000000000000000000000001010101010001010100010101010101000000000000
compiled	NORMAL	-	-	-1	0	0	000000000000000000000000000000000000000000000000000000000000000000000000000000000000000000000000000000000000000000000000000000001010101010001010100010101010101000000000000
compiled_floor	null,null,null,null,null,null,null,null,null,null,null,null,null,null,null,x707265f48fbfbf6263,x707265f48fbfbf6263,x707265f48fbfbf6263,x707265f48fbfbf6263,x707265f48fbfbf6263,x707265f48fbfbf6263,null,null,null,null,null,null,null,null,null,null,null,null,null,null,null,null,null,x707265f48fbfbf6263,null,null,null,x707265f48fbfbf6263,null,null,null,null,null,null,null,null,null,null,null,null,null,null,null,null,null,null,x707265f48fbfbf6263,null,null,null,null,null,x707265f48fbfbf6263,null,x707265f48fbfbf6263,x707265f48fbfbf6263,x707265f48fbfbf6263,x707265f48fbfbf6263,x707265f48fbfbf6263,x707265f48fbfbf6263,x707265f48fbfbf6263,x707265f48fbfbf6263,x707265f48fbfbf6263,null,null,x707265f48fbfbf6263,x707265f48fbfbf6263,x707265f48fbfbf6263,x707265f48fbfbf6263,x707265f48fbfbf6263,x707265f48fbfbf6263,x707265f48fbfbf6263,x707265f48fbfbf6263,x707265f48fbfbf6263,null,null,null,null,null,null,x707265f48fbfbf6263,x707265f48fbfbf6263,null,null,null,null,null,null,null,null,null,null,x707265f48fbfbf6263,null,null,null,null,null,null,null,null,null,null,null,null,null,null,null,null,null,x707265f48fbfbf6263,x707265f48fbfbf6263,null,x707265616263,x707265f48fbfbf6263,x70726578616263,null,x70726561616263,null,x7072656263,x707265f48fbfbf6263,x707265786263,null,x70726562616263,null,x70726561786263,null,x7072656163,null,x707265617863,null,x7072656163,null,x70726561627863,null,x70726561626163,null,x7072656162,null,x707265616278,null,x70726561626378,null,x70726561626361,null,x7072656263,null,null,x707265f48fbfbf6263,x707265786263,x707265f48fbfbf6263,x707265786263,null,x70726561626379,null,x70726562616263
det	15	27	1
detdump	N,1/112/112;N,2/114/114;N,3/101/101;N,10/0/96,4/97/97,13/98/98,10/99/1114111;N,11/0/97,5/98/98,14/99/99,11/100/1114111;A,12/0/98,6/99/99,12/100/1114111;A,9/0/1114111;N,8/98/98;N,9/99/99;A;N,7/97/97,8/98/98;N,8/98/98,9/99/99;A,9/99/99;N,7/97/97,8/98/98,9/99/99;A,8/98/98,9/99/99
min	15	27
run	000000000000000000000000000000000000000000000000000000000000000000000000000000000000000000000000000000000000000000000000000000001010101010001010100010101010101000000000000
charrun	000000000000000000000000000000000000000000000000000000000000000000000000000000000000000000000000000000000000000000000000000000001010101010001010100010101010101000000000000
prefix	pre
singleton	null
topo	0,1,2,3,13,4,14,5,6,12,11,10,7,8,9
strings	50	pre\u{0}abc	pre\u{0}bc	pre\u{1}abc	pre\u{1}bc	pre\u{2}abc	pre\u{2}bc	pre\u{3}abc	pre\u{3}bc	pre\u{4}abc	pre\u{4}bc	pre\u{5}abc	pre\u{5}bc	pre\u{6}abc	pre\u{6}bc	pre\u{7}abc	pre\u{7}bc	pre\u{8}abc	pre\u{8}bc	pre\u{9}abc	pre\u{9}bc	pre\u{a}abc	pre\u{a}bc	pre\u{b}abc	pre\u{b}bc	pre\u{c}abc	pre\u{c}bc	pre\u{d}abc	pre\u{d}bc	pre\u{e}abc	pre\u{e}bc	pre\u{f}abc	pre\u{f}bc	pre\u{10}abc	pre\u{10}bc	pre\u{11}abc	pre\u{11}bc	pre\u{12}abc	pre\u{12}bc	pre\u{13}abc	pre\u{13}bc	pre\u{14}abc	pre\u{14}bc	pre\u{15}abc	pre\u{15}bc	pre\u{16}abc	pre\u{16}bc	pre\u{17}abc	pre\u{17}bc	pre\u{18}abc	pre\u{18}bc
compiled_det	NORMAL	-	-	-1	0	0	000000000000000000000000000000000000000000000000000000000000000000000000000000000000000000000000000000000000000000000000000000001010101010001010100010101010101000000000000
compiled_det_floor	null,null,null,null,null,null,null,null,null,null,null,null,null,null,null,x707265f48fbfbf6263,x707265f48fbfbf6263,x707265f48fbfbf6263,x707265f48fbfbf6263,x707265f48fbfbf6263,x707265f48fbfbf6263,null,null,null,null,null,null,null,null,null,null,null,null,null,null,null,null,null,x707265f48fbfbf6263,null,null,null,x707265f48fbfbf6263,null,null,null,null,null,null,null,null,null,null,null,null,null,null,null,null,null,null,x707265f48fbfbf6263,null,null,null,null,null,x707265f48fbfbf6263,null,x707265f48fbfbf6263,x707265f48fbfbf6263,x707265f48fbfbf6263,x707265f48fbfbf6263,x707265f48fbfbf6263,x707265f48fbfbf6263,x707265f48fbfbf6263,x707265f48fbfbf6263,x707265f48fbfbf6263,null,null,x707265f48fbfbf6263,x707265f48fbfbf6263,x707265f48fbfbf6263,x707265f48fbfbf6263,x707265f48fbfbf6263,x707265f48fbfbf6263,x707265f48fbfbf6263,x707265f48fbfbf6263,x707265f48fbfbf6263,null,null,null,null,null,null,x707265f48fbfbf6263,x707265f48fbfbf6263,null,null,null,null,null,null,null,null,null,null,x707265f48fbfbf6263,null,null,null,null,null,null,null,null,null,null,null,null,null,null,null,null,null,x707265f48fbfbf6263,x707265f48fbfbf6263,null,x707265616263,x707265f48fbfbf6263,x70726578616263,null,x70726561616263,null,x7072656263,x707265f48fbfbf6263,x707265786263,null,x70726562616263,null,x70726561786263,null,x7072656163,null,x707265617863,null,x7072656163,null,x70726561627863,null,x70726561626163,null,x7072656162,null,x707265616278,null,x70726561626378,null,x70726561626361,null,x7072656263,null,null,x707265f48fbfbf6263,x707265786263,x707265f48fbfbf6263,x707265786263,null,x70726561626379,null,x70726562616263
CASE	lev	abc	2	1	pre
probes	44	abc	preabc	xabc	prexabc	aabc	preaabc	bc	prebc	xbc	prexbc	bac	prebac	axbc	preaxbc	ac	preac	axc	preaxc	acb	preacb	abxc	preabxc	abac	preabac	ab	preab	abx	preabx	abcx	preabcx	abca	preabca	c	prec		pre	xxabc	prexxabc	xxxabc	prexxxabc	abcyy	preabcyy	bacx	prebacx
raw	30	81	1
rawdump	N,1/112/112;N,2/114/114;N,3/101/101;N,13/0/96,4/97/97,23/98/98,27/99/99,13/100/1114111;A,14/0/97,5/98/98,24/99/99,14/100/1114111;A,15/0/98,6/99/99,15/100/1114111;A,9/0/1114111;N,16/0/97,8/98/98,25/99/99,16/100/1114111;A,17/0/98,9/99/99,17/100/1114111;A,12/0/1114111;N,11/98/98;N,12/99/99;A;N,18/0/96,7/97/97,20/98/98,29/99/99,18/100/1114111;A,19/0/97,8/98/98,21/99/99,19/100/1114111;A,17/0/98,9/99/99,17/100/1114111;N,11/98/98,12/99/99;A,12/99/99;N,10/97/97,11/98/98,12/99/99;A,11/98/98,12/99/99;A,17/0/96,19/97/97,17/98/98,9/99/99,17/100/1114111;A,12/0/97,17/98/98,12/99/1114111;A,11/98/98;A,26/0/96,14/97/97,20/98/98,28/99/99,26/100/1114111;A,19/0/97,15/98/98,21/99/99,19/100/1114111;A,17/98/98,12/99/99;A,10/97/97,11/98/98,12/99/99;A,18/0/96,7/97/97,20/98/98,29/99/99,18/100/1114111;A,12/0/96,22/97/97,17/98/98,12/99/1114111;A,10/97/97,17/98/98,12/99/99
flags	0	0	0	1
nfarun	000000000000000000000000000000000000000000000000000000000000000000000000000000000000000000000000000000000000000000000000000000001010101010101010101010101010101010001000101
compiled	NORMAL	-	-	-1	0	0	000000000000000000000000000000000000000000000000000000000000000000000000000000000000000000000000000000000000000000000000000000001010101010101010101010101010101010001000101
compiled_floor	null,null,null,null,null,null,null,null,null,null,null,null,null,null,null,x707265f48fbfbff48fbfbf63,x707265f48fbfbff48fbfbf63,x707265f48fbfbff48fbfbf63,x707265f48fbfbff48fbfbf63,x707265f48fbfbff48fbfbf63,x707265f48fbfbff48fbfbf63,null,null,null,null,null,null,null,null,null,null,null,null,null,null,null,null,null,x707265f48fbfbff48fbfbf63,null,null,null,x707265f48fbfbff48fbfbf63,null,null,null,null,null,null,null,null,null,null,null,null,null,null,null,null,null,null,x707265f48fbfbff48fbfbf63,null,null,null,null,null,x707265f48fbfbff48fbfbf63,null,x707265f48fbfbff48fbfbf63,x707265f48fbfbff48fbfbf63,x707265f48fbfbff48fbfbf63,x707265f48fbfbff48fbfbf63,x707265f48fbfbff48fbfbf63,x707265f48fbfbff48fbfbf63,x707265f48fbfbff48fbfbf63,x707265f48fbfbff48fbfbf63,x707265f48fbfbff48fbfbf63,null,null,x707265f48fbfbff48fbfbf63,x707265f48fbfbff48fbfbf63,x707265f48fbfbff48fbfbf63,x707265f48fbfbff48fbfbf63,x707265f48fbfbff48fbfbf63,x707265f48fbfbff48fbfbf63,x707265f48fbfbff48fbfbf63,x707265f48fbfbff48fbfbf63,x707265f48fbfbff48fbfbf63,null,null,null,null,null,null,x707265f48fbfbff48fbfbf63,x707265f48fbfbff48fbfbf63,null,null,null,null,null,null,null,null,null,null,x707265f48fbfbff48fbfbf63,null,null,null,null,null,null,null,null,null,null,null,null,null,null,null,null,null,x707265f48fbfbff48fbfbf63,x707265f48fbfbff48fbfbf63,null,x707265616263,x707265f48fbfbff48fbfbf63,x70726578616263,null,x70726561616263,null,x7072656263,x707265f48fbfbff48fbfbf63,x707265786263,null,x707265626163,null,x70726561786263,null,x7072656163,null,x707265617863,null,x707265616362,null,x70726561627863,null,x70726561626163,null,x7072656162,null,x707265616278,null,x70726561626378,null,x70726561626361,null,x70726563,null,null,x707265f48fbfbff48fbfbf63,x7072657878616263,x707265f48fbfbff48fbfbf63,x707265787863,null,x7072656162637979,null,x70726562616378
det	30	81	1
detdump	N,1/112/112;N,2/114/114;N,3/101/101;N,13/0/96,4/97/97,23/98/98,27/99/99,13/100/1114111;A,14/0/97,5/98/98,24/99/99,14/100/1114111;A,15/0/98,6/99/99,15/100/1114111;A,9/0/1114111;N,16/0/97,8/98/98,25/99/99,16/100/1114111;A,17/0/98,9/99/99,17/100/1114111;A,12/0/1114111;N,11/98/98;N,12/99/99;A;N,18/0/96,7/97/97,20/98/98,29/99/99,18/100/1114111;A,19/0/97,8/98/98,21/99/99,19/100/1114111;A,17/0/98,9/99/99,17/100/1114111;N,11/98/98,12/99/99;A,12/99/99;N,10/97/97,11/98/98,12/99/99;A,11/98/98,12/99/99;A,17/0/96,19/97/97,17/98/98,9/99/99,17/100/1114111;A,12/0/97,17/98/98,12/99/1114111;A,11/98/98;A,26/0/96,14/97/97,20/98/98,28/99/99,26/100/1114111;A,19/0/97,15/98/98,21/99/99,19/100/1114111;A,17/98/98,12/99/99;A,10/97/97,11/98/98,12/99/99;A,18/0/96,7/97/97,20/98/98,29/99/99,18/100/1114111;A,12/0/96,22/97/97,17/98/98,12/99/1114111;A,10/97/97,17/98/98,12/99/99
min	28	73
run	000000000000000000000000000000000000000000000000000000000000000000000000000000000000000000000000000000000000000000000000000000001010101010101010101010101010101010001000101
charrun	000000000000000000000000000000000000000000000000000000000000000000000000000000000000000000000000000000000000000000000000000000001010101010101010101010101010101010001000101
prefix	pre
singleton	null
topo	0,1,2,3,27,23,28,22,26,4,24,5,6,15,14,21,13,29,20,19,7,25,8,9,17,16,18,10,11,12
strings	50	pre\u{0}\u{0}abc	pre\u{0}\u{0}bc	pre\u{0}\u{0}c	pre\u{0}\u{1}abc	pre\u{0}\u{1}bc	pre\u{0}\u{1}c	pre\u{0}\u{2}abc	pre\u{0}\u{2}bc	pre\u{0}\u{2}c	pre\u{0}\u{3}abc	pre\u{0}\u{3}bc	pre\u{0}\u{3}c	pre\u{0}\u{4}abc	pre\u{0}\u{4}bc	pre\u{0}\u{4}c	pre\u{0}\u{5}abc	pre\u{0}\u{5}bc	pre\u{0}\u{5}c	pre\u{0}\u{6}abc	pre\u{0}\u{6}bc	pre\u{0}\u{6}c	pre\u{0}\u{7}abc	pre\u{0}\u{7}bc	pre\u{0}\u{7}c	pre\u{0}\u{8}abc	pre\u{0}\u{8}bc	pre\u{0}\u{8}c	pre\u{0}\u{9}abc	pre\u{0}\u{9}bc	pre\u{0}\u{9}c	pre\u{0}\u{a}abc	pre\u{0}\u{a}bc	pre\u{0}\u{a}c	pre\u{0}\u{b}abc	pre\u{0}\u{b}bc	pre\u{0}\u{b}c	pre\u{0}\u{c}abc	pre\u{0}\u{c}bc	pre\u{0}\u{c}c	pre\u{0}\u{d}abc	pre\u{0}\u{d}bc	pre\u{0}\u{d}c	pre\u{0}\u{e}abc	pre\u{0}\u{e}bc	pre\u{0}\u{e}c	pre\u{0}\u{f}abc	pre\u{0}\u{f}bc	pre\u{0}\u{f}c	pre\u{0}\u{10}abc	pre\u{0}\u{10}bc
compiled_det	NORMAL	-	-	-1	0	0	000000000000000000000000000000000000000000000000000000000000000000000000000000000000000000000000000000000000000000000000000000001010101010101010101010101010101010001000101
compiled_det_floor	null,null,null,null,null,null,null,null,null,null,null,null,null,null,null,x707265f48fbfbff48fbfbf63,x707265f48fbfbff48fbfbf63,x707265f48fbfbff48fbfbf63,x707265f48fbfbff48fbfbf63,x707265f48fbfbff48fbfbf63,x707265f48fbfbff48fbfbf63,null,null,null,null,null,null,null,null,null,null,null,null,null,null,null,null,null,x707265f48fbfbff48fbfbf63,null,null,null,x707265f48fbfbff48fbfbf63,null,null,null,null,null,null,null,null,null,null,null,null,null,null,null,null,null,null,x707265f48fbfbff48fbfbf63,null,null,null,null,null,x707265f48fbfbff48fbfbf63,null,x707265f48fbfbff48fbfbf63,x707265f48fbfbff48fbfbf63,x707265f48fbfbff48fbfbf63,x707265f48fbfbff48fbfbf63,x707265f48fbfbff48fbfbf63,x707265f48fbfbff48fbfbf63,x707265f48fbfbff48fbfbf63,x707265f48fbfbff48fbfbf63,x707265f48fbfbff48fbfbf63,null,null,x707265f48fbfbff48fbfbf63,x707265f48fbfbff48fbfbf63,x707265f48fbfbff48fbfbf63,x707265f48fbfbff48fbfbf63,x707265f48fbfbff48fbfbf63,x707265f48fbfbff48fbfbf63,x707265f48fbfbff48fbfbf63,x707265f48fbfbff48fbfbf63,x707265f48fbfbff48fbfbf63,null,null,null,null,null,null,x707265f48fbfbff48fbfbf63,x707265f48fbfbff48fbfbf63,null,null,null,null,null,null,null,null,null,null,x707265f48fbfbff48fbfbf63,null,null,null,null,null,null,null,null,null,null,null,null,null,null,null,null,null,x707265f48fbfbff48fbfbf63,x707265f48fbfbff48fbfbf63,null,x707265616263,x707265f48fbfbff48fbfbf63,x70726578616263,null,x70726561616263,null,x7072656263,x707265f48fbfbff48fbfbf63,x707265786263,null,x707265626163,null,x70726561786263,null,x7072656163,null,x707265617863,null,x707265616362,null,x70726561627863,null,x70726561626163,null,x7072656162,null,x707265616278,null,x70726561626378,null,x70726561626361,null,x70726563,null,null,x707265f48fbfbff48fbfbf63,x7072657878616263,x707265f48fbfbff48fbfbf63,x707265787863,null,x7072656162637979,null,x70726562616378
CASE	lev	kitten	1	1	\u{e9}
probes	70	kitten	\u{e9}kitten	xkitten	\u{e9}xkitten	kkitten	\u{e9}kkitten	itten	\u{e9}itten	xitten	\u{e9}xitten	iktten	\u{e9}iktten	kxitten	\u{e9}kxitten	ktten	\u{e9}ktten	kxtten	\u{e9}kxtten	ktiten	\u{e9}ktiten	kixtten	\u{e9}kixtten	kiktten	\u{e9}kiktten	kiten	\u{e9}kiten	kixten	\u{e9}kixten	kitxten	\u{e9}kitxten	kitkten	\u{e9}kitkten	kitxen	\u{e9}kitxen	kitetn	\u{e9}kitetn	kittxen	\u{e9}kittxen	kittken	\u{e9}kittken	kittn	\u{e9}kittn	kittxn	\u{e9}kittxn	kittne	\u{e9}kittne	kittexn	\u{e9}kittexn	kittekn	\u{e9}kittekn	kitte	\u{e9}kitte	kittex	\u{e9}kittex	kittenx	\u{e9}kittenx	kittenk	\u{e9}kittenk	tten	\u{e9}tten	ten	\u{e9}ten	xxkitten	\u{e9}xxkitten	xxxkitten	\u{e9}xxxkitten	kittenyy	\u{e9}kittenyy	ikttenx	\u{e9}ikttenx
raw	24	53	1
rawdump	N,1/233/233;N,14/0/104,20/105/105,14/106/106,2/107/107,14/108/1114111;N,15/0/104,3/105/105,15/106/115,21/116/116,15/117/1114111;N,16/0/115,4/116/116,16/117/1114111;N,17/0/100,22/101/101,17/102/115,5/116/116,17/117/1114111;N,18/0/100,6/101/101,18/102/109,23/110/110,18/111/1114111;A,19/0/109,7/110/110,19/111/1114111;A,13/0/1114111;N,9/105/105;N,10/116/116;N,11/116/116;N,12/101/101;N,13/110/110;A;N,9/105/105,8/107/107;N,9/105/105,10/116/116;N,17/116/116;N,12/101/101,11/116/116;N,12/101/101,13/110/110;A,13/110/110;N,9/105/105,15/107/107,10/116/116;N,16/105/105,17/116/116;N,12/101/101,13/110/110,18/116/116;A,19/101/101,13/110/110
flags	0	0	0	1
nfarun	00000000000000000000000000000000000000000000000000000000000000000000000000000000000000000000000000000000000000000000000000000000101010101010101010101010101010101010101010101010101010101000000000000
compiled	NORMAL	-	-	-1	0	0	00000000000000000000000000000000000000000000000000000000000000000000000000000000000000000000000000000000000000000000000000000000101010101010101010101010101010101010101010101010101010101000000000000
compiled_floor	null,null,null,null,null,null,null,null,null,null,null,null,null,null,null,null,null,null,null,null,null,null,null,null,null,null,null,null,null,null,null,null,null,null,null,null,null,null,null,null,null,null,null,null,null,null,null,null,null,null,null,null,null,null,null,null,null,null,null,null,null,null,null,null,null,null,null,xc3a9f48fbfbf6b697474656e,null,null,xc3a9f48fbfbf6b697474656e,xc3a9f48fbfbf6b697474656e,xc3a9f48fbfbf6b697474656e,xc3a9f48fbfbf6b697474656e,xc3a9f48fbfbf6b697474656e,xc3a9f48fbfbf6b697474656e,xc3a9f48fbfbf6b697474656e,null,null,null,null,xc3a9c3a86b697474656e,null,xc3a9f48fbfbf6b697474656e,xc3a9f48fbfbf6b697474656e,xc3a9f48fbfbf6b697474656e,xc3a9f48fbfbf6b697474656e,xc3a9f48fbfbf6b697474656e,xc3a9f48fbfbf6b697474656e,null,null,null,null,null,null,null,null,null,null,null,null,null,null,null,null,null,null,xc3a9f48fbfbf6b697474656e,null,null,null,null,null,null,null,null,null,null,null,null,null,null,null,null,null,null,xc3a9f48fbfbf6b697474656e,null,xc3a96b697474656e,null,xc3a9786b697474656e,null,xc3a96b6b697474656e,null,xc3a9697474656e,null,xc3a978697474656e,null,xc3a9696b7474656e,null,xc3a96b78697474656e,null,xc3a96b7474656e,null,xc3a96b787474656e,null,xc3a96b746974656e,null,xc3a96b69787474656e,null,xc3a96b696b7474656e,null,xc3a96b6974656e,null,xc3a96b697874656e,null,xc3a96b69747874656e,null,xc3a96b69746b74656e,null,xc3a96b697478656e,null,xc3a96b697465746e,null,xc3a96b69747478656e,null,xc3a96b6974746b656e,null,xc3a96b6974746e,null,xc3a96b697474786e,null,xc3a96b6974746e65,null,xc3a96b69747465786e,null,xc3a96b697474656b6e,null,xc3a96b69747465,null,xc3a96b6974746578,null,xc3a96b697474656e78,null,xc3a96b697474656e6b,null,xc3a9746b697474656e,null,xc3a9736b697474656e,null,xc3a9786b697474656e,null,xc3a9786b697474656e,null,xc3a96b697474656e79,null,xc3a9696b7474656e
det	24	53	1
detdump	N,1/233/233;N,14/0/104,20/105/105,14/106/106,2/107/107,14/108/1114111;N,15/0/104,3/105/105,15/106/115,21/116/116,15/117/1114111;N,16/0/115,4/116/116,16/117/1114111;N,17/0/100,22/101/101,17/102/115,5/116/116,17/117/1114111;N,18/0/100,6/101/101,18/102/109,23/110/110,18/111/1114111;A,19/0/109,7/110/110,19/111/1114111;A,13/0/1114111;N,9/105/105;N,10/116/116;N,11/116/116;N,12/101/101;N,13/110/110;A;N,9/105/105,8/107/107;N,9/105/105,10/116/116;N,17/116/116;N,12/101/101,11/116/116;N,12/101/101,13/110/110;A,13/110/110;N,9/105/105,15/107/107,10/116/116;N,16/105/105,17/116/116;N,12/101/101,13/110/110,18/116/116;A,19/101/101,13/110/110
min	24	53
run	00000000000000000000000000000000000000000000000000000000000000000000000000000000000000000000000000000000000000000000000000000000101010101010101010101010101010101010101010101010101010101000000000000
charrun	00000000000000000000000000000000000000000000000000000000000000000000000000000000000000000000000000000000000000000000000000000000101010101010101010101010101010101010101010101010101010101000000000000
prefix	\u{e9}
singleton	null
topo	0,1,2,21,3,4,5,23,6,7,19,22,18,16,17,20,15,14,8,9,10,11,12,13
strings	50	\u{e9}\u{0}itten	\u{e9}\u{0}kitten	\u{e9}\u{1}itten	\u{e9}\u{1}kitten	\u{e9}\u{2}itten	\u{e9}\u{2}kitten	\u{e9}\u{3}itten	\u{e9}\u{3}kitten	\u{e9}\u{4}itten	\u{e9}\u{4}kitten	\u{e9}\u{5}itten	\u{e9}\u{5}kitten	\u{e9}\u{6}itten	\u{e9}\u{6}kitten	\u{e9}\u{7}itten	\u{e9}\u{7}kitten	\u{e9}\u{8}itten	\u{e9}\u{8}kitten	\u{e9}\u{9}itten	\u{e9}\u{9}kitten	\u{e9}\u{a}itten	\u{e9}\u{a}kitten	\u{e9}\u{b}itten	\u{e9}\u{b}kitten	\u{e9}\u{c}itten	\u{e9}\u{c}kitten	\u{e9}\u{d}itten	\u{e9}\u{d}kitten	\u{e9}\u{e}itten	\u{e9}\u{e}kitten	\u{e9}\u{f}itten	\u{e9}\u{f}kitten	\u{e9}\u{10}itten	\u{e9}\u{10}kitten	\u{e9}\u{11}itten	\u{e9}\u{11}kitten	\u{e9}\u{12}itten	\u{e9}\u{12}kitten	\u{e9}\u{13}itten	\u{e9}\u{13}kitten	\u{e9}\u{14}itten	\u{e9}\u{14}kitten	\u{e9}\u{15}itten	\u{e9}\u{15}kitten	\u{e9}\u{16}itten	\u{e9}\u{16}kitten	\u{e9}\u{17}itten	\u{e9}\u{17}kitten	\u{e9}\u{18}itten	\u{e9}\u{18}kitten
compiled_det	NORMAL	-	-	-1	0	0	00000000000000000000000000000000000000000000000000000000000000000000000000000000000000000000000000000000000000000000000000000000101010101010101010101010101010101010101010101010101010101000000000000
compiled_det_floor	null,null,null,null,null,null,null,null,null,null,null,null,null,null,null,null,null,null,null,null,null,null,null,null,null,null,null,null,null,null,null,null,null,null,null,null,null,null,null,null,null,null,null,null,null,null,null,null,null,null,null,null,null,null,null,null,null,null,null,null,null,null,null,null,null,null,null,xc3a9f48fbfbf6b697474656e,null,null,xc3a9f48fbfbf6b697474656e,xc3a9f48fbfbf6b697474656e,xc3a9f48fbfbf6b697474656e,xc3a9f48fbfbf6b697474656e,xc3a9f48fbfbf6b697474656e,xc3a9f48fbfbf6b697474656e,xc3a9f48fbfbf6b697474656e,null,null,null,null,xc3a9c3a86b697474656e,null,xc3a9f48fbfbf6b697474656e,xc3a9f48fbfbf6b697474656e,xc3a9f48fbfbf6b697474656e,xc3a9f48fbfbf6b697474656e,xc3a9f48fbfbf6b697474656e,xc3a9f48fbfbf6b697474656e,null,null,null,null,null,null,null,null,null,null,null,null,null,null,null,null,null,null,xc3a9f48fbfbf6b697474656e,null,null,null,null,null,null,null,null,null,null,null,null,null,null,null,null,null,null,xc3a9f48fbfbf6b697474656e,null,xc3a96b697474656e,null,xc3a9786b697474656e,null,xc3a96b6b697474656e,null,xc3a9697474656e,null,xc3a978697474656e,null,xc3a9696b7474656e,null,xc3a96b78697474656e,null,xc3a96b7474656e,null,xc3a96b787474656e,null,xc3a96b746974656e,null,xc3a96b69787474656e,null,xc3a96b696b7474656e,null,xc3a96b6974656e,null,xc3a96b697874656e,null,xc3a96b69747874656e,null,xc3a96b69746b74656e,null,xc3a96b697478656e,null,xc3a96b697465746e,null,xc3a96b69747478656e,null,xc3a96b6974746b656e,null,xc3a96b6974746e,null,xc3a96b697474786e,null,xc3a96b6974746e65,null,xc3a96b69747465786e,null,xc3a96b697474656b6e,null,xc3a96b69747465,null,xc3a96b6974746578,null,xc3a96b697474656e78,null,xc3a96b697474656e6b,null,xc3a9746b697474656e,null,xc3a9736b697474656e,null,xc3a9786b697474656e,null,xc3a9786b697474656e,null,xc3a96b697474656e79,null,xc3a9696b7474656e
CASE	op	concat	a*	b
probes	0
raw	2	2	1
rawdump	N,0/97/97,1/98/98;A
flags	0	0	0	0
nfarun	0010001000000000000000000001000000000000000000000000000000000000000000000000000000000000000000000000000000000000000000000000000
compiled	NORMAL	-	x62	-1	0	0	0010001000000000000000000001000000000000000000000000000000000000000000000000000000000000000000000000000000000000000000000000000
compiled_floor	-
det	2	2	1
detdump	N,0/97/97,1/98/98;A
min	2	2
run	0010001000000000000000000001000000000000000000000000000000000000000000000000000000000000000000000000000000000000000000000000000
charrun	0010001000000000000000000001000000000000000000000000000000000000000000000000000000000000000000000000000000000000000000000000000
prefix	
singleton	null
compiled_det	NORMAL	-	x62	-1	0	0	0010001000000000000000000001000000000000000000000000000000000000000000000000000000000000000000000000000000000000000000000000000
compiled_det_floor	-
CASE	op	concat	ab	
probes	0
raw	3	2	1
rawdump	N,1/97/97;N,2/98/98;A
flags	0	0	0	1
nfarun	0000001000000000000000000000000000000000000000000000000000000000000000000000000000000000000000000000000000000000000000000000000
compiled	SINGLE	x6162	-	-1	1	0	-
compiled_floor	-
det	3	2	1
detdump	N,1/97/97;N,2/98/98;A
min	3	2
run	0000001000000000000000000000000000000000000000000000000000000000000000000000000000000000000000000000000000000000000000000000000
charrun	0000001000000000000000000000000000000000000000000000000000000000000000000000000000000000000000000000000000000000000000000000000
prefix	ab
singleton	ab
topo	0,1,2
strings	1	ab
compiled_det	SINGLE	x6162	-	-1	1	0	-
compiled_det_floor	-
CASE	op	concat	a|b	c|d	e
probes	0
raw	4	3	1
rawdump	N,1/97/98;N,2/99/100;N,3/101/101;A
flags	0	0	0	1
nfarun	0000000000000000000000000000000000000000000000000000000000000000000000000000000000000000000000000000000000000000000000000001000
compiled	NORMAL	-	x65	-1	0	0	0000000000000000000000000000000000000000000000000000000000000000000000000000000000000000000000000000000000000000000000000001000
compiled_floor	null,null,x616465,x626465,x626465,x626465,null,null,x616365,null,null,null,null,null,null,x626465,x626465,x626465,x626465,x626465,x626465,null,null,null,x626465,x616465,x616465,null,null,null,x616465,x626465,x616465,x616465,x626465,x626465,x626465,x626465,x626465,x616465,null,x616465,x626465,null,null,null,null,null,null,null,null,null,null,null,null,null,null,null,null,null,null,x626465,null,null,null,null,x626465,x626465,null,x626465,x626465,x626465,x626465,x626465,x626465,x626465,x626465,x626465,null,null,x626465,x626465,x626465,x626465,x626465,x626465,x626465,x626465,x626465,null,null,null,null,null,null,x626465,x626465,null,null,null,null,x616465,null,x626465,null,x626465,null,x626465,null,null,x616465,null,null,x626465,x626465,x626465,x626465,x626465,x626465,null,null,null,x616465,x616365,null,x626465,x626465
det	4	3	1
detdump	N,1/97/98;N,2/99/100;N,3/101/101;A
min	4	3
run	0000000000000000000000000000000000000000000000000000000000000000000000000000000000000000000000000000000000000000000000000001000
charrun	0000000000000000000000000000000000000000000000000000000000000000000000000000000000000000000000000000000000000000000000000001000
prefix	
singleton	null
topo	0,1,2,3
strings	4	ace	ade	bce	bde
compiled_det	NORMAL	-	x65	-1	0	0	0000000000000000000000000000000000000000000000000000000000000000000000000000000000000000000000000000000000000000000000000001000
compiled_det_floor	null,null,x616465,x626465,x626465,x626465,null,null,x616365,null,null,null,null,null,null,x626465,x626465,x626465,x626465,x626465,x626465,null,null,null,x626465,x616465,x616465,null,null,null,x616465,x626465,x616465,x616465,x626465,x626465,x626465,x626465,x626465,x616465,null,x616465,x626465,null,null,null,null,null,null,null,null,null,null,null,null,null,null,null,null,null,null,x626465,null,null,null,null,x626465,x626465,null,x626465,x626465,x626465,x626465,x626465,x626465,x626465,x626465,x626465,null,null,x626465,x626465,x626465,x626465,x626465,x626465,x626465,x626465,x626465,null,null,null,null,null,null,x626465,x626465,null,null,null,null,x616465,null,x626465,null,x626465,null,x626465,null,null,x616465,null,null,x626465,x626465,x626465,x626465,x626465,x626465,null,null,null,x616465,x616365,null,x626465,x626465
CASE	op	concat	a?	b?	c?
probes	0
raw	4	6	1
rawdump	A,1/97/97,2/98/98,3/99/99;A,2/98/98,3/99/99;A,3/99/99;A
flags	0	0	0	1
nfarun	1111001101000000000000000000000000000000000000000000000000000000000000000000000000000000000000000000000000000000000000000000000
compiled	NORMAL	-	-	-1	0	0	1111001101000000000000000000000000000000000000000000000000000000000000000000000000000000000000000000000000000000000000000000000
compiled_floor	x,x61,x62,x63,x63,x63,x6162,x6163,x6163,x616263,x616263,x61,x61,x61,x61,x63,x63,x63,x63,x63,x63,x616263,x616263,x6163,x63,x62,x62,x61,x6162,x6162,x62,x63,x62,x62,x63,x63,x63,x63,x63,x6163,x61,x6163,x63,x,x,x,x,x,x,x,x,x,x,x,x,x,x,x,x,x,x,x63,x,x,x,x,x63,x63,x,x63,x63,x63,x63,x63,x63,x63,x63,x63,x,x,x63,x63,x63,x63,x63,x63,x63,x63,x63,x,x,x,x,x,x,x63,x63,x61,x,x,x,x6163,x,x63,x,x63,x,x63,x616263,x61,x6163,x,x,x63,x63,x63,x63,x63,x63,x61,x61,x,x6163,x6163,x616263,x63,x63
det	4	6	1
detdump	A,1/97/97,2/98/98,3/99/99;A,2/98/98,3/99/99;A,3/99/99;A
min	4	6
run	1111001101000000000000000000000000000000000000000000000000000000000000000000000000000000000000000000000000000000000000000000000
charrun	1111001101000000000000000000000000000000000000000000000000000000000000000000000000000000000000000000000000000000000000000000000
prefix	
singleton	null
topo	0,1,2,3
strings	9		abc	ab	ac	a	bc	b	c	
compiled_det	NORMAL	-	-	-1	0	0	1111001101000000000000000000000000000000000000000000000000000000000000000000000000000000000000000000000000000000000000000000000
compiled_det_floor	x,x61,x62,x63,x63,x63,x6162,x6163,x6163,x616263,x616263,x61,x61,x61,x61,x63,x63,x63,x63,x63,x63,x616263,x616263,x6163,x63,x62,x62,x61,x6162,x6162,x62,x63,x62,x62,x63,x63,x63,x63,x63,x6163,x61,x6163,x63,x,x,x,x,x,x,x,x,x,x,x,x,x,x,x,x,x,x,x63,x,x,x,x,x63,x63,x,x63,x63,x63,x63,x63,x63,x63,x63,x63,x,x,x63,x63,x63,x63,x63,x63,x63,x63,x63,x,x,x,x,x,x,x63,x63,x61,x,x,x,x6163,x,x63,x,x63,x,x63,x616263,x61,x6163,x,x,x63,x63,x63,x63,x63,x63,x61,x61,x,x6163,x6163,x616263,x63,x63
CASE	op	concat	a	#
probes	0
raw	0	0	1
rawdump	
flags	0	1	0	1
nfarun	0000000000000000000000000000000000000000000000000000000000000000000000000000000000000000000000000000000000000000000000000000000
compiled	NONE	-	-	-1	1	0	-
compiled_floor	-
det	0	0	1
detdump	
min	0	0
run	0000000000000000000000000000000000000000000000000000000000000000000000000000000000000000000000000000000000000000000000000000000
charrun	0000000000000000000000000000000000000000000000000000000000000000000000000000000000000000000000000000000000000000000000000000000
prefix	
singleton	null
topo	
strings	0
compiled_det	NONE	-	-	-1	1	0	-
compiled_det_floor	-
CASE	op	union	abc	abd	ab
probes	0
raw	7	8	0
rawdump	N,1/97/97,4/97/97,6/97/97;N,2/98/98;N,3/99/99;A;N,5/98/98;N,3/100/100;N,3/98/98
flags	0	0	0	1
nfarun	0000001001100000000000000000000000000000000000000000000000000000000000000000000000000000000000000000000000000000000000000000000
compiled	NORMAL	-	-	-1	0	1	0000001001100000000000000000000000000000000000000000000000000000000000000000000000000000000000000000000000000000000000000000000
compiled_floor	-
det	4	3	1
detdump	N,1/97/97;N,2/98/98;A,3/99/100;A
min	4	3
run	0000001001100000000000000000000000000000000000000000000000000000000000000000000000000000000000000000000000000000000000000000000
charrun	0000001001100000000000000000000000000000000000000000000000000000000000000000000000000000000000000000000000000000000000000000000
prefix	ab
singleton	null
topo	0,1,2,3
strings	3	abc	abd	ab
compiled_det	NORMAL	-	-	-1	0	0	0000001001100000000000000000000000000000000000000000000000000000000000000000000000000000000000000000000000000000000000000000000
compiled_det_floor	null,null,x616264,x616264,x616264,x616264,x6162,x616264,x616264,x616263,x616264,null,null,null,null,x616264,x616264,x616264,x616264,x616264,x616264,x616263,x616264,x616264,x616264,x616264,x616264,null,x6162,x6162,x616264,x616264,x616264,x616264,x616264,x616264,x616264,x616264,x616264,x616264,null,x616264,x616264,null,null,null,null,null,null,null,null,null,null,null,null,null,null,null,null,null,null,x616264,null,null,null,null,x616264,x616264,null,x616264,x616264,x616264,x616264,x616264,x616264,x616264,x616264,x616264,null,null,x616264,x616264,x616264,x616264,x616264,x616264,x616264,x616264,x616264,null,null,null,null,null,null,x616264,x616264,null,null,null,null,x616264,null,x616264,null,x616264,null,x616264,x616263,null,x616264,null,null,x616264,x616264,x616264,x616264,x616264,x616264,null,null,null,x616264,x616264,x616264,x616264,x616264
CASE	op	union	a*	b*
probes	0
raw	3	4	1
rawdump	A,1/97/97,2/98/98;A,1/97/97;A,2/98/98
flags	0	0	0	0
nfarun	1110000000011110000000000010000000000000000000000000000000000000000000000000000000000000000000000000000000000000000000000000000
compiled	NORMAL	-	-	-1	0	0	1110000000011110000000000010000000000000000000000000000000000000000000000000000000000000000000000000000000000000000000000000000
compiled_floor	-
det	3	4	1
detdump	A,1/97/97,2/98/98;A,1/97/97;A,2/98/98
min	3	4
run	1110000000011110000000000010000000000000000000000000000000000000000000000000000000000000000000000000000000000000000000000000000
charrun	1110000000011110000000000010000000000000000000000000000000000000000000000000000000000000000000000000000000000000000000000000000
prefix	
singleton	null
compiled_det	NORMAL	-	-	-1	0	0	1110000000011110000000000010000000000000000000000000000000000000000000000000000000000000000000000000000000000000000000000000000
compiled_det_floor	-
CASE	op	union	#	a
probes	0
raw	2	1	1
rawdump	N,1/97/97;A
flags	0	0	0	1
nfarun	0100000000000000000000000000000000000000000000000000000000000000000000000000000000000000000000000000000000000000000000000000000
compiled	SINGLE	x61	-	-1	1	0	-
compiled_floor	-
det	2	1	1
detdump	N,1/97/97;A
min	2	1
run	0100000000000000000000000000000000000000000000000000000000000000000000000000000000000000000000000000000000000000000000000000000
charrun	0100000000000000000000000000000000000000000000000000000000000000000000000000000000000000000000000000000000000000000000000000000
prefix	a
singleton	a
topo	0,1
strings	1	a
compiled_det	SINGLE	x61	-	-1	1	0	-
compiled_det_floor	-
CASE	op	union	a	b	c	
probes	0
raw	2	1	1
rawdump	A,1/97/99;A
flags	0	0	0	1
nfarun	1111000000000000000000000000000000000000000000000000000000000000000000000000000000000000000000000000000000000000000000000000000
compiled	NORMAL	-	-	-1	0	0	1111000000000000000000000000000000000000000000000000000000000000000000000000000000000000000000000000000000000000000000000000000
compiled_floor	x,x61,x62,x63,x63,x63,x61,x61,x61,x61,x61,x61,x61,x61,x61,x63,x63,x63,x63,x63,x63,x61,x61,x61,x63,x62,x62,x61,x61,x61,x62,x63,x62,x62,x63,x63,x63,x63,x63,x61,x61,x61,x63,x,x,x,x,x,x,x,x,x,x,x,x,x,x,x,x,x,x,x63,x,x,x,x,x63,x63,x,x63,x63,x63,x63,x63,x63,x63,x63,x63,x,x,x63,x63,x63,x63,x63,x63,x63,x63,x63,x,x,x,x,x,x,x63,x63,x61,x,x,x,x61,x,x63,x,x63,x,x63,x61,x61,x61,x,x,x63,x63,x63,x63,x63,x63,x61,x61,x,x61,x61,x61,x63,x63
det	2	1	1
detdump	A,1/97/99;A
min	2	1
run	1111000000000000000000000000000000000000000000000000000000000000000000000000000000000000000000000000000000000000000000000000000
charrun	1111000000000000000000000000000000000000000000000000000000000000000000000000000000000000000000000000000000000000000000000000000
prefix	
singleton	null
topo	0,1
strings	5		a	b	c	
compiled_det	NORMAL	-	-	-1	0	0	1111000000000000000000000000000000000000000000000000000000000000000000000000000000000000000000000000000000000000000000000000000
compiled_det_floor	x,x61,x62,x63,x63,x63,x61,x61,x61,x61,x61,x61,x61,x61,x61,x63,x63,x63,x63,x63,x63,x61,x61,x61,x63,x62,x62,x61,x61,x61,x62,x63,x62,x62,x63,x63,x63,x63,x63,x61,x61,x61,x63,x,x,x,x,x,x,x,x,x,x,x,x,x,x,x,x,x,x,x63,x,x,x,x,x63,x63,x,x63,x63,x63,x63,x63,x63,x63,x63,x63,x,x,x63,x63,x63,x63,x63,x63,x63,x63,x63,x,x,x,x,x,x,x63,x63,x61,x,x,x,x61,x,x63,x,x63,x,x63,x61,x61,x61,x,x,x63,x63,x63,x63,x63,x63,x61,x61,x,x61,x61,x61,x63,x63
CASE	op	intersection	a.*	.*b
probes	0
raw	4	5	0
rawdump	N,1/97/97;N,2/0/1114111,3/98/98;N,2/0/1114111,3/98/98;A
flags	0	0	0	0
nfarun	0000001000000000000000000001100000000000000000000000000000000000000000000000000000000000000000000100010000000100000000000000000
compiled	NORMAL	-	x62	-1	0	1	0000001000000000000000000001100000000000000000000000000000000000000000000000000000000000000000000100010000000100000000000000000
compiled_floor	-
det	4	10	1
detdump	N,1/97/97;N,2/0/97,3/98/98,2/99/1114111;N,2/0/97,3/98/98,2/99/1114111;A,2/0/97,3/98/98,2/99/1114111
min	3	7
run	0000001000000000000000000001100000000000000000000000000000000000000000000000000000000000000000000100010000000100000000000000000
charrun	0000001000000000000000000001100000000000000000000000000000000000000000000000000000000000000000000100010000000100000000000000000
prefix	a
singleton	null
compiled_det	NORMAL	-	x62	-1	0	0	0000001000000000000000000001100000000000000000000000000000000000000000000000000000000000000000000100010000000100000000000000000
compiled_det_floor	-
CASE	op	intersection	[a-z]+	x.*
probes	0
raw	3	3	1
rawdump	N,1/120/120;A,2/97/122;A,2/97/122
flags	0	0	0	0
nfarun	0000000000000000011110000000000000000000000000000000000000000000000000000000000000000000000000000000000000000000000000000000010
compiled	NORMAL	-	-	-1	0	0	0000000000000000011110000000000000000000000000000000000000000000000000000000000000000000000000000000000000000000000000000000010
compiled_floor	-
det	3	3	1
detdump	N,1/120/120;A,2/97/122;A,2/97/122
min	2	2
run	0000000000000000011110000000000000000000000000000000000000000000000000000000000000000000000000000000000000000000000000000000010
charrun	0000000000000000011110000000000000000000000000000000000000000000000000000000000000000000000000000000000000000000000000000000010
prefix	x
singleton	null
compiled_det	NORMAL	-	-	-1	0	0	0000000000000000011110000000000000000000000000000000000000000000000000000000000000000000000000000000000000000000000000000000010
compiled_det_floor	-
CASE	op	intersection	a	b
probes	0
raw	0	0	1
rawdump	
flags	0	1	0	1
nfarun	0000000000000000000000000000000000000000000000000000000000000000000000000000000000000000000000000000000000000000000000000000000
compiled	NONE	-	-	-1	1	0	-
compiled_floor	-
det	0	0	1
detdump	
min	0	0
run	0000000000000000000000000000000000000000000000000000000000000000000000000000000000000000000000000000000000000000000000000000000
charrun	0000000000000000000000000000000000000000000000000000000000000000000000000000000000000000000000000000000000000000000000000000000
prefix	
singleton	null
topo	
strings	0
compiled_det	NONE	-	-	-1	1	0	-
compiled_det_floor	-
CASE	op	minus	[a-z]+	abc
probes	0
raw	6	11	1
rawdump	N,1/97/97,2/98/122;A,3/97/97,4/98/98,3/99/122;A,3/97/122;A,3/97/122;A,3/97/98,5/99/99,3/100/122;N,3/97/122
flags	0	0	0	0
nfarun	0111111110111111111111111111111111111111011000000000000000000100001001000000000000000000000000000000000100001000001111100011110
compiled	NORMAL	-	-	-1	0	0	0111111110111111111111111111111111111111011000000000000000000100001001000000000000000000000000000000000100001000001111100011110
compiled_floor	-
det	6	11	1
detdump	N,1/97/97,2/98/122;A,3/97/97,4/98/98,3/99/122;A,3/97/122;A,3/97/122;A,3/97/98,5/99/99,3/100/122;N,3/97/122
min	5	10
run	0111111110111111111111111111111111111111011000000000000000000100001001000000000000000000000000000000000100001000001111100011110
charrun	0111111110111111111111111111111111111111011000000000000000000100001001000000000000000000000000000000000100001000001111100011110
prefix	
singleton	null
compiled_det	NORMAL	-	-	-1	0	0	0111111110111111111111111111111111111111011000000000000000000100001001000000000000000000000000000000000100001000001111100011110
compiled_det_floor	-
CASE	op	minus	.*	a.*
probes	0
raw	2	3	1
rawdump	A,1/0/96,1/98/1114111;A,1/0/1114111
flags	0	0	0	0
nfarun	1011110000000001111110001110001111111110001111111111111111111111111111111111111111111111111111111011101111110001111111100100011
compiled	NORMAL	-	-	-1	0	0	1011110000000001111110001110001111111110001111111111111111111111111111111111111111111111111111111011101111110001111111100100011
compiled_floor	-
det	2	3	1
detdump	A,1/0/96,1/98/1114111;A,1/0/1114111
min	2	3
run	1011110000000001111110001110001111111110001111111111111111111111111111111111111111111111111111111011101111110001111111100100011
charrun	1011110000000001111110001110001111111110001111111111111111111111111111111111111111111111111111111011101111110001111111100100011
prefix	
singleton	null
compiled_det	NORMAL	-	-	-1	0	0	1011110000000001111110001110001111111110001111111111111111111111111111111111111111111111111111111011101111110001111111100100011
compiled_det_floor	-
CASE	op	minus	a	#
probes	0
raw	2	1	1
rawdump	N,1/97/97;A
flags	0	0	0	1
nfarun	0100000000000000000000000000000000000000000000000000000000000000000000000000000000000000000000000000000000000000000000000000000
compiled	SINGLE	x61	-	-1	1	0	-
compiled_floor	-
det	2	1	1
detdump	N,1/97/97;A
min	2	1
run	0100000000000000000000000000000000000000000000000000000000000000000000000000000000000000000000000000000000000000000000000000000
charrun	0100000000000000000000000000000000000000000000000000000000000000000000000000000000000000000000000000000000000000000000000000000
prefix	a
singleton	a
topo	0,1
strings	1	a
compiled_det	SINGLE	x61	-	-1	1	0	-
compiled_det_floor	-
CASE	op	minus	#	a
probes	0
raw	0	0	1
rawdump	
flags	0	1	0	1
nfarun	0000000000000000000000000000000000000000000000000000000000000000000000000000000000000000000000000000000000000000000000000000000
compiled	NONE	-	-	-1	1	0	-
compiled_floor	-
det	0	0	1
detdump	
min	0	0
run	0000000000000000000000000000000000000000000000000000000000000000000000000000000000000000000000000000000000000000000000000000000
charrun	0000000000000000000000000000000000000000000000000000000000000000000000000000000000000000000000000000000000000000000000000000000
prefix	
singleton	null
topo	
strings	0
compiled_det	NONE	-	-	-1	1	0	-
compiled_det_floor	-
CASE	op	minus	(a|b)*	(a|b)*a(a|b){15}
probes	0
op	TOO_COMPLEX	Determinizing automaton with 17 states and 17 transitions would require more than 10000 effort.
CASE	op	complement	a*
probes	0
raw	2	4	1
rawdump	N,1/0/96,0/97/97,1/98/1114111;A,1/0/1114111
flags	0	0	0	0
nfarun	0011111111100001111111111111111111111111111111111111111111111111111111111111111111111111111111111111111111111111111111111111111
compiled	NORMAL	-	-	-1	0	0	0011111111100001111111111111111111111111111111111111111111111111111111111111111111111111111111111111111111111111111111111111111
compiled_floor	-
det	2	4	1
detdump	N,1/0/96,0/97/97,1/98/1114111;A,1/0/1114111
min	2	4
run	0011111111100001111111111111111111111111111111111111111111111111111111111111111111111111111111111111111111111111111111111111111
charrun	0011111111100001111111111111111111111111111111111111111111111111111111111111111111111111111111111111111111111111111111111111111
prefix	
singleton	null
compiled_det	NORMAL	-	-	-1	0	0	0011111111100001111111111111111111111111111111111111111111111111111111111111111111111111111111111111111111111111111111111111111
compiled_det_floor	-
CASE	op	complement	abc
probes	0
raw	5	11	1
rawdump	A,4/0/96,1/97/97,4/98/1114111;A,4/0/97,2/98/98,4/99/1114111;A,4/0/98,3/99/99,4/100/1114111;N,4/0/1114111;A,4/0/1114111
flags	0	0	0	0
nfarun	1111111110111111111111111111111111111111111111111111111111111111111111111111111111111111111111111111111111111111111111111111111
compiled	NORMAL	-	-	-1	0	0	1111111110111111111111111111111111111111111111111111111111111111111111111111111111111111111111111111111111111111111111111111111
compiled_floor	-
det	5	11	1
detdump	A,4/0/96,1/97/97,4/98/1114111;A,4/0/97,2/98/98,4/99/1114111;A,4/0/98,3/99/99,4/100/1114111;N,4/0/1114111;A,4/0/1114111
min	5	11
run	1111111110111111111111111111111111111111111111111111111111111111111111111111111111111111111111111111111111111111111111111111111
charrun	1111111110111111111111111111111111111111111111111111111111111111111111111111111111111111111111111111111111111111111111111111111
prefix	
singleton	null
compiled_det	NORMAL	-	-	-1	0	0	1111111110111111111111111111111111111111111111111111111111111111111111111111111111111111111111111111111111111111111111111111111
compiled_det_floor	-
CASE	op	complement	(a|b)*a(a|b){15}
probes	0
op	TOO_COMPLEX	Determinizing automaton with 17 states and 17 transitions would require more than 10000 effort.
CASE	op	optional	a
probes	0
raw	2	1	1
rawdump	A,1/97/97;A
flags	0	0	0	1
nfarun	1100000000000000000000000000000000000000000000000000000000000000000000000000000000000000000000000000000000000000000000000000000
compiled	NORMAL	-	-	-1	0	0	1100000000000000000000000000000000000000000000000000000000000000000000000000000000000000000000000000000000000000000000000000000
compiled_floor	x,x61,x61,x61,x61,x61,x61,x61,x61,x61,x61,x61,x61,x61,x61,x61,x61,x61,x61,x61,x61,x61,x61,x61,x61,x61,x61,x61,x61,x61,x61,x61,x61,x61,x61,x61,x61,x61,x61,x61,x61,x61,x61,x,x,x,x,x,x,x,x,x,x,x,x,x,x,x,x,x,x,x61,x,x,x,x,x61,x61,x,x61,x61,x61,x61,x61,x61,x61,x61,x61,x,x,x61,x61,x61,x61,x61,x61,x61,x61,x61,x,x,x,x,x,x,x61,x61,x61,x,x,x,x61,x,x61,x,x61,x,x61,x61,x61,x61,x,x,x61,x61,x61,x61,x61,x61,x61,x61,x,x61,x61,x61,x61,x61
det	2	1	1
detdump	A,1/97/97;A
min	2	1
run	1100000000000000000000000000000000000000000000000000000000000000000000000000000000000000000000000000000000000000000000000000000
charrun	1100000000000000000000000000000000000000000000000000000000000000000000000000000000000000000000000000000000000000000000000000000
prefix	
singleton	null
topo	0,1
strings	3		a	
compiled_det	NORMAL	-	-	-1	0	0	1100000000000000000000000000000000000000000000000000000000000000000000000000000000000000000000000000000000000000000000000000000
compiled_det_floor	x,x61,x61,x61,x61,x61,x61,x61,x61,x61,x61,x61,x61,x61,x61,x61,x61,x61,x61,x61,x61,x61,x61,x61,x61,x61,x61,x61,x61,x61,x61,x61,x61,x61,x61,x61,x61,x61,x61,x61,x61,x61,x61,x,x,x,x,x,x,x,x,x,x,x,x,x,x,x,x,x,x,x61,x,x,x,x,x61,x61,x,x61,x61,x61,x61,x61,x61,x61,x61,x61,x,x,x61,x61,x61,x61,x61,x61,x61,x61,x61,x,x,x,x,x,x,x61,x61,x61,x,x,x,x61,x,x61,x,x61,x,x61,x61,x61,x61,x,x,x61,x61,x61,x61,x61,x61,x61,x61,x,x61,x61,x61,x61,x61
CASE	op	optional	a*b
probes	0
raw	3	4	1
rawdump	A,1/97/97,2/98/98;N,1/97/97,2/98/98;A
flags	0	0	0	0
nfarun	1010001000000000000000000001000000000000000000000000000000000000000000000000000000000000000000000000000000000000000000000000000
compiled	NORMAL	-	-	-1	0	0	1010001000000000000000000001000000000000000000000000000000000000000000000000000000000000000000000000000000000000000000000000000
compiled_floor	-
det	3	4	1
detdump	A,1/97/97,2/98/98;N,1/97/97,2/98/98;A
min	3	4
run	1010001000000000000000000001000000000000000000000000000000000000000000000000000000000000000000000000000000000000000000000000000
charrun	1010001000000000000000000001000000000000000000000000000000000000000000000000000000000000000000000000000000000000000000000000000
prefix	
singleton	null
compiled_det	NORMAL	-	-	-1	0	0	1010001000000000000000000001000000000000000000000000000000000000000000000000000000000000000000000000000000000000000000000000000
compiled_det_floor	-
CASE	op	optional	(ab)*
probes	0
raw	2	2	1
rawdump	A,1/97/97;N,0/98/98
flags	0	0	0	0
nfarun	1000001000000000000000000000100000000000000000000000000000000000000000000000000000000000000000000000000000000000000000000000000
compiled	NORMAL	-	-	-1	0	0	1000001000000000000000000000100000000000000000000000000000000000000000000000000000000000000000000000000000000000000000000000000
compiled_floor	-
det	2	2	1
detdump	A,1/97/97;N,0/98/98
min	2	2
run	1000001000000000000000000000100000000000000000000000000000000000000000000000000000000000000000000000000000000000000000000000000
charrun	1000001000000000000000000000100000000000000000000000000000000000000000000000000000000000000000000000000000000000000000000000000
prefix	
singleton	null
compiled_det	NORMAL	-	-	-1	0	0	1000001000000000000000000000100000000000000000000000000000000000000000000000000000000000000000000000000000000000000000000000000
compiled_det_floor	-
CASE	op	optional	(ab)+
probes	0
raw	5	5	1
rawdump	A,1/97/97;N,2/98/98;A,4/97/97;A,4/97/97;N,3/98/98
flags	0	0	0	0
nfarun	1000001000000000000000000000100000000000000000000000000000000000000000000000000000000000000000000000000000000000000000000000000
compiled	NORMAL	-	-	-1	0	0	1000001000000000000000000000100000000000000000000000000000000000000000000000000000000000000000000000000000000000000000000000000
compiled_floor	-
det	5	5	1
detdump	A,1/97/97;N,2/98/98;A,4/97/97;A,4/97/97;N,3/98/98
min	2	2
run	1000001000000000000000000000100000000000000000000000000000000000000000000000000000000000000000000000000000000000000000000000000
charrun	1000001000000000000000000000100000000000000000000000000000000000000000000000000000000000000000000000000000000000000000000000000
prefix	
singleton	null
compiled_det	NORMAL	-	-	-1	0	0	1000001000000000000000000000100000000000000000000000000000000000000000000000000000000000000000000000000000000000000000000000000
compiled_det_floor	-
CASE	op	repeat	ab
probes	0
raw	2	2	1
rawdump	A,1/97/97;N,0/98/98
flags	0	0	0	0
nfarun	1000001000000000000000000000100000000000000000000000000000000000000000000000000000000000000000000000000000000000000000000000000
compiled	NORMAL	-	-	-1	0	0	1000001000000000000000000000100000000000000000000000000000000000000000000000000000000000000000000000000000000000000000000000000
compiled_floor	-
det	2	2	1
detdump	A,1/97/97;N,0/98/98
min	2	2
run	1000001000000000000000000000100000000000000000000000000000000000000000000000000000000000000000000000000000000000000000000000000
charrun	1000001000000000000000000000100000000000000000000000000000000000000000000000000000000000000000000000000000000000000000000000000
prefix	
singleton	null
compiled_det	NORMAL	-	-	-1	0	0	1000001000000000000000000000100000000000000000000000000000000000000000000000000000000000000000000000000000000000000000000000000
compiled_det_floor	-
CASE	op	repeat	a?b
probes	0
raw	2	3	1
rawdump	A,1/97/97,0/98/98;N,0/98/98
flags	0	0	0	0
nfarun	1010001000000000000000000010101000000000000000000000000000000000000000000000000000000000000000000000000000000000000000000000000
compiled	NORMAL	-	-	-1	0	0	1010001000000000000000000010101000000000000000000000000000000000000000000000000000000000000000000000000000000000000000000000000
compiled_floor	-
det	2	3	1
detdump	A,1/97/97,0/98/98;N,0/98/98
min	2	3
run	1010001000000000000000000010101000000000000000000000000000000000000000000000000000000000000000000000000000000000000000000000000
charrun	1010001000000000000000000010101000000000000000000000000000000000000000000000000000000000000000000000000000000000000000000000000
prefix	
singleton	null
compiled_det	NORMAL	-	-	-1	0	0	1010001000000000000000000010101000000000000000000000000000000000000000000000000000000000000000000000000000000000000000000000000
compiled_det_floor	-
CASE	op	repeat	a*
probes	0
raw	1	1	1
rawdump	A,0/97/97
flags	0	0	0	0
nfarun	1100000000011110000000000000000000000000000000000000000000000000000000000000000000000000000000000000000000000000000000000000000
compiled	NORMAL	-	-	-1	0	0	1100000000011110000000000000000000000000000000000000000000000000000000000000000000000000000000000000000000000000000000000000000
compiled_floor	-
det	1	1	1
detdump	A,0/97/97
min	1	1
run	1100000000011110000000000000000000000000000000000000000000000000000000000000000000000000000000000000000000000000000000000000000
charrun	1100000000011110000000000000000000000000000000000000000000000000000000000000000000000000000000000000000000000000000000000000000
prefix	
singleton	null
compiled_det	NORMAL	-	-	-1	0	0	1100000000011110000000000000000000000000000000000000000000000000000000000000000000000000000000000000000000000000000000000000000
compiled_det_floor	-
CASE	op	repeat	a|bc*
probes	0
raw	3	8	1
rawdump	A,0/97/97,1/98/98;A,0/97/97,1/98/98,2/99/99;A,0/97/97,1/98/98,2/99/99
flags	0	0	0	0
nfarun	1110001001011110000000000111111000000000000000000000000000000000000000000000000000000000000000000000000000000000000000000000000
compiled	NORMAL	-	-	-1	0	0	1110001001011110000000000111111000000000000000000000000000000000000000000000000000000000000000000000000000000000000000000000000
compiled_floor	-
det	3	8	1
detdump	A,0/97/97,1/98/98;A,0/97/97,1/98/98,2/99/99;A,0/97/97,1/98/98,2/99/99
min	2	4
run	1110001001011110000000000111111000000000000000000000000000000000000000000000000000000000000000000000000000000000000000000000000
charrun	1110001001011110000000000111111000000000000000000000000000000000000000000000000000000000000000000000000000000000000000000000000
prefix	
singleton	null
compiled_det	NORMAL	-	-	-1	0	0	1110001001011110000000000111111000000000000000000000000000000000000000000000000000000000000000000000000000000000000000000000000
compiled_det_floor	-
CASE	op	repeatmin	ab	2
probes	0
raw	7	7	1
rawdump	N,1/97/97;N,2/98/98;N,3/97/97;N,4/98/98;A,6/97/97;A,6/97/97;N,5/98/98
flags	0	0	0	0
nfarun	0000000000000000000000000000100000000000000000000000000000000000000000000000000000000000000000000000000000000000000000000000000
compiled	NORMAL	-	x61626162	-1	0	0	0000000000000000000000000000100000000000000000000000000000000000000000000000000000000000000000000000000000000000000000000000000
compiled_floor	-
det	7	7	1
detdump	N,1/97/97;N,2/98/98;N,3/97/97;N,4/98/98;A,6/97/97;A,6/97/97;N,5/98/98
min	5	5
run	0000000000000000000000000000100000000000000000000000000000000000000000000000000000000000000000000000000000000000000000000000000
charrun	0000000000000000000000000000100000000000000000000000000000000000000000000000000000000000000000000000000000000000000000000000000
prefix	abab
singleton	null
compiled_det	NORMAL	-	x61626162	-1	0	0	0000000000000000000000000000100000000000000000000000000000000000000000000000000000000000000000000000000000000000000000000000000
compiled_det_floor	-
CASE	op	repeatmin	a|bc	0
probes	0
raw	2	3	1
rawdump	A,0/97/97,1/98/98;N,0/99/99
flags	0	0	0	0
nfarun	1100000001011110000000000000000000000000000000000000000000000000000000000000000000000000000000000000000000000000000000000000000
compiled	NORMAL	-	-	-1	0	0	1100000001011110000000000000000000000000000000000000000000000000000000000000000000000000000000000000000000000000000000000000000
compiled_floor	-
det	2	3	1
detdump	A,0/97/97,1/98/98;N,0/99/99
min	2	3
run	1100000001011110000000000000000000000000000000000000000000000000000000000000000000000000000000000000000000000000000000000000000
charrun	1100000001011110000000000000000000000000000000000000000000000000000000000000000000000000000000000000000000000000000000000000000
prefix	
singleton	null
compiled_det	NORMAL	-	-	-1	0	0	1100000001011110000000000000000000000000000000000000000000000000000000000000000000000000000000000000000000000000000000000000000
compiled_det_floor	-
CASE	op	repeatrange	a|bc	1	3
probes	0
raw	7	9	1
rawdump	N,1/97/97,2/98/98;A,3/97/97,4/98/98;N,1/99/99;A,5/97/97,6/98/98;N,3/99/99;A;N,5/99/99
flags	0	0	0	1
nfarun	0100000001011000000000000000000000000000000000000000000000000000000000000000000000000000000000000000000000000000000000000000000
compiled	NORMAL	-	-	-1	0	0	0100000001011000000000000000000000000000000000000000000000000000000000000000000000000000000000000000000000000000000000000000000
compiled_floor	null,x61,x6162636263,x626362636263,x626362636263,x626362636263,x61616263,x6162636263,x6162636263,x616263,x6162636263,x6161,x616161,x616161,x616161,x626362636263,x626362636263,x626362636263,x626362636263,x626362636263,x626362636263,x6162636263,x6162636263,x6162636263,x626362636263,x6162636263,x6162636263,x616161,x61616263,x61616263,x6162636263,x626362636263,x6162636263,x6162636263,x626362636263,x626362636263,x626362636263,x626362636263,x626362636263,x6162636263,x61,x6162636263,x626362636263,null,null,null,null,null,null,null,null,null,null,null,null,null,null,null,null,null,null,x626362636263,null,null,null,null,x626362636263,x626362636263,null,x626362636263,x626362636263,x626362636263,x626362636263,x626362636263,x626362636263,x626362636263,x626362636263,x626362636263,null,null,x626362636263,x626362636263,x626362636263,x626362636263,x626362636263,x626362636263,x626362636263,x626362636263,x626362636263,null,null,null,null,null,null,x626362636263,x626362636263,x61,null,null,null,x6162636263,null,x626362636263,null,x626362636263,null,x626362636263,x6162636263,x61,x6162636263,null,null,x626362636263,x626362636263,x626362636263,x626362636263,x626362636263,x626362636263,x61,x61,null,x6162636263,x6162636263,x6162636263,x626362636263,x626362636263
det	7	9	1
detdump	N,1/97/97,2/98/98;A,3/97/97,4/98/98;N,1/99/99;A,5/97/97,6/98/98;N,3/99/99;A;N,5/99/99
min	7	9
run	0100000001011000000000000000000000000000000000000000000000000000000000000000000000000000000000000000000000000000000000000000000
charrun	0100000001011000000000000000000000000000000000000000000000000000000000000000000000000000000000000000000000000000000000000000000
prefix	
singleton	null
topo	0,2,1,4,3,6,5
strings	14	aaa	aabc	aa	abca	abcbc	abc	a	bcaa	bcabc	bca	bcbca	bcbcbc	bcbc	bc
compiled_det	NORMAL	-	-	-1	0	0	0100000001011000000000000000000000000000000000000000000000000000000000000000000000000000000000000000000000000000000000000000000
compiled_det_floor	null,x61,x6162636263,x626362636263,x626362636263,x626362636263,x61616263,x6162636263,x6162636263,x616263,x6162636263,x6161,x616161,x616161,x616161,x626362636263,x626362636263,x626362636263,x626362636263,x626362636263,x626362636263,x6162636263,x6162636263,x6162636263,x626362636263,x6162636263,x6162636263,x616161,x61616263,x61616263,x6162636263,x626362636263,x6162636263,x6162636263,x626362636263,x626362636263,x626362636263,x626362636263,x626362636263,x6162636263,x61,x6162636263,x626362636263,null,null,null,null,null,null,null,null,null,null,null,null,null,null,null,null,null,null,x626362636263,null,null,null,null,x626362636263,x626362636263,null,x626362636263,x626362636263,x626362636263,x626362636263,x626362636263,x626362636263,x626362636263,x626362636263,x626362636263,null,null,x626362636263,x626362636263,x626362636263,x626362636263,x626362636263,x626362636263,x626362636263,x626362636263,x626362636263,null,null,null,null,null,null,x626362636263,x626362636263,x61,null,null,null,x6162636263,null,x626362636263,null,x626362636263,null,x626362636263,x6162636263,x61,x6162636263,null,null,x626362636263,x626362636263,x626362636263,x626362636263,x626362636263,x626362636263,x61,x61,null,x6162636263,x6162636263,x6162636263,x626362636263,x626362636263
CASE	op	repeatrange	ab	0	2
probes	0
raw	5	4	1
rawdump	A,1/97/97;N,2/98/98;A,3/97/97;N,4/98/98;A
flags	0	0	0	1
nfarun	1000001000000000000000000000100000000000000000000000000000000000000000000000000000000000000000000000000000000000000000000000000
compiled	NORMAL	-	-	-1	0	0	1000001000000000000000000000100000000000000000000000000000000000000000000000000000000000000000000000000000000000000000000000000
compiled_floor	x,x,x61626162,x61626162,x61626162,x61626162,x6162,x61626162,x61626162,x61626162,x61626162,x,x,x,x,x61626162,x61626162,x61626162,x61626162,x61626162,x61626162,x61626162,x61626162,x61626162,x61626162,x61626162,x61626162,x,x61626162,x61626162,x61626162,x61626162,x61626162,x61626162,x61626162,x61626162,x61626162,x61626162,x61626162,x61626162,x,x61626162,x61626162,x,x,x,x,x,x,x,x,x,x,x,x,x,x,x,x,x,x,x61626162,x,x,x,x,x61626162,x61626162,x,x61626162,x61626162,x61626162,x61626162,x61626162,x61626162,x61626162,x61626162,x61626162,x,x,x61626162,x61626162,x61626162,x61626162,x61626162,x61626162,x61626162,x61626162,x61626162,x,x,x,x,x,x,x61626162,x61626162,x,x,x,x,x61626162,x,x61626162,x,x61626162,x,x61626162,x61626162,x,x61626162,x,x,x61626162,x61626162,x61626162,x61626162,x61626162,x61626162,x,x,x,x61626162,x61626162,x61626162,x61626162,x61626162
det	5	4	1
detdump	A,1/97/97;N,2/98/98;A,3/97/97;N,4/98/98;A
min	5	4
run	1000001000000000000000000000100000000000000000000000000000000000000000000000000000000000000000000000000000000000000000000000000
charrun	1000001000000000000000000000100000000000000000000000000000000000000000000000000000000000000000000000000000000000000000000000000
prefix	
singleton	null
topo	0,1,2,3,4
strings	4		abab	ab	
compiled_det	NORMAL	-	-	-1	0	0	1000001000000000000000000000100000000000000000000000000000000000000000000000000000000000000000000000000000000000000000000000000
compiled_det_floor	x,x,x61626162,x61626162,x61626162,x61626162,x6162,x61626162,x61626162,x61626162,x61626162,x,x,x,x,x61626162,x61626162,x61626162,x61626162,x61626162,x61626162,x61626162,x61626162,x61626162,x61626162,x61626162,x61626162,x,x61626162,x61626162,x61626162,x61626162,x61626162,x61626162,x61626162,x61626162,x61626162,x61626162,x61626162,x61626162,x,x61626162,x61626162,x,x,x,x,x,x,x,x,x,x,x,x,x,x,x,x,x,x,x61626162,x,x,x,x,x61626162,x61626162,x,x61626162,x61626162,x61626162,x61626162,x61626162,x61626162,x61626162,x61626162,x61626162,x,x,x61626162,x61626162,x61626162,x61626162,x61626162,x61626162,x61626162,x61626162,x61626162,x,x,x,x,x,x,x61626162,x61626162,x,x,x,x,x61626162,x,x61626162,x,x61626162,x,x61626162,x61626162,x,x61626162,x,x,x61626162,x61626162,x61626162,x61626162,x61626162,x61626162,x,x,x,x61626162,x61626162,x61626162,x61626162,x61626162
CASE	op	repeatrange	a	3	2
probes	0
raw	0	0	1
rawdump	
flags	0	1	0	1
nfarun	0000000000000000000000000000000000000000000000000000000000000000000000000000000000000000000000000000000000000000000000000000000
compiled	NONE	-	-	-1	1	0	-
compiled_floor	-
det	0	0	1
detdump	
min	0	0
run	0000000000000000000000000000000000000000000000000000000000000000000000000000000000000000000000000000000000000000000000000000000
charrun	0000000000000000000000000000000000000000000000000000000000000000000000000000000000000000000000000000000000000000000000000000000
prefix	
singleton	null
topo	
strings	0
compiled_det	NONE	-	-	-1	1	0	-
compiled_det_floor	-
CASE	op	repeatrange	a*b	2	4
probes	0
raw	8	14	1
rawdump	N,0/97/97,1/98/98;N,2/97/97,3/98/98;N,2/97/97,3/98/98;A,4/97/97,5/98/98;N,4/97/97,5/98/98;A,6/97/97,7/98/98;N,6/97/97,7/98/98;A
flags	0	0	0	0
nfarun	0000000000000000000000000010101000000000000000000000000000000000000000000000000000000000000000000000000000000000000000000000000
compiled	NORMAL	-	x62	-1	0	0	0000000000000000000000000010101000000000000000000000000000000000000000000000000000000000000000000000000000000000000000000000000
compiled_floor	-
det	8	14	1
detdump	N,0/97/97,1/98/98;N,2/97/97,3/98/98;N,2/97/97,3/98/98;A,4/97/97,5/98/98;N,4/97/97,5/98/98;A,6/97/97,7/98/98;N,6/97/97,7/98/98;A
min	7	12
run	0000000000000000000000000010101000000000000000000000000000000000000000000000000000000000000000000000000000000000000000000000000
charrun	0000000000000000000000000010101000000000000000000000000000000000000000000000000000000000000000000000000000000000000000000000000
prefix	
singleton	null
compiled_det	NORMAL	-	x62	-1	0	0	0000000000000000000000000010101000000000000000000000000000000000000000000000000000000000000000000000000000000000000000000000000
compiled_det_floor	-
CASE	op	reverse	abc|de
probes	0
raw	5	5	1
rawdump	N,3/99/99,4/101/101;A;N,1/97/97;N,2/98/98;N,1/100/100
flags	0	0	0	1
nfarun	0000000000000000000000000000000000000000000000000000000000000000000000000000000000000000000000000000000000000000000000000000000
compiled	NORMAL	-	-	-1	0	0	0000000000000000000000000000000000000000000000000000000000000000000000000000000000000000000000000000000000000000000000000000000
compiled_floor	null,null,null,null,x636261,x636261,null,null,null,null,null,null,null,null,null,x6564,x6564,x6564,x6564,x6564,x6564,null,null,null,x636261,null,null,null,null,null,null,x6564,null,null,x6564,x6564,x6564,x6564,x6564,null,null,null,x6564,null,null,null,null,null,null,null,null,null,null,null,null,null,null,null,null,null,null,x6564,null,null,null,null,x6564,x6564,null,x6564,x6564,x6564,x6564,x6564,x6564,x6564,x6564,x6564,null,null,x6564,x6564,x6564,x6564,x6564,x6564,x6564,x6564,x6564,null,null,null,null,null,null,x6564,x6564,null,null,null,null,null,null,x6564,null,x6564,null,x6564,null,null,null,null,null,x6564,null,null,x636261,x636261,null,null,null,null,null,null,null,x6564,x6564
det	5	5	1
detdump	N,3/99/99,4/101/101;A;N,1/97/97;N,2/98/98;N,1/100/100
min	5	5
run	0000000000000000000000000000000000000000000000000000000000000000000000000000000000000000000000000000000000000000000000000000000
charrun	0000000000000000000000000000000000000000000000000000000000000000000000000000000000000000000000000000000000000000000000000000000
prefix	
singleton	null
topo	0,4,3,2,1
strings	2	cba	ed
compiled_det	NORMAL	-	-	-1	0	0	0000000000000000000000000000000000000000000000000000000000000000000000000000000000000000000000000000000000000000000000000000000
compiled_det_floor	null,null,null,null,x636261,x636261,null,null,null,null,null,null,null,null,null,x6564,x6564,x6564,x6564,x6564,x6564,null,null,null,x636261,null,null,null,null,null,null,x6564,null,null,x6564,x6564,x6564,x6564,x6564,null,null,null,x6564,null,null,null,null,null,null,null,null,null,null,null,null,null,null,null,null,null,null,x6564,null,null,null,null,x6564,x6564,null,x6564,x6564,x6564,x6564,x6564,x6564,x6564,x6564,x6564,null,null,x6564,x6564,x6564,x6564,x6564,x6564,x6564,x6564,x6564,null,null,null,null,null,null,x6564,x6564,null,null,null,null,null,null,x6564,null,x6564,null,x6564,null,null,null,null,null,x6564,null,null,x636261,x636261,null,null,null,null,null,null,null,x6564,x6564
CASE	op	reverse	a*b
probes	0
raw	2	2	1
rawdump	N,1/98/98;A,1/97/97
flags	0	0	0	0
nfarun	0010000000000000000000000100000000000000000000000000000000000000000000000000000000000000000000000000000000000000000000000000000
compiled	NORMAL	-	-	-1	0	0	0010000000000000000000000100000000000000000000000000000000000000000000000000000000000000000000000000000000000000000000000000000
compiled_floor	-
det	2	2	1
detdump	N,1/98/98;A,1/97/97
min	2	2
run	0010000000000000000000000100000000000000000000000000000000000000000000000000000000000000000000000000000000000000000000000000000
charrun	0010000000000000000000000100000000000000000000000000000000000000000000000000000000000000000000000000000000000000000000000000000
prefix	b
singleton	null
compiled_det	NORMAL	-	-	-1	0	0	0010000000000000000000000100000000000000000000000000000000000000000000000000000000000000000000000000000000000000000000000000000
compiled_det_floor	-
CASE	op	reverse	#
probes	0
raw	0	0	1
rawdump	
flags	0	1	0	1
nfarun	0000000000000000000000000000000000000000000000000000000000000000000000000000000000000000000000000000000000000000000000000000000
compiled	NONE	-	-	-1	1	0	-
compiled_floor	-
det	0	0	1
detdump	
min	0	0
run	0000000000000000000000000000000000000000000000000000000000000000000000000000000000000000000000000000000000000000000000000000000
charrun	0000000000000000000000000000000000000000000000000000000000000000000000000000000000000000000000000000000000000000000000000000000
prefix	
singleton	null
topo	
strings	0
compiled_det	NONE	-	-	-1	1	0	-
compiled_det_floor	-
CASE	automata	string	hello
probes	0
raw	6	5	1
rawdump	N,1/104/104;N,2/101/101;N,3/108/108;N,4/108/108;N,5/111/111;A
flags	0	0	0	1
nfarun	0000000000000000000000000000000000000000000000000000000000000000000000000000000000000000000000000000000100000000000000000000000
compiled	SINGLE	x68656c6c6f	-	-1	1	0	-
compiled_floor	-
det	6	5	1
detdump	N,1/104/104;N,2/101/101;N,3/108/108;N,4/108/108;N,5/111/111;A
min	6	5
run	0000000000000000000000000000000000000000000000000000000000000000000000000000000000000000000000000000000100000000000000000000000
charrun	0000000000000000000000000000000000000000000000000000000000000000000000000000000000000000000000000000000100000000000000000000000
prefix	hello
singleton	hello
topo	0,1,2,3,4,5
strings	1	hello
compiled_det	SINGLE	x68656c6c6f	-	-1	1	0	-
compiled_det_floor	-
CASE	automata	string	
probes	0
raw	1	0	1
rawdump	A
flags	0	0	0	1
nfarun	1000000000000000000000000000000000000000000000000000000000000000000000000000000000000000000000000000000000000000000000000000000
compiled	SINGLE	x	-	-1	1	0	-
compiled_floor	-
det	1	0	1
detdump	A
min	1	0
run	1000000000000000000000000000000000000000000000000000000000000000000000000000000000000000000000000000000000000000000000000000000
charrun	1000000000000000000000000000000000000000000000000000000000000000000000000000000000000000000000000000000000000000000000000000000
prefix	
singleton	
topo	0
strings	1	
compiled_det	SINGLE	x	-	-1	1	0	-
compiled_det_floor	-
CASE	automata	string	\u{65e5}\u{1f600}
probes	0
raw	3	2	1
rawdump	N,1/26085/26085;N,2/128512/128512;A
flags	0	0	0	1
nfarun	0000000000000000000000000000000000000000000000000000000000000000000000000000000000000000000000000000000000000000000000000000000
compiled	SINGLE	xe697a5f09f9880	-	-1	1	0	-
compiled_floor	-
det	3	2	1
detdump	N,1/26085/26085;N,2/128512/128512;A
min	3	2
run	0000000000000000000000000000000000000000000000000000000000000000000000000000000000000000000000000000000000000000000000000000000
charrun	0000000000000000000000000000000000000000000000000000000000000000000000000000000000000000000000000000000000000000000000000000000
prefix	\u{65e5}\u{1f600}
singleton	\u{65e5}\u{1f600}
topo	0,1,2
strings	1	\u{65e5}\u{1f600}
compiled_det	SINGLE	xe697a5f09f9880	-	-1	1	0	-
compiled_det_floor	-
CASE	automata	ci_string	Stra\u{df}e
probes	0
raw	7	13	1
rawdump	N,1/83/83,1/115/115,1/383/383;N,2/84/84,2/116/116;N,3/82/82,3/114/114;N,4/65/65,4/97/97;N,5/223/223,5/7838/7838;N,6/69/69,6/101/101;A
flags	0	0	0	1
nfarun	0000000000000000000000000000000000000000000000000000000000000000000000000000010100000000000000000000000000000000000000000000000
compiled	NORMAL	-	-	-1	0	0	0000000000000000000000000000000000000000000000000000000000000000000000000000010100000000000000000000000000000000000000000000000
compiled_floor	null,x53747261e1ba9e65,x53747261e1ba9e65,x53747261e1ba9e65,x53747261e1ba9e65,x53747261e1ba9e65,x53747261e1ba9e65,x53747261e1ba9e65,x53747261e1ba9e65,x53747261e1ba9e65,x53747261e1ba9e65,x53747261e1ba9e65,x53747261e1ba9e65,x53747261e1ba9e65,x53747261e1ba9e65,x73747261e1ba9e65,x53747261e1ba9e65,x73747261e1ba9e65,x73747261e1ba9e65,x73747261e1ba9e65,x73747261e1ba9e65,x53747261e1ba9e65,x53747261e1ba9e65,x53747261e1ba9e65,x53747261e1ba9e65,x53747261e1ba9e65,x53747261e1ba9e65,x53747261e1ba9e65,x53747261e1ba9e65,x53747261e1ba9e65,x53747261e1ba9e65,x53747261e1ba9e65,x53747261e1ba9e65,x53747261e1ba9e65,x53747261e1ba9e65,x53747261e1ba9e65,x53747261e1ba9e65,x53747261e1ba9e65,x73547261e1ba9e65,x53747261e1ba9e65,x53747261e1ba9e65,x53747261e1ba9e65,x53747261e1ba9e65,null,null,null,null,null,null,null,null,null,null,null,null,null,null,null,null,null,null,x53747261e1ba9e65,null,null,null,null,x53747261e1ba9e65,xc5bf747261e1ba9e65,null,x53747261e1ba9e65,x73747261e1ba9e65,xc5bf747261e1ba9e65,xc5bf747261e1ba9e65,xc5bf747261e1ba9e65,xc5bf747261e1ba9e65,xc5bf747261e1ba9e65,xc5bf747261e1ba9e65,x73747261c39f65,null,x53747261c39f65,x73747261e1ba9e65,x73747261e1ba9e65,x73747261e1ba9e65,xc5bf747261e1ba9e65,xc5bf747261e1ba9e65,xc5bf747261e1ba9e65,xc5bf747261e1ba9e65,xc5bf747261e1ba9e65,xc5bf747261e1ba9e65,null,null,x53747261e1ba9e65,null,x53747261e1ba9e65,null,x53747261e1ba9e65,x73747261e1ba9e65,x53747261e1ba9e65,null,null,null,x53747261e1ba9e65,null,x53747261e1ba9e65,null,x53747261e1ba9e65,null,xc5bf747261e1ba9e65,x53747261e1ba9e65,x53747261e1ba9e65,x53747261e1ba9e65,null,null,x53747261e1ba9e65,x53747261e1ba9e65,x53747261e1ba9e65,x53747261e1ba9e65,x53747261e1ba9e65,x53747261e1ba9e65,x53747261e1ba9e65,x53747261e1ba9e65,null,x53747261e1ba9e65,x53747261e1ba9e65,x53747261e1ba9e65,x73747261e1ba9e65,x73747261e1ba9e65
det	7	13	1
detdump	N,1/83/83,1/115/115,1/383/383;N,2/84/84,2/116/116;N,3/82/82,3/114/114;N,4/65/65,4/97/97;N,5/223/223,5/7838/7838;N,6/69/69,6/101/101;A
min	7	13
run	0000000000000000000000000000000000000000000000000000000000000000000000000000010100000000000000000000000000000000000000000000000
charrun	0000000000000000000000000000000000000000000000000000000000000000000000000000010100000000000000000000000000000000000000000000000
prefix	
singleton	null
topo	0,1,2,3,4,5,6
strings	50	STRA\u{df}E	STRA\u{df}e	STRA\u{1e9e}E	STRA\u{1e9e}e	STRa\u{df}E	STRa\u{df}e	STRa\u{1e9e}E	STRa\u{1e9e}e	STrA\u{df}E	STrA\u{df}e	STrA\u{1e9e}E	STrA\u{1e9e}e	STra\u{df}E	STra\u{df}e	STra\u{1e9e}E	STra\u{1e9e}e	StRA\u{df}E	StRA\u{df}e	StRA\u{1e9e}E	StRA\u{1e9e}e	StRa\u{df}E	StRa\u{df}e	StRa\u{1e9e}E	StRa\u{1e9e}e	StrA\u{df}E	StrA\u{df}e	StrA\u{1e9e}E	StrA\u{1e9e}e	Stra\u{df}E	Stra\u{df}e	Stra\u{1e9e}E	Stra\u{1e9e}e	sTRA\u{df}E	sTRA\u{df}e	sTRA\u{1e9e}E	sTRA\u{1e9e}e	sTRa\u{df}E	sTRa\u{df}e	sTRa\u{1e9e}E	sTRa\u{1e9e}e	sTrA\u{df}E	sTrA\u{df}e	sTrA\u{1e9e}E	sTrA\u{1e9e}e	sTra\u{df}E	sTra\u{df}e	sTra\u{1e9e}E	sTra\u{1e9e}e	stRA\u{df}E	stRA\u{df}e
compiled_det	NORMAL	-	-	-1	0	0	0000000000000000000000000000000000000000000000000000000000000000000000000000010100000000000000000000000000000000000000000000000
compiled_det_floor	null,x53747261e1ba9e65,x53747261e1ba9e65,x53747261e1ba9e65,x53747261e1ba9e65,x53747261e1ba9e65,x53747261e1ba9e65,x53747261e1ba9e65,x53747261e1ba9e65,x53747261e1ba9e65,x53747261e1ba9e65,x53747261e1ba9e65,x53747261e1ba9e65,x53747261e1ba9e65,x53747261e1ba9e65,x73747261e1ba9e65,x53747261e1ba9e65,x73747261e1ba9e65,x73747261e1ba9e65,x73747261e1ba9e65,x73747261e1ba9e65,x53747261e1ba9e65,x53747261e1ba9e65,x53747261e1ba9e65,x53747261e1ba9e65,x53747261e1ba9e65,x53747261e1ba9e65,x53747261e1ba9e65,x53747261e1ba9e65,x53747261e1ba9e65,x53747261e1ba9e65,x53747261e1ba9e65,x53747261e1ba9e65,x53747261e1ba9e65,x53747261e1ba9e65,x53747261e1ba9e65,x53747261e1ba9e65,x53747261e1ba9e65,x73547261e1ba9e65,x53747261e1ba9e65,x53747261e1ba9e65,x53747261e1ba9e65,x53747261e1ba9e65,null,null,null,null,null,null,null,null,null,null,null,null,null,null,null,null,null,null,x53747261e1ba9e65,null,null,null,null,x53747261e1ba9e65,xc5bf747261e1ba9e65,null,x53747261e1ba9e65,x73747261e1ba9e65,xc5bf747261e1ba9e65,xc5bf747261e1ba9e65,xc5bf747261e1ba9e65,xc5bf747261e1ba9e65,xc5bf747261e1ba9e65,xc5bf747261e1ba9e65,x73747261c39f65,null,x53747261c39f65,x73747261e1ba9e65,x73747261e1ba9e65,x73747261e1ba9e65,xc5bf747261e1ba9e65,xc5bf747261e1ba9e65,xc5bf747261e1ba9e65,xc5bf747261e1ba9e65,xc5bf747261e1ba9e65,xc5bf747261e1ba9e65,null,null,x53747261e1ba9e65,null,x53747261e1ba9e65,null,x53747261e1ba9e65,x73747261e1ba9e65,x53747261e1ba9e65,null,null,null,x53747261e1ba9e65,null,x53747261e1ba9e65,null,x53747261e1ba9e65,null,xc5bf747261e1ba9e65,x53747261e1ba9e65,x53747261e1ba9e65,x53747261e1ba9e65,null,null,x53747261e1ba9e65,x53747261e1ba9e65,x53747261e1ba9e65,x53747261e1ba9e65,x53747261e1ba9e65,x53747261e1ba9e65,x53747261e1ba9e65,x53747261e1ba9e65,null,x53747261e1ba9e65,x53747261e1ba9e65,x53747261e1ba9e65,x73747261e1ba9e65,x73747261e1ba9e65
CASE	automata	ci_string	kS
probes	0
raw	3	6	1
rawdump	N,1/75/75,1/107/107,1/8490/8490;N,2/83/83,2/115/115,2/383/383;A
flags	0	0	0	1
nfarun	0000000000000000000000000000000000000000000000000000000000000000000000000000000000000000000000000000000001110000000000000000000
compiled	NORMAL	-	-	-1	0	0	0000000000000000000000000000000000000000000000000000000000000000000000000000000000000000000000000000000001110000000000000000000
compiled_floor	null,x4bc5bf,x4bc5bf,x4bc5bf,x4bc5bf,x4bc5bf,x4bc5bf,x4bc5bf,x4bc5bf,x4bc5bf,x4bc5bf,x4bc5bf,x4bc5bf,x4bc5bf,x4bc5bf,x6bc5bf,x6bc5bf,x6bc5bf,x6bc5bf,x6bc5bf,x6bc5bf,x4bc5bf,x4bc5bf,x4bc5bf,x4bc5bf,x4bc5bf,x4bc5bf,x4bc5bf,x4bc5bf,x4bc5bf,x4bc5bf,x4bc5bf,x4bc5bf,x4bc5bf,x4bc5bf,x4bc5bf,x4bc5bf,x4bc5bf,x6bc5bf,x4bc5bf,x4bc5bf,x4bc5bf,x6bc5bf,null,null,null,null,null,null,null,null,null,null,null,null,null,null,null,null,null,null,x6bc5bf,x4bc5bf,x4bc5bf,x4bc5bf,null,x4bc5bf,x6bc5bf,x4bc5bf,x6bc5bf,x6bc5bf,x6bc5bf,x6bc5bf,x6bc5bf,x6bc5bf,x6bc5bf,x6bc5bf,x6bc5bf,x4bc5bf,x4bc5bf,x6bc5bf,x6bc5bf,x6bc5bf,xe284aac5bf,xe284aac5bf,xe284aac5bf,xe284aac5bf,xe284aac5bf,xe284aac5bf,null,null,x4bc5bf,null,x4bc5bf,null,x6bc5bf,x6bc5bf,x4bc5bf,null,null,null,x4bc5bf,null,x4bc5bf,null,x6b53,x4b53,xe284aa73,x4bc5bf,x4bc5bf,x4bc5bf,null,null,x4bc5bf,x4bc5bf,x4bc5bf,x4bc5bf,x4bc5bf,x4bc5bf,x4bc5bf,x4bc5bf,null,x4bc5bf,x4bc5bf,x4bc5bf,x6bc5bf,x6bc5bf
det	3	6	1
detdump	N,1/75/75,1/107/107,1/8490/8490;N,2/83/83,2/115/115,2/383/383;A
min	3	6
run	0000000000000000000000000000000000000000000000000000000000000000000000000000000000000000000000000000000001110000000000000000000
charrun	0000000000000000000000000000000000000000000000000000000000000000000000000000000000000000000000000000000001110000000000000000000
prefix	
singleton	null
topo	0,1,2
strings	9	KS	Ks	K\u{17f}	kS	ks	k\u{17f}	\u{212a}S	\u{212a}s	\u{212a}\u{17f}
compiled_det	NORMAL	-	-	-1	0	0	0000000000000000000000000000000000000000000000000000000000000000000000000000000000000000000000000000000001110000000000000000000
compiled_det_floor	null,x4bc5bf,x4bc5bf,x4bc5bf,x4bc5bf,x4bc5bf,x4bc5bf,x4bc5bf,x4bc5bf,x4bc5bf,x4bc5bf,x4bc5bf,x4bc5bf,x4bc5bf,x4bc5bf,x6bc5bf,x6bc5bf,x6bc5bf,x6bc5bf,x6bc5bf,x6bc5bf,x4bc5bf,x4bc5bf,x4bc5bf,x4bc5bf,x4bc5bf,x4bc5bf,x4bc5bf,x4bc5bf,x4bc5bf,x4bc5bf,x4bc5bf,x4bc5bf,x4bc5bf,x4bc5bf,x4bc5bf,x4bc5bf,x4bc5bf,x6bc5bf,x4bc5bf,x4bc5bf,x4bc5bf,x6bc5bf,null,null,null,null,null,null,null,null,null,null,null,null,null,null,null,null,null,null,x6bc5bf,x4bc5bf,x4bc5bf,x4bc5bf,null,x4bc5bf,x6bc5bf,x4bc5bf,x6bc5bf,x6bc5bf,x6bc5bf,x6bc5bf,x6bc5bf,x6bc5bf,x6bc5bf,x6bc5bf,x6bc5bf,x4bc5bf,x4bc5bf,x6bc5bf,x6bc5bf,x6bc5bf,xe284aac5bf,xe284aac5bf,xe284aac5bf,xe284aac5bf,xe284aac5bf,xe284aac5bf,null,null,x4bc5bf,null,x4bc5bf,null,x6bc5bf,x6bc5bf,x4bc5bf,null,null,null,x4bc5bf,null,x4bc5bf,null,x6b53,x4b53,xe284aa73,x4bc5bf,x4bc5bf,x4bc5bf,null,null,x4bc5bf,x4bc5bf,x4bc5bf,x4bc5bf,x4bc5bf,x4bc5bf,x4bc5bf,x4bc5bf,null,x4bc5bf,x4bc5bf,x4bc5bf,x6bc5bf,x6bc5bf
CASE	automata	char_range	97	122
probes	0
raw	2	1	1
rawdump	N,1/97/122;A
flags	0	0	0	1
nfarun	0111110000000001110000000000000000000000000000000000000000000000001001000000000000000000000000000000000000000000000000000000000
compiled	NORMAL	-	-	-1	0	0	0111110000000001110000000000000000000000000000000000000000000000001001000000000000000000000000000000000000000000000000000000000
compiled_floor	null,x61,x62,x63,x64,x65,x61,x61,x61,x61,x61,x61,x61,x61,x61,x7a,x71,x78,x78,x78,x78,x61,x61,x61,x63,x62,x62,x61,x61,x61,x62,x66,x62,x62,x66,x66,x66,x69,x73,x61,x61,x61,x71,null,null,null,null,null,null,null,null,null,null,null,null,null,null,null,null,null,null,x71,null,null,null,null,x6b,x7a,null,x73,x7a,x7a,x7a,x7a,x7a,x7a,x7a,x73,null,null,x7a,x7a,x7a,x7a,x7a,x7a,x7a,x7a,x7a,null,null,null,null,null,null,x71,x7a,x61,null,null,null,x61,null,x68,null,x6b,null,x7a,x61,x61,x61,null,null,x68,x63,x63,x64,x64,x63,x61,x61,null,x61,x61,x61,x78,x7a
det	2	1	1
detdump	N,1/97/122;A
min	2	1
run	0111110000000001110000000000000000000000000000000000000000000000001001000000000000000000000000000000000000000000000000000000000
charrun	0111110000000001110000000000000000000000000000000000000000000000001001000000000000000000000000000000000000000000000000000000000
prefix	
singleton	null
topo	0,1
strings	26	a	b	c	d	e	f	g	h	i	j	k	l	m	n	o	p	q	r	s	t	u	v	w	x	y	z
compiled_det	NORMAL	-	-	-1	0	0	0111110000000001110000000000000000000000000000000000000000000000001001000000000000000000000000000000000000000000000000000000000
compiled_det_floor	null,x61,x62,x63,x64,x65,x61,x61,x61,x61,x61,x61,x61,x61,x61,x7a,x71,x78,x78,x78,x78,x61,x61,x61,x63,x62,x62,x61,x61,x61,x62,x66,x62,x62,x66,x66,x66,x69,x73,x61,x61,x61,x71,null,null,null,null,null,null,null,null,null,null,null,null,null,null,null,null,null,null,x71,null,null,null,null,x6b,x7a,null,x73,x7a,x7a,x7a,x7a,x7a,x7a,x7a,x73,null,null,x7a,x7a,x7a,x7a,x7a,x7a,x7a,x7a,x7a,null,null,null,null,null,null,x71,x7a,x61,null,null,null,x61,null,x68,null,x6b,null,x7a,x61,x61,x61,null,null,x68,x63,x63,x64,x64,x63,x61,x61,null,x61,x61,x61,x78,x7a
CASE	automata	char_range	128512	128591
probes	0
raw	2	1	1
rawdump	N,1/128512/128591;A
flags	0	0	0	1
nfarun	0000000000000000000000000000000000000000000000000000000000000000000000000000000000000101000000000000000000000000000000000000000
compiled	NORMAL	-	-	-1	0	0	0000000000000000000000000000000000000000000000000000000000000000000000000000000000000101000000000000000000000000000000000000000
compiled_floor	null,null,null,null,null,null,null,null,null,null,null,null,null,null,null,null,null,null,null,null,null,null,null,null,null,null,null,null,null,null,null,null,null,null,null,null,null,null,null,null,null,null,null,null,null,null,null,null,null,null,null,null,null,null,null,null,null,null,null,null,null,null,null,null,null,null,null,null,null,null,null,null,null,null,null,null,null,null,null,null,null,null,null,null,null,xf09f9880,xf09f9880,xf09f9881,xf09f9882,null,null,null,null,null,null,null,null,null,null,null,null,null,null,null,null,null,null,null,null,null,null,null,null,null,null,null,null,null,null,null,null,null,null,null,null,null,null
det	2	1	1
detdump	N,1/128512/128591;A
min	2	1
run	0000000000000000000000000000000000000000000000000000000000000000000000000000000000000101000000000000000000000000000000000000000
charrun	0000000000000000000000000000000000000000000000000000000000000000000000000000000000000101000000000000000000000000000000000000000
prefix	
singleton	null
topo	0,1
strings	50	\u{1f600}	\u{1f601}	\u{1f602}	\u{1f603}	\u{1f604}	\u{1f605}	\u{1f606}	\u{1f607}	\u{1f608}	\u{1f609}	\u{1f60a}	\u{1f60b}	\u{1f60c}	\u{1f60d}	\u{1f60e}	\u{1f60f}	\u{1f610}	\u{1f611}	\u{1f612}	\u{1f613}	\u{1f614}	\u{1f615}	\u{1f616}	\u{1f617}	\u{1f618}	\u{1f619}	\u{1f61a}	\u{1f61b}	\u{1f61c}	\u{1f61d}	\u{1f61e}	\u{1f61f}	\u{1f620}	\u{1f621}	\u{1f622}	\u{1f623}	\u{1f624}	\u{1f625}	\u{1f626}	\u{1f627}	\u{1f628}	\u{1f629}	\u{1f62a}	\u{1f62b}	\u{1f62c}	\u{1f62d}	\u{1f62e}	\u{1f62f}	\u{1f630}	\u{1f631}
compiled_det	NORMAL	-	-	-1	0	0	0000000000000000000000000000000000000000000000000000000000000000000000000000000000000101000000000000000000000000000000000000000
compiled_det_floor	null,null,null,null,null,null,null,null,null,null,null,null,null,null,null,null,null,null,null,null,null,null,null,null,null,null,null,null,null,null,null,null,null,null,null,null,null,null,null,null,null,null,null,null,null,null,null,null,null,null,null,null,null,null,null,null,null,null,null,null,null,null,null,null,null,null,null,null,null,null,null,null,null,null,null,null,null,null,null,null,null,null,null,null,null,xf09f9880,xf09f9880,xf09f9881,xf09f9882,null,null,null,null,null,null,null,null,null,null,null,null,null,null,null,null,null,null,null,null,null,null,null,null,null,null,null,null,null,null,null,null,null,null,null,null,null,null
CASE	automata	char_range	5	4
probes	0
raw	0	0	1
rawdump	
flags	0	1	0	1
nfarun	0000000000000000000000000000000000000000000000000000000000000000000000000000000000000000000000000000000000000000000000000000000
compiled	NONE	-	-	-1	1	0	-
compiled_floor	-
det	0	0	1
detdump	
min	0	0
run	0000000000000000000000000000000000000000000000000000000000000000000000000000000000000000000000000000000000000000000000000000000
charrun	0000000000000000000000000000000000000000000000000000000000000000000000000000000000000000000000000000000000000000000000000000000
prefix	
singleton	null
topo	
strings	0
compiled_det	NONE	-	-	-1	1	0	-
compiled_det_floor	-
CASE	automata	decimal	1	100	0
probes	0
raw	10	14	0
rawdump	N,0/48/48,1/48/48,2/48/48,3/49/49,7/49/49,5/49/57,4/50/57;N,2/48/48,5/49/57;N,3/49/49,4/50/57;A;A;N,6/48/57;A;N,8/48/48;N,9/48/48;A
flags	0	0	0	0
nfarun	0000000000000000000000000000000000000000000111111111000011100000000000000000000000000000000000000000000000000000000000000000000
compiled	NORMAL	-	-	-1	0	1	0000000000000000000000000000000000000000000111111111000011100000000000000000000000000000000000000000000000000000000000000000000
compiled_floor	-
det	7	10	1
detdump	N,1/48/48,2/49/49,3/50/57;N,1/48/48,2/49/49,3/50/57;A,4/48/48,5/49/57;A,5/48/57;A,6/48/48;A;A
min	5	7
run	0000000000000000000000000000000000000000000111111111000011100000000000000000000000000000000000000000000000000000000000000000000
charrun	0000000000000000000000000000000000000000000111111111000011100000000000000000000000000000000000000000000000000000000000000000000
prefix	
singleton	null
compiled_det	NORMAL	-	-	-1	0	0	0000000000000000000000000000000000000000000111111111000011100000000000000000000000000000000000000000000000000000000000000000000
compiled_det_floor	-
CASE	automata	decimal	5	500	3
probes	0
raw	13	12	1
rawdump	N,1/48/48,10/49/52,7/53/53;N,2/48/48,5/49/57;N,3/53/53,4/54/57;A;A;N,6/48/57;A;N,8/48/48;N,9/48/48;A;N,11/48/57;N,12/48/57;A
flags	0	0	0	1
nfarun	0000000000000000000000000000000000000000000000010001110000000000000000000000000000000000000000000000000000000000000000000000000
compiled	NORMAL	-	-	-1	0	0	0000000000000000000000000000000000000000000000010001110000000000000000000000000000000000000000000000000000000000000000000000000
compiled_floor	null,x353030,x353030,x353030,x353030,x353030,x353030,x353030,x353030,x353030,x353030,x353030,x353030,x353030,x353030,x353030,x353030,x353030,x353030,x353030,x353030,x353030,x353030,x353030,x353030,x353030,x353030,x353030,x353030,x353030,x353030,x353030,x353030,x353030,x353030,x353030,x353030,x353030,x353030,x353030,x353030,x353030,x353030,x303939,x343939,x353030,x303939,x303130,x303439,null,x313639,x313030,x313031,x353030,x353030,x303530,x353030,x303639,x353030,x313233,x303132,x353030,x353030,x353030,x353030,x353030,x353030,x353030,x353030,x353030,x353030,x353030,x353030,x353030,x353030,x353030,x353030,x353030,x353030,x353030,x353030,x353030,x353030,x353030,x353030,x353030,x353030,x353030,x353030,null,null,x353030,null,x353030,null,x353030,x353030,x353030,null,x353030,x353030,x353030,x353030,x353030,x353030,x353030,x353030,x353030,x353030,x353030,x353030,null,x353030,x353030,x353030,x353030,x353030,x353030,x353030,x353030,x353030,null,x353030,x353030,x353030,x353030,x353030
det	13	12	1
detdump	N,1/48/48,10/49/52,7/53/53;N,2/48/48,5/49/57;N,3/53/53,4/54/57;A;A;N,6/48/57;A;N,8/48/48;N,9/48/48;A;N,11/48/57;N,12/48/57;A
min	8	10
run	0000000000000000000000000000000000000000000000010001110000000000000000000000000000000000000000000000000000000000000000000000000
charrun	0000000000000000000000000000000000000000000000010001110000000000000000000000000000000000000000000000000000000000000000000000000
prefix	
singleton	null
topo	0,7,8,9,10,11,12,1,5,6,2,4,3
strings	50	005	006	007	008	009	010	011	012	013	014	015	016	017	018	019	020	021	022	023	024	025	026	027	028	029	030	031	032	033	034	035	036	037	038	039	040	041	042	043	044	045	046	047	048	049	050	051	052	053	054
compiled_det	NORMAL	-	-	-1	0	0	0000000000000000000000000000000000000000000000010001110000000000000000000000000000000000000000000000000000000000000000000000000
compiled_det_floor	null,x353030,x353030,x353030,x353030,x353030,x353030,x353030,x353030,x353030,x353030,x353030,x353030,x353030,x353030,x353030,x353030,x353030,x353030,x353030,x353030,x353030,x353030,x353030,x353030,x353030,x353030,x353030,x353030,x353030,x353030,x353030,x353030,x353030,x353030,x353030,x353030,x353030,x353030,x353030,x353030,x353030,x353030,x303939,x343939,x353030,x303939,x303130,x303439,null,x313639,x313030,x313031,x353030,x353030,x303530,x353030,x303639,x353030,x313233,x303132,x353030,x353030,x353030,x353030,x353030,x353030,x353030,x353030,x353030,x353030,x353030,x353030,x353030,x353030,x353030,x353030,x353030,x353030,x353030,x353030,x353030,x353030,x353030,x353030,x353030,x353030,x353030,x353030,null,null,x353030,null,x353030,null,x353030,x353030,x353030,null,x353030,x353030,x353030,x353030,x353030,x353030,x353030,x353030,x353030,x353030,x353030,x353030,null,x353030,x353030,x353030,x353030,x353030,x353030,x353030,x353030,x353030,null,x353030,x353030,x353030,x353030,x353030
CASE	automata	decimal	0	0	0
probes	0
raw	2	2	0
rawdump	N,0/48/48,1/48/48;A
flags	0	0	0	0
nfarun	0000000000000000000000000000000000000000000000000000000000000000000000000000000000000000000000000000000000000000000000000000000
compiled	NORMAL	-	x30	-1	0	1	0000000000000000000000000000000000000000000000000000000000000000000000000000000000000000000000000000000000000000000000000000000
compiled_floor	-
det	2	2	1
detdump	N,1/48/48;A,1/48/48
min	2	2
run	0000000000000000000000000000000000000000000000000000000000000000000000000000000000000000000000000000000000000000000000000000000
charrun	0000000000000000000000000000000000000000000000000000000000000000000000000000000000000000000000000000000000000000000000000000000
prefix	0
singleton	null
compiled_det	NORMAL	-	x30	-1	0	0	0000000000000000000000000000000000000000000000000000000000000000000000000000000000000000000000000000000000000000000000000000000
compiled_det_floor	-
CASE	automata	decimal	17	1234	0
probes	0
raw	21	25	0
rawdump	N,0/48/48,1/48/48,2/48/48,3/49/49,11/49/49,8/49/57,6/50/57;N,2/48/48,8/49/57;N,3/49/49,6/50/57;N,4/55/55,5/56/57;A;A;N,7/48/57;A;N,9/48/57;N,10/48/57;A;N,18/48/49,12/50/50;N,16/48/50,13/51/51;N,15/48/51,14/52/52;A;A;N,17/48/57;A;N,19/48/57;N,20/48/57;A
flags	0	0	0	0
nfarun	0000000000000000000000000000000000000000000000000011111110011000000000000000000000000000000000000000000000000000000000000000000
compiled	NORMAL	-	-	-1	0	1	0000000000000000000000000000000000000000000000000011111110011000000000000000000000000000000000000000000000000000000000000000000
compiled_floor	-
det	18	24	1
detdump	N,1/48/48,2/49/49,3/50/57;N,1/48/48,2/49/49,3/50/57;N,4/48/49,5/50/50,6/51/54,7/55/55,8/56/57;N,9/48/57;N,10/48/57;N,11/48/50,12/51/51,13/52/57;N,13/48/57;A,13/48/57;A,13/48/57;A,13/48/57;A,14/48/57;A,15/48/57;A,16/48/51,17/52/52;A;A;A;A;A
min	8	14
run	0000000000000000000000000000000000000000000000000011111110011000000000000000000000000000000000000000000000000000000000000000000
charrun	0000000000000000000000000000000000000000000000000011111110011000000000000000000000000000000000000000000000000000000000000000000
prefix	
singleton	null
compiled_det	NORMAL	-	-	-1	0	0	0000000000000000000000000000000000000000000000000011111110011000000000000000000000000000000000000000000000000000000000000000000
compiled_det_floor	-
CASE	automata	decimal	123	45678	5
probes	0
raw	36	35	1
rawdump	N,1/48/48,31/49/51,16/52/52;N,2/48/48,12/49/57;N,3/49/49,9/50/57;N,4/50/50,7/51/57;N,5/51/51,6/52/57;A;A;N,8/48/57;A;N,10/48/57;N,11/48/57;A;N,13/48/57;N,14/48/57;N,15/48/57;A;N,27/48/52,17/53/53;N,24/48/53,18/54/54;N,22/48/54,19/55/55;N,21/48/55,20/56/56;A;A;N,23/48/57;A;N,25/48/57;N,26/48/57;A;N,28/48/57;N,29/48/57;N,30/48/57;A;N,32/48/57;N,33/48/57;N,34/48/57;N,35/48/57;A
flags	0	0	0	1
nfarun	0000000000000000000000000000000000000000000000000000000000001000000000000000000000000000000000000000000000000000000000000000000
compiled	NORMAL	-	-	-1	0	0	0000000000000000000000000000000000000000000000000000000000001000000000000000000000000000000000000000000000000000000000000000000
compiled_floor	null,x3435363738,x3435363738,x3435363738,x3435363738,x3435363738,x3435363738,x3435363738,x3435363738,x3435363738,x3435363738,x3435363738,x3435363738,x3435363738,x3435363738,x3435363738,x3435363738,x3435363738,x3435363738,x3435363738,x3435363738,x3435363738,x3435363738,x3435363738,x3435363738,x3435363738,x3435363738,x3435363738,x3435363738,x3435363738,x3435363738,x3435363738,x3435363738,x3435363738,x3435363738,x3435363738,x3435363738,x3435363738,x3435363738,x3435363738,x3435363738,x3435363738,x3435363738,x3039393939,x3435363738,x3435363738,x3039393939,x3030393939,x3034393939,null,x3136393939,x3039393939,x3130303939,x3435363738,x3435363738,x3034393939,x3435363738,x3036393939,x3435363738,x3132333339,x3031323334,x3435363738,x3435363738,x3435363738,x3435363738,x3435363738,x3435363738,x3435363738,x3435363738,x3435363738,x3435363738,x3435363738,x3435363738,x3435363738,x3435363738,x3435363738,x3435363738,x3435363738,x3435363738,x3435363738,x3435363738,x3435363738,x3435363738,x3435363738,x3435363738,x3435363738,x3435363738,x3435363738,x3435363738,null,null,x3435363738,null,x3435363738,null,x3435363738,x3435363738,x3435363738,null,x3435363738,x3435363738,x3435363738,x3435363738,x3435363738,x3435363738,x3435363738,x3435363738,x3435363738,x3435363738,x3435363738,x3435363738,null,x3435363738,x3435363738,x3435363738,x3435363738,x3435363738,x3435363738,x3435363738,x3435363738,x3435363738,null,x3435363738,x3435363738,x3435363738,x3435363738,x3435363738
det	36	35	1
detdump	N,1/48/48,31/49/51,16/52/52;N,2/48/48,12/49/57;N,3/49/49,9/50/57;N,4/50/50,7/51/57;N,5/51/51,6/52/57;A;A;N,8/48/57;A;N,10/48/57;N,11/48/57;A;N,13/48/57;N,14/48/57;N,15/48/57;A;N,27/48/52,17/53/53;N,24/48/53,18/54/54;N,22/48/54,19/55/55;N,21/48/55,20/56/56;A;A;N,23/48/57;A;N,25/48/57;N,26/48/57;A;N,28/48/57;N,29/48/57;N,30/48/57;A;N,32/48/57;N,33/48/57;N,34/48/57;N,35/48/57;A
min	14	21
run	0000000000000000000000000000000000000000000000000000000000001000000000000000000000000000000000000000000000000000000000000000000
charrun	0000000000000000000000000000000000000000000000000000000000001000000000000000000000000000000000000000000000000000000000000000000
prefix	
singleton	null
topo	0,16,17,18,19,20,21,22,23,24,25,26,27,28,29,30,31,32,33,34,35,1,12,13,14,15,2,9,10,11,3,7,8,4,6,5
strings	50	00123	00124	00125	00126	00127	00128	00129	00130	00131	00132	00133	00134	00135	00136	00137	00138	00139	00140	00141	00142	00143	00144	00145	00146	00147	00148	00149	00150	00151	00152	00153	00154	00155	00156	00157	00158	00159	00160	00161	00162	00163	00164	00165	00166	00167	00168	00169	00170	00171	00172
compiled_det	NORMAL	-	-	-1	0	0	0000000000000000000000000000000000000000000000000000000000001000000000000000000000000000000000000000000000000000000000000000000
compiled_det_floor	null,x3435363738,x3435363738,x3435363738,x3435363738,x3435363738,x3435363738,x3435363738,x3435363738,x3435363738,x3435363738,x3435363738,x3435363738,x3435363738,x3435363738,x3435363738,x3435363738,x3435363738,x3435363738,x3435363738,x3435363738,x3435363738,x3435363738,x3435363738,x3435363738,x3435363738,x3435363738,x3435363738,x3435363738,x3435363738,x3435363738,x3435363738,x3435363738,x3435363738,x3435363738,x3435363738,x3435363738,x3435363738,x3435363738,x3435363738,x3435363738,x3435363738,x3435363738,x3039393939,x3435363738,x3435363738,x3039393939,x3030393939,x3034393939,null,x3136393939,x3039393939,x3130303939,x3435363738,x3435363738,x3034393939,x3435363738,x3036393939,x3435363738,x3132333339,x3031323334,x3435363738,x3435363738,x3435363738,x3435363738,x3435363738,x3435363738,x3435363738,x3435363738,x3435363738,x3435363738,x3435363738,x3435363738,x3435363738,x3435363738,x3435363738,x3435363738,x3435363738,x3435363738,x3435363738,x3435363738,x3435363738,x3435363738,x3435363738,x3435363738,x3435363738,x3435363738,x3435363738,x3435363738,null,null,x3435363738,null,x3435363738,null,x3435363738,x3435363738,x3435363738,null,x3435363738,x3435363738,x3435363738,x3435363738,x3435363738,x3435363738,x3435363738,x3435363738,x3435363738,x3435363738,x3435363738,x3435363738,null,x3435363738,x3435363738,x3435363738,x3435363738,x3435363738,x3435363738,x3435363738,x3435363738,x3435363738,null,x3435363738,x3435363738,x3435363738,x3435363738,x3435363738
CASE	automata	decimal	5	1	0
probes	0
automata	ERR	null
CASE	automata	decimal	1	500	2
probes	0
automata	ERR	null
CASE	automata	any_string	
probes	0
raw	1	1	1
rawdump	A,0/0/1114111
flags	0	0	1	0
nfarun	1111111111111111111111111111111111111111111111111111111111111111111111111111111111111111111111111111111111111111111111111111111
compiled	ALL	-	-	-1	0	0	-
compiled_floor	-
det	1	1	1
detdump	A,0/0/1114111
min	1	1
run	1111111111111111111111111111111111111111111111111111111111111111111111111111111111111111111111111111111111111111111111111111111
charrun	1111111111111111111111111111111111111111111111111111111111111111111111111111111111111111111111111111111111111111111111111111111
prefix	
singleton	null
compiled_det	ALL	-	-	-1	0	0	-
compiled_det_floor	-
CASE	automata	any_char	
probes	0
raw	2	1	1
rawdump	N,1/0/1114111;A
flags	0	0	0	1
nfarun	0111110000000001110000000000000000000000000111000000000000100000011111111111100010100101011111100011000000000000100000000100001
compiled	NORMAL	-	-	-1	0	0	0111110000000001110000000000000000000000000111000000000000100000011111111111100010100101011111100011000000000000100000000100001
compiled_floor	null,x61,x62,x63,x64,x65,x61,x61,x61,x61,x61,x61,x61,x61,x61,x7a,x71,x78,x78,x78,x78,x61,x61,x61,x63,x62,x62,x61,x61,x61,x62,x66,x62,x62,x66,x66,x66,x69,x73,x61,x61,x61,x71,x31,x35,x39,x31,x30,x30,x30,x31,x31,x31,x35,x35,x30,x39,x30,x37,x31,x30,x71,x51,x51,x51,x4b,x6b,xe284aa,x53,x73,xc5bf,xcea3,xcf83,xcf82,xc784,xc785,xc786,x73,x53,x53,xc3a9,xc3a9,xc389,xe697a5,xe697a5,xf09f9880,xf09f9880,xf09f9881,xf09f9882,x09,x20,x5f,x2d,x5c,x2e,x71,x7e,x61,x23,x40,x3c,x61,x48,x68,x48,x6b,x4b,xe284aa,x61,x61,x61,x2a,x3f,x68,x63,x63,x64,x64,x63,x61,x61,x00,x61,x61,x61,x78,xc3bf
det	2	1	1
detdump	N,1/0/1114111;A
min	2	1
run	0111110000000001110000000000000000000000000111000000000000100000011111111111100010100101011111100011000000000000100000000100001
charrun	0111110000000001110000000000000000000000000111000000000000100000011111111111100010100101011111100011000000000000100000000100001
prefix	
singleton	null
topo	0,1
strings	50	\u{0}	\u{1}	\u{2}	\u{3}	\u{4}	\u{5}	\u{6}	\u{7}	\u{8}	\u{9}	\u{a}	\u{b}	\u{c}	\u{d}	\u{e}	\u{f}	\u{10}	\u{11}	\u{12}	\u{13}	\u{14}	\u{15}	\u{16}	\u{17}	\u{18}	\u{19}	\u{1a}	\u{1b}	\u{1c}	\u{1d}	\u{1e}	\u{1f}	 	!	"	#	$	%	&	'	(	)	*	+	,	-	.	/	0	1
compiled_det	NORMAL	-	-	-1	0	0	0111110000000001110000000000000000000000000111000000000000100000011111111111100010100101011111100011000000000000100000000100001
compiled_det_floor	null,x61,x62,x63,x64,x65,x61,x61,x61,x61,x61,x61,x61,x61,x61,x7a,x71,x78,x78,x78,x78,x61,x61,x61,x63,x62,x62,x61,x61,x61,x62,x66,x62,x62,x66,x66,x66,x69,x73,x61,x61,x61,x71,x31,x35,x39,x31,x30,x30,x30,x31,x31,x31,x35,x35,x30,x39,x30,x37,x31,x30,x71,x51,x51,x51,x4b,x6b,xe284aa,x53,x73,xc5bf,xcea3,xcf83,xcf82,xc784,xc785,xc786,x73,x53,x53,xc3a9,xc3a9,xc389,xe697a5,xe697a5,xf09f9880,xf09f9880,xf09f9881,xf09f9882,x09,x20,x5f,x2d,x5c,x2e,x71,x7e,x61,x23,x40,x3c,x61,x48,x68,x48,x6b,x4b,xe284aa,x61,x61,x61,x2a,x3f,x68,x63,x63,x64,x64,x63,x61,x61,x00,x61,x61,x61,x78,xc3bf
CASE	automata	empty	
probes	0
raw	0	0	1
rawdump	
flags	0	1	0	1
nfarun	0000000000000000000000000000000000000000000000000000000000000000000000000000000000000000000000000000000000000000000000000000000
compiled	NONE	-	-	-1	1	0	-
compiled_floor	-
det	0	0	1
detdump	
min	0	0
run	0000000000000000000000000000000000000000000000000000000000000000000000000000000000000000000000000000000000000000000000000000000
charrun	0000000000000000000000000000000000000000000000000000000000000000000000000000000000000000000000000000000000000000000000000000000
prefix	
singleton	null
topo	
strings	0
compiled_det	NONE	-	-	-1	1	0	-
compiled_det_floor	-
CASE	automata	empty_string	
probes	0
raw	1	0	1
rawdump	A
flags	0	0	0	1
nfarun	1000000000000000000000000000000000000000000000000000000000000000000000000000000000000000000000000000000000000000000000000000000
compiled	SINGLE	x	-	-1	1	0	-
compiled_floor	-
det	1	0	1
detdump	A
min	1	0
run	1000000000000000000000000000000000000000000000000000000000000000000000000000000000000000000000000000000000000000000000000000000
charrun	1000000000000000000000000000000000000000000000000000000000000000000000000000000000000000000000000000000000000000000000000000000
prefix	
singleton	
topo	0
strings	1	
compiled_det	SINGLE	x	-	-1	1	0	-
compiled_det_floor	-
CASE	automata	char_set	97	99	101
probes	0
raw	2	3	1
rawdump	N,1/97/97,1/99/99,1/101/101;A
flags	0	0	0	1
nfarun	0101010000000000000000000000000000000000000000000000000000000000000000000000000000000000000000000000000000000000000000000000000
compiled	NORMAL	-	-	-1	0	0	0101010000000000000000000000000000000000000000000000000000000000000000000000000000000000000000000000000000000000000000000000000
compiled_floor	null,x61,x61,x63,x63,x65,x61,x61,x61,x61,x61,x61,x61,x61,x61,x65,x65,x65,x65,x65,x65,x61,x61,x61,x63,x61,x61,x61,x61,x61,x61,x65,x61,x61,x65,x65,x65,x65,x65,x61,x61,x61,x65,null,null,null,null,null,null,null,null,null,null,null,null,null,null,null,null,null,null,x65,null,null,null,null,x65,x65,null,x65,x65,x65,x65,x65,x65,x65,x65,x65,null,null,x65,x65,x65,x65,x65,x65,x65,x65,x65,null,null,null,null,null,null,x65,x65,x61,null,null,null,x61,null,x65,null,x65,null,x65,x61,x61,x61,null,null,x65,x63,x63,x63,x63,x63,x61,x61,null,x61,x61,x61,x65,x65
det	2	3	1
detdump	N,1/97/97,1/99/99,1/101/101;A
min	2	3
run	0101010000000000000000000000000000000000000000000000000000000000000000000000000000000000000000000000000000000000000000000000000
charrun	0101010000000000000000000000000000000000000000000000000000000000000000000000000000000000000000000000000000000000000000000000000
prefix	
singleton	null
topo	0,1
strings	3	a	c	e
compiled_det	NORMAL	-	-	-1	0	0	0101010000000000000000000000000000000000000000000000000000000000000000000000000000000000000000000000000000000000000000000000000
compiled_det_floor	null,x61,x61,x63,x63,x65,x61,x61,x61,x61,x61,x61,x61,x61,x61,x65,x65,x65,x65,x65,x65,x61,x61,x61,x63,x61,x61,x61,x61,x61,x61,x65,x61,x61,x65,x65,x65,x65,x65,x61,x61,x61,x65,null,null,null,null,null,null,null,null,null,null,null,null,null,null,null,null,null,null,x65,null,null,null,null,x65,x65,null,x65,x65,x65,x65,x65,x65,x65,x65,x65,null,null,x65,x65,x65,x65,x65,x65,x65,x65,x65,null,null,null,null,null,null,x65,x65,x61,null,null,null,x61,null,x65,null,x65,null,x65,x61,x61,x61,null,null,x65,x63,x63,x63,x63,x63,x61,x61,null,x61,x61,x61,x65,x65
CASE	automata	any_binary	
probes	0
raw	1	1	1
rawdump	A,0/0/255
flags	0	0	1	0
nfarun	1111111111111111111111111111111111111111111111111111111111111111111111111111111111111111111111111111111111111111111111111111111
compiled	ALL	-	-	-1	0	0	-
compiled_floor	-
det	1	1	1
detdump	A,0/0/255
min	1	1
run	1111111111111111111111111111111111111111111111111111111111111111111111111111111111111111111111111111111111111111111111111111111
prefix	
singleton	null
compiled_det	ALL	-	-	-1	0	0	-
compiled_det_floor	-
CASE	automata	non_empty_binary	
probes	0
raw	2	2	1
rawdump	N,1/0/255;A,1/0/255
flags	0	0	0	0
nfarun	0111111111111111111111111111111111111111111111111111111111111111111111111111111111111111111111111111111111111111111111111111111
compiled	NORMAL	-	-	1	0	0	0111111111111111111111111111111111111111111111111111111111111111111111111111111111111111111111111111111111111111111111111111111
compiled_floor	-
det	2	2	1
detdump	N,1/0/255;A,1/0/255
min	2	2
run	0111111111111111111111111111111111111111111111111111111111111111111111111111111111111111111111111111111111111111111111111111111
prefix	
singleton	null
compiled_det	NORMAL	-	-	1	0	0	0111111111111111111111111111111111111111111111111111111111111111111111111111111111111111111111111111111111111111111111111111111
compiled_det_floor	-
CASE	automata	binary	61ff00
probes	0
raw	4	3	1
rawdump	N,1/97/97;N,2/255/255;N,3/0/0;A
flags	0	0	0	1
nfarun	0000000000000000000000000000000000000000000000000000000000000000000000000000000000000000000000000000000000000000000000000000000
compiled	SINGLE	x61ff00	-	-1	1	0	-
compiled_floor	-
det	4	3	1
detdump	N,1/97/97;N,2/255/255;N,3/0/0;A
min	4	3
run	0000000000000000000000000000000000000000000000000000000000000000000000000000000000000000000000000000000000000000000000000000000
prefix	a\u{ff}\u{0}
singleton	a\u{ff}\u{0}
topo	0,1,2,3
strings	1	a\u{ff}\u{0}
compiled_det	SINGLE	x61ff00	-	-1	1	0	-
compiled_det_floor	-
CASE	automata	binary_interval	null	1	null	1
probes	0
raw	1	1	1
rawdump	A,0/0/255
flags	0	0	1	0
nfarun	1111111111111111111111111111111111111111111111111111111111111111111111111111111111111111111111111111111111111111111111111111111
compiled	ALL	-	-	-1	0	0	-
compiled_floor	-
det	1	1	1
detdump	A,0/0/255
min	1	1
run	1111111111111111111111111111111111111111111111111111111111111111111111111111111111111111111111111111111111111111111111111111111
prefix	
singleton	null
compiled_det	ALL	-	-	-1	0	0	-
compiled_det_floor	-
CASE	automata	binary_interval		0	null	1
probes	0
raw	2	2	1
rawdump	N,1/0/255;A,1/0/255
flags	0	0	0	0
nfarun	0111111111111111111111111111111111111111111111111111111111111111111111111111111111111111111111111111111111111111111111111111111
compiled	NORMAL	-	-	1	0	0	0111111111111111111111111111111111111111111111111111111111111111111111111111111111111111111111111111111111111111111111111111111
compiled_floor	-
det	2	2	1
detdump	N,1/0/255;A,1/0/255
min	2	2
run	0111111111111111111111111111111111111111111111111111111111111111111111111111111111111111111111111111111111111111111111111111111
prefix	
singleton	null
compiled_det	NORMAL	-	-	1	0	0	0111111111111111111111111111111111111111111111111111111111111111111111111111111111111111111111111111111111111111111111111111111
compiled_det_floor	-
CASE	automata	binary_interval	6162	1	6164	0
probes	0
raw	3	3	1
rawdump	N,2/97/97;A,1/0/255;N,1/98/99
flags	0	0	0	0
nfarun	0000001101100000000001110000110000000000000000000000000000000000000000000000000000000000000000000000000000001000000000000001100
compiled	NORMAL	-	-	1	0	0	0000001101100000000001110000110000000000000000000000000000000000000000000000000000000000000000000000000000001000000000000001100
compiled_floor	-
det	3	3	1
detdump	N,2/97/97;A,1/0/255;N,1/98/99
min	3	3
run	0000001101100000000001110000110000000000000000000000000000000000000000000000000000000000000000000000000000001000000000000001100
prefix	a
singleton	null
compiled_det	NORMAL	-	-	1	0	0	0000001101100000000001110000110000000000000000000000000000000000000000000000000000000000000000000000000000001000000000000001100
compiled_det_floor	-
CASE	automata	binary_interval	61	0	610000	1
probes	0
raw	4	3	1
rawdump	N,1/97/97;N,2/0/0;A,3/0/0;A
flags	0	0	0	1
nfarun	0000000000000000000000000000000000000000000000000000000000000000000000000000000000000000000000000000000000000000000000011000000
compiled	NORMAL	-	x00	-1	0	0	0000000000000000000000000000000000000000000000000000000000000000000000000000000000000000000000000000000000000000000000011000000
compiled_floor	null,null,x610000,x610000,x610000,x610000,x610000,x610000,x610000,x610000,x610000,x610000,x610000,x610000,x610000,x610000,x610000,x610000,x610000,x610000,x610000,x610000,x610000,x610000,x610000,x610000,x610000,x610000,x610000,x610000,x610000,x610000,x610000,x610000,x610000,x610000,x610000,x610000,x610000,x610000,x610000,x610000,x610000,null,null,null,null,null,null,null,null,null,null,null,null,null,null,null,null,null,null,x610000,null,null,null,null,x610000,x610000,null,x610000,x610000,x610000,x610000,x610000,x610000,x610000,x610000,x610000,null,null,x610000,x610000,x610000,x610000,x610000,x610000,x610000,x610000,x610000,null,null,null,null,null,null,x610000,x610000,x610000,null,null,null,x610000,null,x610000,null,x610000,null,x610000,x610000,x610000,x610000,null,null,x610000,x610000,x610000,x610000,x610000,x610000,x6100,x610000,null,x610000,x610000,x610000,x610000,x610000
det	4	3	1
detdump	N,1/97/97;N,2/0/0;A,3/0/0;A
min	4	3
run	0000000000000000000000000000000000000000000000000000000000000000000000000000000000000000000000000000000000000000000000011000000
prefix	a\u{0}
singleton	null
topo	0,1,2,3
strings	2	a\u{0}\u{0}	a\u{0}
compiled_det	NORMAL	-	x00	-1	0	0	0000000000000000000000000000000000000000000000000000000000000000000000000000000000000000000000000000000000000000000000011000000
compiled_det_floor	null,null,x610000,x610000,x610000,x610000,x610000,x610000,x610000,x610000,x610000,x610000,x610000,x610000,x610000,x610000,x610000,x610000,x610000,x610000,x610000,x610000,x610000,x610000,x610000,x610000,x610000,x610000,x610000,x610000,x610000,x610000,x610000,x610000,x610000,x610000,x610000,x610000,x610000,x610000,x610000,x610000,x610000,null,null,null,null,null,null,null,null,null,null,null,null,null,null,null,null,null,null,x610000,null,null,null,null,x610000,x610000,null,x610000,x610000,x610000,x610000,x610000,x610000,x610000,x610000,x610000,null,null,x610000,x610000,x610000,x610000,x610000,x610000,x610000,x610000,x610000,null,null,null,null,null,null,x610000,x610000,x610000,null,null,null,x610000,null,x610000,null,x610000,null,x610000,x610000,x610000,x610000,null,null,x610000,x610000,x610000,x610000,x610000,x610000,x6100,x610000,null,x610000,x610000,x610000,x610000,x610000
CASE	automata	binary_interval	61	1	610000	0
probes	0
raw	3	2	1
rawdump	N,1/97/97;A,2/0/0;A
flags	0	0	0	1
nfarun	0100000000000000000000000000000000000000000000000000000000000000000000000000000000000000000000000000000000000000000000010000000
compiled	NORMAL	-	-	-1	0	0	0100000000000000000000000000000000000000000000000000000000000000000000000000000000000000000000000000000000000000000000010000000
compiled_floor	null,x61,x6100,x6100,x6100,x6100,x6100,x6100,x6100,x6100,x6100,x6100,x6100,x6100,x6100,x6100,x6100,x6100,x6100,x6100,x6100,x6100,x6100,x6100,x6100,x6100,x6100,x6100,x6100,x6100,x6100,x6100,x6100,x6100,x6100,x6100,x6100,x6100,x6100,x6100,x6100,x6100,x6100,null,null,null,null,null,null,null,null,null,null,null,null,null,null,null,null,null,null,x6100,null,null,null,null,x6100,x6100,null,x6100,x6100,x6100,x6100,x6100,x6100,x6100,x6100,x6100,null,null,x6100,x6100,x6100,x6100,x6100,x6100,x6100,x6100,x6100,null,null,null,null,null,null,x6100,x6100,x6100,null,null,null,x6100,null,x6100,null,x6100,null,x6100,x6100,x6100,x6100,null,null,x6100,x6100,x6100,x6100,x6100,x6100,x6100,x6100,null,x6100,x6100,x6100,x6100,x6100
det	3	2	1
detdump	N,1/97/97;A,2/0/0;A
min	3	2
run	0100000000000000000000000000000000000000000000000000000000000000000000000000000000000000000000000000000000000000000000010000000
prefix	a
singleton	null
topo	0,1,2
strings	2	a\u{0}	a
compiled_det	NORMAL	-	-	-1	0	0	0100000000000000000000000000000000000000000000000000000000000000000000000000000000000000000000000000000000000000000000010000000
compiled_det_floor	null,x61,x6100,x6100,x6100,x6100,x6100,x6100,x6100,x6100,x6100,x6100,x6100,x6100,x6100,x6100,x6100,x6100,x6100,x6100,x6100,x6100,x6100,x6100,x6100,x6100,x6100,x6100,x6100,x6100,x6100,x6100,x6100,x6100,x6100,x6100,x6100,x6100,x6100,x6100,x6100,x6100,x6100,null,null,null,null,null,null,null,null,null,null,null,null,null,null,null,null,null,null,x6100,null,null,null,null,x6100,x6100,null,x6100,x6100,x6100,x6100,x6100,x6100,x6100,x6100,x6100,null,null,x6100,x6100,x6100,x6100,x6100,x6100,x6100,x6100,x6100,null,null,null,null,null,null,x6100,x6100,x6100,null,null,null,x6100,null,x6100,null,x6100,null,x6100,x6100,x6100,x6100,null,null,x6100,x6100,x6100,x6100,x6100,x6100,x6100,x6100,null,x6100,x6100,x6100,x6100,x6100
CASE	automata	binary_interval	616263	1	null	1
probes	0
raw	4	6	1
rawdump	N,2/97/97,1/98/255;A,1/0/255;N,3/98/98,1/99/255;N,1/99/255
flags	0	0	0	0
nfarun	0011110111100001111111111110001111111111011000000000000000000100001101111111110011111111100000011000010101011010011111100011111
compiled	NORMAL	-	-	1	0	0	0011110111100001111111111110001111111111011000000000000000000100001101111111110011111111100000011000010101011010011111100011111
compiled_floor	-
det	4	6	1
detdump	N,2/97/97,1/98/255;A,1/0/255;N,3/98/98,1/99/255;N,1/99/255
min	4	6
run	0011110111100001111111111110001111111111011000000000000000000100001101111111110011111111100000011000010101011010011111100011111
prefix	
singleton	null
compiled_det	NORMAL	-	-	1	0	0	0011110111100001111111111110001111111111011000000000000000000100001101111111110011111111100000011000010101011010011111100011111
compiled_det_floor	-
CASE	automata	binary_interval	616263	0	null	1
probes	0
raw	5	8	1
rawdump	N,2/97/97,1/98/255;A,1/0/255;N,3/98/98,1/99/255;N,4/99/99,1/100/255;N,1/0/255
flags	0	0	0	0
nfarun	0011110110100001111111111110001111111111011000000000000000000100001101111111110011111111100000011000010101011010011111100011111
compiled	NORMAL	-	-	1	0	0	0011110110100001111111111110001111111111011000000000000000000100001101111111110011111111100000011000010101011010011111100011111
compiled_floor	-
det	5	8	1
detdump	N,2/97/97,1/98/255;A,1/0/255;N,3/98/98,1/99/255;N,4/99/99,1/100/255;N,1/0/255
min	5	8
run	0011110110100001111111111110001111111111011000000000000000000100001101111111110011111111100000011000010101011010011111100011111
prefix	
singleton	null
compiled_det	NORMAL	-	-	1	0	0	0011110110100001111111111110001111111111011000000000000000000100001101111111110011111111100000011000010101011010011111100011111
compiled_det_floor	-
CASE	automata	binary_interval	61	1	62	1
probes	0
raw	3	3	1
rawdump	N,1/97/97,2/98/98;A,1/0/255;A
flags	0	0	0	0
nfarun	0110001111111110000001110001110000000001110000000000000000000000000000000000000000000000000000000100010000001110000000011011100
compiled	NORMAL	-	-	1	0	0	0110001111111110000001110001110000000001110000000000000000000000000000000000000000000000000000000100010000001110000000011011100
compiled_floor	-
det	3	3	1
detdump	N,1/97/97,2/98/98;A,1/0/255;A
min	3	3
run	0110001111111110000001110001110000000001110000000000000000000000000000000000000000000000000000000100010000001110000000011011100
prefix	
singleton	null
compiled_det	NORMAL	-	-	1	0	0	0110001111111110000001110001110000000001110000000000000000000000000000000000000000000000000000000100010000001110000000011011100
compiled_det_floor	-
CASE	automata	binary_interval	null	1	6d	0
probes	0
raw	2	2	1
rawdump	A,1/0/108;A,1/0/255
flags	0	0	0	0
nfarun	1111111111111110000001111111111111111101110111111111111111111011111010000000001100000000011111100111111111101111111111111111100
compiled	NORMAL	-	-	1	0	0	1111111111111110000001111111111111111101110111111111111111111011111010000000001100000000011111100111111111101111111111111111100
compiled_floor	-
det	2	2	1
detdump	A,1/0/108;A,1/0/255
min	2	2
run	1111111111111110000001111111111111111101110111111111111111111011111010000000001100000000011111100111111111101111111111111111100
prefix	
singleton	null
compiled_det	NORMAL	-	-	1	0	0	1111111111111110000001111111111111111101110111111111111111111011111010000000001100000000011111100111111111101111111111111111100
compiled_det_floor	-
CASE	automata	binary_interval	62	1	61	1
probes	0
raw	0	0	1
rawdump	
flags	0	1	0	1
nfarun	0000000000000000000000000000000000000000000000000000000000000000000000000000000000000000000000000000000000000000000000000000000
compiled	NONE	-	-	-1	1	0	-
compiled_floor	-
det	0	0	1
detdump	
min	0	0
run	0000000000000000000000000000000000000000000000000000000000000000000000000000000000000000000000000000000000000000000000000000000
prefix	
singleton	null
topo	
strings	0
compiled_det	NONE	-	-	-1	1	0	-
compiled_det_floor	-
CASE	automata	binary_interval	61	1	61	1
probes	0
raw	2	1	1
rawdump	N,1/97/97;A
flags	0	0	0	1
nfarun	0100000000000000000000000000000000000000000000000000000000000000000000000000000000000000000000000000000000000000000000000000000
compiled	SINGLE	x61	-	-1	1	0	-
compiled_floor	-
det	2	1	1
detdump	N,1/97/97;A
min	2	1
run	0100000000000000000000000000000000000000000000000000000000000000000000000000000000000000000000000000000000000000000000000000000
prefix	a
singleton	a
topo	0,1
strings	1	a
compiled_det	SINGLE	x61	-	-1	1	0	-
compiled_det_floor	-
CASE	automata	binary_interval	61	1	61	0
probes	0
raw	0	0	1
rawdump	
flags	0	1	0	1
nfarun	0000000000000000000000000000000000000000000000000000000000000000000000000000000000000000000000000000000000000000000000000000000
compiled	NONE	-	-	-1	1	0	-
compiled_floor	-
det	0	0	1
detdump	
min	0	0
run	0000000000000000000000000000000000000000000000000000000000000000000000000000000000000000000000000000000000000000000000000000000
prefix	
singleton	null
topo	
strings	0
compiled_det	NONE	-	-	-1	1	0	-
compiled_det_floor	-
CASE	automata	binary_interval	6100	1	62ff	1
probes	0
raw	5	6	1
rawdump	N,2/97/97,3/98/98;A,1/0/255;N,1/0/255;A,1/0/254,4/255/255;A
flags	0	0	0	0
nfarun	0010001111111110000001110111111011000001110000000000000000000000000000000000000000000000000000000100010000001110000000011011100
compiled	NORMAL	-	-	1	0	0	0010001111111110000001110111111011000001110000000000000000000000000000000000000000000000000000000100010000001110000000011011100
compiled_floor	-
det	5	6	1
detdump	N,2/97/97,3/98/98;A,1/0/255;N,1/0/255;A,1/0/254,4/255/255;A
min	5	6
run	0010001111111110000001110111111011000001110000000000000000000000000000000000000000000000000000000100010000001110000000011011100
prefix	
singleton	null
compiled_det	NORMAL	-	-	1	0	0	0010001111111110000001110111111011000001110000000000000000000000000000000000000000000000000000000100010000001110000000011011100
compiled_det_floor	-
CASE	automata	binary_interval	7a	0	7a7a7a	0
probes	0
raw	4	5	1
rawdump	N,2/122/122;A,1/0/255;N,1/0/121,3/122/122;A,1/0/121
flags	0	0	0	0
nfarun	0000000000000000000000000000000000000000000000000000000000000000000000000000000000000000000000000000000000000000000000000000000
compiled	NORMAL	-	-	1	0	0	0000000000000000000000000000000000000000000000000000000000000000000000000000000000000000000000000000000000000000000000000000000
compiled_floor	-
det	4	5	1
detdump	N,2/122/122;A,1/0/255;N,1/0/121,3/122/122;A,1/0/121
min	4	5
run	0000000000000000000000000000000000000000000000000000000000000000000000000000000000000000000000000000000000000000000000000000000
prefix	z
singleton	null
compiled_det	NORMAL	-	-	1	0	0	0000000000000000000000000000000000000000000000000000000000000000000000000000000000000000000000000000000000000000000000000000000
compiled_det_floor	-
CASE	automata	binary_interval	null	0	61	1
probes	0
automata	ERR	minInclusive must be true when min is null (open ended)
CASE	automata	string_union	cat	cats	dog	dogs	\u{e9}t\u{e9}
probes	0
raw	9	10	1
rawdump	N,1/99/99,5/100/100,7/233/233;N,2/97/97;N,3/116/116;A,4/115/115;A;N,6/111/111;N,3/103/103;N,8/116/116;N,4/233/233
flags	0	0	0	1
nfarun	0000000000000000000000000000000000000000000000000000000000000000000000000000000000000000000000000000000000000000001111000000000
compiled	NORMAL	-	-	-1	0	0	0000000000000000000000000000000000000000000000000000000000000000000000000000000000000000000000000000000000000000001111000000000
compiled_floor	null,null,null,null,x63617473,x646f6773,null,null,null,null,null,null,null,null,null,x646f6773,x646f6773,x646f6773,x646f6773,x646f6773,x646f6773,null,null,null,x63617473,null,null,null,null,null,null,x646f6773,null,null,x646f6773,x646f6773,x646f6773,x646f6773,x646f6773,null,null,null,x646f6773,null,null,null,null,null,null,null,null,null,null,null,null,null,null,null,null,null,null,x646f6773,null,null,null,null,x646f6773,xc3a974c3a9,null,x646f6773,xc3a974c3a9,xc3a974c3a9,xc3a974c3a9,xc3a974c3a9,xc3a974c3a9,xc3a974c3a9,xc3a974c3a9,x646f6773,null,null,x646f6773,xc3a974c3a9,x646f6773,xc3a974c3a9,xc3a974c3a9,xc3a974c3a9,xc3a974c3a9,xc3a974c3a9,xc3a974c3a9,null,null,null,null,null,null,x646f6773,x646f6773,null,null,null,null,null,null,x646f6773,null,x646f6773,null,xc3a974c3a9,null,null,null,null,null,x646f6773,x636174,x63617473,x646f67,x646f6773,null,null,null,null,null,null,null,x646f6773,xc3a974c3a9
det	9	10	1
detdump	N,1/99/99,5/100/100,7/233/233;N,2/97/97;N,3/116/116;A,4/115/115;A;N,6/111/111;N,3/103/103;N,8/116/116;N,4/233/233
min	9	10
run	0000000000000000000000000000000000000000000000000000000000000000000000000000000000000000000000000000000000000000001111000000000
charrun	0000000000000000000000000000000000000000000000000000000000000000000000000000000000000000000000000000000000000000001111000000000
prefix	
singleton	null
topo	0,7,8,5,6,1,2,3,4
strings	5	cats	cat	dogs	dog	\u{e9}t\u{e9}
compiled_det	NORMAL	-	-	-1	0	0	0000000000000000000000000000000000000000000000000000000000000000000000000000000000000000000000000000000000000000001111000000000
compiled_det_floor	null,null,null,null,x63617473,x646f6773,null,null,null,null,null,null,null,null,null,x646f6773,x646f6773,x646f6773,x646f6773,x646f6773,x646f6773,null,null,null,x63617473,null,null,null,null,null,null,x646f6773,null,null,x646f6773,x646f6773,x646f6773,x646f6773,x646f6773,null,null,null,x646f6773,null,null,null,null,null,null,null,null,null,null,null,null,null,null,null,null,null,null,x646f6773,null,null,null,null,x646f6773,xc3a974c3a9,null,x646f6773,xc3a974c3a9,xc3a974c3a9,xc3a974c3a9,xc3a974c3a9,xc3a974c3a9,xc3a974c3a9,xc3a974c3a9,x646f6773,null,null,x646f6773,xc3a974c3a9,x646f6773,xc3a974c3a9,xc3a974c3a9,xc3a974c3a9,xc3a974c3a9,xc3a974c3a9,xc3a974c3a9,null,null,null,null,null,null,x646f6773,x646f6773,null,null,null,null,null,null,x646f6773,null,x646f6773,null,xc3a974c3a9,null,null,null,null,null,x646f6773,x636174,x63617473,x646f67,x646f6773,null,null,null,null,null,null,null,x646f6773,xc3a974c3a9
CASE	automata	string_union	a	ab	abc	b
probes	0
raw	4	4	1
rawdump	N,1/97/97,3/98/98;A,2/98/98;A,3/99/99;A
flags	0	0	0	1
nfarun	0110001001000000000000000000000000000000000000000000000000000000000000000000000000000000000000000000000000000000000000000000000
compiled	NORMAL	-	-	-1	0	0	0110001001000000000000000000000000000000000000000000000000000000000000000000000000000000000000000000000000000000000000000000000
compiled_floor	null,x61,x62,x62,x62,x62,x6162,x616263,x616263,x616263,x616263,x61,x61,x61,x61,x62,x62,x62,x62,x62,x62,x616263,x616263,x616263,x62,x62,x62,x61,x6162,x6162,x62,x62,x62,x62,x62,x62,x62,x62,x62,x616263,x61,x616263,x62,null,null,null,null,null,null,null,null,null,null,null,null,null,null,null,null,null,null,x62,null,null,null,null,x62,x62,null,x62,x62,x62,x62,x62,x62,x62,x62,x62,null,null,x62,x62,x62,x62,x62,x62,x62,x62,x62,null,null,null,null,null,null,x62,x62,x61,null,null,null,x616263,null,x62,null,x62,null,x62,x616263,x61,x616263,null,null,x62,x62,x62,x62,x62,x62,x61,x61,null,x616263,x616263,x616263,x62,x62
det	4	4	1
detdump	N,1/97/97,3/98/98;A,2/98/98;A,3/99/99;A
min	4	4
run	0110001001000000000000000000000000000000000000000000000000000000000000000000000000000000000000000000000000000000000000000000000
charrun	0110001001000000000000000000000000000000000000000000000000000000000000000000000000000000000000000000000000000000000000000000000
prefix	
singleton	null
topo	0,1,2,3
strings	4	abc	ab	a	b
compiled_det	NORMAL	-	-	-1	0	0	0110001001000000000000000000000000000000000000000000000000000000000000000000000000000000000000000000000000000000000000000000000
compiled_det_floor	null,x61,x62,x62,x62,x62,x6162,x616263,x616263,x616263,x616263,x61,x61,x61,x61,x62,x62,x62,x62,x62,x62,x616263,x616263,x616263,x62,x62,x62,x61,x6162,x6162,x62,x62,x62,x62,x62,x62,x62,x62,x62,x616263,x61,x616263,x62,null,null,null,null,null,null,null,null,null,null,null,null,null,null,null,null,null,null,x62,null,null,null,null,x62,x62,null,x62,x62,x62,x62,x62,x62,x62,x62,x62,null,null,x62,x62,x62,x62,x62,x62,x62,x62,x62,null,null,null,null,null,null,x62,x62,x61,null,null,null,x616263,null,x62,null,x62,null,x62,x616263,x61,x616263,null,null,x62,x62,x62,x62,x62,x62,x61,x61,null,x616263,x616263,x616263,x62,x62
CASE	automata	string_union	
probes	0
raw	0	0	1
rawdump	
flags	0	1	0	1
nfarun	0000000000000000000000000000000000000000000000000000000000000000000000000000000000000000000000000000000000000000000000000000000
compiled	NONE	-	-	-1	1	0	-
compiled_floor	-
det	0	0	1
detdump	
min	0	0
run	0000000000000000000000000000000000000000000000000000000000000000000000000000000000000000000000000000000000000000000000000000000
charrun	0000000000000000000000000000000000000000000000000000000000000000000000000000000000000000000000000000000000000000000000000000000
prefix	
singleton	null
topo	
strings	0
compiled_det	NONE	-	-	-1	1	0	-
compiled_det_floor	-
CASE	automata	string_union		a
probes	0
raw	2	1	1
rawdump	A,1/97/97;A
flags	0	0	0	1
nfarun	1100000000000000000000000000000000000000000000000000000000000000000000000000000000000000000000000000000000000000000000000000000
compiled	NORMAL	-	-	-1	0	0	1100000000000000000000000000000000000000000000000000000000000000000000000000000000000000000000000000000000000000000000000000000
compiled_floor	x,x61,x61,x61,x61,x61,x61,x61,x61,x61,x61,x61,x61,x61,x61,x61,x61,x61,x61,x61,x61,x61,x61,x61,x61,x61,x61,x61,x61,x61,x61,x61,x61,x61,x61,x61,x61,x61,x61,x61,x61,x61,x61,x,x,x,x,x,x,x,x,x,x,x,x,x,x,x,x,x,x,x61,x,x,x,x,x61,x61,x,x61,x61,x61,x61,x61,x61,x61,x61,x61,x,x,x61,x61,x61,x61,x61,x61,x61,x61,x61,x,x,x,x,x,x,x61,x61,x61,x,x,x,x61,x,x61,x,x61,x,x61,x61,x61,x61,x,x,x61,x61,x61,x61,x61,x61,x61,x61,x,x61,x61,x61,x61,x61
det	2	1	1
detdump	A,1/97/97;A
min	2	1
run	1100000000000000000000000000000000000000000000000000000000000000000000000000000000000000000000000000000000000000000000000000000
charrun	1100000000000000000000000000000000000000000000000000000000000000000000000000000000000000000000000000000000000000000000000000000
prefix	
singleton	null
topo	0,1
strings	3		a	
compiled_det	NORMAL	-	-	-1	0	0	1100000000000000000000000000000000000000000000000000000000000000000000000000000000000000000000000000000000000000000000000000000
compiled_det_floor	x,x61,x61,x61,x61,x61,x61,x61,x61,x61,x61,x61,x61,x61,x61,x61,x61,x61,x61,x61,x61,x61,x61,x61,x61,x61,x61,x61,x61,x61,x61,x61,x61,x61,x61,x61,x61,x61,x61,x61,x61,x61,x61,x,x,x,x,x,x,x,x,x,x,x,x,x,x,x,x,x,x,x61,x,x,x,x,x61,x61,x,x61,x61,x61,x61,x61,x61,x61,x61,x61,x,x,x61,x61,x61,x61,x61,x61,x61,x61,x61,x,x,x,x,x,x,x61,x61,x61,x,x,x,x61,x,x61,x,x61,x,x61,x61,x61,x61,x,x,x61,x61,x61,x61,x61,x61,x61,x61,x,x61,x61,x61,x61,x61
CASE	automata	string_union	b	a
probes	0
automata	ERR	Input must be in sorted UTF-8 order: [62] >= [61]
CASE	automata	binary_string_union	cat	cats	dog	dogs	\u{e9}t\u{e9}
probes	0
raw	11	12	1
rawdump	N,1/99/99,5/100/100,7/195/195;N,2/97/97;N,3/116/116;A,4/115/115;A;N,6/111/111;N,3/103/103;N,8/169/169;N,9/116/116;N,10/195/195;N,4/169/169
flags	0	0	0	1
nfarun	0000000000000000000000000000000000000000000000000000000000000000000000000000000000000000000000000000000000000000001111000000000
compiled	NORMAL	-	-	-1	0	0	0000000000000000000000000000000000000000000000000000000000000000000000000000000000000000000000000000000000000000001111000000000
compiled_floor	null,null,null,null,x63617473,x646f6773,null,null,null,null,null,null,null,null,null,x646f6773,x646f6773,x646f6773,x646f6773,x646f6773,x646f6773,null,null,null,x63617473,null,null,null,null,null,null,x646f6773,null,null,x646f6773,x646f6773,x646f6773,x646f6773,x646f6773,null,null,null,x646f6773,null,null,null,null,null,null,null,null,null,null,null,null,null,null,null,null,null,null,x646f6773,null,null,null,null,x646f6773,xc3a974c3a9,null,x646f6773,xc3a974c3a9,xc3a974c3a9,xc3a974c3a9,xc3a974c3a9,xc3a974c3a9,xc3a974c3a9,xc3a974c3a9,x646f6773,null,null,x646f6773,xc3a974c3a9,x646f6773,xc3a974c3a9,xc3a974c3a9,xc3a974c3a9,xc3a974c3a9,xc3a974c3a9,xc3a974c3a9,null,null,null,null,null,null,x646f6773,x646f6773,null,null,null,null,null,null,x646f6773,null,x646f6773,null,xc3a974c3a9,null,null,null,null,null,x646f6773,x636174,x63617473,x646f67,x646f6773,null,null,null,null,null,null,null,x646f6773,xc3a974c3a9
det	11	12	1
detdump	N,1/99/99,5/100/100,7/195/195;N,2/97/97;N,3/116/116;A,4/115/115;A;N,6/111/111;N,3/103/103;N,8/169/169;N,9/116/116;N,10/195/195;N,4/169/169
min	11	12
run	0000000000000000000000000000000000000000000000000000000000000000000000000000000000000000000000000000000000000000001111000000000
prefix	
singleton	null
topo	0,7,8,9,10,5,6,1,2,3,4
strings	5	cats	cat	dogs	dog	\u{c3}\u{a9}t\u{c3}\u{a9}
compiled_det	NORMAL	-	-	-1	0	0	0000000000000000000000000000000000000000000000000000000000000000000000000000000000000000000000000000000000000000001111000000000
compiled_det_floor	null,null,null,null,x63617473,x646f6773,null,null,null,null,null,null,null,null,null,x646f6773,x646f6773,x646f6773,x646f6773,x646f6773,x646f6773,null,null,null,x63617473,null,null,null,null,null,null,x646f6773,null,null,x646f6773,x646f6773,x646f6773,x646f6773,x646f6773,null,null,null,x646f6773,null,null,null,null,null,null,null,null,null,null,null,null,null,null,null,null,null,null,x646f6773,null,null,null,null,x646f6773,xc3a974c3a9,null,x646f6773,xc3a974c3a9,xc3a974c3a9,xc3a974c3a9,xc3a974c3a9,xc3a974c3a9,xc3a974c3a9,xc3a974c3a9,x646f6773,null,null,x646f6773,xc3a974c3a9,x646f6773,xc3a974c3a9,xc3a974c3a9,xc3a974c3a9,xc3a974c3a9,xc3a974c3a9,xc3a974c3a9,null,null,null,null,null,null,x646f6773,x646f6773,null,null,null,null,null,null,x646f6773,null,x646f6773,null,xc3a974c3a9,null,null,null,null,null,x646f6773,x636174,x63617473,x646f67,x646f6773,null,null,null,null,null,null,null,x646f6773,xc3a974c3a9
CASE	automata	binary_string_union		hello	help	hello
probes	0
automata	ERR	Input must be in sorted UTF-8 order: [68 65 6c 70] >= [68 65 6c 6c 6f]
