hav	4055a6a0af236f18,c062738e9040d6a8,4055a69ffeb39057,c062738b91d962eb	3d57fe2d1014ff40	40150b571972fffd
hav	40367f4d96373900,40654b0ccc30e03c,401efa7b0fd6ceb0,c051e43f5ccf9876	3ff6124e4c975870	4167d15028bdb04c
hav	c0539e858629eeec,c010a68fa6fb9740,4044e9a453ee7a68,4060a4554d17c43a	3ffc347f2403bfc0	416da1a69ef1483c
hav	c051490ce8b043d0,c0513682019283ac,c0514909c4bb2419,c0513684736961f4	3d9a808d7c62cbd0	40361e0d69def99f
hav	4051e9dadb93003c,c0658ae34343023b,40507d6d9abba942,4061c18627e12714	3fa640ecd4d895a0	413cc458c8a7ce19
hav	c03cfa64b63f627c,4053c0e0fea53678,c01255629a5f04b0,c052f12ba0a326dd	3ffc00c1fd51d768	416d658fcb8d8074
hav	c04c2dcb9fe42430,404e9b1019163ddc,c04c2dd5e04e35b2,404e9b0035efe2f7	3dbc7930aa45f1a0	4046ecd943d527fa
hav	c0503a835deed952,405b3149a08e6d2c,c042de11a14f7c57,405f6e8519edac9c	3fbfffbe90dccca0	4148904a756ddbe8
hav	4015822bd42deb30,c0503dfe5f59c5af,c04ad9df828c97bd,4064216a672ff644	3ff7c1ef37312140	41693d2d18d8d292
hav	4051a4e5c8b92582,405c18571fae94a0,4051a4edc583b1ea,405c1852c3143ebb	3dc48e9fea557f70	404b8c475d3a4cc0
hav	4030c0624e940740,c0180816fcf90a60,c043d92ef4b04dea,c0615e6d09079df1	3ffafa075c11a9b8	416c4668f8de222d
hav	c02c167024812848,40655a5e4cee0172,4045abc45a804f94,40622c800d95e098	3fe0f0d085ffcf48	415a4488c8db524f
hav	c04523e4d44bc0f2,c050e485701962ea,c04523e4a28098c6,c050e486f68ee3ec	3d699bf8d7de3c70	401ebf4e71139353
hav	c04e35a351307c40,c064379d8418fec6,40361855a667687c,403af9f96918f950	3ffc77c0a68c39b0	416df1e029f85557
hav	405295bbbd5a9992,c05a463ed5ea62d3,404309e8ad8e5eec,c066800000000000	3fd673e2325aff00	4155015eb524c6f0
hav	40293e8ee284edc0,4055f1f495bbe624,40293ea04edb38bf,4055f1f4a982c201	3d87b3a14296e950	402d947973279302
hav	c04a31e68eb0bea3,405bd8508bfab664,c047de5de282dbbd,c03b6e3dd4b3ba00	3fe71f895cef5c58	415f582b14612951
hav	40433817c4524724,c04966310bfeca9c,c03c5e4f6a9e652a,c010dd19f1a02a20	3fea4b29b6c40e00	4160e8c75d790f8e
hav	404c8a046ea3d874,4066800000000000,404c89faddef6529,4066800000000000	3dac8a2000000000	40403ab87ad3aaae
hav	40299326a3110dc8,c0138880be8601a0,c03df3a41a80c4f2,4061a031a1030658	3ffcf623d652aa88	416e901ad1ef8f44
hav	c04d42c3ebff6774,40304fec1eeb9830,4031ec7e40905b98,c06186b53f6e129f	3ffb7d99db7a3d68	416cd2c9ea638216
hav	404342d0c8d1756c,4012ec46a8baace0,404342c99651d6c3,4012ec10ba45f9ac	3da8d5d63ba1c710	403e47734119a7ea
hav	4041c277aabd3f48,4063abc53728e7d0,4052e5d7d7353822,4066800000000000	3fd005e79a062a18	415194041fc72706
hav	c01958190e575b00,c03c281cc64a5598,c052cf49c2b506b3,c052efa6df66f109	3fe71e9deef75cc8	415f5770f7b90171
hav	bfdbd154f98fff00,4029edaaf99f5950,bfdbd8e2a0308ee8,4029edd8666cb69e	3dcbda4607d98028	4050086a7f830e12
hav	4015ef1929c031e0,4042a3abfea741e8,c041ffba3ee6aa87,c0285d5002d9cc90	3fe10c1296d5a910	415a5bf92e926fef
hav	c0432777b52e19d9,405d8e15c70535d0,4052adbabc3c1702,4057e12849f51c34	3ff68395ed34d390	41682ee4d11772af
hav	4053bbebb7573fb0,c04450bbaff10cc4,4053bbf0f33b0436,c04450ba019caf1f	3db11b3780c54a38	4041c4f419000718
hav	404e351c84f0bbac,c03b3a291f04b010,404d608e19dfafa8,4066800000000000	3fdefdad31f68c90	41590174f8674c5d
hav	404e8be9f30180f4,c04b35e61b9d3f8e,40473de331daa21c,40617a8b6db0974e	3fe602466b121d08	415e756c874a7fd0
hav	c04aa454e797ca22,40534f110a6e0754,c04aa44e2c59c8e0,40534f118c29b0e0	3d9c7f3e3fff57f0	4036ef48f4816938
hav	40559146f36f3e92,c0605e6a57490574,40523da0027a3df8,c043d22e414124ec	3fa7ba9710907908	413db6636b2befee
hav	c03d2cbca1040388,40504acedb7244be,c0325641e492a1a4,40601dbbfceea348	3fdebba363fab9a8	4158e424deb89367
hav	c04c8e4e54e69f21,405d1e091d64f260,c04c8e44474c3151,405d1e0ff232e4d8	3db858be982d5730	404532e9f9e8441e
hav	40544c1dc43d907e,40629f11508fde46,c020a7af3b2e1320,4061bf6610529b0c	3fefc4250ef3dad8	4162ffc5d5caa646
hav	4031a7bf78c2a228,c0607993ec4422fe,40482e24e89cd000,405e943b0f3c53b8	3fee4acf47399f00	416270677ac2f832
hav	404d70a11a53d03c,40534254652c5220,404d70a0107b509f,40534253d5668e2f	3d4c425ee8117170	40102644af0b97b1
hav	c0490025ed38abc1,40452bbdf6b3ae9c,c0428cce58a58bdd,c060435cc89b1ad6	3ff0bcec31550848	4163a6097c7c1793
hav	4047e68a9ab733f0,40503e76cbbf7370,4045f9ce594aafb0,c0609251f5b33c78	3fee4d14d5860770	41627144a2533b33
hav	403a33fff81bf2d8,4039e880f7b16120,403a34040aedcb79,4039e891e50f2382	3da3481dbe92c418	403aae010772caf4
hav	c054e366646384bf,c0638d38c0d7ae7f,403f18a5d1a93004,c0600efb281e64f8	3ff6da3789a13110	4168774fb3f1c810
hav	c05339f1256e30a5,4035bdcfc518f778,c02bfe45c6c59c80,405b9d2223ce51c4	3fe84dbd73cd56b8	416022e7aa878c88
hav	c04a12426e2d2981,4066800000000000,c04a1245582c5b8f,4066800000000000	3d75308000000000	4023c6d3d7bada01
hav	401ceaa2116b8140,c05ba4bff3786654,c054341be9308bae,c0395a073e74f060	3ff1c6cbc46d7f90	416470a0509f0fd4
hav	40403a46abf0557c,c018a4d0c6cfd620,40528cced93104b6,c04d601547c7128e	3fd605025cddcb38	4154c9cdeb58d63f
hav	405103bcaf8fc036,4060e5b08f031aae,405103bbeac91679,4060e5ae55683ddd	3d80bfa425d77d48	4028dd92a3df6315
hav	403f965e51ede3c0,c02848dcb6ea78a0,405555d7fc620434,40172e7978f05380	3fda5ffd30f7f3f0	4156e6fccbab3eff
hav	40543e160571741c,c052fed29b2015cb,4055d730b82b9390,4020a1a5bc013ed0	3f8a0e07d6974ef8	412f0bec79bc2b87
hav	404d94dd9c2bde04,4044688a6b337a14,404d94e38f2a5c95,40446886f56487f1	3d980aeb676b26c0	403510ed115b2f24
hav	404ea3a2fed94d70,404c32bffb85c580,40250be86f7ae840,c0410d04987e077c	3feb019694541710	41612f0b3a3d8692
hav	c05189159c1a7e18,c062943c2c48d509,404b05df1d72b4ac,c06307cf557a309f	3ff8ff320f982280	416a5833ae0a4ebb
hav	4040d34a4adbd64c,c000267d9c48ab80,4040d354c624b9b5,c00026f84e0a52ba	3db77d6f33f8d790	4044d294c936cde7
hav	404edd21e40cb1b8,405448a4c89021dc,40481db016a35930,40474a30dfa43170	3fb55199d85b3168	4143fa2b725c31c4
hav	c0426b722778376d,4060a0e061ca4f9a,4055014715d010f4,c024f6011c6a7910	3ffa9d0d9fc62500	416be6ba40ceded9
hav	404e90e64f256e10,c0624e21cfe0e6ce,404e90dada4c9bb4,c0624e2486393cae	3db8bfcbd2d088f0	40455f9817c83220
hav	c04f4511fc5a05e8,c055872401b6e919,405485fb18f5ee46,406619966af1e064	3ffe30043489dc88	41702afbd5586989
hav	c04fbe50f56f538f,4025f27d55407f60,404eefc310fcb078,c066800000000000	3fffee9d35ef2318	41728723d922b630
hav	40505695289a7e58,c02ca529dbea11a0,405056913ac28ce6,c02ca5445fcf176a	3da5a53ea2efda20	403c448e5f60c3da
hav	c0435fc60451f394,c0316945c4031568,4018953516c1dd50,405f072842956ed4	3ffac8eb51093b80	416c13892acd90e9
hav	c05319da3184fb75,405d4731891764f8,c029a3328de85180,c04af849e196b270	3ff02c243f798320	416338072a098804
hav	c03866f8e867f90c,c0522b058eb8b8b8,c03867051e2e1ce5,c0522b03c4884130	3d9de19676272db8	40377c2f326a0c5a
hav	c051dccd44559f68,4051f8488cc3ff76,40324f6443b07948,405cf85ec8b3721c	3ff14a13a43f1ea8	41641176634c2c4a
hav	c05107b587dbd394,4060fd0741abd356,c03a25c07b41afbe,4066800000000000	3fd6738f0afa0f30	41550135317bafdc
hav	4045cee49caccc38,c04248ee6180804c,4045cedb6adc926b,c04248f7179f5984	3db36396ae634e20	4042eaf69065dfe0
hav	c054a8f19d812eeb,c053a8df5b15f36f,c04f0c1b663f1f9a,40645e7ea2be8a64	3fc377815edbdb70	414b28ce468eb703
hav	c050ede453ceac1c,c06091fdc65a4bc0,403d7f2c7684fe04,405b5edbb6b865e8	3ff9c3df54451720	416b10a9ae9105fb
hav	c0455af21408c2fe,c060d4d722a6fd4a,c0455ae8b992a319,c060d4d65d509aa8	3dace3e6590bf108	4040542b215a6796
hav	404783338abb8724,c05ad88488b68766,c04fde44ed4870a6,c066800000000000	3ff90e5940c2ad68	416a6623eb3857d8
hav	c04aa67e649deacf,4036c10576b54d80,4056794425acfd02,40362dad74740708	3ffccf9a9a4cf4a0	416e5eb9af218cb3
hav	4037f50dcd271200,c059e0771b234c1b,4037f516ce00e514,c059e07335ae5530	3da623d838bd4440	403c96c169f41269
hav	c03b292fd7d260a8,c04efff4eaf17c06,4056800000000000,c03cd79e550a9060	3ff74dc923734708	4168d93042ec2835
hav	c050c81f1a30a6df,406298be51179d40,40512e59831e2faa,40346928a4cab878	3fff233fd9572fc0	417115849b01cb23
hav	c04e2999ad6d6451,c066800000000000,c04e29a0a8b832ea,c0667ffc57af1259	3daf9179fafae2d8	4041119e9fe2bf4a
hav	c032fc33c2bec334,40417ae186df75c4,4052e6fed193e0fe,40667fab60cda2d0	3ff81f86fc505480	41698f0e9ab38916
hav	404aba40b1a854a4,c050f169ad8259a6,c053653cb49f392e,405165ad4c4a83c4	3ffe0f87de37d5f8	417010b931041d36
hav	4036bb3ff4e8f188,c05109351689fe6d,4036bb3b6c0e3943,c0510931ef563e49	3d98500690a04ab8	40352f1de926d42f
hav	c04802a0040af6e9,c0207a6c0d5ebd80,401af2451c869aa0,c060d9e85129107e	3ff7ba3d2d8d96b0	4169367f5f9aefaf
hav	c0216dd0ee1fc8c0,40518c4b61c03872,402a8696874ab878,c05a3c7d04902688	3fffe4ea9181f318	41726388aae72fb3
hav	c02aacb864fd5930,4051010f7128838a,c02aaca75e3ef592,40510109093154f4	3dbb10c193382c80	404659e8975d1b14
hav	c0433b9747d4a474,406239f5c84e45fc,402417e5e6e32fc8,c03e57c787b64a40	3ffe0b49834e66f0	41700d5a6ec751cd
hav	40489381da7fd8a0,c050183b8632eab4,c0532e7d8c00b4ae,4056319c48a43c10	3ffdec74c5110978	416fea83da64a58b
hav	c03ae1597e46ffa4,4066800000000000,c03ae1457da11337,40667fff32b35d33	3db0e08c3687b5b0	4041a6611414c7f5
hav	402707f3a8c75eb0,40585eee799a5964,4045e27a9361df24,405efe733e7afb54	3fcd431a1533b528	4150c38f669e7982
hav	403ccdd69f51e160,c0522d3907592648,c01154cfd2c05110,40664dfebc1d2904	3ff519c9858064a0	416707d7bcd124b9
hav	40148e20ab3bb520,c052c2a82b07fa26,40148df705d3be75,c052c2a14dbf034d	3dc0b1887ec0a3f8	4048d317712bc550
hav	c0533cf87c5b7034,405a06e54322ecf0,404d8663f75e3c04,404f2eb323489738	3ffbfb45615d4228	416d5f4450eea995
hav	c051c4db156a892c,4049b4a8ddf82464,40562773cc01aa2a,4030a83065357d40	3fff071fda644a40	4170f5800f3a1689
hav	c02a0a70bbaae608,c0557c51d1466391,c02a0a89849835b2,c0557c5545db3e80	3daa1dfa29c34088	403f0cf7aa148a48
hav	c055a187e8d5e0be,406465072ab1f280,404af309ecab3d70,4063ffcd22b6e3e4	3ffc55470f20c150	416dc870a9d94eac
hav	40240cdcb0905588,4065219024ce1cc8,c04655f221110c15,c0638c192a593d5a	3fe176e3d4b475c8	415ab761b7c9c013
hav	c0461311dc8473c8,4060c4430ed61f62,c0461308c4c0e8c7,4060c44124766d76	3db19bf0ecfef1f8	404207537b3b927e
hav	c033f5dda8019894,c0623119be9ec3b1,c048bda98cf9b4c8,c064a1bc3702d4e3	3fc51c427f6a5550	414c509a90b7e3f8
hav	c04947cc3237bcae,c052034e0a334b8b,c04815da4d934d19,406245f079ca7c56	3fe83bca72945750	41601be17a7cd68b
hav	c002afc8de597220,4064a38e07b651a0,c002af364b6406a8,4064a39143569f70	3dc3904085964600	404adfbabe3c2d73
hav	c0407ba701dc96a8,c04f424ce5e063c2,c0525987bb33f967,40663cce32edba1a	3fe31998600be770	415c177120640abb
hav	402ad0c49e515fc8,c05a991f845aa08d,c04f713e283afd16,c053f9177ca02e10	3fe9e8631e4bb440	4160c29d7796506b
hav	40421c22ef1b4fd6,c0666b03e2299626,40421c22db3f9d2d,c0666b039026044b	3d4575fa342feaa0	400c25a034c047dd
hav	c04460cc980feac4,40610219cfccd3be,c03a8384f10891c2,c02aa10ee323e470	3ff4ab878b05f8e0	4166afe682b34feb
hav	404bab636cdb6480,405ef2f8f6063af8,4043a220b9482ccc,c022078963e39d00	3fe8ea78be856050	41606013c7c5517f
hav	bff72e46a80ff8c0,40631bf59ef37b90,bff72f351da047d7,40631bf91c5f3cbc	3dc384673ed098a0	404ad79622bc7fbb
hav	4035627ee7fe6c40,4032f8450ef98fe0,c047a612bed369ca,4063bf274108bac0	3ffbe9d3ecf1ff60	416d4b59761ea3ef
hav	c04e8ac61b1d9cee,c05b72f92bd2c3fd,c0399b75ebbf00ec,c05cd1d9ee14c72e	3fc804c112989c30	414e43763713d781
hav	4051a9364f077836,c056a4f44a54202a,4051a933868659d1,c056a4f2858892d7	3d943029f8c67920	40334dc1e0e76b8b
hav	c056800000000000,c06645ffa807ad06,403a65dda8076dac,c05997e4cdd35349	3ff71d1792dbcc58	4168afc3689229fd
hav	4054bd9148ed11ee,c064f65738c22279,c031becf3da3dbf0,404121299a1b3574	3ff69252cbedb580	41683b28c8f10641
hav	40439d78b6e0ab38,4065aedfad213f84,40439d7472719fb8,4065aedc698bd7cd	3db2cabe4ce10148	40429fd090c48f2c
hav	c05513163210ff8b,c0262832f6bd9e50,403dc9239592f83c,c034d9260eeed890	3ff68c983ab49680	416836639373e79f
hav	4038b904db3e5d8c,404162db8e4e1cb4,c026101baada1688,c06383044cb7f314	3fff4a219ea417e8	41714541bc086959
hav	405392d663debde4,405e419f728e715c,405392dde2b9333f,405e41a1af498710	3dc196db878fd940	40497b601e69499d
hav	4041bab2e81670aa,c056c7df6f10b8fc,4052e27366b69dc0,c05e54bc89c93998	3fd0cc2944f98000	4152049eba894d7c
hav	c051788b43f5e60b,40595a32becf1814,c045c4701e7e36ea,c0612acea0bd4ee1	3fdee2add5d9c7a8	4158f57bc298f8c2
hav	c00c71aba24ccb60,c0496b6ec474c418,c00c711731ea46ba,c0496b71fbdd979e	3dae1002b351e848	4040a822f51c180e
hav	40505cd8161f1428,404e7ebec7748c34,c03140ef5b435a1c,405e06ebbdf28044	3ff10ee2ee05d200	4163e462f5a471d8
hav	4033a57ba7655a6c,40630f6cd71ff19e,40510029ead31c68,c03ec8e716b95630	3ff0a5ad2b2bfcf0	4163945d89297d7d
hav	c0473179b6ab6ecc,c04ab502068c3366,c0473176a755f313,c04ab4f8364c1d4c	3da136caa0828b88	40393569f9900bff
hav	403805303a82c708,c040e03b7fd2de34,4056800000000000,c05247d468f73e31	3fe2f95dccd08f28	415bfcab69dc2d8e
hav	c02d9665f0332670,4054759ffc791994,4050d8864542e4b6,c05c4e175e8ceec7	3ff9841dd5706b50	416ad3fd0efb0a75
hav	c050de9637bbecab,c04be3a8e9475948,c050de8f0c97666e,c04be3b598157c4b	3dc1dea76780c370	4049af2d1ad20f0c
hav	404f731efba38840,c021e85fd8056340,c056800000000000,c066800000000000	3ffe3e4aa3573010	417036cbb1638c1d
hav	c039f4c2fe344890,405b61a07cd4f0c0,c048127862d6ad06,c04d067ffded42f8	3ff428908c9038d0	41664869a33587e6
hav	4048ee1b454023a0,404d45f2a27ee3c4,4048ee0c8111751f,404d45fd8ea29473	3dc4deafa6d82db8	404bc1b8600f9ee5
hav	403f05c34e375078,c05b9f1adb898692,405649f52f805a6c,c05dc519640b4b29	3fde386bd6fbcba0	4158a9a5fa754d31
hav	c055c52dcd407306,4056a6c36d4c17e4,404ceee35c6a6064,c04247bba8f89710	3ffdcb0ec6837b50	416fb7c1921970be
hav	405045fb1b78fea2,c047be6f0715a364,405045f3164b6c32,c047be69f89d9692	3dc46b08362358b0	404b7463da0688d6
hav	c04890436f7c1e03,c05bd43034b31de3,4055b3985407bf40,c066800000000000	3ffbde25f4ab30a0	416d3e17a6c3b08b
hav	4056800000000000,c049382f0789d4f0,404d03f01d10c5ac,4065452417d8de06	3fc369d711c57738	414b1f02cea665f1
hav	403a05fc3f4e1638,c0634298297c6df2,403a05e941474e12,c06342981c8e1d2e	3dac238fd965f2d8	40401d74a5d75cdc
hav	c03f5a5370ac1486,40650d8d6fd83b04,c04c968e3a6b1d21,c057299cfb922b66	3fe44e90d0d86740	415d15a4442a983d
hav	c05564965ab5e07c,40631d49ff73e5f6,c036d195d5151a94,404ac4f0d87f1374	3fe3ff7b0b67cd48	415cd4fb8f858d6a
hav	4054e01f24bbebfe,40522db94fa8bc1e,4054e020aede71e9,40522db12f994b9f	3d800cccfe0d0dd8	4028576712a28b5d
hav	c03b51915935ae34,c061bd70126ba88a,c0407721af930d21,c01422e86e3e6220	3ff4b7d217f0a900	4166b9aa4324e3fd
hav	c04503d245fa6937,c05aac51f9a1c58e,4051b3e7a02b0ab6,4050bda5832cb01e	3ffdffe06acc92f0	4170045b5c21c7ab
hav	c056800000000000,405420ffadbcd670,c056800000000000,40542107947abab8	3707b1ea5b4a5ef0	3ced93678d544ce4
hav	c039845466a83904,c05337bd24d73e6a,400b7975b1511a00,c066800000000000	3ff3afd3d143ef50	4165e9d2e38f50c6
hav	c04ad6e9edc42bec,c0508d039d5fbf5e,404fd92597b89bd4,40400bde20136340	3ffc299baec4c9f8	416d94e47f03b7ef
hav	c055b20afc423b89,405cc4ee8859cf7c,c055b2079844faa8,405cc4eb8ca593d7	3d9cc1eae4619f20	40370a0dd714eca3
hav	402732576a2eef28,c058c7d027b9987f,c011844cdad5cbc0,4060b2da390d3a78	3ff9b69abc3dd670	416b03f647b9d8e6
hav	403951e4de373f48,c05d56456f4a624a,40371b9f3d2e0600,40599a196292df3c	3ff78a899a2155a8	41690d45ef82556a
hav	4031310e9134e870,c06574bbbd9644df,40313109d35ef0ae,c06574bdc91413dc	3da4ccb42e4a9598	403bb5c08266fdd0
hav	c0471b0a8673c813,c054f263808000fe,c056800000000000,c04842b755842b34	3fd1cc73ca9a44f8	415292f9251d2a89
hav	c03d8021117ca862,405170979b66bfb4,403dab1d100dd414,4046f178be41a56c	3fe1ab8cfc7d2950	415ae4318d20f8fe
hav	4048eb3c501e473c,c066800000000000,4048eb4041353649,c066800000000000	3d83630000000000	402ac093fb81430c
hav	c046f8df299f51b5,403c4f0593361590,c053ad1e90dd5682,c0525a6807fd6833	3fd4aac454539bc8	4154196a30966dfa
hav	c00e103314bcc460,405275c2accfe9de,c05438db8319f0e9,405eb852637c8a74	3fea9d4aa357d3e0	416108721f9db280
hav	4055542b17b420e6,c038010482e37ff8,40555424a17121ba,c038011f0b5dbf29	3dba3bc19d862198	40460145b0aa2138
hav	c04f5cc22be7859d,4064c88bc579b5bc,402a68c516795090,c066800000000000	3fe8a0da1e154318	416043610a2c3983
hav	c03e7d2b6b42a4de,405e1047f5677448,40428fc76d773f66,4066800000000000	3feeb895fe1f4e40	41629a22f91b4ef7
hav	40399cb6c5172c9c,c05307ada8188534,40399cbdfb1cc0a6,c05307aa6efca50c	3d9d3065f529fd28	403736253e17f8ad
hav	4043835c232375bc,4061ee36f4c5252e,4055e7108ab3544a,c055147776aeb820	3fd9211374c44430	41564feeac1a1bd5
hav	404a60954c330b30,c03b5ee888444668,40022d84de7b3b60,c0648d73fb07a87a	3ff693ce9fffbbd8	41683c65347e93d8
hav	c0462dc344eed8b4,c05797bf25272b9a,c0462db842b6311e,c05797bd3cd33b98	3db40fdc7c59f0f0	40433e4a12a81423
hav	4042a551efd07664,c0589480e8f0b35c,4027521db9149408,c03ca7905f2991d8	3fe36ae471392a28	415c5ac072fc00ab
hav	c05360c7c49abdcc,c04f245caa77e334,403ebc563da885dc,40429d23ea3add58	3ff879a72bf4f248	4169df1f7e80de7b
hav	c045035af3e9a797,c01bd2c8969b3fe0,c04503551268afdd,c01bd280382d5560	3da8df878a198b70	403e4d5b4725a9d1
hav	4043bfdb159babf0,c05d55f827005fb6,4049ffa980857d54,405f3a4e9a703c78	3fe70a04f7edc080	415f4726ed87036e
hav	c0402c3b4bbb58c0,c0640a070271a071,402e362434c44858,c05fd0a3d0868252	3fdd2b946e5595a8	415830b6ddd83db1
hav	403b086c13822b5c,c0633649957ea5e2,403b085860e3474e,c063364b25d06790	3db3f857d6c08a50	404332ff463a1695
hav	c03e38775a499fb8,4056b129c744932c,4008c1e6398bef60,405f3d9f5dc7b1ec	3fd4104b3672ec90	4153c93a085599c9
hav	c038484a0e977184,c0597c70b316cd6d,3fd88556f20a2a00,4052928fdc2c4214	3ffe98beeb7c5968	417086309882f471
hav	c050fc0ddb0fc36f,404e60d6dfaa6fc8,c050fc121ed7fa39,404e60c7d0aadb53	3db05619abc9e030	40415d657be16071
hav	4054eb4e58998c7a,c05865b0354ff3fb,c028f77dfc4acfd8,4062aac76084d06c	3ff41c9e8acaa038	41663f0573664aa7
hav	c04826aead95f51c,c05b7b47816f0116,4055cfbb2bc02a62,c02cef8a13279a30	3ffbfb41864b3f60	416d5f3fe5c92ee2
hav	4054061d615c0138,4035d20210f5f810,4054061d3a7ea5fa,4035d212ffb76bb5	3d561707cc73f818	40143149c9f195d1
hav	c024bb93fa5a8f68,406675f573c151f0,4041737535dc4f08,405ef855ec30dc14	3fe4c9464876d4a8	415d797357d12782
hav	bff86d677e540340,40551c43c3584128,4023e191606abac8,405abe0ebfb5db74	3fb85846ef4f68c0	41455ea9b332fbc6
hav	c024a9e5f936b148,c05627edd15af499,c024a9f7e068690e,c05627e7a882b446	3dba083ff6e9fc90	4045eba0e3cbf7c3
hav	404b3750788bdeb8,bffb71ff24bc0a00,c002c5d8893d4d20,405a2afffd935468	3ff32806792ec2a8	4165803c6eac60a5
hav	4054fe32ba1aa8e6,c05d731d574d3caa,404d2f5ce13adc68,c046366b510094bc	3fc19980cb6b35d0	4149ca78a4f393a6
hav	c01a273bd867d7f0,c04778006057b48c,c01a271c22b165d2,c04777f70a0178d1	3dafbe4bca22edd0	40411db8415da3c3
hav	c04cd77a74bb569b,c016e7d4fc16bc40,4056800000000000,405e99f2c59173e8	3ffd858f23c87928	416f5264c56bb719
hav	c056800000000000,405c3bfdbdad7510,c04cabbbe6cfcea6,c054ea150365612e	3fc43c81b80d58f0	414bb4aab4383d12
hav	4025081429f1edd8,402c5946a270ee00,402508397faf6161,402c590a6620fe3e	3dc7e3805b163f18	404db249ad9ea04f
hav	c02f22046e859738,c0603f6f187e7722,c03852feeb5dd358,3fea35d23d36ff00	3ff768ae1a053e78	4168f03093ad94e4
hav	40242f30067c75e8,40649a628c633cb8,c04b585df4ab3e40,c05810401902f925	3ff3b32f2f345798	4165ec71ae238290
hav	402848dcdc85c2a8,4065a3faa48ba7a6,402848b7d1192202,4065a3f7b1d1ffb9	3dc10d9cc33c2620	40491730f99d3fd5
hav	c01091e06ced31e0,c066800000000000,402132be64cd2190,40569c4fdcd63d68	3ff00d0d8711d4e0	4163206a7c74fbea
hav	403cd5c54890e794,c058dfc0867e466a,c0031d1ee1fa01c0,40638090f2d4e884	3ff3d3223a859cd8	41660568c10acef0
hav	4056800000000000,40667d727e61262c,4056800000000000,40667d7469cab48d	36e6604e315630b8	3cdcbdb01390817b
hav	c033c32674f3ae98,c03a5a7c7665f150,c056800000000000,4066800000000000	3fe52e21613c0368	415dcb09823018c4
hav	40435ebfe26ab6f8,c063fc088b038083,4003196aa24ea8c0,40172abb30118260	3ffba9f2c7211b28	416d03963c857db8
hav	c042db59dd1e128d,c05bf8092a5b8c72,c042db4cdfd2c57d,c05bf80ba6c47b38	3dbcba53e59b6790	40470703512a14c5
hav	c03f58fd0f727706,4066800000000000,c04f3c8fdd4f96c5,40267b686c0603a0	3feda01801be7538	41622f715a0bce9c
hav	404a1efe7fce77ac,c020b5c39ee53810,c054ef0df2c6e58e,c064039515bbd6f3	3ffd8416caadcb60	416f504e63c7e612
hav	c03addadb41238bc,c04c36a0992f55ee,c03addac772a4f2b,c04c3690eac43a3c	3dbe9466219c3920	4047c20bf3b1e581
hav	404953c1b5c2f4fc,c05b616d6b4f022f,4030068dd1de5dec,40566205b7bcbc08	3ff5ccb91c884298	416798677a82272e
hav	403eac962d70520c,c05ed658714f2e50,c037851945d44ae4,c0483318a2851b50	3feff63f0bfcebf0	416312cc7312ff27
hav	c05462c9d90df6a8,c0616a4b432d90c3,c05462ce6e338f5c,c0616a4ccdd0bd5d	3daa757870551388	403f40cf0ee21b51
hav	4039eb8a99e01f84,405828c70c29697c,403e5897e16e81cc,c050a8e0f0f4845b	3ff85c2dd7cf6bf8	4169c4ccf6abb3eb
hav	40539ce294883d96,405c11b620e7ba3c,c0277b85bbf0a310,c04dd1846f4aece6	3ff64b8292d1d430	4168006b48f7abe0
hav	c053022a86e522e6,c0426b841f7ad140,c0530224c8385e0a,c0426b85de9f686a	3db49de87cc19ed8	404381f3325ce08f
hav	c056800000000000,405187aa1dca8a70,4035da019da80d60,c05c817f3841f193	3ff5f48bd3a8c6c8	4167b8ec44dee77d
hav	4056800000000000,405594cf6f9a8e6c,4052dd7d590e0462,40582b00409cddc0	3fa06572f881f540	4138ab3236a4a025
hav	40406566640430e6,c0026c8dd0906bc0,40406565b9b3648d,c0026c4a651175b9	3d80356a81d6daf0	402876201d263f70
hav	c03575215c0df398,c065342cd0583d10,c0408c110f2ed043,40514e954970a94c	3ff3417ea9635c98	416593faee7e5c34
hav	c04571927d1346ed,c05de40c9656e94b,c0313e325a2eefd8,c0573b205224f028	3fc61dd00dedc290	414d0080d4449c55
hav	4047f0f12247f85c,c0666795ccdeb133,4047f0e3003e461b,c0666791ec3a44fe	3dc8038ae54a9470	404dc62d60f46125
hav	3fbb69bf9c7cbc00,c05f917d13204be6,c0503ad44c9ba22f,4066800000000000	3fe80760f12e3aa0	41600758e0acdca1
hav	40321da20f1c9ef0,404e0cbfd04f2ee4,404a78d383dc1c40,4060ce8a4f9ea6aa	3fe31df06b412030	415c1b0be65e6efd
hav	c044df0ef8865fad,c05716f2cd9148fd,c044df0cfc40e38e,c05716f98799bfbb	3db054950276ec80	40415c96e659248f
hav	c0546f70b26ebfed,4066800000000000,40547451e22b3bcc,4050a8d67dd84a1e	3fffcd7663bcb8c8	417221e9b9846a00
hav	c0473219cb541d22,404462f917b20670,3ff9459668ba9f40,c0555c90f6316dd7	3ff6d66da6afc280	41687420befce91d
hav	c02441a8692109a8,40566394a98e45a0,c02441ab4bf7c836,4056638e52deeca3	3db85f11d3844310	404535aabcfcbcf0
hav	404e89fcc7cfd300,405f38da1a60cdc0,404388223a75ecc0,406331ffa6582b72	3fbe74451be0e0e0	4147f364b09eae0b
hav	40505ada6c5b8e84,c040b6edf45dc9bc,c041bf73db4a538a,c060fc03af5498d9	3ff99dc11c205bc0	416aec47ad2d36ee
hav	c055aab7deb941b0,40374f3aa62d5040,c055aab0fce8f004,40374f5172780137	3dbd9dc08f543d90	40476177a52f4f10
hav	c05440061d60196e,c0419588a5d9a4e8,4007c25ba30e44c0,c04ccdd0e325bb02	3fed04602a2dea10	4161f419d4ef639f
hav	40557ad5c5e8e236,4063589a65d58ab6,4029edf63b8334c8,c039d3bb668530a0	3feb0ed51d7a2f70	416134228ec23f9a
hav	c031454082ec4ea0,c0596dbd179ee5ff,c0314554c5b3a5aa,c0596db58baa9427	3dc833c4e722ecf8	404de4042c242913
hav	40046a836102b660,4060c9a4379bdf0e,40344115cf171100,4060376e50efbbae	3fa9c4b4e1f5af58	413ef937d395481e
hav	401825a4ef6f0260,40450e3d3aa92384,403d0b0434124e78,c055f135adf6e933	3ff81a319f4557a0	41698a5b822bd2b3
hav	c0456f673aa422df,c03c08d3e514aa18,c0456f6a21b05008,c03c08d2df78981b	3d755fb3944d5350	4023dcce96c4947a
hav	4033fa08b10836a8,c04e1afa4d0b8c08,403466b01f83955c,c0491a7884a37a30	3f8b7c3eb8167b60	412fe3ac8cda5562
hav	403dfa8206bdc250,c052cb0a7d8dd8d6,c0565a42310c4bdc,4056f686dbd4cba0	3ff82225caad0b80	4169915e1490897b
hav	c04e61f0fa52289d,4062992e4ab95f98,c04e61f3bcbf856c,4062992fd130e45e	3d84942faa5e7f38	402b900112e37512
hav	c03e7dd0c8321cc8,c05f40a4c0e88ade,c051d2ce39c5c290,405fede32fa305ac	3fe33f18126ac0b8	415c36873dc730f0
hav	4053fe0136cd5ed4,3fdbf7087a38a200,40496428192ae600,403280b870eda1c8	3fc0f230fb6e6410	41494bd1d7f6a72a
hav	4053af1a533c710a,403e0c9b9b67e410,4053af17eb24541b,403e0c93c9714524	3d8da253ba075738	403089a42b42d042
hav	c055ecd9d6d67b76,405599481c534220,402f96458282a170,c05665563c1a8b15	3ff4f7a53e5f3730	4166ec8675b2c891
hav	c053593a5e219ff0,40617f599e2ee956,4042e644c6dd8a1c,40491465e3865310	3ff98fae14a0fba8	416adeed5f1e6b90
hav	c02d7466c66f5c28,4065f398fb41ffd0,c02d748528fb91c8,4065f39ac1dca147	3db05c35be4ef2e8	404160a473b87599
hav	404fd86c2087cfc4,c035bc129bca8fd8,c0501f03ba9f1c87,c04bf67d322b29f4	3ffa6ac59a16b310	416bb40f309002db
hav	402830c47f4d8ac8,c06168a8bc1f43e1,4040eb66b439ea18,40455c3b9579a2f8	3ffb1eb00d765bb8	416c6ce727c06c70
hav	bfecfe47c817e680,c0604f8800773205,bfecfdedc9ed5dbd,c0604f88f168fefa	3d84259e388525c0	402b4590f3086919
hav	c020160a5a1c7e60,4051fa63c588e34e,405638d02640a4fe,c062e1f0765067c6	3ff27698c46a0d48	4164f757bac7d46d
hav	40492da4e208f478,405231a0ce160d88,c05634e8af8dc545,40609f76a8ba8444	3ffc36cb835dd998	416da45a0cb355c0
hav	c056800000000000,c063ce628f1dd428,c056800000000000,c063ce65d5a77747	370049dbb42d8c10	3ce885881f8a66f2
hav	404845b2e87b0500,c05d7fbe6b6dd312,c024f863fec6dcd0,c056b74446a9ae72	3fe1d34cba4bb538	415b05e94476db00
hav	404a4150756e9bac,c05b03bdd76094b5,4056800000000000,c066800000000000	3fca6fd2c5759d28	414fcdf0dfef8197
hav	4045f9d5303198d4,c05ac1ba50690a40,4045f9ce1b6888a8,c05ac1bebf762909	3dac5a9c3486b430	40402d304a4ddfe3
hav	404432efba383c94,c066800000000000,404933a0ead49c64,c0414a6b9ee3559c	3feccee29a264188	4161dfb16ec45d18
hav	40108b11d86ab310,c02e4d5e61826030,c056800000000000,c041f9bd25a627ac	3ff127682dfa0ac8	4163f70dddb1e69b
hav	404c613428dee418,40440687fa95fe74,404c6126aa7ce7ac,4044067e2e801a9c	3dc072b1cd5b13d8	4048a4320920c184
hav	c054486117017363,404e3a91035525a0,4054e3fd0a174ae8,c065dc24485d92f3	3fffddc6f4f46728	41724d4b8a47b796
hav	403c3c41b33fd3d0,40623c5a9d84f960,c03651c320d6206c,c006f650c9a9fe00	3ffe06087b3999f0	41700932f5e227f1
hav	c046e9bac9dafc01,c0531ea9f8d183ee,c046e9be55d6d116,c0531eafaab632b4	3da792d28be76100	403d7ff97fbfcefb
hav	c045efaa8e6ae983,406339f651c928c8,c035bd6d55330cc4,405ff5961d39c47c	3fc216c85ebef178	414a27e2693519d6
hav	c00756bef1579120,c05238fc7da5ef30,c0430928a84a0312,c04f669d5f046972	3fc8e70f47635840	414ed5a240a64cf0
hav	404fcdea13a00e1c,c036d79d5c5c8948,404fcdf65600f8b6,c036d78bdaf32740	3db9ccf9b80ad980	4045d29de31baad6
hav	c04decfbab3e116c,c05843897ea83f8e,c016cfc7c7a32bc0,404d5438278409ac	3ff5e9e24a2ebd50	4167b03401cc8075
hav	4043fb4e8219d93c,c064a72dc2c36302,3ffb1dafdba60c80,c0511b6d6fd7d01b	3ff12584f19c2168	4163f59de78149ee
hav	c04eb5b894c534c8,c05b5ac5d8e14448,c04eb5c48646ef2b,c05b5ac57464ca22	3db644f8ddef33b8	4044463e566bb2df
hav	c0263397193fd4e8,c063615bb5be2040,c048618e3f021cb7,4066800000000000	3fd1337bc93704a0	41523e6daef6e828
hav	4044357ee9221120,c0636731608f5c46,c031d384ddb76cc0,c05e52791acce5c6	3fe31bed3d5f4fa0	415c19606f058dd0
hav	4050da6a31ff1e74,c040211e2ac49200,4050da6d8f487a10,c040211d9d27a6bc	3d9c4635d1f2af98	4036d84a24041ca3
hav	404a8623b619284c,4060114b07bfcdfc,c04e81d351456306,c058c210fb9ed653	3ffe544472e615b0	417049549ec576fa
hav	4053b47a3bcc9098,405b1d1dbfaa47a0,c039c90d83320e90,406216c2ca0502f8	3ff4934dcf65a3a0	41669cae9161911f
hav	40530a0e6eef7426,c0641766420ed7e2,40530a0e8d6a344c,c06417672e408b6f	3d40b0bb6a07bcb0	4008d27ef2eadc55
hav	40554e2a9f1ee1aa,40613579111ff788,c04ed6919ade0f80,c04761cfb372c634	3ffeaa82263a2e40	417096dbf8370815
hav	40517c91abde24a2,4064b102ef34d5e4,404f72921f8a5924,4032d0dc5cafccd0	3fd2d76f76055fd0	415323bd1abd34f8
hav	403879ecdb353cac,4057939fef2e87d0,403879d2fd1b3bd4,405793a26283ab01	3dbd317f28a8de98	404736950bb9aecd
hav	4049c065c425ba9c,405e55d12ed8bb54,c0451f6f49fcc88c,405bfc4d7a5bf0dc	3ff1252274cf7730	4163f552e982b6be
hav	c049ea8c5fba0e04,404a4dc75e056318,4046aa5ffb535ee4,c063de46d56afd5c	3ffede913d680328	4170ca456a053703
hav	c053ee7b846c1b3b,bfcabe26d3c7a400,c053ee748b24e0d1,bfcac8569b8aaebd	3dbedadb4650f108	4047dd5af942e26b
hav	4047fe979e446bb0,c057636255efaebe,c02778785a9f6ce0,4062f6ce2102049e	3ff6ce097a8f78a0	41686d151f980ce3
hav	4031519cff7a04d4,c060a38f71442a5a,c04e640577188f04,c05fac73649e9525	3fe97eb8bc4f3738	416099b043462199
hav	c053d2bbec5cf9f4,4063c018bda43398,c053d2b8b37c9f87,4063c01bdcf44208	3d9d448b0a99cfb0	40373e2659fb722d
hav	c04d19599053e1dc,c06086783a810e2a,c0181e09594206e0,40230a50c4415cb0	3ff527773b341cd0	416712cf4cdca3f4
hav	c031c285913c7564,4057f9c3f7acee3c,c051a2f6deb3dc7b,40600dea81e7cca4	3fdc7a90f2b1e138	4157e04037adad92
hav	405311d4266b7f84,c046cd987ce3b624,405311d60eb65566,c046cd9670d97a39	3d82738f37c110c8	402a1954a585804d
hav	402a6b473abeafa8,405658577ba124cc,c053ff33044b0930,c063ee0b78ea8485	3ff4943b0b270a10	41669d6a99eaae52
hav	c054dd20fdb1b3a3,40642b5713c19672,404f94925bfce244,c0652fa8c23f5a49	3ffd76de4f86df28	416f3da1e31d5843
hav	404933514e115e1c,405ba95de142e198,4049334af933d6e3,405ba958f70aabc5	3da8c022e0bd4020	403e3a35d36c892b
hav	c053db857881f450,c055cde232493c65,403a22beaef8578c,4060b8462b4de406	3ff8eaeeb6a327b0	416a45a10dd2d932
hav	c0491c5840d3562d,c051fe1a85b5ecb4,4026dc448d43e988,40491754afaa801c	3ff7c6d8daa384b0	416941719eb2ccba
hav	c006bbce785da580,c052a30630ef7ca2,c006bbf055975e25,c052a30050845d88	3db630c1882e4110	40443d0865b2b95a
hav	4053cbbc144f0f6e,c0523ea60b7f8b83,4056800000000000,c053825047927afe	3f92319288615840	41325a45c3a511ed
hav	40298c38b04d1d88,4065a3f2f4cdb20c,c052d8df64023efc,406242939138668c	3fefd5ac64203030	4163066de560ad65
hav	c04517d3199d19b8,c062d6d2e8847182,c04517c5fe4d1d66,c062d6d158a84288	3dbe228ce8cd9550	404795a8b8884c8b
hav	402f6c9d96090b68,c0654ce30ef26629,c0510fe5644a7851,c066800000000000	3feccafd90eb3db8	4161de34e8e525b7
hav	c04c121d9fbdba8d,40661d4eff3a4386,c021d3aa1a543bd0,4060274a6027c296	3fe006a8e2cd4ae8	4159792cef6ab530
hav	405090c4b8f8f400,405a8a91bbed76d8,405090c5848d9bae,405a8a90db05fc7d	3d5e3e40526bc5f0	4017a07d3841a6e4
hav	c0506fbfc194ef0a,4065d194311c29a0,4054783ab9bec3aa,c064cab380ba4c65	3ffd906b4e679bc8	416f61e214abbeec
hav	c0481acb78ef4577,c05719479295c393,c04cde316095f44e,c03d046edf4a1cd0	3fcae559f71412b0	41500b7f016bda0c
hav	404a7291f8ad7c84,c057d86f9fc231e5,404a7281dc90137e,c057d872b40c7977	3dc550988134ed20	404c0d11ece690a0
hav	404000f48a4e1d6e,40005b297f681440,405549aedc14ec62,c055494d9a3dea3f	3fddf97f3a675940	41588d79d2856350
hav	c051b3efa6de580f,c055367581079121,c056800000000000,4050193e8b2130d2	3fac720caaacf190	4140475145abf4fa
hav	c041a5bbf59d94a8,405cba0537dd0220,c041a5c8b3f077d0,405cb9ff0f744a88	3dc48b19916a6ce0	404b89eaa8bf98ec
hav	40545fbc5645be4a,4065e2d9688af86c,40542a67478da44a,403b58e2fe4fd9d0	3fa6ba32d847f3d0	413d12e6d5d3fa14
hav	c038554b00a21be0,bfea9f99532da700,4031407621661434,c064b778eee74d55	3fff65b7ac7fac40	41716a3c5bc0e8ae
hav	4052d7d34c136f96,c05e574a73dc8bd4,4052d7d632a420ba,c05e574b97a54894	3d9533ecc4788588	4033c86ceee0e1e6
hav	bfe1d71852a64d00,c053b24aa11c76ff,405543876076c9a0,c042618ceecc2d38	3fee42e115a2e6d8	41626d6368f1d0aa
hav	4052280c1d113140,406627c3be2ceb00,c0487316e7c9c0b6,405eb19446d50714	3ff9ae71b014d678	416afc2b9005ed7a
hav	c002536b61c06a20,40645e84ec798d44,c002540ba09a56fb,40645e84b3d96e17	3daf88466f4c8b78	40410f21a0612629
hav	402887c5a31b2c70,c05ff0a87be2c588,4052248acf305656,c05da0a205e3d492	3fe0451a79fb1278	4159afc52e4ccdb6
hav	c045d695fb4b6078,c049c1060aee5804,c04946016efdcf1c,4064f338cf07cc68	3fea592b4e7c3950	4160ee2eed412c01
hav	c02399a3b81a4570,403f33bce9c07368,c02399a2e9aee5d3,403f33bc9734a365	3d0502cfcf148a58	3febd9b3fe4d9829
hav	c04976dd4a6cb252,4066693e227e1034,c0370f5314b153b8,406076f440da97c2	3fd37f55e9f3e618	41537d148b96e9b2
hav	c050349969c49e26,c06173bec4a25c18,401f3d3ad331d360,c0463d33941b5aac	3ff29256d375f730	41650cadab3b4b85
hav	c034b47604cbfbb8,404ee6576d4c73b0,c034b464b568ff7e,404ee64d4be59d03	3db9b046359f0878	4045c6772bc15e9c
hav	c04879cacbfb7514,c0331b9ca6437620,c0515df487c77593,4057c44cc18a5ba4	3fd8d63b3e693778	41562c13b6e40889
hav	c039ceadcf0180a4,406016bf87b24b96,40458dc80101903c,c05fa50257719001	3ff76e36ac23fbd8	4168f4eee6e6bb35
hav	c04eedecfb1b38f1,4062f4d4b089867c,c04eedeae238cd04,4062f4d86451f2cf	3da096e50b5ae458	4038bf40fa049a66
hav	4048229e31c5e5ac,4058bff944540efc,40530240ec2db34a,4063a809b78fce5c	3fc87a90a413e2f8	414e8fd9e5183ee9
hav	c03dfc0284db13be,4066112cef2526f0,c04395bc73240bbe,c055b7f6c5a28415	3fe85d4f4499fcd0	416028fea44cb68a
hav	40009edad7f1d100,c05b129c7d490dd7,40009fd7d189bda2,c05b12a0bcd4d57b	3dc91dd3048bb228	404e7335c8e7ee6e
hav	403f6ae91bf6eb40,4056ca504cc4fc38,c03a33f4d2ab643c,405eead4617c0e94	3fe2b3cce68b84c8	415bc2b47ce0db04
hav	4056800000000000,c05c24d0217550a2,4050032efac278ca,405f22cbe7809a18	3fb9cfb6c1281410	414603d27b3782ee
hav	c01fd2b6f940e3e0,c041cfe8d89a30d4,c01fd23a430960d6,c041cfed25747a14	3dc45d81b26abf28	404b6b4a7462e867
hav	40445f1c50a1f334,c0483ef38ca83c84,404ba862231da098,403e3100529d4ed8	3fd83cc033a96c58	4155e20b43f3c394
hav	4027ab84fa267c50,3fe411f64b69be00,c0415b4b18eee9d8,c0638ae6da61183a	3ffdb7173ddef408	416f9a12c4af8941
hav	c04e4ee6390b423e,405661523d4c03a4,c04e4ef05793e0e3,40566150ea611a29	3db03be26be61680	40414f70fd1b9764
hav	c022febd73fb73c0,c0618e27c6b124f0,c04eb74f7b002743,40648807216c8dea	3fe2c5b08f4b9950	415bd1a2603fef15
hav	4029b55374de7148,c05edd4eb95ceea3,c04d6ee08eceb537,c05978c1a21c1c3d	3fe717c1f1761290	415f52049f672ce9
hav	c030168a94ed6018,405ca15e977d4540,c030168d56f2c3aa,405ca163364058aa	3da92e6a0541b6b0	403e7d428eb1c467
hav	4038018705340120,c02aa0a4f4fc0be0,c0465bf3d3f29f05,c05364c7666d9893	3ff011e0096b01b0	4163241415083896
hav	40402eb919c8db6e,405856b3616c5b58,c052c53b4dc5fca4,403daaaf2fdd7d10	3ff6f4965583f558	41688d83296ec563
hav	4051c552c3a15bac,4046fe24502c83ac,4051c54d5b13608b,4046fe2a5812c590	3db2d839927dc2f0	4042a67d9b32fad6
hav	40521c7f63955d14,40586afdb28a0508,c05496efd110b564,4066800000000000	3fff08a2364a7470	4170f72c1b52f3c6
hav	404248edd71105cc,c0370d8ea9f54650,c047ec72f6d3663a,4063d7ca0fbf3f6e	3fffafd3d8babe18	4171e23ff5fb7036
hav	c04da55d946fd1b4,404e690d05b30344,c04da550fd633435,404e690ac10dfbcc	3db8ee50e6ab3608	404573a507400fe0
hav	40159e9fb1864900,4060c26d38fff8fa,c0496479b5855148,4052cc021d4acb5a	3fe7ed9359f52148	415ffa7373ee905c
hav	404ea74e8af001cc,c0609831d827509f,c01a32d337977300,403b1be45936e798	3ff8c4262c11bd80	416a224955e7eb67
hav	40513e34afcde30a,c048cc9be44dbd88,40513e3b99bfff8f,c048cc990bd413b2	3dbdfbd89a6eabb8	4047867e90419232
hav	4046e8bf8c110a40,c05530c2c1c5868c,c04b442a5f1f68b2,40637f9a8b4999c8	3ffc81b0f22eea18	416dfdf2dab39d01
hav	c04fb877b2389f5e,c03051c969ce5b40,4044d9dca5f33940,406554cee771d25c	3ffed2969a9e0b28	4170be12468c0dbb
hav	c0464ab6bb04e0ef,405ce94160761a20,c0464aba6a8ac1e6,405ce93ecfcff91b	3d90cd98a5ce5f78	40319c756f4cd943
hav	4043b7fb224c2588,40437156196a0400,c05609a3ed0a50d3,403a7d12f6c70620	3ff9c4daa9b9f4c8	416b119aad8ca35a
hav	c011238c9196f530,c003a4b230205440,403271cd81324420,4063fa723fba1f5c	3ffecbc1309a2688	4170b73759325acb
hav	c0480a7af7134fe4,c066800000000000,c0480a6ebf6e6776,c0667ffc27eed328	3dc3de598f01e540	404b1529a0bd7f27
hav	c0553a2444f7fbc7,4064b7e6fd889904,40428c99ddbda92e,c01068c59c099540	3ffaba4c7a9543f0	416c04895eb1e98b
hav	404adc1c65764d5c,c05492a3afeed76d,4053f130a92d079a,c0642f83e9128427	3fc7ef00acb8be60	414e354954974d41
hav	4031e48827cc0750,c02d5d1b6dee7480,4031e481f461040d,c02d5d5bbb37cdb4	3dc2ffe762ec86f0	404a7bdc4ee49cc9
hav	404d7480bf17632c,c06272a152d9249c,4055e22bfc0a5014,c0604a99269b25f0	3fbf8b0614b557a8	4148625c0b4d263f
hav	c0556a092e565dd6,c0622ca6db13dbc8,c05105092f4baea5,c04c7add43b9f5b8	3fb2fe6c5e397fc8	4142d77f9a2bf106
hav	4025789cce326458,c0529f5cfb4e0989,40257896a655c09a,c0529f5ea8967800	3d808095f5a02be0	4028ae97a59c2b4e
hav	c0446c3e6b89b057,c05459d6d48f944e,c015fa451afdf4f0,4066800000000000	3ff0cc82e9527b68	4163b1e3dfd6038b
hav	405416a0ffd89ea4,4059ff2290ce1038,c03e65fb6dfbd462,c060387305f8f093	3ff9595c3a0deb70	416aabc936fd765e
hav	c052524b7d3a6218,405fa37aab979840,c0525248ade0e93d,405fa3801091bbf9	3d99b5bef9b93088	4035c8c8bc823c91
hav	4050f2b35f461eee,404e4c1f786c621c,4044415806ebf1d4,c05d051267c308e3	3fe5ef7140007598	415e665cb6f1ea58
hav	c04e5d6bc24b0fd8,404ee953fd46d3d4,c01742c11faf3f90,403fee2c6886d3a8	3fdf5ac64c264ce8	41592aa3f7d43024
hav	c04dbf3c6c7050e8,4054208772d8837c,c04dbf3f4ce2630e,4054208091b6e839	3da1cc2e8b56dbd8	4039a1e34229a22d
hav	c025702d02bb75d8,c06555838fc77b81,c050347b8be13a33,c002fa204a545340	3ff3db45b4e5cc50	41660bc6c743cf27
hav	c039a10956fca8a8,c06551604a10d8f3,c04134b2759527b1,4065f673f7303446	3fa0ed0886c9e110	413910f0d3e122d5
hav	c055b43fc3e6c553,3ff6f259c8d75600,c055b4469a9b5b98,3ff6f1f740ae8d9f	3dbd2e52d5cfdd68	404735520cdd0c83
hav	c03e3b57b8385214,4056c10ef68bb4c8,c0552bdde7feba7e,c05e22cb5c9164f6	3fe223acb04662f0	415b49d1238088a5
hav	4053811c234de604,40413753918f1ea4,c0402769df481376,405cd212ddcb8b40	3ff7eb31362ac348	4169611e96833a05
hav	4044082621dc0fe8,40657b893aa79a08,4044081f2caece39,40657b8c514e9235	3db57e124db2a4a0	4043eae61567bf7b
hav	4054ed262857fc36,c04506d59d950cd8,bf9f131e50c6e000,405aeeb76e118a78	3ff18639057be590	41643f520510dd4d
hav	405121138f7e4378,c06063b2cd7625b9,404b3476d92cc970,4053c875f8436abc	3fdb5acb7f6e45d0	41575bee89c1acf4
hav	c0404134817a6cdc,4048d28f7fabf648,c040413ca4e683a8,4048d28c7d1d79d0	3da6ab75e1fd62c8	403cedcbf6fa8950
hav	403af802439781d8,c0508ba6918b3fe7,c05081066060a485,c04175f4c2b35f28	3ff1acb80e491a78	41645cb47777aa2f
hav	403c62ba5f51a7e8,c066800000000000,4052d14ee068c9c4,c06384a38a699da0	3fd57b26b2f1e7d0	4154841b990e2ddb
hav	c054372507244939,c01bcc10bf674620,c05437228870c02d,c01bcc8ed7001ead	3d93714516313ee8	4032f1a2087e31ea
hav	40533f54a1010790,405285b2455ee570,403c43a165c3751c,c065ad9857e0c25a	3fe3a99ec941e718	415c8e7988909396
hav	4034b3b76d892144,c064b140424a97ca,402f4a7238e68dd8,c066800000000000	3fa09aa9434f8550	4138d3513a242aa8
hav	c04e3273bf0f8ace,c05192301eb07b62,c04e32696d518641,c05192292ed367f2	3db7ef7821f90450	404504e2fcfceacc
hav	c02dec64889d73d8,405e941d358dc370,4021b155036fe820,c0648540f51821c5	3fe89b07a3828518	4160411b594c41af
hav	403a31833bdc9af4,c03c062761ce8640,403e73d179500ccc,c05ae97f5caaac1e	3fe462184466ac08	415d25914dd49928
hav	4050d9f436c5cbf8,c05add0a2bf3484c,4050d9fb34e9fe24,c05add056dee76e8	3dc049cdda3534a0	4048857db2627cdb
hav	403f7a7c945e86ac,405b25b8856b12e8,c049d216af1188c5,c05f4439153fc35e	3ffb91e5de7cd5f0	416ce905efce56f8
hav	405296cae14f341c,4057fe0f3399af6c,4046fe2140868d90,405078cedfb6e69c	3fc29ab013ab90d8	414a88fc0ebbb6f1
hav	c05627460aa3220c,c0621baeb6f7c9d0,c0562746d5cf0b80,c0621bb088cbe1af	3d59753d09885ee8	4015ad634a6b3e0c
hav	c02f71e5eed6b9f8,40653d7fa5a7542e,4031d825542d906c,c058a493f16b3383	3ff1b6cb803a1060	41646466974757a5
hav	404134904decab34,4062b2445196d0e4,c03a34458d6e7dee,4028a980d53c5380	3ffcb02c39232280	416e3736939f495a
hav	c056800000000000,4060f583841b0bdc,c0567ffc058ebcca,4060f584b5e4f885	3da3bf5000000000	403afffa13f273f8
hav	4026b585553d01f0,403e492fdaa7b4e0,c056800000000000,c05b7abf1c8fd0a6	3ff3266afef53080	41657efdaba9930b
hav	c049db940c1417e2,405bfd64f8a2e680,c0293dcd7102f870,404954aaf2dbc3c4	3fe1385e9ba7d2d0	415a81f7082c2a0f
hav	403b487248dc7dd0,403860cfdf1285e0,403b485fd774b41e,403860b2a499248c	3dc3c96e10ed1720	404b06e3da484af7
hav	c04160d4ab623146,c0586682474259a2,404b7102fcd2d258,4036f8b7380b2098	3ffb4eb0b74487f0	416ca003e8b279fb
hav	c04cf27bac13c27f,4053c5854565b6c0,404d7fa47e494ec0,406407cca53b00c0	3ffaf192d811c940	416c3d9880041de1
hav	404a4c3b8a080c08,405a0ca6f7dc5900,404a4c452aba8841,405a0ca9e79a7d55	3db07113ca9bd230	40416bb60a91f2f9
hav	4041316ca7916ef0,404d9ceb8359bffc,404c0ca54ca6fe08,4065ddd7cdff31d2	3fe7638bccc97250	415f8ddd33aa6938
hav	c0526f96c32c2305,c060cdc351667014,c048b002a2c053f9,40553242f815df4c	3fda679c1c5743d0	4156ea906d4e2768
hav	4056800000000000,405678467761ff30,40567ffbbf1ca02a,4056783eab33b9b4	3da692e000000000	403cde17e3e9be87
hav	40321ac0a7fdd158,4061b9e48850e6d2,4050e8bcc72f3d06,405e18910f137600	3fd80fde528f6d80	4155cc433c9395ab
hav	404b6eaf7d4cdfb8,c058e9a7158a81ec,4056717dcf857512,405c10b3f4474390	3fc7920547493098	414df86f3e59e370
hav	404d5cb58e1da3f8,c066800000000000,404d5cbee5bbe353,c0667ffeae3f78a6	3dad90da8050c048	404084c347de8238
hav	c047f689437fec08,404bfce959c79318,40290f301b06a7f8,4058aa0c9244e7cc	3fe5c3dba811cb18	415e43754fde6d41
hav	403a326d2684638c,c054b6bcc52b562a,c0487cdfbcd2c1c8,c05dbff05c079aa0	3feb702b030646e0	4161598312a7e287
hav	4055b0b8b4a61290,c0531a377f4354e4,4055b0b42a41b418,c0531a37b772da06	3da9b96c906bb068	403ed0f79534f3d3
hav	402daf79a5aa2108,406673f6024c2a5c,3fca7c570c015200,c066578f5106d8d1	3fa0d0fde84bda70	4138fc071db14a32
hav	c04d8ca4c0b0f0e3,c066800000000000,c054d9ddd71bc25c,c05e367bc5850f2e	3fbe0c43c66409a0	4147c98430220fba
hav	c052c07fb919405d,c05a0e0b5cec7230,c052c085a35fc9dd,c05a0e0f516a04f0	3db67b2448e1dd20	40445ed7f50e3894
hav	c0567cb66d806788,4066800000000000,c0511bca923dcad8,c033982e730eb000	3fb20021bb3328b8	4142561e09b2f076
hav	c056800000000000,c061b502cef2b12a,c04ecb7e0d60e224,4065fa7db2d5f1bc	3fbed4e8dfe68c60	41481a121977625e
hav	c033d285a9282cb8,c05975a36b7da5fa,c033d26f93fa7835,c059759cb2a0f7a4	3dc5fb2bca50f330	404c7c72a511003e
hav	c033780ad1adaac4,c06058026af93d26,c040f2ca9ee9e35e,4065531aeb3dde6a	3fda0c52ebb13718	4156bf9f2705fa0a
hav	c0480547a74ca78f,c035d21259b7a8e0,404505fea70f0b1c,4064b4e0e3c08dfc	3fffd854723afd10	41723dd9487cb0c9
hav	403fed5cdf36cab8,c064112f0f825140,403fed4b289f7acb,c0641131d1dbe141	3db9eb1e6fc7b2e0	4045df59a5adf1f4
hav	4051a6939c91549c,c0600560bdc8e3f0,c0417cb382e45c55,405425839a70af10	3ffc77d2bb1eb990	416df1f6130eea90
hav	4038e1c1d49a732c,c0623b670c003698,c0056445ba7f9540,4050b38e50e5912c	3ffc853679b842e8	416e023d99c3acad
hav	c030a68122494e94,c0195b2389ac6a80,c030a69c1f0e4c67,c0195b21f9628956	3dbc6747d0e14120	4046e5a265c95f2d
hav	c051da9ec8a9d079,c049a297b1b8b108,c02d6b0ff90d8368,c052bdf03ac156c1	3fde884afd36f8a0	4158cd4b7b18381c
hav	4044a458acc0b27c,c064630e34759c20,c045385233cec637,4043b9b690b02540	3fff518e9429aa18	41714eec70fc5548
hav	404e1e338436a3f8,c053ad3d6cbddc8d,404e1e352ed289ab,c053ad38a34ae2dc	3d8fa61394bf4de8	4031172f6c7c867a
hav	402b94a9bd46e1a8,c016a9a72d3db240,c0207aecfe6764d0,c0611a2d739edd23	3ffaaaa407466050	416bf48b8b97e82b
hav	c0439ae6dd6785a5,4066800000000000,404afece936f41c0,c054cdd57fd3bc14	3ff90afd70f35528	416a630c15d291f3
hav	405208971d885992,c03a1e9d2f1017f8,4052089769335678,c03a1e7e4abfdb04	3d8c73ce660859b8	4030345eae6778fd
hav	c00601bfaa390c60,405c5561577f0c68,c051b5632f9d50dc,404a643169618de8	3fe963e6626fb4e8	41608f484a2531f3
hav	c040cc2f2e0d18a8,4051965e92b47994,40464518a21128c4,404e0e97eddd0870	3fe9b91326477ba8	4160b04da767ae01
hav	c05430c5c5881010,c066800000000000,c05430c4a6216774,c066800000000000	3d69290000000000	401e79fb4a630da5
hav	c043d03d74fa2f8d,4054dae5c5fc2b04,c0516f85aa6d61b6,40659322b924c300	3fd976292a3970f8	41567880a23d2bf8
hav	402e8054b2a108a8,4066800000000000,402ceef90c43cc60,c065b2c659a06f77	3f78544448f4b258	412533a72d25aa56
hav	c054b7425ddcf513,c058d01349fb563b,c054b73d07755a20,c058d015ffffc75e	3db1d806091b2a08	404225fb2c4a6ca7
hav	c0435e2dd7ef74db,c0354cc3bfc04330,c02060564693f418,4060970a9e792d30	3ff9addc45b7bdf8	416afb9d0a1e5607
hav	c0376edde8f52c68,c04e2081bf4a4290,c04bf089d8ebe3cb,405d0e3bf1f93afc	3ff2f3a479a60328	416557b4ea4c55b0
hav	c04b5e119a0d19d9,405fca4f82c550fc,c04b5e1817c37300,405fca53ac0ffd05	3da458534ae539e0	403b67cd51c6baf9
hav	4054a1099ef842d6,c061322b118d489c,c012439e59b74960,405c5756e610f5b8	3ff1f106430843a0	416490eabb73047d
hav	c01f647ab4002a80,405c391083a6aebc,401a6bdc16a7cb50,c05294c698377c50	3fffdf1c1679fdc8	41725141ae67df35
hav	403ea6df7a9265b4,4042ba27ab5ce710,403ea6de04501484,4042ba224c213557	3d8b50a7eaebc2b0	402fc13a98c56c1c
hav	403facb2cbbf92a0,400db960041a4880,4048faf1dd2a8884,c06044a97123d08b	3fef4673ef456490	4162d009591eb881
hav	405139c4e44ad0c6,403e8541685c60c8,4040c7b72c4580e4,4050b8bbc0073174	3fcf11012eaa0228	41514b95ff673c9c
hav	c04202989759fc28,40592d9e42126924,c042028b8ac43614,40592d9ed37becbd	3dbab075e0c531e0	4046320209f16758
hav	c04feeecccff4c68,c05551d108d19d38,c0250d38edd53998,40638daca1862f4e	3ff0a90307850ec0	416396e6921f2409
hav	c020fc438c5e0508,404f1b48e7efa670,401a4058260e76b0,4044c423569f04ac	3fb8fee00e8d9e38	4145a88490d511df
hav	405613eff510f890,c046e9395287dcdc,405613ec8c530b38,c046e93c85d45dc6	3d9d020b9b16ab78	403723afc434a955
hav	c0450a6e2baadd16,4050a863e36c4c04,4055b94e4ff2b1ec,40654acc5f7b0fd0	3ffadc1174052ee0	416c274803125c86
hav	c0294d5229213888,402ee634de04fda0,c0514ad908c8cef9,405c555dfef50f6c	3feaf90550bb7658	41612bbff3c1819d
hav	c05507cadeaf0c9c,4063bc4b8cd369f0,c05507c3d6ba4c7e,4063bc4a947995de	3dbedd9e77ee4670	4047de6c7048e8c8
hav	403fe80a5ba9643c,c062343eb9edf432,4053accfc72f32f4,c066800000000000	3fd60ad2564b6270	4154ccba5c5c4b90
hav	4056800000000000,4064e9e69a302bd8,c050aeadf578b22b,4047604b985847b4	3ffeb2c94bc579b0	41709ec4e871c5b8
hav	c031b08473674a48,c05f2a93d79cad4c,c031b099caa73ea4,c05f2a988a9a140d	3dbe4307deda2b00	4047a25b154f6b28
hav	c0529d0af43a9fcc,c047ccedbb30d360,4052e2c822e91fe8,c05a241a51ea5c5e	3ffe57ca27cc2d48	41704c57beb8017a
hav	c052856f369dd1bc,40651b6b586e0a94,c04ec6a08e454040,c0664c88d064898b	3f9bb3404ccd6d18	4136a9be9f3532cd
hav	c04f4aaa61b95ed0,c065ca63fa20cff8,c04f4aa1204b261e,c065ca66dde1de56	3db1c76035c204e0	40421d81ea7e8f1a
hav	40542d5a43ff1c78,40525059d53a0e18,c056800000000000,4047287e00a74190	3fffca42be8d88d0	41721a44835f3c60
hav	c03729c5c2e4a1d8,404f6241eb39741c,c03935c1e2f81fa0,4065c3378e7c0a58	3ff229363254fcc0	4164bbf2152178b1
hav	c05430ef2e605e77,c0480023f4fb495c,c05430e7d8f83b7a,c0480027f276b00b	3dc0cedfed84a6f8	4048e8def1ae127b
hav	404ed22c7e90efd0,4054c0dc0b86c4c0,405454b3101489c8,404c1dfa498744e8	3fb0ec466b4095f8	4141c5cf55199247
hav	c02caa4e2cf27eb8,bffe4ae0a1552b00,c04cc9f7912e2b51,c025beaa4a4db550	3fd1c9bc7234b7c0	4152917b8541b5d8
hav	c03ed7ff829f018c,4031a2a6740ed278,c03ed7fa5a2ca73d,4031a2c5f7086825	3dbd93d96ed48ed8	40475d8ea1a49683
hav	c04e298c444731a2,c047b0ef995d16a0,40259e4b6472c460,4054a2c07320a828	3ff799c839a78610	41691a6a69594ce5
hav	401e2a86c026cad0,406153f73f6b8b5e,c01db098f4f39820,405a44c010a2c834	3fc94d950ef47810	414f1717073abde6
hav	c042315028b737e5,405b25fbabcbbc70,c042314576f1d210,405b25fffdbaaedc	3db9622af2ea8950	4045a5433bea77d8
hav	c053ee2524c69a0f,c0532c4ee42ae8e7,404a43d5a38f5260,404737d2f9206ff4	3ffd71b4ca3e8430	416f36635e9889bb
hav	c0521d5db4c61063,c063767618e30c9f,4042432c23fd2454,4061686c2f969596	3ff771c1118890e8	4168f7f8666f4f31
hav	405565e42f8c3a7a,c058fe28c8fef363,405565dddeb091d0,c058fe3072abe1fb	3db91a1e5093c990	404586750da5fe50
hav	4015f9452b91ba00,40578dab1f22ad7c,c0204dbe9a4f5798,40568fa7578506a0	3f9f5289c7b2a080	41381b43b988123b
hav	4036f5c22eb8c478,c053cd5fd3050fba,4044b080fd639400,c021ae19b56a82f0	3fe052118625acc8	4159bb1253e3f4da
hav	c0396838d568c174,c06267d8ba16a5bc,c039683fc029e9d7,c06267d5d7d246eb	3db2cc74e13d2ca0	4042a0a9e10be5d0
hav	c04467e3c4384dbf,c064e1d9635c2a83,4011309cec01d860,c0583d54b496abbe	3fe958a97a9c92f8	41608aeb90733064
hav	4053a60ac3172716,40522cb9bcac0434,4023a3d6ac3ea468,40540dd534a19630	3fe477e139b66450	415d3750817c232b
hav	c042e370374d252e,4066800000000000,c042e373454eafef,40667fff13f07dd8	3d863f497decaac8	402ca873b8797d2c
hav	3fef4bb9b7437f80,40647560588ccb68,404c1732d9130d38,c0662ba62af5bc1d	3fdd6943e7e39658	41584c9864f4e587
hav	c0562b3362ea12b4,4027938f841e54d0,c0390ba63e7ccbc4,4060d2b8328e978c	3fe2d1e66ca2c230	415bdbd0a17b1fcf
hav	c01c12e1d1554fd0,c0621c935c583e86,c01c1338fb059934,c0621c932b08939a	3db29afd75aa98e8	4042881794bf5326
hav	c0450cf68727be62,c03d9bd465ad61c8,c026acf49d216fd0,c0611dcd9d5a3e40	3ff15b5c302dd710	41641ea24f35d1cf
hav	404f057468dee2fc,40459a9cd03cfd5c,c045da2e3173194f,c03e42383d75b048	3ff838c40da3a6c0	4169a55a6fb1a395
hav	c052665bdaa51338,c04cf461bf8f2da2,c052665ac39278f2,c04cf46bbd922535	3d7fb984ac7cb870	402832dd9673d4fc
hav	c053548a62646518,c04921d98c68c174,4012c73045279d20,c066800000000000	3ff383d3b9ae1ae0	4165c786b32e46c6
hav	40532b36e17f34c6,40577beb7803164c,c04f91890baee306,c040f40babedc7b4	3ffee9529de29498	4170d56f010fefc0
hav	c052755bf18992a1,404bc5293a93788c,c05275607d76b1ed,404bc52b874ea3a1	3da9eb7cca9de940	403eeee59b9085a6
hav	c04323ac1ff5b5f6,c0542c02fe0b2c59,c02b13170bfe6d60,c0620015f92c51e2	3fe0645c22f0cdd0	4159caff0d77facc
hav	c049112e516bfdc0,4040839535d6eb70,c04e868e13f0f29c,404cfa11e135ea3c	3fa80fe4a3538508	413dec08148614b6
hav	c051feca95a4c2be,406540fa6a7b7b04,c051fecde0c24c3b,406540f9f2e40aa1	3d9b467b1ffb5c30	4036700c9b4961b3
hav	40513df976d0d504,c05d98393d93f7ac,c051791dfd8f2750,c047fcb0d0bb6740	3ffd5c9f99c40e60	416f1911c1bd8b04
hav	c0559f45c82ca079,405e2989234aeac4,4054e12b1c429156,c0613325bfc40cd1	3fffe3f21cd56eb0	4172605a130c09c9
hav	c051858aa3ed86bb,404b31b76e3051e0,c051858924f79545,404b31bedb98e7a8	3d832768c619e910	402a9756a57f86bf
hav	4050e5b3f812d446,c058120ee64bb5a7,4051c24937c659ce,c04e0eec4ae63fb2	3f9a4c54cef67450	4136145c5e2e6c4d
hav	c0525dc08da7b42a,4041a58c763a4600,4053757538716e52,4063f643a542663e	3fff893bdf587a50	41719f0642af0bb0
hav	c053d61ada281b66,4057f672d72f424c,c053d61fef2b8f4e,4057f66fb476be9f	3db052852617b6e8	40415b7e44707d70
hav	c03e6c2f87472b9a,c0418afb91da7050,c0561c7d4d99e170,4059de7f5a7a631c	3fe05d01d6e26d00	4159c49902a43451
hav	403fbf7e520eecc8,405c145a32ffdc8c,40522a6f084680c2,c013551facfa2c60	3fe3a0a17f1a0e98	415c8712d3741edd
hav	c051afaacb99ac66,404e1bdb9872e2e8,c051afa6e70296c6,404e1bcf89cd6234	3da7d73066b15470	403daaa190dc9b12
hav	4042a593c170fe68,c0654e060cf258e7,c036e0ae2a98c1fc,4053d1a3ad2f3cac	3ff7d5b71ad41838	41694e613f1f3294
hav	4028c682db1851f0,406439959145ee92,4035af89575f5324,405d103865db5350	3fd23f435a0e3550	4152d1a5fbca76f2
hav	4046f508d71608b4,c03beda06290d2c8,4046f512dc800489,c03bed89ce2f28e0	3db948e9d489f540	40459a7c02ad4812
hav	c0487b04743dac91,40647cf49cbc926e,c047ae085ddd488c,c05832bd858be1bf	3fe08b99705e8100	4159ed150295eb8a
hav	404b81ce6040e698,4053361318ff3ccc,405214af9c54f94c,406333aea5cfcc10	3fc6fb549e4a6af8	414d94e9cf3837e7
hav	40144f88d81a9360,404bd8c37de2565c,40144f7502215685,404bd8b9a122822b	3db0028477e9d148	404130bfed022c1d
hav	40485d488e6d30a8,4032bdfbc707b788,c030362f269510b4,4057f29ba617b60c	3ff116054b2d7b38	4163e9d12d5b1952
hav	c04715e74a3f18ac,40528c58c8fc79ae,4042239a86f32c1a,4066800000000000	3ff943511a5aba28	416a97347d7a8cdf
hav	4042977649de560c,4057dad5263e43cc,40429785522c600a,4057dadbb3451ce1	3dca1e5cd47dee20	404f0d3250ef2b68
hav	4032ba02367cdc70,c056e86a4bc586e0,403d58d8c795d8e4,401b6d38cd0f3400	3feedd36c2890518	4162a80e435e3090
hav	c030e310a8b01b38,4055357434bda260,c05434fc8a95e127,4066800000000000	3fe74341a788a540	415f746300ff0585
hav	c03f9a46018cb1f0,c066800000000000,c03f9a4c9c99a9ef,c0667ffde37815b1	3da38b081ac44cc8	403adc24998ab428
hav	4054bc321bb9f66a,40604bc51b86f85a,404e5689aa71bcd8,bff8fd6b6396b700	3fc6653a2572f888	414d30a175be2203
hav	4055413344996fd0,4057638039a8048c,40561fb925468cd0,4060a07cd18a09f8	3f6355d9c4cc25b0	411ab8d86f19bcc3
hav	c04d55fe83a18f8a,404cf4f536f68ca8,c04d55f64138e5f5,404cf4e69b096957	3db3a3626cc952c8	404309fc8cfb3721
hav	401031339281c7f0,40607940f772e9ec,4009c52dda929cc0,c042b12701ff78d4	3fff9676a1957778	4171b4a683ba8c46
hav	4056800000000000,40326e1ec6f93990,c0449b9f44313e4a,405fdba3bb3cc40c	3ffa8ad7788a23d8	416bd44ae39a3bd6
hav	c0514e35ea7f56c5,406534addce3c152,c0514e3040af7f8b,406534aa39d9b302	3db829b799a95800	40451e66d09cc07e
hav	40480b4c9fa0e6f4,c05b66d9b345a569,c03564cdd0d25468,c05de2d7f7d6d05e	3fe515235c236668	415db6db32ebc883
hav	4040c74826fec91e,406428fec3df2fb8,405438145e06ad26,c047cee96130a7fc	3fe23cbf8aa465f0	415b5eed77365708
hav	c04d917a62964bfe,c061b89d7b027576,c04d916c3993edbe,c061b8a01778b8fc	3dc1e00665e685d8	4049b029541a1fa3
hav	40562aaade223348,c054bbc3c8582214,c01604b248009750,4056af6a7796e4ac	3ff1e7188d7ca3a0	4164895243870701
hav	401aa7b6c50255d0,c0652bc5fba273f9,c0243a9077d79840,40521b71ffd21c9c	3ff7b84932e5f498	416934cdc83de271
hav	40563e698898a294,c061a1ab5e142633,40563e6f28220a00,c061a1ae9cecac86	3db3bc26da281ca8	404315fa41d751f1
hav	4040a8d2a3a6f0b8,403a4bdbdfa83d00,c046e6289834faf6,c0463342edb2c798	3ff3381e6d9eddc8	41658cb57cf9bce5
hav	c043df550199888f,4061de4f2d901b66,404ef3082a63da9c,c065747cc02f47c0	3ff4f4bd710971f0	4166ea3442fc4da4
hav	c05106990466aab2,c05b99ae24b2f693,c0510696ef9b73d4,c05b99abef6a5dc9	3d8900b453b6b2b8	402e6189cd669d9d
hav	3ff8bf76640b4980,c064279b6352dc76,c04804bdfe8f6486,c062157dee28dc00	3fd8483dcfa93b10	4155e79c56236ee0
hav	4055ea54f15f240c,40554529250c09b4,c0311a1b13638800,406384c40007280a	3ff47fb180aa0bf0	41668d268341e178
hav	c04116c07d632b7e,c022fc433dc03ac0,c04116c20607c2da,c022fc73e6de7a43	3db02a106ecca108	404145ee23ba2d54
hav	c01942edb248df70,c065c441c62ea1a0,404984b177a266cc,40667b5b35062f44	3fddb18c3fc3e340	41586d2a0e5dec9b
hav	c0205312438cc7d8,c012af07ebc60540,4052ea7952846ae0,4045d82408f1b194	3fef30b1ceb6e0b0	4162c7c5878ff2e6
hav	c04897cd5c897f00,c04cae9ac37b58f2,c04897cf7275c617,c04cae9b7d2be5b2	3d66d51425f9dca8	401d084dc69191e3
hav	c04438a091a10d98,c03d5aa63cb32a78,c022b8cae8b33890,c04549ea5babca18	3fc4ecc9ab271ff8	414c2fc500c091e1
hav	c04443e638e19c8d,4065fa2320ffbfbe,404d9bf41d8dbd34,4060898a0f1e3650	3ff46b79e942f9a0	41667d298d6a0327
hav	c03970cfc30662e4,405a88ee3e71ed14,c03970d0f24ec5b6,405a88f54154e1ff	3db9101b629acd90	40458229c1bf8a70
hav	405453348a6bfeb4,c056c307d89c5f3f,4046993ed0e56e80,c0547fe52ffa171f	3fc8c037b635bb30	414ebcb65f52f61c
hav	4041646624eabaca,4062bc57fef7478a,4050a9a89f5c4596,c05a9d0f2be9621d	3fe1b304dbacd608	415aea891a326049
hav	4021cdc914d2f210,40605cdde46b0428,4021cdea7e6ca5e1,40605ce140f0a4c5	3dc3339b629f32c8	404a9fccd71d960c
hav	c03e5edbbe2a0892,c05caed0e6d40da2,404f5adadef7eca0,c062b980119855da	3ff202312798fea8	41649e0e4eb147ac
hav	400645d2ba60bec0,4041926c0c36b8d8,c04d466d1610a774,4066800000000000	3ff77b2ee5538998	41690010e8e35d9f
hav	c056800000000000,c060afc77263ff27,c0567ff98fe0df2a,c060afc5a49df24f	3db9db7800000000	4045d8be242a47ba
hav	404c14951bd46cc0,405c553acd1008b4,40338d192ea2c8d8,c04e827e18e6c004	3ff3e870f8b51398	41661616125b86bd
hav	c04eecff1f3a1959,4053a9b0ba382644,4043e191de1c4adc,c06133c966045a70	3ffdb38af9464578	416f94d9265df1be
hav	3ff0ebe58fa7b940,c064b8be9ff4701d,3ff0eac399e3ddf1,c064b8bfaaf64044	3daf09e6d0ff3820	4040eccfee6e7e01
hav	4045f43b9e4ab298,406653c56781f6fc,40523173fb14d8d4,4061867c6961dcda	3fc5d085dc8dc168	414ccc1b0276f4a1
hav	404a8432e8aa6488,c035da9c0905cf00,4020a898c770be30,4059c92b24fcabf8	3ff39bbb80095de8	4165da2632017bf9
hav	403a8a15e4492608,40536a1933b04a04,403a8a112eac4309,40536a161f995a5b	3d9663122b8dfa50	403453ed3a2d41b9
hav	405298d454ee2832,401264ec438809a0,4055fd77fbdad228,c057e983a810c7ba	3fa41310ea055770	413b4ff8c7d532b6
hav	4025654d29555130,c05578edc8bd07e7,c0271eeee0300558,404bd23dcfd5677c	3ffca7b227878688	416e2cab2838a548
hav	40404f8a418932c6,405ae065b836182c,40404f97c38dc995,405ae06c235f8636	3dc75856d43eb318	404d5b4ae44abc97
hav	c04a0c545760a48f,40639cfeafe029e8,c052a696b332907f,c03f5b4c85f2a788	3fd9a4ef8930a868	41568eb8873baf66
hav	4053af1dd9076740,402a55c9ea234700,c055e88c363d60ba,406006b29a73106a	3fffbba933344e78	4171f9f9bcd720c7
hav	4047d29f18e29fb8,c0642654f22aacc5,4047d28f600c8531,c0642658d545b07c	3dcbd53af9b096c0	405006f6d884a732
hav	4041a6d6f04cdec2,4066800000000000,c04163defb842621,c05461eed7d0e24f	3ff6daa82d19b9d0	416877ae5fcad6da
hav	c0390f93deec16d0,c0613b651d6a7830,4019ba0acfd204b0,c063206f129cd0f8	3fc6dc9ba68d8c90	414d807b94649a2d
hav	c056800000000000,c053fbb3f07f8cb8,c0567ffda1abc098,c053fbb43d81e68b	3d8bff4000000000	4030130b6f1fbf7c
hav	4054ce1afaa93fca,402c4d7489b71110,c04577c583b522e7,c06327e627fede3f	3ffc2c11ce953c08	416d97c573b68f1e
hav	40520ce1f724a682,4043c63e7edd4fb4,c050785b21f7be06,4054740d7673bdb0	3ffc6cd587c90700	416de4ade20313d0
hav	404db759bd2dff38,c046c05345677d58,404db766a960402b,c046c050f56237d0	3dba42c971370728	404604385a56eed5
hav	c047bd4f2eca8556,4047d475dd91ced8,c043f1a3ed21ef90,404e3fb402136b90	3f963fafdf194a10	41344d46c7cec017
hav	4046efb137a4418c,c06608ba4aff0ac2,3ff8c8d53d7f32c0,c04c3d187e56f8d2	3ff5391c30bddba0	416720f9d870f94e
hav	403606ea3b18821c,4062f309af7e0402,403606ea534e8a8a,4062f30bc89a88b2	3da2e157d5638fa0	403a668709e6f3a7
hav	4052e790a6bb2984,c03d2d7aaeed0310,c046a8d02c497ea3,c05df599e6282b93	3ffb0d5a725f5e68	416c5aa508b0ec97
hav	c054e22535c1911d,4061b935eaf19fe2,c035e3dd2712375c,4060193f0a8782e4	3fe0e31648586fa8	415a38b658777fbb
hav	c04d5e3ccb835a0c,c060be392a88bd7b,c04d5e4ba57de90f,c060be351e445b92	3dc6b4e6a0fa9c88	404cf3d157da39c2
hav	c03e2ec9ccd7bbc8,404516cd9bd92550,403c2b3d1c7ad78c,c04836744c3eed1c	3ff3ed057c74a5f0	416619ac862e413a
hav	404e11aa595c7a3c,c05396d40c61aff2,403521fb3b061ca4,406060de4cfd4436	3ff178e7de78df28	41643529656a45ee
hav	c05357f3b7dc7dec,c051f2013e88933e,c05357f679ed44c3,c051f205c26ef32f	3d9569c0aba79160	4033e1799dd99ba4
hav	4055c7802a514a8a,4060967ec768ad9c,bfe562b9590e7b80,405c9e7a512fa030	3feed82027b8c368	4162a61f4ad957ad
hav	c04e46a889670a8e,4061d662c349a82c,405657fc148a9468,c04a55d328b9c5b8	3ffe03c85ed3dcc0	4170076d0700fe01
hav	40502936c21b3352,c0621e7746110bb5,4050293de3aa64eb,c0621e7584b35dd2	3dc0913d0051cd50	4048bb0890fdaf60
hav	c04db9d17cc4b4dd,40406cec535b8774,4040c4f32ae2b882,c049cbd99e68fa10	3ff6f4e9b7fff690	41688dc97c1bcbf9
hav	405325322f19346c,c04eb047bac2a57a,c0506982de666600,406046da8c9938cc	3fffadab1fc2ba68	4171de1ce8938851
hav	c022c805d4f11138,c065630c7297ccd6,c022c7d75e2488d4,c0656308f24d0726	3dc968d7e4786290	404ea08d8f09daa8
hav	c0515e58d6895c39,c0455f1a2cd65068,4056800000000000,4065a3cf387599be	3ffefbf657cb5418	4170e94874c54465
hav	c0090b1d4503b8e0,c0516ed45bc667ce,4051a82e93e7ec36,c05d4d438afe33d8	3fea7c20cc9a31a0	4160fbaa5e6cca08
hav	40404ce8ee7d67c2,401467fd89212fa0,40404ce80230bdb0,401468501b0951be	3da7d9526d081c08	403dabf543ce0ae6
hav	4051bcd6cac57b14,c066800000000000,4034756bc21cbcac,c0651e241479d261	3fd7a5bcd3481730	41559883586330f7
hav	4045842cb8675648,4066293f6438c4ca,bff6a29d10db78c0,406178bcd7136466	3fdbfba6e48a60f8	4157a6219dc7fda0
hav	4041d709e8468bd2,4064a00e58f4857e,4041d711ec08f4aa,4064a00dfe0ce374	3da473bfc8f04a98	403b7a3f8a28a767
hav	c03773719e0c7a04,4065fccbe4b66704,403d237c38baed1c,401e919b080366c0	3fffa7264cfe28d0	4171d1f01c5e7243
hav	402f89f806ddadb0,40478f5199f8e1a8,c02988045c824ce8,404ecc8ee89ffd50	3fc35d3e2fbeeb18	414b15f882f41161
hav	c050d9d9c8740170,c05b1fe7c5ab1383,c050d9d424d32841,c05b1fecb9450b87	3db618da62b0d260	4044321f06b6431f
hav	40546dfa4f761d78,4066800000000000,c04e1e3433e7e0fe,c059fe706a99e601	3ffd77d5217bfe90	416f3efd003551d1
hav	c0484ace03c67d37,c0302d2087eafd80,4031967c4d538718,bffe6483ac804000	3fe3b2117230c9c8	415c956d3ee1361f
hav	bffcb307c2b5a4c0,c065f3bf2e7934d7,bffcb2dcab810e6b,c065f3bc1c655e40	3db7c9d14969c230	4044f4544060600f
hav	403a973f5880dba8,c058348eb16bca07,c03cfafc9126066c,c0667cfbf7e30bd9	3ff1f6870c69f168	41649520bcb15ecf
hav	4056800000000000,400f729f3780d500,404f371771bf62f0,c066800000000000	3fbd11a8b86157f0	41476381c5342df1
hav	c05626764ee08461,c03a586bee006b48,c05626726382e0e6,c03a587602e54d70	3da32bf5b16e3b48	403a9a7f1479e063
hav	40510b640058006c,c05d2728fc43ab72,c0282864824bc5b8,4061cc3c20ad92c8	3ff437f10a83bc80	416654835db53d61
hav	c0520c24a794d146,c060b44d798d1ee2,4039c294104683b4,c0630553a5c0fddf	3ff27101e3e698b8	4164f30c020428ff
hav	c041c04f1322317e,404831ebbd950c4c,c041c05b1ea3aeed,404831eb82e785e5	3db6a2033ab30580	4044706cbd972195
hav	405335132890d864,4066800000000000,c032c6dea4387604,c053e99aec7cbc10	3ff5a28071183050	41677612224a2218
hav	c038861f5ebc0284,4020dc15979743f0,4052ea6530445ddc,c040752a11c57144	3ff3ba64e971ff08	4165f212d827c810
hav	4018dd2bf2d99780,405b304409f2d73c,4018dd6056f732ed,405b30408cb851a2	3dac63d87ac05530	40402fd28281551c
hav	bffda1ec1497ef40,4040e131360b3db8,404f46b6de5b73a8,c056020ded6963ab	3ff4579ae748f060	41666d78879dbfd0
hav	4051aedaf981fd38,40339a39a84f91d0,403b3ee5a929480c,405941cae71c45b0	3fe0c56557e03718	415a1f19e4dd1152
hav	4042fb760976c3a0,c061da31d0a539a0,4042fb708e8746d2,c061da2e015baa74	3dbb32375f804030	404667b53caf9bdb
hav	4031d2ce35bc500c,406226339e9d74ac,c04538a0953b2a05,406022194f2c0028	3fe1037917ec4290	415a54956c78221e
hav	4045ef0859578af4,4036318b551cfaa8,c044cc2355fb4e46,c051b71fe5a9c06b	3ff7d20d31be39c0	41694b3080a62276
hav	c044d9d8edbadb20,c04376bba81d6374,c044d9c95de03119,c04376ae82fcd2b9	3dca65812a5dbcb0	404f375fb1da1946
hav	404ba83a79e3897c,405264d080365b88,c040ba343cee925b,40654a973ad9dc84	3ff82585e73ebce8	41699458624220eb
hav	403c59f28fbb0d6c,c060ab2c6b68e826,403401adea93f718,40516535c5774b56	3ff996076d43d488	416ae4f2072ec7a9
hav	40263fb7b1b86f18,400aaaec41e81380,40263fd982a8efd3,400aaa7a67150f0b	3db2c01484f832d0	40429a871aaecffb
hav	405319745ba56c18,4033195a6af1e068,c0351aba64067d68,c052c94ee0dda462	3ff5dbfcead28898	4167a4da745e0193
hav	4055c47a6c0e1046,4043ffc57ea80f64,c043037f7918f72b,bfeabe4c472f8700	3ff95b34922dd790	416aad835b3d9b74
hav	c0255a0154c62f40,40625aad7d633ffa,c02559edf38c567d,40625ab18e06a1a5	3dc5bd8a946849b0	404c54676129ff3f
hav	c05041e3fc48c1ea,c05c94bf85f9d5c6,40534e7303008722,405a3357ee4e4508	3fff4dd148100c08	41714a07e8cc8994
hav	c02f62e72562fd58,c0616f2765be7558,4056800000000000,c0542dd75c0057a2	3ff453e8cb33df58	41666a8e0e05d6b4
hav	c01020d47c47ce20,40504d32782af168,c01021016b8cd87e,40504d2dd81bae6a	3db2335b6c8e51c8	40425432887b866a
hav	4051daed425e105e,c04de26a03e0df2e,4044f86f01a58e58,4056fd93eaad7ecc	3fe2680c3df0daa0	415b834db5116e90
hav	c0551d7c8fa5a61e,4062a5ab595a2e44,c020e8e408f93b20,405d45c5466236cc	3fe8ba7876c828d0	41604d5f6227dca8
hav	c02f9db63fc57458,4022064ac7a92320,c02f9ded552262a5,40220621a08e5ecc	3dc66e0b82040e28	404cc6819eec30f9
hav	c056800000000000,4066800000000000,c04137efa2237f63,406661991aa86348	3fdbceda3a4f1090	415791870a024fb6
hav	c050b7772cb81459,4012d3c27746f2a0,401f19bf1a4e9b60,c0542794231182f9	3ff17ba145d17868	4164373d55ff5d92
hav	c055b4439ca2c53b,406394ddbb93548a,c055b4419bf1435e,406394daa50134b7	3d849ace53c78558	402b946f997f7efd
hav	4051b49adaff0d4e,4066800000000000,c04687b41c70de30,c03b3b81fa780ac8	3ffdff8b39424218	417004188d70361f
hav	c0331c08a73de648,4064cfaa8f382fd4,40319d51a6aad5a4,403a36898c9d0778	3ffcaafee066e790	416e30c4864d143e
hav	c05171bb8701b925,c06136dbb401b0a0,c05171b86b4b44ff,c06136dee491ff4c	3da21f38a8a712b0	4039dd6a477154f0
hav	c040d793b718ddb5,4053cb6db080bbb8,c04153c578b6443b,c06651977d0d0ffa	3fea905358169368	416103733bcbbaa9
hav	4056800000000000,c05814def002c4a2,40426cd3ea45bcd2,4043806b24f5d8b4	3fd99e1a4efeb330	41568b7a95f9eb1b
hav	c04ac34980ed20d7,c02c58955b4ba360,c04ac34e0b3e9002,c02c585bfe06eaf8	3dad19d881ab7f08	40406362cbb83771
hav	4055693a19a116d0,40093576059d6100,c0564f0d07fda26f,c065e7a84a582c10	3ffff7f4c9193050	4172b501c3854acb
hav	402b1f3ff8619128,c05d67895c4e0d02,c049324f908cad23,4066800000000000	3fec966291499190	4161ca1f57cd337a
hav	4040480b03446b4a,4066800000000000,40404816636f30d3,4066800000000000	3db42ec000000000	40434d14cf366a43
hav	4037319688f02f1c,c006b647d065b900,4041e74d86d5d03c,404db281570e1c8c	3fdb06f981b353a0	41573505abf9a924
hav	c049966910b15c78,c0322e52594b9350,4056800000000000,c05de961b89a8680	3ffc770d40b93ac0	416df106cd9eb37f
hav	c0509626360bf236,406289259a8af022,c0509629f6501ecf,4062892188dfbe52	3daedb65b354c0a8	4040e01d4de2e647
hav	c03baa20147dd45e,4064d3ef05ea5860,4054dccde3f18a7c,4035345a1c8ee078	3ff8b6096d980d28	416a157dd27cce33
hav	c01c646a0c88b0b0,4054f4795c6d8c38,40558894b2dc588e,406050d802ce94b0	3ff13d0f885626c0	4164078bc594da11
hav	402a016fecb1c578,c051f6abed818ffb,402a019b55c68464,c051f6a968dd1046	3db62002fa412ee8	40443564377b690b
hav	c04612821f23c1e8,405b7cec2faf15a8,c04e49c3d64887c5,c02fb5ea44ef0db0	3fe3300840ad89a8	415c2a0cdeb76125
hav	c04008dcb04fd336,c05538d696b0fab7,c045980197874853,c05749f573fb63a3	3f99cb6a56913fe8	4135ddbff098ec9b
hav	c0489c16d82fd245,c0519d6453ab3973,c0489c0c37c058ad,c0519d6c135cce5d	3dc0cbf65afa6d98	4048e6b661665ee1
hav	400aaa135121a600,c0631297ba5b8121,c04aca67bd6634dd,4049f33c83a88bcc	3ff960fcfec694b0	416ab2ee44911648
hav	4028f60751ebd670,4065245e869841e0,c056800000000000,40597e384405eb9c	3ff3752d66157158	4165bc2043526140
hav	c04830e8a05d9e46,c050cf5828a84c71,c04830ea7287cbe4,c050cf5815e59331	3d6098e8efdbd070	4018c0c1b821a848
hav	4041bdcc2c1c0566,40357ef3ef8e6c48,c01dcf4fba4870f0,4062cda23bbf83fc	3ff95280f1937888	416aa55fb6a2138c
hav	3ffe5190c4856a00,4043a1e258044db4,4056800000000000,c05adccf1b096907	3feef11ea0cdafe8	4162af9e83f593fa
hav	c0563548daa5a5f4,c051a5d3b29ed2ab,c0563548317e9088,c051a5d2ac4f461e	3d5172747ceeb7f8	4011f20a3330dcab
hav	402b5aeb4bc839c8,c065cdec66927a1b,c051f2de03170c1a,c05b48814bd11e02	3ff19085ffad5dd0	4164472e2822f243
hav	4049fb9fa15be054,40492bdff37a1864,c02300a15a77e320,405eeec20815f4a0	3fee99e21175b2c8	41628e779d2d7605
hav	c04a7df18c89ca18,c0350ecf3c14c1a8,c04a7dfb818ea30c,c0350ebba1ae6804	3db4e4c5c4c963c0	4043a35d3554b775
hav	404d4739d5cf4ab4,406579a1b0c03a5e,4029308ef8538a08,4061de92c6407df6	3fd78dc5234cb680	41558cc732c59e32
hav	40485a5feaaf14ac,405f67388ecd1a5c,404848c40a0fb37c,c05dcaeac09580be	3fe3ed745c9e8d98	415cc634f707afe3
hav	40469575a20f77cc,4031bf19b4ecc888,4046957d8f263e1e,4031befb02791771	3dbc0fbd3935e0c8	4046c23e0ffe369b
hav	4056800000000000,c05c83f902905b96,40401824b55c9db6,c066800000000000	3fdde81bddfd5bd8	415885ad3ec13094
hav	c023f730ecd7d260,c05cae9690dd7662,405035c9a61b6066,c049683c9e903254	3fef211a7a53dca8	4162c1d9550a3798
hav	40562095d47082e4,4040486429256360,4056209d116e5e03,40404862448feec4	3dc057c0644d8eb8	40488ffb1ce297ce
hav	40459150e9bbfcec,402486070a48bd30,c04f72b2cadb617e,c03134a448a90fc8	3ff504adb2d36740	4166f6f1a0bc1b2b
hav	c04e1ed0575fe9d2,c06368dbae99c26a,4035c3fabc135cb4,4065133850f78b7e	3fee62bdfe391130	4162798130b2d418
hav	c051ee2dcfe369c6,40646a73be25e738,c051ee2d42825ed0,40646a72e45ddeb3	3d578c7e2bf67580	4014d94053ca1a47
hav	4013d2005a3f6e90,4022679f39ecfd00,c0315630402ba388,c04c6aee02a2c1d6	3fe476d0584c5170	415d367252e27050
hav	c042f8e2e7a0ff5c,4060c5306a048c16,c04c3be96da68efd,c0611cdcf8f40219	3fdead9787dec740	4158dde5fac50f81
hav	4056800000000000,4058d0659bef4188,40567ff8b0ecda7b,4058d063693ca106	3dc0a9c400000000	4048cd503e1aba51
hav	c0328a27bbead284,c053a4ead37acb91,40321a9ba6dd6644,40639cef9863cabe	3ff9c069ae8a8bc0	416b0d58e8f871b2
hav	c02be8598eddfe28,40524c2ef572119e,402bf43f08b2e9b8,405bd6ebc6744b6c	3fd457528105e480	4153ee37c188bbca
hav	c0544dfc03bab76e,c0627f9a91fe02ac,c0544dff8b6d587e,c0627f990f5d81c3	3d9fa096d6362780	40382959c634ba08
hav	c056800000000000,c05ffdb819d17571,c05342f4e8c2202e,c064a6fba19337e9	3f9a0f44e45c7020	4135fa8f09ca5b12
hav	404915eeac1c6dc8,c04f14da4be447d6,403a5f394876bb6c,4062e2acc8f7f7e0	3ff23875ea66fd58	4164c7a3154fe8ff
hav	c01cf40263222ce0,40042d4c47e36980,c01cf4034e22ef4e,40042e0f664ed24b	3db6d404e59e56e0	404486f4c0555ba4
hav	c05445785d63891d,403288085a7423a0,c05610cc067b6289,c00b41bc65e78240	3f80be3290613bd0	4128e0d8525ad14c
hav	4054778070978012,4047a5d6265abe74,4003ff7ac17a84c0,c0644c278d0faf0e	3ff1461fb7a208f8	41640e735edd5224
hav	404015fe4b3bfab2,c042b4984f3a8170,40401602b7b2b355,c042b49864b7e522	3d886c1cb20b2b40	402e06bafcc566f1
hav	4056800000000000,c00555ec29925580,c03a6dc2ce816e84,4061fd57579fd724	3ff71f1110bd3460	4168b17011dc3f4e
hav	bfc721c5e52f9c00,c066800000000000,404ada5763d7a9ac,c0461aefea0e03c4	3ff6d4487d6aaf90	416872537b8d9662
hav	c04bef9e5b14df41,4056daa15cb794e8,c04bef9ecfde0ef6,4056daa0efa3c840	3d3170d93cdd96b8	4001f136ae9e8d03
hav	c04f0662cef8f509,40162b683025ec40,c02608006abe03e0,c057eacd9ab73c05	3fed760c2d3ab3a0	41621f6dc5aaf134
hav	4048119e4dabf3c8,4061ae77704d4a38,c05456261509ba5a,c05b5bb156966b56	3ffc4e73a83fcc98	416dc050ba0e2af7
hav	c0481cb61e8d804d,c055d545d63d7759,c0481cb9e8afa280,c055d5474c259f7f	3d86a4b1a62d05b8	402ce97a63fe8ec7
hav	404b24ac8634dfb8,406332aaafdcfc3c,c04188a939db6406,c04d4e9b52945a40	3ffdeec6ef638400	416fee18c5799b79
hav	403ffecca58540a0,c007c623764f6700,4031236ed0a68394,c05bb8edf1360b33	3ff17db9618d2480	416438d64571e5dd
hav	40538fa0048c749c,c0472295dfd8a608,40538fa54bcbf8dc,c04722a52e6e028c	3db2e5da3af2f068	4042ad3abc2d7e6a
hav	404ac7a212ff6dc4,c02e925b465ead30,40550c06c9e4560e,c055a0f8bc1fa19e	3fc7143906920d70	414da56e75e96a43
hav	c03d1816e143b93a,404e82a497c7cdb8,c053796e3ea3be2d,405643976361d650	3fd738f5e0ae4d08	4155631b94c537d1
hav	c03f60ade00f3324,40596b019f80c38c,c03f60a02fc4e3d9,40596afa71a4f26f	3dbebe204924ede0	4047d23c0811795c
hav	c0455658079c6e54,4066800000000000,c03365d4789503f4,c0664aba0fd837a5	3fb4e962715b19e0	4143c869b90a1eee
hav	405304f4e75bff26,405d03dc690abc54,40448c962761d844,401269290cd03f20	3fdb69105b6c7a68	41576289dda5659c
hav	c056724fa03167b0,4051f107dd17e86c,c056725606a90e45,4051f10173019271	3db98e3f666c4b28	4045b806777c07a9
hav	405339ad3e5be60a,c04b85808a55567c,405528ee9f78cdaa,c05c4e3519648a96	3f939300f4f74798	413309d31280d937
hav	4020340036c1cc10,c0654363a2e6e614,c0448addbd6c1884,c053694adfe0d927	3ff1fe942adb5860	41649b4a3b9c81a9
hav	c0514aec4c6a4482,4056e9355d897934,c0514af186ffda90,4056e9316a4fcf79	3db2499d16cfab60	40425f6406ee4ba7
hav	4030e3a421b8d628,4061606cc8e1f170,c0543014e92ee97f,c061a72ab396eded	3ff4268eb9eeef48	416646d58986e303
hav	c04e6cd9e4159555,c0643a98e2da7c90,c042c71ef47a670d,40636a65ba33f772	3fc79ef354a43f58	414e00ebeb947fab
hav	4054585f565ad232,c02363a0c2918fd0,40545859fa433485,c02363867ab781d8	3db212963abe79d8	404243aaeaef502e
hav	c05494c20236ef72,405e6f7b31296dbc,4052355a07086afa,c05f5b0b8157033c	3fff65212d3a94f8	4171696a585f59f8
hav	4046bd41bf481c78,c0658142d8674907,4052b361f91c8f9c,c0139efed778c980	3fdf6eccbba87138	4159337a518ca982
hav	c04dca072308dd96,c066800000000000,c04dca11484916a3,c0667ffc89316d6f	3db7bb3d92e37668	4044ede7b13c92c7
hav	40428d2acce8cf08,4031a616b2529120,403b54ff61abba98,c0440dbcf2283514	3fd614a8742a3eb0	4154d1ac431bee43
hav	c0544a7d53330862,4060cc8b46a20454,40429218154b6600,c056b40cba1b956d	3ffaed1f6f9d3f38	416c38f7178b775a
hav	4050420e3ab763ea,405dcd482ef23e70,4050420d3b64d88f,405dcd46c4c8679c	3d6afa65f2fcd370	401f8eef33e8b84f
hav	3ffbd9ec13ab1000,4039b64293153218,400faf1ead0b9060,c0657926d160e759	3fff2ebf6d14e2e8	4171232d02075e41
hav	c050d9d4da017b41,c04d7404a12b59a6,c039deb31ab3630c,c066800000000000	3fe8d2a704444880	416056cc7ef04803
hav	402d4fae1f4d0b80,c057e700d60d8580,402d4f9fa7790300,c057e6fad87442a0	3db6fef41af52a18	40449a395e65389a
hav	404a0c3dbd99f444,4058d4b524fbaa0c,bff1422f39a81f80,404b116369036978	3fe29f51b820e618	415bb197b6f63512
hav	4052fc6464c10b54,40451b5c337bda6c,c041f327c03a92b5,c0443348297795fc	3ff8b2419b0985b8	416a1211d3c1e833
hav	c0472e954077416a,4042e5fe02875ec0,c0472e9c08daa0a0,4042e6066ca46b45	3da8de2ac2d7c0f8	403e4c86d056da8b
hav	c04b744652086dcd,3fe84ce9fcc13000,404e2c209f494cdc,404fbd9cdf87c784	3ff94a89ef6236a0	416a9defeb0752cf
hav	40416a5184880de2,c0550bd463199eaa,c0246ccf1423d890,40518912aa97ef5e	3ffd4507f39f8358	416ef8c004aca39b
hav	c04f0d775354bb27,c06195d6dce400f1,c04f0d8561c8318b,c06195d319c6996b	3dc345fcd25b3df0	404aac87fd3ad069
hav	c04edca1c1b416fe,c0416added205e90,c05481a787e03347,4066800000000000	3fc744af695dd528	414dc5803bc7d220
hav	c0329260355fc910,c0459c6669157fbc,4054edc715648ae8,c065a1e7b6a5a507	3ff620fd62814a10	4167dd606342b615
hav	c0460d28592a2a46,403f63b46346cb40,c0460d1af9b2c636,403f639e2aac3e92	3dc2e8efb53f2430	404a6bd593f646fe
hav	4050251d4a87ae7c,c0660da0dec970ee,c04038cc4ef7c72d,404ea0cd3f92e6f0	3ffad9e73f35c5a8	416c250b0f3d5a68
hav	4052de9e44324c50,c04caafb34521652,c039b19cc1ce216c,406295164827c05e	3ff9f7017da3dd68	416b41fd9fd84181
hav	c032772e840cea2c,c04bceb04fe6e1c0,c032774d0c02429d,c04bcea3b83a1e16	3dcd4c3a82a0f798	4050718c6fa4fc9a
hav	401815a7b9784370,406568d06a7acb6c,c051b26c9b088822,405c7b616bdfdb98	3fed850629a7d3e0	4162252231e84ae9
hav	c0450020d759ae8d,c052d3279264c855,405469d12e95d4d8,c06638c3f840a5fd	3ffaf73991c408f0	416c437c055b8a6c
hav	c052be72dfc04c01,c0505f5462bbe8a9,c052be6fe017252b,c0505f4ef0170800	3d9b6a77475c3ed8	40367ed4de2b992d
hav	c056800000000000,402c805d1514dab0,c03cb7f9c8f93194,40596306afd98294	3fe09fab73baf0b8	4159fe7a0197c19c
hav	40392b57a890ab18,40533f5dd3ad7e20,c04b20c35272e096,c06263485c8a2214	3ffb99365acae3d0	416cf1139f3fdf80
hav	c03a604067bc9ea8,4066800000000000,c03a6031d6a9d397,4066800000000000	3da08c0000000000	4038b71f61122721
hav	c038082628a14e78,4062c967175c8d06,3fff1dc5ec9f8400,404f1c84a22e9438	3fef75844165d280	4162e1e97fdd8abc
hav	402d82586b3f3538,4058b5a7371db2b8,c054b7730b7bb194,4065801b382dbfca	3ff37ca24a5da818	4165c1ed6e103660
hav	4056800000000000,c063be582df4b22a,40567ffd7e49e1f9,c063be54e1dcffac	3d8f5c4000000000	40310334c8d127e0
hav	c0278383ae3b6ff0,c0505eb40a8f5d34,4026b9652bcbc808,4058032812509b90	3fff355ed902d7b8	41712b3561ef4b65
hav	c033dbb29425f33c,404f507f0923bb14,403e400c796f3594,4059db0c8af20b18	3fe1cb10f3e6aa58	415afeef39913ccd
hav	c02261e64deeb750,405947d8443c2970,c02262264e9bdfc9,405947de1179075d	3dce3253605b3c60	4050b1a1eafd33fd
hav	c044f505cf1f6092,404c183b9dd9df30,4034ddc486d15c14,405c752e38781e90	3febb481fa381408	416173b7349dee54
hav	404aecc6d67e28a8,c04c6dcc8645d4ee,c05045884f3e81b7,c05e1a5cb2f4c046	3ff9f256b40a95f0	416b3d767873e3fc
hav	c03d4a6f0f4fb8ee,404d61cf77338dac,c03d4a5854abbfdf,404d61d02f225b8e	3db4345834bd64a0	40434fc17328a6a3
hav	c052213f231eff1b,c065b7586903b82e,c03a37cc75196100,40374bcd17ba1288	3feac2d4a67a5860	416116e6cc7ba297
hav	c02c964c3acfaa28,c0666d7adc8f4b2c,c03375b2072140b0,403af0ad8b0120f0	3ffbc864d680a098	416d259091208c1d
hav	c042b757e78589ee,406191fb7768961e,c042b762619dc419,406191faa4fbc0bf	3db22ec8e0ddb768	404251e4fd909636
hav	c04c76cf2378af66,4062a6f743b7e6de,c040e79d95f73cc8,4064ca6db180fa76	3fb9b1d1bfc9f4d0	4145f6d645e68332
hav	c00a99828a5b3400,c064e3192bfe51b4,c04cec3de3c491c8,405260093ef83544	3ff36347e04ee320	4165ae36359dee5f
hav	405080ed6ad28634,c04b57e4e989fc56,405080ef9a6f2514,c04b57d90554a24c	3d9a807a1bf45100	40361e0553ffec1c
hav	402e297637dd8c20,c05439f10250c62a,c053be642b38778c,4044574dfd9d5810	3ff5a236b2d652f0	416775d64b5bcc94
hav	4053515adf974dc8,4058e5b213a66c04,404f8e2b5e0519ac,c00da175abedecc0	3fc393db44717330	414b3d16757306c5
hav	4048ab8e042e8364,c0503962c15ce1e1,4048ab879cc9071b,c050395f90db30a0	3da22e45d46932b8	4039e825ceb1ae7e
hav	4003a91e49b51400,402a912b37e4dd50,4056800000000000,40570aaa8d6ee820	3feea0bad37622f0	41629111d582696d
hav	c04e62bbaef1bd0d,40261485045efe60,40498e935a92d2f0,c05d0fc7b7a4b0a6	3ffdd700ec8b4098	416fc9bf51d5456d
hav	40332b020f99f2f8,c0575da1e0c559d2,40332af5bd0af20d,c0575d9b8738173a	3dbc5cdbc90cb078	4046e16e9d8e0634
hav	4055e1477b97a4ec,c0284ed7bcbcdd40,405424b569f519ae,406532c610075bbc	3f9606f5ccd0c8c8	4134333c7d6e22b1
hav	401ad21a6423deb0,4059a09130ad9c08,c0337dc82595488c,c0508b1fc4e5c3fd	3fff4fdd108a7498	41714cb39e8b3e18
hav	c03facce95916498,c064194bfc84edf2,c03facb41ab4c7a0,c064194977a93928	3dc36772261e1350	404ac3a516805ec4
hav	401acef8e158a970,4060837ea19f2904,400270cfb46d2d60,c063c86761ca071f	3fe4cb997b2c2808	415d7b55f6cdf4aa
hav	40534a4c3bd8fcaa,c05e8e24d803d72d,c028e7b774471ea8,40434e7af7f2ec24	3ff6a4a805621db8	41684a72861c19fc
hav	4050f525c7ee29da,c046f877d4d0d65c,4050f525c5b04b81,c046f8711736f7cc	3d702513e5a70908	40214343e1b83fc1
hav	40363a95e213cc78,406410aa4ff5bc9c,40191960f63f5960,c057ddedbc114577	3ff2e7269ccac750	41654e0e7dcb069a
hav	4029d33dd2f48f70,c056b47a66bac3fa,404315a5ef1be1a4,40444a6bb0a43290	3ff5e622e1ae3d50	4167ad23fa79da04
hav	4041e90ed775d22c,c0437015243dcad8,4041e902bd0c1b18,c043700e144e6721	3dbbf60be65061c8	4046b7d0769a0b02
hav	c03bf5b3dc344800,c0467883bcaa6f2c,c03cace018d72d1a,4065afb3912cca2e	3ff61cf8d6ec9e20	4167da12e882e7e8
hav	c0316423986c7eb4,c0540f50f11f1ca9,c0554c8d1dc5fddb,c05772e4f14afdfd	3fe3fb9f07ea5488	415cd1d20156bb23
hav	c037c20882158760,c066800000000000,c037c1fff2b96f37,c066800000000000	3d86db4000000000	402d0c39f0a72c58
hav	403cbe1417eb42a0,406659b2210cb1b6,c04a4e018ab34317,c05411b5771001d2	3ff7ba1093c724e8	41693658b08b0237
hav	c0174ce9068737a0,bfd0c634a060c200,c045188e6842db4b,404bc070c9bc15bc	3fe08cad23984fe0	4159ee0420809502
hav	404bf79225815024,4057912c00449ea4,404bf7885bb4d83f,40579126e40cbdd2	3db40e0369569b98	40433d672ad8cb5c
hav	403e419cea80df50,c0540a2a4412ea12,404b1f2358460c50,c0653e89e8e1e6e8	3fe2db989be65608	415be3e4d4d434ce
hav	403bb7851f802de0,40531b62369bc198,c04f247aa012ee5a,c03ee64f79dd5690	3ff88cc095644dc0	4169f0412538bfa5
hav	c050b62c23d783f9,4066800000000000,c050b633cf279b33,4066800000000000	3dc258b400000000	404a064f5294fbe0
hav	4047ae2d9e102818,c05a2bc005d60b0a,c0419ca0427af0c0,c01feaa2b1be9d00	3ff7d282a7527610	41694b96c3061cf8
hav	4056800000000000,c039ccadabe73b48,404231303a30f990,c06391eb11be540e	3fda090ae1cb1288	4156be12f233fe4c
hav	c0528ba064a7d0d6,4066800000000000,c0528b9f3ef32b50,40667ffe1ab20e34	3d77cce501b90618	4024f5af258428b5
hav	c0397138e8268af4,c063c38a388baad1,40258dde4e234268,405bfddf01b7b094	3ff14420c4092cb0	41640cee1540211b
hav	c0406ad525890036,404d4bf76659d140,40042fc527bf8f00,c04fa8b15ce2156c	3ff77b47751b2bb0	4169002603511dcc
hav	405212ee543d0c2c,406079d30e341df4,405212ead77c1e75,406079d4231ade1d	3d9f6d7ac514df58	403815cc1b60b697
hav	403ac1d3ac0844c0,404b62e65c3162f8,c01ba6b01b30bfb0,40569e00e77d5b5c	3fd5651717909088	415478e3e4839a9e
hav	c01850f64b3b2f90,405554661adeb08c,4040662b3f5c2c8a,c0282025d3e64760	3ff2a2d2cffa4808	4165195dfbef3e48
hav	c04da976ad3176ca,405ab71ff5036efc,c04da96bbc6523b8,405ab720a1ce2431	3db2be0fa3da0bb0	40429986a8d00b8f
hav	40279062f323f768,c05bfc1e04b39a14,4022b2e7a1ce15d0,40406ec8e248edb4	3ffc194e4b809d08	416d81e784f8900a
hav	c0154441cffb7630,405136e1bc6cc33c,40527b957a6f3ec2,406112c841a21a8e	3fef81c5198b7468	4162e690d88209c9
hav	c02248bfbb78e7d8,40531db44e078870,c02248da8bd4de2e,40531dad0e4e3baf	3dc37b3a952b3a68	404ad14653f4f921
hav	c010509ad570e3a0,402557adf9ae8c60,c0421616d0ba710c,c0581b8c1720a670	3ff31de99236b388	416578674bef5042
hav	c0355e73095bc9ec,c041666ec0018f68,c039509d5c65d090,c062a78b623b327e	3ff3143612a39920	416570e4bd4ef92e
hav	4048b11b1d5791e4,c0578661f2c37ae5,4048b113c5b868ce,c0578665bdb2ace3	3da86c0029d388d0	403e06a9729ff645
hav	4052364fd5564b3e,c065e69a32741114,c04f6278de92a667,c04e10add0dccd4a	3ffe8253dfb5f928	417071b3eeccad8e
hav	401972e90c5108f0,c049c5ffc1b288a8,c04beb083868dc8f,c066800000000000	3ff70529cc0324e0	41689b81bc42460b
hav	4050069a1dbb454a,4044a7c33ebf5fec,405006a13141a4ef,4044a7c5e767d029	3dbf72f6cca45a80	404817e60451e896
hav	c056800000000000,c06537bd266a80a5,c0357f20ad43d130,40625f338c7f77b8	3fe4461344e41dd0	415d0eb677fc031f
hav	c0494af89cf02cf7,4063ab9176deb41e,c02ce7f256ed3018,c06137bc6a870c3a	3fe17b9163f58278	415abb5e7b191191
hav	c051d14bd6bba260,404a861bd8ea4e30,c051d1523719ce1c,404a86194a79dad1	3db9786f7df7d330	4045aebfb3db6177
hav	4045af8bfc0eacb8,c066800000000000,403fe2d0473e3bf4,bffe0c6388263100	3ff410f9ff2d5740	416635e00517816d
hav	405441ab2de92256,4066800000000000,c03cacb8cddf0ba6,c064b62fb1e92a59	3ff5762dae7ead08	4167522e4ffc2c5c
hav	4056800000000000,404af382a1d4292c,4056800000000000,404af38e41d3e511	36f9a53d363e8318	3ce5c1c958527038
hav	4022db3f138143d0,c053f88bf34b5ac3,4043737a48d24788,403c7f0d340849e8	3ff23a26a10bfa80	4164c8eef16e10d0
hav	c0547c97ae3f2f20,c03bd77cd6156550,404f3e927102198c,c049d0b82a15379c	3ffd1a7633887c70	416ebfa8c59b2122
hav	4043a8aa73c13d30,c06137dbe3fe6192,4043a89eb99d7095,c06137dcaa9191fb	3db658ff3d3ebc40	40444f59da193bca
hav	4038901dbe256c88,404bb2e32b88c120,4010fb8a4e343300,405d3bcdeef114c0	3fe12eb3dc301558	415a79af32e40d2e
hav	402fb2a407df5cd8,4058fb0e677a372c,403548a49d4629a0,406182ac56224bea	3fcba032211a99b0	41504500b12ebcb0
hav	c0420fc77a74a232,40515b8c836d8ab2,c0420fd2a2d4106b,40515b8d8b759f7b	3db3d97e17d74e10	40432425172c04f9
hav	40547b3906e4fdde,c0231ca1e3345b00,c0392939554a23e8,c0602f400ef18fea	3ff7bff45054f198	41693b74fb425e3e
hav	c03533ebfaa2e18c,c045c2811590f40c,c04c466f5a6d1ce0,c02ae9d0ed452660	3fd038e2d09c5fb8	4151b1309953c3a5
hav	401f1074905a8100,c05a4b7a4b1faf3c,401f10ae6eb88e50,c05a4b7799da4c0c	3da933979385e340	403e8064e1bb8abc
hav	404f8987535f8120,c061045aa98fdb43,c033cac42b8fc850,4041f17688d5b768	3ffb94ee6e3b4840	416cec5c48adb88c
hav	4052991a7afa3b68,4035d2171029c2e8,c04fac9f2023cf5f,c033dee3e65a30a0	3ffc54affc1e02e8	416dc7bc948273e7
hav	40347c094aaac0cc,c02370d73432eda0,40347c0ea87cdb79,c02370cd81b35a54	3d7ed63135a2e728	4027db8d21bcc8c1
hav	4013db37334bf170,40665d3a412957fc,3fff01d48fb525c0,401d2c6bc30605c0	3fffb6c6064f34e8	4171eff28e84a494
hav	4041ca7dde50eee8,40456771e41b90a8,c04e8544da013ffc,4027494c2fea8550	3ff2c1330a46f140	416530c58b2ac1d5
hav	40480224f2bbd8bc,4066800000000000,4048021f7dad224a,40667fff54189697	3d9497f1f5cd1570	40337f20cb28f486
hav	c051fe84d608d054,4048f50a1e51c97c,c0444d4a3092e10d,c03405b2707c9d28	3fd33bc62f1e7e70	41535947fbc40878
hav	c019013dbbbb9e70,40499d8483454654,404fa18f4c11898c,4051df11fbfdd524	3fe5af742b880658	415e33185a3c2862
hav	4005ccb3c083ce20,4047f19fa0d9c46c,4005cbbb594b334f,4047f190ef533e7f	3dd1cc0f4d17c270	40521fe4a6855c7c
hav	40476fba66c2d9ac,c00e1a4bcbb77000,4049476e3416246c,40460081b9840ab8	3fc27d723acf5d48	414a7391210ced72
hav	c03d2fd671070b6c,c053f432e41e0060,bffc41d0b1101200,4045064e478dc1b8	3ff721598784b1a0	4168b35fd7dcb97f
hav	c054ccb535ad60d5,4033b6cf6f540bd0,c054ccad1c0b0af0,4033b6d5b7e16e6d	3dc47a238c8745a0	404b7e8a083920e7
hav	4051db2e8279ef30,4042fe54d83a2920,c0487c6af4374364,40662350a26527ea	3ffdf88e3eb2a3a8	416ffd449ddb17c4
hav	c04ba4b6ce575804,4060b202d5199950,c0464ca1e75b5715,c06652fe79b4faef	3fc349ceedd5fbb8	414b0800c78caab1
hav	40324873df46f7cc,c046453eef193ab4,4032486e5e683cae,c046453174129727	3dbabbf733adb4f8	404636ca37dd21dc
hav	c03f703c4d3fdda6,c056d1bae861bf88,404c0f81242825e4,c065e2e1b36297b9	3ff61bb98519eec8	4167d90c7f9021c8
hav	c052de5c2e0b746a,c04c4afd10e227c2,4045804214193048,c060d5faf5c59bf1	3ff9f55d4c198458	416b4065cf55afa2
hav	c051936bb715d516,c05729a919df0eef,c0519366999a200a,c05729aef2eda54f	3db2bf243974cea0	40429a0fe40f999f
hav	4036d5c9b0008d48,c0563095a310e208,c00ef038c1e746a0,c03122ad2f84db50	3fe78faa30240328	415fb0a0bc7aadc7
hav	c043c812d982fad2,4045c718703063d4,40439356b24ada98,c061aa4ab40c3c9f	3ffff7073a720c70	4172af88e2a4f2fa
hav	c0121c73210151e0,405d58c7b9081178,c0121cb35ac4d122,405d58c5f9efcda6	3da7e2eda03fb7a0	403db1ee798eb6d6
hav	c023489c7eb4e760,406402ff2e121bc6,c0073ea01f1140c0,40450028db2ce8cc	3ff74851e9d17ab8	4168d48652d86a5c
hav	40469e1b7e293c0c,c051ba37f7a06b44,40514bdd173a7c54,40619ac8c0bdd3a6	3fe1927755d1bd68	415acede3b9eb302
hav	c0420703ebe0c483,4061f34c53e53f02,c04206f9f3e80f33,4061f34ea0d43a80	3db82178bb5bbdf8	40451acc0b178aeb
hav	40508f5b8a2fa5d4,40638f6a051b000a,c03a7e8aa0d5c854,4062dd6aa8c1c27e	3ff0ca5985848e88	4163b03f1089dd31
hav	c051c73c18472ad5,40506dd6f8ed4cd2,c04c9461b55b9b88,4005dd93adaf3c40	3fc00a409f9e60e0	4148986da702ce47
hav	40450743d137f100,40501159c2975ae6,4045074ab759cbba,405011610bf9d3ff	3db9af04cde24ec8	4045c5eef156d3c4
hav	c050ef055d49543e,c0115c515aaf3e80,c05318c7b67c7f0f,4062e0f3955e95b6	3fc73f59f4854a38	414dc1fa22c927ca
hav	c04d674ed59e5966,40606f3e69a34586,4054da64f6d51206,c0546edb75df571c	3ffe645377c5aa90	417057292c4f1e16
hav	c04597b4a09ec06c,c04cbd7a6dadadee,c04597c3491e18e2,c04cbd849301861b	3dc505ebdd51d070	404bdbc38270a24a
hav	c04375d85783f460,c06101e1c609bb20,40544df7a4723d28,404ee1e958d8a5e4	3ffbbe4b2d51f4c0	416d1a3f8c8a6385
hav	c05216d28498bd1c,c03c0a69e5308d18,40483f0c7e8ed8dc,c036f2757b2f5ab8	3ff837984fe5ce18	4169a45119788eaa
hav	c042443e88f36e55,c04a5343f87c15b2,c0424448f79c5734,c04a533bdcb3ab49	3db7982bcac859c8	4044de6b1940ffbb
hav	c03a66332fa85ba0,40443840f6f9435c,c04c9899f138fa14,c049a977d96b40bc	3fe484f9e59a6300	415d41f94f13ac6f
hav	c0490bd4862bdb4b,406182ec01d609ea,c04bddfc2cbb5ff2,c06027d90420d21f	3fd7b204f8b35d38	41559e84feb2bb9d
hav	c0471bdfde735e25,4059de250868b17c,c0471bd84ff2db3b,4059de2c4ecafa97	3db8b697ed868f60	40455b9e728811e1
hav	4039a39d03d7beb8,c060845d5eb184fe,c04c5ef73bbf2e20,403cdfee4b2f6cb8	3ffd44f692c91bb8	416ef8a8656e0a8a
hav	c042ad84cec8afcc,400ad4613b4ed800,c03539fac0ab2f8c,40488d182c235dc0	3fd0d97858c89920	41520c195cce8edd
hav	40379e6f303482c0,4031a83f90b36938,40379e5d1d107721,4031a8395832b8a7	3dac027faab06398	404013fa27e9d95c
hav	c02a36925e73d2c0,4063348c3139c070,404fb9022290d954,c03b8d94adbb5b88	3ffa35dee5ba7df8	416b7f810edc05ca
hav	3feaf91b5c5be580,404b08fb5d2ec6b8,404cd4ba18cb5120,c053eabcfb0453a9	3ff5b7b3d98b0800	4167874aedf797fb
hav	4056800000000000,406062d4a73256da,4056800000000000,406062d35bd61335	36d45935a8a275d0	3cd36157a076fbca
hav	4056800000000000,4066800000000000,c0538ead8adbae33,c01e599eac5fadc0	3fffa9de8798fa38	4171d6f631e48cac
hav	4054e50ac629d7b6,c053b726258c56ab,4055fb2280d72f8a,c05a4219bbeca217	3f6af2ed495afa30	411f8cc74bc8e02f
hav	4049d446e616e478,c065732d434b3ee5,4049d44bfcc0beed,c065732dfd102cc7	3d922d368d4b9c80	4032511a4af6efe2
hav	c02df6927bfbc410,c0519d14ca9a9582,4052a7d0f8aea10e,40632728d4e97c94	3ff6f3cecc8d3bc8	41688cdae5222c08
hav	404a78662e9e674c,c065c18c01caf2e8,c03ae039b2817850,c03fde95da51d9e8	3ffc90e4d7482318	416e1087dd5aa892
hav	4038c8ae9030e9ac,40560fac9c9a2c70,4038c89734c4ae8b,40560fa65cc094d0	3dc4ad7420ce6fc8	404ba0e7b23237a7
hav	40539d151cf7c308,40592daca6d1a900,404c5e5826b75274,4045e561ec3810a4	3fbeef7d7712cbd8	414824ab7c087772
hav	4046ff77d21485f4,c05e5e487f6172d4,c04fa66bdbfdfc88,4044931407540200	3fff0c402fbb4f78	4170fb332c76c92e
hav	c0454cc138461b22,405359eb17558ea8,c0454ccd7b5a1b32,405359f27ef22328	3dc4fe06fb9d6c48	404bd6880c9e5f5e
hav	40414c2f21540a86,c018e965180547a0,403a1f662122cbb8,40322d95d3066fc8	3fb3b39494d6c660	414331b1c053a13e
hav	402a90e4a806ed30,c06416bf381dd0f5,4044831eb7238920,c04fdf6cc2c8b992	3fee05fcac8886f0	41625639d38749a5
hav	c01287c40c5218d0,40620ea51e908c3e,c01287e51a53e228,40620ea3f7b542cb	3d97ce4309fa6098	4034f64943e2bf9a
hav	c03bcc5c5054c544,c061d2cf7ec2ac80,4018ca1f639da680,c061b0ff97f82e91	3fc5e59ca653ef88	414cda6f5b10f942
hav	c0396a38c6c95c04,40523050e5ae1c70,c05333494a72ccf9,c061a0eff59c77ac	3fe81d44c86d3aa8	41600fed60435bf0
hav	40482fc20d410da8,c011361291d4ea40,40482fc28f5f99b3,c011359b4391ddf4	3daeb15cb5d95858	4040d49ad4d46d9b
hav	405305c4848884ce,c04f596c1b9e750c,c038e083801c6288,405c436ce0c1e234	3ffa036277763008	416b4e069eb7234f
hav	c034eb7543068028,40467fdbe5156df0,c0082b0ce64e5d00,405286e86154bda4	3fc5467c24c5bd00	414c6db2ea5a61a1
hav	403f73506ae7fbc0,c01c72b3c44da560,403f7343cc86ff18,c01c724d0047297e	3db8f03b26165000	40457477edb85cb0
hav	c050bd3a9c5aa1fa,4040bb8d0ceee7b0,4048dfcad836a4f8,4062bc4d9f48158a	3ffd099f7690eeb0	416ea97c62dd14c0
hav	c0562ff35771d849,404d4261dd668ff8,40421f3e76f3ac9c,405210f2d005fc54	3ff92f0b165f0d08	416a845c927a1690
hav	c0461beed5b99808,4065a719dbacf1e0,c0461beb33eecbc7,4065a71c752801b9	3da5701c82df2e78	403c21c72bac0f16
hav	c03ee03d65363ae8,4044f4d429acec38,c04ecb40ea0c6bb2,c036616c7f473530	3fd7c6892cc10218	4155a88ae9c40285
hav	40501b806b4529ee,c062df5130e8aa84,c0466dbbe709eff8,40643af0f9044ca4	3ff6da4eac6016b8	4168776325d362e9
hav	403bfe9eb6497d2c,c04041e289306344,403bfe8e78ffe0c7,c04041dade4c08eb	3db16e830bdc7a20	4041f002f274267e
hav	c04cf7e61db62dd3,c05836319640e8e6,4006f0ab8a117600,c048239c858b3b00	3fe62139f27e3d78	415e8e26dd6ce8a4
hav	c0552bafb9baa934,3fe4203dbbef6700,c045f297b5b50c03,c04d22ff5f832b4a	3fd19c0c05f7ab70	41527859d2ba60c5
hav	c03b5ae814a22e0a,4066072bb0f2a008,c03b5ae8e5315431,4066072aaff31af8	3d801400bfeb67b0	40285cdc94adf6d9
hav	404ab51b9fabd9d0,4057d52899fa4a94,c052b7541ab24450,405b6032cd7361dc	3ff9fcdc722d8ad0	416b47adc6e72eeb
hav	4056800000000000,403e6e41353dccd0,4010aa2ae1b0f0c0,c0545dc7565ceb8d	3fedacdafc841930	4162344d51826494
hav	4036cfade4d360cc,40619bb4555ab696,4036cfaa9e8d8ba0,40619bb47a36db10	3d5d9289df64fda0	40175d0a1578fa17
hav	402ac9b531237908,4066558c3fc41d38,4039a842d752a154,c0655a38446c954e	3fa3361374f81218	413ab702c866300b
hav	402ab3c8c2698ea8,4055bbe04f787724,c04134a2170ed18a,405f35f9c8a991ac	3fdfd185a69d7448	41595eeff6025bfa
hav	c0351214850bf4cc,4058f986c999ee6c,c0351210338d0cb5,4058f98dd974d082	3dbbd167f6a9f990	4046a8e90a37c149
hav	c0377659f60805bc,c0321b4af0cb8e60,c055ba7b1e626b3b,c041ad3dd1f7c788	3fe1c4ba8d860df0	415af98fcb165b92
hav	4052e2e1ba3e6ed8,405780632ab116f4,c04dd4a1de27f05a,403155a4f7e35ae8	3ffce81a791a22c8	416e7dfeab08dc71
hav	400661f291662700,c060c2c4d4de16a3,400661daf67fcbed,c060c2c8e45a907a	3dc4b147d9e37368	404ba3761c8ca586
hav	4045d37f4bf2ab00,c05f32eb40d45ffc,40520d7be7363c68,c066800000000000	3fcbb8dda77136d8	41504c8b9d0ac2f4
hav	c01e1f74caf5ce50,40617aa3e981904c,c01cc94f78125210,4065f13b3ba57270	3fc7aaf66eaa13b8	414e08cc825eeea7
hav	c0444d5c7e354530,40638b6e655c6ad2,c0444d66b0fff609,40638b7042e00a19	3db539e084955c60	4043cb33978e8a7a
hav	c027faafa8feeeb8,c06251045b690bc0,c05566fe61fa2bd3,40562e6228085004	3feabcdb521cd9b0	4161149a11c01410
hav	c05385cd4832a668,406156fff57a562e,c048aeeb355daab9,4066800000000000	3fc406aecac59410	414b8eb32fbb1836
hav	404b29c9e45ff924,c061a8d0ef88a9ff,404b29bd5842a12f,c061a8d40098b082	3dc0448482f35860	40488182abac89a3
hav	40421dde3f06ae4a,4060e6a523c1a860,c03a88ad44288e14,c055529a2aea6c2d	3ffd0149b36332f0	416e9e979a6996cb
hav	4040178144960cec,405baf3c5fcbdfec,c04e6d2b0834265f,4050680f3ff7410a	3ff2c9d835c032d8	4165377035cb0810
hav	c044854380e8338e,4056b56eedcf8d78,c044853bf0c158bb,4056b574b3637a7e	3db4be8120d0d518	40439158f6dd602a
hav	40567d67987f45f2,c0510fd99a298e8e,c03cebd868d2c99c,404d486b1ee9956c	3ff7be6030837190	41693a1632d3df62
hav	c050a38ff9dd5205,c019294e33ecdbc0,4036f131908e0d20,405050335816700e	3ff3ddb736f46038	41660db04f84490e
hav	c04c2c0f082fba0b,404ce84e68142474,c04c2c067c998241,404ce85233360e69	3da827f1e6e24f18	403ddcb60c33cd03
hav	40502240d8c44bc4,c05b9ea1d61cb9d4,c037f86a4e8ce424,4027e6c857647520	3ff93d5a1dc2fac8	416a91a71265d487
hav	c0502c0bb41b991a,c056f97ae7a75e78,c02625f13afcf5b8,405f8dd73f7fd9a8	3ff280f2b0d8e448	4164ff4cfe8dd276
hav	4054238609cb7d7e,4066800000000000,4054238600b2dcfc,40667fff64ada294	3d1a14716a0855f0	3ff5f0c27f32c141
hav	c054a93da5e9a914,c066800000000000,c0538554b4fa0ff0,4066800000000000	3f69f173d3035e00	411ef48c38a4dd4f
hav	c0170864a69d8e50,40601e7d82136cd4,4054ae935131279e,4064ef7741092fe0	3ff0041784074aa8	4163199c37ce0a10
hav	4053a87aac77a0de,403a9a0ece1d35c8,4053a87bd12d0ef7,403a9a0e7f216c96	3d6a1a2a5bc4ba38	401f0ab383908d35
hav	405502f708bc2be2,400109606e4cf240,c052c5117e0b8105,c0398a45ab7850a0	3ffeffa98a53ed50	4170ed4dda4bc831
hav	c048c680f95404f7,c057613b7c54f4cb,c00d9b84e1330120,40612df5265ae726	3ff5bd42564bbf80	41678bcffc3b55db
hav	c04038d09c3edf43,405701b1c0d78f88,c04038db7f58ed94,405701af00843d91	3db5d979ce98a8d8	40441513db959794
hav	4042baecf7430e40,40400e8484c034e0,c056552a4a6322cd,40411d6e71314010	3ff9951d6d2ac720	416ae41415492ef2
hav	403ab56fba5733ec,c057ce3a52e85573,c0519bf9c2716e35,4063b636bdf42c5a	3ff82e9c73e0fd70	41699c5ef9665328
hav	4056800000000000,c03379ae524da6f0,4056800000000000,c03379a09d56c244	36e1d3a5d9597b90	3cd9a7430a906154
hav	c048e0da25b02b1f,406585b358f6084e,c047f9c378fcfcea,c05af8922deb0472	3fd6e2bd5dc56550	4155388192c613f3
hav	c0444e818face2b4,c0265da926856df0,c05146d3bcc39bcd,c05769adff2d9832	3fd6ceb668f840a8	41552e93659b397d
hav	c0497cf5a79739c9,4055cc129422a574,c0497cea6b89e77a,4055cc0b501b34d9	3dc05ef7bfbe7be0	40489566c290e1f2
hav	c03d586ee6ccfa62,c03b6e6d310a3090,c056800000000000,c06493e1ae260426	3fe051506f6633e0	4159ba6a18d847ef
hav	401e6181283aeca0,c0550d1f8753225d,c04b06d6081d24a8,4065e5e2bdf2f598	3ff36d2978921d20	4165b5e47e55bb9e
hav	402c33b9322f3ec8,40569cfe330d7d38,402c33c8c8cba5ed,40569d01a55a7967	3da2ad9b8ada8130	403a42424ae23a83
hav	c04575a5dd1d8213,40659ebd8ba2b27c,404fa4030fad1848,406521e45bed2738	3ff479e7b86ff4c8	4166889210ba51f1
hav	c05500b2e74ac4a9,404954e37111dc40,c04972f6efdd4c74,405168821f6b905c	3fc53ebab2347b38	414c685cd2e5f17e
hav	4049a077657d492c,404e2c52d09194cc,4049a0856c236412,404e2c4a35cb4cae	3dc19a567bfcce08	40497de55da003a8
hav	c0005d5f1a8a4e20,405aa701e797044c,40465f17c0b1e434,4023369fc40c38c0	3ff1c962861eb900	4164729ad1428ca7
hav	4030a0772c81c380,c06246142cb48ba2,402c2dcf1743de30,40582d5731a9eb98	3ff5a8e469519380	41677b421796cbdc
hav	c055816092a24856,404df435637c3aac,c055815b959ee8d7,404df43a404315b7	3daf1536d6b140d0	4040efe53c27ddc8
hav	c047a285b314f5e8,406170c967f2a070,402e6fc0f4d84ef0,40625a837d8174e6	3fe1635a848b8080	415aa6b72336acab
hav	bff3ce9ac08c70c0,c05e7fdae38196d6,c03c6f02f8858672,4055b211c963821c	3ffc2a18fdcfe428	416d9576fc79ba2e
hav	404422d428b69a50,c050cda7e50f1433,404422d28099443e,c050cdac06677df8	3d9a7e6eb99ff878	40361d2aea4a5b8f
hav	4056800000000000,c060108d59f8f07b,404bee3c2ac03ce0,c0633c89e1032b84	3fc60e8fee021f08	414cf630ac8e892b
hav	402aaa457a90dfb0,405c62822241e02c,403d2c6190a0dce0,c02ccea2b7ecea50	3ff68f5a9f8502d0	416838afaf2a0a8b
hav	40422be770fb9886,c064f1ae85d34023,40422bf4ac57137b,c064f1b1039c7f36	3dc2ad831ea62b68	404a423120022863
hav	c051684f1c11c3d0,c0608d63cf885c3a,404295ec412b5c2c,c06284813e5069a0	3ff4ca747763d460	4166c87cae0d7c55
hav	c049c79e3a145f4f,c02bf2344ced7e80,c0567cefef6d6b31,404f1361d84a049c	3fcbba3fc65ccc00	41504cf7cbb0ae13
hav	c048a3e3e38fb27e,4063d9de706a1c4c,c048a3e4c74935f9,4063d9e288c79d2d	3db1eeee0aae4a28	4042319d7c044627
hav	4033d8c088f3e618,c0623f26750567a9,405020b1acc1a6fa,c05ce819bea8ee36	3fd607be13349650	4154cb2de87a42d2
hav	4053f25fde47577c,c042744103da6728,c056800000000000,c056aa3eb36c47ea	3fffbf1a10a93ae8	417201402455582b
hav	404650938c640094,4065eb5e85a489be,4046508b3f383ace,4065eb5eedee2d80	3da5ea77286ced38	403c719d775e7c72
hav	403436b9aae2e910,4065cf9adcac3b30,4055e564db641f48,4030d5aa4efcc428	3fe61facaf52a098	415e8ce9acf6bbcb
hav	40506bbeeed9b200,c065ee044cdc60de,404af071e5482148,c0635387b99d9042	3fa2f35b3b96f380	413a882bae35c9ff
hav	4046107eeb5caee4,c04c38acba811e52,40461073593d7111,c04c38aae51f6bf4	3db526ae6f8f84f0	4043c23e52e8a496
hav	c03519d6eb37e150,c048b1309072b788,c044edf75d8f12fe,4060526f7fd00468	3ff74616bd64fa78	4168d29f367e855b
hav	40558a1271f186d8,c05c7948e7d2dd07,c052f388d60c68f6,405867d364c1fe80	3fffb36524f19310	4171e935555c2d1b
hav	404eb43c4ca5784c,c05a16dc01452017,404eb437b47e34f9,c05a16dc08895210	3d8a567aa1985870	402f2e7bfce206b4
hav	c05244f7bff49fd5,c04ba5df826bf1cc,c052746de1635784,4048e6710547b3cc	3fba31d6d96c1d60	41462e40139b6197
hav	40367587e67cba48,403d16ae801c9108,40418ff144cf04d0,4059124ce86221d8	3fe12ba3ad2c9810	415a770f2bc9e359
hav	c04dc8ecc3a8dc51,40477ad5406522d4,c04dc8f25eb36aa8,40477addab05bb98	3d9ef0b0d8b08398	4037e5cb1a8b1f06
hav	40450a75a57b918c,4066020546935b40,4050db974011fd6a,4036be938ecb1e78	3fe45740d097bc50	415d1cba6f56817c
hav	c04e0d50d0c7d532,405db021bdecda1c,404a393f4a37feb4,c066800000000000	3ff8a8a127a78570	416a095e03aa6160
hav	40521b935ba77188,c0650aa35e6c9a86,40521b92816dbbc0,c0650aa433970973	3d638d7fcfc95da0	401addd6a764dd37
hav	404b3b923d6c6660,c0589f62fc830be8,405090e12307c4bc,40619a0a96ce5bd2	3fd7f7c76f090398	4155c08c042747f9
hav	404761f81a26c640,c049e01ddc0fdb90,4056800000000000,405517f250ff670c	3fd15f5b33a2aa08	415256cd24dccc8d
hav	c051071d418ceeff,c05437d1d6311d43,c05107239e9a34d0,c05437d1ea2fb302	3db9435277bc8f48	4045981865b414ba
hav	402a6a377e43c610,4066800000000000,4023068bdc0ba4a8,c0526c597233ec5b	3ff3b59c7f26a2b8	4165ee56bcf8cf3a
hav	40436ed1ad548bd8,40595baec598a0d0,c049dbaa11a53d8b,40544950fddcb96c	3ff0a42b25871b00	416393381ed90216
hav	c040ef4d6ab02949,c0641bb7112a0548,c040ef559f06136f,c0641bb303c58552	3dc35fe21dc44740	404abe6d62a3f492
hav	4050f9163ba1dce0,403001fd985b6600,c0413a5c5efc0ea2,405e23d8f90b4484	3ff9a26694e74430	416af0b296456b52
hav	c0420cfb9f1d2ad4,4061898700f3e6b2,c04e2ebaea7af878,c03a2ce2319c7380	3fec0a9b982daee0	416194afd978cbb2
hav	4041a2df49421ed6,4042b208ac950850,4041a2d9aabf29b0,4042b209fd438bb3	3d946ae16615dbd0	403369c00c2b081d
hav	4008291b887b6be0,c016f159c4b14fa0,c042283a2375b370,40479eb72be65f10	3fe17e53d1a44be0	415abdb87669ebd5
hav	c015ea4458d8bbb0,c06587ef557a4144,c042ba6e11747bd1,c036ad50c29c27e0	3ff9f8f553d496f0	416b43e2f3cce663
hav	40442dd8f101ad78,404b17bf8d54ba70,40442de214032d66,404b17b2eb1e9bca	3dbb796e60ef5c98	404684f7c9efe789
hav	402b86333e5eaf18,4056a3f7decf9878,4047f84ddbedd254,404365d45470ded4	3fdaecac9915d8d8	415728c72737165f
hav	c04ca32e64f2a7c1,c0246b24bc7d8790,4052bcbf70dbd994,c03ca4eea9702760	3ffade25e80e08f8	416c296ed5ae6afc
hav	c0131bb3e1ef1930,c04d12dbf4b2cd44,c0131bcb54393ef8,c04d12db44bdd045	3d769b67cde1af70	40246d70c8064fc1
hav	4056006c5597999c,c04773ec708e6c48,c05180b73f5dcfe7,40605a21740c7bf2	3fff37970aa1cdc8	41712dedd9bb9ce4
hav	4056800000000000,4006dd98cc63e080,c0546c9a5881f217,c04bff59454c096c	3fffd510db4f58d0	41723518cc4546ba
hav	404fcb2c0ba5ad98,4035d473c2dd88d8,404fcb24f9637fbe,4035d482085c88a7	3da2bd9666a31dc8	403a4d7b79e20c97
hav	4049249a367b741c,c066800000000000,c032e0a57f7a8514,c061dc4c28f9ca38	3fe8896d1e345830	41603a3bf7e05d42
hav	40560f02beb19b1e,c0637f3d7c8c02b4,bff36f618afbc280,404cba57b1b20d28	3ff0c01380c10190	4163a86f4a0b8452
hav	4056800000000000,404ba595d280ba14,4056800000000000,404ba59656c2f0a8	3669ee9617d47ea8	3c9ef0beebfd84d4
hav	c0515b8cb82a3de2,4065783c22fee694,4054671aaca21f02,c05e87b3fd3ec752	3ffe7cd8d3aa8668	41706cc83c86fa79
hav	c03c3dc415471bda,40593550cca7a0ac,c003c3adfcd91440,c0660814719ff6f1	3febdf8719164cc0	4161843209ab9fe4
hav	c04a87af3f845429,c05c1ade567f04a6,c04a87b97723b4d2,c05c1ae3387a4143	3db5a74207250a88	4043fdf288813669
hav	c056800000000000,4064c4584f68131c,4014a35d9c5606e0,c057578a2c525c78	3ff17059a6a506d8	41642ea308f731e4
hav	40471679f10299e4,c0573e818a4f0704,c00617975ffb0900,4062cdc436b070c0	3ff58290cbb17a00	41675c3220d74611
hav	c04379672fa2b4ed,40625bb6cd027cbc,c043796c783a3211,40625bba9c93d165	3dba45ca9dc81d58	4046057abec86483
hav	405615ec0119f136,c0648461807c1d62,404564df90bb3efc,c05ab73aa99dde3c	3fd3cf2d110c4a00	4153a72167465db6
hav	c050d46de1f0073e,c03e622e5a546d98,c05127ca9f76365a,40618ec818a59908	3fd1e4bd78c4bad8	4152a049597350f1
hav	c054e40b17829e12,c049ac76aa9ed964,c054e4104c48f0ee,c049ac86846d0547	3db166ca3a2f67d0	4041ec096a01d453
hav	403df7abf54ee924,40594e0c56f41420,c038e0041ed545c0,404b92b8606df860	3fe546ad69984848	415dded5ebb59230
hav	c03e4bb49c9cc912,4066800000000000,c0510201e38a9d5a,40662deaaa8b6e28	3fcad043385d0950	415004f6647bab73
hav	c052e49f66e74db8,40298fa85de35350,c052e49abccefcec,40298f9675dd8480	3dab88d895523590	403fe1d33a494448
hav	c056800000000000,4066800000000000,c00b172dd7829b40,40457337d8bcd014	3fee1c1d6fdd6918	41625ea4e92c0e9f
hav	4031b067ed6e60b0,c05699170c9df315,404d38a86e939b90,405d4c91e2d47a88	3ff2ed8ea50346d8	4165530146c41911
hav	c052970684699c43,40494c3a7fb3e31c,c05296feecea7487,40494c39ff713bab	3dc1fabd538da0d0	4049c35441a19b26
hav	c0528781c42f2328,c05ccb6198029c33,402f42a39bdb52a8,c05fd24746e37b5c	3ff005f58cb0e208	41631b0746ec4241
hav	4056800000000000,c06259c6f9f66991,c0560f57561982c0,c064df1e649050f9	3ffffe112a08ee98	4172e6b724645e9e
hav	404581bad9d31ad8,c0550572814c3a36,404581c2ea1cc633,c055056cab476a17	3db580496fccbee0	4043ebecd8518e6b
hav	405523bd6d060edc,c03199976b48c150,4046340a846820f8,c05a126a7d5dffe0	3fd32ae8ea897870	41535050534e37f2
hav	4027f36783bd2228,c064f1308471465d,404a5edf21f67a4c,40626aad18c573c2	3fdab08371626f20	41570cb48f1a97fc
hav	c055145cf2f1e7b3,406421fab75aa452,c055146070c9ec1e,406421fc7a4e7590	3d9eb9b78911c8b8	4037d086a8ca85a0
hav	40556f1eee53d482,c05551b6245f6220,4056800000000000,40231f9e3557be80	3f66ac1a33754f08	411cefea5b92c54c
hav	c04c2345bacc488d,404cec029e6114c0,c05373af91233ede,4030870e1a51d0b0	3fb9566dcca638a8	4145cef73a2adf82
hav	404d3e008bf32a8c,c05eba5038f9eff6,404d3df30952ecf0,c05eba4c66bfe378	3dbef4ee4e1ae588	4047e76e3dd830fa
hav	c04ea23aae3d1fd0,4066800000000000,c015e54fe2a74400,4066800000000000	3fdc054896caaad8	4157aa8e10bc44b9
hav	c040cc7a41180cc0,40475cc605b027d4,403b3b358a4659ec,c064adf6c6042e2f	3ffe153f472e17b0	41701548def9d90e
hav	c0499bcfcd9caf99,c066800000000000,c0499bdf16205030,c0667ffc4f1bff52	3dc8e2400c99a190	404e4f038016dd6f
hav	c04a925779f6ed12,3ffb9a3b35562200,40470864d79a9448,c0516f21063c9d4e	3ff71a2ad79b6ff8	4168ad48b02b3fe0
hav	402fcf7e257332f8,404bef9699463f08,404dd380c7eb7c9c,40558c110cddae2c	3fd604e75982eb88	4154c9c0543ec7a2
hav	404b7f8299c0630c,c0510c8b46432a2f,404b7f8e385f445b,c0510c8af172d413	3db5147cc6831510	4043b9bcf7287211
hav	c051c13a4c9023e6,40604ebb2ceca050,405483dda6d8046c,406564a33bab4a48	3ffe709e32afe3f0	417061eba63e6fdc
hav	40542062ae570fbe,c05abd54a37af12b,40524b1bc8059eba,40632c9e139273d2	3fb05d77a4ce4218	4141795c282496d2
hav	c0329e73435d0724,c06368e2345c9e22,c0329e8e509786b9,c06368e229f5d496	3dbc897c45e813a8	4046f367b345bf49
hav	c0435fd0ae884c14,406495c8678af52a,4027abafd2af5030,4060c00cc676f7d2	3fde3369c6b8d960	4158a768b7b606fb
hav	4054fdadbac2fe5a,404e9b7c8a02db90,3fe6f6265ec7c580,c0652afbe58d6660	3ff0de9b84662228	4163bfa70e7c3b49
hav	4054c73a152bec3c,405945b2a599b66c,4054c7357be84228,405945af66b0fad2	3daa935340854d00	403f526beebe82b5
hav	4045d297454c11b8,4055318f8d3526e8,4056370368873d0a,406644a669a14f06	3fd3e405dc409f08	4153b210bdeba0eb
hav	402ae7423e8cc250,c0549316319e3989,4046384f60da66fc,405fe9200fdc2acc	3ff70586ff6c4cf0	41689bd08246e886
hav	c0406e03a183109f,c066800000000000,c0406df581a565dc,c0667ffdcaff77a3	3dc3d88f2b1e0278	404b113705e967ea
hav	404302aa6b92660c,c041613aac1aa69c,4047a47d9e5ef00c,406622729e40dba0	3ff005e77f9b0538	41631afc9afe46a6
hav	c0425e62af20d8f1,c021bbb5f99fd920,4056648b1bd89f7c,c056843b4399256b	3ff98e2fa1f0fe58	416add832c98e191
hav	c050f04607fe76bc,c066800000000000,c050f04615bffccf,c066800000000000	3cde000000000000	3fd7881fadec3b22
hav	c037e12b4bdacc98,c014be4d405d3360,404692ecc8c68664,c05467ac01ed9517	3ff22be18748aea8	4164bdfde2710bf9
hav	40228be500162150,c0537c29fe0cc84c,40543b5678ab54b8,c05fd13494082146	3fe7a98ccfb7af80	415fc4ffea43dd63
hav	c00fcd74dde7cc20,c06328992a6b8125,c00fcd960d46a914,c063289be269dce2	3db306ee2b992278	4042bd8c05958e04
hav	c056800000000000,c04c5abd46fa5378,4056800000000000,405db83edc366190	4000000000000000	41731680a5a28e2e
hav	c044f9aa182bb2a4,40517c5645bd411e,c0564b7febe7a79e,405fddc76069911c	3fd4daef20092ab0	415432396ede5ebc
hav	c0549abf29d7e0bb,c00a1605517c7840,c0549abc432f6f2d,c00a15a404c81bf7	3d956713c1149fb0	4033e03ba04beaf1
hav	c0333a63da66f234,c058b566a1493f1e,c010e01650670510,4034b45035b30180	3ff70a52d8746d88	41689fdea4d8ef02
hav	c04303aa1b437395,405a914a05fc8438,c056200fa12f82fe,40274233fe2b5070	3fd8b152ca82b658	41561a56396d4dc6
hav	c01f668ad35b76c0,c066800000000000,c01f66f65fc81921,c066800000000000	3dbc2ff000000000	4046cf48e738ac70
hav	4056800000000000,40518c3c89d5816e,4056800000000000,c066147195a6ea46	393b20bbc514a3c0	3e066080808444ec
hav	4018ad1d9394a660,c05867dadfdc2cd0,c0380517dba0d59c,c0560adedcdc1784	3fc2f05672eeb238	414ac75f3243bae0
hav	bfd88a7ad9cfb500,c065e590ba60b4b2,bfd88a46a6063394,c065e59314db7ff6	3dabb17edd1e49e8	403ff953420a9c34
hav	c04ab1ae44b59200,c04f42eb026f7cba,404eae28d597e8a8,406238491067feb2	3fff4ca5c3044d48	41714882a9615bc3
hav	c0351e71b18f0ff4,c050e651e73ffd51,c03c2ec5f7d4f778,c066800000000000	3ff24a79e7313210	4164d575271d0e45
hav	c04c7321e847027e,c066800000000000,c04c7322cec41364,c0667ffbe77b8b3a	3da938deba7f03a8	403e83965e251e9d
hav	c050afa2a61e2edc,4047f871b0e83448,4056800000000000,404d2343722bc860	3ffeb3353ee0bfa0	41709f2cb3137c69
hav	4039d745be7eb7c4,c0593ad419a3eb3e,c0416940498d587c,405c8dd8b6e6435c	3ffda65e0b80cb88	416f8192095cc483
hav	4049fa5213928828,c06122826316070e,4049fa5c1d34eab9,c0612280c4528caf	3db233a66eee2a00	404254584d306ed1
hav	c041173bddec4700,4059e94609ce71c0,c04169c2b6f7583c,404f988037a52be0	3fc4c9e3488555d0	414c178bd57f86d2
hav	405330811a1d3e4e,40118718a01e68a0,c056800000000000,c055e5eec78237c2	3fff93172c1a0630	4171af03fbc84005
hav	c05254fee22132f4,c05da2fbefd4528e,c0525500a750f20f,c05da2f62330b649	3d8d74c77b81b588	40307ce9b365f6a5
hav	c01c3d8c1c2ce410,405fce5de64a54c0,4045472de3b1640c,c02f107ec471af80	3ffaa42a189c7240	416bedf3ccbee630
hav	c052c5fafaf46d3c,c0227a579c4b2090,4021fa5d268dda90,40429652478ff910	3fef39d1dbac6398	4162cb3ce5b28f39
hav	40246fe13fc43478,404a1f9bf51fd928,40246fbce759f185,404a1f98bd42233a	3dace1e8baa72d40	4040539b1a25b5c5
hav	c02bb4f94dce2d28,402fc8dc270d41f0,c0011d65469b5c80,c0602cce3721e03c	3ffc9e5bc09cc0b0	416e211b47e7cc48
hav	c04fcac0faa6ebf8,403ee0a5c3282bd8,4053a2bd7f89d3e2,403c6df19633d720	3ffca198bd6d7e30	416e251c287c15ae
hav	40501c374c474e7e,c05d308bfc909474,40501c339075c0ae,c05d308c76174409	3da17227017bba90	403960bbbad1487e
hav	4040b6acbe212d9c,c0368e7d938c0ac8,403fc0a2b5b2ec78,c054b06897ecf7c1	3fd6dfcabf0a93d0	4155370b9cc05393
hav	c05387dd2d21df1b,403f75823759c820,c0441f5c68d14a6d,40601c1dd87fe21a	3fd8d5fb0c6ac3c0	41562bf4e465bd91
hav	40428a37f0287ca2,405050e4599e0d2e,40428a3cf0053d4b,405050ebcbca0dc9	3db9e9b7ef712688	4045dec25ecb5eba
hav	c0503bba5b47b824,c038f3444eb25d48,4035033ba03bb0cc,404bb815fedfda78	3ff423e762cc91c8	416644bf594321f9
hav	404bd4bf407a7bec,c06421442e34a0e6,c05423efcdbf5e31,c02075c59c0e5430	3ffe59665c6b65d8	41704db9439e905e
hav	4055031ff73a80f0,4065042f0820f8a4,40550319e7b952ad,4065042d076f82ec	3db705ab92d0bf78	40449d3b665f3150
hav	4055ee7fd1b0f030,c063b81df6817dee,c053103a564cecab,c0337f108101dc30	3fffa45ac7b250a8	4171ccda846e922e
hav	4049d6354e2f0de8,c0468b99d7589638,4016c1616ad1d590,c063d8739a0251b0	3ff2b85e8efbe9c8	416529f70d78227a
hav	40479bdbc9616b24,c03dc82b7d0d0958,40479bd3e21587e4,c03dc8119797edcb	3db5ce2eb9151260	40440fe28f2fefd0
hav	c056800000000000,4054e616846411b8,403acfa4f077c19c,4025d6f186c823f0	3ff73780da5ffd90	4168c63297f4b48c
hav	c042ca764928c3e1,c03164a92e1fe960,c035e4a6ba9c89cc,c0524f32fa4ce25c	3fd705f25bbb99f8	415549ee66514884
hav	c054e8c9e6dfb5b3,c0666efcef18cc05,c054e8ca57f8ee65,c0666efaf17f1d4d	3d4f1f6879b508c8	4010f2ac0126effb
hav	40310bfbbc4b31b0,c048023f8b2522c8,c0416b9c5aaf1c21,403b649610258bd8	3fef08c69a64eb80	4162b89b5f8fd38c
hav	403628a1c1ad7420,4026de9a0f58b750,404f354238c5ba84,c051729fd0939f1a	3fe335814bce92b8	415c2e95e4d8948d
hav	c056800000000000,4063db8e3c74851a,c0567ffa9961aeeb,4063db8ee3228d4c	3db2328800000000	404253c812415e3e
hav	4025fcf0cdfa3578,40580d6eb1e4d5a0,c05347eedacd95d3,c064f1f7ec1ab453	3ff35ab4a3208380	4165a78cad357ec3
hav	c0342dedfbcf9120,4060858e2484c8c2,4031f7faa3cc80c0,4056d5c2d1b2d894	3fdb93ae8db9a300	4157763e05333ac8
hav	40361cc7bc1b7670,4064122ee97d7cd6,40361cd4d5afdf3e,40641232100d7d5d	3dbbf3bb304b78f8	4046b6dfa8b6f7ca
hav	c05585f7f68c8798,c05ade7fb2d69044,c04a0cf50cad77e6,40423bf21c286310	3fcf8fa76e5e0528	415170482baa68b0
hav	c052b199623aa671,c061e16fd1fc4f0f,c03f7fd67757ec80,c04cf862bd5dfe62	3fde82e9a9a8e8a0	4158cae5cb96a5a3
hav	c02b961844694bf0,c04d16ce363d2ce4,c02b95dd623c34c9,c04d16c676e0f86b	3dc5505370895598	404c0ce47a9160e9
hav	4052bd6d90671518,c006576011c8d880,c04998d398e6463d,c05006c8fc9075d7	3ffacad0602be878	416c157c06ffd48f
hav	401fff66b649e300,40553e3509b34ecc,c0508df646c5367a,4066800000000000	3ff298f6e6d675e8	416511c6f3f53f12
hav	c053541a9f00b8eb,4060286db57acc1a,c0535419d3975d0f,4060286e46c5e4f5	3d5bb125c73c4a38	40169bc1c59e42ba
hav	c0310f706d51ae4c,405bf1f5bb418ebc,c040e8fa3f4039cb,c0597d745284e56c	3ff7f45cfbf01ee8	4169692422b36e14
hav	c04eca0ec818506c,40467545e172e6f4,40429037887f7cda,c0524b108a160f9b	3ffb5a229f47f338	416cac535168acda
hav	c03c95f92e66a194,405d72a61d6b3f84,c03c960fc3e20842,405d72ae0acbe5b1	3dc90ec2a26fcaa0	404e6a12c461529e
hav	4052d46608944122,406430c67ab868fe,c04e9a0596122ffe,403ee46471fc61f8	3ffed5e841cd30f8	4170c16d81afa814
hav	c037b102d2a0e034,4060361f63a8ee08,4031b3f744360350,4061c5f6abb70df8	3fd14fa7d21d9b08	41524e173a5c77b8
hav	c0525a239d32ceb7,c0438383ced805f4,c0525a21d4d9f4fb,c0438380641ba87b	3d810c133bb0fed0	4029160f72571be5
hav	c0548af1400cdeb7,c0651bf6ddf039c0,c0535f426ffc0f5e,c0540cabafb34d56	3fa077ff232b9158	4138b9357eae4ee3
hav	402a480f6f8a7ea8,c05bc69c9ab73953,402f9c79248c4380,c00a986edaa40e40	3ff39641a1a35518	4165d5e184d4f86a
hav	c0493d10f5b86fdf,40636dfd87c1c4fa,c0493d1726a78810,40636dfe7743754d	3d9b736d9a6d78a8	40368281d7f81c6a
hav	402ea1acf9f6e968,c033a108aee87168,c04899fe2f3d5f45,4037a1566098c0a8	3fe7b68350b44138	415fcf31db35cdc4
hav	c052d90bebecd55d,40143da6d83dfb60,4037b9385c796ef8,404cb60302197b88	3ff3f914abff8f30	416623200f6fef37
hav	4046c94f8bd23d5c,4061494a54863c5e,4046c950db964e45,4061494a8fabd122	3d55593061329e68	4013d9c7b36caf88
hav	c04ac5f20899e3fb,c06583c7f1e09bb9,403519404830d0b8,4054039f7233ccbc	3ff75904839f9c68	4168e2c8aaa6fda0
hav	4032019018623f94,c066800000000000,4050ae0d34d201b8,c030eba36a4f5cf8	3ff135dfccd67778	416402126a605190
hav	403c997f250de4ec,403345f43ec1bb60,403c99618697ad2c,403345f967518e14	3dc180c2452b2558	40496b59305e5ff3
hav	4038cc5b64e92390,c05038618dc9106a,401b93784bffcdc0,405c9faa50667384	3ffd9cfe383ed398	416f73f8f750e078
hav	c056800000000000,c0447b5ef85e4430,c056800000000000,c065bb077193aebf	39405b9539c182d0	3e0892dc0480d60a
hav	c01b23a88b826430,406587a19a554872,c01b232bd4b880bd,4065879f025f4dce	3dcb3a3f5ca2bce0	404fb4317053047d
hav	c053af5921fcaf22,40590b3d056a5490,40444a951a89fc7c,404249a52800f278	3ff92741f61d9e00	416a7d257b9f324f
hav	c04650b48d622f80,c03c8f4a7ccde9f0,404956069a94dc50,c052950c0956ddea	3ff3a943dedfcf28	4165e4b3f7c7cfc9
hav	4033ffbb0799a83c,4028d8b2aa24ad50,4033ffaae2e3ed8e,4028d897fd36c4f5	3db0494eb451eb98	404156979331ad0a
hav	4046612c7813d464,40271e5c3f672760,c027c9e402d369f0,400f1b0d4a29dfc0	3fdd37936c8bf708	415836248859b965
hav	c03aeaaf3d7211ac,c05a89aadc5e320a,4055a6be440f6a0c,c048ea1341c38090	3ff6c3109c9de040	416863e1aab2705e
hav	c0381c6cbd795568,4053716e844e8f28,c0381c5226bd07b3,4053716929e1c881	3dc53ad974318870	404bfebf0d4b4da2
hav	c054484eb824beb2,405ac5e7e593626c,c05297cdf9489dcc,4064b50065ef475c	3f9b774cfcf5ac38	4136910e965963b2
hav	c04057c62641881b,403eca92261555c0,404629d2392979f4,c01a6f5bd32d61e0	3fecc4f1bcaa1ad8	4161dbe62356752e
hav	c029f9dca80109f8,406561d2f83754ec,c029fa0eeba074f4,406561d52f1a66f3	3dc21f7e00108470	4049dd9bc346893a
hav	c053494ee286cafa,405a7af2eda4e9d4,3fd5c1a5ae6d2000,406245e50d37f4f4	3feac0aa482d6450	4161161165dfa56b
hav	c0560409b5ecc6b1,c031354f56d80e58,4036b8dbfd29fba4,c05b7bd9e2a67461	3ff6334ce1684148	4167ec725109c326
hav	c046e638c9af2d0a,c04995eff13ec7fc,c046e64725d548fc,c04995fd548db7e4	3dc6dfd477310c00	404d0f22d3282981
hav	40560abcb647ccc2,4061290fea302586,c0217af45f4470e0,401b02d1e96e4880	3ff2c233419b8a00	4165318b16eea03d
hav	404f12849040a424,c062fe01a451fb49,4053ee8b32b56c4a,c0607f1be997a433	3faa7bc0cc906170	413f676deea8b27d
hav	40492cdd4e429c94,c033287a5294a820,40492cd2f7e5c65c,c03328998f57a269	3dc01428f2599a20	40485cfb0900f6c4
hav	404e20d0a44fbae8,c050c19e65d94cde,c05062e9cf230166,c064e4c751e16d22	3ffd393315579828	416ee8ba7cd84f29
hav	403d149392594e74,40326ffbe8927ee8,c04ac6875555e87a,c060fb99eaa0843e	3ffdbdb12b0e64a8	416fa3d58d92740d
hav	c028684029648278,c06125ed5b2e3274,c02868732b971db3,c06125f01526fbb2	3dc58aaa483de990	404c332dfa797cfa
hav	c054935f14a15a16,c0603f26ef400d38,c054ce260a99edc6,c05d91cb08229486	3f3dee208f47e280	41078156cc026d5d
hav	c00aa6cabd017b60,c02386a109cc5210,405284c6371715b8,c061a82e058415f9	3ff3cc3b78c82648	41660003299927a2
hav	c0220c7a0c7a9328,c054c3fdbee81b46,c0220c7421a3a540,c054c404441d21fb	3dba3642174ddf50	4045fef73e555f4f
hav	404eef29237c3c28,c05738f9da272113,403f662a30e67318,c0635d673631fddc	3fd683b4e3745860	41550943e310b2d3
hav	c056800000000000,c06503bd7b90928a,c01d91c882bf5070,404b94f2be926b58	3febe1fd2318c120	416185234cc68470
hav	402de9c51c0fd420,c066800000000000,402de9d21e0a1b15,c066800000000000	3d7a638000000000	402611ea9adc049e
hav	bfd0c2ba5cd3ae00,40116558632e0540,c0397656fe81f8e8,c0603472b54b098a	3ffa005110193ca0	416b4b0a21e5691f
hav	c056800000000000,405483324420da38,bfd6c9e77106fe00,403ece4268037a38	3fefcd1704615fb0	4163032b72a887d6
hav	404b9dee81c29324,c0635afca0cd7ca7,404b9dfbb0258a01,c0635af94a8c226f	3dc2110225637640	4049d343b83dc4eb
hav	c0397b43d3ec1eb4,c061c62ea60f358a,404232fdc1ff5b6c,403b27d47c856af0	3fff8298a3f42100	4171949f3c703ce6
hav	c056800000000000,4064b37fd4a41be4,4049591c0eefdfc4,402e06aad08ef030	3ffc6179dc2958b0	416dd706368f78cc
hav	bff9aec13325d600,c054547875fba7ba,bff9b083318eae09,c054547b82993498	3dc251a2d0c4fb80	404a014bab1c2be6
hav	4050ffa98b25e1d2,c04156d9fe2b7e70,c05616c1f94c2110,c056b608727eb3d1	3ffebb848daeb7a0	4170a737132ddb25
hav	404f18f4072a04d8,c048a015d3232c00,c056262e1867ad14,4042d30515c51b40	3ffe2375040d58c0	417020bb6582953b
hav	c040bf086c9cd39b,40552b517edf3d40,c040bf14645dd237,40552b50a547f346	3db6a6ddd0cf0728	4044729db2770aba
hav	404775e9ffb89868,40323e3840f38748,c0508d0739047936,c066800000000000	3ffee17d2afce348	4170cd488361bdb2
hav	c01c37bc1b03ba10,40657a0d711c4e54,c0426fd7b5ff5da1,c03730f9178fcda0	3ffb171886e6aa30	416c64e4cc300c8c
hav	c05308a621fb6578,40656c78e5eebc70,c05308a037d612e6,40656c7a9a05b8c5	3db63d7c325e49a8	404442d591c988fb
hav	40547a32e37d251c,c041cb5d2fc67ea4,c0382f9ef672659c,4066800000000000	3ff829129c7b31c0	4169977a7ecff80f
hav	4052e4dab4b7f91c,40641624645c5c98,c0566e5c294e80ab,405825edcbcd533c	3fff7cb270563698	41718b9a2393244d
hav	4038932dfb23cb08,c043ded4ecc06694,4038932f36a0de2b,c043dedceae31c3d	3da0994f25545b50	4038c10def0e9e62
hav	c04be083f0cde2be,c064c75aa5c1ffef,4050ac044d6bd102,4064ebc296579e84	3ff8f46afc248178	416a4e50600f6346
hav	405172777ba4c370,4066800000000000,c0408b823234be92,c056c502cae64059	3ff81c3842d63678	41698c24622b7794
hav	4051d7367f7b5208,c0427c84b48db8e4,4051d737ea56a76d,c0427c8438868c01	3d741d51bc1184a8	402344bd52d51e68
hav	4040ae9d05207388,4058962275a452c0,c0350f04ea477db0,c05f3a092413e4e9	3ffc3ea018df83e0	416dad931812e4d7
hav	401c7a1ecbf3b9a0,c0606dfee9b45ed6,c01c6b1745b0ae00,c05d54d692a67ffd	3faee91d403800b0	4140f9eb0680afa2
hav	c055eb6c008c70de,405326510dbcffac,c055eb6e6027a6df,4053264bc7c7932f	3d8c57cb03ad8ec8	40302c628b0721e0
hav	4041cf7b7fe1ddb8,406575fc9b321d12,c0487afaef96ee99,404066ba186d9a34	3ffd765aee4081f8	416f3ce937cf3bae
hav	c015d1e511cdaad0,c039c524c7b12410,c050ce7c76e27f4b,4030dd598b2bf270	3fe41f9d242cd820	415cef4966841f49
hav	403234690fd582a0,c03f737115d7d4f0,4032345990a19e68,c03f7385afe85ddf	3db84c413d52ade8	40452d794b203a42
hav	402f0d1034842bb0,4045334da7315f18,405424746b9cd614,405a78c3fa90b468	3fe54b90b7c14260	415de2c67ad20455
hav	c054019f6ad81cad,c05d591797b5fc1e,c05419a00f3e9faa,c04d35a1b21399a8	3f8cb57b524f1640	41304be9cc7c0620
hav	c040a2185446f354,c0311a417443bed0,c040a2200ca4fbf8,c0311a2de4361108	3db3ba4a47a7b2a0	40431513c997f85c
hav	40074007672adf80,4049c421fedf138c,4035482180f164f4,4056668ab52db614	3fcfde2dc10aa848	415186e8f00b7839
hav	40417a1e21bc99e8,c061dd734d2d3a44,c05237776de8def4,4064e9e13576958c	3ff643cbcd1d9fd8	4167fa0ca00c826f
hav	40420b87889c44e2,4025a4eee8a40900,40420b7b5fb3e1dc,4025a51b54ee26ad	3dc1cfacae0169a0	4049a46702643ca2
hav	c05546f0673f678c,405a31a366293954,404deca977999454,405358110aeb87f8	3ffd2d2d43f26bd0	416ed8923234665e
hav	4002201a56f8a3e0,4065d905aa86bcb4,c04b750c728f9925,4062445a916fd6f8	3fe0e7d75438e750	415a3ccece27828a
hav	c01250d9c3217080,405e53b0ed2aa108,c01250b6aa440fd6,405e53aea6e107fd	3d98d5cfdacdef98	403569179ef72e40
hav	c0346ef166fe07c4,4046f5aa86bd8b54,405423fbbb2bc27c,406183e42ead42c8	3ff5b0c06ee459f8	416781a473778234
hav	c0362c42ec150090,c0581112199d8b7a,4033f0afeee4b3dc,4056c8811a12ffd4	3fffdf320abf50e8	41725183a4a12ff3
hav	c0424525f8e945cb,3ffd978bcd3cb300,c0424528854f6e26,3ffd97fb41604bba	3d81dfb450d260d0	4029afee58fd6e22
hav	404f1b8344e129ec,c063f599229e54b5,404ac4167eb169e4,c0535cb8d7e48bba	3fd01149021bf270	41519a8abb57d722
hav	c02cf0f7ed312500,c066800000000000,c048a4028d0268c7,402f92de44bb2620	3ff6b1e6107ef790	41685582fcd63d30
hav	403934c51fba0580,c03e33342150b5b8,403934dc189d1567,c03e332585d6cfde	3dbb631c452b27d0	40467bd0230c2aac
hav	c022aa8411e50140,c05fa1e302d4b380,c045f5642e53b6b4,c05b166533673d6f	3fcb28f17a700918	41502060b9bd2426
hav	40506180a7056f08,406159236693c308,c04149e7e5f5ca3b,c066800000000000	3ff4288af5039638	416648653d476320
hav	c04a3d7876f79c3a,c02db5186aa0cd70,c04a3d836c370b52,c02db5343eaecc5c	3db5871df496b308	4043ef16a0a1261b
hav	40432755ff4a0f08,405aaf9211e82fe4,4046763dc55c45ec,404966d4483b91d0	3fd011e099495308	41519ae19a4d67a5
hav	c03d872d389c3fa2,c040040299f6a920,4044858680ed2a7c,403d3d5d24f6c8c0	3ff0218053117ff8	41632ff24bc48fbd
hav	c0346519b4c71c2c,405f73eef3942138,c0346526ba2673ac,405f73f42dd29075	3db596a112a6cb18	4043f643e3818736
hav	c0470fe28118d79e,c04f908979a97f04,403bc48d38d74798,c058a96a9bf3b828	3feac5ec72e0b880	416118179496f385
hav	c04e70b047c233d9,c0624f23164cd49f,c056800000000000,4057e10663e4c9c4	3fc02db0d019bc88	4148b42340e121e7
hav	c05403f1ec99b158,4044f858e51d40a8,c05403f24748aacc,4044f858a920b065	3d3418ae3ab2d6f0	400342846a7879ca
hav	4016b192c77e3ff0,405dec296ac8bbdc,c00098f461550de0,405cc234b8429644	3f896ac3ba8057c0	412ea9d7f3140dfc
hav	c0520b82c071bfd8,c066800000000000,4051d83ba643850e,40635db6713eb6ba	3ffd04cbb9712818	416ea32ba2a3957e
hav	4040e9d7caacd8b0,40405c36408fbefc,4040e9e0249d3147,40405c3a35b15e70	3da92079242a0760	403e74d0cdfcd7f3
hav	40474b2aa3e0dea0,c051d1c470d6e74d,4017aa847d554670,c052f43eaa4a3f71	3fcf30c7c936f008	415154d0f859b739
hav	c04c033fac99915c,c0560a5b54ce7c46,c0436a6c11034890,c0508d496767b9d8	3fb385b184c0a720	41431aff39a30fff
hav	c0496d70ebdd6129,c058b959fc6f3084,c0496d6e8fa506ea,c058b95d51b7b539	3d8d0c0fc37c3a38	40305f80ba8c758a
hav	4054245c0947f42e,bf909f6f31442000,c056800000000000,404196b3dc52005c	3fffc8a06eb024a8	41721673f6b6ffc1
hav	c03c4e34bb854234,c055b1ebc06acd91,c053ad89db4fff5e,4062cee669010232	3fe41a9569e5aa80	415ceb2c071e0bff
hav	40471d9bc2983958,c053a176c16b2c69,40471da5e83cfd29,c053a179392458ed	3db1e056862658d0	40422a351664752e
hav	401ca7839d691910,c066800000000000,c040d9dfff88c374,c054e9f53f193f35	3ff291096a626d90	41650bad1ed08435
hav	c056800000000000,4064d7d169d2d75c,4048c1c936afa2c0,c010a91db66dd200	3ffc2b45434464b0	416d96d6244752ed
hav	c0288deef430ed30,4052161edbed3974,c0288dfcc93cc455,4052161a0c0856c3	3daf50de4e8db810	4041001e2fc14457
hav	40535dffce470cda,c035e7c8a728d258,404a6fe83112eb88,4060ad1547b6117e	3fd5cd897411d280	4154add77e01b4b3
hav	401b2609ddd172c0,c056e78a9c112244,c02fb47c50b38068,c064de0d7c5d080b	3fe9499055ba9c00	4160850eb5f40be2
hav	4047cb43440c4434,c0652f050e255944,4047cb41f59390c8,c0652f06111316b5	3d76d7162d9dd4a8	40248855c4b41999
hav	c050a818539b145c,406082262983acf4,c0430ad65e247ecf,c04c9e43588e94a4	3fe7be05ecf40cb8	415fd5196dad79de
hav	c0546c26e4bd0381,4063d0e99d5ce4f6,40367581887965ac,405f40117fa46e88	3ff44442e9a9a960	41665e379b39103a
hav	c0400cd4e3099825,405cd7f1b918773c,c0400cd7c9f64253,405cd7f127d9ad65	3d77523c2ac5ed88	4024bf6655dfc984
hav	c04f5ede681b4fa0,405235819f655d5c,405564a01ddb7a2e,c04e3cfb2f0df804	3ffe919bd3a84548	41707f9a65b093c4
hav	c01e28f97ccc4080,c064407e24757af0,403c9f4016066fb4,4065e5b6f7a9d53e	3fd0aefa68238388	4151f42f9729a332
hav	3ffcaf213a556280,c05a6066862ff440,3ffcb095bd0669e7,c05a606b2fc26e8b	3dc1576cff429c68	40494d43dd3728dc
hav	c0538abb4e49e06f,404f390fb00a3a58,4043c607ac7fc1b0,405ed35fd21fdbd8	3ff8bd2b343e27f8	416a1bf412dd9c53
hav	c02bf219a67d12d0,c03a9613b1650458,c04a353d224636b2,c066800000000000	3ff5683863383c60	416746e8ec7609b6
hav	4055ec3d2fa374f0,40509bff7a94af78,4055ec43133c6480,40509c0357f50ced	3db5a6aee0815e70	4043fdae99e34f27
hav	c0507dd33923ee6f,c04f55d13edea47a,4050901f8d991c1a,4066800000000000	3ffe9491b431ac58	41708253e9d128b5
hav	40297a0c63037cd8,c052379113643ff6,4031fd02bdd46c74,4066800000000000	3ff3486b24c17100	4165995a1e1405ce
hav	403f9745ba5e8114,c0621904fa920aca,403f972b6d281659,c0621906d973f7cb	3dc0a78b91985540	4048cba926b03bb2
hav	40439ad929005814,c0553e541e93c3e3,404df696d0bb1c54,405c85aedd837b14	3fea3cd38366cc08	4160e33eb4684437
hav	c0366d029d5b8190,c066800000000000,c014610c41f84a20,405c9c2daf812acc	3fe2b9c8c4058c88	415bc7b35946b440
hav	c0458f20f6e23581,c03b137430859b88,c0458f194ccba312,c03b135c48a55de4	3db508df17d19108	4043b44ce942ff87
hav	c0537b0054acb4dc,40638f4ec4d1d76e,4056800000000000,40589439b4178360	3fffa553f4b1fa90	4171ce9d8864aa76
hav	403b633f7e2142d8,c05b7b31bd85740c,404a5596230820f0,4066342e024cec40	3fde3234d6169908	4158a6de8f2de41d
hav	4036cc5d3b25c9ac,c0598b9180b2f93f,4036cc5e5a82d928,c0598b973cff7f2a	3db17d879bbe1360	4041f7bb59a795c2
hav	4041c6fbb17dc6ee,40594191bde67f44,4042132e4c0bcb1e,4066800000000000	3fe100eb05220738	415a5263252b694c
hav	4044d70bff1b1db4,c065b4cbbb058d49,c051fa7a380b20c2,4051bd95346b0a4c	3ffbb45391c16620	416d0f1fce6f3231
hav	bffbf42293aaf500,c05789df87ecfb2b,bffbf3b31a47bafe,c05789e5e520e77e	3dbb22e4e722dea8	404661649d9dad77
hav	40534fbef89f4d18,404ac6b539e99950,40459de9036d6ddc,c05550ceb1204ed3	3fdcfd80befbe5a0	41581bd5d23f659b
hav	4036e745aab08f98,406547bb61c6e7ec,c03c7c53f6fc8e0a,4066800000000000	3fd8cfd7c8a1b040	4156290255423bea
hav	c0304f21acafc064,40570d66c0c0599c,c0304f25a720cb79,40570d65c5cd3d07	3d72b55c215e2528	40229534e23e1a8a
hav	c050126904620cf6,c0414563fcb0c948,4043e09b74344b18,404fa9c24f7e1a00	3ff9f31103097880	416b3e2b2266f6aa
hav	40023e180b0e8080,406100753c7e23ea,c0318388acf50cf8,c05633d123e82736	3ffb015fb82c0b48	416c4e161ee26617
hav	4028ea67aecd0b70,4065f3c1d9c937ca,4028ea31495c3481,4065f3bf1de39028	3dc7505270a9e6a8	404d564002df0ee1
hav	c0256a814e438180,4037d3df42ef60a0,403e690e388af198,c0618fdf9dd34926	3ffe8f193c004330	41707d4d15e30e0c
hav	4055f32c2cb8dca8,c0648a2f057ad11a,40336ce596867db8,40616812c2b7b12c	3fe4b97f623cd7e0	415d6ca6ebc3dd7b
hav	404ae1b07791a4d4,4066800000000000,404ae1a97db032e0,4066800000000000	3d9e5c4000000000	4037ac321f3e302f
hav	c04b82b25a0da09c,c065914efc839b22,401abf86bcad31d0,c0240bde407938c0	3ffa373e6a0aed48	416b80dbe07b9458
hav	404580c92b8f8da0,4040034509b95820,c046d98a3de24459,c031e5522e3a82f0	3ff28c910ece7180	4165083cad2108d6
hav	4053d4f5e2fad8a2,4046db3acb6fac04,4053d4fb134ffcb1,4046db3d0faa5669	3db0d2f0af040180	40419f421fdc27eb
hav	403238a54ac87d44,4043a20dc2be9454,4056500ade678e00,4051dca4ff8fa932	3fe5a88dc083f658	415e2d8eee60fbd9
hav	c0541abd7bce5821,c05547f41267021c,404a46a01d926458,405577c5992cf524	3ffe1fee0cfa85f0	41701de0328e9022
hav	402e90ece7817750,c058c3c599015b42,402e9123fe4941f1,c058c3be023841a0	3dcf82096359f220	40510d7189f1d1e9
hav	404b9111d6941420,c034245a3ced38d0,c04b758b66b1de59,4051a4b8d5d6a508	3ffacefd8dd236e8	416c19c8a2cfe42e
hav	404901dce1230b24,c053e15949f89e62,4056800000000000,c052df0a1e6dc1a8	3fcdece8107d0580	4150f5fa3c72fc0f
hav	4056800000000000,403808571ac667f0,40567ffb7a61a3e9,40380849637082fc	3da9836000000000	403eb086cb9bd6e3
hav	404cc2b2b54be9d8,40567bc1f4e9ee70,c0523f0e972f0593,4062054e8399a368	3ffb6fe7783c7400	416cc3e06fd5e573
hav	405102598b8bc5d4,4051922847719406,c031dce4ac345f68,4060cee1006159d4	3ff2122dda0f2d20	4164aa4c378b18f5
hav	c053583d4f5da092,4066800000000000,c053583ac17b6e6a,40667fff4cc10613	3d9083900fa234c0	4031757e52cd1253
hav	c03ec41404df4790,4066800000000000,404e1b15f0e9e24c,4062d1400ec8920c	3ff127f9f03e5d08	4163f77cdb65b31f
hav	4041fbfb72785502,c066800000000000,c038b9be7c5c05a0,c01f9e21565b3240	3fff94c8c0fa8d30	4171b1d58b6a0a48
hav	4033f337d22bb318,c05f54004b527f6b,4033f32f2a0aa5de,c05f53ffc7076062	3d888dc5c4fba040	402e1b650e7c3aed
hav	40485b6f7ca259c4,c0558690af0f3660,c01a78cb5ca369e0,4066800000000000	3ff21930d6b55af8	4164afab338061b5
hav	403b7af3b2d72cac,c06278daefa918d2,c0548cc30aaccba5,c064a807b0b2d8fd	3ff57a22a0236110	41675560f0db541c
hav	4056800000000000,c065d860d4fd6ad9,40567fffa0dbab10,c065d85d6d78165c	3d36100000000000	40042e12ee5b6e2b
hav	c05042a5a9fdfab6,404ea826f7979c88,c01574897a3fd3e0,c062ed362fbe3b4c	3ff44c80c6eab090	416664b6b312d2a1
hav	4007b59b82615380,c05d68374902774e,c050c05d14b512b9,c0628bfaa8f73a14	3fe6cb411bff41c0	415f15701d4108c8
hav	40339e2975fab628,c04aabfebaf3897c,40339e10fe5412e9,c04aabf7a464cdc0	3dbe4b69eb96b530	4047a5a0e0f09800
hav	c0483bc1877b172b,c0549d58db62c479,c05387d0a0feffe8,405ab50f96c56cb8	3fd9bcacf1b4a800	415699f98485907c
hav	c0323286ff993ee0,40617540b722d9d8,c046a57cebf08403,c05e66a30fc65781	3fec24efee054b50	41619ec2bb756dad
hav	c02f09e516931768,c0296df5a1f2f030,c02f09d4558a5be9,c0296e308f5561e9	3dc114a8d4912af0	40491c5f9dabfcc2
hav	402f583d91067e18,406021418bcb64e6,40520520614d0e2c,406546587134a46c	3fe0a340d24de488	415a019459b560d3
hav	c051b083566aa68d,c058da143089a30d,c03e762f8779379c,c0430608c1bcb29c	3fd8a734bbd1a908	41561577875bc744
hav	403cea7a5221eb90,4056be7593907940,403cea825595f8d0,4056be75d38a2f8c	3d84451ac7612e70	402b5ad83398abf7
hav	c0439a79d5a63817,c0607163ef81391c,c02de9d5ee919120,c05bd00cb5e8ffbf	3fc13df3ab32eb60	41498571c93b935a
hav	40287636fe64dc30,c050f702e8d08391,c054074545a4c583,c02af24fb9193080	3ff1c6a19e551f80	416470801ac0f558
hav	c031a2b0dff4321c,c0540028b88a6dc0,c031a2b3505effee,c054002d2e039673	3da6fe5e09311b50	403d228203ceb21d
hav	c03061c5cb581518,40367231c3cf14f8,c05226ed76477e8c,4046e668bf7fb678	3fddecd59c3dd598	415887cc025bf0aa
hav	4053818275b8ec02,c06190d4d911da13,c053e1d7e581e559,404cf064581d9440	3ffff6af9a7719c8	4172ad969315ae15
hav	40542db96d88eb50,c06070781aed5674,40542db2a9fa6a9d,c0607079d1632aa1	3dbcbb72b2030700	4047077641dcf760
hav	c03d23bc682b8af6,4059d28be22c828c,c053b913e8631b58,4038ce0cf132e1c0	3fdf451328ec54f8	4159210e45f993f9
hav	c053c8746e67a1d4,c06611d87908f327,c0130d404be19380,4050f79a79770e12	3feffc6d9f0f9f48	416315256b55c433
hav	c04b1a35e1d22192,c05753aaaffd954c,c04b1a42b01a37f7,c05753a5419a5ef6	3dbfdf24af5552f0	40484132db3e67dc
hav	c053a612e9a11e67,c0532a8c1cfcd27e,c0312c4109657cac,c05f21578de61904	3fe2ae86dc4092b8	415bbe4d084e1da0
hav	c043b295e7d5edb2,403c5e0ce5e0a340,c0521a4655c75112,c056cd2c5ed3d3a5	3fe054140933a3b0	4159bcd28d8041e3
hav	c04c38e292e48720,c05d08c7ef890960,c04c38e7a73d7400,c05d08c1e1a728ea	3da6055280c25488	403c8305c4734256
hav	404bc9686486276c,40658121b1650bb4,c032597b87a382d0,c04bddd4d76a76a4	3ff9ecea23d7ea18	416b3835000664df
hav	c049f6bc7096e390,405b03a0dced4450,402e827a018dbca8,c04730d0063bab4c	3ffbe6b7763c2b60	416d47cfda004c1f
hav	c01fed600f9c6d10,c0447eed3434a434,c01fed39622eef02,c0447edddfad1df5	3dc3cbdd943a9de8	404b088da17cff05
hav	c03e508345d9e54c,c059c689a657f520,c040e8f0a7dd1e43,402c459c6d85bd00	3ff0c1d231311950	4163a9c2eb591b58
hav	c01ceb4ee196a4b0,c05c0792a491b791,4046d54c0e95ee50,403b28a05a718590	3ff9d8d245c88dd0	416b24cc53d715bf
hav	c02fa7ca319605d0,405e4f8f51227fbc,c02fa80a10614828,405e4f8a7ee366b8	3dca980635a4bac8	404f5530b70fd9ec
hav	404998f69341adcc,c063e9df9b3cb788,c04249327280af29,c033dcca5197c588	3ffd8c25060fb858	416f5bc592aea5b3
hav	c04d87d259dd9c0a,c066497d8ddec5ad,c0567a6a3a703865,c0601908258d611e	3fc225bb536bc588	414a32f3d97d55da
hav	c055d4c17e3a27f2,c063343844230338,c055d4bd6b0bd809,c063343b99a99add	3da4d6d44679ba50	403bbc7e53e050f4
hav	4052c3cf73f8676a,4027dd2975b087d0,c0525d389b2622fa,4062c1782e88eb5a	3fffb1901d801a30	4171e59d7c84d3d0
hav	4052ab031e3596ba,c066800000000000,4044bfb58d543c9c,4040384a659b7178	3fe0e5f7e6f3eee8	415a3b31d5549ea5
hav	c05046d91547cdb5,c05ea69009cb33e6,c05046ddacd8340b,c05ea69657f23509	3db18cae5a6ba618	4041ff81f8524382
hav	c04ee87786de55c3,4063c32e42c9d584,c036d77134dd1e70,c052ee558b506f4e	3fed45c558c4e650	41620d08a1c26cb0
hav	40345a0503871284,c0560a14c42026d4,4045bafda98d8750,40604746999a2c6a	3ff4b51d6ba14c60	4166b783c44abdd0
hav	40527fab160ce902,c062985dcd56a31c,40527fa4f5a84e1f,c062985ad54942dc	3db916a37f3003b0	404584f70f27c33d
hav	c0203e5f37c24a78,c066800000000000,c04dd5dc8231b55d,4050a689ba42444e	3ff139a726f52cb0	416404f33da813e5
hav	4039e593ef570104,405a269b7cdeadf4,4046d8bf361aa1d8,40444fe839ae080c	3fda5ad8d3497130	4156e492c3db99d3
hav	c04ed538cfb526aa,c06632ff14cb4607,c04ed544afb5b35f,c06633001ba79019	3db696077703c580	40446b02d054050b
hav	bffde4d6ffc73800,c0509ee72bfcfc87,4031930fed276e70,c0497b2b191df80c	3fb77e5001654740	4144fc9ae419d33d
hav	4055d67d351117c8,c061e6eeadcfa2e7,40491dddfcbeebbc,c04f09cee002366e	3fcd2268d14c7240	4150b9cbe521e24e
hav	401d183aa47d9aa0,402d1981caf4efc0,401d18b1161a482d,402d19b54e7ba89a	3dcdd1f4078bc990	405096e8e08851a9
hav	c045d7597f8f1690,c0595c0632213f32,c05240191dae44a5,c06182ba9bc95f5c	3fc65289a9640130	414d240fd936497a
hav	c038338689745704,c04956e46537fd38,c02117167ad1aca8,c05d74346fcf7e92	3fe2d61eb43e75d0	415bdf54e359fac8
hav	c04f128d1b717a7c,40537be7a23a8270,c04f1291366b18e3,40537bee03f87fab	3da059d85efc6de0	4038918dd6933c54
hav	c052f2726ef26c1b,c02bf0eb747cbc00,404f90841109580c,c05602d115603e3c	3ffd5932c0649740	416f14587ff459d3
hav	c056800000000000,c058c4861e668fad,40482c0f0ccf11dc,40493767896d835c	3ffbf454de8a8bc8	416d57536c405dfe
hav	402d81c5d1b50e48,4066800000000000,402d81ccf0f6e19e,40667fff0e9943c7	3d848e4baed80bd8	402b8c0eecb89e18
hav	4056800000000000,c055522e267b5cd2,3ff5dff8cdc56c00,40595751f7ccb5f4	3fef3c8aeb6ab030	4162cc45ad50f546
hav	c056800000000000,c066800000000000,4055485a7d910f84,c04c38b636c63170	3ffff13754dc99d8	4172924f47aedcdd
hav	c052d53fac29db83,c064ddbebdf186dd,c052d53b29493bea,c064ddc1e61ae3f2	3dac94f18686d5e8	40403dcba6c1ee96
hav	c041895636699308,c043f6d59c4a32b4,40448b2fa38f3da8,c028e7b126796ad0	3fea9267efa89610	4161044075a8531b
hav	40416b4a9a2fb25e,c06090803879c1a0,c05578c7f5cb37d4,4064dde2ce378d68	3ff8a7507e506620	416a082dfdad6883
hav	c0476316c80ac027,c037f48848080730,c047630f6c65aa00,c037f48d1424aa52	3da1bac0a4505d80	40399553209193b6
hav	4049b5e4b77f74a8,c045c44c81152fa4,4030ab540e6bf348,c05cc71ff4e2ae62	3fe2c87bc06cfd18	415bd3f6da48ea81
hav	4042a30a491f66f8,4050db68b9047e38,404108b6e044d4a6,4045519e95e903b0	3fafe72ba2bd1a88	41413fdc6a325606
hav	40348c8028afad84,c0588ed51bec3ded,40348c961f09aec4,c0588edb94e844da	3dc4dc8a3d2c1ac8	404bc04afb52c985
hav	4044b48e68713108,40514fe1a7f19dcc,4056800000000000,c05c54f7784ac0d2	3fd5aacb34ee1540	41549c45aa1c208a
hav	c052ab6eb9829518,c059a40ed65cf18a,403cb452bec35ca0,c0608f3ca68875e8	3ff4328494c02d68	4166503e608c091b
hav	402dbdf1d6a83638,c05302708e59e60d,402dbdfa1a1b95a7,c05302734d702c15	3d943eddaea2a218	403354c80400b103
hav	c050317725a984c6,404c84842717bd5c,4048c90b1a8a1458,c037440a0e9ec5d8	3ffa45cd08369520	416b8f406fdf6b35
hav	c03a67886657d5d2,c062a0f3e43ff541,c056800000000000,c058602d31d78a86	3fe1c4fb5f4b8c98	415af9c6c1c7e53d
hav	4030f13e3f4474dc,c0604573e79fb4c4,4030f1481dbe310d,c060457620f6338a	3dae2f1b81526d78	4040b0be28e6bd6f
hav	404e6b806f3950d4,4061e3ea1d8c076e,c056800000000000,c01a5572d2cf5560	3ffdf8e0c6d7c220	416ffdc53dabd97a
hav	404c7568071b9174,403d91112d46bbb0,c04507a33ba92eff,c057a2a750150ba7	3ffc9ded26f64010	416e2092ac7d9a06
hav	c040074785ff9ff9,c05604bebf8fbfaa,c040074b5e221d0f,c05604c29c30b437	3da1f9d817a5a758	4039c2b003185df5
hav	c04df7560e8900c0,4039ba8c7dae0f28,4048d2d2584d533c,4061fef8acb2ab38	3ffd021de6b39a70	416e9fac556c32a0
hav	c025caa26b859d68,c006d47467960900,402bea07132fa248,40621a0fb3d8cbc8	3ffd9cfcf5eebaf0	416f73f72570fe99
hav	c03fde7c3e30d528,c064856f02ecfc70,c03fde61f9c1579e,c0648571e7c74ebe	3dc4fcee8698f1c8	404bd5ce14f419c7
hav	4046fa98d24f4834,c045e49410c75bf0,4056800000000000,c03e371caede5fa0	3fd1feb98bc96490	4152ae7f4c50bf6c
hav	4056800000000000,c0655cba1c537174,403e760ad88ee26c,405cba8406bcf468	3fdf8e13bc39b5c8	415941441994667c
hav	4051f0fc96ad8484,40531a99f3a76638,4051f0f7c15feda4,40531a97561ee1be	3dadfb6bf9c4bd28	4040a26dcd347e48
hav	403c87f62d01085c,c064647d8eb28f9c,4052cef3e8b980c0,c05776345cc1ec37	3fdd5fa62285a308	4158484110639143
hav	4048f1b0377ff6a8,c055348f980d566d,c0516534d93c2048,c0560f9f1de398cb	3ff7e0b6bbe6cc78	416957f7f72b0c6d
hav	c0508facf2cfcda5,40545893c31824f4,c0508fb0bc06ef07,405458958b425e52	3da2870221db9168	403a27124a681542
hav	4032dbaa35faa7bc,c02c8585eb9e1f20,4053db377a16e632,c0583a0c5cbf9b6c	3fe51f03d139ff58	415dbed59d987112
hav	4055d56133c5a73c,4054554e88ae994c,c043f354578a0c0d,404d069d305d5840	3ff9ba55c3012388	416b0787745def9a
hav	4024559ef8b2c878,40666c47abc05c56,402455b95a1a9011,40666c4a2edb0742	3db60a8851a607b0	40442b92a69797e6
hav	c046c16ccbaf135f,4016824af9ab4980,4050c41685096cd0,406524a5fccae022	3ffeb3a49299afc8	41709f97cde9129f
hav	404cff1be2a681a0,403e012a06e89ba0,4047321d558db320,c0640cf479a1834d	3fe7db9536d62a88	415fec5330193e13
hav	c055bf61c2dbd906,40639afe1aa6133c,c055bf6937160fe5,40639b022926570f	3dc16358f75dfe98	404955f4d4fe2b85
hav	4047dba456bbf76c,c057c8577aed16de,404b14c2e0745cdc,c061d4f2a2e10792	3fc12eb65aaa7e10	414979e3e0a6e65c
hav	4050784b34346882,4060ae8e652eba4a,40009d3418f252c0,403e2face10c8358	3ff0f8740f8c9270	4163d3508c80c3a7
hav	405422e541be8032,4033480fe46de758,405422e7b9ea0157,4033481c86fa2bd6	3d8fc73d4b2bcc18	4031202156bdd856
hav	4051c9201260bb62,c05035f00db39647,c029994cc8647ee8,40641a0b4108e5bc	3ff6e10fd776ed00	41687d1118fa95b6
hav	405342afab3d285e,c05130391bb9e899,c0453fd056008dbc,4066800000000000	3ffb7e130b8326c0	416cd34e313c4b0d
hav	c050de0b14c99ac4,c02dd7a9e30d0990,c050de0894ec4bcf,c02dd7b640edf1b9	3d907720e3aad000	40316eea6ab2abf2
hav	404855b3191da430,c038dc162b6f03d0,c0408d9412b8aee6,c03f0273d5c51220	3feb86364b7f9c00	416161f7c14d112b
hav	4050b0d35ffb04dc,c02c4628a3f50ff0,40460ad9f74f44dc,406195a8730673e4	3fe3bfe03d3c5640	415ca0c857c6fd3f
hav	40561abfb3141882,c05fac08a1a10022,40561ab93585dd75,c05fac028836247c	3dba4c579ea99588	404608396580ba5d
hav	c0381efac6bb3e20,4056909d9f018c8c,3ffc09a488587c40,405f20ce6d33efa4	3fd08a9f1dc28fb8	4151dfa5270fdb3c
hav	c054949f1c686e95,c0648a004d512176,404900f123ee87ec,404135743a96b828	3ffd72ffd8db9168	416f383351d1294f
hav	c02325664a3dd3b0,4050ce2f6e0db2ee,c0232587bd45bde9,4050ce36bfd1c91b	3dc5b3bd76ad4b88	404c4e03db4486a7
hav	c05389995af361b8,405988aa0c5d7740,4040c60b126fc1f0,c066800000000000	3ff813f098d73f20	416984da1dca5091
hav	c041730006ba4abf,c05eb5c198f5d86a,c02b910b30aee068,40520bad8b9f8cae	3ffa20d849a75038	416b6ad1e5cdc6b5
hav	c0535687cc2c616c,c05fb077acaf386e,c053568327867284,c05fb079ebc0fb5e	3dab3387157a8920	403fb047a5992f70
hav	c0512100302b6d5c,c011df52096c9820,c0427ff86e408b71,c019c80c3fa50740	3fc2e722efbba648	414ac0b1b4a1da6e
hav	4048e5325a5118b8,c04304ece188ef04,4052a528c1700fae,405cd939ebc4607c	3fdab56bd67ab3e0	41570effb235455f
hav	40426df7e4313660,405256325cc01a3c,40426e0503401c0a,40525635cc329175	3dbf90c001c57d48	4048234c2e9ba332
hav	40503b62b11d74bc,c05bae937f0fd3d9,403e648ade07a58c,404901f3dba2760c	3fec60d282149c30	4161b5a88d667532
hav	c051d195ee1cedba,40614a214d917bfa,c00db6887a0b64c0,4064a8b03085b246	3fe4e62bed9456d8	415d90ddea3d60cd
hav	c052e7f5900e7edc,4063dc4f6d2e1ad2,c052e7f41a817517,4063dc4cfae3338a	3d81fe0027bb58b8	4029c5aa44f3a0e9
hav	c030a3af14a5a558,c06232c080829ce4,40446d4ba65736b0,c035953724b363e0	3ff97b42ca4e3bc0	416acba16a34ace4
hav	4048cd0d22c0e244,c04a5ad50254b66c,4056800000000000,4066800000000000	3fce852f5c0e1ba0	415122c7b9db85a7
hav	405540eb5fbccf5e,c0397b1f876b6820,405540e9242f618a,c0397b295e88a62d	3d891b26898de0d8	402e7196d3774a00
hav	40544cf0322632ac,c045b68c2fbea1fc,404133b0508094ec,c0569b650508c2ad	3fd6c192da10aed8	4155280dbce91a1a
hav	4026bae87d05f220,c060d499a7e613ac,c05611008ad6cbe7,4064c49e48b11052	3ff2e893616747a8	41654f28361936d6
hav	404441e4bd995314,405ab5aaf59defc0,404441e4ec2f543e,405ab5ab5ca28e2f	3d30446bdf66a250	400153fd91e91948
hav	c04c026abadd30f4,c0469d65284ad734,c0437f9aed90af79,c063590f23cddf91	3fe3f448a3acc9d8	415ccbce6f480b28
hav	403ba2d934144e90,40635e8b62c1b770,c0524a1e3df89b3c,c066258081a50866	3ff379157a224a38	4165bf2a45dbc678
hav	4048eb6a6eafda68,40628428b7ceb790,4048eb7389f72bf2,4062842bbdf9022e	3db66d0faceeb288	40445875dac7bf4f
hav	c02d90f84745a660,406644f6d9ac5a98,4056332962fcc6ee,c062109ea128c28a	3ff3d2ec74479a38	4166053eb1b673b3
hav	c03610dcd1f96f1c,40514c69fdc86086,4051c907e6cd021c,c0596334ea3ed876	3ffa6b2e21437e10	416bb477c995e47e
hav	3fe93ac923f2b280,4054288aaac5072c,3fe93d761554e573,4054289224245a2e	3dca5a87afd24e50	404f30e1c91b442a
hav	4030b06d16054788,c030ed2bf972c280,404a262bc47847f8,4056d6a7f9250c5c	3fee9bdde1378730	41628f38a27c263d
hav	c056800000000000,4063f4d9767d2c54,405545f271db4bce,404a4fec0d0929dc	3ffff0fcb1a02fa8	41729149f7ed014c
hav	4053e62f1bbda2a2,c0615662a3120711,4053e63063c35c8d,c0615666a0c70d6b	3d82902aa8b231e0	402a2d8838637424
hav	c055e3073660df4b,c05acb31d6fe20f8,40543ab9b03fb08a,c0205e9113ceeea0	3fffcd439cc4db50	4172216eb7462153
hav	4050d8a36cbfe1cc,c03b2fc9c6f993a0,40469af3331640b0,c05cc4d9afcb1cfc	3fd56ed7e97fa4e8	41547dda0c7f4366
hav	403e2d9321c1ebb0,40528307c8358596,403e2da69d5e78cf,4052830dc3f5e38b	3dbf7db6f6667140	40481c03e4019140
hav	402795beb8338470,40658198b6612d8e,c05336c412e73225,c04479a3205283ec	3ff62bd8823fb1d0	4167e64ebc4f5f06
hav	c0555723b5d77d14,40659c64d221be26,404a59c2a14cce00,40580d1d01283288	3ffc81682e48aa18	416dfd9a41039335
hav	c056800000000000,c06524b300f78d37,c056800000000000,c06524b0a51c813a	36f0e4dc583bfc68	3ce1a8a2474e2b09
hav	4056800000000000,c05e233b7254a49d,c01c603437ca6510,c056fc26a2a939d7	3ff1f9d7a7724268	416497aa2d855d2b
hav	405239eacde27e9e,4020812aec207eb0,404df58d282b04d4,40588ad733233298	3fc61b36a801d3d0	414cfebf15451fc0
hav	bfdd56217ca5e600,4052ff12cc9c9682,bfdd5415cfe7ea3c,4052ff19a179a9d0	3dbfb93de90c1160	404832c2996bb018
hav	c055cf32960fc77a,c053c424bf7e80b6,4035b508fbfc7acc,4054f80d8adcbe3c	3ff6988ae3b55178	4168405779860057
hav	40509d737c3261a6,4063efd7db97e850,3fe3147570a7ff00,40550e284b556b70	3fec7235d2144598	4161bc4da0a211a2
hav	4022028d888cb530,404ddbc4c9153bc0,4022026d3c05f8d7,404ddbb9ea280b78	3dbc2608fe331180	4046cb46dc78560b
hav	4054f2a2b4f1c6a4,c024ff66d51d7b00,c02b35a304dde4d8,c03338603eeac968	3ff2143cc5928198	4164abdfcffd8be9
hav	c04e37b3077567ea,c060fea3639bc153,40487cc495a8f408,c045ad32f252d0d8	3ffabc0b612d6308	416c0652f74ab8f2
hav	4045295b238277d0,40446f67c7fb0e48,4045294e7adf0377,40446f75834b31d9	3dc488c88cae4640	404b885d23b5a06f
hav	405570eb713bf07c,405deb82fc2a93c0,4043212f9998d77c,c049d4d6cf2c9ed8	3fdc25c14103e980	4157b973e587e398
hav	40487bc6865c372c,c041113bf8c12d20,c051bd154f21fbc8,c0555bfb8af14b8b	3ff9440106b2bad0	416a97d85dd623f1
hav	4040c565a2ea5892,c053e14680ee8c00,4040c563501ef613,c053e14366ebd27e	3d940b5552f34bc8	40333c1e0502e5c6
hav	c0273c70ceb82c58,4053da378d1c0e8c,c03550ee65fb1df4,c0659da08000dbd4	3ff3424bfc5dd368	4165949a3529571d
hav	c028fdc9b19c0f80,4048115c470dcab8,4051d5509e55ef48,c060c8cab84d2b28	3ff8466bbbb1e248	4169b174ced70a4f
hav	4038a84a07d98f5c,4055cc66f21851e4,4038a8601d877267,4055cc62692b9999	3dbd9d222efeea20	4047613920dab7e9
hav	4017db2e1ef90e70,c050d16ab9f69ab8,c04a87acb9197988,c0661791c97d6139	3ff483fb470276d0	4166908b71951a8c
hav	c01d1dde59201220,4056e86994983bb0,40424d21d955f6da,c0626b38342b4b27	3ff7c63cbea80300	416940e9f601c3a8
hav	402bc03e98e50e78,c05d8dd978ee80b2,402bc07afc9dd8e1,c05d8dd8ae1f95ca	3dc1f5823ca5b5b8	4049bf94956f3ad7
hav	c03f6892f3f39ed0,4063c52ff983b9b8,c0144030694179e0,4049fe1f70606524	3ff30dc70ae38fd8	41656bea38da31cc
hav	c04103d193b48fc4,c060ee247271a541,40567c8f495e8e0e,c0546c9bf074cf47	3ff8f25669470790	416a4c6864bfddd6
hav	c045ad90fdb82432,c039fdd560bfd220,c045ad976053f520,c039fddf82372241	3da0f2e0e6b8fa78	4039037e8159d99e
hav	c04f7f1396f6853f,c0461a30460b2ccc,405346f395f8d1d6,40303b56c37f08c8	3ffd189a4ce6a568	416ebd334727cad7
hav	c04750b2791b5a5d,40413d79f6f4a5d8,404ec49b0e731348,4060b9d9e3c0b88c	3ffb12e2d614d6d8	416c60760dccbc28
hav	405004d4aafe4baa,406481cebe68cbf8,405004d8252a0e5d,406481d165c60bd6	3da5cdd5500353c8	403c5f02d09b772c
hav	c04c4b582a1b6e80,c06544aa09416c94,40567f0685c8495e,406302c5bf15b39c	3ffd5a9d84bf5030	416f164c73b81409
hav	c04c3869eea6823c,40528983989e1108,c03f9341ede689ce,40661d86de96c9a0	3fe55e9216bd4540	415df215d8d3c37d
hav	c02d1d5e8b2e0ed0,4026682a3f41f200,c02d1d1e33cd299c,402667ffa46ce663	3dcc77080aac58a8	40503549c556e459
hav	c05663cbadc279b4,4063f87e0d9e7b82,4055e2486e50eeb4,4062cae6f9441f56	3ffffac12cd45c50	4172c7c6bcbbb607
hav	bfde8c9ec843b200,c063bb349faec28e,405594d67891a614,bff83c4956e8c500	3ff1127872be20d0	4163e71d59515c13
hav	40472001e949de3c,c04e8c54fa52eba8,4047200f1c7c5ab1,c04e8c5f8298c626	3dc1b96114b17518	4049945575dfc3c5
hav	404de8dfa911de78,404aec6954cdfb70,4043f4362e6b557c,4066800000000000	3fe5887e56e8ee30	415e13cf67fd6e2b
hav	c03eeec39cdebff4,c06157ce1ff51a90,c056800000000000,c0439d77fc2774c0	3fdf1a1ff079ef18	41590e0f0d8d0ffc
hav	c03dfac8d5080c80,c066800000000000,c03dfaac849eed0f,c066800000000000	3dbf423800000000	40480532b6809a90
hav	c0515f926973908a,c066800000000000,c044eda158d297b3,4064280f4de71730	3fc0604c0d950820	4148db842958a0ed
hav	c055f14c94b5cc70,404d01ecd78b4b34,c0320d5699329930,c05f8b312f990cca	3fe74596ac6d2538	415f763a51d8dd9f
hav	4050e4fcac11ccb4,4065200397ac62ae,4050e4f9e4288dec,40652002a16c560a	3d94a45c8debfeb0	403385008cc1b39a
hav	c05445d67094c1d7,4066800000000000,404bbe8dce2bd9d4,c052d3edacabf2d5	3ffd6192adb13aa0	416f1fea1e181cdc
hav	403a1c6e05e005fc,405ee14ee84c9d4c,c039efdc18d0c2dc,4063ed15f2bad5ea	3fe139b638326f98	415a831d3f90e778
hav	c04eaf4b9fa9affb,4064f6e68b3a25ac,c04eaf4fd30c5170,4064f6e31fc25633	3da2e7c167539cb8	403a6b025f711f51
hav	4018891c55adf120,40417edd0db795c4,4056800000000000,406582d9c8c1bd36	3fec94aa719b3778	4161c9773fc96346
hav	404015ca92613474,c060fb6ef3f72626,c026e46a49b2f520,c0560b98f368deba	3fe1816d9f786648	415ac05cc35dfff1
hav	c035762426278f08,c064d75405944482,c035760a75a519d0,c064d751124b0bde	3dc645e0c726d950	404cacb227bb9ddb
hav	bffe9608fec040c0,405c58ce3bb9b240,c0545866096d7a54,404d3c029af6b050	3fec30a27fb7d6b8	4161a33c24257d2b
hav	40469f64eec0662c,405fcc79302ea0e4,c0310ba29b8f9474,c066800000000000	3fe9a3a18c7f0f58	4160a7ff26b1b7e4
hav	4034f4999046f178,403f034a9e5b5698,4034f48b4d07e575,403f032dc0de2b4d	3dc221c1b02d30d8	4049df3962addd80
hav	c013be671b7c2190,405440dbaca62da0,4049b39cd1dccaf4,c044d53698d8b084	3ff671fb1cb6fc88	416820453cdf6860
hav	c0498bc356c6c9d2,c064c34c2abf885e,c04aec6f102c3167,c04d8ee4af2d6e7c	3fdeb732e23ceee8	4158e22ba171145f
hav	404ac429b12aadfc,c058863a3e852d90,404ac434d08edcbe,c058863a915de37c	3db3515ffd545660	4042e211c8c1aad6
hav	4055ee6a89107d44,c049e145e6b0b374,c028324ceb22c690,c0104cfa455e58e0	3ff2eec814bca9d8	416553f36c051aa2
hav	4002038504813e40,40320dde6af29b90,404b9009c0461888,40604b832e999a5e	3ff2f4315532f580	41655821c3918e95
hav	4050912211ed932c,4066800000000000,405091292ef37241,40667ffe6859757c	3dc04bc868d2f2a0	404886faf411345f
hav	c0349263da15b4e8,405b833a01be0200,404c7641b610d914,c049438f5e3552cc	3ffc6bc97f7c8620	416de36adba8f955
hav	c0465fc7c83a04fe,c046a3cf35863d74,c008c44f5c2f3ea0,c065758f78117cd6	3ff61fc386f9ff60	4167dc5e5a4e99eb
hav	40302c6d62dc6afc,c066800000000000,40302c5c40800f90,c0667ffe649db965	3db16421364f0098	4041eaaaab546f13
hav	404f1473ba7ad0a4,405dc48221148980,c03d54c9b7fafeb8,c05a28682a2694a4	3ffba3d3a70aa648	416cfccd83a860ba
hav	40552c5ca8655e3e,c065641acf46e7de,c04d256700140cbf,4066800000000000	3ffcc8f69a9e00c0	416e56526a15176c
hav	4056800000000000,c06431b61af92cc7,40567ffa84b3f642,c06431b932f59c0c	3db2bef000000000	404299f5fae907ae
hav	c056800000000000,405b26a351657de8,403f7161225c1c68,c05dbc9ffc220661	3ff858abffbaa2e0	4169c1ad75157778
hav	4050ebd8bd59855a,c063ff5c4f521b10,40507d317fda1306,c04381a7a860d628	3fce0c911494e8c8	4150ff52eeaf9041
hav	403e6c9d34b84330,4066286cf0be51ca,403e6cbb7924550d,4066286beb77fe6a	3dc2d38d28fe8268	404a5ce0c8170d40
hav	c03e2497fab46f0a,c062d4b53b6349ce,c0450f8cbc076152,4062e3077d26d546	3fd4d91aa960bdc8	41543148905d1395
hav	c05080b269efefb6,40642261356eae3c,c01a65a732484d20,c041593de3295254	3ff489e6851d4798	4166953b466a6811
hav	c051e3791f36d0de,c013498b692e7ea0,c051e37f5db5e7c0,c01349d2a9fc583b	3db98fed2ab539f8	4045b8bd13a9cab1
hav	c054b436c0a3b753,c03d24efebba46c0,c04407c612666cf6,405bc7191e5ba950	3fdbd7d7e141c5e0	415795aa8e12ff07
hav	404736ba6e85e840,4046c922c75abeac,403153bb07a0e2f8,403ffb3c5fecde88	3fc28408aab879f8	414a7865b38dc7f3
hav	c046cfe39e160a2d,40591d4abff1d438,c046cfef50969636,40591d50107a1238	3dbdf55607891630	404783f0a008f114
hav	c048726be1d1eca4,c046c60ea824f0b8,c0447e95dd5e484e,c06173b330b4efc0	3fe14fb8c63df5d0	415a95f1cc71c592
hav	4056800000000000,405793936cd44628,c050e828261c8682,4057aa81bfd50918	3ffecbb01c45b238	4170b7264ed05646
hav	c04644465f7c8553,c01429f349f067a0,c04644488d5b2e37,c01429ed27d11061	3d69309d80ed3c38	401e7e97a88cc58b
hav	4056800000000000,40538e334f8f2f0c,c0210d4436cc1d28,c05746190c3df4b2	3ff25f4260a1e6b0	4164e5699125e369
hav	c045b4c5ac846132,c060b95f2e8cc61a,4052956e303ae11c,405a5e52da02b03c	3ffc30f84326fc90	416d9d82f94efa05
hav	40522bf46ff33d14,4066800000000000,40522bec3fb4ba46,40667ffd2af1d1f1	3dc5cd2c67bc0ef8	404c5e94ebecbe23
hav	4056800000000000,c035457e03aed490,c04550b076295a8e,40509937e3c8c21e	3ffad61520a66670	416c2118c82b10f8
hav	40524195008ff1d8,40629b09154caf1a,c0513c71597b0d45,4061f2f6b716ad28	3ffc9c231cea38c0	416e1e5d3fcf7244
hav	40234d162b4ce5f8,405ab41e5a77e0dc,40234cf1a4ea8426,405ab419adcbdef7	3dba40be64897768	4046035d148c16de
hav	4048da880854f2a8,c01ad35c504bc040,c0526009699eae3e,4052bc21340a89f4	3ffb46473b1de628	416c96ff8aaa5b84
hav	40367e3d2edbfb00,405fb78c87c429bc,3fedd53ab2cc2080,40647afd7b6d5b5c	3fd05e4c7a7a7478	4151c6807215e71f
hav	c040b147062c46ec,403ee7941469d440,c040b138931a0545,403ee7b2763a1c1d	3dccd4218c63e4b8	40504fb5b86e3040
hav	c0439f45c27b7c37,c065d63b0abc1a1a,c043ef2ffd4b8a73,c06520f7ff816745	3f68436d7bd502a8	411def926b95b897
hav	4054c06bcab734ec,403ace79483c0ff8,405496e87d3002b0,c059f61299142c03	3f9b726a3c669168	41368f0a5b872e8a
hav	4032049b6d7ca7d4,c0384881daab5b40,4032049d9cdd1f3f,c0384886926dc821	3d6f11d62d8bd010	4020eef9a1f566bc
hav	c04ba72caec5a206,c066800000000000,c056800000000000,406536b46cab14ec	3fc6c2039d1c3c60	414d6ec234e8f255
hav	404d477a61413bc8,c05957d74d5c248c,4053e2b89ab83d3c,40539f239b3bff18	3fd05d03f7def2f8	4151c5c5a85199c0
hav	3fd2627b44a7ed00,4051d7682f793758,3fd25f7287629385,4051d76c443f06e8	3db02236e4d78578	404141bbef3bd15a
hav	c056800000000000,403ce1bccaa398c8,3fe2ee6a89fed300,40261a6fee622c50	3ff02a4ace252690	4163369f9282cc43
hav	4049c992911fd304,c0583d5f89dd8196,c0394a90dc0d3500,406070bc3f23bf4a	3ffb508cf023df20	416ca20348bf4555
hav	404a134a56fe6dd0,c062b28c535022ae,404a13478a8941d0,c062b28d9644f47c	3d85bbeced934ef0	402c5359d8e1992e
hav	40121ecf23b29370,c05d0450a089c0b3,4051a23ad93f0d04,c04d19dc55bd1e56	3fe7f675018a2178	416000b5d9ee8cf4
hav	c0546ca49e81dc2b,40507772f6c33a3a,c02cacb8fc3d2220,c060bba369283c9e	3fec5f758155cd68	4161b52329baf930
hav	4056800000000000,40645c4ab9b57edc,40567ffcc67c7074,40645c4870a93f27	3d99f2e000000000	4035e29f34fb62bb
hav	40428f682b651520,c05f659583616b90,c0396247a3f8237c,4064d5ed28f4fbdc	3fef8a9c9c6f2220	4162e9ec7d8f74da
hav	c056800000000000,401b64ebc74c5ba0,c03e2e9c8369432c,40332edf185254d0	3fdfd2f393933860	41595f90b7256cb4
hav	4055d1a1c3dc1964,4034fc5d5235ebe8,4055d19b267b92ef,4034fc67521a2a57	3dbb4e416684d0f0	4046733f042b33e3
hav	c040e2ad58e970cf,c01fe86635c5e960,c03d81e9c59a195a,c052b04551c51ea2	3fdc38925af19e98	4157c21325737ec8
hav	c054c937e1661112,406426ad053ed02c,4056800000000000,40507d775fd25d20	3fffe2b608973fd0	41725c61cda27dde
hav	3fe308c03be6b780,40462ce95fa48bf8,3fe307f88d49d6f9,40462cf3ed995174	3db2e3ed4eafa160	4042ac47224e04e4
hav	c048a537189a0978,c04777fc891f0218,4056800000000000,4066800000000000	3ffc20e2fef4ba28	416d8ab7abf93315
hav	c0439075240a5ac4,c06392987af4cc35,4056800000000000,4050d1d47bffb0ba	3ffa18d544887110	416b62f7c5a80dc0
hav	404d280bc2bb2c24,4065acfaad18dcfe,404d281751f960d6,4065acfb6104d86c	3db52e39aeddfe60	4043c5c411831008
hav	403b95b44781f410,c0619635a73cb7b3,404d3fb6d7d0dc80,40666390963b7c86	3fd01737d8323cc0	41519df0e1049445
hav	c03453f9b485b118,4063ae47c6416b8e,4044a6c7d2ceba80,4063d87bbe1f32da	3fe0cd1d69c85470	415a25c3d21364e0
hav	c0562e1e800e1020,406383348141a26c,c0562e231fea687d,40638337397754c1	3daab395b811d9d8	403f6568e7c20646
hav	c038c4e30f5100ec,40512d3682ea3cc4,c05064534efcf7db,c044d3cc09b7a5ac	3fe7f9b01c2567c8	416001fa525a4e89
hav	c056800000000000,4063720840e42eae,c043650a5a5cc3cd,c0153737735c1460	3fd7e81724876e98	4155b8e849643802
hav	404692a340e64190,c04d40b9266e8cf8,4046929784978713,c04d40bfd094d0f7	3db8ed17a9bec400	4045731e426ff907
hav	c055d91a75a15036,4032a595c07567c0,c056800000000000,40639f9b24ca40da	3f50f78d0dd24e10	4111b2c857b67586
hav	403e32f3d6516938,c05fed5b6f160b78,c0546d72de7fec67,c049c051cd3a0868	3ff77d15b441b478	416901b33a69d262
hav	4012fbe0ff4bdb70,4059dc4cb640dd74,4012fc6383c6810d,4059dc4eb0d3c04d	3dc5f82ff715aa68	404c7a83a5337994
hav	c04ca799a5059aec,c05080f2aaca6a49,c03f54857caf4854,400bfef96202ac00	3fd9a8ec35e05620	4156909ca679828a
hav	c04a364508f4a404,4060941e05033866,405054d0939551f6,406371c00ede1f3e	3ff7c579b2f329f8	416940407bfc869e
hav	c055552d56e6b42a,4062615783d51eb6,c055553518688817,4062615ada6d08af	3dc2db156c995338	404a6226573555e4
hav	c04c443b0d6cb1cd,405978389893a138,40543d76028702c4,403f89189d197e08	3ffcb7142f746c10	416e3fd6a3408d67
hav	c040c9364bb05114,4055616f966dc4f4,404f8513e03e7a00,c064cfe1c0fed5e3	3ff9c081cde9dfb8	416b0d7004dc48fd
hav	c01f569c5edecfe0,c032777a21673ca0,c01f564aaba7818a,c032778d70ebfdae	3dbe8936e1574b50	4047bdb34b6a7e43
hav	c0003c28ab8d5fa0,4063872001c6e9ec,c0439b868c13342e,c05dafbd04ee12b7	3fed233af28b8138	4161ffddeb8b4f9c
hav	4034ce4e92153c6c,4051b7571526a7c6,c0502de2aff18919,c051b3bcdc6f49c2	3ffa266680f658c0	416b704632039e07
hav	40360a0e6cc276dc,4061cb78a38710f0,40360a11f6920fd6,4061cb75038ff73e	3dbca901f7867ec8	40470011372e2b5a
hav	40317db73a0f16bc,404ae2de4b412998,c0264c964b079d78,c065ca41d380e645	3ffaee215a223718	416c3a0346abd5c1
hav	404f66a3f426a99c,4059bd3a88ad5298,c04322cc6bcb8383,c059fd0242cb0b41	3ffdef290b2b31e8	416feeb05a4ca021
hav	40456bb62f1fcb18,406579a9ad89b370,40456bb93de7e333,406579a62f0a4739	3db1d6933504e558	4042253e945e07e5
hav	40212bf529c4f600,40667be83fa13d8c,402420b988678000,4060648d34039c00	3fd53b0da1350a38	415463770d319d47
hav	4052057b5aec1c5c,4043aeed7f85ccd4,40410d297215b4ac,c03b2dbb493fd9d8	3fd75e3ded534fe0	415575742fbf385a
hav	4017c21f6b9970c0,c042d77bd93fdccc,4017c1f1365384cc,c042d772aaa55011	3db2363c9ee65818	404255a5ac0e82df
hav	402ee81a11e60ae8,c05236d64689506a,bfc8712ff1976200,40636d00b3e27d08	3ffa47cb452fcea0	416b913a06d5fee8
hav	c056800000000000,c04867a92617032c,404e553dd564978c,c04b5a5bbf463bea	3ffdf2cdc89bc410	416ff454089c6d5e
hav	404bd3bd7f075f4c,4066800000000000,404bd3ccdc40f119,40667ffea353877d	3dc3251e95e2e9b8	404a95bfb33ff863
hav	c051923cf8ce7af8,c03d56d94d7bcb08,c056083e1a3966b0,40444c552881bc1c	3fac55a271adce90	41403f1a2ed71d8f
hav	c0565354373dfdc0,c0523c5b9c07b08d,40529a4fee1c2068,c05f547b09a3e88e	3fff60d96e4a7da0	4171637ce8345a5d
hav	c007cfe036e91280,4058ef7d9c995f04,c007cee77d664725,4058ef7cedc36e5b	3dc2fd6e4aac9f80	404a7a230331a5ee
hav	bfd6bdc3f28c8300,c061b30a0f3ec80a,403236e5df9db314,402895bf8cae8040	3ffdad82a5511ae0	416f8bff4ebc7cb5
hav	c052afb58608b570,405c1d3434dc8734,40566281d0dc22de,c05c8fa33c96258b	3fff757ffe2d45c0	417180dd15611a03
hav	c050eac567855f31,405086c40f309822,c050eac23e1327f7,405086c791763cd4	3d9d6254095cb718	403749f7042cc4f1
hav	c01bfb8c3fda9000,c058b770ce682960,4041e3914707a5fc,40478c87c2b013f8	3ffbd0ec83697508	416d2f28284483a5
hav	c056015a1b0497e3,c00f82aba5c5c400,c045ea0dfe5d54b9,c052116e1e46d72c	3fd31e1ce4811668	415349802af3cf69
hav	c0357094b319e840,c02145bbf034c930,c0357086580b4e02,c02145a3fbe4650a	3da9c360d62fe150	403ed6ed599755dc
hav	403d3eb6b1d02578,c00a9149a5dac100,c056800000000000,c06158ed715d1bf4	3ff7d114454e5488	41694a57d0cd69ea
hav	404fee4ee2852fec,4063d5e5d6be6d68,c04d2dce0baa700d,c051c23fbec42bf3	3ffe9e8298e66fb8	41708b8e2d5d2056
hav	c0459f1b4318190f,c06546b85d4f880c,c0459f1ccb88d20d,c06546b4e799a382	3db037a00ea08330	40414d2b8252b62e
hav	c05397799eb64a6d,c0458c8058d15610,c03ee91c2291fcfa,c03d57aa0b93e430	3fd50b31e0565af8	41544afdea882950
hav	4056800000000000,4049838d856422e8,4044e39a8a531f18,4050593135b2e9de	3fd55c3098b3a500	4154745c02db6daf
hav	3fd28feecd315400,c04cc0dde3e428a0,3fd28b324a58ae32,c04cc0d535afccad	3db9bf3448c473c0	4045ccca2b277173
hav	c02c6765f66aecd0,4066800000000000,c04303b89270659a,c05c4bc0b163fc5b	3fe18b1e8c149db0	415ac89d81e7c25a
hav	c041d26cce2d101d,c066800000000000,40529e5d01fc0104,c063c886d65c92fe	3ff5c03278b18940	41678e3408e7aac7
hav	c01af40492f8ea60,4057df5f51bf54f0,c01af460d732981c,4057df5ca2d40079	3db92d031b1c32a8	40458e8d540a3594
hav	4054df357d08f3be,c066800000000000,c04137d3b80a61ec,c04a492cf8688a74	3ff9e627eced33e8	416b31aafe14d9c3
hav	c052668d4b9e4d0a,406536a3944ddae8,4050ea2a114d595e,c05c2c3b1ba2aa72	3ffdd412328c7798	416fc55072251fb9
hav	c012c067906ebd00,c0660e816a6716a7,c012c03e722ad8ed,c0660e7dd834c58d	3dc1dd8b005da140	4049ae60b4962a3d
hav	c046d81b5a09cf5a,405f267f0adf7c88,4041e1eb7aa70736,403c515e1289f890	3ff7af1c98f05a88	41692cdac440b5a3
hav	c052e7965ddae4e8,c031e840d49d1640,403698f7187c1460,c063de422a5d3dda	3ff8ceea157c24a0	416a2c11f07c53be
hav	c04b978a1841e605,4054a4d6bd66cd38,c04b979665126f4e,4054a4d7511a3dbc	3db7a9ebdba3dff8	4044e64331efe276
hav	c052b469a8d3425f,c03fbafbca48b6f8,40460b7b12a4d65c,40517bcd4191e7e0	3ffb5a3dfe7b11e0	416cac70d17e1b3a
hav	c0530dea30dc57dd,404874331ceedb8c,404c471d93af701c,4061f0448d90ebfa	3ffd2283f24d7f60	416eca582d025385
hav	4037ad1e88f42bf8,405b8ebcbe8f1570,4037ad3bab4436bb,405b8eba1e172ef5	3dc25a58b0687418	404a0779abff4977
hav	c05363eb9b7b500c,c066800000000000,403aba216ad1a634,c066800000000000	3ff3f2e63c1e2540	41661e479d622c01
hav	c049df9a27668abc,4053e73477a5985c,c050a8cbf38120de,c0484d9a8f53872c	3fdb956102006170	41577706a76e9d15
hav	404f35391d77f330,405546a1900083ec,404f353407323d63,405546a7ec9b0611	3da2e6454a1b0ab8	403a69f8c4ed73ce
hav	c032d54b9f266294,405b352929897ab4,c056800000000000,4020712912e6a810	3fe5ab821e787bb8	415e2fede9bde162
hav	c044ebfe6c3408d0,405bfe6e5c12114c,404e948e5c723324,4018806557d4cee0	3ffaeb8ca6c74bc8	416c375470da0171
hav	40461f052df08924,406610b7f91d535e,40461efa72b7a795,406610b47d15a760	3dc0c16c07f59f58	4048dee503bef62e
hav	c055896c8ffb827f,c046ac6f5d8b64ec,c0066d489c706460,c03fce0fa87645a8	3fec59c053098000	4161b2f4ab921d70
hav	c0458235f381200b,4060d7378c81fb1a,4034d90cd125f9c0,404075b235b3c254	3ff61f182f5d3ba8	4167dbd17fffb6cd
hav	c04149157dfb1072,4063df5b51778d42,c04149114dfd475f,4063df58a346289e	3dadc8560c5a0060	4040943bd69f0f8a
hav	403c81e1435a95cc,c066800000000000,c05326b00fd7bf48,c063ef758b54926c	3ff460bcbd77c3c8	416674adeac79997
hav	c006fc58c63beb80,c057b37b93d034d9,40414d3e35548e68,406015e2ff5cf03c	3ff9ff8a2b213748	416b4a48a0c7a2ae
hav	404b94381eadf130,c063bba1e95cd772,404b943e50aa9b22,c063bba1076ded7e	3d9a7b68b2e26668	40361be7d8bde866
hav	40500f0a6ebfbb6c,4063595f3aced5a4,c052c165699ee671,c065ca0314854cdb	3ffc609808f8a5e0	416dd5f78189d73f
hav	404657a5ef4c3d24,405ddc8b897d13a8,4050baa2aa608fe0,c05405e56b19b6c5	3fe3b4b50f692eb0	415c97990ea1a631
hav	bffbba1cc8dac580,405c2b8ac14a27f4,bffbbc0b5e9861a1,405c2b898b437433	3dc315e0935720f0	404a8b286746d1b7
hav	404a11098a521230,c062b4274e5192a2,405596d3dd106bbc,4065c3d52c1c01d6	3fc72133cc8ceb48	414dae083a7b9ce7
hav	c03822ddbaba5be8,40641f02f5bf3da8,c055c7420dd0f4bd,40642da9766357d8	3fe17604d8fd9840	415ab6a39df5b921
hav	404f2ce01e735758,404c4db61a24cdd0,404f2ceef71e0feb,404c4db6a0a85887	3dc1316812768e80	40493178457e9468
hav	403550e9db29e1a4,4041a929ed0bc6b8,401d9eb16a402300,40651c4f3d0873d4	3ff96fd52b0b9930	416ac0de6f4fbaea
hav	c03359ee28bf86b4,c05d8d0f3b444e1e,c04842e0da97b923,c0594db77193d71e	3fc3b9bb068677e8	414b5819ae475701
hav	3fef55ca9fbcad80,40475fa2f0f98160,3fef54a50937342f,40475fb0f60abdfb	3dc0f6daa8deb970	4049066d5ba78014
hav	c056675c1f40c05c,404afadd9eef273c,40229abe7eadb8d0,c056ae7b84352e4c	3ff2ac3c43a8bc18	4165209da35e059a
hav	404b25ab0d152874,c03d1f857fe25f18,c0470c1c9be9e5cb,4066800000000000	3fff048c14191ed8	4170f2a7fdb33b1b
hav	c0041af583b3e640,4061d1abe7e80a90,c0041a32eee4dd33,4061d1aace23b090	3dba1583201e4320	4045f135a04f24b5
hav	403552f2ead7fef0,c04d35732729a870,c03ea5bd9f1ec74c,40556ddaa108788c	3ffd5b78c0d6a6e8	416f177ad2f00191
hav	c04794bc9bd1435a,c03349656b96a100,c04f84c0f515e708,405f8f775cf69fcc	3fe337f8ade77968	415c30a0fdbce491
hav	c02667b95e07e790,4060a92deb3a43f4,c02667d6175c484a,4060a92af45244f5	3dbd251867d281c8	404731a6500456f0
hav	40519e678ceb6aa2,4031d75b605eac88,40422d0071174a08,40603360f4e075fc	3fe15122eeea19d8	415a9727611f9bad
hav	40200d5dce30d548,c05b5bec496d3cce,403a7a72ea670250,c05375a4618ed80b	3fc7668883da8648	414ddbd470bf95da
hav	c056800000000000,c05644f52ccc82ff,c0567ff97d0cbb1a,c05644fb178c33a0	3dba739800000000	404618a4726f5a8d
hav	c034f940a79d10b0,4064549fe6b70e2c,4050c2d74e89a632,c054d56b1872da19	3ff7a538e2fa8bf8	4169244c462e411f
hav	3ff3ca7a6db4b980,c0442ee6133fc520,4022fee82c049a08,4061557035697fc0	3fffb7bf86959028	4171f1eb8b57abfb
hav	c0475a88a532ee82,405ed28c90bdcc08,c0475a879a7201be,405ed293dd6c2875	3daf9991385b0c10	404113ce708fa723
hav	c048be538dc9b347,4048f93281f95e04,c0500e1184280910,c0603a39cb86041f	3fe3225778d621f8	415c1eb2e358773f
hav	c0440db8f5e07a2c,4051753e50c99294,c04cf8a4810a2b46,c062b32fc9dffc34	3fe88fe687fbf828	41603cc324a29bb7
hav	40461733024ef6c4,c066800000000000,4046173ab648ca39,c0667fff3a413a1d	3da40a4bf0787d58	403b330cc9d74d9d
hav	c0545ba51379f634,c05a32ddf56f6772,4053bd9bf8e2c94c,405bcadda64afb80	3fffe5ed381e5358	417266e84bbafc34
hav	c0348a7673b37668,c0488bf9e4bcfb68,c03b472002b55f5a,c065a42f0ec33dd1	3ff4e17a6faa7fd0	4166dad4ae503224
hav	40541f33c39c9844,404fd9792ec30b3c,40541f2e620dc149,404fd9766b6320e7	3db218d378269d28	404246d1bce2920e
hav	c0536ad3a51382de,3fee0ed5fc9ab100,c0265fcb59dc8be0,c06230e4620a0d9d	3fef85e33f9d8bc8	4162e821322b3892
hav	404b7bd6b3451018,c059c78ae7f2d4c0,4030252dcda0fabc,c045b0fa2aaa6840	3fdfa448e46a26b8	41594b0b88f755ef
hav	4053ac1b55682de8,c033866a7d7d1448,4053ac1ad72addd5,c0338667e2751cc1	3d44b9bedccd7e10	400ba91cbfa21491
hav	4043bd7628017f20,c062be436c207697,40276428589cfee8,40602c3e51d716aa	3fe7f489e2cfc288	415fffea571dea03
hav	c04a58ad0473d42a,404228859b7394e4,404d114a5c1b4350,4057bf7f1bcde408	3ff8259c2685be10	4169946c03fc8f70
hav	c040867c975620eb,c0649dc3f291b608,c040866dd4289dcf,c0649dc180b28a6a	3dc63bec8b9a2228	404ca6491e927bce
hav	c050d372695f802c,40618814ae472ff4,c0509a1246dd5a56,4040d77541480c78	3fc96b528ce36a38	414f29fdc342d820
hav	c00f99c7904ef7a0,404f40234b2fa8fc,c0214a3d14684b60,c036df14fcadcd30	3fed1f5380fa7110	4161fe60da9b8aab
hav	4052abf0574d089c,4052df68909a1bee,4052abf77a741f08,4052df6ff48259d8	3dc114074a9083b8	40491be8deb74c3c
hav	404101fd6dbf7eaa,405c772f65484394,3fdcbbf22961a200,c060acaded9a6492	3ff50e78050a86b0	4166fec720518dd9
hav	4034e41d9fa9ba20,40369604db9499c0,4050e32dd93438ca,4054fc646f0b7c50	3fdff66b36b4c3f0	41596f22780bf97f
hav	401692fc9d74a940,c0439f356cba5d94,4016935e0d9e743e,c0439f2b3eaaad6a	3dc39251ec1eb678	404ae126519690ca
hav	3fe341c811102480,c0528d390051e58e,c032461241f77340,40541b711d65752c	3ffdc7ca3c340678	416fb2dd920c64f7
hav	40440011fa76fa0c,403c129eb1f3d080,c0411e71797419f0,c05ed7a4307e9d9c	3ffeafb482a38c80	41709bd067e6e365
hav	4040ff516ab75518,c063a3fbeb89654b,4040ff51b6e9a56a,c063a3fac2e35a0d	3d828975c389c710	402a28cd348b62ca
hav	c032d6d09b7f14e4,3fd3ea9e39626c00,403c2fb5cd9e8f54,c0539023ca5dad31	3fef9675c19eb3e0	4162ee6c68b360c5
hav	4051678f877b26d0,c0656311ac7acac8,403ef0ccf55692e0,c05f96f197604108	3fd3930cfc453800	4153877d3e779989
hav	bffb4411592bf640,c04de50b0919250c,bffb426dd81fa038,c04de5083d70983d	3dbc05895fd85a98	4046be1a8a1f26a5
hav	4047a003900887c8,405b6d6ab0efee5c,c0406495ea250407,c066800000000000	3ff34867add4ab50	416599576dd4a6d4
hav	404c93d1a04cbd88,c05857a6c6028563,c050a3241d59ec73,40401b6462d96e90	3ffe8851c1760800	4170771efafddbb1
hav	c0389c4cb44e3760,c0454dcb5b6cf4ac,c0389c4854e29e4e,c0454dceec3496fb	3d83133ff22932e8	402a89549a27ac66
hav	c04697f869734094,c04c6e3a9c8654d4,c04f1a2c8b13ad80,c05c2f3119dd1527	3fc812a5debe47e8	414e4c8124a63fa2
hav	4056800000000000,c060c104f64c1e73,c02ad89cf93abf20,c064521e5c404605	3ff3b6d8075a6728	4165ef4d19c76d79
hav	40362ab2e052e044,405951606074f2b8,40362aae0dab5d3b,4059515f6dfd70eb	3d763124f9d7c8a8	40243d35be9a9c30
hav	c052a42c7cee73ba,c051e74ed34fb72c,c04a610c01729b55,4066800000000000	3fd223a2baedf258	4152c2a03d5afd88
hav	4051f3ef7d39f100,c0597d7c5e562d56,c0424ae2a59e7af9,40648b2ec8566534	3ff9515e53f5d3b8	416aa4502b99c562
hav	401b8c3907a11200,c0579ac9974aefc6,401b8c9fa893292f,c0579accabce7f5e	3dbf80466d78e1c8	40481cfec80acb0b
hav	c02ea266918f1bf8,403bba9acd5b9278,4043c1abc8bde95c,4032435097e700b0	3fdbc8ccbbfeb1c8	41578ebd7db3a559
hav	40332bf2e61ff868,c04d96e33cc8a204,c04c2668241bbd6b,c063063e014096b4	3ff4d009273d73b0	4166ccee2d4e5b77
hav	404dd545b4061614,4051311c44e0488e,404dd54ebc2e4409,40513123d75c505b	3db5d8acc3938ab8	404414b59ff013a7
hav	c00f2490bbae9d40,c064de4ae49acd74,c0504b8436516d43,c05c8a7fd91c6bcb	3fe5ec1bf541adc8	415e63b1f5370a73
hav	4056800000000000,403b031844f8e588,c0436c7040d72aa8,4065ac3b19e74e6a	3ffa093259aac0f0	416b53b07f35dce5
hav	40476bf3eb5ca348,4056671970aae94c,40476beea728b8ca,4056671d21190764	3da0989cf9d12ac8	4038c089131eae71
hav	405267663a058502,40573b92e0add1e8,403611aa65983220,c05d480ad9229e86	3febb4992d140420	416173c0187060ce
hav	404a96d074fa9778,405fee5160dab0e0,c04ae2002efd25fc,c05dfd4491616dec	3ffc7bcc89073218	416df6c8b3ab442a
hav	c03166856aed5bc0,4054a8ef381729dc,c03166a3df4c30c0,4054a8f4428792b2	3dc94c7defdc0a28	404e8f72a092d000
hav	c010a4b8451acde0,c060ea1cbb3fdff5,c0345ad135f856e0,4056e6115f8dbbe0	3ff9d11d0fa85780	416b1d60be6b24a5
hav	c032d5fd13e71bb8,c05b818f63f71240,c02e863e59ad3a10,4047c07691d3bc9c	3ffc23d371cba610	416d8e246d5d87dd
hav	40557747ae44acb6,c050c824902eea72,4055774bc266ef21,c050c828226a423b	3da4d6c131b498d0	403bbc71a12026b5
hav	c052a53ea0c3f243,c060b3b21573b464,c04bf0ddaba41100,404f2926e4c9c080	3fd6196de68a3a40	4154d411fda38a1b
hav	4014bf855cf25b10,4049e508167dca84,4050da4d5c58bf70,c05fe61b6823f03a	3ff4c8eabaa4ca58	4166c743484d8eb3
hav	c050484528204fcc,4047bbf9e3b27dd0,c050484379f1b1c8,4047bc03a649c491	3d918eebb0c4fff8	403200a7edcaa290
hav	c053250f3a1ee5b0,c06022ace7b49076,4036520292198304,405ea10372543958	3ff6feba2576dac0	41689611c3d53597
hav	4051cc0dab0df6aa,c0621a649b0d3b4a,c042f1aa9afef405,c0605b906e9c7334	3ff5597d468a1118	41673b07dd4832db
hav	c030e430959449e8,c0333af508373598,c030e4432bf3f847,c0333af5ceac9a10	3daafc2ca5371a40	403f8ff921c2c983
hav	403559aa797f9858,40558e46cec0c000,40467dafa3cbe18c,4053abdb102ba444	3fb6ecda79fbc8d0	4144ba38efa33854
hav	4052ba57b9cd1cb0,4058d222123acb5c,402d58ab8b4760b8,403747371248bd70	3fe639944e41ecf0	415ea195f0b57352
hav	c04459039955d0c2,405a94b9f25a7858,c04458f743173ef0,405a94b233a5c948	3dc69fe9102d0c30	404ce66c6d1bc8f6
hav	c04fdadadc9afbb4,c0555ccc2d981728,c0468b6be484eade,c0612a2868d8dab8	3fc602ca7548a4a0	414cee389cb69e4b
hav	c05455e6c19e79ad,403bdc606de80010,c0420c1db5bb447c,406656cd6dfedeb4	3fe0c32d16f825d8	415a1d2f24555604
hav	403cc05d5e75a0b0,405dff79aad748dc,403cc04f24f925b4,405dff74543b6b0a	3db58df0d5e37cb0	4043f23f266ca9e1
hav	4049d5fdc352cd4c,403f59a3f2e43da8,c05074f1b0dec362,4010ccc82da05040	3ff7d5e06e804770	41694e853ecccbc3
hav	402c75aa07ac49a8,3fd3b0236b550800,c02a61329541ae18,c046d0b3d5f12dc8	3fd995e891fff748	41568796dc4a1551
hav	c050bc1701d1114b,c062f7c573428ea3,c050bc14939557fa,c062f7c93a577766	3da24cbee20aa1b8	4039fdd2d46e7b0d
hav	404b887dc3c529c4,40560d553d04e6a4,c03f8a80230805b4,c020ee1cc1c2ad20	3ff7c4e17c236478	41693fbc3d0197d6
hav	c0151bfd4b962f10,c061259785fa429c,c056800000000000,4063bbf20862a328	3fed0e86f3cd98b8	4161f7f8f5420891
hav	4036251c56f85220,c054abbc7d1d480b,4036251e2fdbca93,c054abb5a75d8add	3db922e9348fc440	40458a39cdaa65b1
hav	4047760005afa298,c04a443531cf7e44,4019ad4b1a24d250,c06335d826002ae9	3ff0cb16ebc99c78	4163b0cf163d814a
hav	40565ed71412893e,c05e1427b667a40c,4043c48ed2252dfc,c05605df013ddaf1	3fd6e266cbf3dcf8	41553856ad2cddc7
hav	40472575719730ec,c04896e7439f5660,40472573e86f74e7,c04896eae1c1dbc3	3d757a6f76bebd28	4023e936b264e2ad
hav	4052b55a99a92524,4059051a52fb2bec,403288534c8c5064,c03958dbdac5c300	3feac8d5d812be80	416119367b989b6a
hav	404bf8a98dde5228,40606fb56af84a80,4049be97a9caff20,c06317bcba7f5420	3fd10605e2f17860	41522510a467b1d9
hav	403d0478c953f040,40637caac939852e,403d046fcfdafcfc,40637caa0a0badb6	3d90d18bc70eb878	40319e8730caed1d
hav	402c674c4a56f6e0,c056e783337c85be,c052502b32453562,c053a564a31a4543	3feecf1ac6becce0	4162a2b1bc15b0bd
hav	403a38dace1c4c14,bfba308ed9222000,c02a9b8a0ca09690,c052de9f6db5817e	3fec3352da71ed20	4161a44367d45f24
hav	c04400b207a55095,406302c30b48b31a,c04400a7036a5d5a,406302c483be20e9	3db61835db022bc0	404431d3d65f8f53
hav	4045f9249fd99ca4,404924cda874cdfc,c030c589b00e2dd0,c050586aa8821467	3ff7fb5c72311770	41696f4521e32e3a
hav	c0557cf5e34c02a5,c0639f9d2af5422c,c0543880af288ed3,c0603b06463feedd	3f751198e88a3be8	4123ba8d5f4a2f52
hav	c038ddc6f1cf66d8,4066800000000000,c038dddc2719bb02,40667fffb929b6a9	3db1b1e228377d18	4042128b82e18e4c
hav	4056800000000000,c050041bfb379e1d,c0400aec4858f9f0,c066800000000000	3ff87fb86f6cdfa8	4169e48f14a95256
hav	c05358bd7cdb23f8,c066800000000000,403db0e25f5036bc,405a0bda556238ec	3ff6fd754cd9fd38	416894ff77bad472
hav	3ff5d11af24828c0,c064d3f6373ff5a5,3ff5d206f1f3e911,c064d3f3325a2cbc	3dbf375bbd61e140	404801061f906895
hav	4051cf0b54862212,c01279b65cc01100,c044dd904925250f,c047efb3337b9b04	3ff7495756602c48	4168d56552bfc9aa
hav	c052f23ba8008381,4066800000000000,c05437d3f6e2001c,c035a6f1be212bb8	3fb43ff1b245e948	41437683de97d72a
hav	c05387ac6c92c3ec,c06104483d8403d0,c05387a857e1559e,c061044abd2fe80d	3da61954c8854f18	403c8ff6e95a0b1f
hav	c01dc55765d8a210,405a9fc46a33fb00,c01c14b5339cc660,40418e5d6cfe213c	3fe570b6eb8e38d0	415e00b063617052
hav	c0503d7b9a87f7bd,405b046da8438410,c043f7e58cba6551,402316a1da19a720	3fdddb192cc1a8f0	41587fd64aee179c
hav	401cce328412fa70,40629ac557ea627c,401ccde7a6fad700,40629ac4704d0779	3daf5650beb50db0	404101989f2302a9
hav	4055c6c9c1e787b6,40399245fd0394b8,4044e05d525ff734,405d3e7454101f68	3fd57ea05aaf1400	415485df8d36e81a
hav	403afae609ae0a48,4064735857cc7dbc,404696194a3e0728,c059e23818491695	3fe6b4f563b259d0	415f03bfe7368757
hav	c0401bcb5146c55c,405329c2b84a49a8,c0401bbd2ce31281,405329c4bdc7a388	3dc0823e3c49bce0	4048afd4e79248df
hav	4047bff271375d68,c0634e55d47daa74,4042028d58b5a4f0,c0590df8a2f492a5	3fcf9e8a048c4920	415174941861a7c8
hav	c017311ef454a840,c04ab325fc8a4e5a,c03287179b121318,4057492aba8f65d8	3ffc141b79fc66e8	416d7be0a4ccbcf8
hav	4051d5ce0e59ca44,40495d301b1f1a84,4051d5d0dc805140,40495d3a6cc3bb02	3d9a6ff53f0707b8	4036171fa48ebb01
hav	405232be4627da08,4052014a70b62d28,c040666102f65257,c056ca559ce81e1f	3ffc167914c3c3b0	416d7e9e51f2771f
hav	4050a112f85289e4,404bf74b55e803a8,c049959492236789,402346860cf5f430	3ff8ab5a0e073e48	416a0bd396ffcc4f
hav	c056800000000000,c0646f0d652cb24c,c0567ffc90c89e45,c0646f0b0c8118ec	3d9d6f4000000000	40374f15593f60f8
hav	40308ee2830914b8,c059c6fd33d43d1b,40034a7579ba3300,402b49c0562ad000	3ff6b4abf0b50f30	416857d4b15fe0a5
hav	4056800000000000,c043ccda6d6c6aa4,4056800000000000,405ff136241f63dc	39433b809fe81910	3e0aa54590f3d48a
hav	403a33a30fd28430,4065755185b357dc,403a3397214a7797,40657555615d38e8	3dc1ba0abebac160	404994cfe2ac6ad1
hav	40222bf2811e81a8,4038bd6e65a6eca0,4055cc505d08f3e8,c053a9d6155afadc	3feb4fb437927100	41614d0d9f8201f6
hav	403789c2e37f8f88,c047ec0a961fb744,c03082d6535caebc,4040ec37c773c688	3fef9102c7e7b720	4162ec5aa1e11db5
hav	402c385363baa168,c055a9757ca8263d,402c3842e98ea780,c055a977613daa0c	3d92fef6c40036a8	4032b99f4559545b
hav	402a36e3fba2a0a8,4035a048fe7325a8,c0224c4595ba18a8,402cd5a8a430b600	3fb50492b94260c8	4143d5702c0235d9
hav	c030c2498d172664,c03932b48cfca910,c03382d340f67604,40656a05e72df61c	3ffc4de8f4766d78	416dbfabe8c800c9
hav	c04c817caeca4098,c0556d919c8fd572,c04c8179a7a7f8cc,c0556d94cbc4899b	3d8a714517b3b3b0	402f3e53dc7f6169
hav	40532f57cebb476e,4065059f671ab200,40552049f434e3d6,c054b17d5648513c	3fa39ccc68ea2e08	413afe858e24496c
hav	c04b5e1f1bcc1615,c065cf076c59aa14,c05083217f0ec8b3,405d913d628aca7c	3fc4e4466bc03178	414c29de226fbed9
hav	c02553346510a2f0,c03dc116ad129a68,c0255360fd318adb,c03dc12eb310acf0	3dc48f00575d0fb8	404b8c87f8bffa11
hav	404024404fa8bf20,4060c744fbbbf868,40565e41901c49c8,c0579d3db4ee3047	3fde25c038d39c68	4158a14c2bd4361a
hav	4034d0efa24027ec,c036e4a7b76f64f8,4050e79934551be8,40351de8489222d8	3fda963c192eaca0	4157006a18865e85
hav	c05653c34c8507e6,c055e6f6c42fe520,c05653c78060b4af,c055e6f3169f5430	3da60a00eaf3f6c8	403c860d70d5629a
hav	c052c4e7d670ea76,405fb456098aa960,c001023a09813700,4066800000000000	3fe9eaf33b775ab8	4160c39b414b7e18
hav	404179dd7fce4788,3fe9a9b2226a7900,c04ac92dc721f512,c046d0f02e3f7fd8	3ff2021b6eabc880	41649dfdad96d962
hav	404f56a935b3fd94,c03b817b6510d080,404f56b791ccc96a,c03b8199681d6aef	3dc3c796e4f8fd90	404b05a2092bd492
hav	c0556c71cfb38925,40557c9ef1a12c90,c052383d69accfaf,4062632fffb96c06	3fa29c66110a5748	413a4aa5366b0b59
hav	c02de7ff728d5ed8,404cb98b85088004,4052a2ff5ab90dca,bfe29cc0e889b000	3ff1cc679a1d94b8	416474e9ad660974
hav	404ddeeb0d52c618,c05267ad0b69dce3,404ddef457fffc39,c05267b451723039	3db5d8850c566098	404414a35f1cd414
hav	c0492255da142632,c0528013caffc3d9,c01f4198b2f50dd0,4060bf908710cd4e	3ff74634f8cc40d8	4168d2b8fdded43d
hav	404b07f72d8eb5cc,405ac310ec953670,4020f08008f603f0,4063a5af9df8aeec	3fe046932c7d68c0	4159b10db078be68
hav	c0554b40acdbbdd8,40617573ee7d6f2e,c0554b41fa89307e,406175718176e3e1	3d729ee9a90972d8	40228a0b961696a2
hav	c04309ef1455529e,405a4ec933b61e08,c04ec7289cc1e646,404290f8678d92b8	3fd457eeb0af7800	4153ee88de5c8ff3
hav	402a5ea4df651958,3fa113a6976ad000,40400ba4df559066,c066800000000000	3ffb4255207ac598	416c92c713a16e50
hav	4052967856401d8a,40580cbe8f7eaa6c,4052967d123e6e92,40580cc2fabae1ad	3dadbd2dfa8b3e80	404091209aafcd15
hav	405415578b2f240c,40666fde623040fa,c0346bc904056860,403c4e7a8e64ac40	3ff7b5a27ab77498	416932816455b603
hav	404e0fc55edf7000,bff48958370b8880,c031fe9e0469b728,4066800000000000	3ffbdd46418c2b60	416d3d1a61a2ae4a
hav	c053c0d5a8ac9d59,c01f188903a8be20,c053c0dc234dd71a,c01f18ee53b17112	3dbb18bcedd8d938	40465d3411f7b170
hav	4052f21aa4360668,40637e7b0da9f826,c00ec0d7c6514e20,40516b23a893cec8	3ff0c90cb40f5f90	4163af41fcd812ee
hav	40378d44fefd80f0,40645dae7a61a102,40110a4cb97d5180,c06632985fa06a5b	3fbbc9540c5e5c28	4146db6203f464f5
hav	c050ec6cd2c6c6b6,4066800000000000,c050ec7034a3ddef,4066800000000000	3d9c8c2000000000	4036f47766a600d3
hav	404958d8c760d1bc,40648473c4008ce8,c056800000000000,c066800000000000	3ffc61620ec13b50	416dd6e9acbf640d
hav	4047a3776ca62720,c0598ead4e09c214,4044ec2b4a507d18,405c0e2ae8f44084	3feda757df5255a0	4162323406cbcded
hav	404b70205cce1888,c04d798cee56e394,404b701f2a625b44,c04d799a05b57c4a	3da224ab555d0be0	4039e14d46560831
hav	3ff155fee7510c80,c0483baba8d97b9c,40534f8651fa8a3e,4046222607cc4fdc	3fefbf283c5509a0	4162fde0f54db592
hav	3fec55651e5ad800,405cc86514e259e8,404d4d8398127784,4022cc2b8eb84060	3ff20c729ac9b7c0	4164a5e884231fd0
hav	c011e88064774d20,405f0c530aec6c74,c011e8d704ff3b67,405f0c4f82a80605	3dba061b64056c20	4045eab9e879a153
hav	c054261010b43c08,400691b0c72f1a00,c048a6912a72f851,c03a486b9dfff7f0	3fc4580521404510	414bc801391f6640
hav	c056800000000000,405977bc0003a6c8,c026095ae4f9dd40,405304ec035c0568	3fe9e2540f8f5228	4160c04572cda905
hav	c05017ef87c5bb43,c05d3c0b381e5ea7,c05017f3850a22ed,c05d3c0c83e59b57	3da43fba3c277cc0	403b57371e43f42d
hav	c04fbe60ed7fad8e,c02e957004e230a0,c048f1f5b0feee96,c0475f25f87f33e8	3fb1fdcf48596f58	414254eb967f9d6b
hav	404215dcf5dce48c,4056836eb0c9a830,c048f3ff95a6ed78,40462cb53a137cac	3ff16a2058ad7838	416429e41b5625fa
hav	4050c50675ebafa8,c0552ec9bed32959,4050c50b209e403b,c0552ec87bdca05b	3dab799cd5290720	403fd90041577954
hav	40147ad76a87d4c0,4058b5e50f31d450,c0531450152221f9,c065581b1ebd0b6e	3ff169f9248a9510	416429c6371af75c
hav	c03313631e15eaac,c042d690dfcf6204,c0438f62c56e0be8,4050096f229bbcd4	3fee35838a3415d8	4162684e20403a9e
hav	404ef0fdfc8f4ff8,c0636fad262f5a08,404ef0f06b008915,c0636faf142147d0	3dbec702a938fb20	4047d5acf14b3cd5
hav	c056800000000000,c0532108e8b23dfa,c043a4e1c09ff333,c058d65676478a36	3fd7795003857c30	415582bf5861072b
hav	403b6967c801ebac,c051e8025ce9f483,40457d08c6e168ac,40439f1f22885808	3fed5c4a59d0f000	4162159d95613635
hav	c052441d0aab7260,405db500c28c6c84,c052441963e262d8,405db4fa4bd95874	3da50f535ef56528	403be1fdf2662c8a
hav	c0164a47019bea30,c05d3b5c82e6021a,c020eed1e9331c28,40608c118c61752e	3ff5566b7d037448	4167388eb7e642d4
hav	c0421ec06d424d19,c013504f735756e0,404d633edec94440,c051f680a04a7252	3ff57a2828349e88	41675565697ddfb5
hav	403d9f0a59403b88,c03866737e6a5938,403d9efdc380c196,c038668d8a737793	3dba2a9514fc8d50	4045fa1092806555
hav	40480dae1ba62094,c0230af738254cd0,4055d4a45acb5cd8,c01671c2b7eb4f80	3fccd6a8899412a8	4150a319e9020566
hav	40507758453300bc,405f455b24d481c0,c051aed9e16e7b50,4053ebd9b7e0bab0	3ffc447e5b679f58	416db481f55da0b4
hav	4005ac70b8ceff40,c066800000000000,4005ad53af4bb666,c0667fffb33cdfd6	3dbf9b5724cdb1e0	404827586fe65925
hav	c03480d128ab8904,c056ab05c40b8ae4,c034a20b4b0e0e08,c060bb17d19b7f92	3fce604a8b7bcc38	415117f5dd485504
hav	40300332c7cc114c,40657dd11cc44584,403412270b671af4,c0487976db9997d0	3ff9683125ae5d70	416ab9b06160f130
hav	c0546d989e3ea6a8,40602d711f11039e,c0546d93cc2e81a4,40602d71f28e9ecf	3dad109e31bf6820	404060c96bb80536
hav	c02466dc2d9cb338,4061feb3bed2dcd8,c04d04b71690de24,3ff36c51fbde8480	3ff43b2d0e081148	4166570f5e95e580
hav	c04bf3bb230d3e4f,c0583b856f73aeb2,4055bae2e4fb951a,c05ff4a2e193fa4a	3ffcd122d753ed68	416e60ab258f9fb3
hav	4052b20199c883fa,40413b1fc93f29ac,4052b1fb2bfab816,40413b2f66002651	3dbc67800abde538	4046e5b90f70fc47
hav	c054083146f8f609,406590f1250943b8,c032677356e857b0,4066800000000000	3fe0e29743ed1300	415a3848e6ce4891
hav	c029e7dcd8699b28,40644db47775b2ca,40168ad8fcc52140,c03bd2041dfbe2f0	3fff9f42dc9708e8	4171c3c8104769ea
hav	4042086237a38f46,402da12f9c119c20,40420867ba2de42c,402da165e3a60c9e	3db7803d474e8cf8	4044d3d3042971a0
hav	4048c2a2a4229cb8,4062f994b3dcffc2,c056800000000000,c05549bd58e3786a	3ffc2b9419ac7160	416d97325e815d58
hav	c042c53aa0cc3d81,c05878c2c28e3c61,4049cf9f1c887b94,4064476ee9528976	3ff8fe8d023121a0	416a579c197cc8d7
hav	404b991fde3504d0,405e9351ece92fd4,404b99275f9af696,405e934c97284ee0	3dad23f98c6e2748	4040663caf3b7468
hav	4049f534cab22fd0,4035994c9de00b88,4038de9ab4ffcbf0,c0574c3bbead6d2d	3fecea8128ade3b0	4161ea3b6c16daf5
hav	c031515b1c8ce24c,c054fdf106a741ad,40537e81b88b453e,4057a79ec68e00b4	3ff7d6d38e206000	41694f590adc39cb
hav	c054e8c09262d3ab,405d36006369ce54,c054e8bfc98cd2bb,405d35f8cfb3817f	3d6a5d1c699d9c80	401f3268c01da69d
hav	4049cfc9029f6374,c06570b8b003c3ac,404030c30a2b9442,c065fb07dd09c57d	3fad5e0bf95af4f8	41408af48dd80ff6
hav	404ea9c9d61e2aec,4064d7f3a3e87232,40465d929e3dad04,40646a75f85d1a8c	3fa5a36789af99d0	413c5d14eb905748
hav	401276a2555e53d0,c047bf243e40f89c,401276f49507df9b,c047bf2f4786d611	3dc1ade489591a08	40498c0a39100119
hav	404fc55f23ee3504,c061ea2d1b50ecda,4048c36071ff5830,c0662ef67383dcbb	3fb462fea2907830	4143878f81543712
hav	c050f3a3db9e1d74,4061a09a0da78768,404902404d918b58,4051731064139312	3ffa19f9efd63b90	416b64165a5e9d6f
hav	c052f96cbfe481ca,c066800000000000,c052f971fea74a78,c0667ffcd6a050df	3db2a4ec9012ef88	40428d096d86ce63
hav	404c398ea1fe98a8,c0502b55a37896e6,c035106ce60fd6e4,c05aa639e757519e	3fed4e1e38cf1090	41621037054b917f
hav	404c702700007d50,404f6f4e88fbb274,c0533bfdb44ec90c,c062f8524ecca089	3ffeaddcbcdbe8d0	41709a0d86e55937
hav	4048cdbf59128ff4,4011f0296e6b7040,4048cdb54d35a5a5,4011f058c467c100	3db208cc16add338	40423eb7e2317fbb
hav	c034e517c6ab4ea8,4045d12b54327088,40401195aa37d63c,40597868408e5978	3fe8bfc3ebf8ec08	41604f6fe4c49873
hav	c048dc4b3dd9a30f,4065bc2833cb1450,401961565b336010,40444d2db5e7cdc0	3ff86591b802b718	4169cd2bfa7ea45b
hav	4044c7cfc0ee1128,c061b684f4a6dbed,4044c7cea72b61e3,c061b68761bbbccb	3da0d32b75379728	4038ec0d7e752a43
hav	c044fdff2ce7c605,40665bfdbdd1cb02,40563261a0320c1c,406267aedffc0ff8	3ffa7c726064b5c8	416bc5c9d8745d91
hav	403dd66d4c156844,406032991eb06904,405240367326508a,c04c014b883111d4	3fe8d97c58ae63c0	4160597616afb75c
hav	402334b74a512ff8,c063121c75de8186,402334b940397a3b,c063121c8e6f1009	3d2e9c4a72150848	4000ced2dbe6add1
hav	c047b4d1567b65cf,40389880e5d53028,4050c31dbcc29566,4059c5b344ba13d8	3ffa015250555888	416b4c0477b9398a
hav	c0481acf62c056b9,c0626a26a5e4f541,c055fbdfb5cb8d90,c0624d2ddb0ff39f	3fcd8df123a06218	4150d9d77ef6607d
hav	404a64cfb94976f8,403ef0727f89f380,404a64c1110d7a3f,403ef087abf16807	3dc3f32419f2d8e8	404b23517c6cda0c
hav	c051bde295a57554,405cd00c0cc24ce0,c027ad718777c320,c05e636bf250c1e4	3fef62c675614a18	4162dacb475384e6
hav	4020d9fb774cf758,c061a5615ed00c75,c009fff238833e20,406031bc46319710	3fefde0cdda2b0b0	4163099c4058451c
hav	c04894749f8fa84c,4055f9ff69721930,c0489474f4ff3464,4055f9fffe37ac56	3d3b810642dc21c0	400688143a503f1a
hav	c0561ea429a46ba4,40406148db19875c,4056800000000000,4056d35e8e3c2cb0	3ffffe8e6fbe16e8	4172ed34906e9ec3
hav	4053ff7b728ebf34,c063c07595aeabd1,c042001ff7da5d4e,4062d578221dbf3e	3ff7db0a7ab16c70	41695305546b3505
hav	4054af98d0041a5e,40012c4331c7ea40,4054af99d4f48e8f,40012b53c12180c1	3d73496c2a99fbf8	4022de2e61e66626
hav	40456adcd9b45ebc,4060f641ae2a545c,c055caeafac22fd3,40659feb2a020e2a	3ffa677c134ccdd0	416bb0c587da616e
hav	404d305bf1148c04,c06011fdd443c4ba,40403c0a53b9912c,4053b64e79562d24	3fedf0134e7f7128	41624de375ecce3c
hav	4032291a23a3c790,c064f7dae3aa73bb,4032290dfb001550,c064f7dea2253ace	3dc2ac6882384d78	404a416a74c62274
hav	40252f198ff26af0,c05914c0dd672173,c0467fe13e4123fd,c060500f24b898d4	3fe0ee6f6c4479a8	415a427c73a10e05
hav	c054d992a1625e2e,c059df59784671ed,c040812e853a6e97,403a479308b9a170	3fe0a7ea9b9adfb0	415a059db7bd2603
hav	c050e60ab899cbb6,c063b1cc757dacc7,c050e60c375dd0a5,c063b1cb8a4a43fb	3d7b360034b6e3d0	4026694442ea0fb7
hav	c04c995f614dc262,c04392b4a01c36bc,40528013b2948ffa,405ddc68bfe58ae4	3fff26ea5b1c3300	417119d589e9f96e
hav	c0452aacae94b7fa,404823609a8848f4,c05368d72809e0f2,c012e70eddc06260	3fcf9b734841d298	415173afebd1e927
hav	c0407ff19f9456ba,4036108a620df718,c0407ffb78513b66,4036106b17900497	3dc4fcbb158a4408	404bd5abf8325dc6
hav	c04bdd7695916c88,40407e67015a4ff0,4049744b426abbec,c066800000000000	3fff070ce1d82078	4170f56b12f52df3
hav	402b06e490c5f8d8,c02eb787f2b9e9c0,c04a28e7a077b050,405f5dae202a48f8	3ffa549e1b0d6278	416b9df56bfb4212
hav	c042966a7980b4f7,4048366a14ac2ca8,c0429667cb897938,4048367808db3744	3db4665061d6d0a0	404367942c088b89
hav	c04793d785a2c0a5,40636eaa8f3d0a54,403cada959d957dc,c04235a49551f7f4	3ffef88b74853990	4170e597eb55ffbf
hav	40503deda72cb614,405c03cd32d91c54,40483ee80cf9d0ac,c05120eed50b2102	3fe342b29b308008	415c39831b218a22
hav	bfe61c5558d42380,c04a6d628163af0c,bfe61b85e2c638fb,c04a6d6c48400294	3db08b69f07a0248	404179a447882082
hav	c03a15a95fa2b1e8,4049bb82499e596c,40529c03d550b22e,40641b6fac21ef48	3ff80eb01fe3b088	4169803bb1fbab75
hav	4014bd8a0a258d80,c048c879a327e548,402ffba72a9bad68,c064ea03d42f0b75	3ff6bbad1dafbea8	41685db154096ea8
hav	40557f4cfc210586,4061a957455b2bd6,40557f4ead2f7d9a,4061a9559384bcd2	3d7d201deb4bceb8	40272fab19b36af1
hav	4044f4577e14a9ec,c053588622946223,c056800000000000,405b943c561f3bb0	3ffaafeab011e908	416bf9ecdc470065
hav	c03eadb238a9a7d4,4066800000000000,405507a81cd56c38,404d6fa90800692c	3ff8d96fc4ee8060	416a35a7055df214
hav	c056800000000000,406611634e44afca,c056800000000000,406611667ed50184	36fee45734b5e8d8	3ce7e105a1a0ec1c
hav	4005208e7612eac0,4044463cc98eeb80,c056800000000000,c0642e6657ef9de8	3ff0bcba3690e6d8	4163a5e37cbacc1e
hav	c043229f9b82a94c,c0661d09064e99df,403cec3aecc747e4,c066800000000000	3fe3a0c8a7c953f8	415c8733130a48cb
hav	403f21626b2ee05c,c04cc72c9e36dc24,403f214afccf8448,c04cc7297fb3a201	3db684c42efdb640	40446333c8a5fca8
hav	c05618f311a6934b,405d7293bb57a984,c0443333ba91b923,40470ec0de0d7e18	3fd61b2a1afd57f0	4154d4f122a63f87
hav	403fb28d21c378a4,c056fa606d6abe76,c051c8b247e960db,4058c1f6390e8fe8	3ffc46e277ebf008	416db7568041d230
hav	404c72ddc6246a00,4048f1b6fc6941bc,404c72da329ba9ff,4048f1af3bdc3f4d	3d93295831720230	4032ce770863619e
hav	c052e3090e34e8a8,c05e154b2d64026c,c0518591a49003d6,405c7bbb3d740a10	3fc1d0e19fbcf850	4149f3e8dbf9f421
hav	c0436ce54a59eeae,c0599f70b662d452,c054fe50e0ed2d06,406313205db91c7a	3fd96be8f523a5f0	415673a01331cd52
hav	c050023ab9b33938,c03bcdc0ca3cc090,c050023e9461d414,c03bcde07ecb4f16	3db0c7d99cdf9308	4041997249f4f875
hav	bff11ae67cc44100,c03eb4d15dcfa490,4056800000000000,402cb3e6c275dce0	3ff04c6bfab195a8	4163508c06fbc084
hav	403246e389077450,4062e93f11fa95ba,4055e468abd36168,c0615c4b02349190	3fe5876e880ea838	415e12f4f38529bc
hav	4049cde346633944,4061c59fed857664,4049cdd9d1c6c7de,4061c59fd373ec50	3dabe88c3c4546d0	40400c85b621b313
hav	c04dce3b910efcb0,402b4f2237479580,40235d7d2693e3d0,40653ee0ca68dfd2	3ff9a0a7bd10dc30	416aef0999f838f6
hav	40466935a71f4314,c0645d556d12f02c,40552e3fc466d8f6,c04907424fb96b0c	3fd4b303f9252010	41541dab7cc14e68
hav	c04a6df2b8226236,c05cb018dec5491f,c04a6de53fd304a9,c05cb01f3abce852	3dc2bf661d8f9d28	404a4ec0dc41ec02
hav	c056725d89a378b4,4062c8958381f97c,4056800000000000,403bea0f173aadd8	3ffffff8c06010e0	417310b81402bdbe
hav	404e996e5ae6c860,404aa3120e382434,c023a7ac8d44f338,c039cb21f1da3810	3ff0f3df3bd41d10	4163cfd43170eb4a
hav	4055ee4b400f3dea,c031a90b092b6a00,4055ee459c434496,c031a922d2530db2	3db3e0d1bdc7b3c8	404327ad1eb2c65c
hav	c03a2e1a0bb9fed8,c05b8f9bb5c32546,c02b2022b8b07480,c0368547dd6470a8	3feb9482b930f898	4161677365c2aac6
hav	4048d7408bff1ea0,40267aa9e2c79a10,c050182f985a1daa,c04c347b88fc96da	3ff94c20e1ff35d0	416a9f6b9ebb3b4f
hav	4010036d2efaa490,c039f1f240e4c1b8,401003b6a161592c,c039f1e257d4dc7a	3db6f7cef0d8e988	40449705bad472c2
hav	c0516076ac6e090d,c0236c0b2ca3db40,404de52c404dafbc,4065abdad417969c	3fffc431fcb08538	41720c6164c95d71
hav	c0204ac55fbfff08,c05dd571f5bb0b7a,402de56fc2d9d070,405060e5f40baea6	3fffd525c78d6070	4172354fd7d2b9ba
hav	402d521c95a587e0,c05ff518899a7e60,402d525df2af2f40,c05ff516a9153df3	3dc5da066bc64700	404c66f047df86c7
hav	40518021aa136730,c03e9b0a44773de8,c0565f3e8044f88a,c0579d297c5278d4	3fff035cf05dab58	4170f15aaf58b199
hav	4050719cbd6bfb84,c04dfd7514690ef8,c04328e2da9b5ef0,4060e1f839567d78	3ffe057a117895d0	417008c2a96d518e
hav	c04be28b6312852d,40649b83e1b48030,c04be2901e854ba8,40649b86304b1ebf	3d9ec7d8b8fbf020	4037d5ffd3c9edd7
hav	c04c11f9a70b5d5f,4066800000000000,40317fac37971de0,3ffd387e70287780	3ffc7e2422ffbe20	416df9a127b70a2f
hav	403f7b8f9808abac,c0631a13641eb0bf,c02139e79f308218,c0659093e6973e20	3fd23391f2f0c058	4152cb4b7ac1bdd5
hav	c054237f908c87ae,4062b2f61c0f3c3c,c05423813601bb86,4062b2f5c553379a	3d7b2d9a69369030	402665ceb2c4744a
hav	c041def808cdebb2,c05c69e91878feb9,4043386ca1699d38,4061e189a0a0d514	3ff8266a58bd1668	41699521fc07a5d2
hav	4046e531d1791dac,c0661e8fccfc8cad,c0547d892e2b955b,40528748942d7364	3ffbdcb8fde38350	416d3c7a7d52fa94
hav	c05294c2d52e0447,c053d6f45231fbe9,c05294c1e14687c4,c053d6f6c777076d	3d6aed443236ca58	401f874004f23fb9
hav	403573a756564fe0,4066800000000000,bffcc9a8f95710c0,c040067d03ee0cb0	3ffccc9fea0e8a98	416e5af3943d89ec
hav	40251801e53c9588,c064d65f5704c320,402f14e0862cef20,40409d0bf8ead218	3ffd76735f6cd788	416f3d0b91ab53dd
hav	c053459a3daf5b60,405ae95507db1278,c053459e4bd5422a,405ae9530d0b8c9b	3da4c352f7a59520	403baf8050adace9
hav	bffa241ca2d3bc80,c066800000000000,40519e82b110141e,4046f2cd6a6370c8	3ff42654490b8878	416646a7944d3cab
hav	c056800000000000,4064597ee7b98c62,403b03cd7027b15c,405a5f81846f2a78	3ff7447dbbb27ef8	4168d1427ed57e75
hav	c031680e6e36ebd0,c05b1cd3de8521ef,c031681b6bd6990e,c05b1cd54043e84c	3d9ea897f2998778	4037c9e2ed777d0c
hav	4013f062657b40a0,c049aa9bb9b09108,c04c97d784b071d2,4062afd6d23e335c	3ff93de1c9b11db0	416a92254a84685c
hav	4045d52cf572a2f8,4037e3e737461ab0,40541eb5493259c8,40370acc1fd89b10	3fc986fdc0cbbb28	414f3b8aa58896c7
hav	c04709afde55886c,403860344e5c6498,c04709b8b7bc9ce0,40386035981361f6	3da87d30d0094238	403e1138d43d73da
hav	c01b404790db12f0,4059bb191d1f3a74,4056800000000000,406572c6fd99aa82	3ff1e5e3ac0a7a78	41648866006cabbe
hav	c04799ecaf90757f,40472b4c9e8ae160,c054591d3cb853d2,4065d9bee8cd0e3e	3fd59dd3f02ab110	415495b43c8fefe4
hav	c054068bf5364a22,403c09ac522b65e0,c0540685e90383f5,403c09bad22583d2	3db70f2a266d9d10	4044a17b23ab474d
hav	403ced5092fc3690,c043328e40beef28,3ff3bac891afd140,40646da5ec27eb88	3ffcd4aff7477f50	416e652dc2de0a49
hav	4051aaeb3644a6fc,4063c50d5eff13e8,404a2d72648da9a0,c066800000000000	3fb0af25b380e2c0	4141a53cc9608b38
hav	40488450330d0f00,40645dc3710901de,4048845074b54fac,40645dc45a44a8a1	3d6cd15f6e32f490	40204eedf081a663
hav	c03e260568b7e75a,c049ad30ecfad84c,4045fdd4086049f0,c03e9bf44e9d7658	3fe88a7f33a4fc40	41603aa6ffcce948
hav	c016cf0e5e107380,4059a00686032710,403a15f170408898,c04d38a496c4b0da	3ffe36e5582a33f8	417030a78a1cb594
hav	c052502ffc6e2c10,c01048ab595f96c0,c0525033607967f2,c01048fe7a38a5c8	3da1244f1f9e1318	403927ddde9c1ab9
hav	c056800000000000,4066800000000000,c028ae1d8bf8f4a0,c047f8a8ab481c44	3fe929420dcf1570	4160788146696b60
hav	c03077e76328dd68,c0570f52da46c786,4054abecee77bede,c03f7c1d13495fe0	3ff38b6b5ca48148	4165cd7026064ed5
hav	404fad7beb345aec,4064d0841b809408,404fad71debbf4c8,4064d083997ae795	3dafc1a7a71ddb60	40411ea00d366e45
hav	4034c71876c7a198,c03e2624daeb6e88,4056648bdeb1a6e0,c05070678a8ac8ac	3fe4776713e0b6a8	415d36ed0da77026
hav	c050e371e9ae6403,4060caa3ec129ab4,c052168d66cd8bd8,c05524565bee81d5	3fcacba4829907e0	41500387ab12247f
hav	4048a195daa8b458,40502d518e76be4e,4048a1a43bc000cc,40502d54d50c9624	3dc18c9ed527d468	404973f4b63cef3e
hav	4048826b1880edc8,c007a01ec1ced180,c04afca35e2e1eb6,c04d0604d23dd3fe	3ff63cb70eb0f820	4167f43502715a0e
hav	4049734fc55d79a4,c066800000000000,403566e41dff9b74,c062346537a439d2	3fcdb5b8f53d8a28	4150e5a577897b7e
hav	c053c3788fd41435,404021c14b123fa4,c053c379f8821dfa,404021c4ca718a8d	3d74ea3e89827618	4023a5ef568d6103
hav	4044c72a1b60e750,c065b000ac1b0470,c056800000000000,4026c54ab3535eb0	3ffa9d1658e35820	416be6c31b42c0cc
hav	c048a3aa98b17af4,c066800000000000,c0549f6f59fba3bc,40624d47c5fb6c34	3fc6bb2b4c084368	414d6a30d2de5c2c
hav	c04ad43309a4823a,404a4916f56c8e38,c04ad437cb17afbf,404a490ca57dab23	3da2b42a56a6c9a8	403a46ddf654bd4e
hav	402547dd2c5265f8,c04787212ce223c8,40504b93e6fdd46a,40521f271eafbe30	3ff092b77ba43f88	416385f48e2fdc91
hav	4035f85f8a1a4574,4039dc13bbad4500,c05618264b721b56,405a7baf59e88ea0	3ff5e9417aa7eb00	4167afb092359f31
hav	c047e62bc545e6b6,404cda06163a0c74,c047e61bb8712b41,404cda0f962b64f3	3dc743ab18041db8	404d4e48cf9307a1
hav	403b9deeae9d849c,402ddddc91172050,c028cdcfa3365658,bfd00fe3ed3f9000	3fd0eb995cb20020	41521645640eff70
hav	404d3e4d0bb7a9e4,4057999947a2a60c,404efd0fae862a38,c063a13883779cf8	3fd4d6b47d5b4d30	4154300cb9c61218
hav	4044f348d8a1e908,c0648e45658d0836,4044f33d5e2efb88,c0648e48ea61203d	3dc2d55093d00cc8	404a5e1cd0b84737
hav	4042dff48454ee60,40552eb5ae70b04c,c01569c53fd3d9a0,c05ad37cbdb8cac8	3ffd3ba3e4bc3410	416eec0606998d13
hav	40458257f9cb99a8,4044c4c088ce468c,c03176fab8fc1fd0,c05fea94e257b114	3ffe3cc35905d2e0	41703585c7ff2076
hav	c0523f3e5ee0e291,402f9395038483c0,c0523f422dbeaec9,402f93be9db55402	3da4fb4e42c814e0	403bd4ba06ed9abd
hav	403466c53eb78e90,405eb64d531d5298,4037605f5683cdd8,c061992b6c833351	3feea048d4039e98	416290e6811f3221
hav	c01843f68a32a030,404136b4c4482d64,4056800000000000,c05fee591cf63d5e	3ff1b0ddf514c958	41645fdf76146a6b
hav	c031537e141baecc,404a52a37d3cef58,c031536aede9eb4d,404a52b13c67478a	3dc494120a0c4818	404b8fed3bca09eb
hav	4042481e655acbc2,40660c7a3fc16150,4052c4cc5e910ca2,c04e99e85cbd2220	3fe120cbb943c2d8	415a6dc30c75a31d
hav	403a753053d64800,c064f5bd47127b18,40511b956f6f61d2,4061da474211893c	3fd7cd6c9ec82708	4155abe7ae16de19
hav	4050e17694cca25c,40624c72d032a0e6,4050e170e218bdd3,40624c74245e857b	3db4e6371974be58	4043a40ac3f2e81e
hav	4042d7b4a3b16e66,4060ff67e142c8c4,4033e763b69745a8,c0502493eab090d5	3ff7d16765d588e0	41694aa02c784aeb
hav	c0452aafee160db3,405372ffd1e6b67c,402dc9d11a7a1ca8,4065d495007cb730	3ff421d5319c7508	4166431e81d70340
hav	c0467694d799c2bb,40633333e5fd88f6,c046769d2d1ac071,406333337e7bdf8a	3da612f48d9f60c8	403c8bd7ce1bb426
hav	400cfe6180a21a60,404f51b5e6a4601c,c053b917f9850326,c041856443d7f258	3ff167523eefbaf8	416427c0980d69c3
hav	40230e1848d74638,c05036afef1f5749,403e51475022acec,c06368277cf49df8	3fed84418b0ee9a0	416224d74e02ed0d
hav	403b102118e4fc70,c04f3561995c3d3e,403b103d43e096cc,c04f355afe296eed	3dc22aca8d390498	4049e5aaabd7d89a
hav	c0412ee864c93770,c06436ff815f1147,c03db9e337fcde84,c06229382262289f	3fa0aa77060e6cd8	4138df2f7a6d851f
hav	40167f05bca2b540,c065439aa0559358,c050bdb6972e5dbc,c0414be91341e804	3ff5e37805477b80	4167aaf6217bb229
hav	c04381c7ad676a0c,c06568f41b137c06,c04381cf1b1d61a1,c06568f7e70dfec8	3dbe53035dcf9048	4047a897f827d53b
hav	c051d1db78d43842,4048fc177f3969c8,4050ed97e9e1ce7e,4066800000000000	3fff462af4fb8560	4171402d085c151d
hav	c0388029f6f1fbe8,4066800000000000,bff3e06a37af5980,40586ac2cc321a70	3febd3e80428fcf8	41617fbea7ac7f33
hav	4056800000000000,c06669aea12bf7e4,40567ffb1a86120a,c06669ad9e77f1ed	3dade9e000000000	40409d8efbdcffe8
hav	40360f32356d9470,40614cc758108c1a,40355ee5ad63141c,3ff45b81a7885380	3ff7ee3574eb73f0	416963c1b88e8b4e
hav	c056800000000000,40627df0af5b9e86,4027d061e10ac528,c0654cd7ff5e735d	3ff34d1a0e074268	41659cfc9428f7c7
hav	405076528f0f1b10,4066033a264e3b8a,4050764ab5ebe678,4066033d87742c35	3dc59934548291c8	404c3cb09e3b0bea
hav	c03b5866a69aced0,c02044bca6ac6e00,3ffffe24f3fae440,405ae2b06fc1d214	3ff6691bb0abaf78	416818e96bfcccce
hav	4056800000000000,4061be5b44dd2f6c,40322fa249b602ac,c05bdd4afc6bda96	3fe6033e943c4818	415e7632ea8db891
hav	403ee996b2beb650,c055cd465f6f97a1,403ee9783ad9fe1f,c055cd4061a7fc4f	3dca570bd6eb54e8	404f2ed1f1589b6c
hav	c04dd9dd68fde349,4053848017d08184,c05418dd8f527b5b,404ad7bcb4c78700	3fb26db869209d18	41428e4929ec284f
hav	4052f2b91cf14f6c,40661efde4ab0f88,405150a4ce454b88,4062e0456e58879a	3f8f41c9d0012bd8	41310192645574fa
hav	403c023c3454cd1c,40612d3928594fbc,403c0258dc701269,40612d3572eaf9fb	3dcd6307d2216bf8	405077f14e4d4301
hav	c033cbdfc055b088,c05b156b7f8fc1b0,4053a4163fd681a6,c04ed8e31f34ff4c	3ff3430b32973e50	4165952e8ad58b97
hav	40523eb5700b6354,4061a5c118706ab2,c05652f8742d1835,c02f134dd2069da0	3fff59d49eebc9c0	417159ef40d3c290
hav	403ecfca47d05e40,c0609a26d307eaa4,403ecfe6a1e8868f,c0609a286086d81e	3dc1e3db37cb72b0	4049b2e9f1c99c3d
hav	c0551f18165be538,4052eee86fd9f374,404807d1f277caa0,4063eb0b98efb7b0	3ffbbb79f0306eb8	416d17197de02490
hav	4053263102db6e94,405c97023f286bdc,4044fb9db4a71ce8,40563ef25d90e9d0	3fc8ce75b129ff70	414ec5dbafd0c3f2
hav	c03a35e5f73e2c76,40664270cb77d706,c03a35e6b065dcc2,4066426d87d8a60e	3db56bf3db2f5048	4043e27f0841edfb
hav	4041a4a8da9d349e,405456f554d53684,400bd18a782e0d60,c042c5083ce1adf8	3ff5bd3f91de1b50	41678bcdbbd5670b
hav	c037cb82ae8f133c,c04bcae956bd0a90,405484fee79e0086,c064913ce59fd0ea	3ff70c97b8641438	4168a1c9ffecd0bf
hav	40528539c63d6bf6,c030905ec03b4a38,4052853d59db60d0,c030907a822998b6	3da47b13c10ca5d0	403b7f2b48e7e2ac
hav	c034c056478f003c,4051e02d1ed791a8,403585c32f2492a8,40532259373fe4ac	3fd0dbd2a9886618	41520d6b93da6ff8
hav	c053906fcff93eef,c01536f1e8323fe0,c04732becd8b8983,406207471e6a94cc	3fda5e54c217d6a8	4156e6358b5a3533
hav	c02f94449c7959d0,c01f9767e7d750c0,c02f943449c7cbf2,c01f976ef9e42dfe	3d85ae06de79c3c8	402c4a49d310a77c
hav	40498aa8abadc658,c05973085e9e559f,403f2eca08ffc3b0,4065edd2e7144382	3fe0f1c5440d5978	415a455b70cd6553
hav	c04832cd57bf056a,40636f456fdbb182,c055858dbb67aba5,c06469d33b9b4344	3fcc2588fd77e320	41506da24c89396c
hav	40347e49ad7115dc,c06086fc7e6a9186,40347e55b763bdb4,c06086fc8df05e15	3d96a2f9d52efa78	403470dc162b3e03
hav	c04040d5a6337fc1,c052072bca0ab5b7,c051203b55b14044,405eb06cbd499664	3fe98eb3ea683440	41609fe2a8584b36
hav	c04885b23ad12c3f,405d16b7087e4dd8,c047de27f9dd5e8d,c061869db5164a0b	3fe164c635ec1510	415aa7ed993343fb
hav	c04eceb1e37c72cd,c066800000000000,c04eceb3c4c9e447,c0667ffcc70af0a2	3d99a1922b7ca790	4035c03af59752cb
hav	40531fb8d282b3a2,c052162ca0ced83e,c05362dad02470e0,40601c94ffb8821c	3ffff14cf1b47d90	417292b01a777dc0
hav	400243cbb2fdda00,40426c48342ff8ec,c034a09d62ae82a4,c04925f52fb492a4	3feef5106a239e30	4162b11e2e26785d
hav	c0479abd4ffe98f8,c066800000000000,c0479ab7ffb6c09a,c066800000000000	3d919d4000000000	403207feff3b1ac8
hav	401a5efd85e162d0,404df6e751b641d4,405072d12c295c60,c0588252e1184706	3ff45d8c0f8bb6f8	4166722920c07e2b
hav	c04aff4197150c14,404995ad3a28ef88,c053a2b4874ad681,405ca8ea7c070640	3fc3d727fe79ec80	414b6d05f65b5492
hav	c014431cb167c3a0,402ecc6ef248c510,c01442c61e2a7b3e,402ecc65d99237df	3db310dbe591c388	4042c26f19fe7486
hav	c037e9f2843786c0,4064148beb322b3c,c048678f6181dc2a,c050be0773d5a4ac	3ff19cf93eba9968	416450aed7c724d5
hav	400ecfd23d347600,c064e09d60b247d2,c0272c3121c13ca8,c066800000000000	3faf42e565bc8df0	414112c20c67cd67
hav	4049240a5dbbe150,40622dd0562c5596,4049241381fb9553,40622dcea006e3b0	3db004c0dbeac530	404131f32f0df3d9
hav	40400bb26513a862,c060244df3b1f8a4,bffd35464f0e4480,c04f6256dd982a4c	3fe5adc5fa1ce6b8	415e31bf3191b89d
hav	c050d761a193f471,405e996ca37b46c4,40535d4fb46f3958,c065d41a2ac1d80a	3ffdcec221ebad48	416fbd4f7aac459a
hav	c04ff3d5f237480f,c02400f7b5321e70,c04ff3d5b4c67bc5,c024011f5de6a877	3d87cd90af807728	402da4a412b3e713
hav	c04a5b64613c7da1,4060fdb6631955e2,c041cc0ac4db45de,c05bc737f6c161d4	3fe75485a15e1dd0	415f82036981ea89
hav	c028a1de9b2da958,4064ae453f3dcac4,4047c0bd49d87e1c,c035109b6e745f00	3ffd0204b1edeca0	416e9f8b74910435
hav	40350176ba42d004,c03cbf3f1f6575e8,40350193b0b579d4,c03cbf31ce5655e5	3dc35dd63041b790	404abd03be4e769a
hav	404dec54481a2028,4061fbfbfe52695a,c04092a1b9c66435,405a5a477a59f7e0	3ff24b9e332aae40	4164d655768dd272
hav	4046fd393bd5031c,c063ddddf19fd226,40267ff54b8a0c88,405ddd16e1d1bd30	3fe8544fbfd00690	41602579c19d54aa
hav	c05326d62db6048f,405e319e5727e258,c05326db7f194fbb,405e319c20a60c7e	3db1ce8604474e78	40422125c47edd9d
hav	c04eeb422cbae303,c0647938c557b26c,c051c564a8e0352e,406574c8bdca2dde	3f9b7b854530e7e8	413692cc50d00b6a
hav	c03b78406bb52e20,c0591ff54f6574c5,c04d508b600087fc,4066800000000000	3fe0b41abedf9410	415a1028d9692541
hav	4045cca7d0432480,406113d489fbebfc,4045cca535c11bd8,406113d66c1834fd	3d96cb8a8dd12c40	403483249bbc0fc6
hav	c048a300a18576dd,4060de8484575b2c,40552c36f7d5000c,c0313aa62408aa58	3ffced77a8e94bd8	416e84e5faff9d5f
hav	3fe9a20d5c7f8f00,c06288c1d501ee7a,c050d34586e1c23b,4061223c11b66142	3fed2544b6a01ed8	416200a4da032415
hav	3ff386c3f5450140,4064d694e17e79a6,3ff386a78124b221,4064d6952cba9756	3d55ae65d8e1c938	4014013e0d0a9212
hav	404757b41311e598,c0528414c01dd982,40205e0df7a46d10,403b602770d45048	3ff07f622d0d6790	416377438784ec59
hav	4048ed495302c740,4049c2df4993271c,c04ccb620255e9c1,c030a07a637df840	3ff8446f3058e390	4169afb19c99a4f7
hav	403f64b136cd4ba0,40628c4f17790da4,403f64c1c9c3521c,40628c4b613df99b	3dc1e1a389ad9998	4049b1522974b613
hav	c04607a5672150fc,404b7702acb0ad10,c03be568a4bf5596,4063726ffe9604f2	3fe957da87b55948	41608a9b38681844
hav	c0558b18efe30943,405b9894a626b894,c0449ad5f6bc4daa,40553f99a55dbe88	3fd306e38f52f340	41533d1e0ed29f4e
hav	c036aa78fa27d58c,c05e7e09c02efd1e,c036aa828a16d73e,c05e7e05af5994f5	3da8b157d6c82658	403e312bf3f5e430
hav	c05021441c522c76,4066800000000000,40472e5a5c28a950,401a263afad5ea60	3fff2c1f95678808	41712006ea659c58
hav	4028d7f1f59a9a90,4066800000000000,c03497da5596ff14,c053acbe471df6b4	3ff413ae41a0aa08	416637ffad55b125
hav	404a959d63eb984c,405dbb8b722647ec,404a95ad6d997fdd,405dbb90bdd6d7c2	3dc7338a7fbae7f8	404d441ead5c94e5
hav	40455ed51b49d334,40518a97537decf6,4055bd95497e71ae,404e36938e6827f0	3fd22b95d9faea70	4152c6f3d07ecbf0
hav	c050b12e07b2b8e0,c0576178e8a8dc0c,c048c6fb12b44ad7,c041f7ce1296d988	3fc4ee40390b5688	414c30c8920fbe4c
hav	c041c16a85052b79,c0586c293fd7716e,c041c1707745d949,c0586c2923e9da07	3d96140d652b89f8	40342fed48e7498b
hav	404336f7d4ba6f98,405025b37369bb06,403d04df73588b24,c066800000000000	3fefc20a2df2e080	4162fef931d54e52
hav	4056800000000000,406330fe5e2649e4,40216ac7a0898ac0,4066800000000000	3feb27a9919c3d58	41613dad19385098
hav	40416f0ab4ea06a8,40582a411f2e1fcc,40416f14c4a924ce,40582a3d53b7b380	3db5d6249f9eece0	4044138bb5cd3062
hav	c03ca9bbe1b5b8ae,c05c9d6dd325c2d2,c0558c323b54fd68,40643d6ce9f1cfd2	3fe07a4421ec2278	4159de09c4ac5ec8
hav	c04b7f27a4040179,c060393ccde4e3a4,c0553b03a8035109,c063b6ff72acc7af	3fc1d38395d72dc0	4149f5dfae7d088f
hav	4056800000000000,c06362cab41b5a56,40567fff5b0e74fc,c06362c97cbe4696	3d50940000000000	40117e2c89ee6a9b
hav	4042db41f4b72104,4041d1a830f7a868,403d0ad3ad11727c,c05b74af16919764	3ff45d364a22b3c8	416671e56b04bfa6
hav	c03c6de1eac9c7ca,c0482e3b4d1b90ec,c051b762d9af5fb6,c05970b2cddccc57	3fd83712598f4e38	4155df4a91c0f45a
hav	c04de8455dc8707e,4052f6a3259317b8,c04de84e5ab85d36,4052f6a338e2d19c	3da933654d3675d8	403e8046752c48a8
hav	c0560cab6b61e0e9,c066800000000000,40247eae03cafe50,4065497c9bf43392	3ff25b610194edb8	4164e26ebdf0dabf
hav	c053982d76bf661d,40572d66fb9a9d78,c050b95544cab8c6,4063b3a5ce2b9d02	3fb0c7077a7253d8	4141b1fd614f076a
hav	bff0e67f46f1dac0,405912c1e7ab873c,bff0e6e81cd14056,405912c6b95a5636	3db0283d4dfc7b00	404144f4869749fd
hav	c046a12833c9e789,c0622ea5877f4ffe,4055b6a429500992,c063a2f4c021d5b1	3ffabdff85467b60	416c08535bd5d5c2
hav	4008a3bc29b58fe0,c03fa8c440bd1ff0,c044401451e0b02b,c066800000000000	3ffae631d6bb0a88	416c31c52a504afd
hav	4051a619eb2eb866,4064d59f948f4e9e,4051a61e0739f3ea,4064d5a30bd72b42	3dabb084ca471828	403ff8c2e39f8fc0
hav	c041c55ff00772ee,c060c891af288caa,c04a50826920a913,c05384f1e19f7781	3fd0d87a94c81578	41520b8ad7e9c87d
hav	402505e8b22c0488,405132235c4ea4d4,4047a18fe1a9bbd0,4042113ad9659ee0	3fd377c02554c6d0	4153791233bbbfa4
hav	c05238101fb13060,40572087163557ec,c0523811b27897aa,405720805eeda77f	3d8fdebe63705d20	403126757e77de7c
hav	4056800000000000,4059fb56d5a34c4c,40507e6689c33e66,40619326d75e932c	3fb62d847a147168	414461b26d330436
hav	c052c6204ce76602,c0314c33da0dc678,4021f721eed09a58,c058f43d996696b7	3ff1e286f8a10490	416485d3b296fa6c
hav	403ff81ab83e6738,402e7ca3037aa810,403ff80316bc3488,402e7c767199d602	3dc1dab9b35af5d0	4049ac5a329c5dab
hav	40539cf6745dead4,4034f7a4d3711898,c056800000000000,4053deb01c29537c	3fffad1804acead0	4171dd055e1fe4eb
hav	c046bffcd6a3db16,c040d96122b8ad24,403f548df4416cec,c03adc527406b548	3fe8d86fdef11410	4160590d7db0846e
hav	4048ebb06c45e198,406199861b3bb128,4048ebbaea12712d,40619987803f2870	3db32f7368fac3d0	4042d175ec0cc8be
hav	4055f143dbb85a14,404a8ab57629fcfc,c018ad27c4ebea10,4066800000000000	3ff21705ae700068	4164ae01e8eaac0b
hav	c040c5f5b6187720,40403bf26ff684e4,c047490bb12e9083,c043406ade310a90	3fda5c2766c344d0	4156e52fdd3dff0a
hav	40478cd4735c9238,c064653dc7cf7436,40478ce4981d61a3,c064653df837c4cc	3dc4580ee6bde6d0	404b679f4191af69
hav	4043114ae667c3b8,40330eb3fba2b1e8,c021fa8b4cb97d30,4040998b7e236a2c	3fd5f5f68a2231b8	4154c23b0e40c741
hav	c045da0fde2e2483,c066800000000000,c042714ca2dceff4,c0607ec1f937d611	3fc96e5b9d167878	414f2beb11bd1332
hav	4052d5f66bb83f1a,c060e166a8115148,4052d5f14f7c4c19,c060e16449edc276	3db1300c3f666e78	4041cfc288151885
hav	c03623283229d538,405f11e94f47e72c,4051a575472e6578,c0601e16e8426326	3ff71bcf5239dff8	4168aead1be200a6
hav	3fff548038a069c0,40451ff93796a418,c04a190c53563420,c0620e7298d208da	3ffa2aaecf7fd110	416b747be54a4616
hav	c024ce1cd4743918,c0500120afd4448d,c024ce469dec16f3,c050011be9739824	3dbec7f78e5fe9b8	4047d60bc40584b5
hav	4056800000000000,402e23c525c8c140,403e4a1ade1639d8,40606af33ca39228	3fdfb86b30ef8930	415953e737b04298
hav	403a57469103158c,c0521c6ce3e9b75c,405363f51bce377c,4043ecfab6f41b08	3fe47a53f11b4380	415d394ebd3b5d78
hav	40409e8e89087ece,c066800000000000,40409e9dde6a80d7,c0667ffebd44b722	3dc3b8dae195fe88	404afb8f964313d8
hav	c054559534dbd3c3,402a97864c93ed60,c0432792a31eddda,405ee77a7484339c	3fdb67cf48a31800	415761f541197c58
hav	c04387112502fc59,c02d0dd299fafda0,4032804bde3faa04,405d53cf8e63c6f0	3ffb0ed81dbc2278	416c5c36033f2684
hav	404551e1d7841c44,c0607ea1748059d3,404551f1fce1c2e0,c0607ea40f8f7b2a	3dc8e9e2d8ebeca0	404e53a99f95d742
hav	c0430e1a4742108a,c04d197edaf6221e,c052f43761a24202,40602c8f315b3562	3fe2f7d487483380	415bfb6465c1b558
hav	c031ffc94fcfb314,c0353c2174c416a8,bffc3a819d16db80,c0397af819a6c4f0	3fa5c0904774dbd0	413c704e0239ef9d
hav	c030d913cdfa4488,404d7673882a2d00,c030d933d0de77cb,404d7673f160b787	3dc3fd536b51df78	404b2a3dfd2f63a0
hav	405500f88ad6e918,40613871459e0f92,3ffa7f35949a0ac0,4041d89650a2dc08	3fefc71a0a810c10	416300e54ce0acae
hav	c03d2bdf804a08c0,c04ba9e21b2e3686,4051fb935e248bac,c063580bdb0ab998	3ff81faa8a7976d0	41698f2df2c4e247
hav	c042d0b61dbe0854,405d1a4138caa4bc,c042d0a992cdea9c,405d1a412d207e38	3db8897f31cbbc30	40454818e2921c56
hav	c0492055089a4c89,405f759a023c5784,c025863b05335030,405be5f9c8ec5d5c	3fcfb0bdaa3bd6c8	415179d3ebc34e89
hav	404a60e1c11b4b0c,4065c606b97ffe16,c04ec96d4f478986,404258dd7be74290	3ffe997f93bdf578	417086e352e7eccc
hav	3fe941de7f647e80,4061bb2b28b5fe06,3fe94158610338b3,4061bb2985a26cba	3d9d7bd3603301c0	4037540f8301ce27
hav	c051571f97938180,40574e90a549b774,c04db776838f3d12,4051743a8a95a53a	3f9e71e6b8572848	4137c3c4a2bf59e0
hav	404f9d51a09a46e4,405dc9380e43b1cc,c0555d09ac96e5e6,4021202c516bbc30	3ffe70de7c30f2e8	4170622456b45e91
hav	4033eca3659b5524,40608f2c7e1c0926,4033ecbc74ba5812,40608f2c99a0c40e	3db8829cbdc95510	4045451c5daec444
hav	c037328d2ece0bb8,c03ee8b79c1d14f8,c053a95fc2a5f982,402158c6df8e0f90	3fde5bbfdbc03328	4158b96e47c2c401
hav	404bdd6b42226968,406163a5e9fe4476,405400bda2801108,4066800000000000	3fbcbf647cde1548	414741ab654cf4de
hav	404d931c876819f4,4053f9bf7222ab7c,404d932054a566b8,4053f9c3a047bf34	3d947bcd175d51e0	403371c9aeff512e
hav	c0506390450e2d6a,c030f8fad92377a0,c032b2de81742384,c0634544ca5ea56f	3fefdcd2a8ddf8b0	41630924eee06457
hav	404308bfc4a3c614,c0665e7421ecdc9e,40139f08d7d4f750,c0539414568d685c	3ff1792408b7f068	416435574909cd93
hav	404319e3f3fa9a6c,c0590d743ebcf964,404319f0b7d9f98e,c0590d7105056ccd	3dbd6c0b4e39ee28	40474dd05d50b891
hav	c03164f7ca773b08,c03120670f04c9f8,40527f72a65f5338,4058d766d999be08	3ff679d9ace105a8	416826cdab30f700
hav	c02c6f7b1b131600,c02066eb49861140,402f1a745fe4fef0,c062ac74d4d9c9f2	3ffcb253fc679420	416e39e6d51f8e77
hav	403cb1e04fed1d44,405417eaf5519e68,403cb1e663fb8fa6,405417ef6497fd03	3da5c3130c27efe8	403c58020b088b7a
hav	c02f5da7ac97c2d0,404c1c97432627a0,405457efde54b400,c0104ddfbcbcc980	3ff321a0fe5375a8	41657b48113d1ad5
hav	c02eaaf11a20f430,4062bfba561c6d0c,4056800000000000,405da7629f06b698	3ff43b28cce9afa0	4166570c04e2673a
hav	c0553607f41a98ac,c066800000000000,c05536031642c155,c066800000000000	3dad8ce000000000	404083a6b8d7626b
hav	404e07d01a7f951c,40607361b89ee702,c03372bfc187cc10,405dce1532c16860	3fea8627d0280520	4160ff87df44f540
hav	c04ec5a4acde4f9e,40402109b30da324,404fe07e729eb4c0,4051d2fd83fc1ebc	3ff9ff7e3d290428	416b4a3d05e11a79
hav	40381aae546ae8d4,401352549ddaa7a0,40381aa16a2a755d,4013524f36430697	3d9a407869ed6930	4036033fbdbe5c25
hav	402e1592373755e0,40411ec03e5cd1f0,40537534abf7094e,40637ee912ccedda	3feb4ea1dbbc5958	41614ca44cc725ee
hav	c056800000000000,c05d7aaf054dca07,c01183cd4a1bc280,c0578652570b07c2	3fed8e8d68e6ed00	416228c33b699013
hav	4052352fa9d3d8f4,40221131b4dcf8c0,4052352ead6e0564,4022111accf5814d	3d70d573034c0508	4021a09279d49f1f
hav	c056800000000000,c053fdc7bb4f823a,40132551f2094a30,c04e0f6e537e9c32	3ff155c761bf8008	41641a614b5ca25c
hav	40446538a87510fc,4066800000000000,c052876a34ea6d37,404e884f03da15d8	3ffba86066148b78	416d01d7ed49e478
hav	c04e430c8bcedeb6,c05f7497a4b74ada,c04e430470cfe266,c05f7499cf308d8b	3da5e90fbd832b20	403c70b436db5c46
hav	c020db24b9791720,c0655927c0cb42ee,c05390b2cc8c5281,405070a5296e65dc	3feef54fe644c998	4162b1364d09af3f
hav	4056800000000000,40525b9bca28fdee,c0536dd4afc75a18,4021f61fe65132a0	3fffa2394b237f98	4171c9075d1d589e
hav	4014b5cea2660390,4066800000000000,4014b5a8f6ffad1e,4066800000000000	3d8baa0000000000	402ff4ff3b9ff20c
hav	405296946804ee0c,c03500aa9ff0fc88,c052f8cd0ada81a2,c06265ff63be297b	3fff90323e553180	4171aa3fa1c8ef44
hav	c055f5d0e474d129,c05d2eaadfc9c6f5,4051f1fd67268aee,404a2a8ff7e6cb74	3fff5f456ce016f0	417161527a9ec959
hav	c056800000000000,c05e0e69371de4a5,c0567ffe1d99f170,c05e0e6e8ba2c6a0	3d81b8c000000000	402993e1387f5664
hav	404ce9dcc1c2bd3c,4065fba3638193ae,c044f4a2e29bbf8f,4036c064ac250748	3ffeb384647bc288	41709f78d6786539
hav	c03254c83751f0e0,404588584b57de84,4042dab60c061756,405cb21e94aad918	3fee9e0205306990	41629008fb793321
hav	c03732652d89f718,c06518b6165d760f,c037325b45e338fa,c06518b21ff49afc	3dc276de89c64020	404a1babcbc9d8f8
hav	c01834498172c1f0,40425f07d6ec82a0,c021f2a1ecdd36e0,c0488dbf3ea43148	3fed32f4b86820c8	416205dcb1ec1621
hav	c04c8510e8aae220,40628e1b01116ea0,c012a9f5affbf590,404a63cbb13f3fe0	3fef871025262998	4162e89378b714be
hav	c0404d8cc39dfa33,c05fdeb17c33a169,c0404d854d5d160b,c05fdeabd0ec9f3e	3db6e975b69da6b8	40449096453b54d9
hav	c053e4a16aea9ff9,405ec34fa494732c,40477116e9e3ea50,c05b5949ce97e70e	3ffcb16409be12a0	416e38bb6e929446
hav	404915f9375f9558,c056e1b072b7c3fb,c04d07f7a08e9780,405f249cd3138190	3ffecec52f6d2d10	4170ba3b72691609
hav	402a49498059faa0,c0530d5b770e9c54,402a4933afa74444,c0530d5cdf18164a	3d973caaab22cba0	4034b5cc0591859b
hav	c0475bbb1e129002,c054caa794565558,c04984e8644d0af5,40655a4b60798800	3fe1b11941b03e10	415ae8e7b75029f1
hav	40523d398b6c37a4,c063557b07602f46,4054f39b387a0d38,c04dfc33516b8756	3faaab6bcf0030c0	413f83e43ba22132
hav	401b1813a3f85a70,c055be7e861affb0,401b183a5506de92,c055be83ec093d17	3db5931a1286a6d8	4043f4a2563b4f89
hav	40567d62ee451b88,c0566f26b2006688,4051580babf46b56,40533c2f39e9efb4	3fb078353b9a5390	414187c515e3c2d0
hav	4031e412866640c4,c05419b655231875,40512d0c368c2c06,406088e3d7a89222	3ff013319c5dd6f0	416325147776ba1b
hav	c0554ef9015da411,406186346124c26a,c0554ef6c6efb725,406186328ff39120	3d893c40ec3443f0	402e85a243b05959
hav	bff4e7ec15654a80,40465ff21906e538,4051d154169a3ce8,40503f8354f08ca0	3fe70d9922262db8	415f49fbb0a0324e
hav	c05218e1460c152c,4059afd335f3f8f8,c051daaee5b94f46,406585b2508c0766	3fb00c3ef820a9b8	41414d51176c99d3
hav	c03bfd1ab970e418,c03aced1eabaa8b0,c03bfd120bf62f62,c03aced7d13018d2	3d8ff4bc58413d38	40312c5f4bf9dcba
hav	c0509a75ed78c81c,4053f0e651bf1588,405565c0fd22c432,c04e957ba91495da	3fff0089f86549e8	4170ee42cf74bd13
hav	c044bd3ed263bfd9,c05e68e5c27751d0,c03425c45fe71968,c059d11b7a44262e	3fbab6f516062bc0	4146675799120336
hav	c040840eb9e93bf3,c066370cdf047774,c04083fffb4586f7,c06637107e7ecc61	3dcc76fa76849230	40503545e7a9e633
hav	c05128d0e8a29632,c001a8bbed83d500,4043ac52187ae468,4066800000000000	3ffdf36fe2775b70	416ff54f6801f542
hav	4036f4d21a1d30f4,c0642474190037e2,c040d11f292f4dca,c0339c9df2a99db8	3ffd0f5b6306aab0	416eb102ed741abe
hav	402f706e0765feb0,c06588fbeb95638b,402f703a063d3a7c,c06588fe0f860651	3dc27a531807c460	404a1e1d0d1eded6
hav	c04e38309908fcfe,c03c277a1844e100,c04b2486d1489bb8,c050953b3d514ba1	3fb13ebfc3dd2338	4141f1683b0edcd6
hav	4043ec1b4e325c68,c06653d4f2bea984,4055317eca3c831a,40473f19811f4930	3fda52fe966eca60	4156e0e2a0732bdc
hav	c04b2e7f62a91f8c,c0603185327a3259,c04b2e7e3a2e172f,c0603182bca00ec2	3d955953cd4d8b28	4033d9d82b5d8503
hav	c04229221441d595,4054b1f599586e18,c02605c2d49da9a0,40628861f860ae9a	3fe1e09047cf0b48	415b11247131ce5c
hav	402e0c034577f3c8,c042427bfb8a05f0,404de10a26974260,c05880bdea2cd30e	3fe1679a9031c308	415aaa57d6ac0684
hav	4042b9f24181233e,4055c13bdc2ad854,4042b9f5eae28b29,4055c13ad740de71	3d83fef0c77f4d78	402b2b56d637a08a
hav	c036109e68d44894,405a8e717d1568bc,404f503881974b84,c0424d3323c463e8	3ffac527d0f43a18	416c0fab19057578
hav	c05108af5432dcd0,c05598266fbd7068,c05222351b093b3c,c050447363757b6c	3f85ae3232780f98	412c50cd9c800358
hav	c043085201e7dda2,c066800000000000,c0430858b9312ec3,c0667ffbf3ad3567	3dc03101d7400c28	404872cc382d6ded
hav	4050215400dd17a0,40378b3fc0e89af0,c0488faf56172b02,406369202b87fb6e	3ffdeb8c445421e0	416fe91d8f9f7015
hav	403ec1569ab17e64,405287d6a9dc7442,40153aaaa4073cb0,c04c2fa2a7815578	3ff822393f321fe0	4169916f3d13060e
hav	c056800000000000,c05723ef3e9b140e,c056800000000000,c05723f2929e9651	36e0d0efbadf5aa0	3cd8ea65ffd03dfc
hav	c044f2e179888dc3,c05a794a484590fc,4032406ce66c409c,c05d68dce65d5490	3fe08bb10c9d0260	4159ed297d0124b9
hav	c056800000000000,c04fb292a3f9d3b6,4054cb1b4790174e,4034662758eaa208	3fffe2f65a535e48	41725d2ed96e4482
hav	404c772f74046bf0,40572f8726e8eb48,404c7724b796459f,40572f87e9fa49e6	3db215b2fcd3ff10	4042453d748cd9b9
hav	c0542f39f7a2e247,c056ef14e4330624,c0081a5a80dacc40,c0243aea5f4c4450	3fed97299dc23368	41622c0aad83628f
hav	40101d38d2215bf0,4065c01cf484d384,c04e7d74b92bb336,c03a49209974bb00	3ff83ec308656ae0	4169aaaa0fd8ee27
hav	c0343c03ce3b1ab0,4063e90863e5031c,c0343bf3ea5e19fa,4063e907aba7363d	3da5f7478ad44318	403c79ecff2fcdcb
hav	c0559876e73f4664,4066800000000000,40541f4fb68e4abe,4055a888193dc464	3fffc22813e1a9b0	417207df06baf187
hav	c0418773dd7f9873,c05aa918e6fa23ea,40517dbd40dada28,c05f5ac1ef9049fd	3ff462d4fba0b868	41667655600e9648
hav	c05467ce6489e87c,405a4414e3efafbc,c05467cef64bed11,405a441a19663ac1	3d61f8b852a66fa0	4019c1e1ce12fb18
hav	4038cd7a41c04000,c012e9958254e5c0,c040e4ed37c5be2e,40443016e5f01a3c	3fe66ce86f45ec10	415eca7ba6432daa
hav	c03eb29950d1ea3c,40661539fb526c8c,40479c16db1d9500,402a6dd98b811320	3ffef3c3f417fc00	4170e078e467bedc
hav	c050f349c5769f9c,c066800000000000,c050f349b1db9249,c0667fff1ea45dee	3d51e6caad3f9a00	40122d7c33c9348f
hav	404759709b7a82c0,404d9238a1643844,404884eb83effc0c,40667c59374fb980	3fe5c4c17dd00358	415e442d8ab3a0eb
hav	bff3f56c9dbdd100,405aa21e13084448,c03139c0e77991c8,c041eaccb08eb7a4	3ffbff29407b04c8	416d63ba7a519cdc
hav	404e7a8b35191f18,404ac6f814e7b8b8,404e7a928be06cc2,404ac6f6fef40e2c	3da0e31eb3dfbb20	4038f7dae139df49
hav	404b78f8302d47ec,4046bb50c9b154e0,4054a882788389a6,40463b2a32912434	3fbd512468fceee8	41477d7f9a171f98
hav	40446cd66be21c5c,c048879c679eb244,c056800000000000,4054b17c3f738948	3ffa7721a8c44c18	416bc0729aa4bb19
hav	404b436a884b9644,4039fa5d2269c240,404b4378c8928194,4039fa7019532cd7	3dc232eec41279f0	4049eb77898d49c5
hav	c0224f5c63cf0cd0,c0608b0faec79fb9,c0564eb207c41d84,c0243f9dd110f340	3feb22b3d2301538	41613bc546950a61
hav	403e247223e18c28,c066800000000000,40453ada250ea3e0,405955f83f25ea58	3fe1230a42ad2f70	415a6fafd050d8bd
hav	404dd5686be380a0,c065f0a7dd279e8d,404dd5781da71d47,c065f0a634064267	3dc415ee277dfa28	404b3af0b8d3365c
hav	400778297a09e900,404f2eaf0a4d7028,c042915ef01a471e,405c3ffcdf95e324	3fe0d461a9d1ce90	415a2c08dc324a32
hav	403a24b27885b758,c0430c52e0bdd514,404b0bb8ee4874a8,40227fd1c66bb840	3fd254200e9d7c58	4152dcf7b749e48c
hav	4050c46d70d9aba4,40632179eff07336,4050c46e1fc4a881,40632179d98f6d26	3d52d35ccfb12778	4012a4157c9da3d7
hav	401a84c3ecf39460,40600b5c9f6d6088,4047e58c095bf8f4,c04b5ccb673474fe	3ff94b173f06ef88	416a9e73c0e9684e
hav	4053271076f8dfac,c053669f56063ab8,4043c9aeebf3c1bc,c0644823b91213fe	3fd744eb15d65358	415568ff3d20b52a
hav	c04d00628fb31478,c05649adaae50c8e,c04d0057634b51f5,c05649b3895091dc	3db9812e71ee5480	4045b27860721868
hav	403df8263c437cd4,c056baba91fcf399,40502aaa96fe2a0a,c063cc9eaf7491a3	3fda044e2fa2d118	4156bbd6d8cfbee1
hav	c03b00a57037e648,c02896c525392850,405033b219d4a304,c0495be2eef02a00	3ff1d1cd7db8d528	41647909f8ecee3e
hav	403f6ab883d507ec,c043ed08323a35cc,403f6ac2f8bd8e0b,c043ed14f046381f	3db6b4c4bf6a8810	404478e30d9bdde6
hav	40531f840ad506f6,c05e93097d91857a,404fc431d1406c08,c03a3a97be317188	3fc1fe73551fc060	414a15d5715b7e4a
hav	c02c2aca1f194500,c062e3f25ae3080f,c0543323f8c57194,c063f09daf264ae8	3fe36757bdaab628	415c57d1c53d2d34
hav	c02b0bf5ea2c4a80,c034d6841f6a8fe0,c02b0bb5727859e7,c034d699f93e7f9b	3dcd0e376dd870c8	4050601c325e6eb5
hav	404ad4faafd1ee00,c044791644007c94,c03a80fc17a4dfa8,c060a3cc3cdd1e76	3ff612cabeb39b08	4167d1b6512c0ddd
hav	4054ef6418b899a8,c05ffa8e1b4cdcd5,40479c0c4ca0bc5c,40667b66dbd60172	3fcccec55e805d00	4150a0bb782f361c
hav	4039bd2c5425ebe8,40194aae1e66a7c0,4039bd1669c05b5d,40194aa29a3668f5	3db2fd4ceb05b9e0	4042b8cd5d827140
hav	c056800000000000,4060d585f732b804,c047d9ed133898a7,404a60b8a9613928	3fd0a964d60773f8	4151f10926ea24c6
hav	c0467ab96e36c5bd,c05c81f6217853bb,c0499d73b36075f5,404c5f3b6bd8fb58	3fec5de61e5f8718	4161b48a838bb986
hav	c056800000000000,405af69287b307a4,c056800000000000,405af68dca32ec0d	36f10e6b9a9bfbc0	3ce1be4d6ac69068
hav	40506c47a6b4435c,c060feda9189671a,40328789bbde6148,404e902a51fabb78	3ff155d0bcf00f58	41641a686cd5e491
hav	c0433e2f0ee15f34,c062dcafab942b31,c043e7d41a66d4b2,c0654f4befaa273f	3fa1f11ea9428898	4139cfd38d8d8d82
hav	c0469b93aedb24b0,403fd064cf8f4400,c0469b92adf838b4,403fd04e7c2d66b9	3da39a46455ff290	403ae69c1eb20acf
hav	c05156e1994727b1,c064d2fcc04ffe58,4039fd12a914e580,4061253c60eb1f76	3ff3be5b3aa39768	4165f52b199da3b6
hav	404a6134b8f2162c,c059d6a5d8a6a160,c023d123b4b9d6f8,4060399c9df69a60	3ff7e9594a733180	41695f822c4f3d0c
hav	c04734d39a56a1bc,4021db4512edb2e0,c04734c629d509dd,4021db37d5d76bd9	3dbcfb74fd0c8900	4047210eeaf22ec1
hav	c0156c7432e65bd0,c057847117269f2e,c046353afcbb3d32,c0481c319aad59d8	3fdc1dbaedad0648	4157b5c5f3d41d04
hav	40442953f93504c8,c041ee1318748d50,4027021c670bb298,405bf838eb831654	3ff80b11063a1440	41697d0cef8d37eb
hav	c0440ddf9476a02c,c056b19c3aad441d,c0440dd9b0f71c1d,c056b19d5b6f3256	3d977d8d8c579bf8	4034d2a23c508ac9
hav	404b428cf61614ac,40657f4225de3cc8,405393718cbd2da8,c0656a461c5cbfcd	3fb7031626db2858	4144c46b4f405014
hav	4020350beb3b1050,40640716fd5a5e56,c0355d175a53e320,403b252688b09d48	3ffae58ed0031bc8	416c311c0eae11ae
hav	c0538738959ad543,c061fd1dcf516c1e,c05387396adb42ea,c061fd1a11549c8d	3d7ea6269bee4e50	4027c8f04d59d3ea
hav	40566ef0a2c73284,c053ddbcdab15a1a,3fed5bc16df10c80,c05d7caa4999a194	3fef5f00922d7e38	4162d95c6bf01725
hav	c04fb6c1594c06cb,405d7a10b3787854,40522f1503778ac6,c0626735ed356857	3ffdd86f295b9c78	416fcbe9f95a10a6
hav	40191126a6d58e40,c040926a6da9f1c0,401911920d97599e,c0409269c85e7caa	3dbc2cad308c0250	4046cdf7179a25c8
hav	c04bfcb2bbb5ad95,c0495cafcfa74cf0,40433c30664d4c48,c066800000000000	3ffcafde81735df8	416e36d5b2235adf
hav	4038c2728a0ec650,c025552393d12410,4049d7b727c943a4,4060b401b955f32e	3ff20e7dd4696890	4164a7793539b33b
hav	40360edd7a509f64,c0654038c1d5cddb,40360eef4adfc410,c065403add5ec1bc	3db5e52cd4ce51d8	40441a73885e7ed2
hav	c05560ac745a6da3,4066800000000000,4029ef930ee9d500,c06008590ad67609	3ff2d2de1252bb88	41653e6621636e36
hav	4047af29eadb9504,4064b7e199586068,4054039377ac8444,4054d4cfdd4cf478	3fd0a23f9447bac8	4151ed009736fb3a
hav	403757bdae0975b0,404515cb6c067d04,403757d2b4d4ff34,404515c3b7e2476e	3db90a936af68a60	40457fca0cb78d6b
hav	4054cf2635e17270,401584a9c7b07600,c0232108747e0870,c049735cbffb919c	3ff19bca9c06f830	41644fc7d2864bd7
hav	c056800000000000,c023d7c40a4acec0,4056004eb8b60010,c0623ba2774a82fc	3ffffd844d0b90f0	4172e056a75efe01
hav	c055f1daa4eca85d,c0603365cb380144,c055f1d893da1bae,c0603366a610d9b1	3d8556dc27a44b50	402c1130da386dc4
hav	c042af0af6319a98,404e5d22125f556c,c03c8e570536da04,c05e38cc27851d00	3ff685d97bdd3c48	416830c6caf45f4e
hav	c0537e80546ebdca,c052735fd2f667ec,c04550f1b1a4135c,4061b1a5ebc56670	3fdd9a9cc7c9b548	415862d7837513b0
hav	c01550d86c837060,4066800000000000,c01550ca48d0d668,4066800000000000	3d5f2e0000000000	4017fd6cbdb7e133
hav	4050ebc94014f740,404e9e87c9f318b4,400ae97b9f2b3ec0,403972e4f809e8b8	3fe46c6d745f2250	415d2dfccd068dfc
hav	c03f96864a563e26,40177162b08bfe80,c03ae64b1b8880e6,c04d82715f449bae	3fdc31809d13f7c8	4157bed625049a8f
hav	40509357ab5e8642,c065d9f78f42cb89,4050935387698a2f,c065d9f3d6c4fc9b	3db0467b950baaa0	4041551698ad4131
hav	404e6fe2f17f96d8,c050934a9a351332,4056800000000000,404ce81a51bd2014	3fc02f6f525b35e0	4148b57fa62c191a
cos	3df3846cee24ad34	3ff0000000000000
sin	3df3846cee24ad34	3df3846d469898cc
cos	3d60692a3879fbcc	3ff0000000000000
sin	3d60692a3879fbcc	3d606a8d31319880
cos	401dd0faf77d19ec	3fd8eab5c4b0bb13
sin	401dd0faf77d19ec	3fed79a728551c5c
cos	3e0e7bccd7210c84	3ff0000000000000
sin	3e0e7bccd7210c84	3e0e7bcd234c4c66
cos	40220b3f8c728e24	bfed70577874aa12
sin	40220b3f8c728e24	3fd916973cd3998b
cos	c01171ca2edf4822	bfd6058524a89a8d
sin	c01171ca2edf4822	3fee0bc748da69e6
cos	4021ce977a49006c	bfebbff6f908df03
sin	4021ce977a49006c	3fdfdf0e5aeeb072
cos	4018b2a6e72bea06	3fefcfa1e1b61c13
sin	4018b2a6e72bea06	bfbbc71404bcca8e
cos	4008f95455b5b87b	bfeffe62dc5a1e19
sin	4008f95455b5b87b	3f945327cd81e342
cos	4012d97c7f3321b5	bd1d34f272994000
sin	4012d97c7f3321b5	bff0000000000000
cos	c025fdbbe9bba77e	3d118474f49a8000
sin	c025fdbbe9bba77e	3ff0000000000000
cos	c0022a09a519b730	bfe49bbd185dffa0
sin	c0022a09a519b730	bfe87b0333250796
cos	4018fa9b30c3c993	3feff9f1c1fba2fe
sin	4018fa9b30c3c993	bfa3aed3cf583ec7
cos	bff6e98e6badbd04	3fc1b4d23de5964a
sin	bff6e98e6badbd04	bfefb13e2c1d768a
cos	3dfed6f88f7acfda	3ff0000000000000
sin	3dfed6f88f7acfda	3dfed6f9469898cc
cos	3e1066fe71063d7b	3ff0000000000000
sin	3e1066fe71063d7b	3e1066fe91a62633
cos	c0181a065c555838	3feef157afeb6bb6
sin	c0181a065c555838	3fd050b21371dd0d
cos	be10f381dd263f5e	3ff0000000000000
sin	be10f381dd263f5e	be10f381ae59d9cd
cos	4012ce0ff4216150	bf86d8f713fb5c07
sin	4012ce0ff4216150	bfefff7d7e5f8c84
cos	c0118ff822c33d9a	bfd43dc02d047873
sin	c0118ff822c33d9a	3fee5b80466f2184
cos	c012eb12c9cfbfe8	3f919611f2c3eec8
sin	c012eb12c9cfbfe8	3feffecab3cdf41c
cos	c022e53d6ea65902	bfeffdd76e4694cf
sin	c022e53d6ea65902	3f978157976207d5
cos	c010fbd0c0cda8e8	bfdcc88ef369b570
sin	c010fbd0c0cda8e8	3fec94c21a5955fc
cos	c0163df2b5ac28f2	3fe8003e94f112b6
sin	c0163df2b5ac28f2	3fe52a38b2f5295a
cos	401e4393eaa1e352	3fd22d70544710f4
sin	401e4393eaa1e352	3feeaea1be482d98
cos	c023b1793369c1bd	bfed31d52581b924
sin	c023b1793369c1bd	3fda3468e2d8aaea
cos	401a0ba7b6541ee1	3fef2ba14b49d8ab
sin	401a0ba7b6541ee1	3fccf4d1c1f4f576
cos	c0158f454335a0fe	3fe40f4864278e0c
sin	c0158f454335a0fe	3fe8ee9ca61a30ab
cos	c022c5b96d3815c4	bfeff9e60c669bc3
sin	c022c5b96d3815c4	bfa3c1d06e39307d
cos	401921fb54442c00	3ff0000000000000
sin	401921fb54442c00	bd51834f27299400
cos	4015a9239aac24be	3fe4aeddb8ad5c93
sin	4015a9239aac24be	bfe86adc49bbd0c8
cos	be0f0b2e2ee8bb1a	3ff0000000000000
sin	be0f0b2e2ee8bb1a	be0f0b2ddcb3b39a
cos	3fa334999e6e0bc0	3feffa3cc5d7dbe2
sin	3fa334999e6e0bc0	3fa3337279bd69bd
cos	bfd01537ed28b3e8	3feefeb2faa92255
sin	bfd01537ed28b3e8	bfcfd40b35dccbb1
cos	bdf75ff986762600	3ff0000000000000
sin	bdf75ff986762600	bdf75ff9b9676734
cos	400f435faca73f50	bfe70e2850bfcf59
sin	400f435faca73f50	bfe630f7e3d68ead
cos	402345051b269a68	bfef4bfbd9b86b70
sin	402345051b269a68	bfcaafaac8e90a7d
cos	c03f6a7a295538ab	3ff0000000000000
sin	c03f6a7a295538ab	bd5308d5eddd0000
cos	4017caa6ad6a6f98	3fee37d82cefef50
sin	4017caa6ad6a6f98	bfd50ef23143ca6d
cos	c0136d3c49a0358a	3fc2679603760fdc
sin	c0136d3c49a0358a	3fefaae0065e1d8a
cos	4017b2185d5b2dee	3fedf4fcecc233e2
sin	4017b2185d5b2dee	bfd68060a40f4eb3
cos	3e02c27f1247b7fd	3ff0000000000000
sin	3e02c27f1247b7fd	3e02c27f234c4c66
cos	bdebcb09ad3681d9	3ff0000000000000
sin	bdebcb09ad3681d9	bdebcb0972cece68
cos	4016c5e4e11f560e	3fea97634a250719
sin	4016c5e4e11f560e	bfe1cd3a94f4f344
cos	3e0f52e045af7fbe	3ff0000000000000
sin	3e0f52e045af7fbe	3e0f52e0a34c4c66
cos	c01b70be9b1cc24c	3fead21c78116f67
sin	c01b70be9b1cc24c	bfe1744384c515e6
cos	c00800aa722e14dd	bfefae64d90f157b
sin	c00800aa722e14dd	bfc205ac8589e9a2
cos	c010cecf83f23958	bfdf44612627b7b4
sin	c010cecf83f23958	3febebd21ba66ba8
cos	3e0ddaec14c91546	3ff0000000000000
sin	3e0ddaec14c91546	3e0ddaec234c4c66
cos	bfe3763e2c96bf24	3fea43116fa67d22
sin	bfe3763e2c96bf24	bfe248ba7e44c01e
cos	c032d97c7f33220b	3ff0000000000000
sin	c032d97c7f33220b	bd4c235201ed0000
cos	c01114a68076722c	bfdb63856c5dc087
sin	c01114a68076722c	3fecebf3bcb10d84
cos	3e0a9fc46df80d79	3ff0000000000000
sin	3e0a9fc46df80d79	3e0a9fc4a34c4c66
cos	3dd7a6b5974c3b29	3ff0000000000000
sin	3dd7a6b5974c3b29	3dd7a6b51a626331
cos	c01921fb54442df7	3ff0000000000000
sin	c01921fb54442df7	bd4bd4f828201800
cos	c01921fb54442bca	3ff0000000000000
sin	c01921fb54442bca	3d54e583ebeff400
cos	bff0e52a37c961e6	3fdf838584467c46
sin	bff0e52a37c961e6	bfebda0d3fbc69e4
cos	4020c1f753c18343	bfe008eef79e326c
sin	4020c1f753c18343	3febb1509aed5a4f
cos	c00e3d66f589eb50	bfe9b2a451a7f2f3
sin	c00e3d66f589eb50	3fe311a1e69bfdd8
cos	3dfef0245642b138	3ff0000000000000
sin	3dfef0245642b138	3dfef024469898cc
cos	400e3a4308f187b5	bfe9ba1e946c377f
sin	400e3a4308f187b5	bfe3078a0b9750ee
cos	402921fb54442c23	3ff0000000000000
sin	402921fb54442c23	bd5ea7b8b0b65800
cos	4006d03f343663b6	bfeeaa25432c0317
sin	4006d03f343663b6	3fd24b9f3b041278
cos	3e05aba6162672e4	3ff0000000000000
sin	3e05aba6162672e4	3e05aba6234c4c66
cos	c0110d294cf62e26	bfdbcfa184f38675
sin	c0110d294cf62e26	3fecd21d62cd8517
cos	c023ceb30662f5a1	bfec664cbc5a62db
sin	c023ceb30662f5a1	3fdd7e427ebb9d3b
cos	c02921fb54442cff	3ff0000000000000
sin	c02921fb54442cff	3d294f6babe5c000
cos	c032d97c7f33215b	3ff0000000000000
sin	c032d97c7f33215b	3d5dee56ff098000
cos	40138768b2fed3ea	3fc5a2ce158a4d06
sin	40138768b2fed3ea	bfef8a1f8e0bc5fd
cos	c022b40178409b1a	bfefea0f55c13a00
sin	c022b40178409b1a	bfb2b93ad7564857
cos	c032d97c7f332182	3ff0000000000000
sin	c032d97c7f332182	3d53ee56ff098000
cos	403c463abeccb347	bff0000000000000
sin	403c463abeccb347	bd61869fbbb4e000
cos	401db18944c56166	3fdab70a90e775ad
sin	401db18944c56166	3fed142cd20304a1
cos	c01661609ef180f6	3fe8b7fea393449a
sin	c01661609ef180f6	3fe4526fc97bd8fe
cos	40149cde22c9ac94	3fdb4e7b08186a77
sin	40149cde22c9ac94	bfecf0ec9ee06f46
cos	be0e22956c5c0d3f	3ff0000000000000
sin	be0e22956c5c0d3f	be0e22955cb3b39a
cos	c0118aa209f15774	bfd48eada9d0d5ca
sin	c0118aa209f15774	3fee4de4d7ff19ec
cos	401a22aade3a406c	3feefff8bc3cc74e
sin	401a22aade3a406c	3fcfc030fc176de1
cos	403dd85a7410f573	bd39d3d535728000
sin	403dd85a7410f573	bff0000000000000
cos	403c463abeccb345	bff0000000000000
sin	403c463abeccb345	bd61469fbbb4e000
cos	4020a6ba13bde8d8	bfdd1447a912431f
sin	4020a6ba13bde8d8	3fec819219520e23
cos	be069551642ba5b4	3ff0000000000000
sin	be069551642ba5b4	be0695515cb3b39a
cos	bfdae69281363cc8	3fed36f1f9b979ed
sin	bfdae69281363cc8	bfda1d9449197430
cos	c0191910009821bd	3fefffb072937c49
sin	c0191910009821bd	3f81d6988fd31dc0
cos	401f6a7a29553706	3d558583ebeff400
sin	401f6a7a29553706	3ff0000000000000
cos	4007a105ffffc85b	bfef6fb4ba2fc567
sin	4007a105ffffc85b	3fc7eb207c221a2b
cos	be10d60596c5678c	3ff0000000000000
sin	be10d60596c5678c	be10d6056e59d9cd
cos	3ff0effa7bed7a44	3fdf5dd8b182e6da
sin	3ff0effa7bed7a44	3febe4ad16417223
cos	c03f6a7a29553874	3ff0000000000000
sin	c03f6a7a29553874	bd362357b7740000
cos	400c274da63985eb	bfedbee569ba8349
sin	400c274da63985eb	bfd7989a54984b7a
cos	bfb72570b8446c80	3fefde89dad81b87
sin	bfb72570b8446c80	bfb71d5ecd16a39b
cos	400617af619aa941	bfedb7895f39d0cb
sin	400617af619aa941	3fd7bd94fde1ddda
cos	bfc8037ab8e9fe50	3fef70425a7f78ee
sin	bfc8037ab8e9fe50	bfc7df7b49ddb171
cos	c032d97c7f332149	3ff0000000000000
sin	c032d97c7f332149	3d61372b7f84c000
cos	400921fb54442f9c	bff0000000000000
sin	400921fb54442f9c	bd541ee59d9ccf00
cos	bff4a678919f2814	3fd1b23c5aca2634
sin	bff4a678919f2814	bfeec09e0f047de2
cos	c01aced88d933404	3fed3bfc4a764581
sin	c01aced88d933404	bfda06fad27ce553
cos	400921fb54442fb5	bff0000000000000
sin	400921fb54442fb5	bd54e6e59d9ccf00
cos	3fe16cbdb132d038	3feb5f3929b10c80
sin	3fe16cbdb132d038	3fe0938bde68d58f
cos	c02c463abeccb319	bd476c2515069000
sin	c02c463abeccb319	bff0000000000000
cos	c01320233f1bd295	3fb1a619cc7e01f0
sin	c01320233f1bd295	3fefec825d46b828
cos	c01f766ae21e9ae6	bf87e14e1ba700d6
sin	c01f766ae21e9ae6	bfefff716e2d9081
cos	3fd3e438fd96e000	3fee7780db1e0258
sin	3fd3e438fd96e000	3fd392a22200cfb3
cos	4001a3137ace03ff	bfe2f39850db6a68
sin	4001a3137ace03ff	3fe9c8d3306247c2
cos	bd4db8d306802a84	3ff0000000000000
sin	bd4db8d306802a84	bd4db5cb3b399e00
cos	40223df9f736f21d	bfee89081209bf4c
sin	40223df9f736f21d	3fd32427edac190a
cos	40220a9e1a4209e9	bfed6c61685f3cc9
sin	40220a9e1a4209e9	3fd92926c5d6ba08
cos	40205a866bc2ba92	bfd44dc691ce296f
sin	40205a866bc2ba92	3fee58d344bf8e26
cos	c01287d6f09156a4	bfb463dabbbccee6
sin	c01287d6f09156a4	3fefe5f958936d24
cos	402068b6630bab42	bfd5fa44d36c3b2b
sin	402068b6630bab42	3fee0dd674255adc
cos	c01296e0629b7d84	bfb0a405adad2814
sin	c01296e0629b7d84	3fefeeacb282a35a
cos	c016821e54b33032	3fe95b12b5ee9dda
sin	c016821e54b33032	3fe3857b979e28cc
cos	3e1024b88f5ccf31	3ff0000000000000
sin	3e1024b88f5ccf31	3e1024b891a62633
cos	c03921fb54442cda	3ff0000000000000
sin	c03921fb54442cda	3d4ee581112c8000
cos	3ff49c0f049958b8	3fd1da3f1c762c67
sin	3ff49c0f049958b8	3feebad57ab65176
cos	c00fe2c4eb01b569	bfe542967ef4c739
sin	c00fe2c4eb01b569	3fe7eaabcc4935e7
cos	c010cabad096b41c	bfdf7d4978ffee6a
sin	c010cabad096b41c	3febdbd07e08540d
cos	be050d4a6de4b7a3	3ff0000000000000
sin	be050d4a6de4b7a3	be050d4a5cb3b39a
cos	40181c0455004e06	3feef563e2ce90ed
sin	40181c0455004e06	bfd031de19daf8e0
cos	c01fb16a820f55bf	bfb1b874c03de2a5
sin	c01fb16a820f55bf	bfefec59b0f7cbc8
cos	4000c4aca06ac684	bfe00b9c33f39b43
sin	4000c4aca06ac684	3febafc3a8e0752c
cos	be10a91d52c07145	3ff0000000000000
sin	be10a91d52c07145	be10a91d2e59d9cd
cos	4023d87d1fb85416	bfec1ccb7295f18e
sin	4023d87d1fb85416	bfde92e118345fb8
cos	3de94d9b88899504	3ff0000000000000
sin	3de94d9b88899504	3de94d9c8d313198
cos	c03921fb54442cc1	3ff0000000000000
sin	c03921fb54442cc1	3d55f2c088964000
cos	c01bfe2335b3c050	3fe829bef65ab376
sin	c01bfe2335b3c050	bfe4facadb37df39
cos	bfe8718a4614f1cc	3fe71c075490ca16
sin	bfe8718a4614f1cc	bfe62285940d1528
cos	3ff921fb54442df5	bd2b972cece67800
sin	3ff921fb54442df5	3ff0000000000000
cos	c012d97c7f33206d	bd56534f27299400
sin	c012d97c7f33206d	3ff0000000000000
cos	c0096149c624545c	bfeffc162766c4a5
sin	c0096149c624545c	3f9fa5ee98fda0ee
cos	3e08dae35fcb4b5f	3ff0000000000000
sin	3e08dae35fcb4b5f	3e08dae3a34c4c66
cos	4006a6e7c05208cc	bfee7946ddc68924
sin	4006a6e7c05208cc	3fd38793db3755c8
cos	c02266f6d8cd7d88	bfef33ed240c9949
sin	c02266f6d8cd7d88	bfcc6472f1668691
cos	3ff09e397a5a83a6	3fe03ca3587add97
sin	3ff09e397a5a83a6	3feb931f9acd157c
cos	401749689aa56a30	3feca7023cd00268
sin	401749689aa56a30	bfdc7f9e3a3b5029
cos	3e0998886508c57f	3ff0000000000000
sin	3e0998886508c57f	3e099888a34c4c66
cos	401e72422f17548a	3fceb970748b581d
sin	401e72422f17548a	3fef108097ac8e01
cos	c01f3fe097f806dc	3fa54b36120f6e82
sin	c01f3fe097f806dc	bfeff8e9832e092b
cos	bdfbdac7a398b92c	3ff0000000000000
sin	bdfbdac7a398b92c	bdfbdac7b9676734
cos	4019e061105d1cf2	3fef72cd25f7cf3f
sin	4019e061105d1cf2	3fc7a9abe34772ad
cos	3df27953903c0c87	3ff0000000000000
sin	3df27953903c0c87	3df27954469898cc
cos	c023a2367c7c20bd	bfed9279231f464a
sin	c023a2367c7c20bd	3fd873f7cacb1c41
cos	bdff2594221f3b1a	3ff0000000000000
sin	bdff2594221f3b1a	bdff2593b9676734
cos	3ffdce6a4d241cc6	bfd26df833ad05a9
sin	3ffdce6a4d241cc6	3feea5007cb769a2
cos	bfbd846420871ec0	3fefc99b3d75cfae
sin	bfbd846420871ec0	bfbd73a8c73535cd
cos	4012d97c7f3321c8	bd0469e4e5328000
sin	4012d97c7f3321c8	bff0000000000000
cos	4008e587234e4b45	bfeffc6e660fd09f
sin	4008e587234e4b45	3f9e38f8cfd1a466
cos	c023355f5a2620a2	bfef7c6e4937986b
sin	c023355f5a2620a2	3fc6d9327baddee1
cos	3e0149f14625fcf7	3ff0000000000000
sin	3e0149f14625fcf7	3e0149f1a34c4c66
cos	bff7988135cb67de	3fb88df437826ef9
sin	bff7988135cb67de	bfefda3aedae93cb
cos	be0436e8cc08d8c0	3ff0000000000000
sin	be0436e8cc08d8c0	be0436e8dcb3b39a
cos	4023cb7b0d28fd63	bfec7de352f38a77
sin	4023cb7b0d28fd63	bfdd22b3ee4dface
cos	3ff330fea7b57e00	3fd7391711fc67de
sin	3ff330fea7b57e00	3fedd1aa372b9b2b
cos	bfcfdf2073fb3230	3fef035c1c3e18a7
sin	bfcfdf2073fb3230	bfcf8b13dc61ac28
cos	bfe8a43381c779d4	3fe6f8df6cf6194c
sin	bfe8a43381c779d4	bfe646ffca1fddb1
cos	be10bc22c45a5f21	3ff0000000000000
sin	be10bc22c45a5f21	be10bc22ae59d9cd
cos	401714dee1dad9e6	3febe248309d829c
sin	401714dee1dad9e6	bfdf665b4a1bbdd6
cos	c013e1bcbf1d5074	3fd0553ebc280769
sin	c013e1bcbf1d5074	3feef0be13314ded
cos	bde5279b0d457f19	3ff0000000000000
sin	bde5279b0d457f19	bde5279b72cece68
cos	400921fb544430e9	bff0000000000000
sin	400921fb544430e9	bd5e86e59d9ccf00
cos	3dd963c18f7ca39e	3ff0000000000000
sin	3dd963c18f7ca39e	3dd963c11a626331
cos	401dbbbf6743b6f6	3fda223c2e912123
sin	401dbbbf6743b6f6	3fed35e77fc9e8cd
cos	c021c43fc0fd840b	bfeb6c1cc22acece
sin	c021c43fc0fd840b	bfe07e30972eefb4
cos	be0893bcc9e6ee41	3ff0000000000000
sin	be0893bcc9e6ee41	be0893bcdcb3b39a
cos	c0139b2d0ca9f1ca	3fc8112d22c12910
sin	c0139b2d0ca9f1ca	3fef6de408fa0a02
cos	400a0eaa195f44d4	bfefc95ae7d5dcdd
sin	400a0eaa195f44d4	bfbd84ff8cf3dfe8
cos	40142b2b5ffd1d22	3fd4b98904438148
sin	40142b2b5ffd1d22	bfee4697be948f1f
cos	c011e350bdecae50	bfce79cfbfcb2b9d
sin	c011e350bdecae50	3fef146b2bf0b73c
cos	be111fe51ea02014	3ff0000000000000
sin	be111fe51ea02014	be111fe4ee59d9cd
cos	c023b323974686b4	bfed26e1ab33b8c6
sin	c023b323974686b4	3fda65001713299d
cos	401fb3199235fa54	bfb223f5084f03be
sin	401fb3199235fa54	3fefeb68278f168d
cos	c02921fb54442c5f	3ff0000000000000
sin	c02921fb54442c5f	3d5729ed757cb800
cos	3e0ca5ecf85978ec	3ff0000000000000
sin	3e0ca5ecf85978ec	3e0ca5ed234c4c66
cos	40151981e69fcfb8	3fe110f556d58751
sin	40151981e69fcfb8	bfeb11b933044f07
cos	bff8cbfbc388e50c	3f957f7caaa406c0
sin	bff8cbfbc388e50c	bfeffe31c904e91a
cos	c01a9d9edce20c56	3fedd36da8e603c2
sin	c01a9d9edce20c56	bfd730065d31636d
cos	bff6cff8d8c5dce6	3fc27f701f786c05
sin	bff6cff8d8c5dce6	bfefaa01a73a100d
cos	40220d943c7e2701	bfed7ee1ed879e15
sin	40220d943c7e2701	3fd8d1e878ab6221
cos	4014ee5d12e8beae	3fdfd26644323931
sin	4014ee5d12e8beae	bfebc3985775f047
cos	401cadf58dcafcba	3fe43924a13a058e
sin	401cadf58dcafcba	3fe8ccb47219e892
cos	bff17903022a3a02	3fdd7ba76a190071
sin	bff17903022a3a02	bfec66f9e3ccab9d
cos	bdc6e7b9b40b3481	3ff0000000000000
sin	bdc6e7b9b40b3481	bdc6e7b5cb3b399e
cos	c01176e7c24b3aa0	bfd5b89973b43ac4
sin	c01176e7c24b3aa0	3fee19c38ff34bfb
cos	400759d47879ddbd	bfef35a4143b8123
sin	400759d47879ddbd	3fcc463bd7deb496
cos	3fef8e66d36b6f10	3fe1a9514cba7ef5
sin	3fef8e66d36b6f10	3feaaf4ac534710b
cos	c00fdcaeabe1f333	bfe554c2d8b88e1f
sin	c00fdcaeabe1f333	3fe7da77d1dce657
cos	c020a78080f09a5b	bfdd2a5dd94731d6
sin	c020a78080f09a5b	bfec7bed6fb8fc07
cos	c01d7ce043eeb403	3fddab4f5a52cfa4
sin	c01d7ce043eeb403	bfec5a8f22fad1d9
cos	40113aa5b5286c68	bfd9395a855d0bba
sin	40113aa5b5286c68	bfed68e95fb3379e
cos	c01bdd5ca10d67a3	3fe8d2743c73542f
sin	c01bdd5ca10d67a3	bfe43215bb491573
cos	c02c463abeccb242	3d4e53daeaf97000
sin	c02c463abeccb242	bff0000000000000
cos	4021b310b55e8ca3	bfeada7aed728549
sin	4021b310b55e8ca3	3fe167609185de42
cos	c0186fa08aee0e28	3fef840df62bfbad
sin	c0186fa08aee0e28	3fc62e88f5521de1
cos	be08f0365e740edb	3ff0000000000000
sin	be08f0365e740edb	be08f0365cb3b39a
cos	40138eaed0f3acd2	3fc6881423798948
sin	40138eaed0f3acd2	bfef801562a35d91
cos	c01921fb54442b79	3ff0000000000000
sin	c01921fb54442b79	3d59f583ebeff400
cos	40211fc2ea64dc91	bfe4cfb654613904
sin	40211fc2ea64dc91	3fe84ee38fed5870
cos	c020f131f20f06a0	bfe284807cd0042b
sin	c020f131f20f06a0	bfea190e44731c96
cos	c013575224de295d	3fbf6128838756e2
sin	c013575224de295d	3fefc23994626329
cos	c01921fb54442c72	3ff0000000000000
sin	c01921fb54442c72	3d44cb07d7dfe800
cos	be09c9b7a6fca036	3ff0000000000000
sin	be09c9b7a6fca036	be09c9b75cb3b39a
cos	40214f7d57e4b65e	bfe6fbd562243e39
sin	40214f7d57e4b65e	3fe643f1c90adcc8
cos	c01f6a7a29553a62	bd601d3e0a080600
sin	c01f6a7a29553a62	bff0000000000000
cos	c018fb7f9c637c24	3feffa37363db8b7
sin	c018fb7f9c637c24	3fa33cb320003025
cos	3ffb385de2abbeca	bfc0a6f660b31b13
sin	3ffb385de2abbeca	3fefba61583ab619
cos	4000b17933f95e98	bfdf91f5a8b4255e
sin	4000b17933f95e98	3febd5f67bee988d
cos	3df15ad46739273a	3ff0000000000000
sin	3df15ad46739273a	3df15ad4469898cc
cos	3fe43130a5f68cac	3fe9d6826351928c
sin	3fe43130a5f68cac	3fe2e0ebe8454a65
cos	3ffe7a88b6d41d86	bfd4fcec5ff72a5a
sin	3ffe7a88b6d41d86	3fee3afa7cbfb1d1
cos	be0c8f5de04ee448	3ff0000000000000
sin	be0c8f5de04ee448	be0c8f5ddcb3b39a
cos	be100e56cddaa500	3ff0000000000000
sin	be100e56cddaa500	be100e56ae59d9cd
cos	c003bc92d3dfb0a2	bfe8fe079806c59d
sin	c003bc92d3dfb0a2	bfe3fc0f9f6be0ed
cos	c0110833bd93f9b3	bfdc1702ead9d3bd
sin	c0110833bd93f9b3	3fecc0c9c6cefc7e
cos	be0b610bcc53ddd5	3ff0000000000000
sin	be0b610bcc53ddd5	be0b610bdcb3b39a
cos	3fefbfe7dd28540c	3fe17ff435b611ea
sin	3fefbfe7dd28540c	3feaca7d48628fe7
cos	c023e67cdb0f698a	bfebaf1e391f79a7
sin	c023e67cdb0f698a	3fe00cb99d82c4a0
cos	be0cd565f5275038	3ff0000000000000
sin	be0cd565f5275038	be0cd565dcb3b39a
cos	40346b9c3477642d	3d5dae56ff098000
sin	40346b9c3477642d	3ff0000000000000
cos	bfff98a888896f6e	bfd928257f69dec9
sin	bfff98a888896f6e	bfed6c98674734ba
cos	4020e03b0c9e66df	bfe1a49295e80b20
sin	4020e03b0c9e66df	3feab26e20961947
cos	3ff9e3bf24191bc2	bfa8362a03c65cc4
sin	3ff9e3bf24191bc2	3feff6d5e2b234e2
cos	403c463abeccb33b	bff0000000000000
sin	403c463abeccb33b	bd60069fbbb4e000
cos	c00921fb54442e96	bff0000000000000
sin	c00921fb54442e96	3d47d961b1acd800
cos	c031475cc9eedeea	bd36b088e90c6000
sin	c031475cc9eedeea	3ff0000000000000
cos	4022d97c7f3320da	bff0000000000000
sin	4022d97c7f3320da	3d5f0583ebeff400
cos	401d7a3235af0641	3fddd146ce9e839a
sin	401d7a3235af0641	3fec50986ffb895d
cos	c0223889dd4b8ab3	bfee6e91b1aab1ec
sin	c0223889dd4b8ab3	bfd3c9ec93f68e74
cos	c01c7c0eb321df20	3fe56842c48c8c6f
sin	c01c7c0eb321df20	bfe7c8f95dca745a
cos	c0378fdb9effeacd	3d60c7ba1e181000
sin	c0378fdb9effeacd	3ff0000000000000
cos	40034e40feaff6f4	bfe7e14bb6be1216
sin	40034e40feaff6f4	3fe54d1dcf7993d9
cos	4013327c0e7b21d6	3fb638b8c36084c8
sin	4013327c0e7b21d6	bfefe1144a72b99e
cos	bd489b0fc84a6f30	3ff0000000000000
sin	bd489b0fc84a6f30	bd4895cb3b399e00
cos	c01b3f5bd5464040	3feba18a80300463
sin	c01b3f5bd5464040	bfe0240e2bc4e04a
cos	401f6a7a29553770	3d4dcb07d7dfe800
sin	401f6a7a29553770	3ff0000000000000
cos	3dc9d5e167530e8a	3ff0000000000000
sin	3dc9d5e167530e8a	3dc9d5e234c4c662
cos	400dc862df39084b	bfeabeacd3cc2997
sin	400dc862df39084b	bfe191fd275e56a2
cos	400d64180e167167	bfeb92a638ca584e
sin	400d64180e167167	bfe03d7175e13234
cos	3e0c9167fa38c2c4	3ff0000000000000
sin	3e0c9167fa38c2c4	3e0c9168234c4c66
cos	403ab41b09886fbc	3d46e581112c8000
sin	403ab41b09886fbc	3ff0000000000000
cos	c01034841caa75f0	bfe3a5cb172bbc95
sin	c01034841caa75f0	3fe942118fbe7713
cos	401a7350592ccf70	3fee47806a6fd733
sin	401a7350592ccf70	3fd4b438a9f1eab8
cos	c02092ffa4eb5c5d	bfdadc846a15f571
sin	c02092ffa4eb5c5d	bfed0b8a02332776
cos	c016c666411a6364	3fea99a2d99765c9
sin	c016c666411a6364	3fe1c9de60456a65
cos	3fd6ed6b5aa52048	3fedf7ee69bc019e
sin	3fd6ed6b5aa52048	3fd670add0ebc57c
cos	40204fdb200cc008	bfd308e51eb488c6
sin	40204fdb200cc008	3fee8d4a68a91e7e
cos	3df21ac667d19353	3ff0000000000000
sin	3df21ac667d19353	3df21ac6469898cc
cos	40233777d68f78ef	bfef7660c5dd1994
sin	40233777d68f78ef	bfc75d1d80cae904
cos	4010db8e4e648fc2	bfde91d5211d3063
sin	4010db8e4e648fc2	bfec1d144c37a80e
cos	c032d97c7f3321c8	3ff0000000000000
sin	c032d97c7f3321c8	3d2372b7f84c0000
cos	40104b0a3f278987	bfe3165c2bd70eeb
sin	40104b0a3f278987	bfe9af21927457ba
cos	40378fdb9effea81	3d4d1ee878604000
sin	40378fdb9effea81	bff0000000000000
cos	400409d88c0966e5	bfe9ba7667b65922
sin	400409d88c0966e5	3fe307134ce00756
cos	3fffea1a59e299a6	bfda5268b02243a3
sin	3fffea1a59e299a6	3fed2b15311686bb
cos	401fd1712111e164	bfb9b2a4a6aaa336
sin	401fd1712111e164	3fefd69f32470f59
cos	c007055d237bf60a	bfeee43c5dd68470
sin	c007055d237bf60a	bfd0b2e3c16debae
cos	40378fdb9effea9c	3d554f743c302000
sin	40378fdb9effea9c	bff0000000000000
cos	4021b99645492256	bfeb12ac2508e1e3
sin	4021b99645492256	3fe10f73e7752bcd
cos	3e0305c861e658cc	3ff0000000000000
sin	3e0305c861e658cc	3e0305c8a34c4c66
cos	403ab41b09887036	bd530d3f7769c000
sin	403ab41b09887036	3ff0000000000000
cos	3e041ff254570b2a	3ff0000000000000
sin	3e041ff254570b2a	3e041ff2a34c4c66
cos	bff132eb54265b5a	3fde736283e327ca
sin	bff132eb54265b5a	bfec2555db18f8a5
cos	3e0db3b44886265c	3ff0000000000000
sin	3e0db3b44886265c	3e0db3b4a34c4c66
cos	402c463abeccb2a2	3d294f6babe5c000
sin	402c463abeccb2a2	3ff0000000000000
cos	c00921fb54443012	bff0000000000000
sin	c00921fb54443012	3d57ccb0d8d66c00
cos	bdf7d9a4a912e22c	3ff0000000000000
sin	bdf7d9a4a912e22c	bdf7d9a4b9676734
cos	c015b1b6049f4e40	3fe4e3018e701007
sin	c015b1b6049f4e40	3fe83e518cb3f9b7
cos	3fce915b1a8cf670	3fef1782b245eb69
sin	3fce915b1a8cf670	3fce472fd4129a73
cos	bfe917ce7d961aa0	3fe6a7cf27b0dc2a
sin	bfe917ce7d961aa0	bfe6996b5ba0d2de
cos	402304c68b0b116f	bfefe2bca1481c8c
sin	402304c68b0b116f	bfb59e6c7a9758e8
cos	3f9d35a420ffc500	3feffcaadc626e46
sin	3f9d35a420ffc500	3f9d34a08a672a84
cos	3ff6e396947bc06c	3fc1e41a38efc831
sin	3ff6e396947bc06c	3fefaf9545ead3ba
cos	c0120dc2b958f1d0	bfc94c4cc8f68eea
sin	c0120dc2b958f1d0	3fef5e689179fef4
cos	c022d97c7f3321ea	bff0000000000000
sin	c022d97c7f3321ea	3d27c23a7a4d4000
cos	c023fab5987ec195	bfeb075b92d6bbec
sin	c023fab5987ec195	3fe1215b4cfc4b7d
cos	be03af4d24c2ced4	3ff0000000000000
sin	be03af4d24c2ced4	be03af4cdcb3b39a
cos	c023c5fa7c8322a1	bfeca58b238328c5
sin	c023c5fa7c8322a1	3fdc8581f6e9934d
cos	4035fdbbe9bba766	bff0000000000000
sin	4035fdbbe9bba766	3d2f72b7f84c0000
cos	3e10d0cd717012f9	3ff0000000000000
sin	3e10d0cd717012f9	3e10d0cd91a62633
cos	c000ab8cd089657a	bfdf68b48d33e076
sin	c000ab8cd089657a	bfebe19ee36a88eb
cos	c0139860aa30c4db	3fc7b933d575e266
sin	c0139860aa30c4db	3fef7211ec702016
cos	c01d2c0eadc67073	3fe1061de8a76256
sin	c01d2c0eadc67073	bfeb188bfbeb1768
cos	3dcd36fe651c044c	3ff0000000000000
sin	3dcd36fe651c044c	3dcd370234c4c662
cos	be0c06986139865d	3ff0000000000000
sin	be0c06986139865d	be0c06985cb3b39a
cos	c00570e8b7808619	bfeca723ca168ac1
sin	c00570e8b7808619	bfdc7f174a124d21
cos	c019129bdaf8c2a4	3fefff13ad50cd0f
sin	c019129bdaf8c2a4	3f8ebea6e6cabb9d
cos	c001d5ef8a20a15a	bfe3960175ceb19e
sin	c001d5ef8a20a15a	bfe94e518a4cd544
cos	be09162f0a13b308	3ff0000000000000
sin	be09162f0a13b308	be09162edcb3b39a
cos	4023266443c3ef7e	bfefa3c2b8295538
sin	4023266443c3ef7e	bfc3277472ae8788
cos	c00ec99c22f6a02b	bfe8554ab0954592
sin	c00ec99c22f6a02b	3fe4c839759b846c
cos	4002abe933754830	bfe61e49db8cb7f3
sin	4002abe933754830	3fe720149a3c47ea
cos	40095b8d52760017	bfeffcc3785aaa90
sin	40095b8d52760017	bf9cc806a8f83329
cos	c015492ececcb0bd	3fe24ebde122865d
sin	c015492ececcb0bd	3fea3ee0a9cd52cf
cos	be0a77788a7ea4cc	3ff0000000000000
sin	be0a77788a7ea4cc	be0a77785cb3b39a
cos	c01921fb54442dab	3ff0000000000000
sin	c01921fb54442dab	bd4254f828201800
cos	c011c85aff7e547b	bfd0de75aaefe004
sin	c011c85aff7e547b	3feede50c5f37345
cos	3ffb0c7a6c08bdb8	bfbe95333630169b
sin	3ffb0c7a6c08bdb8	3fefc55549782489
cos	bdf85bab94e768b0	3ff0000000000000
sin	bdf85bab94e768b0	bdf85babb9676734
cos	c021393c904fa2b9	bfe5fe9e53003aa3
sin	c021393c904fa2b9	bfe73e35c6dd0d13
cos	c032d97c7f332257	3ff0000000000000
sin	c032d97c7f332257	bd6088d4807b4000
cos	bff23867debdacc8	3fdacc290d62f72f
sin	bff23867debdacc8	bfed0f50bf892dad
cos	c020529ca79d73e0	bfd35d063950c58e
sin	c020529ca79d73e0	bfee8010063f2a19
cos	4015e26a9c1bda42	3fe6040b590cd89b
sin	4015e26a9c1bda42	bfe739122854ea38
cos	4012d97c7f33202b	bd5a734f27299400
sin	4012d97c7f33202b	bff0000000000000
cos	bdeb9ff41412949c	3ff0000000000000
sin	bdeb9ff41412949c	bdeb9ff372cece68
cos	403921fb54442d81	3ff0000000000000
sin	403921fb54442d81	3d5a4f743c302000
cos	402c463abeccb322	bd49ac2515069000
sin	402c463abeccb322	3ff0000000000000
cos	3ff2e67af6be8704	3fd84dd59373f221
sin	3ff2e67af6be8704	3fed9a5405f11218
cos	c00329189e7914b1	bfe77d5b5a6e53c9
sin	c00329189e7914b1	bfe5bb210114e770
cos	be10f1fd5f4c8962	3ff0000000000000
sin	be10f1fd5f4c8962	be10f1fd2e59d9cd
cos	4021ab97fe7d58d1	bfea98bbdf72bfc4
sin	4021ab97fe7d58d1	3fe1cb37b1b1482d
cos	40224d1d542fb51e	bfeece0b8badf27c
sin	40224d1d542fb51e	3fd153d59a730564
cos	bff8c150c34fb558	3f982a1139471356
sin	bff8c150c34fb558	bfeffdb8010aadbc
cos	c03921fb54442d6f	3ff0000000000000
sin	c03921fb54442d6f	bd558d3f7769c000
cos	c00b1561131c9f5e	bfef0da6e240db11
sin	c00b1561131c9f5e	3fcee76886525759
cos	40346b9c347764f9	bd5551a900f68000
sin	40346b9c347764f9	3ff0000000000000
cos	40206b0789a657e4	bfd63fd89a45b5d6
sin	40206b0789a657e4	3fee010749861247
cos	c00fa0d3c8454d4d	bfe604df33889357
sin	c00fa0d3c8454d4d	3fe7384949ce22a4
cos	c0378fdb9effeabf	3d5e0f743c302000
sin	c0378fdb9effeabf	3ff0000000000000
cos	c00c2b2806c698b2	bfedb9334c34cd23
sin	c00c2b2806c698b2	3fd7b53eb4c578ef
cos	401227260fffc062	bfc62dffcc595d81
sin	401227260fffc062	bfef8413feb17d89
cos	403ab41b09887056	bd5b0d3f7769c000
sin	403ab41b09887056	3ff0000000000000
cos	402f6a7a295537e9	bff0000000000000
sin	402f6a7a295537e9	3d4d53daeaf97000
cos	4016c2cff79ff119	3fea89a469ff5b28
sin	4016c2cff79ff119	bfe1e1b1da1ef436
cos	40130579e0b39b40	3fa5fcf56f40d8d6
sin	40130579e0b39b40	bfeff87132a2f5e0
cos	c032d97c7f332163	3ff0000000000000
sin	c032d97c7f332163	3d5bee56ff098000
cos	c00921fb544430d1	bff0000000000000
sin	c00921fb544430d1	3d5dbcb0d8d66c00
cos	c012d97c7f3323ba	3d5e7cb0d8d66c00
sin	c012d97c7f3323ba	3ff0000000000000
cos	400e57a00f9c2f55	bfe9739949fabbc4
sin	400e57a00f9c2f55	bfe36576e15c9a96
cos	401f88d7fc909c74	bf9e5caf8f7921a0
sin	401f88d7fc909c74	3feffc65f167838b
cos	c01dfbf4e45afb68	3fd66be96cffa4ce
sin	c01dfbf4e45afb68	bfedf8d2c26fa220
cos	bff921fb5444322b	bd544ae59d9ccf00
sin	bff921fb5444322b	bff0000000000000
cos	bdc64c10dcc7f1d0	3ff0000000000000
sin	bdc64c10dcc7f1d0	bdc64c0dcb3b399e
cos	c01bab7a7afe63ca	3fe9c6ac45ffa172
sin	c01bab7a7afe63ca	bfe2f68583b2a6c3
cos	4002b17af0d1325e	bfe62e5dd3de7004
sin	4002b17af0d1325e	3fe710a9223e6a9c
cos	4016d08415d6b860	3feac64aec69ccad
sin	4016d08415d6b860	bfe1865f4bfed9f7
cos	400a1125ea2e6220	bfefc8341bcc0a78
sin	400a1125ea2e6220	bfbdd3f0814e4870
cos	c01e9145c0061596	3fcaf28c5bc0df90
sin	c01e9145c0061596	bfef4866b9f4f710
cos	401344a3b5912c9b	3fbabd4b68bbcc5d
sin	401344a3b5912c9b	bfefd330abb11da6
cos	40378fdb9effea73	3d461ee878604000
sin	40378fdb9effea73	bff0000000000000
cos	be0e1eef7473c34f	3ff0000000000000
sin	be0e1eef7473c34f	be0e1eef5cb3b39a
cos	c02921fb54442d31	3ff0000000000000
sin	c02921fb54442d31	bd28b094541a4000
cos	bdf09e28358f8b1f	3ff0000000000000
sin	bdf09e28358f8b1f	bdf09e27b9676734
cos	c0233341ce79dc88	bfef82675a329e16
sin	c0233341ce79dc88	3fc653ef8705111a
cos	4020475a1076e1f8	bfd2046ab971f611
sin	4020475a1076e1f8	3feeb4adb2b0275a
cos	c035fdbbe9bba751	bff0000000000000
sin	c035fdbbe9bba751	bd426117879fc000
cos	4019c1e88bf39bbe	3fef9c4b6b17cd71
sin	4019c1e88bf39bbe	3fc3e8df73ddafdd
cos	3df79912d80327be	3ff0000000000000
sin	3df79912d80327be	3df79913469898cc
cos	40099d2d00dfd327	bfeff12ef3795366
sin	40099d2d00dfd327	bfaec7aa20a70003
cos	3ffa3b83096a80ec	bfb194ef9556d1c6
sin	3ffa3b83096a80ec	3fefeca83ff20083
cos	3ff2faa042419368	3fd8033690086e93
sin	3ff2faa042419368	3feda989839b77a5
cos	bffbe4cb28f11500	bfc5fa79450be59b
sin	bffbe4cb28f11500	bfef865577cc8860
cos	4023645206afad3a	bfeed4aba1700a53
sin	4023645206afad3a	bfd1247282f950fa
cos	3fd99f80f03338d8	3fed782e8245e4fc
sin	3fd99f80f03338d8	3fd8f1aad6e90665
cos	bff6c9ccee3cb388	3fc2b04964a06694
sin	bff6c9ccee3cb388	bfefa836a856c36b
cos	c012d97c7f33231a	3d547cb0d8d66c00
sin	c012d97c7f33231a	3ff0000000000000
cos	c0232227042c91ae	bfefada1fca14d80
sin	c0232227042c91ae	3fc21b085be4e0ce
cos	c03c463abeccb2e8	bff0000000000000
sin	c03c463abeccb2e8	3d4696156546c000
cos	c00c944e31b413df	bfed136ff804d491
sin	c00c944e31b413df	3fdaba4094188216
cos	bfeb68fecd4c769c	3fe4f60cdf058aa9
sin	bfeb68fecd4c769c	bfe82ddc3165e6af
cos	402088500ba68ffc	bfd9a4ab1e3fa5e7
sin	402088500ba68ffc	3fed51ac9c50cb81
cos	be041b0a2d6f65db	3ff0000000000000
sin	be041b0a2d6f65db	be041b09dcb3b39a
cos	4012902f5256631a	bfb24f49cf79a45c
sin	4012902f5256631a	bfefeb05306a530e
cos	c022cf547b5053f8	bfeffe63693aecb0
sin	c022cf547b5053f8	bf944fb0789de555
cos	c01f6a7a29553650	3d6072c1f5f7fa00
sin	c01f6a7a29553650	bff0000000000000
cos	4017095feea06ae0	3febb4b64297362b
sin	4017095feea06ae0	bfe0030f9e305107
cos	c01dc898e588f6e4	3fd9660aa0130baf
sin	c01dc898e588f6e4	bfed5f4a576c903c
cos	bffd7e55650c4526	bfd13a5444caca2c
sin	bffd7e55650c4526	bfeed19edf5aa89c
cos	c0049d248c10582b	bfeb0778b9072a1c
sin	c0049d248c10582b	bfe1212d4e905172
cos	401f6a7a29553925	bd48d4f828201800
sin	401f6a7a29553925	3ff0000000000000
cos	4031475cc9eede8d	bd5cec223a431800
sin	4031475cc9eede8d	bff0000000000000
cos	400ba6032c5d4c1a	bfee6e45d8cd7ef0
sin	400ba6032c5d4c1a	bfd3cbbf0c287252
cos	3de976cec06daa5c	3ff0000000000000
sin	3de976cec06daa5c	3de976ce8d313198
cos	bddd1d750f7994a8	3ff0000000000000
sin	bddd1d750f7994a8	bddd1d72e59d9ccf
cos	bfd0ce8f1a636540	3feee7261040550c
sin	bfd0ce8f1a636540	bfd09d46cfca4176
cos	c011aacee5b1fa30	bfd2a4a330f06c82
sin	c011aacee5b1fa30	3fee9cbb0a4f89f3
cos	c0116459ddebe329	bfd6ceeb43b23639
sin	c0116459ddebe329	3fede61fd8378386
cos	c0155f7acbdd2d44	3fe2dfeaecbcc4a4
sin	c0155f7acbdd2d44	3fe9d73e1f9feaf5
cos	40346b9c3477645e	3d516e56ff098000
sin	40346b9c3477645e	3ff0000000000000
cos	bfab6082dfe17480	3feff44ab6e17ca0
sin	bfab6082dfe17480	bfab5d2c093668fe
cos	400040aee68b453f	bfdc75338d3c54c2
sin	400040aee68b453f	3feca998bc6f970b
cos	4035fdbbe9bba71e	bff0000000000000
sin	4035fdbbe9bba71e	3d55ee56ff098000
cos	bfd823456e5f4cb0	3fedc03dc88cd38d
sin	bfd823456e5f4cb0	bfd791d0b8d2d845
cos	c020510bcf5d40ad	bfd32d3e724bae80
sin	c020510bcf5d40ad	bfee879b19d5d81a
cos	3dfd72ef643f61b8	3ff0000000000000
sin	3dfd72ef643f61b8	3dfd72ef469898cc
cos	c015e332ae19cdc8	3fe608947b732ac0
sin	c015e332ae19cdc8	3fe734c489a488d4
cos	3e0108e02b859bae	3ff0000000000000
sin	3e0108e02b859bae	3e0108e0234c4c66
cos	c023837cebb4b347	bfee408feb34e10c
sin	c023837cebb4b347	3fd4dca4f6140d96
cos	bfbc8827987afee0	3fefcd2c68f12883
sin	bfbc8827987afee0	bfbc790adc47ed57
cos	3dfbe6530c99fdb2	3ff0000000000000
sin	3dfbe6530c99fdb2	3dfbe653469898cc
cos	40378fdb9effe9c4	bd605845e1e7f000
sin	40378fdb9effe9c4	bff0000000000000
cos	c023ec5df632521e	bfeb7f789e0344d5
sin	c023ec5df632521e	3fe05dd5877956bf
cos	c0378fdb9effeaa8	3d584f743c302000
sin	c0378fdb9effeaa8	3ff0000000000000
cos	c01e9f6898e42dfc	3fc937aff1a081cc
sin	c01e9f6898e42dfc	bfef5f721aba0276
cos	bfe65e9f4a4ebf48	3fe87e984ec70657
sin	bfe65e9f4a4ebf48	bfe4977aeaf54724
cos	bdee595e695a979e	3ff0000000000000
sin	bdee595e695a979e	bdee595d72cece68
cos	bff1b566384a023a	3fdca472de2fb93f
sin	bff1b566384a023a	bfec9dd2585bfffb
cos	c0158c769ef55288	3fe3fdc4265b014b
sin	c0158c769ef55288	3fe8fcaa7020dc9f
cos	3ffc57830ebe83e0	bfc98043f7e4eddd
sin	3ffc57830ebe83e0	3fef5bc73a3ae7a2
cos	bdead77e99ff86a3	3ff0000000000000
sin	bdead77e99ff86a3	bdead77d72cece68
cos	c03c463abeccb257	bff0000000000000
sin	c03c463abeccb257	bd5934f54d5ca000
cos	400921fb54442e75	bff0000000000000
sin	400921fb54442e75	bd45cdcb3b399e00
cos	3ff6fd44237bf1bc	3fc1189b4a46e81e
sin	3ff6fd44237bf1bc	3fefb69a1383d017
cos	c022d97c7f332215	bff0000000000000
sin	c022d97c7f332215	3d40b08e9e935000
cos	4010265dda1302ec	bfe3fea846338bb3
sin	4010265dda1302ec	bfe8fbf3e59ee7a9
cos	40180b7f2cfa48ac	3feed2eaf09ddd1f
sin	40180b7f2cfa48ac	bfd131096e4ad37e
cos	c035fdbbe9bba713	bff0000000000000
sin	c035fdbbe9bba713	bd58b08bc3cfe000
cos	bde4ca6b0ec1be62	3ff0000000000000
sin	bde4ca6b0ec1be62	bde4ca6b72cece68
cos	3ff4871253b07236	3fd22acd643b881a
sin	3ff4871253b07236	3feeaf05adaa5ccd
cos	c01f6a7a29553659	3d602ac1f5f7fa00
sin	c01f6a7a29553659	bff0000000000000
cos	3d548767bd9eb644	3ff0000000000000
sin	3d548767bd9eb644	3d54891a62633100
cos	40141d1173a92654	3fd3e393649b350b
sin	40141d1173a92654	bfee6a6329e1642a
cos	bfe40ce912d542f8	3fe9ebd906f7eade
sin	bfe40ce912d542f8	bfe2c394af1a33f0
cos	3ff7a7efd6f33ea2	3fb798224e8d5921
sin	3ff7a7efd6f33ea2	3fefdd21f7e72901
cos	c03ab41b09886fbb	3d476581112c8000
sin	c03ab41b09886fbb	bff0000000000000
cos	4022a336d5eeaf9b	bfefd2052d9e159b
sin	4022a336d5eeaf9b	3fbb15d4293b855d
cos	be091ae2241a5e8b	3ff0000000000000
sin	be091ae2241a5e8b	be091ae1dcb3b39a
cos	c00fcad29308935f	bfe589ce0528729c
sin	c00fcad29308935f	3fe7aa9d8d35197d
cos	c021980ab869f8f5	bfe9e5dc7b2211cc
sin	c021980ab869f8f5	bfe2cbd7074df75a
cos	3df459bee67397f9	3ff0000000000000
sin	3df459bee67397f9	3df459bf469898cc
cos	c005b8b05582aa7c	bfed227358152ac3
sin	c005b8b05582aa7c	bfda788aa9f0d9f7
cos	bdf80d22ede57130	3ff0000000000000
sin	bdf80d22ede57130	bdf80d22b9676734
cos	c01c700e279eb7a4	3fe5af40257e94ed
sin	c01c700e279eb7a4	bfe78852f96f3144
cos	c02c463abeccb35f	bd5476128a834800
sin	c02c463abeccb35f	bff0000000000000
cos	40054688ce8a1dbe	bfec5a1acd20abf1
sin	40054688ce8a1dbe	3fddad0bff7063a6
cos	c0085101475b7bd1	bfefd563a5f5f4b4
sin	c0085101475b7bd1	bfba13a85d442874
cos	40378fdb9effe9db	bd5af08bc3cfe000
sin	40378fdb9effe9db	bff0000000000000
cos	c00921fb54442cc2	bff0000000000000
sin	c00921fb54442cc2	bd259a79394ca000
cos	c009d21c74d211bd	bfefe1b9631c9657
sin	c009d21c74d211bd	3fb5fd322495f0f6
cos	c0206785fe03ca94	bfd5d684a829fb0e
sin	c0206785fe03ca94	bfee14599b95e317
cos	c020ea48e0eab09a	bfe229e63604757b
sin	c020ea48e0eab09a	bfea586d699bf928
cos	402224946a7b8ad7	bfee05ef895bd557
sin	402224946a7b8ad7	3fd6254e3d986e35
cos	3e0567fdfa17e8ef	3ff0000000000000
sin	3e0567fdfa17e8ef	3e0567fe234c4c66
cos	be09a06315007126	3ff0000000000000
sin	be09a06315007126	be09a062dcb3b39a
cos	c0197209b2e5ccfe	3fefe6fa478d9db0
sin	c0197209b2e5ccfe	bfb3fe5fec9a720f
cos	3fc9d5ff71e1d600	3fef59b124f14912
sin	3fc9d5ff71e1d600	3fc9a92def7c9b0d
cos	401809a37e3713bd	3feecee9663efd23
sin	401809a37e3713bd	bfd14daac4cd4102
cos	400055f81c12663a	bfdd0d5516012b6b
sin	400055f81c12663a	3fec83576a37fd6c
cos	c014ca577a3a311b	3fddd9680c21dac2
sin	c014ca577a3a311b	3fec4e742450390f
cos	402921fb54442d4d	3ff0000000000000
sin	402921fb54442d4d	3d3a611d3d26a000
cos	be05d2b3700b9d70	3ff0000000000000
sin	be05d2b3700b9d70	be05d2b35cb3b39a
cos	401346f9b795eefe	3fbb51f5f8ddd0a1
sin	401346f9b795eefe	bfefd1378b635b60
cos	3e0c6fe23c705028	3ff0000000000000
sin	3e0c6fe23c705028	3e0c6fe2234c4c66
cos	402302813a15db0c	bfefe5b98982667f
sin	402302813a15db0c	bfb47cc01ba03e43
cos	c0107e56e8a5a224	bfe1c6f8e1386565
sin	c0107e56e8a5a224	3fea9b927d3e69c3
cos	c01d822084494aa8	3fdd60c49725aa8e
sin	c01d822084494aa8	bfec6df009cd1a7b
cos	403dd85a7410f5ec	3d57cb0ab2a36000
sin	403dd85a7410f5ec	bff0000000000000
cos	bffb60023d7e9702	bfc1e132e1d6eb8e
sin	bffb60023d7e9702	bfefafaf7f3a660a
cos	c03921fb54442d83	3ff0000000000000
sin	c03921fb54442d83	bd5a8d3f7769c000
cos	40185d6d8c5a2dcc	3fef698d0fe665d2
sin	40185d6d8c5a2dcc	bfc86b2bc28ea557
cos	bff734972f460c1e	3fbec32e9fd17af0
sin	bff734972f460c1e	bfefc4a3b5792fda
cos	3dc68db90abb9054	3ff0000000000000
sin	3dc68db90abb9054	3dc68dba34c4c662
cos	4022d97c7f3322c0	bff0000000000000
sin	4022d97c7f3322c0	bd5dba7c14100c00
cos	be10a978894f355a	3ff0000000000000
sin	be10a978894f355a	be10a9786e59d9cd
cos	400ba4c3c298238a	bfee6fd0ab1a86be
sin	400ba4c3c298238a	bfd3c240cfa2c063
cos	3ff921fb544426ef	3d58a51a62633100
sin	3ff921fb544426ef	3ff0000000000000
cos	c01b798d1862459b	3feaab6e090cb55a
sin	c01b798d1862459b	bfe1af25cd5824d7
cos	c0204f992360137b	bfd30104eeac6ee8
sin	c0204f992360137b	bfee8e842aa490a3
cos	bff7f925da43ba96	3fb2892fb0969dd6
sin	bff7f925da43ba96	bfefea7f831d85c7
cos	4018d94d4c234a28	3fefeb5fdcb79a62
sin	4018d94d4c234a28	bfb2279a7da36989
cos	4032d97c7f332256	3ff0000000000000
sin	4032d97c7f332256	3d6069eee2de7400
cos	4005581119919bcc	bfec7a5b441387f1
sin	4005581119919bcc	3fdd308021de6767
cos	be0d2cd5c3a95906	3ff0000000000000
sin	be0d2cd5c3a95906	be0d2cd5dcb3b39a
cos	bfea28f30b74a644	3fe5e3b8627fe5bc
sin	bfea28f30b74a644	bfe7578c7d6ac702
cos	c01aec1c4f82efc2	3fecd9bb83a15361
sin	c01aec1c4f82efc2	bfdbaff79abc9c3f
cos	3e106955cc4bb2c8	3ff0000000000000
sin	3e106955cc4bb2c8	3e106955d1a62633
cos	c0201b0713177f01	bfc947ab7e43f65b
sin	c0201b0713177f01	bfef5ea44a432aab
cos	c014665b73766b1b	3fd830275e872ea4
sin	c014665b73766b1b	3feda06737fe931e
cos	c022ff3d7e223cd4	bfefe9bd2876a43c
sin	c022ff3d7e223cd4	3fb2dc1eac47c090
cos	c01f6a7a295539bc	bd55da7c14100c00
sin	c01f6a7a295539bc	bff0000000000000
cos	3df15cbe7f0dd1bf	3ff0000000000000
sin	3df15cbe7f0dd1bf	3df15cbe469898cc
cos	4011ca8b6edbaac6	bfd0bca946af2fb2
sin	4011ca8b6edbaac6	bfeee2e9e5340f89
cos	401921fb54442e3f	3ff0000000000000
sin	401921fb54442e3f	3d526cb0d8d66c00
cos	3ff5f7bd3de101a6	3fc927bff170705c
sin	3ff5f7bd3de101a6	3fef603ecf830e82
cos	be10a1a7d2d0287e	3ff0000000000000
sin	be10a1a7d2d0287e	be10a1a7ae59d9cd
cos	400b405d081c3afc	bfeee264626cefd8
sin	400b405d081c3afc	bfd0c08253313966
cos	3ff921fb5444320f	bd53dae59d9ccf00
sin	3ff921fb5444320f	3ff0000000000000
cos	bff1e6d763b21d7a	3fdbf30fbece33cd
sin	bff1e6d763b21d7a	bfecc98a8d0ac9af
cos	bdf37bd8e474c728	3ff0000000000000
sin	bdf37bd8e474c728	bdf37bd8b9676734
cos	3e030ed599a4173b	3ff0000000000000
sin	3e030ed599a4173b	3e030ed5a34c4c66
cos	c019b61961db7537	3fefaa7376318ff3
sin	c019b61961db7537	bfc2733efcaef1e5
cos	be0d7a5122db1a0b	3ff0000000000000
sin	be0d7a5122db1a0b	be0d7a50dcb3b39a
cos	4023e6eb251fc8f4	bfebaba8867e9632
sin	4023e6eb251fc8f4	bfe012afded43148
cos	bfa2101180288800	3feffae714c56eca
sin	bfa2101180288800	bfa20f1bf7078c1c
cos	c022834941cfde88	bfef8c2c45a09b6c
sin	c022834941cfde88	bfc572c8d8281d2f
cos	3ddaca60eb7b5df0	3ff0000000000000
sin	3ddaca60eb7b5df0	3ddaca611a626331
cos	c025fdbbe9bba6c3	bd5647b8b0b65800
sin	c025fdbbe9bba6c3	3ff0000000000000
cos	3ff412dc867e16dc	3fd3e6971a750fe2
sin	3ff412dc867e16dc	3fee69e4f72a636b
cos	3df101bfaa022da4	3ff0000000000000
sin	3df101bfaa022da4	3df101c0469898cc
cos	c03f6a7a295537ef	3ff0000000000000
sin	c03f6a7a295537ef	3d5bf72a12230000
cos	c008ab3aae868132	bfeff23b72686df8
sin	c008ab3aae868132	bfadabe7571455b5
cos	be0e5f7cd245bd37	3ff0000000000000
sin	be0e5f7cd245bd37	be0e5f7cdcb3b39a
cos	3e07371f46c729af	3ff0000000000000
sin	3e07371f46c729af	3e07371fa34c4c66
cos	4007a5ded5ec9b9c	bfef734e6bedc17a
sin	4007a5ded5ec9b9c	3fc79eec70b97cae
cos	40186e6baf0504e6	3fef826056877018
sin	40186e6baf0504e6	bfc6548de5e5ca26
cos	c020ecfe3ec037d2	bfe24d8307701c57
sin	c020ecfe3ec037d2	bfea3fbc3e6a1d8b
cos	c00670fd1df82bdf	bfee34c54588f069
sin	c00670fd1df82bdf	bfd5208eaa036072
cos	402f6a7a2955386f	bff0000000000000
sin	402f6a7a2955386f	bd20b094541a4000
cos	4020cd9d9822e687	bfe0a928d28d1c34
sin	4020cd9d9822e687	3feb5216be7a5ed8
cos	4031475cc9eedf01	3cd3ddc5bce80000
sin	4031475cc9eedf01	bff0000000000000
cos	be06dc9e0602a1a8	3ff0000000000000
sin	be06dc9e0602a1a8	be06dc9ddcb3b39a
cos	402018f4a27fd6fa	bfc8c59e8c2bf7fc
sin	402018f4a27fd6fa	3fef651fa343a0ea
cos	40237e4430614427	bfee5b646216f43f
sin	40237e4430614427	bfd43e677de1c4af
cos	402f6a7a295538d2	bff0000000000000
sin	402f6a7a295538d2	bd4cec2515069000
cos	c03dd85a7410f5b0	3d4196156546c000
sin	c03dd85a7410f5b0	3ff0000000000000
cos	40166cf95d6fe3ee	3fe8f28127419540
sin	40166cf95d6fe3ee	bfe40a70e13953f1
cos	4017b66aa45ac63c	3fee01130ad79f36
sin	4017b66aa45ac63c	bfd63f993139e401
cos	401458f890ba5f0c	3fd76955ed38e39b
sin	401458f890ba5f0c	bfedc83a419e04ad
cos	400207ff20ba34c8	bfe432d8c5a5bb19
sin	400207ff20ba34c8	3fe8d1d58756b476
cos	c03921fb54442d4a	3ff0000000000000
sin	c03921fb54442d4a	bd491a7eeed38000
cos	c01b30e689a6c46c	3febdb2d0393fdf5
sin	c01b30e689a6c46c	bfdf7f8be1e0c553
cos	bdd4583bafc42de5	3ff0000000000000
sin	bdd4583bafc42de5	bdd4583ae59d9ccf
cos	c03dd85a7410f5c7	3d4d16156546c000
sin	c03dd85a7410f5c7	3ff0000000000000
cos	c00921fb54442c67	bff0000000000000
sin	c00921fb54442c67	bd360d3c9ca65000
cos	400921fb54442c4b	bff0000000000000
sin	400921fb54442c4b	3d39a469898cc400
cos	402f6a7a295537bb	bff0000000000000
sin	402f6a7a295537bb	3d5469ed757cb800
cos	c016c297fcd248a2	3fea88aa1f59e9d7
sin	c016c297fcd248a2	3fe1e32537cb651e
cos	c0207100e92fa66c	bfd6f2b3a4624bce
sin	c0207100e92fa66c	bfeddf46b7b92748
cos	3df2ec9d8cdce7eb	3ff0000000000000
sin	3df2ec9d8cdce7eb	3df2ec9e469898cc
cos	c03921fb54442cf3	3ff0000000000000
sin	c03921fb54442cf3	3d42e581112c8000
cos	c022129090194bac	bfed9d75bfdd9023
sin	c022129090194bac	bfd83e8de2d91ea4
cos	4015649f31610496	3fe3011379930e54
sin	4015649f31610496	bfe9bee52823fbe7
cos	c020ba8751d237c4	bfdf430b0de113a9
sin	c020ba8751d237c4	bfebec31deb4a941
cos	3e06c6c9417ef6b6	3ff0000000000000
sin	3e06c6c9417ef6b6	3e06c6c9a34c4c66
cos	40147f1f41da698b	3fd99d2807c57710
sin	40147f1f41da698b	bfed5350d20556a7
cos	403921fb54442d14	3ff0000000000000
sin	403921fb54442d14	bd1308bc3cfe0000
cos	4032d97c7f3321f3	3ff0000000000000
sin	4032d97c7f3321f3	3d40a7bb8b79d000
cos	c01d7f40cf9ee0d3	3fdd8996d8c3f264
sin	c01d7f40cf9ee0d3	bfec635b0250292e
cos	be0ba85e79a31e6b	3ff0000000000000
sin	be0ba85e79a31e6b	be0ba85e5cb3b39a
cos	401b10309dfbf9aa	3fec584e843d842c
sin	401b10309dfbf9aa	3fddb3e9fb5be46e
cos	c00847d6ff220a2a	bfefd192c4bae959
sin	c00847d6ff220a2a	bfbb37597ee1499a
cos	c021b1ecd0c44925	bfead08a8a27f0ef
sin	c021b1ecd0c44925	bfe176ace6e7a7ab
cos	c01327b1729d2944	3fb3885f8bffc6ac
sin	c01327b1729d2944	3fefe81ea9a9884e
cos	c00708f37fb578fd	bfeee7f7baabb8d5
sin	c00708f37fb578fd	bfd0972db034766c
cos	3df28994def026a6	3ff0000000000000
sin	3df28994def026a6	3df28995469898cc
cos	c02209cfd5c65a98	bfed674d8f2e254e
sin	c02209cfd5c65a98	bfd940d9cfe19ead
cos	be0fded4869897b2	3ff0000000000000
sin	be0fded4869897b2	be0fded45cb3b39a
cos	401b9cdb24c9e016	3fea0b51a51e0fdf
sin	401b9cdb24c9e016	3fe297cd81dfdc0f
cos	c032d97c7f33217d	3ff0000000000000
sin	c032d97c7f33217d	3d556e56ff098000
cos	c011304a17bed700	bfd9d1550907b185
sin	c011304a17bed700	3fed47de5c93585d
cos	4031475cc9eedf47	3d5193ddc5bce800
sin	4031475cc9eedf47	bff0000000000000
cos	c02240f4d7c516e6	bfee9728c1d54b82
sin	c02240f4d7c516e6	bfd2c914251981f4
cos	c02c463abeccb25c	3d47d3daeaf97000
sin	c02c463abeccb25c	bff0000000000000
cos	c01921fb54442b8b	3ff0000000000000
sin	c01921fb54442b8b	3d58d583ebeff400
cos	c0046005f8ff0925	bfea818a7ca52132
sin	c0046005f8ff0925	bfe1edb1da93f330
cos	bdfb9bd2772f39e6	3ff0000000000000
sin	bdfb9bd2772f39e6	bdfb9bd1b9676734
cos	3dc3421fdad1e9e5	3ff0000000000000
sin	3dc3421fdad1e9e5	3dc3422234c4c662
cos	40145db448267523	3fd7afc139df6f2b
sin	40145db448267523	bfedba4b69084e77
cos	bdf27d1540ea235b	3ff0000000000000
sin	bdf27d1540ea235b	bdf27d14b9676734
cos	c00ea94e90a994bb	bfe8a86dd8139dca
sin	c00ea94e90a994bb	3fe4654ff92678cd
cos	403c463abeccb26d	bff0000000000000
sin	403c463abeccb26d	3d5372c088964000
cos	400a13fabdb4f380	bfefc6e04e1c414c
sin	400a13fabdb4f380	bfbe2deb1747e397
cos	be0ed2ed270c00f1	3ff0000000000000
sin	be0ed2ed270c00f1	be0ed2ecdcb3b39a
cos	403dd85a7410f568	bd4269ea9ab94000
sin	403dd85a7410f568	bff0000000000000
cos	3dfed1e13f021498	3ff0000000000000
sin	3dfed1e13f021498	3dfed1e1469898cc
cos	be0a2b7e77729b96	3ff0000000000000
sin	be0a2b7e77729b96	be0a2b7e5cb3b39a
cos	401721a50110a7f8	3fec13dcd570f9fc
sin	401721a50110a7f8	bfdeb3a4765ab04a
cos	3ffc99e5e4d5168e	bfcb87d3d11e61b9
sin	3ffc99e5e4d5168e	3fef4045f39ca8c9
cos	3df591ef409c5fd1	3ff0000000000000
sin	3df591ef409c5fd1	3df591ef469898cc
cos	3e0529c5e2a3fcc2	3ff0000000000000
sin	3e0529c5e2a3fcc2	3e0529c6234c4c66
cos	c01f4cd35687df4e	3f9da5c33f57cfb6
sin	c01f4cd35687df4e	bfeffc90d7417e40
cos	c012d97c7f33232f	3d55ccb0d8d66c00
sin	c012d97c7f33232f	3ff0000000000000
cos	be0f026f61b97216	3ff0000000000000
sin	be0f026f61b97216	be0f026f5cb3b39a
cos	402c463abeccb3cc	bd610b094541a400
sin	402c463abeccb3cc	3ff0000000000000
cos	bfff616bfdd2e65c	bfd85c67e5811851
sin	bfff616bfdd2e65c	bfed975552d3f256
cos	bffab82ec6c87b94	bfb9589154dd9df1
sin	bffab82ec6c87b94	bfefd7bfff522329
cos	4004b2e97fcac7a1	bfeb35b13ae26b75
sin	4004b2e97fcac7a1	3fe0d761327bb062
cos	c02194b6768e0bbf	bfe9c66f09e8b9ac
sin	c02194b6768e0bbf	bfe2f6d8bedaa5c6
cos	401fbcbdba7bb3f9	bfb48b3afde263f1
sin	401fbcbdba7bb3f9	3fefe59448b940eb
cos	4014c82bdefac706	3fddbaac08ae390d
sin	4014c82bdefac706	bfec568907123139
cos	4020dde0ed728214	bfe18520fe50669d
sin	4020dde0ed728214	3feac71b390fd1a6
cos	c013225079857beb	3fb23110e97ecf8c
sin	c013225079857beb	3fefeb4a4fe92274
cos	4006fbcfa30565fb	bfeeda2e0b8edde8
sin	4006fbcfa30565fb	3fd0fc9e1d746450
cos	c012b8d115c33de3	bfa054ff1f448657
sin	c012b8d115c33de3	3feffbd4ca0ac755
cos	be0b663215c921ca	3ff0000000000000
sin	be0b663215c921ca	be0b6631dcb3b39a
cos	3ff59062507ba37e	3fcc5054a988794f
sin	3ff59062507ba37e	3fef35119d31646f
cos	3e0221703809cbc0	3ff0000000000000
sin	3e0221703809cbc0	3e022170234c4c66
cos	3fe6d102a5c9ef0c	3fe83460d80c139c
sin	3fe6d102a5c9ef0c	3fe4ee85ade78067
cos	c021014e3b611ed0	bfe354586f55b03e
sin	c021014e3b611ed0	bfe9809c04c1ab0e
cos	c02038d203389526	bfd0446b7219ef9c
sin	c02038d203389526	bfeef2f54a731878
cos	c020384eb05c790b	bfd0348a9156ae3c
sin	c020384eb05c790b	bfeef50a5787c711
cos	c03921fb54442d8e	3ff0000000000000
sin	c03921fb54442d8e	bd5d8d3f7769c000
cos	4035fdbbe9bba713	bff0000000000000
sin	4035fdbbe9bba713	3d586e56ff098000
cos	4002f091df79b7af	bfe6e18a178ab764
sin	4002f091df79b7af	3fe65ef652118346
cos	401754d49af357f2	3feccf3d6b8f36d3
sin	401754d49af357f2	bfdbdb891e988a0f
cos	3d5a06ab3b6476b1	3ff0000000000000
sin	3d5a06ab3b6476b1	3d5a091a62633100
cos	c01696311e74db60	3fe9bbc8f1a7af6f
sin	c01696311e74db60	3fe30549698f8207
cos	c021e5c06ddeb6da	bfec712b79b3c4dc
sin	c021e5c06ddeb6da	bfdd543e53792e17
cos	c01d4d1854dc80e6	3fe0241754b223b0
sin	c01d4d1854dc80e6	bfeba1852660100a
cos	be02b650e7637c04	3ff0000000000000
sin	be02b650e7637c04	be02b650dcb3b39a
cos	40155d5a4b9e614c	3fe2d22aacc9b0f2
sin	40155d5a4b9e614c	bfe9e143c9e2656d
cos	4017897214480c20	3fed7ca453f3f4b2
sin	4017897214480c20	bfd8dc8c69edc80d
cos	c025fdbbe9bba85c	3d5cd8474f49a800
sin	c025fdbbe9bba85c	3ff0000000000000
cos	c032d97c7f33220e	3ff0000000000000
sin	c032d97c7f33220e	bd4e235201ed0000
cos	be01e6a5d8c809e5	3ff0000000000000
sin	be01e6a5d8c809e5	be01e6a5dcb3b39a
cos	4031475cc9eedf06	3d153ddc5bce8000
sin	4031475cc9eedf06	bff0000000000000
cos	3df2754d1903349c	3ff0000000000000
sin	3df2754d1903349c	3df2754d469898cc
cos	bdf032662c779d41	3ff0000000000000
sin	bdf032662c779d41	bdf03265b9676734
cos	40182a7108bfb8df	3fef11cda9dbe92c
sin	40182a7108bfb8df	bfcea45ca8e3bb29
cos	3e0fc32c834b9591	3ff0000000000000
sin	3e0fc32c834b9591	3e0fc32ca34c4c66
cos	c03dd85a7410f541	bd52f4f54d5ca000
sin	c03dd85a7410f541	3ff0000000000000
cos	403ab41b09886fd5	3d34cb0222590000
sin	403ab41b09886fd5	3ff0000000000000
cos	c0160ff52042a442	3fe706c89dd5f8c3
sin	c0160ff52042a442	3fe6389e8ae89b9e
cos	3fcf6539e84964b0	3fef0ad09d04ca0c
sin	3fcf6539e84964b0	3fcf14e17c808e15
cos	40110c910520569c	bfdbd833a217991f
sin	40110c910520569c	bfecd00bae82fe61
cos	be0d644957e7b775	3ff0000000000000
sin	be0d644957e7b775	be0d64495cb3b39a
cos	c01a4a3f83bc28b2	3feeab84d25a1fd0
sin	c01a4a3f83bc28b2	bfd24267bb095e98
cos	bff1425c3d2ecf4c	3fde3d011ea91557
sin	bff1425c3d2ecf4c	bfec33fa453e8968
cos	400d72093293db84	bfeb762f0a9ae0b3
sin	400d72093293db84	bfe06d6621daadb8
cos	c01906315616f6e2	3feffcfbd1233381
sin	c01906315616f6e2	3f9bc91ea5e1e3cf
cos	bdd1fb220ebad986	3ff0000000000000
sin	bdd1fb220ebad986	bdd1fb22e59d9ccf
cos	c0222bac975c2945	bfee2c7975deb425
sin	c0222bac975c2945	bfd54fc54a89a824
cos	c01e1ec843ca2b1a	3fd45ecbd7794d79
sin	c01e1ec843ca2b1a	bfee55f920807042
cos	c0224b1e93dc90a0	bfeec557b74b8901
sin	c0224b1e93dc90a0	bfd1914290afc4bb
cos	400eea4aac449e13	bfe7ff9a43f5dff0
sin	400eea4aac449e13	bfe52af302ce6dee
cos	3e0708df6c790f65	3ff0000000000000
sin	3e0708df6c790f65	3e0708dfa34c4c66
cos	bff921fb54442d8d	bd1d2e59d9ccf000
sin	bff921fb54442d8d	bff0000000000000
cos	c001c593297c9f8c	bfe36217cb0f732b
sin	c001c593297c9f8c	bfe9762aaf62719c
cos	c01f37575071b83e	3fa98eb417fbb186
sin	c01f37575071b83e	bfeff5c9a3f12daa
cos	3e0f4c0e4d1825a7	3ff0000000000000
sin	3e0f4c0e4d1825a7	3e0f4c0ea34c4c66
cos	401b2ba62c6ba704	3febefc21eea131d
sin	401b2ba62c6ba704	3fdf364c69176a26
cos	c0226f636e6940da	bfef50bdd3e20a1e
sin	c0226f636e6940da	bfca55c60d97eb44
cos	402243e8dacc51d4	bfeea4e5e5c0dfa0
sin	402243e8dacc51d4	3fd26ea90a50f3d5
cos	401b4788f4a794d4	3feb8052ad4f554f
sin	401b4788f4a794d4	3fe05c67134efeef
cos	4012d97c7f332197	bd2d9a79394ca000
sin	4012d97c7f332197	bff0000000000000
cos	3fdb75e61d063620	3fed196ab5381fc9
sin	3fdb75e61d063620	3fdaa02c3cf52f13
cos	be00f95f04cce844	3ff0000000000000
sin	be00f95f04cce844	be00f95edcb3b39a
cos	c021a59ef82f69c4	bfea6321fd3710f8
sin	c021a59ef82f69c4	bfe21a555406bbf4
cos	3dce2279d85b2fb0	3ff0000000000000
sin	3dce2279d85b2fb0	3dce227a34c4c662
cos	4020b81e4c731dea	bfdeffa7908aa238
sin	4020b81e4c731dea	3febfef3e2d79f98
cos	3e0ff59d8f2b22de	3ff0000000000000
sin	3e0ff59d8f2b22de	3e0ff59da34c4c66
cos	c0233f0c4201387c	bfef5f5c1a535bbb
sin	c0233f0c4201387c	3fc93965d573d75b
cos	4006ba8e92e5bef0	bfee90e773ea11aa
sin	4006ba8e92e5bef0	3fd2f1a287dbe5a7
cos	3df8b50cf66a57c9	3ff0000000000000
sin	3df8b50cf66a57c9	3df8b50d469898cc
cos	c01dfffd8bf9505a	3fd62f6ab7d59e0d
sin	c01dfffd8bf9505a	bfee0411b9658f51
cos	3e0bc612749a3859	3ff0000000000000
sin	3e0bc612749a3859	3e0bc612a34c4c66
cos	c01faf1c78646796	bfb1254a00a06d05
sin	c01faf1c78646796	bfefed9b227b8028
cos	c00921fb544428fd	bff0000000000000
sin	c00921fb544428fd	bd6071a79394ca00
cos	c01eb8a07eeda7ae	3fc61ea36e571954
sin	c01eb8a07eeda7ae	bfef84c0b819c697
cos	3e070040110e9c0c	3ff0000000000000
sin	3e070040110e9c0c	3e070040234c4c66
cos	c000ce103d54dddd	bfe02c0f99c79ea4
sin	c000ce103d54dddd	bfeb9cdbc1a3fd48
cos	c0100406b431cbac	bfe4d23b220d4f94
sin	c0100406b431cbac	3fe84cbb49fd0887
cos	c01a130e92c628f2	3fef1e06b1c1184c
sin	c01a130e92c628f2	bfcddb574daf30e2
cos	3e0d7dd87aa6aa66	3ff0000000000000
sin	3e0d7dd87aa6aa66	3e0d7dd8a34c4c66
cos	c0202a33b31ff012	bfccfcb741310108
sin	c0202a33b31ff012	bfef2b2bdbee4bf0
cos	4022d561cdd75dd4	bfefffbc9eca26dd
sin	4022d561cdd75dd4	3f806ab9e93f780e
cos	c021086aaf091074	bfe3ae8a6f73a130
sin	c021086aaf091074	bfe93b41327dea9c
cos	3ff161d73f7f646a	3fddcdcbcdcffb51
sin	3ff161d73f7f646a	3fec5182f0f5ea48
cos	c011bc59fda8f541	bfd1976e0f5af46b
sin	c011bc59fda8f541	3feec4761c6f4f52
cos	c032d97c7f3321c9	3ff0000000000000
sin	c032d97c7f3321c9	3d2372b7f84c0000
cos	4018a82d9c0b0e00	3fefc61d5e94c4be
sin	4018a82d9c0b0e00	bfbe610f6a311f88
cos	400190388bb66448	bfe2b69e67afa520
sin	400190388bb66448	3fe9f536247dbc6b
cos	3df5e87e032a0585	3ff0000000000000
sin	3df5e87e032a0585	3df5e87e469898cc
cos	3fecac163ec965a4	3fe3fdd030dcda13
sin	3fecac163ec965a4	3fe8fca0cde522dc
cos	be013468c2b4edad	3ff0000000000000
sin	be013468c2b4edad	be013468dcb3b39a
cos	c01fbc43612b6a8a	bfb46cbdc5728f61
sin	c01fbc43612b6a8a	bfefe5e29a97c809
cos	403c463abeccb2df	bff0000000000000
sin	403c463abeccb2df	bd421a7eeed38000
cos	4023771068bd1f5c	bfee7f1280f75b19
sin	4023771068bd1f5c	bfd3634273b0729d
cos	4022414394a72330	bfee989a2d52b6a2
sin	4022414394a72330	3fd2bfab4bd532ac
cos	bdf05b245c207719	3ff0000000000000
sin	bdf05b245c207719	bdf05b23b9676734
cos	3e061d64138bb470	3ff0000000000000
sin	3e061d64138bb470	3e061d64234c4c66
cos	bff64ef92b1f60c4	3fc67a13eb352e33
sin	bff64ef92b1f60c4	bfef80b56ace4057
cos	bdfc6d767622f14b	3ff0000000000000
sin	bdfc6d767622f14b	bdfc6d75b9676734
cos	bdfbdfb8fc2b2971	3ff0000000000000
sin	bdfbdfb8fc2b2971	bdfbdfb8b9676734
cos	c02c463abeccb316	bd46ac2515069000
sin	c02c463abeccb316	bff0000000000000
cos	3ddf70b98c79579f	3ff0000000000000
sin	3ddf70b98c79579f	3ddf70b91a626331
cos	3dfd6f80bbaa3e6d	3ff0000000000000
sin	3dfd6f80bbaa3e6d	3dfd6f81469898cc
cos	c022cf70f3a2a089	bfeffe6c659e22a0
sin	c022cf70f3a2a089	bf9416c2aa28ef8f
cos	c020ebe1c127b234	bfe23eea6a15bbde
sin	c020ebe1c127b234	bfea49e3ac9d740b
cos	3e08cd4f3b207294	3ff0000000000000
sin	3e08cd4f3b207294	3e08cd4f234c4c66
cos	be02f00ad4f70460	3ff0000000000000
sin	be02f00ad4f70460	be02f00adcb3b39a
cos	c0218e46d01dadd4	bfe988e2c4bc5f7a
sin	c0218e46d01dadd4	bfe3496830ebc371
cos	c01921fb54442d43	3ff0000000000000
sin	c01921fb54442d43	bd2553e0a0806000
cos	c0223ce2ab68363d	bfee83cb0298d077
sin	c0223ce2ab68363d	bfd34575758cbc7a
cos	bde3525e20664c7f	3ff0000000000000
sin	bde3525e20664c7f	bde3525d72cece68
cos	4022dd8352bcd046	bfefffbf24ea4d9a
sin	4022dd8352bcd046	bf801b434517a460
cos	3ff17f7dac4bea6e	3fdd64a446111b65
sin	3ff17f7dac4bea6e	3fec6cefc30d1850
cos	3de1d7a779e6c75b	3ff0000000000000
sin	3de1d7a779e6c75b	3de1d7a88d313198
cos	be0788ff0b38ed88	3ff0000000000000
sin	be0788ff0b38ed88	be0788fedcb3b39a
cos	401351212ae7fe41	3fbdd7c1fc510be6
sin	401351212ae7fe41	bfefc825c559e003
cos	bdf2659c06465904	3ff0000000000000
sin	bdf2659c06465904	bdf2659bb9676734
cos	40183505ecee624a	3fef25a4bac61b13
sin	40183505ecee624a	bfcd5b2eeb868600
cos	3e1125a30849ddc3	3ff0000000000000
sin	3e1125a30849ddc3	3e1125a311a62633
cos	4022b4f1e0ed2dfa	bfefeb252600f59b
sin	4022b4f1e0ed2dfa	3fb24156df6ff2fe
cos	c01af928c1a65986	3fecabf94cbcb002
sin	c01af928c1a65986	bfdc6b9dc748b425
cos	3ff32b8ff0dc2454	3fd74d5571be98d6
sin	3ff32b8ff0dc2454	3fedcdb73ab0d241
cos	c015761dd4b40166	3fe370f6b60f0766
sin	c015761dd4b40166	3fe96ad1b775a830
cos	403ab41b09887007	bd3d34fddda70000
sin	403ab41b09887007	3ff0000000000000
cos	bff2d7d595ef6c12	3fd883fd657fc417
sin	bff2d7d595ef6c12	bfed8f27f836467e
cos	40160584ba90bba6	3fe6cc7c82ea601a
sin	40160584ba90bba6	bfe6746a9790250d
cos	3ffbaa02bdc2899c	bfc42aa1a2c95119
sin	3ffbaa02bdc2899c	3fef99b05b074f25
cos	bff4e2cdd1aa4f42	3fd0c9d45b04c1c0
sin	bff4e2cdd1aa4f42	bfeee120747c9bb2
cos	3e0c4a1f3b8029a0	3ff0000000000000
sin	3e0c4a1f3b8029a0	3e0c4a1f234c4c66
cos	401e754bf61cb384	3fce5b066400e583
sin	401e754bf61cb384	3fef164d2cbb2b19
cos	c01335ec81ea2570	3fb713f89cf1357f
sin	c01335ec81ea2570	3fefdea51a110667
cos	40172f8783e5d0b4	3fec487c772fd453
sin	40172f8783e5d0b4	bfddeffffa854693
cos	401b4f830b37799e	3feb5f7b73b44fca
sin	401b4f830b37799e	3fe0931e667a149c
cos	c012bf109fd6a278	bf9a6b1f3cdced73
sin	c012bf109fd6a278	3feffd45f316d8cf
cos	4020a91809a186ea	bfdd57acd34e410f
sin	4020a91809a186ea	3fec7048ef8bef16
cos	401580cc23506c84	3fe3b48fbced9f94
sin	401580cc23506c84	bfe9368dbf80567b
cos	4035fdbbe9bba758	bff0000000000000
sin	4035fdbbe9bba758	3d3db95bfc260000
cos	c00d2aa36b0a854c	bfec047dcc53a00a
sin	c00d2aa36b0a854c	3fdeeb9cda59c0d3
cos	bdfa8c4171734f47	3ff0000000000000
sin	bdfa8c4171734f47	bdfa8c40b9676734
cos	40127c8c92950125	bfb733d193676f13
sin	40127c8c92950125	bfefde489a773373
cos	40206ebdc4fbf7d4	bfd6af10ce2edaf2
sin	40206ebdc4fbf7d4	3fedec2e23820229
cos	4023faf86c11870d	bfeb051ef6fb279d
sin	4023faf86c11870d	bfe124e245b4e94a
cos	3dfbb9081be2d29a	3ff0000000000000
sin	3dfbb9081be2d29a	3dfbb908469898cc
cos	401933e51c8bc8ad	3feffebf200094ea
sin	401933e51c8bc8ad	3f91e98c67b69268
cos	c012d97c7f332318	3d545cb0d8d66c00
sin	c012d97c7f332318	3ff0000000000000
cos	3fff9e4bf45831e6	bfd93ce0df80e2b3
sin	3fff9e4bf45831e6	3fed6827d48c189d
cos	40238bae20ae60b2	bfee14d8ad761dde
sin	40238bae20ae60b2	bfd5d3c85c9d2df0
cos	bdf109b6122de56c	3ff0000000000000
sin	bdf109b6122de56c	bdf109b5b9676734
cos	401d0a3f84c9dafe	3fe1e8b903b188a5
sin	401d0a3f84c9dafe	3fea84e6bf65a975
cos	c0227ac3679ed83a	bfef743473909822
sin	c0227ac3679ed83a	bfc78bbfef2edd54
cos	401066ee18ea67bc	bfe2617cb938820f
sin	401066ee18ea67bc	bfea31c34444300d
cos	3dde6ca503d4a2b8	3ff0000000000000
sin	3dde6ca503d4a2b8	3dde6ca51a626331
cos	c019344e1f9ab222	3feffeb042ec0ca3
sin	c019344e1f9ab222	bf92528b415681ae
cos	400d8f49a3857f0c	bfeb3967180aee01
sin	400d8f49a3857f0c	bfe0d16111bd9496
cos	3e0bf0815fa4cae0	3ff0000000000000
sin	3e0bf0815fa4cae0	3e0bf081a34c4c66
cos	402388b8b66069da	bfee24dcd14162a9
sin	402388b8b66069da	bfd57ab078679f1d
cos	401e9ec925f3f41e	3fc94b3a0118f805
sin	401e9ec925f3f41e	3fef5e766ad17f9b
cos	c03dd85a7410f557	bd4ae9ea9ab94000
sin	c03dd85a7410f557	3ff0000000000000
cos	c017e5a84f2326f0	3fee7c3c1ca265af
sin	c017e5a84f2326f0	3fd37513d0119b00
cos	40041633de19eaf1	bfe9d7bb7bd09604
sin	40041633de19eaf1	3fe2df3f478c0db9
cos	4008149f6bef3355	bfefb93f9001a5eb
sin	4008149f6bef3355	3fc0c9546b73138e
cos	bdd533fecd73d7c7	3ff0000000000000
sin	bdd533fecd73d7c7	bdd533fee59d9ccf
cos	c023a45cfe212936	bfed8542ab839717
sin	c023a45cfe212936	3fd8b381463008a5
cos	402921fb54442d02	3ff0000000000000
sin	402921fb54442d02	bd263dc585b2c000
cos	bdf1c3c1bf2c0e40	3ff0000000000000
sin	bdf1c3c1bf2c0e40	bdf1c3c1b9676734
cos	4022b2c5f9151407	bfefe8981332adab
sin	4022b2c5f9151407	3fb3568aad031429
cos	3e0c647689366ba9	3ff0000000000000
sin	3e0c647689366ba9	3e0c6476a34c4c66
cos	c03921fb54442d58	3ff0000000000000
sin	c03921fb54442d58	bd500d3f7769c000
cos	bde6d575f7c2fd9f	3ff0000000000000
sin	bde6d575f7c2fd9f	bde6d57572cece68
cos	4012e87567514742	3f8df18a500c8e7e
sin	4012e87567514742	bfefff1fd59fe131
cos	400921fb5444294d	bff0000000000000
sin	400921fb5444294d	3d5e591a62633100
cos	c015542d444c70b8	3fe2969b2d79d653
sin	c015542d444c70b8	3fea0c2c4adcb390
cos	4004fb589132ea57	bfebc9ca20797c9c
sin	4004fb589132ea57	3fdfbcbe33f5c064
cos	4012885c688a62de	bfb44297b489d661
sin	4012885c688a62de	bfefe64e1ead0952
cos	c02f6a7a29553963	bff0000000000000
sin	c02f6a7a29553963	3d6049eee2de7400
cos	3dc246c472b55a40	3ff0000000000000
sin	3dc246c472b55a40	3dc246ca34c4c662
cos	40128cc8bb31dfc8	bfb3285a2eece54e
sin	40128cc8bb31dfc8	bfefe9078572ae95
cos	40123a6afcd7dfd5	bfc3cdbde656ad3e
sin	40123a6afcd7dfd5	bfef9d5c15e71b60
cos	c00388329c87a63f	bfe8791ce66616ac
sin	c00388329c87a63f	bfe49dfe8e667c6d
cos	4032d97c7f332202	3ff0000000000000
sin	4032d97c7f332202	3d47a7bb8b79d000
cos	3df0ff1c839b3681	3ff0000000000000
sin	3df0ff1c839b3681	3df0ff1d469898cc
cos	3deb112fbf197231	3ff0000000000000
sin	3deb112fbf197231	3deb11308d313198
cos	403c463abeccb24b	bff0000000000000
sin	403c463abeccb24b	3d5bf2c088964000
cos	c02262a89bbbb1cf	bfef245cfbfe8129
sin	c02262a89bbbb1cf	bfcd70e24788202e
cos	40226dfb41dd7053	bfef4c146e37c909
sin	40226dfb41dd7053	3fcaaddd7e0d26c0
cos	c00e169080a9e3eb	bfea0e070410addf
sin	c00e169080a9e3eb	3fe29401adf79238
cos	3e0ffb073cecd7b2	3ff0000000000000
sin	3e0ffb073cecd7b2	3e0ffb07234c4c66
cos	403921fb54442d7e	3ff0000000000000
sin	403921fb54442d7e	3d594f743c302000
cos	40103c465f718481	bfe374a7f6fef90a
sin	40103c465f718481	bfe967fe481c32c5
cos	c0177649359000fc	3fed3fc826925632
sin	c0177649359000fc	3fd9f5e5a9c5333a
cos	c0104354a2e2a5f5	bfe347b9346a1b90
sin	c0104354a2e2a5f5	3fe98a28363564e2
cos	be0a9fdf53906047	3ff0000000000000
sin	be0a9fdf53906047	be0a9fdf5cb3b39a
cos	c01495e9466cd3ce	3fdae9a7e3f8d543
sin	c01495e9466cd3ce	3fed087f74bd1512
cos	400f9f210da85605	bfe609cc7fac9c43
sin	400f9f210da85605	bfe7339c39fd8301
cos	4019d59a8be2818b	3fef824a9a0b433a
sin	4019d59a8be2818b	3fc656788cf3679c
cos	bffcacd5fdef14a0	bfcc1bb5750a5a05
sin	bffcacd5fdef14a0	bfef380a95ce238a
cos	3e01801996ac79fe	3ff0000000000000
sin	3e01801996ac79fe	3e018019a34c4c66
cos	bff454d9706ef886	3fd2eb12bd306217
sin	bff454d9706ef886	bfee91eb87d7a292
cos	bff339e216498140	3fd717f21ab6ddf0
sin	bff339e216498140	bfedd818efee7b12
cos	401f8dbfee1033d2	bfa1a1fdd0753e5a
sin	401f8dbfee1033d2	3feffb23f8aef5e3
cos	3e0673ca5f10be72	3ff0000000000000
sin	3e0673ca5f10be72	3e0673caa34c4c66
cos	c01f6a7a29553798	3d48cb07d7dfe800
sin	c01f6a7a29553798	bff0000000000000
cos	400c39312b9434a8	bfeda43974742917
sin	400c39312b9434a8	bfd81d662802a394
cos	be02088bb9794ada	3ff0000000000000
sin	be02088bb9794ada	be02088b5cb3b39a
cos	c01fbe6ff1f3e33c	bfb4f76d5f2f0985
sin	c01fbe6ff1f3e33c	bfefe47aa6b51527
cos	c032d97c7f3321c5	3ff0000000000000
sin	c032d97c7f3321c5	3d2b72b7f84c0000
cos	3e054369830e4734	3ff0000000000000
sin	3e054369830e4734	3e054369a34c4c66
cos	40163918ceceb667	3fe7e681c3c5ab04
sin	40163918ceceb667	bfe54744d02a7033
cos	4009d851dc15c7a8	bfefdf8db3977ae6
sin	4009d851dc15c7a8	bfb6c31c61752522
cos	40186b12e09bd3ea	3fef7da983ad39bb
sin	40186b12e09bd3ea	bfc6bdfb627abba4
cos	402375ecc2f5ea77	bfee849326bb28ed
sin	402375ecc2f5ea77	bfd340811eaef3ac
cos	c0211839b3a62a63	bfe4738b9f3040e3
sin	c0211839b3a62a63	bfe89ca113a01cef
cos	c023c74528cab912	bfec9c4f57e145bb
sin	c023c74528cab912	3fdcaa7cae2504aa
cos	be02141f006324dc	3ff0000000000000
sin	be02141f006324dc	be02141edcb3b39a
cos	c012b69034b5da1c	bfa175476bb09ae6
sin	c012b69034b5da1c	3feffb3c8060360f
cos	c020b0f1b8865d30	bfde36092779744f
sin	c020b0f1b8865d30	bfec35d82b6e4214
cos	bfe9d4295a26e370	3fe6214433e99f24
sin	bfe9d4295a26e370	bfe71d3b162a7a25
cos	c032d97c7f3321ec	3ff0000000000000
sin	c032d97c7f3321ec	bd3a46a403da0000
cos	403c463abeccb334	bff0000000000000
sin	403c463abeccb334	bd5e0d3f7769c000
cos	402397d7e325132c	bfedd04ecada019d
sin	402397d7e325132c	bfd7400e458cebf4
cos	be04e86581ff0522	3ff0000000000000
sin	be04e86581ff0522	be04e8655cb3b39a
cos	c01921fb54442d20	3ff0000000000000
sin	c01921fb54442d20	bcfe9f0504030000
cos	c03ab41b09886f6e	3d5ef2c088964000
sin	c03ab41b09886f6e	bff0000000000000
cos	c01856e77229642a	3fef5f6e73094b4f
sin	c01856e77229642a	3fc937f8b280f11b
cos	c00b6c900ee4ef00	bfeeb2472155aaee
sin	c00b6c900ee4ef00	3fd214c02c0087a8
cos	c01c552df496ac18	3fe64b6f295a1e23
sin	c01c552df496ac18	bfe6f491901a7529
cos	40202d8fdf1da095	bfcdce02bb407271
sin	40202d8fdf1da095	3fef1ed326d51db5
cos	bdf97aad99f4dd92	3ff0000000000000
sin	bdf97aad99f4dd92	bdf97aadb9676734
cos	c025fdbbe9bba6d1	bd5487b8b0b65800
sin	c025fdbbe9bba6d1	3ff0000000000000
cos	4022364e4c1ed547	bfee637316b678f7
sin	4022364e4c1ed547	3fd40dd2122313cb
cos	40237c4869031489	bfee655f494a54ae
sin	40237c4869031489	bfd40226ef16328e
cos	402921fb54442c4b	3ff0000000000000
sin	402921fb54442c4b	bd59a7b8b0b65800
cos	c022d97c7f3321db	bff0000000000000
sin	c022d97c7f3321db	3d118474f49a8000
cos	be0e7e8cdea727ba	3ff0000000000000
sin	be0e7e8cdea727ba	be0e7e8cdcb3b39a
cos	3ffeb0b0585eec64	bfd5c9167e40d80a
sin	3ffeb0b0585eec64	3fee16c8cb25dc56
cos	c01156c093f88831	bfd799b152b13726
sin	c01156c093f88831	3fedbeae1426ff9e
cos	c0378fdb9effeaa5	3d578f743c302000
sin	c0378fdb9effeaa5	3ff0000000000000
cos	3e0a594b8d8170fa	3ff0000000000000
sin	3e0a594b8d8170fa	3e0a594ba34c4c66
cos	403921fb54442c9e	3ff0000000000000
sin	403921fb54442c9e	bd5eb08bc3cfe000
cos	c013f47c2b6fbe4f	3fd1768f3b70c85c
sin	c013f47c2b6fbe4f	3feec9242d438b5d
cos	be09d89445089d73	3ff0000000000000
sin	be09d89445089d73	be09d8945cb3b39a
cos	403dd85a7410f537	bd5574f54d5ca000
sin	403dd85a7410f537	bff0000000000000
cos	bdf556cb9eff15d8	3ff0000000000000
sin	bdf556cb9eff15d8	bdf556cbb9676734
cos	c0169fec3ea2fb35	3fe9e9c253862c43
sin	c0169fec3ea2fb35	3fe2c677008eac20
cos	bff11659273dd3ce	3fded7b6b5e3c72f
sin	bff11659273dd3ce	bfec09f8fa76761f
cos	c01394eb3751bdc4	3fc74c679065bd2f
sin	c01394eb3751bdc4	3fef7727089e9e17
cos	401b53fe4ded36d5	3feb4cd86adc30ae
sin	401b53fe4ded36d5	3fe0b1bef50ebb91
cos	c021741a00631b56	bfe8840a215688c7
sin	c021741a00631b56	bfe490ff2e43ba40
cos	4025fdbbe9bba845	3d59f8474f49a800
sin	4025fdbbe9bba845	bff0000000000000
cos	be0c0da77d574db4	3ff0000000000000
sin	be0c0da77d574db4	be0c0da75cb3b39a
cos	401d9de6b87d6344	3fdbd33f40c5a485
sin	401d9de6b87d6344	3fecd13dfd98a4de
cos	c01250d4376ded6d	bfc10810df6f279e
sin	c01250d4376ded6d	3fefb728788a6e82
cos	c01f6a7a295537ed	3d3c560fafbfd000
sin	c01f6a7a295537ed	bff0000000000000
cos	3fe3428b58fbdf40	3fea6079339508a3
sin	3fe3428b58fbdf40	3fe21e350da6dbc8
cos	4013773c61ca447a	3fc3a40af25a4580
sin	4013773c61ca447a	bfef9efc41252810
cos	3df98ad7a9571311	3ff0000000000000
sin	3df98ad7a9571311	3df98ad8469898cc
cos	bf7fca64c6cafc00	3fefffc0d5ce125c
sin	bf7fca64c6cafc00	bf7fca4fdbfd042a
cos	c032d97c7f332250	3ff0000000000000
sin	c032d97c7f332250	bd5f91a900f68000
cos	bffab3e08edeef26	bfb914039251d6e0
sin	bffab3e08edeef26	bfefd89919bfc234
cos	c014e3a5c7b9ca02	3fdf3d324e935314
sin	c014e3a5c7b9ca02	3febedd49ac792dd
cos	c015ee1addaf26e0	3fe6478937ef12b1
sin	c015ee1addaf26e0	3fe6f85a2426228d
cos	4021a1b170602c3e	bfea3f61b31226e7
sin	4021a1b170602c3e	3fe24e04df763a2f
cos	3ff3bd7f35fc5776	3fd529fdbdf8770a
sin	3ff3bd7f35fc5776	3fee331e8fcbda8b
cos	3df225e8a307e2e3	3ff0000000000000
sin	3df225e8a307e2e3	3df225e9469898cc
cos	3ff921fb54442f22	bd404dcb3b399e00
sin	3ff921fb54442f22	3ff0000000000000
cos	3de18d249ca8715f	3ff0000000000000
sin	3de18d249ca8715f	3de18d248d313198
cos	c015b65a4819e7b3	3fe4ff155db04f7e
sin	c015b65a4819e7b3	3fe8260482669044
cos	c011ecb42e5d70bf	bfcd55b2897713c4
sin	c011ecb42e5d70bf	3fef25f76cc7b8bb
cos	bdf42be5cc0521a0	3ff0000000000000
sin	bdf42be5cc0521a0	bdf42be5b9676734
cos	c03f6a7a295537f1	3ff0000000000000
sin	c03f6a7a295537f1	3d5b772a12230000
cos	4032d97c7f3321f3	3ff0000000000000
sin	4032d97c7f3321f3	3d40a7bb8b79d000
cos	401dc93d8f457ea1	3fd95c9809782acd
sin	401dc93d8f457ea1	3fed6154bceeedf5
cos	c00a3b2e90bfaa09	bfefb2e6a85ddf8b
sin	c00a3b2e90bfaa09	3fc18514221d1e2d
cos	400d4c74ab396ded	bfebc229e89361bd
sin	400d4c74ab396ded	bfdfd7649296a092
cos	3de974b984a925ee	3ff0000000000000
sin	3de974b984a925ee	3de974ba8d313198
cos	3e00a2df2f8279ff	3ff0000000000000
sin	3e00a2df2f8279ff	3e00a2df234c4c66
cos	401e65b7a5d59b50	3fd01f36441b07e4
sin	401e65b7a5d59b50	3feef7d2f5970b20
cos	40169e4d1a729077	3fe9e22399fb66b9
sin	40169e4d1a729077	bfe2d0f6dc3a0264
cos	3fe22ff893cc180c	3feaf81c9c988097
sin	3fe22ff893cc180c	3fe13951f9807de6
cos	3fe40110a92499c8	3fe9f2c9616dd4c6
sin	3fe40110a92499c8	3fe2b9fb0607a21d
cos	403dd85a7410f5a3	3d362c2aca8d8000
sin	403dd85a7410f5a3	bff0000000000000
cos	c0167428ae80ff23	3fe916582bbc341a
sin	c0167428ae80ff23	3fe3dd8127fa69d4
cos	3feeae79a7b10074	3fe262564beee32b
sin	3feeae79a7b10074	3fea312a92c481ac
cos	c0176c34692cb96a	3fed1eb48740349f
sin	c0176c34692cb96a	3fda8901ae4155fd
cos	c020c2129fd81d1c	bfe00a68e91390f0
sin	c020c2129fd81d1c	bfebb075b6375e99
cos	3df6beb1665235ee	3ff0000000000000
sin	3df6beb1665235ee	3df6beb1469898cc
cos	c01f6a7a2955367b	3d5e3583ebeff400
sin	c01f6a7a2955367b	bff0000000000000
cos	3de8ede4e19ae1dd	3ff0000000000000
sin	3de8ede4e19ae1dd	3de8ede48d313198
cos	3ff39a900aaeab26	3fd5adaaff813a41
sin	3ff39a900aaeab26	3fee1bbbda85d81d
cos	400f3851a88cc8cc	bfe72cbc79de2677
sin	400f3851a88cc8cc	bfe61106e212b819
cos	bfff26ceaf69ac30	bfd782f74ca9f818
sin	bfff26ceaf69ac30	bfedc32d9cbeec95
cos	be0e5591199b54c6	3ff0000000000000
sin	be0e5591199b54c6	be0e5590dcb3b39a
cos	c021400436facb8e	bfe64cea3c00296d
sin	c021400436facb8e	bfe6f3214eb056a5
cos	3e0bf02079cbed5f	3ff0000000000000
sin	3e0bf02079cbed5f	3e0bf020a34c4c66
cos	4015575490c96852	3fe2ab1e6e81f796
sin	4015575490c96852	bfe9fd7c9fe0423a
cos	401d84f9616e00f0	3fdd384490a31af7
sin	401d84f9616e00f0	3fec785d6746a1f5
cos	c03921fb54442ca3	3ff0000000000000
sin	c03921fb54442ca3	3d5d72c088964000
cos	c0223599d544ea16	bfee5fe871c2c870
sin	c0223599d544ea16	bfd4233cdb6c9fe3
cos	bfef2467af5acecc	3fe20153b7da240a
sin	bfef2467af5acecc	bfea743868734f6b
cos	3ffe89c482b35940	bfd536735f095034
sin	3ffe89c482b35940	3fee30ef03c2431e
cos	401f6a7a29553a8e	bd617d3e0a080600
sin	401f6a7a29553a8e	3ff0000000000000
cos	401f3d8d06ac616b	3fa674b917f77aac
sin	401f3d8d06ac616b	3feff81df34d46e3
cos	c025fdbbe9bba883	3d60dc23a7a4d400
sin	c025fdbbe9bba883	3ff0000000000000
cos	4031475cc9eedeff	bcfb088e90c60000
sin	4031475cc9eedeff	bff0000000000000
cos	c022b8b11fbb1f26	bfefef3392bbb61c
sin	c022b8b11fbb1f26	bfb062d11a401140
cos	bff4b11a216e5658	3fd1895aa2f8a0e7
sin	bff4b11a216e5658	bfeec6784fe64d5a
cos	c03f6a7a29553823	3ff0000000000000
sin	c03f6a7a29553823	3d4dee5424460000
cos	3feb927dcd215f90	3fe4d6a090208e95
sin	3feb927dcd215f90	3fe848f646595c1d
cos	bdae38903ed9fb3d	3ff0000000000000
sin	bdae38903ed9fb3d	bdae38972cece678
cos	3fe9386a10d1dbf4	3fe690bc1e1f1893
sin	3fe9386a10d1dbf4	3fe6b075903b7d96
cos	c0171ef90a7d08cd	3fec0995b790ad80
sin	c0171ef90a7d08cd	3fded91f9f10ef5b
cos	c011a9189118c45f	bfd2bed69dc49936
sin	c011a9189118c45f	3fee98bac16926f8
cos	4017c9deb5f46ba4	3fee35c93a468dcd
sin	4017c9deb5f46ba4	bfd51abf19d3bf5c
cos	4021713c6046b054	bfe86678fd02409b
sin	4021713c6046b054	3fe4b40ab89e29f9
cos	3dfa5d7e50b9d230	3ff0000000000000
sin	3dfa5d7e50b9d230	3dfa5d7e469898cc
cos	c0217973c78cf153	bfe8bab7d5ec3e01
sin	c0217973c78cf153	bfe44f1f4c330fe6
cos	401921fb54442ceb	3ff0000000000000
sin	401921fb54442ceb	bd269a79394ca000
cos	3ffee5fcb71bda06	bfd691125bd4d083
sin	3ffee5fcb71bda06	3fedf1d912719143
cos	c00f53fd767aac15	bfe6dfdf16086edb
sin	c00f53fd767aac15	3fe660aaef691e25
cos	40378fdb9effe9f8	bd53b08bc3cfe000
sin	40378fdb9effe9f8	bff0000000000000
cos	3df5d1b97f160175	3ff0000000000000
sin	3df5d1b97f160175	3df5d1b9469898cc
cos	bdd66e5afb8290bf	3ff0000000000000
sin	bdd66e5afb8290bf	bdd66e5ae59d9ccf
cos	be06b65b72dfc8c9	3ff0000000000000
sin	be06b65b72dfc8c9	be06b65b5cb3b39a
cos	3db4d7964ec254ad	3ff0000000000000
sin	3db4d7964ec254ad	3db4d79469898cc4
cos	3fcceebf473af950	3fef2f9d96cae522
sin	3fcceebf473af950	3fccafd63c405499
cos	c013e10ba4d734e0	3fd04a8aad80c3ec
sin	c013e10ba4d734e0	3feef2273068efd0
cos	c014b72422d82d42	3fdcc8544b8a98d5
sin	c014b72422d82d42	3fec94d0ded1eb8e
cos	be02f618e7cea487	3ff0000000000000
sin	be02f618e7cea487	be02f618dcb3b39a
cos	4015f9857da9c01f	3fe688bd6478051a
sin	4015f9857da9c01f	bfe6b8664fd669b0
cos	bdf21091f43447e4	3ff0000000000000
sin	bdf21091f43447e4	bdf21091b9676734
cos	bff9cde7667afb36	bfa57be4c6b7685f
sin	bff9cde7667afb36	bfeff8c8f1cc925d
cos	bfe1e30cddd207ec	3feb21358c0a6163
sin	bfe1e30cddd207ec	bfe0f84c89d49b89
cos	4021e39737bf0662	bfec6142970ad2fc
sin	4021e39737bf0662	3fdd91a3a3094fd6
cos	40238da6ac76b6e9	bfee0a08dcb25dcd
sin	40238da6ac76b6e9	bfd60f073154f72a
cos	40123f93dcc69ecc	bfc32a8e8f795ac3
sin	40123f93dcc69ecc	bfefa3a4a9cd35b5
cos	4000dbfbb27237a2	bfe05c029f9be948
sin	4000dbfbb27237a2	3feb808e6f071076
cos	bdf9d050800bf132	3ff0000000000000
sin	bdf9d050800bf132	bdf9d050b9676734
cos	c00232ad4b814a42	bfe4b620d9bd45d5
sin	c00232ad4b814a42	bfe864b3a23efc50
cos	400892445acbbaa3	bfefebd6a2f85e43
sin	400892445acbbaa3	3fb1f3192fca55e6
cos	4004f34bc54279a8	bfebb9c450809402
sin	4004f34bc54279a8	3fdff49a93a1be10
cos	40235b5bc4ed568b	bfeef9dddc700923
sin	40235b5bc4ed568b	bfd00f7c6155fe40
cos	bdedf5f25cac8a1e	3ff0000000000000
sin	bdedf5f25cac8a1e	bdedf5f172cece68
cos	bfa33a9f5e9e2c80	3feffa39282e0f34
sin	bfa33a9f5e9e2c80	bfa3397723f26f49
cos	c006a32c8ba07825	bfee74b5a0cd6407
sin	c006a32c8ba07825	bfd3a3fee6ac0672
cos	403ab41b09886f6b	3d5fb2c088964000
sin	403ab41b09886f6b	3ff0000000000000
cos	be024e27c830d309	3ff0000000000000
sin	be024e27c830d309	be024e27dcb3b39a
cos	bde8240bd44db312	3ff0000000000000
sin	bde8240bd44db312	bde8240b72cece68
cos	4031475cc9eedec5	bd4dd84474863000
sin	4031475cc9eedec5	bff0000000000000
cos	c004352d8f093291	bfea200b42b423fc
sin	c004352d8f093291	bfe27aa33681a273
cos	4025fdbbe9bba823	3d55b8474f49a800
sin	4025fdbbe9bba823	bff0000000000000
cos	40220e7aca0f0854	bfed847583edc747
sin	40220e7aca0f0854	3fd8b755a6d1f94a
cos	401921fb54442d2f	3ff0000000000000
sin	401921fb54442d2f	3d16cb0d8d66c000
cos	4013711b304ae9ba	3fc2e220a95b2e4a
sin	4013711b304ae9ba	bfefa65d60b7c6a5
cos	402084c5292444ac	bfd93ca61cd4a08c
sin	402084c5292444ac	3fed68346ffe0c52
cos	c02133dfdccae192	bfe5bffeb6d3da1a
sin	c02133dfdccae192	bfe778d9f9a36694
cos	4018001c77b0d5c0	3feeb9f6a8c7984e
sin	4018001c77b0d5c0	bfd1e03c3222969e
cos	40136edd9976ed0c	3fc29b33b1fc53fc
sin	40136edd9976ed0c	bfefa8fd5dabb21b
cos	c022cb5a90d2b366	bfeffce122b4bb55
sin	c022cb5a90d2b366	bf9c42f18a129f9e
cos	bddbb21319ee88ac	3ff0000000000000
sin	bddbb21319ee88ac	bddbb212e59d9ccf
cos	bdf370f4faea26b6	3ff0000000000000
sin	bdf370f4faea26b6	bdf370f4b9676734
cos	c00672989cd02efc	bfee36e4053c863a
sin	c00672989cd02efc	bfd5146ad0e06db9
cos	401ae4ef6c332896	3fecf2625e7671f6
sin	401ae4ef6c332896	3fdb4849b0da8b8f
cos	c014ed46f3f6456c	3fdfc35036959ad9
sin	c014ed46f3f6456c	3febc7e99bbba169
cos	4032d97c7f332225	3ff0000000000000
sin	4032d97c7f332225	3d54d3ddc5bce800
cos	4016a2c8e6af531e	3fe9f72aa44311f6
sin	4016a2c8e6af531e	bfe2b3e7d94df0e3
cos	403ab41b09886f81	3d5a32c088964000
sin	403ab41b09886f81	3ff0000000000000
cos	3de992bbbedf9d01	3ff0000000000000
sin	3de992bbbedf9d01	3de992bc8d313198
cos	3e0cb79513e13997	3ff0000000000000
sin	3e0cb79513e13997	3e0cb795234c4c66
cos	402f6a7a2955381f	bff0000000000000
sin	402f6a7a2955381f	3d3fa7b5d5f2e000
cos	401ffd88bae436e6	bfc251a98f43e71f
sin	401ffd88bae436e6	3fefabab68494fcf
cos	bfebab2b8a028128	3fe4c3dfcd11a960
sin	bfebab2b8a028128	bfe8590127b30a1b
cos	4016ee3f4b20c1b4	3feb45a515b39da6
sin	4016ee3f4b20c1b4	bfe0bd7faa190de1
cos	401c8a8edea503f7	3fe5117d4cfec24e
sin	401c8a8edea503f7	3fe815f745426217
cos	c011292518cfcc20	bfda39c4cef38399
sin	c011292518cfcc20	3fed30a124e35027
cos	3ff3670b684caad4	3fd66f1d4ab1e533
sin	3ff3670b684caad4	3fedf83960f34caf
cos	4020347561e8258f	bfcf7a8d0f038b99
sin	4020347561e8258f	3fef0468c33d4cb3
cos	402108427990cb92	bfe3ac8f1c431961
sin	402108427990cb92	3fe93ccccf93f902
cos	401f6a7a29553794	3d494b07d7dfe800
sin	401f6a7a29553794	3ff0000000000000
cos	bff1f0ce43dfd7d4	3fdbcf2f3da57acd
sin	bff1f0ce43dfd7d4	bfecd238f41febf1
cos	c03c463abeccb2b2	bff0000000000000
sin	c03c463abeccb2b2	bd21a7aa6ae50000
cos	40119794fc4cd718	bfd3ca0ec27fb781
sin	40119794fc4cd718	bfee6e8c231b6e4a
cos	402246546ddb225a	bfeeaff67d82de56
sin	402246546ddb225a	3fd224714b2cd539
cos	be0d8e01aff7d2a4	3ff0000000000000
sin	be0d8e01aff7d2a4	be0d8e015cb3b39a
cos	be06702ce8ddd175	3ff0000000000000
sin	be06702ce8ddd175	be06702cdcb3b39a
cos	c00cc763f85c45cd	bfecbbcb67b9b3b2
sin	c00cc763f85c45cd	3fdc2b6bf094e40f
cos	c01f6a7a295539a8	bd549a7c14100c00
sin	c01f6a7a295539a8	bff0000000000000
cos	401b8c6b4a359b31	3fea56dc0e66ba65
sin	401b8c6b4a359b31	3fe22c2c258ca432
cos	4032d97c7f33223a	3ff0000000000000
sin	4032d97c7f33223a	3d59d3ddc5bce800
cos	3ffb12d4cf4f2672	bfbefa1ca33a88b3
sin	3ffb12d4cf4f2672	3fefc3ce31527beb
cos	be09917dae4093e7	3ff0000000000000
sin	be09917dae4093e7	be09917d5cb3b39a
cos	40237ade3c56ab9a	bfee6c6b501f9528
sin	40237ade3c56ab9a	bfd3d7214a8a2164
cos	402c463abeccb2f3	bd3bd84a2a0d2000
sin	402c463abeccb2f3	3ff0000000000000
cos	bdf58aa91ae6c655	3ff0000000000000
sin	bdf58aa91ae6c655	bdf58aa8b9676734
cos	400e4af53221fb57	bfe9922fcc7827c0
sin	400e4af53221fb57	bfe33d11a25ced40
cos	4031475cc9eedf39	3d4c27bb8b79d000
sin	4031475cc9eedf39	bff0000000000000
cos	be0613345fa97622	3ff0000000000000
sin	be0613345fa97622	be0613345cb3b39a
cos	401921fb54442d36	3ff0000000000000
sin	401921fb54442d36	3d1dcb0d8d66c000
cos	c01fe1717109c34c	bfbdacb43781a1f7
sin	c01fe1717109c34c	bfefc8c704690b36
cos	c015bb8c2732a59e	3fe51e603a369d19
sin	c015bb8c2732a59e	3fe80aab8a27ee98
cos	be00dc2138607204	3ff0000000000000
sin	be00dc2138607204	be00dc20dcb3b39a
cos	401a624349e7f0f8	3fee728d90addee1
sin	401a624349e7f0f8	3fd3b15a220afe0c
cos	c008c4b716336e8b	bfeff781b6630b2e
sin	c008c4b716336e8b	bfa74eff629bc221
cos	4014623c73d9b5c4	3fd7f30e940729a5
sin	4014623c73d9b5c4	bfedaccd49a1c559
cos	3e0613d7b77a7b8e	3ff0000000000000
sin	3e0613d7b77a7b8e	3e0613d7a34c4c66
cos	c025fdbbe9bba7b5	3d3fe11d3d26a000
sin	c025fdbbe9bba7b5	3ff0000000000000
cos	3e0495814701e987	3ff0000000000000
sin	3e0495814701e987	3e049581a34c4c66
cos	be080260ed2fcc86	3ff0000000000000
sin	be080260ed2fcc86	be080260dcb3b39a
cos	bfc8ef8581c0ebd0	3fef650b68ab96fe
sin	bfc8ef8581c0ebd0	bfc8c738b0cb178e
cos	4021aae540c82474	bfea9284027f47d6
sin	4021aae540c82474	3fe1d47f90085770
cos	3debc36928d53a15	3ff0000000000000
sin	3debc36928d53a15	3debc36a8d313198
cos	4032d97c7f33217b	3ff0000000000000
sin	4032d97c7f33217b	bd55ac223a431800
cos	400a8f27c58003bd	bfef7e1e4b428962
sin	400a8f27c58003bd	bfc6b3ddcc2d3e11
cos	4020f6d894ff9fec	bfe2cdf3421bef0c
sin	4020f6d894ff9fec	3fe9e454429cf450
cos	c00420453a4f75cd	bfe9ef6701b34454
sin	c00420453a4f75cd	bfe2beaa9fb5dd31
cos	40346b9c3477643c	3d59ee56ff098000
sin	40346b9c3477643c	3ff0000000000000
cos	400aa6562d921c94	bfef6d27f8520269
sin	400aa6562d921c94	bfc8208195ff7c21
cos	c02f6a7a295537f5	bff0000000000000
sin	c02f6a7a295537f5	bd4a584474863000
cos	c01f6a7a29553648	3d60b2c1f5f7fa00
sin	c01f6a7a29553648	bff0000000000000
cos	c019da3038b91610	3fef7bcf546a4570
sin	c019da3038b91610	bfc6e6df06ee4fe8
cos	400c079c3ba677be	bfedecb8d501e14b
sin	400c079c3ba677be	bfd6ac34ca3f8199
cos	c021cb0ffa853c36	bfeba3ace5f67001
sin	c021cb0ffa853c36	bfe02066411a41c9
cos	c0346b9c347764a6	bd0235201ed00000
sin	c0346b9c347764a6	bff0000000000000
cos	3fe8d56b98375c0c	3fe6d6808aa2723c
sin	3fe8d56b98375c0c	3fe66a3abc0ed072
cos	4019e6baf58863c0	3fef6940f271eebf
sin	4019e6baf58863c0	3fc871499ab056fe
cos	bf6f4453e31a5000	3feffff0b987006b
sin	bf6f4453e31a5000	bf6f444ee97925f3
cos	c01f0b8c4a180caa	3fb7b2c5022ef13b
sin	c01f0b8c4a180caa	bfefdcd2e6bd6649
cos	be0c6d531a6a03be	3ff0000000000000
sin	be0c6d531a6a03be	be0c6d52dcb3b39a
cos	401954f1d45de248	3feff5db51d5990d
sin	401954f1d45de248	3fa9788ec07f8835
cos	bff822366a66c3aa	3faff34bdad3e247
sin	bff822366a66c3aa	bfeff008b5f97050
cos	c0114aa94adc0f2c	bfd84d16d4786406
sin	c0114aa94adc0f2c	3fed9a7b2bd7c2e6
cos	40152e4d9dc68ce4	3fe19cc7738cf27c
sin	40152e4d9dc68ce4	bfeab792fd778aac
cos	3dc526262b754efc	3ff0000000000000
sin	3dc526262b754efc	3dc5262a34c4c662
cos	c020acdc261dc6e4	bfddc2928b59e614
sin	c020acdc261dc6e4	bfec54763a0d6eac
cos	400d807ba4e026ef	bfeb5857def4b4bc
sin	400d807ba4e026ef	bfe09ee2ec601c09
cos	c0172387fa73b66e	3fec1b173a35113d
sin	c0172387fa73b66e	3fde9924ad21624e
cos	40110d4091f14076	bfdbce5230c116ee
sin	40110d4091f14076	bfecd26e45a3e478
cos	3ddb9ec3e91991b3	3ff0000000000000
sin	3ddb9ec3e91991b3	3ddb9ec51a626331
cos	3dc9113555069c2f	3ff0000000000000
sin	3dc9113555069c2f	3dc9113a34c4c662
cos	c1b3917fcbe227b7	3fee4d78293bf5b6
sin	c1b3917fcbe227b7	bfd4912e481ac6e9
cos	3dd34b2de7e6c696	3ff0000000000000
sin	3dd34b2de7e6c696	3dd34b2d1a626331
cos	c1a7ef9af5c6f4cc	3fe98ead2e414269
sin	c1a7ef9af5c6f4cc	3fe341bb21322e02
cos	c1cb728264641afc	3fe890706302a0c6
sin	c1cb728264641afc	3fe4822e393c3dbb
cos	41c0d0b9fbc9d774	3fe3cd2ef5e281ea
sin	41c0d0b9fbc9d774	3fe9233bfaa04995
cos	c1ba2a6b933a0b8a	3fd57bed23598be0
sin	c1ba2a6b933a0b8a	bfee24a46365398d
cos	3e025b89aa529aad	3ff0000000000000
sin	3e025b89aa529aad	3e025b89a34c4c66
cos	c1bbf1f33972da52	3fd5bc588d23376c
sin	c1bbf1f33972da52	bfee191675b83374
cos	c1ab64dca1aea178	3fe0149f00a2c579
sin	c1ab64dca1aea178	bfebaa88d792d7ba
cos	c1c66e95e6e4bb62	3feb90f50e9f6cd5
sin	c1c66e95e6e4bb62	bfe04050a3a95f65
cos	3e106d065ec5166c	3ff0000000000000
sin	3e106d065ec5166c	3e106d0651a62633
cos	41aaf9682bf4e0af	bfec61032ed34ac3
sin	41aaf9682bf4e0af	3fdd929719598ce3
cos	be03c20f36754b4b	3ff0000000000000
sin	be03c20f36754b4b	be03c20edcb3b39a
cos	c1b0ea44dc63f21c	3fea3d5802a86b51
sin	c1b0ea44dc63f21c	3fe250f09d63e357
cos	41c25e6f2d18389b	bfeec3723ae28d94
sin	41c25e6f2d18389b	3fd19e86ce9d1bbe
cos	c1cc36ef838ceb6e	3fafdf91b3fd57ed
sin	c1cc36ef838ceb6e	bfeff01c6d7c5a4e
cos	c1b5af7a44cfb9e4	3fea290d20ebf8a4
sin	c1b5af7a44cfb9e4	3fe26de0aad08d2f
cos	c1b18a3b8377ad17	bfeaa075ca8b9a59
sin	c1b18a3b8377ad17	3fe1bfa5cfaccdf0
cos	41cb9e1e19582dd6	bfed8731208cd3d6
sin	41cb9e1e19582dd6	bfd8aa435bdb95ad
cos	c1c201fd8a981867	3feeb77f43d56f6b
sin	c1c201fd8a981867	bfd1f128d3296072
cos	c1c1a40f475d0aa8	bfcd91c9a2cfbcbf
sin	c1c1a40f475d0aa8	bfef226a1cf7a5ca
cos	41a9face35e3b561	3fea08dd339851ae
sin	41a9face35e3b561	bfe29b3d58cb142a
cos	c032d97c7f3321b9	3ff0000000000000
sin	c032d97c7f3321b9	3d39b95bfc260000
cos	c012d97c7f3321e1	3d0d961b1acd8000
sin	c012d97c7f3321e1	3ff0000000000000
cos	c1bdcb0cd116ae09	3fe765868809a6cc
sin	c1bdcb0cd116ae09	3fe5d4c763a061c8
cos	c1c17eed58789fea	3fe034ad67e2f4cc
sin	c1c17eed58789fea	bfeb97ce1bdedd62
cos	41b3ce5dd1f11888	3fd7f30077dd77ac
sin	41b3ce5dd1f11888	bfedacd01f3db51d
cos	41c09094bc64be0d	bfeffcc1b7a9aee2
sin	41c09094bc64be0d	bf9ccfcd5c5f51e5
cos	41c6a03608ee0602	3fef705f476c2897
sin	41c6a03608ee0602	bfc7dd1a0ceb038a
cos	c1b9a67a577dd8e3	3fea044fe0dd596e
sin	c1b9a67a577dd8e3	3fe2a19a42790d92
cos	bdfbaafd5ebd1a8b	3ff0000000000000
sin	bdfbaafd5ebd1a8b	bdfbaafcb9676734
cos	c00921fb54442cf3	bff0000000000000
sin	c00921fb54442cf3	bd1234f272994000
cos	41cb79d35f739a19	3feb433b1c25b2e6
sin	41cb79d35f739a19	3fe0c16db6b91caa
cos	4194e6a548881d91	bfe92c84a9883939
sin	4194e6a548881d91	bfe3c1602e97d0e7
cos	c03921fb54442d40	3ff0000000000000
sin	c03921fb54442d40	bd441a7eeed38000
cos	41c6bbb7ecf4724e	3fe2b6237005d1e7
sin	41c6bbb7ecf4724e	bfe9f58ed6948638
cos	41c10a08d3d7b4b9	3fedc58ad040f00b
sin	41c10a08d3d7b4b9	3fd776fb32010794
cos	3e04202da093b075	3ff0000000000000
sin	3e04202da093b075	3e04202da34c4c66
cos	c1be55dd9b1bce90	3fecc2ae3034c709
sin	c1be55dd9b1bce90	3fdc0f424233b67c
cos	401921fb54442db4	3ff0000000000000
sin	401921fb54442db4	3d437961b1acd800
cos	c032d97c7f33223d	3ff0000000000000
sin	c032d97c7f33223d	bd5a91a900f68000
cos	4035fdbbe9bba768	bff0000000000000
sin	4035fdbbe9bba768	3d2b72b7f84c0000
cos	4035fdbbe9bba748	bff0000000000000
sin	4035fdbbe9bba748	3d46dcadfe130000
cos	c1bc940d56bfe1e1	bfefe1b72b23ac1b
sin	c1bc940d56bfe1e1	bfb5fe0044b2256a
cos	41bc4226c602f8cf	3fb1dd936565ce42
sin	41bc4226c602f8cf	bfefec06ee075bbe
cos	3e044df6364d0c2b	3ff0000000000000
sin	3e044df6364d0c2b	3e044df6234c4c66
cos	41aa45ed2c350548	3fe21a5f6fdb6df5
sin	41aa45ed2c350548	bfea631b120e8d75
cos	c1b7ed41da4abee8	bfefab94618c7eec
sin	c1b7ed41da4abee8	bfc2542675b64401
cos	c1cbd6a23ab34d57	3fe7cae51386485f
sin	c1cbd6a23ab34d57	3fe566202e577258
cos	4035fdbbe9bba7a8	bff0000000000000
sin	4035fdbbe9bba7a8	bd49235201ed0000
cos	c1c79925ffa0b691	bfe5d5dfecf130aa
sin	c1c79925ffa0b691	3fe76480c1c483a8
cos	c1b26b398a475406	bfdaee52ca5e03d2
sin	c1b26b398a475406	bfed076a72e729d1
cos	4035fdbbe9bba707	bff0000000000000
sin	4035fdbbe9bba707	3d5b6e56ff098000
cos	419071cd5aa813a5	bfe104a659147e41
sin	419071cd5aa813a5	3feb1977e2dce7c4
cos	3de7545778153f72	3ff0000000000000
sin	3de7545778153f72	3de754588d313198
cos	bde4cc6e3bfda930	3ff0000000000000
sin	bde4cc6e3bfda930	bde4cc6d72cece68
cos	be0a8c5d7a74d86d	3ff0000000000000
sin	be0a8c5d7a74d86d	be0a8c5d5cb3b39a
cos	41b501353ccb8087	bfefc2f90f874399
sin	41b501353ccb8087	3fbf308f2ecbd150
cos	3e11024314274c66	3ff0000000000000
sin	3e11024314274c66	3e11024311a62633
cos	c19488d3e7853af3	bfeab72780a632d4
sin	c19488d3e7853af3	3fe19d6a7c66eede
cos	c03921fb54442c9b	3ff0000000000000
sin	c03921fb54442c9b	3d5f72c088964000
cos	41bd503d5b8261f3	3fecfb5673710ea7
sin	41bd503d5b8261f3	3fdb222991434fb1
cos	c1c594cd05089cf7	bfefb839c491c0c8
sin	c1c594cd05089cf7	3fc0e823fec794f0
cos	41cd7273ad060dac	3fe5ec5a2765ca61
sin	41cd7273ad060dac	3fe74f71283a8c3b
cos	41bed22f2101f2f8	bfe8c29ab58e1972
sin	41bed22f2101f2f8	3fe445812ded4b32
cos	41c15ec151047045	3fe50833f0b1ecb1
sin	41c15ec151047045	3fe81e1393db361b
cos	c1c98d5b408be2c9	bfef90a7cd9f1b62
sin	c1c98d5b408be2c9	bfc5083a981c0917
cos	41a222e01a2c71a6	bfef9cbf6eec9494
sin	41a222e01a2c71a6	bfc3dd58c56ad7be
cos	c01921fb54442f23	3ff0000000000000
sin	c01921fb54442f23	bd60553e0a080600
cos	400921fb54442911	bff0000000000000
sin	400921fb54442911	3d601c8d31319880
cos	41b83787c02a6767	bfe66a2d63aee097
sin	41b83787c02a6767	3fe6d68d9dbbe8ff
cos	41c444a6229cd1b5	bfdba386dbed370d
sin	41c444a6229cd1b5	bfecdcb6bcafd092
cos	c1a41c3b193a30d0	3fdb2a3617815ac9
sin	c1a41c3b193a30d0	3fecf973ce39e16e
cos	c02c463abeccb218	3d5469ed757cb800
sin	c02c463abeccb218	bff0000000000000
cos	c022d97c7f332213	bff0000000000000
sin	c022d97c7f332213	3d40308e9e935000
cos	bd5c47a6d0629601	3ff0000000000000
sin	bd5c47a6d0629601	bd5c46e59d9ccf00
cos	c0346b9c34776449	3d56ae56ff098000
sin	c0346b9c34776449	bff0000000000000
cos	41b06227cd362312	bfef3d740bb58ede
sin	41b06227cd362312	3fcbbad986e707fd
cos	41af9e1eafa339a4	bfd9d5983b5cc699
sin	41af9e1eafa339a4	3fed46edbedc90e5
cos	3de0b6e99a56edce	3ff0000000000000
sin	3de0b6e99a56edce	3de0b6ea8d313198
cos	3e0b2a1f188274c1	3ff0000000000000
sin	3e0b2a1f188274c1	3e0b2a1f234c4c66
cos	41c07aa3eb88893a	3fde17b7fad40cfc
sin	41c07aa3eb88893a	3fec3df0cbd1a9af
cos	40378fdb9effe9cd	bd5e708bc3cfe000
sin	40378fdb9effe9cd	bff0000000000000
cos	c1bf90ceb1aa3307	bfeed5341703fb40
sin	c1bf90ceb1aa3307	3fd1209c4a73f161
cos	4199c4a8fee60ec4	bfc4cb165081d048
sin	4199c4a8fee60ec4	3fef932fd8815e9c
cos	c19962530b893716	bfefbcccb2930560
sin	c19962530b893716	3fc05c8c11464291
cos	41c5edace2e22f4b	bfea301b7957c820
sin	41c5edace2e22f4b	3fe263d8846776fd
cos	c1b2d6a2387c3992	3fe5dba1945650d1
sin	c1b2d6a2387c3992	3fe75f1fd4cbaffc
cos	c035fdbbe9bba7c5	bff0000000000000
sin	c035fdbbe9bba7c5	3d53cf743c302000
cos	3dc603497347efa6	3ff0000000000000
sin	3dc603497347efa6	3dc6034a34c4c662
cos	41c7854088f03650	3fe6896f2c1881a3
sin	41c7854088f03650	bfe6b7b60845b694
cos	c1cd25c7704b04ae	bfef608b73720825
sin	c1cd25c7704b04ae	bfc921c55bdcda0a
cos	4022d97c7f3321f7	bff0000000000000
sin	4022d97c7f3321f7	bd3269f050403000
cos	c01921fb54442d98	3ff0000000000000
sin	c01921fb54442d98	bd3fe9f050403000
cos	3d4820d9d033b016	3ff0000000000000
sin	3d4820d9d033b016	3d482234c4c66200
cos	3ddc66af97e33e7f	3ff0000000000000
sin	3ddc66af97e33e7f	3ddc66b11a626331
cos	c1b677627ebf42e8	3fee1f22d225bb90
sin	c1b677627ebf42e8	3fd59abb19e93ee4
cos	bddefbd781491ad2	3ff0000000000000
sin	bddefbd781491ad2	bddefbd6e59d9ccf
cos	c1bf482e68f9bd69	bf962ae190d0d700
sin	c1bf482e68f9bd69	3feffe148b1f2513
cos	4161b2dcc220a4bc	bfefe2c481e462e6
sin	4161b2dcc220a4bc	bfb59b84b10d9860
cos	41b693d5a0cbe146	bfefbd1dcf642cbd
sin	41b693d5a0cbe146	3fc052b3809a4238
cos	41a83fa11ef11cc0	bfef174a2729ab95
sin	41a83fa11ef11cc0	bfce4ad07e7c3cd6
cos	41ba4f32ca9a95c5	bfe77389f5f4da92
sin	41ba4f32ca9a95c5	bfe5c5b9081ceeb2
cos	41a1c0b99c9f91a7	3fe529ce3bf21b07
sin	41a1c0b99c9f91a7	bfe8009c7ab744d0
cos	41cc6a9a5d480cef	3fefd6a8bb671217
sin	41cc6a9a5d480cef	bfb9afb1199f5065
cos	c01f6a7a295539e6	bd587a7c14100c00
sin	c01f6a7a295539e6	bff0000000000000
cos	41cac47b90f37bd9	3feffd4cf1de3ce5
sin	41cac47b90f37bd9	bf9a492ab4b96edc
cos	c025fdbbe9bba6e6	bd51e7b8b0b65800
sin	c025fdbbe9bba6e6	3ff0000000000000
cos	403ab41b09886f97	3d54b2c088964000
sin	403ab41b09886f97	3ff0000000000000
cos	401f6a7a295537f9	3d39560fafbfd000
sin	401f6a7a295537f9	3ff0000000000000
cos	4022d97c7f332293	bff0000000000000
sin	4022d97c7f332293	bd581a7c14100c00
cos	c1c81ba1c14ffb63	bfea767f1f0d8c9c
sin	c1c81ba1c14ffb63	3fe1fdfb31200fef
cos	3ddfccde590a83c6	3ff0000000000000
sin	3ddfccde590a83c6	3ddfcce11a626331
cos	c19b9e1ec142fe9d	3fefff97e382395d
sin	c19b9e1ec142fe9d	bf84681fa97aa037
cos	c191a7fa7c521da0	bfe57a0df7cc5108
sin	c191a7fa7c521da0	bfe7b8e9787c80be
cos	c1802de59f02c526	3feec1cbc31acde9
sin	c1802de59f02c526	bfd1aa0919805a6d
cos	be033bf9547d5ed7	3ff0000000000000
sin	be033bf9547d5ed7	be033bf95cb3b39a
cos	c15ea4ea26be8391	bfd84a082f9b1de9
sin	c15ea4ea26be8391	bfed9b1bbdb85dfc
cos	41b52e52299b120a	3fefc843be2552f8
sin	41b52e52299b120a	3fbdcfc655c031f1
cos	c1c69f50d019f501	bfc9d681c1391894
sin	c1c69f50d019f501	bfef575d5eb4b983
cos	c1bfe725dca0be93	bfe79bf4dc3290e6
sin	c1bfe725dca0be93	3fe599de8161d33e
cos	41cb606c44add23f	bfee9f4e2f21e9e0
sin	41cb606c44add23f	3fd293b1aa654bb7
cos	c1cabd6f49dbdcb7	3fc6ab38380affc7
sin	c1cabd6f49dbdcb7	bfef7e81f79ad373
cos	be079e955de292e6	3ff0000000000000
sin	be079e955de292e6	be079e955cb3b39a
cos	c1be371632e3a241	3fefffe5d1009abc
sin	c1be371632e3a241	bf7477c3b7ff966d
cos	41868de334574305	3fec098bd98190cd
sin	41868de334574305	bfded9437da00dbc
cos	402921fb54442c0d	3ff0000000000000
sin	402921fb54442c0d	bd60b3dc585b2c00
cos	be0caef59949cbc5	3ff0000000000000
sin	be0caef59949cbc5	be0caef55cb3b39a
cos	41b431a3d5e457ed	3fee9d8c56f0e5a6
sin	41b431a3d5e457ed	bfd29f4397c2ff89
cos	4190227f1bd955d2	bfe55bfd3415e937
sin	4190227f1bd955d2	3fe7d3ff25e5700c
cos	41b857eae4a2296f	3feac2c0e8d473dd
sin	41b857eae4a2296f	bfe18bc64a2d8ef6
cos	c15d17c5616e0d26	3fef1abbc7ee375c
sin	c15d17c5616e0d26	3fce120a4856b87f
cos	c1c6f31bf0fb6bb5	bfefd10951efce03
sin	c1c6f31bf0fb6bb5	bfbb5f673a18f35b
cos	41cdb00e876dff20	3fe4258b512fd064
sin	41cdb00e876dff20	bfe8dca314e0a71a
cos	403dd85a7410f53b	bd5474f54d5ca000
sin	403dd85a7410f53b	bff0000000000000
cos	41af2c5a4fe02186	bfedb95e8396c3fd
sin	41af2c5a4fe02186	3fd7b4660422dab3
cos	403dd85a7410f5b4	3d4396156546c000
sin	403dd85a7410f5b4	bff0000000000000
cos	4197840f262abbdb	bfc42b342621cc2a
sin	4197840f262abbdb	bfef99aa830373c5
cos	c03c463abeccb272	bff0000000000000
sin	c03c463abeccb272	bd5234f54d5ca000
cos	c02921fb54442c8f	3ff0000000000000
sin	c02921fb54442c8f	3d5129ed757cb800
cos	c1c196276d9697de	bfee000b82b9bb8f
sin	c1c196276d9697de	3fd645262b99e537
cos	c1c0b82e8151f93d	bfb1eaaaa7534977
sin	c1c0b82e8151f93d	bfefebe993e6dcb9
cos	be103a67136b7799	3ff0000000000000
sin	be103a67136b7799	be103a66ee59d9cd
cos	41c6bf7d4ed6d179	bfc8f1249f972bc6
sin	41c6bf7d4ed6d179	3fef62f8395b25c3
cos	419355321980c165	3fec7b57cfeb1131
sin	419355321980c165	bfdd2ca63f10445f
cos	4032d97c7f332241	3ff0000000000000
sin	4032d97c7f332241	3d5bd3ddc5bce800
cos	419221de4d37c031	3fddc19df8344fb5
sin	419221de4d37c031	bfec54b673714ab8
cos	c1b4f4b0c31c97c7	bfeb058c6d07d981
sin	c1b4f4b0c31c97c7	bfe12435c3df8b7f
cos	be1103c47a5c5769	3ff0000000000000
sin	be1103c47a5c5769	be1103c46e59d9cd
cos	c1b935048b5b3391	bfe2e4940dde07d7
sin	c1b935048b5b3391	3fe9d3d5f8a174f6
cos	bdfde62859e8a29b	3ff0000000000000
sin	bdfde62859e8a29b	bdfde627b9676734
cos	3e06fcf0766c5a20	3ff0000000000000
sin	3e06fcf0766c5a20	3e06fcf0a34c4c66
cos	c1bd45747caf23bc	3feb1644e2149515
sin	c1bd45747caf23bc	bfe109bd6db6b403
cos	c03f6a7a2955383b	3ff0000000000000
sin	c03f6a7a2955383b	3d41ee5424460000
cos	41bd842330b7e182	bfea197adda7f23d
sin	41bd842330b7e182	bfe283e7724113dd
cos	3dee648fde6ed89e	3ff0000000000000
sin	3dee648fde6ed89e	3dee64908d313198
cos	3df19267241e9c34	3ff0000000000000
sin	3df19267241e9c34	3df19267469898cc
cos	c1c28a83d762cd34	bfd2d326686dad13
sin	c1c28a83d762cd34	3fee959c8171379a
cos	be0c3a7f6bed813f	3ff0000000000000
sin	be0c3a7f6bed813f	be0c3a7f5cb3b39a
cos	4035fdbbe9bba7ed	bff0000000000000
sin	4035fdbbe9bba7ed	bd5e11a900f68000
cos	c1cb875f551130a6	3fe2195cf262c973
sin	c1cb875f551130a6	3fea63cc4fea5a80
cos	41b5eff3cec33fff	3fee0bf16caecba1
sin	41b5eff3cec33fff	3fd6049f341d48bb
cos	c196a48a170b1a92	3fd4fae37142913a
sin	c196a48a170b1a92	3fee3b54e2acd418
cos	c1c993b9a0925a63	bfe881609a8ae2d3
sin	c1c993b9a0925a63	bfe4942b182c2c18
cos	c1c6ac8eb976cb4a	3fe627fc74449cfe
sin	c1c6ac8eb976cb4a	bfe716ca467b8fb3
cos	c1c5d1ee2195732c	3fe2bc798e9e4341
sin	c1c5d1ee2195732c	3fe9f0fc5386eb45
cos	403c463abeccb2d5	bff0000000000000
sin	403c463abeccb2d5	bd3a34fddda70000
cos	403c463abeccb309	bff0000000000000
sin	403c463abeccb309	bd538d3f7769c000
cos	41b0ca71451e40f6	3fd9696667c3dd7a
sin	41b0ca71451e40f6	3fed5e906e7f0f83
cos	401f6a7a295538b7	bd3629f050403000
sin	401f6a7a295538b7	3ff0000000000000
cos	c1c9d7027fdf0ce5	bf9a424c5c3282cc
sin	c1c9d7027fdf0ce5	bfeffd4e59b04b1c
cos	be071936ebcb150a	3ff0000000000000
sin	be071936ebcb150a	be071936dcb3b39a
cos	c025fdbbe9bba71f	bd458f71616cb000
sin	c025fdbbe9bba71f	3ff0000000000000
cos	c1c2a6784ea1b069	3fefffe632243a1f
sin	c1c2a6784ea1b069	3f7451a13dbad62a
cos	c194fa4d48f31538	3fe23679c12e1cd4
sin	c194fa4d48f31538	bfea4fbd48e86429
cos	41a89c4789a98366	3fe154b268ace5eb
sin	41a89c4789a98366	3feae68d099ae510
cos	3df77c249c083cd9	3ff0000000000000
sin	3df77c249c083cd9	3df77c25469898cc
cos	c19aedcac22bfc32	3fc2c129f167eae9
sin	c19aedcac22bfc32	3fefa796f4fb2f1d
cos	c1cb1269523f808a	bfcdfb97713bb012
sin	c1cb1269523f808a	bfef1c16762bb61f
cos	c1c44e1fcdf49983	3feffdea32e67c3c
sin	c1c44e1fcdf49983	3f971a457818cd48
cos	c03c463abeccb2be	bff0000000000000
sin	c03c463abeccb2be	3d096156546c0000
cos	3e0cddec967be2a3	3ff0000000000000
sin	3e0cddec967be2a3	3e0cddeca34c4c66
cos	41c3b38b52c1852e	3fe6c9a9728cfebe
sin	41c3b38b52c1852e	3fe677484ed7ff00
cos	3df40673f1d7dcea	3ff0000000000000
sin	3df40673f1d7dcea	3df40674469898cc
cos	41303085596721fb	3fef881b631a581e
sin	41303085596721fb	bfc5d1a0e80445b4
cos	c1c4fb3113e75528	bfeec1c1e2200531
sin	c1c4fb3113e75528	bfd1aa4dbabf1106
cos	41bdafab76ec7a23	3fdb7fbe601d6598
sin	41bdafab76ec7a23	3fece54107f3daf2
cos	c1bc06fd4e66ebca	3feb333e49bc4947
sin	c1bc06fd4e66ebca	3fe0db5580f86167
cos	c03f6a7a295538e2	3ff0000000000000
sin	c03f6a7a295538e2	bd60846af6ee8000
cos	41b97d919139ae04	bfdaa773b69f9e93
sin	41b97d919139ae04	bfed17c02de121b7
cos	c1c879bf4a2884e2	bfebbc8adb918f19
sin	c1c879bf4a2884e2	bfdfeaf684497ea7
cos	40346b9c34776450	3d54ee56ff098000
sin	40346b9c34776450	3ff0000000000000
cos	bdebe005ebd1d3a6	3ff0000000000000
sin	bdebe005ebd1d3a6	bdebe00572cece68
cos	c03dd85a7410f608	3d5ecb0ab2a36000
sin	c03dd85a7410f608	3ff0000000000000
cos	bdee631861d8351d	3ff0000000000000
sin	bdee631861d8351d	bdee631772cece68
cos	3e0d4b1a57261f1e	3ff0000000000000
sin	3e0d4b1a57261f1e	3e0d4b1aa34c4c66
cos	41c48cfea6516216	3fef6b385df0be20
sin	41c48cfea6516216	bfc848b7e4697cef
cos	41c9f980d1cd9f76	bfef3e8d67a1c5d6
sin	41c9f980d1cd9f76	3fcba702f941caaf
cos	bda30e97c7172807	3ff0000000000000
sin	bda30e97c7172807	bda30e972cece678
cos	c1864874c937494f	bfee6d7c5500ead5
sin	c1864874c937494f	3fd3d0957c47e512
cos	41c19dc2521eb251	bfe3678a7ad772ec
sin	41c19dc2521eb251	bfe97203f933831c
cos	c1a07e9b33d17a3e	bfeec1993ad4eaa4
sin	c1a07e9b33d17a3e	bfd1ab68f0386c72
cos	c1bd4b2a9ded19c2	bfe77bd191197021
sin	c1bd4b2a9ded19c2	3fe5bcca848250c4
cos	41abbdef5a718611	bfe9b9a3d628ad73
sin	41abbdef5a718611	3fe3082ffed28b75
cos	41c538a24dbe82e1	3fea987135dd49b9
sin	41c538a24dbe82e1	3fe1cba7357e85fa
cos	bdee41e5d99e5bf7	3ff0000000000000
sin	bdee41e5d99e5bf7	bdee41e572cece68
cos	41c26889ad9c868b	bfe9b8fcf476e425
sin	41c26889ad9c868b	bfe309116ff3d641
cos	3e06b6898061eb76	3ff0000000000000
sin	3e06b6898061eb76	3e06b689a34c4c66
cos	3dfc3004be964ba9	3ff0000000000000
sin	3dfc3004be964ba9	3dfc3005469898cc
cos	41c704e07206212e	3fedadbd926a3489
sin	41c704e07206212e	bfd7ee674ea8026b
cos	403921fb54442cd3	3ff0000000000000
sin	403921fb54442cd3	bd51308bc3cfe000
cos	3e05eda9762052a9	3ff0000000000000
sin	3e05eda9762052a9	3e05eda9a34c4c66
cos	c1c3cbb7265b3aae	bfea880610ae66da
sin	c1c3cbb7265b3aae	3fe1e4189e4f7b24
cos	3dadf19d86cb2c20	3ff0000000000000
sin	3dadf19d86cb2c20	3dadf1a8d3131988
cos	c1c73e6b923d8428	3fed63b006be65a1
sin	c1c73e6b923d8428	bfd951a9e655981e
cos	41c1cbec0f88c598	bfc1f8d140d4b7d7
sin	41c1cbec0f88c598	bfefaed9af7ce316
cos	41ac9467ad8ce8a3	3fe7f00b2c05e6ae
sin	41ac9467ad8ce8a3	3fe53c89b3102b51
cos	41c5a6d86bfe7e1e	bfc48f22b9102368
sin	41c5a6d86bfe7e1e	3fef95a3e4eba89e
cos	41ca49252700f143	bfcd97936cab4538
sin	41ca49252700f143	3fef221229cc9fd9
cos	4012d97c7f332018	bd5ba34f27299400
sin	4012d97c7f332018	bff0000000000000
cos	c1b9562384515161	3fed15fa4866e628
sin	c1b9562384515161	bfdaaf2feed46ef8
cos	c1c6d650e7c3c21a	bfed381a51710e65
sin	c1c6d650e7c3c21a	bfda18657704d721
cos	41cd284bfdb7fc98	bfddb37da6ed018f
sin	41cd284bfdb7fc98	3fec586af01b3e0d
cos	c1be44b2c664e119	bfeab8e9c67f241b
sin	c1be44b2c664e119	bfe19abf530a10ec
cos	41a6e439220dd063	bfef7ae6f3d3c161
sin	41a6e439220dd063	3fc6facd717116dc
cos	c1cc40803b8af185	3fd0ed42fe6386ab
sin	c1cc40803b8af185	3feedc4a18e82af1
cos	be00a5f73875099c	3ff0000000000000
sin	be00a5f73875099c	be00a5f6dcb3b39a
cos	419ca25f8deaacdd	bfe503a2d436639d
sin	419ca25f8deaacdd	bfe8220e6bb54f0e
cos	401f6a7a295538a9	bd32a9f050403000
sin	401f6a7a295538a9	3ff0000000000000
cos	c1a30571080705b5	3f48accbb9958cf4
sin	c1a30571080705b5	3fefffff67c7d8c5
cos	418cb01466813809	3fc4b033c935d6e2
sin	418cb01466813809	3fef944a6321f914
cos	c1b364cb38d59801	3fe4329d3b1a576c
sin	c1b364cb38d59801	bfe8d205f61a8efb
cos	c1a4cd55bf0e2d89	3fdfab8491443099
sin	c1a4cd55bf0e2d89	bfebceb372606bb6
cos	bdfa379810e7f213	3ff0000000000000
sin	bdfa379810e7f213	bdfa3797b9676734
cos	c1baca9ccfb0afcd	3fd19114afc397d6
sin	c1baca9ccfb0afcd	3feec55e45ed40ae
cos	c1c112bce9ab154c	3fc82d0b200f3354
sin	c1c112bce9ab154c	3fef6c8dc9742fa1
cos	c1c25a4d6e7aaf65	bfde14225cca5993
sin	c1c25a4d6e7aaf65	3fec3ee53f1dfa0f
cos	c177ed78daa23ec8	3fef35dbe16f0fc9
sin	c177ed78daa23ec8	3fcc426210d092bb
cos	c02c463abeccb285	3d3b27b5d5f2e000
sin	c02c463abeccb285	bff0000000000000
cos	41bccb84397e99d0	3fe50e9e77812da9
sin	41bccb84397e99d0	3fe81879c39e085d
cos	c022d97c7f332156	bff0000000000000
sin	c022d97c7f332156	bd4f0f71616cb000
cos	c1a27e7cdcf3ab3c	3f9c4078f8a8b1bd
sin	c1a27e7cdcf3ab3c	bfeffce1ae9ba03c
cos	c1c487d757171d37	3fef0ec35ef5239f
sin	c1c487d757171d37	3fced584dff8e75b
cos	41b5debb3b404f0a	bfefffa3e5d67cb4
sin	41b5debb3b404f0a	bf83319cd9dc7a93
cos	c1b8a50445b9a7f9	3feb8dff5563022e
sin	c1b8a50445b9a7f9	bfe04554c7dbd880
cos	bff921fb544431c9	bd52c2e59d9ccf00
sin	bff921fb544431c9	bff0000000000000
cos	c1b518a9f6369a73	3feee53a3c202d4f
sin	c1b518a9f6369a73	3fd0ab8b88f6e00d
cos	41c9151f8d2cc6aa	3fdbbf02d22991c1
sin	41c9151f8d2cc6aa	bfecd61e5c0c2d95
cos	c1c3b6de0509a920	3fe9699802fe53d4
sin	c1c3b6de0509a920	bfe37290d0301190
cos	41c15ee3e0a968f7	bfecd43554295202
sin	41c15ee3e0a968f7	3fdbc6f2692915fc
cos	c1c0f2d5b83586f4	3feffab0f1e4e315
sin	c1c0f2d5b83586f4	bfa26e0200d9e804
cos	c1a4bba243093a4a	bfef9fa99180b430
sin	c1a4bba243093a4a	3fc39292a1287288
cos	c1c1b8212ff1fe3a	bfb1edaddcf012e0
sin	c1c1b8212ff1fe3a	3fefebe2d32ed30b
cos	41b1deadad60ff6d	3fdc6ffda8a3eaa6
sin	41b1deadad60ff6d	bfecaae3aa6d783d
cos	c1c6d9d0644db438	3fb61fb3097d4338
sin	c1c6d9d0644db438	bfefe159e9796b2a
cos	c19224ba1b06b19d	3fec1b60b50c3dd7
sin	c19224ba1b06b19d	3fde9816ada835ef
cos	41c03e3aabf38e70	bfe4a23b15575dd4
sin	41c03e3aabf38e70	3fe8758aae3d83f5
cos	c1bc11320e1ad9a0	3fe6ce6d928cda11
sin	c1bc11320e1ad9a0	3fe67271c4d29318
cos	41c9424a8a5af399	3fed01e5a7291a1b
sin	41c9424a8a5af399	bfdb061198f920ab
cos	41cbcf64a837c0a3	3fbc24a2f1f209f6
sin	41cbcf64a837c0a3	3fefce58e9ae9e65
cos	41c7b6536f0322bd	3feef7cb784ca245
sin	41c7b6536f0322bd	bfd01f6ffc899718
cos	41c6b972da437d4f	3fb0fa6eacc3dd00
sin	41c6b972da437d4f	bfefedf6bf38abf5
cos	403921fb54442ca7	3ff0000000000000
sin	403921fb54442ca7	bd5c308bc3cfe000
cos	c03dd85a7410f59e	3d312c2aca8d8000
sin	c03dd85a7410f59e	3ff0000000000000
cos	41cccbace93ac078	bfd2b41ab22ef7de
sin	41cccbace93ac078	bfee9a5f1a3d39e4
cos	c1cb1ffd0da5943f	bfeb5cedb933884a
sin	c1cb1ffd0da5943f	bfe0975537ba5893
cos	c012d97c7f33237e	3d5abcb0d8d66c00
sin	c012d97c7f33237e	3ff0000000000000
cos	3df8e42f1452e3f1	3ff0000000000000
sin	3df8e42f1452e3f1	3df8e42f469898cc
cos	41cbb5f4e4ee15d4	3fedcfeb00f2fa9c
sin	41cbb5f4e4ee15d4	3fd7420dd64b6243
cos	c1a5838dc878ae9a	3fdf0761170150d3
sin	c1a5838dc878ae9a	bfebfcd0252908da
cos	be01a3cbad4d24c4	3ff0000000000000
sin	be01a3cbad4d24c4	be01a3cb5cb3b39a
cos	401f6a7a29553866	bcfe9f0504030000
sin	401f6a7a29553866	3ff0000000000000
cos	be037c9c37c28b7c	3ff0000000000000
sin	be037c9c37c28b7c	be037c9bdcb3b39a
cos	c0346b9c34776491	3d32b95bfc260000
sin	c0346b9c34776491	bff0000000000000
cos	c0346b9c34776489	3d3ab95bfc260000
sin	c0346b9c34776489	bff0000000000000
cos	41bd450ad027631b	bfeeb44fd244b3cc
sin	41bd450ad027631b	bfd206ea8df25554
cos	419f06ecc9ca7c6b	3fe74f3e09643e07
sin	419f06ecc9ca7c6b	3fe5ec9093376a1f
cos	c1904b9a1dd74733	3fe1b87555c2d93d
sin	c1904b9a1dd74733	3feaa53f3757c4dd
cos	c1c4392a6173edbf	3fecdb6e7ba25cba
sin	c1c4392a6173edbf	3fdba8e15b4970cd
cos	3e03d82098f51312	3ff0000000000000
sin	3e03d82098f51312	3e03d820a34c4c66
cos	41c2fb1c34465d7f	3fea7ee5af429aef
sin	41c2fb1c34465d7f	3fe1f199c315c2f7
cos	be07176a2e5508fa	3ff0000000000000
sin	be07176a2e5508fa	be071769dcb3b39a
cos	41c284f6cc459365	bfdfae7fb5e7f0b6
sin	41c284f6cc459365	bfebcdda0c1f2d54
cos	41c295278d417d11	bfea6bcc1b67f7fb
sin	41c295278d417d11	bfe20dad90c1cc03
cos	c1957edc442fbd4a	3fef327d4df463a6
sin	c1957edc442fbd4a	bfcc7dab1b21150c
cos	c035fdbbe9bba77a	bff0000000000000
sin	c035fdbbe9bba77a	3d14f743c3020000
cos	c1b2d0b6f7177d53	3fd720fdac5e734c
sin	c1b2d0b6f7177d53	3fedd6589b017bef
cos	be0c44a7b9b4e457	3ff0000000000000
sin	be0c44a7b9b4e457	be0c44a75cb3b39a
cos	3e0c585ca8328f59	3ff0000000000000
sin	3e0c585ca8328f59	3e0c585ca34c4c66
cos	41b028e96dd34556	bfe88cd368c8023f
sin	41b028e96dd34556	bfe4868171720a28
cos	3df827e49c0f26e9	3ff0000000000000
sin	3df827e49c0f26e9	3df827e5469898cc
cos	be028b481346fff5	3ff0000000000000
sin	be028b481346fff5	be028b47dcb3b39a
cos	bde5254f0f5bc875	3ff0000000000000
sin	bde5254f0f5bc875	bde5254f72cece68
cos	c1bcdee173b1f60f	bf87bc1a43cf2a8d
sin	c1bcdee173b1f60f	3fefff7328f50ec7
cos	41a49bbaa70d58a9	bfe36d84662ad310
sin	41a49bbaa70d58a9	3fe96d743b12ab80
cos	41c93a3ad9081a0f	3fe6e2484b4075e1
sin	41c93a3ad9081a0f	3fe65e33b0ebb856
cos	be08b9f330677c15	3ff0000000000000
sin	be08b9f330677c15	be08b9f2dcb3b39a
cos	c03f6a7a295537fd	3ff0000000000000
sin	c03f6a7a295537fd	3d58772a12230000
cos	41bdd7c97e69dcf2	3fd98a58fc33a758
sin	41bdd7c97e69dcf2	bfed576a6ba15610
cos	3dfa8bd315ed41f0	3ff0000000000000
sin	3dfa8bd315ed41f0	3dfa8bd3469898cc
cos	be0e4c02a1486a19	3ff0000000000000
sin	be0e4c02a1486a19	be0e4c025cb3b39a
cos	41ca86f1c674653c	bfe7d78b0715fa08
sin	41ca86f1c674653c	bfe55807a8ff19f8
cos	403ab41b09886f88	3d5872c088964000
sin	403ab41b09886f88	3ff0000000000000
cos	bdf00041f17acccc	3ff0000000000000
sin	bdf00041f17acccc	bdf00041b9676734
cos	401f6a7a29553770	3d4dcb07d7dfe800
sin	401f6a7a29553770	3ff0000000000000
cos	400921fb54442fba	bff0000000000000
sin	400921fb54442fba	bd550ee59d9ccf00
cos	3e10b9d1d0fbd043	3ff0000000000000
sin	3e10b9d1d0fbd043	3e10b9d1d1a62633
cos	c1c852f2924f1d0a	bfc36f8c7e9a73bd
sin	c1c852f2924f1d0a	3fefa1032b73031d
cos	41ad3d88f24eb6ac	3fde2934015537aa
sin	41ad3d88f24eb6ac	bfec3946c7ab0f87
cos	c012d97c7f33236c	3d599cb0d8d66c00
sin	c012d97c7f33236c	3ff0000000000000
cos	bdff480c9000fc55	3ff0000000000000
sin	bdff480c9000fc55	bdff480cb9676734
cos	41c8fe2ab3920fd8	3feffff956a3b6b0
sin	41c8fe2ab3920fd8	bf64a5fa11a3e097
cos	c19dfa3744f43458	3fe02df9fd531ce8
sin	c19dfa3744f43458	3feb9bbc758f3353
cos	419ddc8f857e6a43	3fec8b02798472a2
sin	419ddc8f857e6a43	bfdcef26cebcbcd4
cos	41cb9c7c93421550	bfe04a237c3d7e4e
sin	41cb9c7c93421550	bfeb8b280432a0ee
cos	c1cd820ac1a8c40e	bfe507e5d2cfb699
sin	c1cd820ac1a8c40e	3fe81e57d14f3683
cos	41b35bf33e5c4973	bfe4bef61e577cf0
sin	41b35bf33e5c4973	3fe85d30e75e42c6
cos	be079f8ac43f79c0	3ff0000000000000
sin	be079f8ac43f79c0	be079f8adcb3b39a
cos	c1bf3e80faaea3e3	3fe56153f40af938
sin	c1bf3e80faaea3e3	bfe7cf34e75f74dc
cos	4198d0ce1132683c	3fd5222a5143424e
sin	4198d0ce1132683c	bfee347d472561cc
cos	be0ba2e1abe7d4cf	3ff0000000000000
sin	be0ba2e1abe7d4cf	be0ba2e15cb3b39a
cos	41c87e38b3b3e94b	3feff8f5b4fde702
sin	41c87e38b3b3e94b	3fa538dd56b4f465
cos	c1bb9262e02a8a94	3feeac086a27feb7
sin	c1bb9262e02a8a94	3fd23ef34cfa3c39
cos	c1b8ba483f5ab9b9	bfeb7ca154fd48aa
sin	c1b8ba483f5ab9b9	3fe0629a7e631688
cos	401921fb54442f3b	3ff0000000000000
sin	401921fb54442f3b	3d6116586c6b3600
cos	bdf8b123c500b91b	3ff0000000000000
sin	bdf8b123c500b91b	bdf8b123b9676734
cos	41c51e66d388a42f	3fba3471bfb31aa1
sin	41c51e66d388a42f	bfefd4f7f5ffbae7
cos	c025fdbbe9bba731	bd410f71616cb000
sin	c025fdbbe9bba731	3ff0000000000000
cos	4182e4152d14f286	bfed9d0d7b43a4cc
sin	4182e4152d14f286	bfd8408b42207d62
cos	c19b3ba7405ef675	bfefbc7c8fd7a82b
sin	c19b3ba7405ef675	bfc0664044e493fa
cos	41b54756b4b407f8	bfeb033a6cb85faf
sin	41b54756b4b407f8	bfe127dd992c3b92
cos	3e0f5b2b63315e56	3ff0000000000000
sin	3e0f5b2b63315e56	3e0f5b2ba34c4c66
cos	be0f16ccd0728831	3ff0000000000000
sin	be0f16ccd0728831	be0f16ccdcb3b39a
cos	3e10984934192fdc	3ff0000000000000
sin	3e10984934192fdc	3e10984951a62633
cos	3e091b9ecbb13f84	3ff0000000000000
sin	3e091b9ecbb13f84	3e091b9f234c4c66
cos	bdf9abdcdd88c127	3ff0000000000000
sin	bdf9abdcdd88c127	bdf9abdcb9676734
cos	c1c9ce022b43b775	bfefe65628ffe4ed
sin	c1c9ce022b43b775	3fb43f6dfa6d34cc
cos	3e0ae81e02bebecb	3ff0000000000000
sin	3e0ae81e02bebecb	3e0ae81e234c4c66
cos	c19581e6048f0f65	3fe34bb86087ebc3
sin	c19581e6048f0f65	bfe9872350d6bd64
cos	41b6e2d95ac3b502	3fd4837be831a6af
sin	41b6e2d95ac3b502	3fee4fca48ef5fd1
cos	400921fb54442b5f	bff0000000000000
sin	400921fb54442b5f	3d4b9234c4c66200
cos	41c1913edda3012f	bfe329e7aae5245b
sin	41c1913edda3012f	bfe9a08f8f81fe1c
cos	3e06dbd38cdbe43c	3ff0000000000000
sin	3e06dbd38cdbe43c	3e06dbd3a34c4c66
cos	c1b2c76fe2796d2c	bfdc0150b481eb9c
sin	c1b2c76fe2796d2c	bfecc613c8cd454c
cos	bdf89f66b685654e	3ff0000000000000
sin	bdf89f66b685654e	bdf89f66b9676734
cos	c1ca1dbf080048ac	3fddd5b859e3dc2e
sin	c1ca1dbf080048ac	bfec4f6ce3f8b760
cos	c1c90b6bab6180e4	3fea9e8fd4c86f3b
sin	c1c90b6bab6180e4	3fe1c27e7a8936d2
cos	c1c907f7982c8b8e	3feff6041dae390d
sin	c1c907f7982c8b8e	3fa945289852fac9
cos	4012d97c7f3322e0	3d50dcb0d8d66c00
sin	4012d97c7f3322e0	bff0000000000000
cos	41b2167c24e64eae	3fe2cd1df0e39a79
sin	41b2167c24e64eae	bfe9e4ef2557c8b2
cos	41be5b075d6eee4a	3fb405ce4f67c724
sin	41be5b075d6eee4a	3fefe6e7a3b71a9a
cos	c02921fb54442c1f	3ff0000000000000
sin	c02921fb54442c1f	3d5f29ed757cb800
cos	3e08bfc58e620d9f	3ff0000000000000
sin	3e08bfc58e620d9f	3e08bfc5a34c4c66
cos	3dd18dc5f37dab6c	3ff0000000000000
sin	3dd18dc5f37dab6c	3dd18dc51a626331
cos	c1c34ffcce5ac348	3fe5227bfee1ed9e
sin	c1c34ffcce5ac348	3fe8070ef6d53a23
cos	be07127a0f51f03a	3ff0000000000000
sin	be07127a0f51f03a	be071279dcb3b39a
cos	41b1e1f57889df3c	3feac09238085ec7
sin	41b1e1f57889df3c	3fe18f19ff29b466
cos	c1a1118ba1e28a51	3feca0450034266b
sin	c1a1118ba1e28a51	bfdc9aa878a13443
cos	41b1a5111c256cc8	3fe5c272fd5fc95a
sin	41b1a5111c256cc8	3fe7769394331f6a
cos	41c361b32b0f9198	3fed2574373932ad
sin	41c361b32b0f9198	bfda6b4ddf742732
cos	41b1135d455acfe8	3fef647fb59aeb12
sin	41b1135d455acfe8	bfc8d2460cfdf60f
cos	c1cb1c39a10fad8a	bfee72a1d8241e9e
sin	c1cb1c39a10fad8a	3fd3b0dce2699301
cos	c00921fb54442baa	bff0000000000000
sin	c00921fb54442baa	bd46e69e4e532800
cos	c1a2496aa2c21861	3fe95673e234840a
sin	c1a2496aa2c21861	3fe38b7a70417689
cos	c1c5ad1733ed4283	bfde7fcce2c1a1cc
sin	c1c5ad1733ed4283	3fec21f95a14ce2c
cos	41c3df5424437530	3fd9f963d96c5b06
sin	41c3df5424437530	bfed3f01b698040d
cos	c1c0c90a156407d1	3fc31eb045f68921
sin	c1c0c90a156407d1	bfefa4179124d63b
cos	c1c972e62ca2d7fc	bfee0c9ff93c1e4b
sin	c1c972e62ca2d7fc	bfd600e5d3d3f0ad
cos	41a390caaa831cdd	3fed104dd3df915d
sin	41a390caaa831cdd	3fdac7decd679059
cos	c1c7439033a418c6	3fbc3c0a34d14abb
sin	c1c7439033a418c6	3fefce05f1b11be9
cos	41ad55a7d7c87f68	3fcb70a92da34d51
sin	41ad55a7d7c87f68	bfef418bee9035e1
cos	c1aeb96081ddf976	3fe91e7487d03c38
sin	c1aeb96081ddf976	3fe3d33ea67b17a8
cos	41b8e0698c89b72b	3fce40c0b2337bc7
sin	41b8e0698c89b72b	bfef17e6e55391c4
cos	c0378fdb9effea1b	bd45e117879fc000
sin	c0378fdb9effea1b	3ff0000000000000
cos	40378fdb9effe9bd	bd613845e1e7f000
sin	40378fdb9effe9bd	bff0000000000000
cos	3e038d735a100dbb	3ff0000000000000
sin	3e038d735a100dbb	3e038d73a34c4c66
cos	bdef87bf8abb1983	3ff0000000000000
sin	bdef87bf8abb1983	bdef87bf72cece68
cos	41c82a3ce4f733db	3fec9cb6e1f4af67
sin	41c82a3ce4f733db	3fdca8df1a22af5d
cos	3db34cc71f4ee8be	3ff0000000000000
sin	3db34cc71f4ee8be	3db34cc469898cc4
cos	41b2b8af58a77dcc	bfd64f3e79393e93
sin	41b2b8af58a77dcc	3fedfe2b61723f72
cos	41a52d895ea0145a	3feff013b79a477e
sin	41a52d895ea0145a	bfafe849e972da37
cos	3dff44a2e613fff0	3ff0000000000000
sin	3dff44a2e613fff0	3dff44a3469898cc
cos	403dd85a7410f522	bd5ab4f54d5ca000
sin	403dd85a7410f522	bff0000000000000
cos	417555393d167e76	bfbc6b914c4c0786
sin	417555393d167e76	3fefcd5c9f5144b0
cos	41b871b320f56523	bfd3936adf7a1c0b
sin	41b871b320f56523	bfee77609f7b7cee
cos	41aef6630ae70d30	3febd9ceaa5df181
sin	41aef6630ae70d30	3fdf8462b1d3dc52
cos	c1c9ca4924b32cab	3feffe3ed6a0d4ee
sin	c1c9ca4924b32cab	3f95313787c512aa
cos	c1b911d6262828ab	3feac6ac20c2fc05
sin	c1b911d6262828ab	bfe185cabef6c744
cos	c1c498094677eef8	3fe3bf37f71e4194
sin	c1c498094677eef8	bfe92e35ec7847b4
cos	41cb51e4fa3d999f	bfe6a738785dbba3
sin	41cb51e4fa3d999f	3fe69a0277941a5b
cos	c1cae9da98d50e0b	3fd35d8b57022444
sin	c1cae9da98d50e0b	3fee7ffade31f23d
cos	bdd38853dcef7c3e	3ff0000000000000
sin	bdd38853dcef7c3e	bdd38852e59d9ccf
cos	c03921fb54442cd3	3ff0000000000000
sin	c03921fb54442cd3	3d5172c088964000
cos	c012d97c7f3322fd	3d52acb0d8d66c00
sin	c012d97c7f3322fd	3ff0000000000000
cos	4035fdbbe9bba73e	bff0000000000000
sin	4035fdbbe9bba73e	3d4bdcadfe130000
cos	c1918a1c53a8c888	3fbbad6b236611fb
sin	c1918a1c53a8c888	bfefcffb57bd7a4d
cos	c1939695e25e8a61	3fef76838973c9e1
sin	c1939695e25e8a61	3fc75a304a6958ff
cos	c1b0d25370d0061a	3fe3c70f8f367895
sin	c1b0d25370d0061a	3fe9280d86ef6fd1
cos	41c5ad82f2da3f1a	bfeb23192791da4a
sin	41c5ad82f2da3f1a	bfe0f546f20fe6e5
cos	c0378fdb9effea77	3d481ee878604000
sin	c0378fdb9effea77	3ff0000000000000
cos	c1c3c4df8ae2f283	3fd01bba8f21f42f
sin	c1c3c4df8ae2f283	3feef846f0734ada
cos	3df99d99ab6b6a1c	3ff0000000000000
sin	3df99d99ab6b6a1c	3df99d9a469898cc
cos	401f6a7a29553a2a	bd5cba7c14100c00
sin	401f6a7a29553a2a	3ff0000000000000
cos	3df7652ba266f0c3	3ff0000000000000
sin	3df7652ba266f0c3	3df7652c469898cc
cos	c1c87bb434f9aab0	3fddbc082d0d5797
sin	c1c87bb434f9aab0	3fec562daa98f8c8
cos	c1b724202146d1d2	bfeddf12d32357d5
sin	c1b724202146d1d2	bfd6f3c1e0f6c47c
cos	c1b221f79698c171	bfec39329ce1d25c
sin	c1b221f79698c171	3fde297f615f9aff
cos	402921fb54442dbd	3ff0000000000000
sin	402921fb54442dbd	3d5498474f49a800
cos	be06d76b0ef96170	3ff0000000000000
sin	be06d76b0ef96170	be06d76adcb3b39a
cos	41954958d9df9dc0	3fed9002052ab44d
sin	41954958d9df9dc0	bfd87fe158f0d15e
cos	41cc71bc695f000f	bfd461f21617bfe8
sin	41cc71bc695f000f	bfee5571b4948ad4
cos	bddcf42d050913e2	3ff0000000000000
sin	bddcf42d050913e2	bddcf42ae59d9ccf
cos	41b28a07cb069673	3fdefe88b5f85f05
sin	41b28a07cb069673	3febff434cd33e44
cos	bda7705af0e04bf5	3ff0000000000000
sin	bda7705af0e04bf5	bda770572cece678
cos	402c463abeccb30a	bd43ac2515069000
sin	402c463abeccb30a	3ff0000000000000
cos	c1ca3d19ae7e6f18	bfefe310f7ced326
sin	c1ca3d19ae7e6f18	bfb57f3c1cb890b5
cos	c1b8f7c460afbee2	3fd9a1f063c44204
sin	c1b8f7c460afbee2	bfed5245575824c5
cos	3df51527a5d922fa	3ff0000000000000
sin	3df51527a5d922fa	3df51528469898cc
cos	3deb9f367539c450	3ff0000000000000
sin	3deb9f367539c450	3deb9f368d313198
cos	c1ca9c1290816149	bfebabfa109b78b1
sin	c1ca9c1290816149	bfe0122367686e21
cos	41a929c63bc32fb3	3fe3d221b96bd529
sin	41a929c63bc32fb3	bfe91f5567a4993b
cos	c1c9b272caa36e67	bfe4f68509613259
sin	c1c9b272caa36e67	3fe82d74128a0a7a
cos	3e01a352e2ee5046	3ff0000000000000
sin	3e01a352e2ee5046	3e01a353234c4c66
cos	c1adab3e1f0f9c8e	bfd80b0afb0df31f
sin	c1adab3e1f0f9c8e	bfeda7f38ac9a0e0
cos	bde66efcbbf87e1b	3ff0000000000000
sin	bde66efcbbf87e1b	bde66efb72cece68
cos	bdf0afd36b7f9fb7	3ff0000000000000
sin	bdf0afd36b7f9fb7	bdf0afd2b9676734
cos	c1bdc25ff82b90f0	bfec01085fe83280
sin	c1bdc25ff82b90f0	bfdef822ccbd2240
cos	402f6a7a295537a9	bff0000000000000
sin	402f6a7a295537a9	3d56a9ed757cb800
cos	be0d72f6d66b0fb1	3ff0000000000000
sin	be0d72f6d66b0fb1	be0d72f6dcb3b39a
cos	bddc196bd76e4e82	3ff0000000000000
sin	bddc196bd76e4e82	bddc196ae59d9ccf
cos	bdfd7a6d6cc99cba	3ff0000000000000
sin	bdfd7a6d6cc99cba	bdfd7a6cb9676734
cos	bdf0b24d0ff071d8	3ff0000000000000
sin	bdf0b24d0ff071d8	bdf0b24cb9676734
cos	41bf6423c6f5cf46	3fe793d43b0fc808
sin	41bf6423c6f5cf46	3fe5a2bd42bd361c
cos	c1ca18966f95355e	bfe74dfc28cf30a9
sin	c1ca18966f95355e	bfe5ede6a5d7c743
cos	41b30e617f193347	3feedd7893ecacb3
sin	41b30e617f193347	bfd0e4a2d8619de6
cos	41cbbf5b1e6280f2	3fe543328ceb8ae1
sin	41cbbf5b1e6280f2	bfe7ea211fd88463
cos	40346b9c3477641d	3d60d72b7f84c000
sin	40346b9c3477641d	3ff0000000000000
cos	bdb89d9a48d06dfe	3ff0000000000000
sin	bdb89d9a48d06dfe	bdb89d9b9676733c
cos	41c6c1ce48cc5cff	bfe2143247610e23
sin	41c6c1ce48cc5cff	3fea6756cdf78d58
cos	41a103968f9ecdd7	3fed9a3eabc84ad8
sin	41a103968f9ecdd7	3fd84e3d8c385806
cos	41ca2ac36bb1d0e4	bfd68e8a5c993002
sin	41ca2ac36bb1d0e4	bfedf25317fd115d
cos	3ddf692b296f5be2	3ff0000000000000
sin	3ddf692b296f5be2	3ddf692d1a626331
cos	c1940560c22be720	3fe059846424a87d
sin	c1940560c22be720	3feb8209edad1e38
cos	3ded62a1c124a1f6	3ff0000000000000
sin	3ded62a1c124a1f6	3ded62a28d313198
cos	3e0c7d85897db6ff	3ff0000000000000
sin	3e0c7d85897db6ff	3e0c7d85a34c4c66
cos	3e10d2c4daae8c5c	3ff0000000000000
sin	3e10d2c4daae8c5c	3e10d2c4d1a62633
cos	40346b9c347764da	bd4b235201ed0000
sin	40346b9c347764da	3ff0000000000000
cos	c160093664bc55c5	3fc10f3e5692f12c
sin	c160093664bc55c5	bfefb6eabf96990e
cos	c1ca666ffed8e7f2	3fefffde2cc6758a
sin	c1ca666ffed8e7f2	3f77437283150d03
cos	3e09487009a8c590	3ff0000000000000
sin	3e09487009a8c590	3e094870234c4c66
cos	c1cc86b0d69bafbf	bfefe727dee68c51
sin	c1cc86b0d69bafbf	3fb3ec288bee98f1
cos	c01921fb54442b61	3ff0000000000000
sin	c01921fb54442b61	3d5b7583ebeff400
cos	c1b33bb0664d9e8e	3fcd219f10cad76b
sin	c1b33bb0664d9e8e	3fef29054439405d
cos	41cc5c451d895f7b	bfdc884687d78f45
sin	41cc5c451d895f7b	bfeca4dab03cc785
cos	c186ee1b21a3810e	bfd15f2d611fab51
sin	c186ee1b21a3810e	bfeecc72a52fd7d2
cos	3e006a1a5a2c7c11	3ff0000000000000
sin	3e006a1a5a2c7c11	3e006a1aa34c4c66
cos	40378fdb9effea27	bd3fc22f0f3f8000
sin	40378fdb9effea27	bff0000000000000
cos	c1caaa28f7b0d415	bfec65489dd948de
sin	c1caaa28f7b0d415	3fdd822c39781fc7
cos	41c47e693306139d	3fed6dc483ed8e17
sin	41c47e693306139d	3fd922a88a5df170
cos	c19102a92dc3a12c	3fec7d4421156176
sin	c19102a92dc3a12c	bfdd252281e5c076
cos	bdd94d198c948352	3ff0000000000000
sin	bdd94d198c948352	bdd94d16e59d9ccf
cos	413b3f02fff3fc41	bfeecb726cb53e97
sin	413b3f02fff3fc41	bfd16644d67d4ec6
cos	c19265599608f998	bfece617618951f9
sin	c19265599608f998	bfdb7c3919a8889b
cos	41ca174157a73c90	bfebbf3ec4779dda
sin	41ca174157a73c90	bfdfe18f9ab35a3d
cos	41b8aa0faa706b63	3fd9045f6abb7d4f
sin	41b8aa0faa706b63	3fed74377703344b
cos	c1c44688f6c17577	3fe9edc4aa1154e9
sin	c1c44688f6c17577	bfe2c0ed4e657b7d
cos	c032d97c7f3321c3	3ff0000000000000
sin	c032d97c7f3321c3	3d2f72b7f84c0000
cos	41b2e3d45d1f2a0c	3fd4af6f057038cf
sin	41b2e3d45d1f2a0c	bfee4851d01556a4
cos	c1c61a821777ff33	3fb4757ffcac3cfb
sin	c1c61a821777ff33	bfefe5cc28ba30d6
cos	403dd85a7410f618	3d6165855951b000
sin	403dd85a7410f618	bff0000000000000
cos	c02f6a7a29553755	bff0000000000000
sin	c02f6a7a29553755	bd6096111d218c00
cos	c02921fb54442dbc	3ff0000000000000
sin	c02921fb54442dbc	bd5476128a834800
cos	41ad7c48c16ad7ea	3fede097d20b20f7
sin	41ad7c48c16ad7ea	3fd6ebd724aefc3d
cos	c1c5c938b2884d6a	3faf2448662ba1d4
sin	c1c5c938b2884d6a	bfeff0d52e89269f
cos	417335af15fce129	bfeffff06a19dd10
sin	417335af15fce129	3f6f952f8b916f54
cos	c1b85f1dfcf3e72f	bfe3624569984846
sin	c1b85f1dfcf3e72f	bfe97607f9c4b7aa
cos	c0378fdb9effeab3	3d5b0f743c302000
sin	c0378fdb9effeab3	3ff0000000000000
cos	41affabe55bb3627	3fedd4100199b060
sin	41affabe55bb3627	3fd72cc2bfb69fa1
cos	c19fbc1a30899ab1	3fd5b9c5cd768659
sin	c19fbc1a30899ab1	bfee198d5ee741c1
cos	41b53c6c146d255a	bfc7f7d007eb8bf8
sin	41b53c6c146d255a	3fef6f1a1fa1b7c2
cos	41c267629aa2b364	3fd33bd9ab3dd704
sin	41c267629aa2b364	bfee854efc5c3a5c
cos	c1b808f29cfdd478	bfed5c15e07b88fe
sin	c1b808f29cfdd478	3fd974d8bf61a8b5
cos	403921fb54442d08	3ff0000000000000
sin	403921fb54442d08	bd30c22f0f3f8000
cos	416f42d96fe8433f	bfe06ea4d0ea5060
sin	416f42d96fe8433f	3feb75705eb5ccbf
cos	bdf1cbdf51b72d31	3ff0000000000000
sin	bdf1cbdf51b72d31	bdf1cbdeb9676734
cos	bdf125d9ded36332	3ff0000000000000
sin	bdf125d9ded36332	bdf125d9b9676734
cos	c1bb763585771ec3	bfeefb49a76a4816
sin	c1bb763585771ec3	bfd00481d5f982e5
cos	4012d97c7f3323e0	3d606e586c6b3600
sin	4012d97c7f3323e0	bff0000000000000
cos	41c6cd64070fd6fe	3fe1e0918773a280
sin	41c6cd64070fd6fe	bfea8a66b558eeaf
cos	41c51977fe5d36d9	3fe9faa058e1e56e
sin	41c51977fe5d36d9	bfe2af1956bdb26c
cos	be10b4762cb95542	3ff0000000000000
sin	be10b4762cb95542	be10b4762e59d9cd
cos	c1c2b308fc341eb2	bfeffc0a8b12a51a
sin	c1c2b308fc341eb2	3f9fd4bea28b1a74
cos	419a89c8757d5895	3fe8e02bcf48f3cf
sin	419a89c8757d5895	bfe4212dfcb32cf9
cos	c1ccd5952e1c9e20	bfeffffe0553cf82
sin	c1ccd5952e1c9e20	bf5682381104144f
cos	3df30890ccb852d4	3ff0000000000000
sin	3df30890ccb852d4	3df30891469898cc
cos	41c1f3a99dec1d14	bfdf8b1e92575124
sin	41c1f3a99dec1d14	bfebd7e6a9cb9889
cos	c1c519e10e5c360a	3fe0c49c8e92874e
sin	c1c519e10e5c360a	bfeb414625ea7515
cos	c1863667b3a23998	bfedaddc5cc8a604
sin	c1863667b3a23998	3fd7edce62392b5b
cos	41c7ef512dc11045	bfe1e5c41c216a9d
sin	41c7ef512dc11045	3fea86e5b7686e3d
asin	0	0
asin	8000000000000000	0
asin	3ff0000000000000	3ff921fb54442d18
asin	bff0000000000000	bff921fb54442d18
asin	7ff8000000000000	7ff8000000000000
asin	3fee978d4fdf3b64	3ff45e696ea3dc03
asin	3fee9a0c6e7bdb1f	3ff462ac91263b54
asin	3fefae147ae147ae	3ff6de3c6f33d51d
asin	0	0
asin	8000000000000000	0
asin	3ff0000000000000	3ff921fb54442d18
asin	bff0000000000000	bff921fb54442d18
asin	7ff8000000000000	7ff8000000000000
asin	3fee978d4fdf3b64	3ff45e696ea3dc03
asin	3fee9a0c6e7bdb1f	3ff462ac91263b54
asin	3fefae147ae147ae	3ff6de3c6f33d51d
asin	0	0
asin	8000000000000000	0
asin	3ff0000000000000	3ff921fb54442d18
asin	bff0000000000000	bff921fb54442d18
asin	3fd906c8c0338a78	3fd9b670cbd3cf72
asin	bfeee2678c41b610	bff4e53df78d2042
asin	3ff00e99d00647a4	7ff8000000000000
asin	3fe41bfb18dcd2ae	3fe5be95b63142e0
asin	bfd3b860b2cd7178	bfd40be1c3e8b842
asin	3fb26a1fccb0fde0	3fb26e32f20c7f5b
asin	3fe12fe9e3274ee6	3fe224d0873b71f9
asin	bfb7cc7dc4833330	bfb7d54d163bcc2e
asin	bfdb513db2cafa60	bfdc39279d92dbaf
asin	bfe5f232d4c81bb0	bfe82ee2a5773cc4
asin	bfd5791378d5cfb0	bfd5e5d07a64dd0d
asin	bfdecdbd49d76740	bfe011938f0bd632
asin	bfb2df34dffb8f10	bfb2e397d2d17e91
asin	3fc9061325f94db0	3fc92f995dbbd470
asin	bfd826555e0f5ce8	bfd8c35439192906
asin	3fc6964fea968ed8	3fc6b4bff13f2aba
asin	bfef698b21fccbb2	bff60fbf261b500e
asin	3fd518cdefa4a7cc	3fd57fbb48f9105f
asin	bfe12a9bfb06028e	bfe21e871c37adc9
asin	bfcb474ca283a900	bfcb7d4532227e01
asin	3fb6d1493e5ad410	3fb6d90c4e456ff7
asin	3fe9d8700989307c	3fee160afe9254f3
asin	bfdc9a955b16d2bc	bfdda74ccb0de88e
asin	bfed156a05f0a190	bff23fb3dccfe19a
asin	3fee0e915b7d78b6	3ff387411d01d408
asin	bfd4f86b62ef78d0	bfd55d711eba9764
asin	bfec582410c30a58	bff168f871e9dbe1
asin	3fdc536a58d20644	3fdd57d70e951d95
asin	bf9dee06fa9d6280	bf9def1e5dd01234
asin	bfb08bbe0830e1b0	bfb08eb267451594
asin	3fe0472e355d9b92	3fe113c111b3935f
asin	bfe26eb2055bcea8	bfe3a498c58bbf25
asin	3f9f1f9bb99e6fc0	3f9f20d5e6bf6459
asin	3fd73e5aea83e55c	3fd7c99938e17b5c
asin	3fe8f40a5476480e	3fec9e5add3ec064
asin	3fe6307ab3134c4e	3fe884e3a0b20a88
asin	3fe393096bf5335c	3fe510069505204b
asin	3fe101d9ef7ec412	3fe1ee527fd97557
asin	3fdb54fdac0092cc	3fdc3d4d35715a39
asin	3ff13137a3798e2e	7ff8000000000000
asin	bf93d6721825e3c0	bf93d6c36dc5fa53
asin	bfcc4a19683b63f8	bfcc866460c8d773
asin	3feab944eb558672	3fefa0825568430a
asin	bfe297bba662530a	bfe3d6e8934d1f37
asin	bfc715f85ef3c778	bfc7367d49b49c38
asin	bfe953126567d164	bfed37f481662a54
asin	bfdbdb96ccc2a690	bfdcd27ac70fde82
asin	3feaa4ccf7d7d634	3fef7b6d057bfb22
asin	3fddd0a63ae2067c	3fdf03c9c10256cf
asin	3fed57aea6d6ec3e	3ff290e6f4965988
asin	3f7efaa38e952000	3f7efab6e9d22c9e
asin	bfc2177e87345740	bfc2270e3839f573
asin	bfb9698f2a9f1230	bfb9744a86d60f99
asin	bfe50bce2e62021c	bfe6f7cddd64b75f
asin	bfe457121487ec98	bfe60ad5dcd0b08d
asin	3fbf609fad484b90	3fbf74df8a5cb78a
asin	3fe6728497f79966	3fe8e10ac5cddc5f
asin	bfe29fb45d0afff4	bfe3e0b502fcefff
asin	3fe49d67c40e0f9a	3fe6665db621250c
asin	3fdf42960ef32610	3fe05460c864983b
asin	3fd1a330c0a60350	3fd1de63bc0af3e8
asin	3fd69e4f1d2e75f4	3fd71e2b7ac298db
asin	bfe0c8c10f608080	bfe1ab16e20bfbf8
asin	3fe56ebbdbcb6462	3fe77c122ed5e320
asin	bfed01c5864463d2	bff2284d15514e8a
asin	3fe6313b9b40cb5a	3fe885ef5f0d2cc5
asin	3fe9596b3b7089f2	3fed4258a4f770ba
asin	3fceb7ccd53885e0	3fcf054f05f482d1
asin	bfead9fe197e4fb8	bfefdc548b86a91d
asin	3fd4354a8e36f4a8	3fd48f5b2fdd1bc2
asin	3fdb25d965306b04	3fdc09349ddabac9
asin	bf6392c994786e00	bf6392caccecfd68
asin	bfeab9279255902e	bfefa04cfb82ba99
asin	bfdb61b44b08e074	bfdc4b5d4c95c2a0
asin	bfe5cd3b38fa7664	bfe7fc3cdd4cc195
asin	3fe5bc3167468bdc	3fe7e4fdf5e3a206
asin	bfe38eb0140f185f	bfe50a87983b7347
asin	3fe79fcf90bd3b56	3fea9353e594c2eb
asin	3f9e909bc59d2e40	3f9e91c5545532af
asin	bfefce4743c69a8e	bff75e7765cb7546
asin	3fa53d7f7ee43300	3fa53f0f13235c1c
asin	3fdf9c0050b26d3c	3fe087b40fa7e148
asin	bfe5340822e0cd92	bfe72d5bc48ed051
asin	3fc7753c421605a8	3fc7975e89b53923
asin	3fd104723cfa6ee0	3fd1397c5bfcff2d
asin	3f9d4d38b1b2d780	3f9d4e3eda6c512d
asin	bfeaa55bcbee67d2	bfef7c6eedc4011f
asin	bfec23d5a63e9daa	bff13157b7d5bb56
asin	bfe7f1515e8f03c2	bfeb0d294400e403
asin	bfd4cd6781f60cd4	bfd52fef678bb86b
asin	bfe8961e033bbcac	bfec09fe3bde62ad
asin	3feb78419f68d736	3ff083e4958e3068
asin	bfd966fac1649014	bfda1f19daaae916
asin	bfde105bf3c9b684	bfdf4bdf32a9b697
asin	3fe5ec17176d3b56	3fe8267f06ae90a8
asin	3fed1000ae542966	3ff2393a011bf0d6
asin	bfef20d530f7c242	bff563b73e13f0b8
asin	3fe0a54ea503877a	3fe18185534f93d5
asin	bfde14aa9e34a238	bfdf50c059f65650
asin	3fe7a401b884d57c	3fea998d097eefdd
asin	3fe6b3ed0c376068	3fe93d54fd36cb04
asin	3fed214a08d8b772	3ff24dfe105fd752
asin	3fe45e786a001e90	3fe6146cdce33b7e
asin	3fa0108707e169c0	3fa01133d92a390b
asin	3fd5daa5276f588c	3fd64d812ce327de
asin	bfd3621b575a7a9c	bfd3b14788eea366
asin	bfcdea12f9fe9d2c	bfce318eb19090ae
asin	bfef68761a26ffd2	bff60cea5f622ac8
asin	3fee082e581d572c	3ff37dfa286a12c3
asin	3fb04586ef431ed0	3fb04856444aec0e
asin	3fd00daa7ccc0b08	3fd03a076df9137e
asin	3fef401bd44315b4	3ff5a9aedd1695b9
asin	3fd3cb1c6a88cbb8	3fd41f93bc7f692f
asin	bfdf1a2804d0bda0	bfe03d3adf656b1d
asin	3fdde3a62d689ad4	3fdf1944849a5830
asin	bfe402c91c50bba4	bfe59e3f1ddafcd5
asin	bfd6cd4efc6fb7b8	bfd75070d6a78e9a
asin	bfeabdce6e65c0ba	bfefa8c38182c9c0
asin	bf9d02aeb36e8180	bf9d03ad1ed0960f
asin	3fcf3b17241f58c8	3fcf8c9ee0bf41b6
asin	3fe8fd0f95b7ae0a	3fecacc7944a3902
asin	3fdb759240d78178	3fdc615a0d42f41d
asin	3fe2c3fa9116f350	3fe40d66d9ed0859
asin	bfc633c9751e5548	bfc650ae5736afc2
asin	3fec80733e628d56	3ff194d7c8978535
asin	3fbf218e49b701a0	3fbf355476aad01e
asin	bf90e6d794abdcc0	bf90e709e1afe76c
asin	3fe40a8978453448	3fe5a82f415e7397
asin	3fe9e53f780457c4	3fee2bcef31937a9
asin	bfad8a47537f82a0	bfad8e7afe8024aa
asin	3fe3acbc29f961f6	3fe5308f6ec3583c
asin	3fe3916473ecaee6	3fe50df27f3b9e66
asin	bfd02b58c2921b40	bfd058b28ca07a7f
asin	bfc309eac4ad9990	bfc31c11e05e4dbd
asin	3fdedc27a3f5744c	3fe019cd2db9ee41
asin	3fea914d98d6b6dc	3fef5855c364f9ef
asin	bfdf5f651341a9ac	bfe064e51154453f
asin	3fe9240bc2d2749e	3feceb7d57a4a66e
asin	bfd029896d871b74	bfd056d3b073d839
asin	3fd1c2e09e56b898	3fd1ff5cd0649033
asin	3fd6ce22ed099aac	3fd75153aa47a503
asin	bfdd82deb03e18b0	bfdeac02d25280cd
asin	bfa2c3772872d0e0	bfa2c48a93f85884
asin	3f841af73a409f80	3f841b0c6488840a
asin	bfe558da744172c4	bfe75ea71b252c2f
asin	bfae6d4b90cc8a80	bfae71e326d87af7
asin	bfe960265f2d08e0	bfed4d6284579025
asin	3fe33d3641884f2e	3fe4a4154bcb944b
asin	3fc534bedc747260	3fc54de4349fc4ec
asin	bfdcbea0bd9e3d28	bfddcf9e128f7ef6
asin	3fdb6149de43cba0	3fdc4ae78df05b86
asin	3feb7fe161ae0b12	3ff08b560977621a
asin	3fe6afac4ed7c3d0	3fe9374caf39a5b6
asin	3fe7622e061cbb02	3fea3881a6e7a8a2
asin	bfe5bdc15d4ab7b0	bfe7e71efb7f888e
asin	bfeedd9ed455c4aa	bff4dc23fa51968a
asin	bf9300ca2a3d4a80	bf930111a8a728d1
asin	3fee095f58e3939a	3ff37fb4150d35ab
asin	bfe6a64aca838af2	bfe92a0253b3248e
asin	3fef5b344dc9802a	3ff5eb032f44312c
asin	3fec27d12544f020	3ff1358755908ee6
asin	bfe8c8c00e2fc58a	bfec59909a02a69d
asin	3fe3e9be4159d74c	3fe57e349dcdc4bc
asin	bfea6e858c6f6884	bfef1a4940f2fd3e
asin	3fd0f12718550220	3fd12579a315192e
asin	bf52a67c906f7c00	bf52a67cd402ced2
asin	3fd9bbbc0ba59034	3fda7b8debf4aafe
asin	bfca1ab46fe9fed8	bfca49eafb363130
asin	3fed840a1c579dd4	3ff2c962a23d198d
asin	bfd90e539a92ad68	bfd9bea2eb64bab7
asin	3fcbb4b028970500	3fcbed45e6d26b60
asin	bfe9dcf81873f234	bfee1dbbae7ba748
asin	3fd2c27f577a3e34	3fd30a129b85c411
asin	3fad267324777800	3fad2a7cbaf206ba
asin	bfea1605b72f1672	bfee7f6b7a04d5ce
asin	bf82ac33efe05c00	bf82ac44e46b6888
asin	3f985e541e1d7140	3f985eeae4116ee0
asin	3fe82ef0a570c1ee	3feb6aa4e4eaf17d
asin	bfdf37d07be0fa70	bfe04e35056f6c6f
asin	bfe3f3f305d7aeb2	bfe58b407c4205a4
asin	3fdc44ae3278eb98	3fdd4769813c875b
asin	3fe119966cf1bd3c	3fe20a5fbd232f3e
asin	bfdddde5d9f07354	bfdf12c3a162f647
asin	3fe4a91434012f58	3fe675a407db1a21
asin	bfb0df8997ca2910	bfb0e2abceeb51b5
asin	bfe01ce87c397c6a	bfe0e2bda9b4ef24
asin	bfda9acf6252dd64	bfdb70008867c1fe
asin	3fe6db70083a3866	3fe97597a31383af
asin	3fed2076a51767ac	3ff24cfec7eb7628
asin	bfe3b4ebea3c7024	bfe53af21ed596d5
asin	3fe03407910acdba	3fe0fd872b428766
asin	3fd597a04efc5edc	3fd606417a8541c1
asin	3fdbee8317c18c18	3fdce78139ab629d
asin	bfc076f492fc1580	bfc082aa80d316f1
asin	3fe239531f2b55ea	3fe3637d084b8d13
asin	bfef363c0cc703b0	bff59305da6140ae
asin	3fe77b5facb6f39a	3fea5d8060dbcfec
asin	bfd395a0b14357e0	bfd3e75e269c3dc1
asin	bfe46b5d20be8d80	bfe625282b12ce0a
asin	3fe8557faa84aa16	3feba5c500adf8f4
asin	bfde432f994905b0	bfdf8580182141a1
asin	3fde5a3a34a76ca8	3fdf9fa93cb53022
asin	3fb13e11e721c090	3fb1416a05ce0e19
asin	bfe47b0acd828272	bfe6398a77919781
asin	3feb8d0d11557dac	3ff0983f83934e4e
asin	3fc28296e1ca7578	3fc293432ec04c21
asin	bfc844c902584c08	bfc86a9f8c64447c
asin	bfda2f257862e752	bfdaf9d1c0c72d7a
asin	3fe6e76f6810233e	3fe986c0ef838180
asin	bfede6a8e73399b0	bff34e3126032d7e
asin	bfec5fc42207bbbc	bff1713359d9a3ca
asin	bfe68ea46a09929a	bfe9089931e55ef8
asin	3fe077bb9098011e	3fe14c437373202d
asin	3fe93a715432ec06	3fed0fcb142be14f
asin	3fe5c42ec12e9e32	3fe7efe284437d4c
asin	bfe9e90a484b04f6	bfee324455f110cf
asin	3fad6c6141ed8ba0	3fad7088346dd8e3
asin	3fd26b20e9fa9538	3fd2aec473c69c67
asin	3febb1ce66daa38a	3ff0bca6e4b71df1
asin	bfe59650d3abc3a2	bfe7b1885987c792
asin	3fdfff5181f31554	3fe0c0ed7a44fead
asin	3fe0c5f0f15e57a8	3fe1a7c930e5fd7e
asin	3fdbaa742026e7c8	3fdc9bf2477d3f2c
asin	3fec989d06106bbc	3ff1af96b4e90038
asin	bfeb2d3bbdc7614a	bff03bd19be81353
asin	bfe9c36bfa2f0f22	bfedf281967b0fe8
asin	bfeab48fd481bbda	bfef97f54aa27966
asin	bfbf44ef52e292b0	bfbf58f985fe01be
asin	3fe6283fe47d5d5e	3fe87979a3ec2626
asin	3fe98415cb5096fa	3fed88a5f2b8a631
asin	bfeb6ca4c09b5250	bff07899540df80a
asin	bfda8fe7df2b2a98	bfdb6403c566cc01
asin	bfeb6079e8b84cac	bff06cd2270f3aed
asin	3fe49a0dd842c19a	3fe661fc4560b8a4
asin	bfeee3fcaa92ece8	bff4e844e7b56977
asin	bfe2f3226e3e1056	bfe447c4f643ffae
asin	3f90d0590c03cf40	3f90d08a913906bd
asin	bfd3ba9321c7d6f8	bfd40e30fa290c2f
asin	bfd5a8a96da65918	bfd6185b23edd09e
asin	3fcff53caab8f788	3fd0265b04ed05c1
asin	bfa15458a2758ec0	bfa1553196df5e8f
asin	bfe835fcd208f7d2	bfeb7569f103e5b0
asin	bfefdd522ffdd93c	bff7a8f5c8ae6856
asin	3fe6db23b0091964	3fe9752a8daea61d
asin	bfd7543e96972880	bfd7e1193ecdb463
asin	3fdad849dec280b4	3fdbb3a96ea49d70
asin	bfa8616a527d5260	bfa863c6c621ecdc
asin	3fd5fd72e7f8dd04	3fd6728c9ee40f9b
asin	3fe2b6e624aa8b30	3fe3fd43f668ecd9
asin	3fdbba66ea1beb1c	3fdcada32166f74f
asin	bfa7cfac805c57e0	bfa7d1df908264d5
asin	3ff0bb94d4778f22	7ff8000000000000
asin	3f9ad875c36746c0	3f9ad93f5bbd443b
asin	bfd23f9ea8ef02a2	bfd2815afe4f66cf
asin	bfce35b2570ef5b8	bfce7f5b23e6a7a9
asin	3fd6ab97f6568be8	3fd72c5f87316010
asin	3fc5166a764263d8	3fc52f23a00846ff
asin	bfe2e533a5b88d0c	bfe4367e0825f29e
asin	3feb008e7931db36	3ff011da4e071733
asin	3feafc96f00bbf16	3ff00e28c2205df5
asin	bfb237776e9d1000	bfb23b694246b9f8
asin	bfd8daffade7d7a8	bfd986e575fcec6e
asin	3fdb095a3f8b307c	3fdbe9c06b3f6cf1
asin	bfdac2fcff2a5050	bfdb9c34946870e4
asin	3fdc604146276428	3fdd662955857f4b
asin	bfe7c75fca2e257b	bfeace36d21e7884
asin	3fd8aa24091949dc	3fd951e99e4e362e
asin	3fd635ceed6ec6fc	3fd6ae9a55b5a2e9
asin	3fd0de50ebfd88b0	3fd111f1e38629ab
asin	bfe5ff838a22928e	bfe84133530a8f20
asin	3fd0b34e62c02850	3fd0e55ffb2a028b
asin	3fa1e4de29326ec0	3fa1e5cd066af237
asin	3fe2ae1792061a02	3fe3f269d70de9eb
asin	3fe69c822796a7c0	3fe91c2bc1a5fefc
asin	bfe79abc775b0e88	bfea8bcee5ccd28b
asin	bfe3d4b7df2a0190	bfe56361aa0ed17c
asin	3feaf2dcc9d29fc0	3ff0051fde525ed5
asin	bfe16b916fced9f8	bfe26bbb5acb6f92
asin	bfd168ed628af7f8	bfd1a1cfb5e9127b
asin	bfedec5ed9abbcf0	bff3563a8ad842cb
asin	bfef83ea5d0d0a18	bff6582980978daa
asin	3fe59324287dbf20	3fe7ad3bb624a361
asin	3fb139ed503abf80	3fb13d4305879f5f
asin	bfe40c2941f364d4	bfe5aa44a63998c8
asin	3fe64defec6c4622	3fe8addf0fef3e22
asin	bfd9e9a3baabab18	bfdaadb97d0ad373
asin	bfecd758da6a78fa	bff1f6b61e8516fa
asin	bfd3d601e094d388	bfd42b0956b9d9e7
asin	bfe6f01542824c1e	bfe993257e21c72e
asin	3fcc2db66b2d8fb8	3fcc6949e0d4c8a1
asin	bfdc435b893d4530	bfdd45f008e95c1c
asin	3fc3391708059d78	3fc34bc7532404a4
asin	bfe7687afdde7ea0	bfea41bdd7ca79cb
asin	bfd415ae9fc74fd0	bfd46e0dd7a0930a
asin	bfd9317a253f516c	bfd9e4dae94b0441
asin	bfcf63173758e628	bfcfb5dfc0d73da5
asin	3fe4dfa343a27796	3fe6bd5a41c90356
asin	bfe77d2141375dd2	bfea601644404512
asin	3fd1df4b2566c498	3fd21cf2bf4498e6
asin	bfeea1a666fc3400	bff46fbdeed3b0e6
asin	3fe21414bff451d6	3fe336440545e474
asin	3fd5c3a840f9f3cc	3fd6350d9f720bdb
asin	3fe5e8b4a2366a6e	3fe821d9ef1b5ecc
asin	3fc3f15041303330	3fc406326e520c66
asin	bfbdf4838d2a85e0	bfbe061f38540ce1
asin	bfd1244b321efaa0	bfd15a8821050c39
asin	bfd23960b9d70c6c	bfd27ad7f397891f
asin	3f46367874ede000	3f46367891788223
asin	bfd4da9b0a9f1956	bfd53de5809e0921
asin	bfd2113670c0fbc8	bfd250f5aaf10d4f
asin	3fe22b47e31e7ba2	3fe3526a61ed7fb1
asin	3fbee3fd207f0a50	3fbef74e5fd1fc5b
asin	bfe1d2b6551491b4	bfe2e74d5347065d
asin	3fe36f8f1935174a	3fe4e345f630c240
asin	3fc2d35774f68f50	3fc2e4e32fd709a5
asin	bfc2824871ab7318	bfc292f3e95560f5
asin	bf90069a35a1b000	bf9006c51669910f
asin	bf917700ccb3e140	bf9177384c4c8fb0
asin	3fefbad6197c60c8	3ff70d5a3c4966b4
asin	bfa3536d0a0240a0	bfa35499fb9d1855
asin	bfa15c0294ad1280	bfa15cdca986f235
asin	bfb37cea97ef5f90	bfb381bf585adbed
asin	3fc39e7336c12d20	3fc3b25373a6bdc5
asin	bfe5de8d5e6e1f70	bfe813ee9963e721
asin	bfa375d41e5605e0	bfa377076301e2aa
asin	bfdfb03b0bf84f28	bfe093572ff16060
asin	bfd551d3ffd9edf0	bfd5bc2b949b574c
asin	3feb86e173dcaac0	3ff09230baa1985f
asin	3fcf22fa84e668f8	3fcf73c27f4b1371
asin	3fe508634226d586	3fe6f344ac5955fa
asin	3fe68eab7995fdda	3fe908a326470fae
asin	bfe34081d270ca0a	bfe4a8352a477fe7
asin	3feed44c2e21c488	3ff4ca9cf871e54c
asin	3fdd0025201559c4	3fde19079d4a5bdc
asin	bfdb911b15f65ac4	bfdc7fd919faa739
asin	bfeee272b95f0378	bff4e553513bc339
asin	bfeab93004c975ac	bfefa05c56955ef7
asin	3febc33b3165b3e4	3ff0ce1b5bc09de2
asin	bfa9eddd3e2fc940	bfa9f0b472277523
asin	bfce95ab497e9d60	bfcee227a4c83c6e
asin	bfc0ce7bd16a2098	bfc0daf16d71dcf4
asin	bfeda708f63d6d16	bff2f74b7e01ab4f
asin	3fdbab8d15b861d8	3fdc9d29dbfe1eec
asin	3fc724e2ca8d0408	3fc745a789038660
asin	3fe96dce146ca3c4	3fed63d69bfb7206
asin	3fec5329d77a8346	3ff1639d7f3df694
asin	bfe845dca426858c	bfeb8dbb7cf48138
asin	bfdb8befd9013de2	bfdc7a1effe5754e
asin	bfc8ac5fe9daa180	bfc8d428cc3c81de
asin	bfcece1d8cbf1820	bfcf1c4c3864fd13
asin	bfee6d322472de62	bff4182e41896d7c
asin	bfe90bd18e7de23c	bfecc4728187bb51
asin	bfee76f5a8941692	bff4280994cedb55
asin	3f930fecdfc41c00	3f931035098f490a
asin	3fe6840c5caec3a4	3fe8f9ad0f14cd4b
asin	3fe878c2b3bf47f8	3febdc47cbe5af70
asin	3fe59845e1773d22	3fe7b42f37275ae5
asin	3fafd689e26e94e0	3fafdbccefe9cb7c
asin	bfe896a608bd004e	bfec0ad2c2ac04c5
asin	3fd27be6fe78f058	3fd2c048f1b4b4b4
asin	3fc693a07812a2e0	3fc6b2058a5adb98
asin	3fbf98eea5076a10	3fbfad9cccb6bf09
asin	bfed8e643396f4be	bff2d6d620503122
asin	3fdb88b999a63728	3fdc769019dd806c
asin	3fb38b13461fcde0	3fb38ff29aa0f506
asin	bfb043cf61982af0	bfb0469dd2ba1714
asin	bfec4c077da694d7	bff15bf66f7201e8
asin	3fe07545f189f462	3fe1496535461596
asin	bfe26a144e40e118	bfe39ef37e9a4c2c
asin	bfe29c830c35ec7a	bfe3dcc81cf842ca
asin	bfd118f09be0bf70	bfd14ebf9e856a25
asin	3fe93a6811f4006a	3fed0fbc07477cd3
asin	bfe2247eff12834c	bfe34a2d21c42197
asin	bff04c1074b87400	7ff8000000000000
asin	bfa8857b26d8ea60	bfa887e2265aaaf3
asin	3fce21041cf32538	3fce6a136e5d79ce
asin	3fea973d3200377c	3fef62fe9583c58c
asin	bfea6f4d08428276	bfef1bab30e949ea
asin	bfe0e291518919ce	bfe1c971589d69e1
asin	bfa25803b71d5f60	bfa259050e482fd4
asin	bfdbc163b2ea7bd8	bfdcb5641675e509
asin	3fdc28356e8e7cb0	3fdd27b12a9f4eeb
asin	bfedfff6e15a5274	bff372201574746f
asin	3fdcf847ee939318	3fde1035918a3ebd
asin	3fc7807d35170e08	3fc7a2d1376a0b15
asin	3fd472010dfcaa58	3fd4cf62631c5e7a
asin	3fe8a77c534de38c	3fec252ed30760b3
asin	bfbe701eb5bc0f10	bfbe8298d71b9909
asin	bfed7b6075f61578	bff2be35aaac6b74
asin	bfe6c6adc1a5ccb6	bfe957fc2efca818
asin	3fc6be449ed11a38	3fc6dd58e083159b
asin	3fe88e3d91c7816c	3febfdb2abdef9b0
asin	3fe3dfda3c2889f0	3fe57193fec549af
asin	3fe625d198e3f122	3fe8761b4f425bc9
asin	bfadd6885ee48880	bfaddadcf0e7b0f0
asin	bfe718ff808d2f2a	bfe9ce0b18570fd5
asin	bfe65f96746323da	bfe8c685ca5449cb
asin	bfde091676d1d028	bfdf43a2dcbd9d07
asin	bfe66be3033e2974	bfe8d7be2ac95256
asin	3fdd5ef76ed293c0	3fde8393418cfa5c
asin	3fd41253ffe4d894	3fd46a8590c58cb4
asin	bfacf5ef374e9060	bfacf9e4c1acd88a
asin	3feb474a35be908c	3ff0549dd0e0b568
asin	3fe3a6369dc43a40	3fe5284b4f2eae05
asin	bfe1599838c733a6	bfe25652c5b0fdf8
asin	3fef2fea5593ca2e	3ff584ceb2a4e71f
asin	bfddd47e5392ce44	bfdf0821fb9b390a
asin	bfe563e18a50cf82	bfe76d77b39e85d1
asin	bfcb98ef800ffe10	bfcbd0d96caefef2
asin	3febd672253155ce	3ff0e1819c425e9b
asin	bfebdc83a9cb3418	bff0e7aab47cd4af
asin	bfe88450c85f067a	bfebee3caaaedc5c
asin	bfef0a05e56eed50	bff533b301f28b64
asin	bfeedf3ded4537cc	bff4df378fb7e606
asin	bfea48b064082528	bfeed7910dce1502
asin	bfd63de0b190d71c	bfd6b7353467ac5f
asin	3f94c7229a9fa500	3f94c7800fa5f0bf
asin	bfdab1e80406ee18	bfdb8967cae97cb6
asin	3fe239850564264a	3fe363b9bcfffbdd
asin	3fe0b38627c106d0	3fe1922d67c82fb5
asin	bfee964a82865b50	bff45c43bbb94aec
asin	3fdf14abc79db068	3fe03a17982f219a
asin	bfe0b2bd9168908c	bfe1914241fcdd27
asin	bfbe7d0ffd653c70	bfbe8fa1d4b1022b
asin	3fc3ac518d9b7430	3fc3c05c5d040143
asin	bfd3446b776798f0	bfd3922389c43250
asin	3fdf2a1b613baad8	3fe0465baf014a79
asin	bfec996b65d6e2a6	bff1b07cabff74ba
asin	3fcd04a2e4866ad8	3fcd45c9655ba8fb
asin	bfea84de17a9024c	bfef42120d1ca6ab
asin	bfe3c4870483492a	bfe54ec5a8543ae4
asin	3fee765d103189c4	3ff427105c3cd47b
asin	bfeda01e197302ba	bff2ee1eca0a68a0
asin	bfcefab96d653c58	bfcf4a43f68e5a2d
asin	bfe4574f8b765d5a	bfe60b257b4de2c8
asin	bfe80e17e1f1cbee	bfeb38a9c3a449d2
asin	bfda6754d7cbc464	bfdb37721679ba38
asin	bfeba618a55af480	bff0b0fe604be1e6
asin	3fccc167718da2b0	3fcd00c6299b9f7b
asin	3fe430e7c6ab5c28	3fe5d98527d47eb8
asin	3fe04d14c07a3e0e	3fe11a9c029e20f0
asin	bfdb50903d8fddf0	bfdc3867cf3567a6
asin	bfe627fbf85d8178	bfe8791b808396a7
asin	bfe760a2dbabfbba	bfea363ee07a7b25
asin	3fb282ec4110f410	3fb2870ff9b2920d
asin	bff14b18f9cacffe	7ff8000000000000
asin	3fbc91af715e9040	3fbca0f3b2ad52fe
asin	3fec9a488ded5ad6	3ff1b173388e496c
asin	3fb8c3b6d54cb5f0	3fb8cda4d1a3cea2
asin	3fe47130950c8186	3fe62cb9fe57d695
asin	3fabcfbbf41c56c0	3fabd33d75b4d12f
asin	3feed9e8c6f8e91a	3ff4d5217c601619
asin	3fdbd9c51666697c	3fdcd07581500dd6
asin	bfe753a4e3d1b4ba	bfea233e493298a1
asin	bfee535e3f018986	bff3ef1daefcc904
asin	bfe2b6bbd211518c	bfe3fd0fc9957832
asin	3fdba2b67ca2b2ec	3fdc935cfbaa0420
asin	3fec9ebd5d7023fe	3ff1b66cdb15fa7a
asin	3fdbb8364d292a2c	3fdcab3520ff565f
asin	3fe70dc59a03c3f8	3fe9bdd6efad052e
asin	3fdb33381ea01140	3fdc17f9070ded21
asin	bfd1e778971ffc7c	bfd2257716ec5203
asin	3fe254640c0cf21e	3fe384763f2d643c
asin	bfee08368224a7ec	bff37e05fb01904d
asin	bfd78e6dc1336264	bfd81fa0f72bbe5d
asin	3fdc74c45ee4627c	3fdd7d0dc2f7fc76
asin	bfe7b501dc856cba	bfeab2d192fe9f0b
asin	bff0f37d07581312	7ff8000000000000
asin	bfcd71804f9d6ec0	bfcdb59b4097f21a
asin	3fe9eeb83982f74a	3fee3bf3e796ed9c
asin	bfc74a24c4ba0d10	bfc76b8a63df541c
asin	3fe931c4bd4a4120	3fed01b56918b4f6
asin	bfdeb833d556108c	bfe0054be2304c11
asin	3fd46cbb8f3a92e4	3fd4c9d259a42aba
asin	3fe59cb4bb718552	3fe7ba318aadfedc
asin	3fe6e9068b9dfeca	3fe9890803fa5344
asin	3fd270eaaffcba50	3fd2b4cfc4cb4e32
asin	3fdae51863a25644	3fdbc1c5bd18fb15
asin	3fd91d3b8d24dbc4	3fd9ced6c206583c
asin	bfde84d2c767ff44	bfdfd0153e8e07ab
asin	bfe102231a0f4f26	bfe1eea8e03a57f3
asin	bfef0719da752e9c	bff52db5a0d3e730
asin	3fed3772b25518c2	3ff268f47460c045
asin	bfe65ab2c54b70ba	bfe8bfafcabe72b3
asin	3fe0285692ea9014	3fe0effa055aad35
asin	bfee08c8fe156377	bff37eda2ad32533
asin	3fd79c204aa643e8	3fd82e5cec4e0af9
asin	bfdec09fc3d99834	bfe00a18d9b6bc21
asin	bfe4f5c7d8f2d128	bfe6da9c8221f36b
asin	bfdccc2e77e98690	bfdddeca6ee42f8b
asin	3fd60e282bbc79bc	3fd6845814b6509a
asin	3fd2e081abdec59c	3fd329784018f1b8
asin	3fe2d174a713fd52	3fe41e0d548401df
asin	3fc78e354fa7f858	3fc7b0c633f1af0f
asin	3f9256cce7f40940	3f92570d29d73654
asin	bfea552e71d4aff2	bfeeed82ab0bbdcb
asin	3fb5398b93259de0	3fb53fca1f4c3eb8
asin	3fd7d09df2624a34	3fd866e039b509ff
asin	3fe14ff433716d54	3fe24adae1165195
asin	3fd6309af7509898	3fd6a90e32e9d545
asin	bfed7acf0b86909e	bff2bd7ab6a545d8
asin	bfe617f69d9055e6	bfe862eea36fd83f
asin	bfc36e444d1fe93c	bfc381927b28cb76
asin	bfd6c323f8327914	bfd7458f5d847e1d
asin	3f6f7435b15d4c00	3f6f743ac1ff466b
asin	3fe3fd80bf978ff4	3fe5977aacd2a34d
asin	3fea359a71ef4dc2	3feeb6341e92a056
asin	bfa4416c58797360	bfa442c6dd703294
asin	bfe64aa5c2483eac	bfe8a948e8ba267c
asin	3fb428c478f20160	3fb42e1dbbe7ab93
asin	bfd5e3943730c92c	bfd65702c1084eae
asin	3fd9c965f5c29fdc	3fda8a7b06b0151d
asin	bfee152b9b5c13a8	bff390e7e199da9b
asin	3fc4b036306ee168	3fc4c78bd8c8ca8d
asin	3fdeb172adbdecac	3fe001727b34033b
asin	bfe6d9026f4b5920	bfe9721fa56bda95
asin	bfbe0605fc7add20	bfbe17c0bb4c88da
asin	bfeec7e72c3a2528	bff4b3b850c4d282
asin	3fead79b74dd6278	3fefd7f26c1376d5
asin	3fe611b34a277878	3fe85a47641bb2ed
asin	bfd92f27865ebb2e	bfd9e2541662b604
asin	bfcddcf182cc90d0	bfce240da8f129fb
asin	bfda7ffa25255d34	bfdb5282e3af00d3
asin	3fd2d0696526a670	3fd318a0d1be0318
asin	3f95b312c7969000	3f95b37d3c111112
asin	bfb55bc09f738c10	bfb5621d9db3dc58
asin	3fea25d53bb41b7e	3fee9ac81e74d29b
asin	bfb5564a11c0de20	bfb55ca22ca2e702
asin	bfded6046dc62ee0	bfe0164c8b2a3dad
asin	bfe8e7429383c916	bfec89f8d811a47f
asin	3fe70f507660ea02	3fe9c0105e6376b6
asin	3fa17aaf5a989f60	3fa17b8dfbef3d9b
asin	3fe458084d98cac6	3fe60c14d3849afa
asin	bfdc6f3f3c884c84	bfdd76e43ff34086
asin	bfe484e1dd257d06	bfe6465b1a6c5a90
asin	bfe7df5267b8697e	bfeaf2165eb5de47
asin	bfc7f3ffe39364d0	bfc8185d751259cc
asin	bfa8b228e2d3b120	bfa8b49d1e51bd93
asin	3fe5e09e4a458b96	3fe816c33cf21d83
asin	3fe8d88423e36d42	3fec728906a106ce
asin	bfe5776031e3d84a	bfe787b7633d013f
asin	3feeafe8ad93ccc0	3ff488a26cfb0bc4
asin	3fef55f9f624b9e6	3ff5de040cea662e
asin	3fcd4b1eaa976ea0	3fcd8e2c4cef975f
asin	3fe7c4abb148ca50	3feaca2ce0f613bc
asin	bfaa81db81362a20	bfaa84e47af9b900
asin	3fe1e25bdab7127a	3fe2fa27e5713625
asin	bfd8a235c9e3fe98	bfd94951a9085be6
asin	3fccf7f11dfa6d70	3fcd38c0e696100c
asin	bfe3ca6e60bed5c8	bfe5564843fdb67c
asin	3fefe47ead59b2dc	3ff7d23cc6bba286
asin	3fe24a2fd250cb20	3fe378051b179d0a
asin	3fa26b331f33c6a0	3fa26c37a16b911f
asin	bfd599e40421b6e0	bfd608a94eef8a5f
asin	3fef2e8f44d6cd88	3ff581c91751bb40
asin	3fe2d3d0a07d89ce	3fe420f82b84b724
asin	bfe0745ce3fdd1e6	bfe148557805bcfd
asin	bfcf2307d22bd4f0	bfcf73d03604dbc1
asin	3fdfb0655a6cc044	3fe0936f88d463b3
asin	3fe350eb949f3e5c	3fe4bcc65fe9fdd3
asin	bfd6f58243e1baf8	bfd77b7c6747a021
asin	bfde9808930fe35c	bfdfe5f227a662cd
asin	3fe71e4d9d9ad0be	3fe9d5b65c938373
asin	3fe0c069724f5578	3fe1a14b786b5d60
asin	bfd7468bc458c308	bfd7d263fa219937
asin	bfef83646bb84ab8	bff656a7a9811538
asin	bfefba019907fd2e	bff70a2946b7c4b7
asin	bfe91e21e0e6e32c	bfece1f02935cfce
asin	bfe238b07dd00b7c	bfe362b730aa16cc
asin	bfcc25a2550fe540	bfcc6101d719ddc4
asin	bfea52f9a7356734	bfeee9a0fd0e5dcd
asin	bfd58bd19d8c7b20	bfd5f9b6f68c7c27
asin	3fa67f537d5a8160	3fa6812e585ce117
asin	bfd16dc6a0c1d4b4	bfd1a6d9a711f784
asin	bfe8b24d731d0524	bfec362bf53c7148
asin	3fed59ef9b0adcf0	3ff293ba8a17c5ed
asin	3fc21457e9003078	3fc223df6d6a5baa
asin	3f71a10e0af67200	3f71a1119c1e05cd
asin	3fc53c8e54817ed8	3fc555cfbbd8bdfd
asin	bfd58de0425d1e64	bfd5fbe64496b5de
asin	3fd4386d3f26e6a4	3fd492a92f5e2f45
asin	3fea95372ba9307e	3fef5f5bbec19f1d
asin	bfe29c816f83c894	bfe3dcc621a493ab
asin	3fe2b65931951a10	3fe3fc963456521f
asin	bfcea6584c452c74	bfcef35448ce6bfa
asin	bfbe3d78ddb10320	bfbe4f96f8ef565b
asin	bfed10824cd57da0	bff239d4e14a248d
asin	3fe892c50c9e7670	3fec04c3ddecfa1d
asin	3fd93ac840351ca4	3fd9eefa9383e5f2
asin	3fe48c668dee73e0	3fe65028917b2c54
asin	bfef91322dd69324	bff67f88aac10fcc
asin	3fd42327473a3eec	3fd47c3e81fbceb2
asin	3fc2a4a99d521c40	3fc2b5b341522f1a
asin	3fc85a054770c0e8	3fc880409939317f
asin	3fca5c8de4b15cc0	3fca8d3206665b52
asin	3fec61b5b850787a	3ff1734db4c86802
asin	bfe0c7101aff3138	bfe1a91a67768ade
asin	bff1549a9a9853a5	7ff8000000000000
asin	3fe6622b49752000	3fe8ca224945d82e
asin	bfe55f94b948b7c0	bfe767b01bd03019
asin	3fed4e2dbadaaefc	3ff285084096b3a2
asin	bfe6538e1da47d02	bfe8b5b5ae67fed6
asin	3fee12f59461d5a2	3ff38daab1412cd7
asin	bfbe5ee5f95bb1a0	bfbe7140ad7a72ed
asin	bfd1ecd58c430678	bfd22b0d37a940a4
asin	bfe60586d0c7d4fa	bfe8497bda213f14
asin	3fdefeeaf39b8420	3fe02da7b1805d03
asin	bfedff4912a7eb94	bff37126703be2a2
asin	3fc4f6ae0a944d60	3fc50ef753f68174
asin	3fd10d3bc307f88c	3fd1429a10bba9fa
asin	bfea456938529124	bfeed1d293968b0e
asin	3fe51b2aff03ae76	3fe70c386c5eee8a
asin	bfa2e369af6d96c0	bfa2e482a3b92b8a
asin	3fec763d892df698	3ff189a4eb62ce61
asin	3fe7dc19405761d8	3feaed3fafc164d4
asin	bfe444cc82b32d42	bfe5f331f9c6780a
asin	bfd0bd94b38fafe4	bfd0f004efd97733
asin	3fd732bd166ab594	3fd7bd21edb38e46
asin	bfe7b3d0372488b0	bfeab10a9413978b
asin	3fe4c3c34b14e436	3fe698a5a6e5386a
asin	bfe49b9f03a08264	bfe6640899d59afd
asin	bfefc3c6405cb942	bff7310109e94c47
asin	bfe5b74ce8fe5d72	bfe7de540cf2b2cd
asin	3fdfd406f7617f94	3fe0a7f4c2feb825
asin	3fce0e6cb51a2fc0	3fce56f2c7847eb2
asin	bfed55916f362134	bff28e413b5cc43e
asin	bfe65f791fb57eb4	bfe8c65cc426725f
asin	3febd31d55f18fec	3ff0de21a282ac3b
asin	3fef42e7f07a9c2a	3ff5b034ed85564a
asin	bfe396f1d327a13a	bfe514f776d6c170
asin	bfe6d05fb1636d04	bfe965cc905c8078
asin	3fe4ec409b01d2d8	3fe6ce028da35da5
asin	3fea55eaa41ee700	3feeeecded78fc5c
asin	bfd161193f204360	bfd199ad2daaf465
asin	3fd195d825d81128	3fd1d081edcdd101
asin	bfea3015b500cfec	bfeeac97cfc9fa79
asin	bfee96d0a262ebae	bff45d2805028486
asin	bfd34fbe48bcc080	bfd39e03ba6b41b8
asin	bfe0a8dab25afa76	bfe185acb61abe61
asin	3fddcf351ab353f4	3fdf02289b610b3f
asin	3fd0b6d2e97a83b0	3fd0e904dad86de9
asin	3fcc1c239aef9978	3fcc574634c89697
asin	bfb7bc395e598840	bfb7c4f69fb835b4
asin	bfe60dfb441acbc4	bfe855251309fa7d
asin	3fd71b1b34784f88	3fd7a3c88d20266d
asin	bfe2520e5f40d14c	bfe3819d30faaca6
asin	3fe692a7abc1c95a	3fe90e41f8dd902b
asin	3fa2b1417e4c1dc0	3fa2b251caaada75
asin	3fecabfe73ae35f8	3ff1c54b6bcf00eb
asin	3fd703a3cf7a9260	3fd78aa097b3e608
asin	3fc6c89012e127d0	3fc6e7cf0558b33c
asin	bf97c04776c4d040	bf97c0d3104ceb37
asin	bfed92ac56fc775c	bff2dc6e6cb1710c
asin	bfd31d724b103a48	bfd369491798636f
asin	bfe1c1848030dba0	bfe2d29dc91855c9
asin	3fc44701d88abb70	3fc45cf7e4b903a1
asin	bfe4336f1149a8e6	bfe5dcc7a2e543a4
asin	bfdc7de6651a0d28	bfdd87406515800b
asin	bfcf2b5954c5fb10	bfcf7c63bd8d58ef
asin	3fee4243b29a36c4	3ff3d494ff5d4435
asin	bfd1e614908ff93c	bfd224044319d35f
asin	bfc5cfc6d8697d98	bfc5eb28b689f0ef
asin	bfd59c74848c2308	bfd60b62c1a1a692
asin	bfe0c66001dd9e08	bfe1a84b9bfa3236
asin	3fb966d9bba1acc0	3fb97191a7119928
asin	bfefbfd45a6d6da2	bff720f708456dc3
asin	3fcf951bf31ef978	3fcfe97a5e3b4b10
asin	3fcda7bc54ed3510	3fcded58b728949b
asin	3fea23685d617192	3fee96937e316792
asin	bfc6a2425aeca038	bfc6c0e33e8fbd80
asin	3fb50f8e127d6c70	3fb515a7c521c398
asin	3fe76e88975e0cc2	3fea4a9fd94a2ccb
asin	3fda54645beeb378	3fdb22a90fa79f9c
asin	bfdc221e5fb1259c	bfdd20e93c9a22f0
asin	bfdb676bc0552550	bfdc51b0937b954d
asin	3fee96f3bb318984	3ff45d63c86bccc2
asin	3fb9c1884542ae30	3fb9ccb4f2c3d235
asin	3fb449cc6f28a220	3fb44f4034cb1b68
asin	3fef433b858d1294	3ff5b0f8a56e5d78
asin	3fd1f6425ddfe6b8	3fd234ded9fc62e3
asin	bfe37940a97567f0	bfe4ef7b7bd266a1
asin	3fe7518f23a3a326	3fea2032bc89d1bf
asin	bfe89589f40c71da	bfec0916ed9f3609
asin	3fd4c54fd8b8efc8	3fd52760fe26addb
asin	3fe539a2ca1373a0	3fe734d809e70da0
asin	bfdaafd3e5102e0c	bfdb871e53d593b8
asin	bfec3e32c027c848	bff14d3403744fd8
asin	3fe3ea81463ab372	3fe57f2dc2c16d5b
asin	3fd0ad83fabf76f0	3fd0df6072afea78
asin	3f9589c9321b9880	3f958a314b5be963
asin	3fe02b3a93c2176e	3fe0f35370440854
asin	3fe9bf5a35da700a	3fedeba633b7a4fa
asin	3fde6202f2ec3ae8	3fdfa8810da9237e
asin	bfc83003dde792c0	bfc8557884564fcc
asin	3fbbf788dfbffba0	3fbc05da50380d3a
asin	3fe1bbf40a8de02a	3fe2cbee06f7c79f
asin	bfa5b26784e63f20	bfa5b411718c93b0
asin	3fd7606662459c40	3fd7ee277bc1b413
asin	bfade3fc09e55fe0	bfade8567b6a9bf5
asin	3fe78f75abd48494	3fea7b2026bae3fe
asin	3fe01159a1728b98	3fe0d55e9a91ec74
asin	bfd97f0cccb22e04	bfda3955b107671a
asin	bfc6c8a1e6082d78	bfc6e7e1228cd192
asin	3fee1a5ff383d326	3ff3988ed7e80f0f
asin	3fea984cdc7add58	3fef64e6fcc73373
asin	bfe351d3557ebff8	bfe4bde913368357
asin	3fe670c7bb0af586	3fe8de9aa94c5fcf
asin	3fe4a5d158c2128a	3fe6715f04005bfa
asin	bfcc812622969118	bfccbed94447bc2a
asin	3fe0ce140a694bf6	3fe1b1581df6c762
asin	bfee448f0443f468	bff3d81cafd0b1a0
asin	3fd071a4391324ec	3fd0a164386f10e2
asin	3fefc464c69947c6	3ff73391983a783b
asin	bfe119bca14c79be	bfe20a8cf032a2fd
asin	bfe16ea1b2c3d1f8	bfe26f626d86a7a9
asin	3fc7c9d833777100	3fc7ed7511128c6f
asin	bfb1579fc7012ff0	bfb15b06df7fc7f8
asin	3fe7c0a893b31b1a	3feac42f7c4ff164
asin	bfaf041c0cf31c00	bfaf08f954426a48
asin	3feb85ad5c35ab8e	3ff09102b5e60eaa
asin	3ff0dcd1cdf1fed0	7ff8000000000000
asin	bfddcf6356a97a8c	bfdf025cdad45fc1
asin	3fe47be58cfbf28e	3fe63aa72da8c154
asin	bfedb35042108d34	bff307b4b8876fad
asin	bfd147eebd1d00bc	bfd17f88a36bb7dc
asin	bf9403950a4300c0	bf9403e890145b7e
asin	3fee6fe4cb4f2d1a	3ff41c8b102b40b6
asin	3fdcebfbc38dc68c	3fde026bbe7dfebd
asin	3fe746c47788e3ec	3fea1074bc4c0f53
asin	bfd9e8a8c7ff5468	bfdaaca70aec1ca4
asin	3fec86eee6d504ba	3ff19bfc3037ee58
asin	3fd038059388c904	3fd065cc82d3bf4d
asin	3fe424120babadb0	3fe5c8fd6283a2a8
asin	bfed2072e0d2867e	bff24cfa3bbec128
asin	bfe196dfaca43874	bfe29f76c2f15f40
asin	bfe3c58f21a86536	bfe5501589bbe459
asin	3fda73cb4c8ede90	3fdb452128f0999d
asin	3fee537c1983db6a	3ff3ef4c71f2dc09
asin	3fdc3ed80da462ac	3fdd40e843d506b4
asin	3feef98591501068	3ff5125149079797
asin	3fc98bd797c44400	3fc9b80e3054477d
asin	3fe4fd1943cfc3ba	3fe6e44d11faa09a
asin	bfe924ef2463b344	bfecececea30d083
asin	bfe7ed6c36c55573	bfeb074aeb93c621
asin	3fb19f1b4de97b50	3fb1a2ad381f8717
asin	bfdfb636fe37d548	bfe096c8eb60f56e
asin	bfeab24d991a360a	bfef93dc298547c4
asin	3fd0e63b51b9fd60	3fd11a26b5763725
asin	bfa63311d85f1080	bfa634da13b0a744
asin	3fd69ff145d478f4	3fd71fea7e5dc339
asin	3fbd8f3336989e50	3fbda01ddceb1205
asin	3fd8d3ba6316d8e4	3fd97f01d378fdde
asin	bfdf958f5d1be440	bfe083fffcb5a6ac
asin	3fd749a2a25e44f0	3fd7d5b503bd3c6f
asin	3fe9cad32bcc0f8e	3fedff00217c93e8
asin	3fd054427f5d3c54	3fd082ff1f00735b
asin	bfe5666261506496	bfe770d57a6a2f3f
asin	3fbdd17d5d636920	3fbde2db4cb5b943
asin	bfe070afba7c271e	bfe1440c4a4beae6
asin	3fb88ff322da4ae0	3fb899a330eb7394
asin	3fe5c6000b91fefa	3fe7f25d5b616a47
asin	3fbd15fb00b316d0	3fbd26180e1a9fa6
asin	bfd58c71d2c823f8	bfd5fa611a96ff39
asin	3fe696dc76e646ca	3fe91431aed58ae5
asin	3faa67d9c3ad3620	3faa6ad9d574fc74
asin	bfcc253dad317a90	bfcc609aa8b77547
asin	3fe161e2c453254e	3fe26031d1a7b4ba
asin	3fd79bf84d83d120	3fd82e31e6593613
asin	3fec8c8df1e43264	3ff1a232a3ce788e
asin	3fe846081168691c	3feb8dfe21b05c75
asin	bfcc6046048a5cc0	bfcc9d2161b4c429
asin	3fe2ca7af4726112	3fe4156e5e673fd7
asin	bfe9a2e3dbd126c4	bfedbbe7cb841cd2
asin	bfd85a0bdac0da84	bfd8fb3574dd139b
asin	bfe8dc6eec33676a	bfec78c0f9ad3420
asin	3fe22d9171f8a278	3fe35531cdd279f5
asin	bf592f880da23800	bf592f88b40c30f5
asin	bfccf338aad29dd0	bfcd33e84846684a
asin	bfe7b79b07dee774	bfeab6b025618963
asin	bfa8b159e0391fe0	bfa8b3cdddf7f282
asin	3fe8af822c51fcf6	3fec31c782dc003d
asin	3fc4c5e6282fc660	3fc4dd8618474022
asin	3fe6aa34590b97a2	3fe92f8c9cdc19ec
asin	3fe7985a6684a2a4	3fea88479227080f
asin	bfe4565c9e8fad06	bfe609ead1a83038
asin	3fe49ea5285e1ed2	3fe667fcb8b3d137
asin	3f76d4b35c0ccb00	3f76d4bb1b808e10
asin	3feda3a145efcf50	3ff2f2c5c08e300a
asin	3fcb7d9e89607a48	3fcbb4e0b43da179
asin	bfc9f73a11655580	bfca25aeb3474d3f
asin	3fcb253fecd2fa10	3fcb5a6c90df588f
asin	3fd3208e7da77f88	3fd36c8b654fc90f
asin	bfc5302ac06662f8	bfc5493faf84e9aa
asin	3fe8932234b68402	3fec05554e1bc794
asin	bfd8d5cc4d6068c4	bfd98140c7b6a109
asin	bfdd0204a9576250	bfde1b219094589e
asin	bfef2724aa76e358	bff5716c2a17871f
asin	bfef10dc2f113652	bff541da4711488f
asin	3fc2160a2379fcc8	3fc225960e0cba47
asin	bfef2bba1900dcec	bff57b809fe5a142
asin	bfd10a882ec1ac70	bfd13fcc91473724
asin	bfe2c11dacca5fd8	bfe409de3177b998
asin	bfd4b0799e4e7b78	bfd5115acd941936
asin	bfde78b6be8b2160	bfdfc24f327eb4ba
asin	3fa72e2b2b7518a0	3fa73032a0637720
asin	3fe80a007b7bd974	3feb32763b7d0fac
asin	bfc5e1ada6b31010	bfc5fd53c3625b74
asin	3fca6a8dddf79828	3fca9b80ae69445d
asin	3fc311e0c5a0c980	3fc3241ed7e73146
asin	3fe0513365e11d28	3fe11f65cecb7475
asin	bfea9bfa9abbb956	bfef6b856110c933
asin	3fa07d3cf7ce6780	3fa07df7dc367ca3
asin	bfe571972a98ba14	bfe77feb39499879
asin	3fe358975781a036	3fe4c666971a5d1e
asin	3fc420d094e53bd0	3fc4364a85673b75
asin	3fdfa53ef24163cc	3fe08d0531db074b
asin	bfe323c2ef087002	bfe48447a810e571
asin	bfd48c82a64ac3bc	bfd4eb5d459e7318
asin	3fea338b0c47ca18	3feeb29d2aaf77ab
asin	3fd53d074ccfed54	3fd5a61dad7ad267
asin	bfe8275cc0e1acea	bfeb5f151b851220
asin	3fd95b1e493032f8	3fda122e33ea1ac8
asin	bfe52512a106ac0c	bfe719683f748424
asin	bfd5c68990a4b9e4	bfd6381db034bb29
asin	bfd118db8d6701e4	bfd14ea9c4bf762b
asin	bfe30e6f483c82c4	bfe469b353502471
asin	3fe981153f79a986	3fed83acf26f619e
asin	3febc051fffdb194	3ff0cb2e93c5c9bc
asin	bfe8f3ad82cdfa98	bfec9dc69b7cc480
asin	3fe3cadf8da38cd8	3fe556d84ad2e77d
asin	bfe23fcfa794e744	bfe36b61d667dc53
asin	bfd64c7deb9b26dc	bfd6c6cbd3af855d
asin	3fe81f4aca5c98cc	3feb52ca3eede8cf
asin	3fe88285c3dea4d6	3febeb72909b9657
asin	bfee963b2cc7e723	bff45c29a48e1bb3
asin	3fd7502d90695260	3fd7dcbb5c898c21
asin	3fdc2af349665cb0	3fdd2abec297855f
asin	bfe3a470adf35e74	bfe5260c3d4983fc
asin	3fa7a6b62c46e040	3fa7a8ddf42b3333
asin	3fe78c6068e4fc82	3fea769228add341
asin	3fca7b43326f6e78	3fcaac945b7bbba3
asin	bfc5f5173fb8a8d0	bfc61107def7542b
asin	3fdf6880ce46aed8	3fe06a1ee7c102a0
asin	3fe051d2147bc446	3fe1201e472d7b03
asin	bfe3571efaed0b26	bfe4c48e250b6efd
asin	3fe1e2375f4c4f52	3fe2f9fbe6fffcd2
asin	bfe8fe47b0f8c66a	bfecaebb4a4aff2f
asin	3ff004b6c2832bae	7ff8000000000000
asin	3fef6d6335b1ec68	3ff619e2d589c10b
asin	3fc0a5fa7210ea80	3fc0b2165bed2115
asin	3fa2c97cae148c00	3fa2ca91233441cc
asin	bfeed9032607081e	bff4d3716d0d2048
asin	3fc3c68644e9fcf8	3fc3dae22d958711
asin	bfe13637b5dc73f6	bfe22c4a496a64bc
asin	3fe3019ec4902968	3fe459c2b44bcb7b
asin	bfce2d0eb52a90f8	bfce7677498740f0
asin	3fc9b326e7cbc3a0	3fc9e02d66742f77
asin	bfe9ccaf9453d844	bfee0225376328f6
asin	bfedf53bca8d6606	bff362c8e2acea1a
asin	3fe47eb7f7e65994	3fe63e53ab6c9f5d
asin	bfe101a2e7c911fa	bfe1ee1188f8ef41
asin	3fdcac2ab5552cec	3fddbaf62f638211
asin	bfe320bebc79dabf	bfe4808445e28f66
asin	bfefa75a1cbceba4	bff6c6db7f5aebf6
asin	bfe1370525099cf6	bfe22d3dfb54ce84
asin	3fe55a564631e8ac	3fe760a501b6d36b
asin	3fc0d39828f02e30	3fc0e0193584c4ca
asin	bfefff79721fa004	bff8f3951f16b3f4
asin	bfea80cc64d36046	bfef3acdfb55eec5
asin	3fe1c1a2c5b7bdf2	3fe2d2c22c359559
asin	bfe8c06dbf874ffe	bfec4c6c2fbc9775
asin	3feeac54779dcd52	3ff48256b40f7c18
asin	bfed7bc8b115c2ba	bff2bebbb82cfa8a
asin	3fe1b8e05a217a4a	3fe2c83bde6080e7
asin	bfe99ee3c2c83b66	bfedb53993ec87bf
asin	3fe7338979fc5116	3fe9f47babe9f35b
asin	bfed008fc25e8672	bff226de713a203b
asin	bfd133908e1cf1ac	bfd16a6249463a97
asin	bfe9db441733daa2	bfee1ad77556918e
asin	bfed6d9fb19c4116	bff2ac9d29375759
asin	bfe694e77afb2010	bfe9116e7e25fcf6
asin	3fa7b6cc07912000	3fa7b8f838fe04c5
asin	bfd479aabf7099f4	bfd4d778ba940ccc
asin	3fe03da29d5189e6	3fe108abf343594d
asin	bfdab96d721974f4	bfdb91ae8e9f8738
asin	3fdebb6a7a681bac	3fe00720c6fe4c31
asin	bfe6153853e2b6ac	bfe85f240ae15771
asin	3feaaa84a74dceda	3fef85c24868bc28
asin	3fb4009f0de07cc0	3fb405d88cfa7d72
asin	3fe6d7afd23651fe	3fe9703c13a40ca9
asin	bfe6c47107abea8c	bfe954ccfe6f8f3c
asin	3fc14864c3f2cf30	3fc155f2d3fd2170
asin	3fdd68a5a882ce1c	3fde8e79081fbdf3
asin	3fd73160298b06d4	3fd7bbab8caed96b
asin	3fec8279c3b97416	3ff197125a7f3da9
asin	bf77036457d1b700	bf77036c47302087
asin	3fc0f7c544adb168	3fc104981514f0f7
asin	3fcdf15c57d02df8	3fce390d3db64dcd
asin	3fe1654daf24ff3e	3fe264440bc4d170
asin	bfca3fba8bf1821c	bfca6fbdbb27f52a
asin	bfe6b2263f3a52e8	bfe93acfbed8d0b5
asin	bfdc0f60dfacaa50	bfdd0c0dac85fa10
asin	3fed7a3350d32d8c	3ff2bcb29691ee61
asin	bfc90a8bc2118348	bfc93428834cbb22
asin	bfe89f49a0a73dc0	bfec1855e5e0662b
asin	3fd58c93cfcfb104	3fd5fa8533296883
asin	bfa3c36d3a3636e0	bfa3c4af15d38e2d
asin	3fe312344824ed44	3fe46e64ce3528c3
asin	3fdef2176859eba4	3fe02653a0419711
asin	3fe588efbd383142	3fe79f6d254b1cba
asin	3fe48440026bc772	3fe645882ff7abfe
asin	bfd36573fbe00f1c	bfd3b4ca6c81536b
asin	bfb65bda59bb6b80	bfb66327b1d56c86
asin	bfccbf954e624950	bfccfee7cd02254a
asin	bfd92ab9ba869318	bfd9dd82dee227b7
asin	3fe4e4eb91dd16de	3fe6c4530bd3ba57
asin	bfe9016a7e48fb4e	bfecb3c1559591fd
asin	bfef74f88f923c4e	bff62e485cc4263d
asin	bfc8731dfa1d9e40	bfc899d15069bcf3
asin	3fd7bde961fe3988	3fd852ba7549144a
asin	3fedb9eda2193628	3ff3109d8489d8d5
asin	3fe95186ac199fb8	3fed356d4c5447de
asin	bfcb3d16381e9528	bfcb72d166c0f255
asin	3fd1dbd9e0c1db1c	3fd2195cff188191
asin	bfe84f7fbff06aac	bfeb9c89793e8b0a
asin	bfec782c97bc3e2c	bff18bc2c0de1554
asin	3fea37f7c5e93832	3feeba5392068ba1
asin	3fe4eaab1246f01c	3fe6cbeaa4048da8
asin	bfd9818f01c20e50	bfda3c11e22d18fc
asin	3fdf3b351f456c60	3fe05026935d1a16
asin	bfb8ee2968391b10	bfb8f84af15c9347
asin	3fd5b3c262f64bec	3fd62426a162998e
asin	3fee56c22f271752	3ff3f46fba65fae3
asin	3fdc7e87bb5cdb5c	3fdd87f492bb6c50
asin	bfde06b55ccfc714	bfdf40f11c8ac374
asin	3fef51284f46f808	3ff5d235bb3ce24f
asin	bfdf43c54d80e490	bfe0550e8bda28a5
asin	bfc3b47f5b6efe18	bfc3c8a362eda73f
asin	3f9a701f99ecce40	3f9a70e026c7279a
asin	3fb5c86e8b88a350	3fb5cf2ed5fd7540
asin	3fd62c06b2f6e634	3fd6a42c79dc2a60
asin	bfe23350744a87aa	bfe35c2dbc7e007f
asin	3fd190a60425ee6c	3fd1cb1a9dabf822
asin	3fd7938f88ca8530	3fd82526081f2ca5
asin	bfdac516dce186fc	bfdb9e84b7617370
asin	bfddd67b0707d768	bfdf0a60faaead2b
asin	3fbb3c6ddf7c4430	3fbb49a66fa712a5
asin	3fd2dd5eae073870	3fd3262fe5dbffbb
asin	bfee87e9483ac83e	bff44407fb18835c
asin	3fcfbf25c9bb2eb0	3fd00a6eb6f541f6
asin	bfedb9514873ca4e	bff30fca68ceeba7
asin	3fe1f2c50e0ba25e	3fe30df6503e0c65
asin	3fe746591d7627e2	3fea0fd84dbad497
asin	bfeccf4a8a959620	bff1ed6f81932e50
asin	3fec72e8c40acebc	3ff18600d914af3f
asin	3fe9ae859359f04e	3fedcf5f2671afe1
asin	3fe28da70d0191ea	3fe3ca8793c05614
asin	bfe208a408888eee	bfe32868a5f73626
asin	bfdac16ef3a9fef0	bfdb9a7e659e5472
asin	3fd97b4c2b19783c	3fda353e6b7fe024
asin	3fe94c3f7c680cdc	3fed2ccd5fcc62f8
asin	bfc61873f651eb50	bfc634edabff1ccf
asin	bfeef1d805ca2b74	bff503234822e85f
asin	3fc7a326cf593e78	3fc7c615318faea7
asin	3fe9f09785556b8a	3fee3f2630cacdf9
asin	bfe5a4b978a58ae0	bfe7c512b8d256f5
asin	3fe7d7ec57531cda	3feae6fc4d9797b5
asin	bfe2424a7b6082ea	bfe36e66c15e45c7
asin	bfe1887f1d8324e8	bfe28e43f7fd2a9f
asin	3fe5b0daf2aecc1a	3fe7d58ebd0c701c
asin	3fcd9e9e613ff7b0	3fcde3f990fb92a4
asin	bfc2a4b5044b0a70	bfc2b5bec7c1b514
asin	3fc2fa63f1285348	3fc30c5e7b98cce0
asin	bfc572febf595e68	bfc58d0605ebe5e8
asin	bfe27270159df1ae	bfe3a92d07d53bfb
asin	bfdf465615469540	bfe05686eb386369
asin	3fcd476749f218f8	3fcd8a5affbc5879
asin	bfeea3386dd6d638	bff472757a0e7797
asin	3fdbb31bb904fa44	3fdca58ba60d5c90
asin	bfd9ecb2d88ceac4	bfdab111fc0587eb
asin	3fe5f3724e67d5fa	3fe83099aa11c93c
asin	3febc7deb5e01d14	3ff0d2c686905b3e
asin	bfd3a156907a4b68	bfd3f3ab75c82738
asin	3fe52e2d584c487c	3fe7258b7afa5789
asin	3fe0a45d1a347050	3fe1806a8508a36f
asin	bfdee8b47256c2a0	bfe020f7455e30dc
asin	3fe58d98fa285cc2	3fe7a5bae8023cbf
asin	3fed076ffbdc2488	3ff22f0588fd1efa
asin	3fc769f73cdb2888	3fc78be7e8bfd1ee
asin	3fd396bf39f48388	3fd3e88b204ac85a
asin	3fe4b71da61dcbe0	3fe6880a2c351529
asin	3fc2e8de876907f8	3fc2faa71fc56b2d
asin	3feea65a99b0cd00	3ff477e5e6ac1db2
asin	3fe27f01d5c2ddee	3fe3b891915be755
asin	bfec7907d1be171e	bff18cb2de60b6a8
asin	bfc1baa2cf85dfc0	bfc1c9464e508aaa
asin	bfed612628cd9cde	bff29cce27c82796
asin	bfdabf05fa2b8f1c	bfdb97d73ff50033
asin	3fe8ab3937cd9908	3fec2b0c778bd716
asin	3fe452d5132dd2cc	3fe60558cb1ed40c
asin	3fa4cba51385e060	3fa4cd1c10bd916e
asin	3ff001e4eff4a9b4	7ff8000000000000
asin	bfda6c0b30f59544	bfdb3c9e7bdf2bbb
asin	3fbdda013615d270	3fbdeb6e1a2b4f7b
asin	3fdca39b7a7fecd8	3fddb1639597e5b8
asin	3fd97ec8bf5a1d64	3fda390b7f7a7e77
asin	bfedfb610958b758	bff36b8d264e985d
asin	bfc80dc7019a7fc8	bfc8329bc2e8fd32
asin	bfe986b4cd531782	bfed8cfe39764fc4
asin	3fc5ecd97ef43d10	3fc608aa6bf39f43
asin	bfe14c19682b5792	bfe24645c13dda6e
asin	bfe27114f7a05a02	bfe3a7844131cf92
asin	bfc3c475ed0d3498	bfc3d8cb6ab536bd
asin	3fd89d075eacd0f4	3fd943b49fc8bc18
asin	bfeb9abe1279c64c	bff0a5be7e53f1b3
asin	bfc2e8267c186330	bfc2f9ed09d3887c
asin	bfede67a4ec93cc6	bff34defbfc4ffef
asin	bfe85735bc595e64	bfeba867b182e79d
asin	3febe6a72b0fd646	3ff0f1ff02ea13f9
asin	bfe6fc05e2634208	bfe9a449e8a738b8
asin	3fe83530243b5f8a	3feb7430f365e339
asin	bfe796531e3daa38	bfea8547008582bc
asin	3fe0d9f5f1f1ab40	3fe1bf507b3c0d28
asin	3fb0f59af714b6e0	3fb0f8c98e13807d
asin	bfd4d779b43443c8	bfd53a95ef9c0ed9
asin	3fd7dacfd25da880	3fd871dc650f7f29
asin	bfe5d4361c69f260	bfe805c7497a9c58
asin	bfe1d9a4daec3b58	bfe2efa6aad20d1f
asin	bfec02a21671bc46	bff10ebf0a2dc111
asin	3fc6203f34256b80	3fc63cd75d6049ad
asin	bfe4cc96236ada66	bfe6a4403031363f
asin	bfd260afa1b5064c	bfd2a3dd5b571871
asin	bf9942f4d92bb240	bf99439cd1162ea9
asin	3fd7c4f9a4062948	3fd85a55d620388f
asin	bfa7dabd40a0a9c0	bfa7dcf363b501e7
asin	3fe5d494a5139882	3fe806489342c279
asin	3fb81ebe2decbcd0	3fb827ea54b7fc5c
asin	3fef83c5eb0aef80	3ff657c06fcd0a87
asin	3fd7a36aca5248c4	3fd8363540773b71
asin	3fd08b89c0fc524c	3fd0bc318ab8f45f
asin	3fe79a84682d0c3c	3fea8b7bdf69c82b
asin	bfdce836f845390a	bfddfe3249c5ed10
asin	bfd14a2b242cc998	bfd181db22604e44
asin	3fe58f7730f2e580	3fe7a841f8866e8a
asin	3fee7362b95d2790	3ff422360b0588c8
asin	3fe95fcdc102f7ae	3fed4cd1111a9bd5
asin	3fd11bf58b9ac344	3fd151e1ba6c3c7f
asin	bfe40f05ee28da28	bfe5adf0d331444a
asin	3fdfabdbdcc4cbdc	3fe090d328c65356
asin	3fe4e81e7cac2b60	3fe6c88c7ff3fe4e
asin	bfb1519df8ed67d0	bfb155018834dbc4
asin	3febe4b2dd159b98	3ff0f00060a08fea
asin	bfb2c90abdd3c040	bfb2cd5e47c9a2cd
asin	bfb4a5a307c6fdf0	bfb4ab624f4a8def
asin	bfd184c61a8bbc28	bfd1bec1a6643ab2
asin	3fe488cfb1d7241e	3fe64b7a385303e7
asin	bfde34d16614756c	bfdf7532dad28394
asin	3fed236ee0ba0926	3ff25095825a1403
asin	bfea59db99f4383a	bfeef5bf2c4c24f7
asin	bfebf22f6c43f5d0	bff0fdcd48cdb2c3
asin	3fe5ebcd92c93f36	3fe8261a1bb02376
asin	bfeb2f482812aded	bff03dc271e8dc7d
asin	bfdbcaed74dc3d3c	bfdcbffa5bd6002d
asin	bfe4e7defce941ca	bfe6c838a05b8627
asin	3fd92ddc9178d8f4	3fd9e0ec180298de
asin	bf7fc27f48828300	bf7fc29423e736a2
asin	bfe5f1d3c32e6322	bfe82e60055f7797
asin	bfe992f060d97f62	bfeda14f8c0bc53f
asin	3fe659a22d623c4c	3fe8be32dd322dd3
asin	bfdefd67ee900d8c	bfe02cca8509ac98
asin	bfc74faae1fcf880	bfc77128885f28b4
asin	bfd07d08acd8a32c	bfd0ad2e45d68db5
asin	bfd682337efdaa9c	bfd70022230f7528
asin	3fdb3d9e3ab28244	3fdc237671727af7
asin	3fa37a3f19700dc0	3fa37b732fa7ae79
asin	3fe0a1a6df8c5394	3fe17d3dd271dcfd
asin	3fd9ed04a9400874	3fdab16b786aea3b
asin	bfd74ba90796e484	bfd7d7e193613e87
asin	3fc66fc2eaec6830	3fc68d96ad1b43c0
asin	3fefbda305aa5afa	3ff7184315e87c0c
asin	bfd495e4b3673e2c	bfd4f545dfc00c44
asin	3feeeca6ffd929ee	3ff4f8fe6b72510d
asin	3fcff079c1ce4400	3fd023e5a4e88c67
asin	bfe50315fb26d85c	bfe6ec3c69a2ad75
asin	bfefc0e10dfd1284	bff7252eef264732
asin	bfdae407181374e8	bfdbc09890702eec
asin	bfd09aa8fa5ef530	bfd0cbd98158b4f7
asin	bfe3da4837ed68dc	bfe56a792477bee6
asin	3fe37bc9b5bd1be4	3fe4f2ad8c061ef0
asin	bfea93a9fec53402	bfef5c927a5b2a8b
asin	bfe0ff5f00931224	bfe1eb6505b3594f
asin	3fb18e9ca8bb05c0	3fb19224924689a3
asin	bfd20db06ff65898	bfd24d4973ba6209
asin	bfe5fc28f23cb56c	bfe83c9565564415
asin	bfe1f8b0ac532a88	bfe3151d8c118757
asin	bfddaaf9eddf0dd8	bfded93dedd9a751
asin	bfed8d0b52fde76e	bff2d514750a9c9d
asin	3fdbb99666734e20	3fdcacbbc7370292
asin	3fe6d8174ec860e8	3fe970cfda3b1373
asin	3fe3287158e2967a	3fe48a1f6f9fefb4
asin	bfe19bb2fddeb34c	bfe2a53dd8e04823
asin	bfd3a21de1c80394	bfd3f47cdf897e7d
asin	bfc709c8bbeef0d0	bfc72a19bfcdadf9
asin	bfe89599fcc1db24	bfec092ff9d2fa61
asin	3fcf57da2af1b568	3fcfaa483be406bb
asin	bfb091091034ef60	bfb0940047023536
asin	bfe44fe4d54c0cea	bfe6018b1a7af177
asin	3fe3eeb68730ede0	3fe5848e6b120c08
asin	bfef8fcddd3e33c8	bff67b4d2914c2bf
asin	bfe1c01bbf57b906	bfe2d0ec2f1630dd
asin	3fd2fc0446988a48	3fd34644c24d0a37
asin	3fe9276d20076c6e	3fecf0f4ae9a51b0
asin	bfea93ebc49d0a3c	bfef5d089230c23c
asin	3fe305f15cc4a084	3fe45f228992259b
asin	3fe1db90b7aa5472	3fe2f1f75ad7e495
asin	3fcf40c2a4d8de68	3fcf9277a641faf3
asin	bfda8abc937c46ba	bfdb5e5567c40f87
asin	bf6a46c8c784b600	bf6a46cbbb780c29
asin	bfed5bf8d3b9a284	bff296493776bd05
asin	bfe4d0f876dbdb6c	bfe6aa05766b1c25
asin	bfe38d8b982a3478	bfe5091616c96208
asin	3fe28e546778b510	3fe3cb5c5989fb5c
asin	3fe35e95f298f4b4	3fe4cdedd01e51f6
asin	3fe5ae215e17b386	3fe7d1da1e7a94f7
asin	bfc7c2fec46b51a0	bfc7e67c9479b43a
asin	bf63cb08a636d800	bf63cb09e94f62cb
asin	3fd5d5623af45504	3fd647e833f75f2e
asin	3fc55389bc483b98	3fc56d1e2e8b72ae
asin	bfebc01709c904a0	bff0caf35f10b2f9
asin	3fef58cf67cabac0	3ff5e50920602cdb
asin	bfc242e4c4314c80	bfc252e633b51aad
asin	3fe6c17b549b5934	3fe95097040c335c
asin	bfe6c35275184abc	bfe9533538b5e8a2
asin	bfdcd627c95c0a28	bfdde9f607f4a316
asin	bfb9f025a5f687b0	bfb9fb8f9e89bd8b
asin	bfdf1b2f0e798e7c	bfe03dd15bf81d8d
asin	bfe0a72028d7b214	bfe183a66e7ab9eb
asin	3fc6688e1a36f090	3fc68644e309680a
asin	bfe8512b307aa632	bfeb9f1aec013a03
asin	3fd20087dde30aa8	3fd23f92b8e1f21b
asin	3fd640c1d93e7790	3fd6ba4763578a0c
asin	3fe3e7db06a1eb72	3fe57bcb5fa924be
asin	3fea0efa8f163f62	3fee734583daee98
asin	bfe8139ae39650b6	bfeb410693f34a9c
asin	bfd4a69611f7f77c	bfd506e7e7cb0086
asin	bfe6266bda0c786c	bfe876f1084ab1b1
asin	3fdf5ce655e18fac	3fe06376ac2c9ec5
asin	bfc2409db7504f40	bfc2509920ff2e12
asin	bfea590b759c62b8	bfeef4505c25fae1
asin	3fd09c68f88cd0b0	3fd0cda96373ce19
asin	bfe4a99d56983bd2	bfe676579e138754
asin	3fead04c047d6852	3fefca8932496f9b
asin	3fc464cb7c9ad820	3fc47b23a1b87dbb
asin	bfdb4a18f403df38	bfdc3141a2c84915
asin	3fea2396a2794f5a	3fee96e3b370b41d
asin	bfe44267e0174ed8	bfe5f01a66cdd09e
asin	3fcd79006f89f608	3fcdbd505704522a
asin	bfe07a1f12f0a569	bfe14f0cb845ac69
asin	bfef66efcfc3a1e0	bff608f19e403cce
asin	bfe3555b9132bfa0	bfe4c257980aeb9e
asin	bfeb06024ceb3e34	bff016f020302c82
asin	bfd3ce9a752985c0	bfd4233fe7447d91
asin	3fd7fe12d19d04c4	3fd897e0f02d090c
asin	bfec78901ad37cd8	bff18c2fbbea352e
asin	bfe24132332eb954	bfe36d117b11a696
asin	3fef315c783b62dc	3ff5880a794520db
asin	bfe3193947793540	bfe47723888ddfd3
asin	bfdf6fcf14c024c0	bfe06e5054393e24
asin	bfe5d20e0b8409a0	bfe802d4687fc7d1
asin	3fe5f37681f902bc	3fe8309f703ee879
asin	bfdf2b5aa18b6998	bfe0471271d7139a
asin	bfde6464954ac3d0	bfdfab35bf7237da
asin	bfcedbf367a7b2e8	bfcf2a8d86b4fc4f
asin	3fd72583d20f24e8	3fd7aef2421b9470
asin	3fd68a248c2a7ef4	3fd7089e25c0c5f3
asin	3fe6a2a8bc9dc7e0	3fe924de27909fe8
asin	bfee1e0896b82ad6	bff39df6173b7ca4
asin	bfee787299f3f513	bff42a788c8545d4
asin	3fd4e416455ab0a4	3fd547ed1e433640
asin	3fe81874b3ad9166	3feb4864c112dd6c
asin	3fc6b5f7c33f83d0	3fc6d4e9b64da889
asin	3fea1c59f48d84d8	3fee8a5b80a67c17
asin	3fd6cf7b5e9b8b80	3fd752c450103301
asin	bfedb37cc38fba80	bff307f081d2dc48
asin	3fb6063f46166c00	3fb60d39cf36b8a9
asin	bfeb2e4aff6bcd14	bff03cd28d77b7ad
asin	bfe7a50c99fa30e4	bfea9b191191ce16
asin	3fe7e7b6d887ab6c	3feafeb35d42328c
asin	bfdeefb635ab2754	bfe024f7a8f7f77d
asin	3fd7c36c6df22564	3fd858aa08c8bf39
asin	3feb865be640f81e	3ff091adca71d621
asin	3febb9ff50b80d76	3ff0c4d74c4022aa
asin	bfc223564ff4bbf0	bfc23304d437246d
asin	bfc8cc5a48de15e8	bfc8f4c072c1e8ea
asin	bfcfe6d583089ac8	bfd01eeb423002e1
asin	3fc06e4a2997a7b8	3fc079ed8bf0528f
asin	bfe87a932511ea20	bfebdf18c0078412
asin	bfe513a5a2d1153c	bfe7023845118ccb
asin	3fe86a666c808052	3febc607745bba85
asin	3fc370f2b0b9f8e0	3fc38448ec2a5fe5
asin	bfe533de4d5c5f0c	bfe72d23e9c5ced1
asin	3fc78968e24d9a10	3fc7abe472cf0a5b
asin	3fe16c9385786bb4	3fe26cef09d8670a
asin	bfeda7fa7f600ed5	bff2f88cd8f6cabc
asin	3fe119515b402fb6	3fe20a0e0677119a
asin	bfc86b3540cc11b8	bfc891c2a8f504f8
asin	bfa5e912b75499e0	bfa5eac9591ee96f
asin	bfed72194184763e	bff2b251cfee7693
asin	3fe0dc8f7f153488	3fe1c25f7914f930
asin	bfef529558b96cb8	bff5d5afb191dc22
asin	3fe77e99b1f8a7b6	3fea6240a655082a
asin	bfeef0a713c9818a	bff500cd46cb37c9
asin	3fdd25506480f9e0	3fde42c08cdce983
asin	bfd7e062f7360bb0	bfd877de7a8142a1
asin	bfe8711b257f3f46	bfebd06936a37048
asin	bfef9c63c983397e	bff6a294cfcf3901
asin	3fea59cacd88984a	3feef5a190b07934
asin	bfc6ec0106518048	bfc70bd420067eda
asin	bfeea0c69ea6fc7a	bff46e3b6dc26c82
asin	3fd0dc3baf56eeb0	3fd10fc91d9d1711
asin	bfcfcef8f7ba6338	bfd01299c5004245
asin	bfdab6430a3e3470	bfdb8e32b7c222fb
asin	3fd5d1dfdc812a80	3fd6442c8a4f853f
asin	3fe7817a726e955a	3fea667e1f21e785
asin	3fc7eaae172699b0	3fc80ee0d241b318
asin	bfe2c44fa3b91b74	bfe40dcfe17456b7
asin	3fed4f12f0a8ffc0	3ff28625ad39404f
asin	bff04323d75258e2	7ff8000000000000
asin	3fdc4afdd12fb820	3fdd4e727f5c6d98
asin	3feb2976f1d568a4	3ff038408a0b4e93
asin	3fd1f7bb05c076cc	3fd2366748ee4df8
asin	3feb274c8d9c3c8e	3ff0363472b73fcc
asin	3fe19e88c317f81c	3fe2a8a32807c5be
asin	3fd082f3a6e2eac4	3fd0b34e414a7b7a
asin	3fe9da933ef84dfc	3fee19ab52f91821
asin	3fe7b13604922486	3feaad2b3abb388c
asin	3f917319a99d4b00	3f91735104088623
asin	3fdde12cc9b3eb34	3fdf16783f18103d
asin	3fd7bf4535d75ea4	3fd8543104a2d5d6
asin	3fedb4def0efd7c6	3ff309cc96ec91d4
asin	3fe7f1ac05556fe6	3feb0db1e775839a
asin	3fd038f0e438a634	3fd066bfc4cf82c0
asin	3fbcee77d7964350	3fbcfe5352375eb1
asin	3fd18034235bebb8	3fd1ba014689e43e
asin	3fef695e4fd3c730	3ff60f49b653b6f3
asin	bfe17b904c2d7d18	bfe27ed0a3542b34
asin	3fe59af1d5aac5e2	3fe7b7ce3664d1c1
asin	3fcbdfdc23bbf3f0	3fcc197ff2a3f974
asin	3fe25e308b82031c	3fe3906c186e02ee
asin	3fe03e237722a7f2	3fe109417ec3ee0b
asin	bfeb3e4cf42b659a	bff04c08b15bb7d0
asin	3fd1f41c9ff89a7c	3fd232a219dc056b
asin	3fd7e57cde2812f4	3fd87d5e182d4d73
asin	bfebbb074e953e1a	bff0c5dfbdb1dcf6
asin	3fe6ff65481871d8	3fe9a9233618be07
asin	bfdeb523ef361300	bfe0038d20adc039
asin	bfb7bbeb614e4270	bfb7c4a84c4f87bc
asin	bfe435725adb0df8	bfe5df6021d329aa
asin	3fe026081e21fa14	3fe0ed4e06943ffb
asin	3fe4fe74558c8caa	3fe6e618e6215535
asin	3fe7a9ad065756ae	3feaa1f7a84941c2
asin	3fe0193c79d6b3bc	3fe0de7dd38deed4
asin	bfe125c3d3e7361e	bfe218c9f131d774
asin	bfe0110f74d08e1c	bfe0d508d58e4afc
asin	bfe1581a013a896a	bfe2548bec6babb5
asin	3fb3b94ef3d7d400	3fb3be513ecfddb7
asin	3fecfbca9731d2f8	3ff2213bb9d4ac8b
asin	bfde5612599a0a74	bfdf9af0ef42955f
asin	3febb0bbd1ca78b0	3ff0bb94e9f3c165
asin	3feaa0f179407b1c	3fef747731056f9e
asin	bfda35a5ec41a08c	bfdb00f208c41fb0
asin	3feb36e2305683fc	3ff044f9754a39dd
asin	3fd7b202401bfa18	3fd845e9b53917e0
asin	bfd792d9ca430c74	bfd824628a8e38d2
asin	bfdf3952c2827cf0	bfe04f12456e8cfa
asin	bfeae5f1db64faac	bfeff259316ad86b
asin	bfeadd189905c35c	bfefe209e8d6776d
asin	bfe71c2bace0b508	bfe9d2a0edb8e078
asin	bfec4d348da607c2	bff15d38e5947614
asin	3fe8f3e4adcce1d2	3fec9e1eb94ea07c
asin	bfd8891ff57d3b04	bfd92e262f20fd0f
asin	bfbe4937b5ddb9f0	bfbe5b6b0cb80c72
asin	3fd2e3cf16ab7f94	3fd32ced0f0087be
asin	3fe389ea2c9ba8a4	3fe5048040858a44
asin	3fe3b817ce687ad0	3fe53ef8cd0006ef
asin	bfedf3ba06f8adc2	bff360a4895abff8
asin	bfe55dfe12230b80	bfe7658dc4cd9c77
asin	bfcc69f2f45b4588	bfcca70d9c52988d
asin	bfd72915fb7c49fc	bfd7b2c6d6b8bef0
asin	3fde8fa0fadbfe24	3fdfdc60f0a273c1
asin	3fe8d1ec7d9de2ec	3fec68152f03cb0d
asin	3fe2533f6c08dc14	3fe3831146650c8d
asin	bfd364555d4cb128	bfd3b39da9a27ae3
asin	bfd16aa3df52f6e8	bfd1a397638af9f2
asin	bfba5f033ebe20a0	bfba6b02833f583d
asin	bfed347db722c140	bff265558311adb6
asin	bfe599e3167c38a6	bfe7b65f35ff597f
asin	bfecb1187eae21be	bff1cb0c11345373
asin	bfeffe5098e77628	bff8cee63e162664
asin	bfe554875acf1c7a	bfe758d97b0e7640
asin	3fda7763f4fe98f8	3fdb4914466ef232
asin	bfed70dea589e01a	bff2b0c0317912d3
asin	bfd21e0afb66d154	bfd25e55e175ff30
asin	3fc785488890bef0	3fc7a7b1c938232c
asin	bfe19fb8370425fa	bfe2aa0eb1e18740
asin	bfe30201e97515fe	bfe45a3df17ef956
asin	bfeafc2e64e2a332	bff00dc77ee419d5
asin	bfc748cff95e68a0	bfc76a2fcfd81b85
asin	bfeb551a46d8335a	bff061dc956b0b14
asin	3feb56cc0b3ccf78	3ff0637dc4690220
asin	3f9a94a97a5da200	3f9a956d2a0a5d21
asin	bfe590d8dcebcada	bfe7aa20a2d7301d
asin	bfe4f7462e3a7028	bfe6dc968af1e893
asin	bfe96d3dac68f29e	bfed62e8bff80edc
asin	bfd3b5c9470d0400	bfd409286ef082d0
asin	3fdf3d6965f850b0	3fe05169d3ce042f
asin	bfdd0ec0a5c061d8	bfde296b97dedf88
asin	3fe15aa024514b40	3fe2578ce1ab932b
asin	bfd1db8eb21fe3e8	bfd2190eb4631f48
asin	3fe2d2349e74faa4	3fe41efaaf063725
asin	bfdc67dd43a20494	bfdd6ea6e4b0ea55
asin	3ff0796fa7a80bf4	7ff8000000000000
asin	3fc92c7ebcf52c88	3fc956c7ac98655a
asin	bfe542afe6acb0c0	bfe740f24b7783a0
asin	3fa7a8aed75b43a0	3fa7aad7295b5d01
asin	3fe37cc80b4154d2	3fe4f3ee2d7b4a3b
asin	3fe4c731f77243ea	3fe69d28bd9caa4e
asin	bfc249cf1b421468	bfc259e2dda897ce
asin	bfd4149329c5b4bc	bfd46ce34d88a166
asin	3fea12d927090652	3fee79f138901ebf
asin	3fe50f347ce81006	3fe6fc517cb96462
asin	3fda177783023a3c	3fdadfe0b30650da
asin	bfebb2f8922c8c42	bff0bdd08c5a72f8
asin	bfea1da36dab0ef6	bfee8c95876759cd
asin	3fb857248bd000b0	3fb86091cf1e80d8
asin	3fa052197e02b960	3fa052ceb6171f26
asin	3feb5ebde9beed1a	3ff06b25879f20e7
asin	3fef040611debbca	3ff52770562ceb5a
asin	3feeb93e11450a3a	3ff499359ece1e10
asin	bfc3d5519a1e9170	bfc3e9dbac6d3680
asin	bfd7bad285b17968	bfd84f66dd8aeee1
asin	bfe349206e06413c	bfe4b3010360928a
asin	bfe96a80040cf420	bfed5e658387e338
asin	3fb8a38b8242f2e0	3fb8ad52e31cea8d
asin	bf8a0fe2d6dce580	bf8a1010f127b658
asin	bfd44e2bad8823cc	bfd4a99580c4442e
asin	bfd20460c01dc4d8	bfd243951495d8a8
asin	3fefa99219096e64	3ff6ce775d5889e0
asin	3fe65bfd04d76666	3fe8c17d60e5df09
asin	bfc96416d826d5a0	bfc98f7dcd61ec70
asin	bfddebacf9b0cce0	bfdf2258a41e6966
asin	bfc0f6cb22c124e0	bfc1039bb924dc8d
asin	bfed42dae73628f8	bff276fda51c2a91
asin	bfef34501e2fbd92	bff58ead572e4afa
asin	bfd399c384b6cc58	bfd3ebb6605d0e38
asin	bfe7ad914ebd9bf6	bfeaa7c0283cdcf6
asin	bfe5ff6a0e3e78b6	bfe841103c035c9e
asin	bfcd4001865b01c8	bfcd82c1b622f875
asin	bfe8c05586556980	bfec4c45f7d43291
asin	3fa2349fa7a95560	3fa2359b37ffbd5d
asin	bfed8a9fca1a431a	bff2d1edd6cfe593
asin	3fdbca9c59566b2c	3fdcbfa051895bc2
asin	3fbecf53c59d7dd0	3fbee27e305bd968
asin	bfeff2d1403c8e8e	bff83994894e351b
asin	bfe981a268360746	bfed8496aedc1d5c
asin	bfe28e4d7b13ab2a	bfe3cb53da0a3ad5
asin	bfd0999cfd8ac398	bfd0cac404c9474c
asin	bfdb64dff673a62e	bfdc4edf5a62bb61
asin	3fe6ffea75bdeeea	3fe9a9e2bfb000fb
asin	bfe62d7f43aee3b0	bfe880c058ca0cf1
asin	3fcd69dcb3090028	3fcdadc1cfcb8dc9
asin	bfef23ba493769cc	bff569facacf4322
asin	bfe896d2e23cbf1c	bfec0b18d75f5ac6
asin	bfe3402f55f92780	bfe4a7cde6d761ad
asin	bfebdf56b5dd118c	bff0ea8a28a661da
asin	3fb6373dca8260b0	3fb63e6769a68479
asin	bfc4b9af650b00c8	bfc4d1256c550f06
asin	bfe80167f3531781	bfeb25735bf03e6b
asin	bfdf197a9632f554	bfe03cd7a7540f9c
asin	3fecb94777a00016	3ff1d44f11af1314
asin	3fd4815743f49a58	3fd4df9265b3ad4e
asin	bfa3f1fc19048c60	bfa3f346ed5a95f6
asin	bfe8f3de89fc439e	bfec9e14eaaeb36b
asin	bfdfef2d4eff8308	bfe0b79c9990b797
asin	bfd1d372b4831548	bfd2109d03cbcc93
asin	3fb082bd77545970	3fb085ad04eb5684
asin	bfdbe7fc7d372744	bfdce040a7cf97ee
asin	bfd5a936509018e4	bfd618f0dca4b1d7
asin	3fe994739fb7af0e	3feda3d3ecef2eb9
asin	3fec77c2e672e100	3ff18b4f0743930c
asin	bfee2832cd30b56e	bff3ad140d80e9e6
asin	3fc2789ff58dd158	3fc289313823c313
asin	bf85a4bf473dc800	bf85a4d9aec22d11
asin	bfd54b8242dc2790	bfd5b577f8b30bce
asin	bfb47523a16bc5a0	bfb47abab473580d
asin	3fdd629a95c6326c	3fde87ab5b08f680
asin	3fc4b7abae2907c0	3fc4cf1ad0b8a574
asin	3fd04b176843d5b0	3fd07983e057853e
asin	3fad214e42d20220	3fad2555b5f59f75
asin	3fed4f7f36a9022c	3ff286ac90e54a68
asin	3fdd85938d4e2ff8	3fdeaf0fb0a48246
asin	bfe96ab38021d1f0	bfed5eba407b4646
asin	bfdd9a966d304a8c	bfdec6c05806475f
asin	bfcee02e9467bef8	bfcf2ee9a3f590ed
asin	3fe937506f339a00	3fed0ab5b776cbc8
asin	3fe28119f6cbcd8a	3fe3bb22a259dac6
asin	bfe588c423a73f30	bfe79f3233a1a57b
asin	bfe77861195babc4	bfea591851573bde
asin	bfbc188d997895f8	bfbc27122c185050
asin	3fd2145bba5a8e6c	3fd2543d1f7a2451
asin	3fdef1dff0e134a0	3fe02633f15d65a2
asin	bfef98450eaada0a	bff69576e87dc814
asin	3fca9df1da4a7008	3fcad008642f1b22
asin	bfd15c11e0e8bd58	bfd194739b8b5bb6
asin	3fe0f21a59f5461a	3fe1dbbe73a12103
asin	3fd2d0ec9c1d98e8	3fd3192a19baf0c2
asin	3feac3d0a452c79c	3fefb3b703862607
asin	3fe4127b4b07b85a	3fe5b2616326b58a
asin	3fab000cf71f6620	3fab034222eb6459
asin	bfea87f6d23cd26e	bfef479b321b8426
asin	3fed89d5dcec9e36	3ff2d0e74207c0ad
asin	3fea8bf9239236a8	3fef4ec808cd955d
asin	3fe0b76b7e33394a	3fe196bed1e01a6c
asin	bfc01ef0cd2aaa60	bfc029edf1c92e3c
asin	bfee20ab547cca74	bff3a1ddb89e973f
asin	bfe1af337373b864	bfe2bc9e81697456
asin	3fb436a106e2d3e0	3fb43c055f49fa21
asin	bfdfd5fd2bf4ceb0	bfe0a916349e2252
asin	3fe609fabd797222	3fe84f9f8a1369f2
asin	3fe3992991226be2	3fe517c5907e744f
asin	3feae72f060a0e96	3feff4a2d16c5d4e
asin	3fe6ab47e04aca4c	3fe93112f3b685dd
asin	3fe915f472e0e59e	3fecd4c0d9300e6b
asin	3fcedd978f2ecce8	3fcf2c3e74028f67
asin	bfd1627f0f512026	bfd19b20f768e630
asin	3fc4294961c3bf30	3fc43edeb0a56fb6
asin	bfe085629ce5488e	bfe15c32115e7d39
asin	3fef0f6f3c0c2000	3ff53ee2a0de569a
asin	bfc84182b7557b10	bfc86749c70f1ae5
asin	3feb9b1cfacc13ec	3ff0a61c50f5d738
asin	bfe625a372a2354e	bfe875db5f67b334
asin	bfcb184eb0293660	bfcb4d2e5be56948
asin	3fe6e60fb2179fd2	3fe984c95ec1cc08
asin	bfba24d31be43180	bfba3083658cc07a
asin	3fc37c5506ab5f38	3fc38fcd8bd109b5
asin	bf8820d98e976b00	bf8820fe23caded5
asin	bfcd0b13b12fbdd8	bfcd4c664fb5ec69
asin	bfd0659b5ad24ab8	bfd094f0a6be8d8b
asin	3fc49f8a1b55d3c0	3fc4b6a714e6e92e
asin	bfefc52925213fb6	bff736c39f1dc160
asin	3fe308eedaaf61ba	3fe462daaab43884
asin	3fe64c01c5edef70	3fe8ab2e093fa6e2
asin	bfb986e0c55fa250	bfb991c18e57a907
asin	3fdb3505382efe88	3fdc19f66fa72562
asin	3fe0936367985e0a	3fe16c8e63015f90
asin	3fe0f9ebee87ad52	3fe1e4f6ddc4e661
asin	bfe0eecc371b80e0	bfe1d7d91f740e55
asin	bfd3e67ce6543b28	bfd43c5fa5158eba
asin	bfe00b65cd4a7ecc	bfe0ce7cf8ea7703
asin	3f958658a9642680	3f9586c090cb5613
asin	bfe12392a21c37b0	bfe2163154092126
asin	bfde07b2b8baebf8	bfdf4210027ac327
asin	3fe2790d68022c88	3fe3b1460fe37ce2
asin	3fecf815ac2c89e0	3ff21cdd9325c226
asin	3fd4c4f138c02a00	3fd526fcf406e306
asin	bfe3758138bd06aa	bfe4eac2a5fb8bc3
asin	bfe83810ec161010	bfeb7897df90ff9c
asin	3febd4bba470660c	3ff0dfc53598201f
asin	bfc6415af2795de4	bfc65e756c6ed8a1
asin	3fc1d8f485700d08	3fc1e7e4121c7d01
asin	3fe2a722e3bc4d0e	3fe3e9d98636014e
asin	3fe6eed90d2c4f8e	3fe991600c9fa3c8
asin	3fde6cd595efe548	3fdfb4cdad00f362
asin	bfe2a1663257f0c2	bfe3e2ca8de5c226
asin	bfe5e2e8da966896	bfe819e71f96107f
asin	3fc044675fad82e0	3fc04fb234b31072
asin	3fef6f71033f51b0	3ff61f5b90b1da78
asin	bfe7743800904316	bfea52fa0d35a84a
asin	3feca557bda55fca	3ff1bdd1bffb2362
asin	bfd784a65fadfb84	bfd8151ceadafaa6
hmkey	0	0
hmkey	3ff0000000000000	41631680a5a28e2f
hmkey	4000000000000000	41731680a5a28e2e
hmkey	7fefffffffffffff	41731680a5a28e2e
hmkey	3fe59faa4316563a	415e266c61af44e5
hmkey	3fd22c5f88e17951	4152c76188949eee
hmkey	40037a3accf87b8e	41731680a5a28e2e
hmkey	4000f930974c9abb	41731680a5a28e2e
hmkey	3fb4a744f0df15ec	4143a89b42847028
hmkey	3ffd0e984cb191ec	416eb00282ce8702
hmkey	3fe43f21a1dcce11	415d090b30433665
hmkey	3ffe37cedf2a63c4	41703168ce2e78ed
hmkey	4002dbb9a79fc863	41731680a5a28e2e
hmkey	3fc30ba746906828	414adb2966e2d81e
hmkey	3fd78620c9fd5282	415589085cab500d
hmkey	3ff50373f030850c	4166f5f6ae9e9511
hmkey	3fdf72a4a80dcf9e	4159352c5128b3ae
hmkey	3fbaf6d395ef6c4c	4146828c46ea07c9
hmkey	3faf415835521b18	4141125473d08cc4
hmkey	3ff8886caba6dec0	4169ec5e0cb07c22
hmkey	3ffe6cc04b8f6c62	41705e84dd19727c
hmkey	3fffa3ca3feaf6b2	4171cbd5ff6cb964
hmkey	3fd14a877edde314	41524b3e70cef80f
hmkey	3ffe86ff59268c67	417075ec1169ebb0
hmkey	3ff7e079f155e258	416957c2ebe06cb0
hmkey	3feb53bc2a3d7546	41614e99c1ef7a8a
hmkey	3fc780cf943fe17e	414ded20266cac64
hmkey	3fefd1c68ee9b626	416304f2f8c1bdcf
hmkey	3fefaaa060b82624	4162f615015cf9a5
hmkey	3ff7924632eaf0be	416913f07766239f
hmkey	40016858e11e42a3	41731680a5a28e2e
hmkey	3ff93bf2142a3b00	416a90582fe8f78e
hmkey	3fdf3b1af60c8b1b	41591ca637a7dd9a
hmkey	3fff82c02d9219af	417194dc663101fd
hmkey	3ffc19605dd0c56d	416d81fc7e8a0754
hmkey	3ff87e13a6626b48	4169e315f1aa3ba0
hmkey	3fe52373cdbe8aec	415dc26aecd17552
hmkey	3fee00c18cc22dc6	4162543c526cdada
hmkey	4003f740b7de7596	41731680a5a28e2e
hmkey	40011b9a70ab81dd	41731680a5a28e2e
hmkey	3ffaeafc2fdcc2e9	416c36be55e8e115
hmkey	3ff80dfdc765d8fd	41697f9eec3b4253
hmkey	3ff98e380413454a	416add8b1cc1a89f
hmkey	4002540c25a3006c	41731680a5a28e2e
hmkey	3fb8c9232a719d6c	414590cbc6f55c8e
hmkey	3ff0c29a127c1256	4163aa5ae5562279
hmkey	3ffabcd7e30ed6ee	416c0724726e0d7f
hmkey	3fe7bda3282cebe4	415fd4cbc8f833b7
hmkey	3fbc6dd9c0b0623c	41471ff44400db87
hmkey	3feccb48eb40a352	4161de51ab4b5422
hmkey	3fe09b4ae727c1fc	4159faaf6f78fe04
hmkey	3ffccbbbb3ce0952	416e59d2cdeb8a09
hmkey	3ff23d05d3e0ae40	4164cb22d4e7cb74
hmkey	3ffb08d8dea268e2	416c55ea43fd82f7
hmkey	3fe91877bd7fc916	416071fa09d4f53b
hmkey	4003fddc8b8d2f54	41731680a5a28e2e
hmkey	3ff54defccefbbae	416731b9cf9c5c86
hmkey	4000e0c9f08441fd	41731680a5a28e2e
hmkey	3fcc2750f29912f0	41506e2caa247714
hmkey	3ff6668ee5f2136e	416816cc62e0a487
hmkey	4002628a0a19d150	41731680a5a28e2e
hmkey	3ffa0d691c3cd40c	416b57cd0813b6a2
hmkey	3ff0a4562d7a1bb2	41639358d4037bce
hmkey	3fe794543f42e331	415fb44ccf00a135
hmkey	3feb0106a4d5b972	41612ed3e4126782
hmkey	3ff297cbe5f8327a	416510e0d138e3e9
hmkey	3febc16df4942ff4	416178aab752f3a5
hmkey	40012acffc3bbe1d	41731680a5a28e2e
hmkey	3ffa136965f05aec	416b5da9e9ea38f8
hmkey	4003404d3ba25019	41731680a5a28e2e
hmkey	3fe531e8fc4067ba	415dce164f91f7b0
hmkey	3ffaf0b7c5b87a68	416c3cb474a8da08
hmkey	3fdc197c780bca14	4157b3d3a3a899e9
hmkey	3ff66d5b7b6b0520	41681c6f580ed7d5
hmkey	3ffb8ffee5fefd40	416ce6eead515f47
hmkey	40021b68433dd219	41731680a5a28e2e
hmkey	3ff030d9f1d3093f	41633b9aee0eaea3
hmkey	3f78fe9fa813ab00	41257d74c309ce1c
hmkey	3ffde4aba8032076	416fde8d97e1422e
hmkey	3ff045efe3aa15b7	41634b9f03db0c92
hmkey	3ffcc10af6f3448c	416e4c5695fd1478
hmkey	3fcdff7754e5a34c	4150fb7562972d1d
hmkey	3fd281a57050aa5b	4152f597fe0ebf3d
hmkey	3fdb333141d6b18e	41574991cac86cca
hmkey	400370bdea0ebffa	41731680a5a28e2e
hmkey	3fed6090262dbbc6	4162173e5b070f15
hmkey	3ff3711a3812e4ec	4165b8f4e6ce3e7d
hmkey	3fd532863d3bc918	41545f1c29ef3e3e
hmkey	3fe90b7431439d2d	41606cea28bffe3a
hmkey	3ff56ffe57083c7d	41674d2f519051ef
hmkey	3ff15c64aef34d85	41641f6beae66757
hmkey	3fe69b3f0f437718	415eef54f6a6d8d5
hmkey	3fa82c38c9397970	413dfdc41334d52b
hmkey	40032a6437a44741	41731680a5a28e2e
hmkey	4001da657f365872	41731680a5a28e2e
hmkey	4001a761de384d0c	41731680a5a28e2e
hmkey	3ff826d574fefee7	4169958085005dd6
hmkey	400389ce3b8d0c25	41731680a5a28e2e
hmkey	3fe8a5b1806dd19e	41604544a8b821c1
hmkey	3fe707daa28f9672	415f45705b8aff49
hmkey	4003827ad58bcb08	41731680a5a28e2e
hmkey	40025bc77da78a44	41731680a5a28e2e
hmkey	4003075bbf142224	41731680a5a28e2e
hmkey	3fe5fdf707e18718	415e71fa58b97639
hmkey	4002fa9330689e29	41731680a5a28e2e
hmkey	3ffd99e4ca6784a9	416f6f7f77702603
hmkey	3fffb0795df41c92	4171e37fd93585ed
hmkey	3fa558d1f9ff9d60	413c2baf9ebedb9c
hmkey	3f53cbdcd93aad00	41131e0fc6137125
hmkey	40002f939483a2b6	41731680a5a28e2e
hmkey	400003b543e34db8	41731680a5a28e2e
hmkey	4000c46184f39545	41731680a5a28e2e
hmkey	3ffde0a1146e345f	416fd86026b3b14d
hmkey	3fba70a4abccb78c	414649407ba6cce3
hmkey	3ff592b8e486b669	41676946af447713
hmkey	3ffaec200816772f	416c37ed9a4d0fbc
hmkey	3fe57c029a9c3c96	415e09c64d7b9035
hmkey	3ffc06f6fa396c3c	416d6cb347a29526
hmkey	3ff11fc28123e344	4163f13b43214f49
hmkey	3ffbf72f7f67f192	416d5a96c9410fe6
hmkey	3fc306790f1f8b72	414ad76994de1b80
hmkey	3ff31105dfd496c2	41656e6d17c42514
hmkey	3fd3f16a18062638	4153b9148180d562
hmkey	4003b4f495f86564	41731680a5a28e2e
hmkey	3fcb5f76054d042c	41503127c5bdf1cc
hmkey	3fc499ee6bdf0626	414bf6246724af36
hmkey	3fbd5543e4eb554c	41477f2ed39262ba
hmkey	3fced2bfe9245744	41513974a5656b66
hmkey	3fd93367984ee345	415658b055c62ca1
hmkey	3fedc9c9781497ad	41623f50f67f1417
hmkey	3fdc4e9483943bcb	4157cc262acc6950
hmkey	3ff4b9c24b56dfc1	4166bb34af790439
hmkey	3ff7688ab04265f2	4168f0123b6c69ba
hmkey	3ffa01b28969a6a6	416b4c621ebe0254
hmkey	400342368b934e01	41731680a5a28e2e
hmkey	3ff2135bd69929b2	4164ab33855943bb
hmkey	4001659a9c605877	41731680a5a28e2e
hmkey	3fe6b96e21b2dcdc	415f074c6509f50f
hmkey	3fe4a46ab07c9ad3	415d5b8910df95b4
hmkey	4003dda9a910b550	41731680a5a28e2e
hmkey	3f9d87f81c8f93a0	413767521a34bc76
hmkey	3ffdbec23b3f1479	416fa56a8c3db58f
hmkey	3fa9f6b7047bd2b8	413f17795eba2e20
hmkey	40035784a5fc5d8a	41731680a5a28e2e
hmkey	40014074d40a27b0	41731680a5a28e2e
hmkey	3fdcb87a49f02f33	4157fc78af22f0b0
hmkey	3ffb4e7071d009c0	416c9fbeeb2344ac
hmkey	3ffcb1425acfe973	416e38916a1d9247
hmkey	4000cec7ab05a54d	41731680a5a28e2e
hmkey	3ff2c76eb06e82f2	41653593f31aba94
hmkey	40021aba43954ab4	41731680a5a28e2e
hmkey	40035b91d6c4b3aa	41731680a5a28e2e
hmkey	3fe250fe51351e31	415b6ff2b69feb7f
hmkey	3fcccbe633d16ee0	41509fde990b490e
hmkey	3ffcc6969d683ee0	416e5352e7ded84e
hmkey	3ff284c9c54828fe	41650240ff2913ab
hmkey	3fe390155031ae7b	415c7970995233c1
hmkey	3fbffccd13f03f8c	41488f22ea3c763e
hmkey	40023d3817e582ff	41731680a5a28e2e
hmkey	3ff2e24a35a39af8	41654a4d8b591494
hmkey	3fa710f166fdcf30	413d4a99bbdf49fc
hmkey	3fe54382eaf8aca0	415ddc48894f2943
hmkey	40014ababd81eef7	41731680a5a28e2e
hmkey	3ff01bef3b0151d0	41632bb7ee1fb066
hmkey	3ffa3c6e7e0afe22	416b85fb56a08646
hmkey	3fdc988cbc1c874a	4157ededb8b59e6d
hmkey	40034938f468a393	41731680a5a28e2e
hmkey	3ffc0a7e7f0597e6	416d70c48b8b72d8
hmkey	3ff741c8fd1b357c	4168cef40aafbcc3
hmkey	3fd35366bccc070c	415365d2cc3a41e3
hmkey	3fd4e2eacf8b59be	41543653d7d99a13
hmkey	4002d52ce7463eb7	41731680a5a28e2e
hmkey	3ff1283d2a8f10d7	4163f7b00ca2d9d0
hmkey	40026554438ad31e	41731680a5a28e2e
hmkey	4003573432c31690	41731680a5a28e2e
hmkey	3ff4524ac9ad8e86	4166694777e7ee10
hmkey	40015684441681e8	41731680a5a28e2e
hmkey	3ff40cbd97a532da	4166328c97b71ae9
hmkey	3ff590e6732e6662	416767cccb8cf967
hmkey	3ff5e4c8a4ecd36c	4167ac091bc0a218
hmkey	40012e1c7deb6558	41731680a5a28e2e
hmkey	3fffb3e24dda6987	4171ea2ca146dd21
hmkey	40000c14eec1bed9	41731680a5a28e2e
hmkey	4002f0445d761f6f	41731680a5a28e2e
hmkey	3fb807478ff26f34	41453a6ac5a0b370
hmkey	3fc488fb2dc02afe	414bea4d6e9dbacc
hmkey	3fe505bb92a764c7	415daa679e553de8
hmkey	40027f94afd89746	41731680a5a28e2e
hmkey	3fc324f7f482572a	414aed74ec95a85d
hmkey	40030bd1843094e1	41731680a5a28e2e
hmkey	3ff583d6e07d6c56	41675d39eee1cb03
hmkey	3ff21ac799e221b5	4164b0e2d48649bf
hmkey	3fbd4af1dbdb85f0	41477af7327ee00e
hmkey	400000dcd3a0a4b6	41731680a5a28e2e
hmkey	3fd08c750ed2972a	4151e0af1eaf7848
hmkey	3fd5753b05052786	415481195adc74bb
hmkey	3ff225013b50d6b1	4164b8b8a3cb9444
hmkey	3ff910a904b069d2	416a6845365c153a
hmkey	3ffa7edcabe35e4d	416bc837c735dbaa
hmkey	3fec8ca65032336e	4161c66770de18f4
