POINT (30 10)	P(403e000000000000,4024000000000000)
point(30 10)	P(403e000000000000,4024000000000000)
POINT EMPTY	null
POINT (30 10 5)	P(403e000000000000,4024000000000000)
POINT (NaN 10)	P(7ff8000000000000,4024000000000000)
POINT (nan 10)	P(7ff8000000000000,4024000000000000)
POINT(1e2 -0.5e-1)	P(4059000000000000,bfa999999999999a)
POINT (0x1.8p1 2)	P(4008000000000000,4000000000000000)
POINT (1d 2F)	P(3ff0000000000000,4000000000000000)
POINT (- 1)	ERR	java.text.ParseException	invalid number found: -	1
POINT (1..2 3)	ERR	java.text.ParseException	invalid number found: 1..2	1
POINT (30)	ERR	java.text.ParseException	expected number but found: ')'	1
POINT 30 10	ERR	java.text.ParseException	expected EMPTY or ( but found: 30	1
POINT (30 10	ERR	java.text.ParseException	expected word but found: END-OF-STREAM	1
POINT (30 10))	ERR	java.text.ParseException	expected end of WKT string but found additional text: ')'	1
POINT (30, 10)	ERR	java.text.ParseException	expected number but found: ','	1
POINT (Infinity 0)	P(7ff0000000000000,0)
POINT (+Infinity 0)	P(7ff0000000000000,0)
MULTIPOINT (10 40, 40 30, 20 20, 30 10)	MP[P(4024000000000000,4044000000000000),P(4044000000000000,403e000000000000),P(4034000000000000,4034000000000000),P(403e000000000000,4024000000000000)]
MULTIPOINT ((10 40), (40 30), (20 20), (30 10))	ERR	java.text.ParseException	expected ) but found: ','	1
MULTIPOINT ((10 40))	MP[P(4024000000000000,4044000000000000)]
MULTIPOINT ((10 40) (40 30))	ERR	java.text.ParseException	expected ) but found: '('	1
MULTIPOINT EMPTY	null
MULTIPOINT (10 40 1, 40 30 2)	MP[P(4024000000000000,4044000000000000),P(4044000000000000,403e000000000000)]
MULTIPOINT ()	ERR	java.text.ParseException	expected word but found: END-OF-STREAM	1
LINESTRING (30 10, 10 30, 40 40)	L(4024000000000000 403e000000000000;403e000000000000 4024000000000000;4044000000000000 4044000000000000)
LINESTRING EMPTY	null
LINESTRING (30 10)	ERR	java.lang.IllegalArgumentException	at least 2 line points required
LINESTRING (30 100, 10 30)	ERR	java.lang.IllegalArgumentException	invalid latitude 100.0; must be between -90.0 and 90.0
LINESTRING ((30 10), (10 30))	ERR	java.text.ParseException	expected ) but found: ','	1
LINESTRING (30 10, (10 30))	ERR	java.text.ParseException	expected word but found: END-OF-STREAM	1
MULTILINESTRING ((10 10, 20 20, 10 40), (40 40, 30 30, 40 20, 30 10))	ML[L(4024000000000000 4024000000000000;4034000000000000 4034000000000000;4044000000000000 4024000000000000),L(4044000000000000 4044000000000000;403e000000000000 403e000000000000;4034000000000000 4044000000000000;4024000000000000 403e000000000000)]
MULTILINESTRING (EMPTY, (1 1, 2 2))	ML[null,L(3ff0000000000000 3ff0000000000000;4000000000000000 4000000000000000)]
MULTILINESTRING EMPTY	null
MULTILINESTRING ((10 10, 20 20) (1 1, 2 2))	ERR	java.text.ParseException	expected , or ) but found: '('	1
POLYGON ((30 10, 40 40, 20 40, 10 20, 30 10))	G(4024000000000000 403e000000000000;4044000000000000 4044000000000000;4044000000000000 4034000000000000;4034000000000000 4024000000000000;4024000000000000 403e000000000000)
POLYGON EMPTY	null
POLYGON ((35 10, 45 45, 15 40, 10 20, 35 10), (20 30, 35 35, 30 20, 20 30))	G(4024000000000000 4041800000000000;4046800000000000 4046800000000000;4044000000000000 402e000000000000;4034000000000000 4024000000000000;4024000000000000 4041800000000000|403e000000000000 4034000000000000;4041800000000000 4041800000000000;4034000000000000 403e000000000000;403e000000000000 4034000000000000)
POLYGON ((30 10, 40 40, 20 40, 10 20))	ERR	java.lang.IllegalArgumentException	first and last points of the polygon must be the same (it must close itself): polyLats[0]=10.0 polyLats[3]=20.0
POLYGON ((30 10, 40 40, 30 10))	ERR	java.lang.IllegalArgumentException	at least 4 polygon points required
POLYGON (30 10, 40 40, 20 40, 30 10)	ERR	java.text.ParseException	expected ( but found: 30	1
POLYGON ((30 10, 40 40, 20 40, 10 20, 30 10)	ERR	java.text.ParseException	expected word but found: END-OF-STREAM	1
POLYGON ((30 10, 40 40, 20 40, 10 20, 30 10), EMPTY)	ERR	java.text.ParseException	invalid number found: EMPTY	1
MULTIPOLYGON (((30 20, 45 40, 10 40, 30 20)), ((15 5, 40 10, 10 20, 5 10, 15 5)))	MG[G(4034000000000000 403e000000000000;4044000000000000 4046800000000000;4044000000000000 4024000000000000;4034000000000000 403e000000000000),G(4014000000000000 402e000000000000;4024000000000000 4044000000000000;4034000000000000 4024000000000000;4024000000000000 4014000000000000;4014000000000000 402e000000000000)]
MULTIPOLYGON (((40 40, 20 45, 45 30, 40 40)), ((20 35, 10 30, 10 10, 30 5, 45 20, 20 35), (30 20, 20 15, 20 25, 30 20)))	MG[G(4044000000000000 4044000000000000;4046800000000000 4034000000000000;403e000000000000 4046800000000000;4044000000000000 4044000000000000),G(4041800000000000 4034000000000000;403e000000000000 4024000000000000;4024000000000000 4024000000000000;4014000000000000 403e000000000000;4034000000000000 4046800000000000;4041800000000000 4034000000000000|4034000000000000 403e000000000000;402e000000000000 4034000000000000;4039000000000000 4034000000000000;4034000000000000 403e000000000000)]
MULTIPOLYGON EMPTY	null
MULTIPOLYGON (EMPTY, ((1 1, 2 1, 2 2, 1 1)))	MG[null,G(3ff0000000000000 3ff0000000000000;3ff0000000000000 4000000000000000;4000000000000000 4000000000000000;3ff0000000000000 3ff0000000000000)]
ENVELOPE (10, 40, 40, 10)	R(4024000000000000,4044000000000000,4024000000000000,4044000000000000)
BBOX (10, 40, 40, 10)	R(4024000000000000,4044000000000000,4024000000000000,4044000000000000)
bbox(-180, 180, 90, -90)	R(c056800000000000,4056800000000000,c066800000000000,4066800000000000)
ENVELOPE EMPTY	null
ENVELOPE (10 40 40 10)	ERR	java.text.ParseException	expected , but found: 40	1
ENVELOPE (10, 40, 40)	ERR	java.text.ParseException	expected , but found: ')'	1
ENVELOPE (10, 400, 40, 10)	ERR	java.lang.IllegalArgumentException	invalid longitude 400.0; must be between -180.0 and 180.0
GEOMETRYCOLLECTION (POINT (40 10), LINESTRING (10 10, 20 20, 10 40), POLYGON ((40 40, 20 45, 45 30, 40 40)))	GC[P(4044000000000000,4024000000000000),L(4024000000000000 4024000000000000;4034000000000000 4034000000000000;4044000000000000 4024000000000000),G(4044000000000000 4044000000000000;4046800000000000 4034000000000000;403e000000000000 4046800000000000;4044000000000000 4044000000000000)]
GEOMETRYCOLLECTION EMPTY	null
GEOMETRYCOLLECTION (GEOMETRYCOLLECTION (POINT (1 2)), POINT EMPTY)	GC[GC[P(3ff0000000000000,4000000000000000)],null]
GEOMETRYCOLLECTION (POINT (1 2) POINT (3 4))	ERR	java.text.ParseException	expected , or ) but found: POINT	1
GEOMETRYCOLLECTION (BBOX (1, 2, 4, 3), MULTIPOINT (1 2))	GC[R(4008000000000000,4010000000000000,3ff0000000000000,4000000000000000),MP[P(3ff0000000000000,4000000000000000)]]
CIRCLE (30 10, 5)	ERR	java.lang.IllegalArgumentException	unknown geo_shape [CIRCLE]
	ERR	java.text.ParseException	expected word but found: END-OF-STREAM	1
   	ERR	java.text.ParseException	expected word but found: END-OF-STREAM	1
(30 10)	ERR	java.lang.IllegalArgumentException	unknown geo_shape [(]
POINT	ERR	java.text.ParseException	expected word but found: END-OF-STREAM	1
POINT (30 10) extra	ERR	java.text.ParseException	expected end of WKT string but found additional text: extra	1
POINT (30 10)\n# trailing comment	P(403e000000000000,4024000000000000)
# comment\nPOINT (30 10)	P(403e000000000000,4024000000000000)
POINT\n(\n30\r\n10\r)\nx	ERR	java.text.ParseException	expected end of WKT string but found additional text: x	6
POINT\r\r(30 10) x	ERR	java.text.ParseException	expected end of WKT string but found additional text: x	3
POINT (30 10)\n\n\n,	ERR	java.text.ParseException	expected end of WKT string but found additional text: ','	4
POINT\t(30\t10)	P(403e000000000000,4024000000000000)
PoInT (30 10)	P(403e000000000000,4024000000000000)
POINT (30 10) )	ERR	java.text.ParseException	expected end of WKT string but found additional text: ')'	1
POINT [30 10]	ERR	java.text.ParseException	expected word but found: '['	1
POINT (30 'x')	ERR	java.text.ParseException	expected number but found: '''	1
POINT (30 é)	ERR	java.text.ParseException	invalid number found: é	1
POINT (30 ١٠)	ERR	java.text.ParseException	invalid number found: ١٠	1
POINT (30 10 20 40)	ERR	java.text.ParseException	expected ) but found: 40	1
LINESTRING (30 10, 10 30,)	ERR	java.text.ParseException	expected word but found: END-OF-STREAM	1
LINESTRING (30 10,, 10 30)	ERR	java.text.ParseException	expected , or ) but found: 10	1
MULTIPOINT (10 40, , 40 30)	ERR	java.text.ParseException	expected , or ) but found: 40	1
EMPTY	ERR	java.lang.IllegalArgumentException	unknown geo_shape [EMPTY]
POINT (1e400 0)	P(7ff0000000000000,0)
POINT (0x1p-1080 0)	P(0,0)
POINT (.5 .5)	P(3fe0000000000000,3fe0000000000000)
POINT (5. 5.)	P(4014000000000000,4014000000000000)
POINT (1e 2)	ERR	java.text.ParseException	invalid number found: 1e	1
POINT (1e+ 2)	ERR	java.text.ParseException	invalid number found: 1e+	1
POINT (1-2 3)	ERR	java.text.ParseException	invalid number found: 1-2	1
POINT(1 2)#c	P(3ff0000000000000,4000000000000000)
POINT (1 2 )	ERR	java.text.ParseException	invalid number found: 2 	1
POINT (1 2) 	P(3ff0000000000000,4000000000000000)
POLYGON ((+179.20945909963038 -51.82904452092277,179.2129814980594 -51.82875782592622,179.20667252648087 -0x1.9ea0054048f27p5 0.34167300401656253, 179.20679090821963 -51.82689386927274,179.20343435855338 -51.82225993890252, 179.19793515494365 -0x1.9e8bdc5408a5p5,+179.19771024080205 -51.82447144051422, 179.19370266973152 -51.81898911316827, 179.1961247257342d -51.82428232214828, 179.19143454030564 -51.82347240025917d, 179.19356305177743 -51.83079498389616,179.19048300848752 -51.832364841401755,179.19459713855437 -51.83153685058902, 179.1978690825431 -51.83543733979443d,179.19691609289745 -51.839131725246794,179.19697663780934 -51.839023274754744, 179.19813207052397 -51.83775828458225 0.6934973197297158,179.20019075253384 -51.842406084544564,179.20072400676315 -51.83907719313222, 0x1.6669888c29d04p7 -51.83680404386683 0.7384672597822768, 179.20725033062112 -51.83793490511325, 179.20945909963038d -51.82904452092277))	G(c049ea1e21802549 406666b3e391d863;c049ea14bc87541e 406666d0be931a2f;c049ea0054048f27 4066669d0fb3c6f2;c049e9d7a886e508 4066669e07f77d3b;c049e93fd04d32da 4066668288c59bd3;c049e8bdc5408a50 406666557c1b26c6;c049e98847b8bf4f 40666653a46d4a88;c049e8d4a2a06b3c 40666632cff0f4a2;c049e9821548261e 40666646a75c5ee4;c049e9678b2a22c9 406666203b543e00;c049ea577d72c1e7 40666631ab242323;c049ea8aee5e1494 406666186fd27cb9;c049ea6fccad596e 4066663a23c73f8f;c049eaef9c5a231d 40666654f18acd30;c049eb68ab1a7c4b 4066664d22fa619f;c049eb651d5ad3c5 4066664da1f32ef3;c049eb3ba9d91dee 406666571911660e;c049ebd3f66b8900 40666667f66fe306;c049eb66e1a7a943 4066666c54c0923c;c049eb1c6518c8c7 4066669888c29d04;c049eb417372d1b3 406666a1cb72034b;c049ea1e21802549 406666b3e391d863)
POLYGON ((134.0138037022154 -1.4734926248753009, 133.9504736583493 -1.5478734635538345, +133.87787920696613 -1.556281677985585 0.9787703699681639, +134.2908343769175 -1.6906944327483153, 133.99187871577033 -1.6357199022992879, 134.0299128006759d -1.715248666561342,133.28144641677733 -2.0367187072812243,133.08943087118564 -2.1895760061987475,0x1.0a1d7233b7a2ap7 -2.019807042535355,132.85445022707876 -1.996513483530122,133.02557721768937 -1.6393695660867023,132.83479127711132 -1.60920831256933, 133.16338341784615 -1.5429076444299963, 132.90482806012022 -1.213356556689176, 133.72501782154325 -1.2863202917156793,134.06643020999957 -1.1684927441768567 0x1.5c8f4ebfbfa9ep-1,134.0138037022154 -1.4734926248753009))	G(bff7936d00abc92b 4060c07114763286;bff8c416f704f5a0 4060be6a47bbca3b;bff8e6879de4fe53 4060bc1796227841;bffb0d159b02eebd 4060c94e83e52d39;bffa2be8a1dcab09 4060bfbd786ebaa0;bffb71a895f63798 4060c0f50bb09450;c0004b332d7764e0 4060a9019bea7452;c00184406cd5d6dd 4060a2dc9e215fd8;c0002890983f5bd0 4060a1d7233b7a2a;bffff1b81f5c8efc 40609b57a800ab9e;bffa3adb950666cc 4060a0d187502ff4;bff9bf51372efc63 40609ab69c3245bc;bff8afbfed193425 4060a53a6fdc8b74;bff369e89095dff9 40609cf459f9d706;bff494c4961199b1 4060b73358931174;bff2b225729da574 4060c220323f6d44;bff7936d00abc92b 4060c07114763286)
POLYGON ((-47.03304079447508 -47.19980482480239, -47.03846519915574 -47.17794075797966,-47.047443131037646 -47.168300549276665, -47.049891041063525 -0x1.795daaafaaa3p5,-0x1.78606bdc60b4bp5 -47.16415271663696,-47.051076552158555 -47.16388999025901, -47.07615182033078 -47.15500450097953,-47.088094242235385 -47.15503508585807, -47.0987721482402 -47.16227874856387, -47.110825442415866 -0x1.795a94a15a80bp5,-47.11297813785059 -47.16819757794965, -47.11903702127843 -47.179612718692596d,-0x1.78f5c2acf0324p5 -47.20128857610585d,-47.11989232935564d -0x1.79a3cb5960a4bp5, -47.11845370009812 -47.21605314770993,-47.12023319419145 -47.21923884674174, -47.11507254901876 -47.220261997377236,-47.11583045982774 -47.22494422418833, -47.110382328776886 -47.22782841171354, -47.11136014401467 -47.2343778178064, -47.08355049279328 -47.24613456677188, -47.08036091435276d -47.24411297644248, -47.07395594439725 -47.24817832314498d,-47.06881423759247 -47.24734341951773, -47.056300765094946 -47.23987434382843,-47.05378365363925 -0x1.79defb4aa79f5p5,-47.04618651916353 -0x1.79e1dbcffdea7p5,-47.041644390984764d -47.230547683803835,-47.04113482926143 -47.229962897409294 0.38616259984866597,-0x1.7852dd150507cp5 -47.21914185166553,-47.040771698252776d -47.218294819558686d, -47.03176905373729 -47.20714889025044, -47.03621401871201 -47.202317540792954d, -0x1.7843aae45da27p5 -47.19980482480239), (-47.05578773427954 -0x1.7990faec43509p5,-47.055838445317185 -47.19228350311549,-47.05509093040786 -47.2058861365622, -47.05578773427954 -47.19579109745434), (-47.09623576204362 -47.197433868782255,-47.09660387935577 -47.196471596492536, -47.10033738841048 -47.19349122998814, -47.103774566077725 -47.19633806983032,-47.10519785805493 -47.201705712322635, -47.09815023298807 -47.20575773921859, -47.0977187387952 -0x1.79a12463a6103p5, -47.09452567373937 -47.20117623862954,-47.09623576204362 -47.197433868782255))	G(c0479993345a0dfd c047843aae45da27;c04796c6c34412f5 c04784ec6d7a343a;c047958adf558564 c04786129dd41cff;c04795daaafaaa30 c0478662d462dd99;c0479502f4cac0ae c0478606bdc60b4b;c04794fa58e226f0 c0478689ad2c8e85;c04793d72fff384e c04789bf57c4ed00;c04793d8308fbf19 c0478b46ac10aef6;c04794c58ccef575 c0478ca490d53942;c04795a94a15a80b c0478e2f87315ed5;c04795877f8c47b3 c0478e76114f9d9a;c04796fd8cb05d7c c0478f3c9ae8b3ba;c04799c3d2f5b76e c0478f5c2acf0324;c0479a3cb5960a4b c0478f58a1c0cfd7;c0479ba7a129ce56 c0478f297da8017d;c0479c1004be625f c0478f63cd227913;c0479c318b8da4b8 c0478ebab28159fa;c0479ccaf8eb280f c0478ed388526b9f;c0479d297b3cb463 c0478e2102161397;c0479e0017a33173 c0478e410c984f78;c0479f81566559a5 c0478ab1c8550e50;c0479f3f18112cc2 c0478a49443582c9;c0479fc44eaabded c0478977636d43f7;c0479fa8f2fcdad0 c04788cee7a9fabb;c0479eb433d6f240 c0478734dd0c694a;c0479defb4aa79f5 c04786e261fcb851;c0479e1dbcffdea7 c04785e9709aa966;c0479d8296250d92 c04785549a78abb3;c0479d6f6c99d54a c0478543e7f533c3;c0479c0cd7170b4f c047852dd150507c;c0479bf115ab7205 c047853801cb4c8d;c0479a83dad683a0 c0478411022369cc;c04799e58a8a8e73 c04784a2a935032d;c0479993345a0dfd c047843aae45da27|c047990faec43509 c04787240d6f1fd1;c047989cbeeeb87e c0478725b6d43f97;c0479a5a7a179e02 c047870d38383438;c047990faec43509 c04787240d6f1fd1|c04799458354c572 c0478c517415576c;c0479925fb34c3a1 c0478c5d84133ff8;c04798c452146e52 c0478cd7db04e500;c04799219b1a70c4 c0478d487c27baef;c04799d17e26ebca c0478d771f97fa43;c0479a5645046bdf c0478c902fd463a7;c0479a12463a6103 c0478c820c31aa77;c04799c0249ad2b6 c0478c196ad2abe6;c04799458354c572 c0478c517415576c)
POLYGON ((-125.70189897447342 -43.140886548161866,-125.70222973509507d -43.13944710612187, -125.7038430966463 -43.137693015742144,-125.70265598381073 -0x1.59149bbe6c9afp5,-125.70345489756168d -43.13471896355007, -125.70542257569493 -43.13300616023106,-125.70520227079076 -43.131624775299045, -125.70703592595349 -43.128374523887175, -125.7110702400865 -43.125571764233825,-125.71300353115434 -43.124780374548706,-125.71926195319753 -43.122928069302,-125.71948040195765 -43.12447381338989d,-125.7229845377929 -43.12197985738298,-125.72512967087437 -43.12309750214544,-125.72542752934534 -43.124080082489925,-125.73222850167437d -43.12766441282861,-125.73510726631174 -43.13012624090552, -125.73837173564891 -43.14637196586878, -125.73691484290639 -43.147753417178535, -125.73751091330428 -43.14943950059648, -125.73699133839526d -43.14917986442689,-125.73720350483528d -43.15057978786419 0.22128718486598253,-125.73434428025172 -43.153205197354445d,-125.72693802083822 -43.158725515909246,-125.71785305831358 -43.15723227915133d, -125.71719030637777 -43.15834467012789, -125.70823808676138 -43.155288836908625d, -125.70837398947364 -43.151962429692745, -125.70189897447342 -43.140886548161866), (-125.71002617711893 -43.13895669448375, -125.71396253833893 -43.14275725422779, -125.71482531059952d -43.14165028715221, -125.71233245887451 -43.13870661171594d, -125.71002617711893 -43.13895669448375), (-125.71637264561845 -43.13139074447755,-125.71458207148419 -43.13607458922068, -125.71426101025739 -43.133981862276386,-125.71637264561845 -43.13139074447755 0.2370324147872943), (-125.72259201855063 -43.13207457675295, -125.72353822287143 -43.13151264415049, -0x1.f6e8ae33bf73bp6 -43.13364722514819, -0x1.f6e953fc5a7a5p6 -43.133882094290016,-125.72861520788891 -43.13403038897305,-125.72743910302253 -43.13416288627611 0.04998570905103261, -125.72797665018398 -43.134812344443496, -125.72812692716221 -43.135063241804396, -125.72414365210999 -43.13488062018281,-125.72259201855063 -43.13207457675295 0.31675248942895784), (-125.7275043385614 -43.138582367936955,-125.731989819104 -43.14055096943003, -125.7278499483868 -43.142171979333796d,-125.7275043385614 -43.138582367936955), (-125.72440548663248 -43.145688189647025, -125.72220739925929 -43.150285503459905, -125.7228992558055d -43.15077146328629, -125.7249902181923 -43.15142361231328, -125.72650167737241 -43.1508415898871, -125.72822861717076 -43.14691651281963d, -125.72641454815553 -43.1466036970618,-125.72440548663248 -43.145688189647025), (-125.71329635227127 -43.14779737605635,-125.7168417506326 -43.14615928840864, -125.71893705544898 -43.14694567748842,-125.71797391584504 -43.14954190155157d, -125.7184879264622 -43.151092630671634 0.7894104794593614,-125.71634791629181d -43.15088413985707,-125.71329635227127 -43.14779737605635))	G(c045920892066699 c05f6cebe9ad1d65;c04591d9671c285b c05f6cf154fca0c6;c045919fecbbc004 c05f6d0bc3ea671e;c0459149bbe6c9af c05f6cf850cdb392;c045913e78934c9e c05f6d0567b0cf43;c0459106588a2df2 c05f6d25a4bb1e11;c04590d914a4a05a c05f6d2208b4871f;c045906e938ede14 c05f6d40139cc44f;c0459012bc4e57b8 c05f6d822cc09525;c0458ff8cda5ef46 c05f6da1d9900f63;c0458fbc1b62b4cd c05f6e0863498f64;c0458feec206dbe7 c05f6e0bf7872159;c0458f9d09351d86 c05f6e4560f05563;c0458fc1a8b0f78c c05f6e68864770f0;c0458fe1db2c308a c05f6e6d67968a01;c04590574eb6fb20 c05f6edcd4eef8fe;c04590a7fa068533 c05f6f0bff58f719;c04592bc510b3a94 c05f6f417b8639c8;c04592e9957f53b8 c05f6f299cdf8e13;c0459320d563e56f c05f6f3360f94570;c0459318536777b5 c05f6f2addb7f5f2;c045934632d0285c c05f6f2e579bf0e7;c045939c3a581b77 c05f6eff7f26ebe4;c04594511e21ef7b c05f6e86270c6e06;c04594202ff46a4e c05f6df14df43296;c0459444a35dd8fc c05f6de6722bb9a6;c04593e0812dfa6c c05f6d53c5d71afe;c04593738140e022 c05f6d55ffdb8816;c045920892066699 c05f6cebe9ad1d65|c04591c9553d2f1a c05f6d7111a281e7;c0459245dea5166a c05f6db18fee2f08;c045922198bb64d5 c05f6dbfb2a8d831;c04591c12364878b c05f6d96dae1afb3;c04591c9553d2f1a c05f6d7111a281e7|c04590d16973439b c05f6dd90ca72b89;c045916ae463427d c05f6dbbb670d548;c045912651525dfc c05f6db673cff742;c04590d16973439b c05f6dd90ca72b89|c04590e7d1d9e4bb c05f6e3ef29801a3;c04590d56804d184 c05f6e4e734328e1;c045911b5a2e9b37 c05f6e8ae33bf73b;c04591230c683f70 c05f6e953fc5a7a5;c0459127e864a79b c05f6ea1a1ae5012;c045912c3fdc7249 c05f6e8e5cbd540e;c045914187e93daf c05f6e972b6032ad;c0459149c0973887 c05f6e99a1aedfea;c0459143c4a64652 c05f6e585e9ddac7;c04590e7d1d9e4bb c05f6e3ef29801a3|c04591bd11290bb5 c05f6e8f6e5b7470;c04591fd92fc8fc1 c05f6ed8ebd383a0;c0459232b100d2b8 c05f6e9517f32ddd;c04591bd11290bb5 c05f6e8f6e5b7470|c04592a5e91cf945 c05f6e5ca8d48849;c045933c8e2d362b c05f6e38a5622fdd;c045934c7ab3fe0a c05f6e43fb3d7f31;c0459361d9535d26 c05f6e663d5f4393;c045934ec6f7b88b c05f6e7f00e4336f;c04592ce2908e6be c05f6e9b4c33b09f;c04592c3e8f22d33 c05f6e7d9371eaaa;c04592a5e91cf945 c05f6e5ca8d48849|c04592eb06404c5f c05f6da6a5be571e;c04592b558f9dc62 c05f6de0bc38d7f6;c04592cf1daf8cf8 c05f6e031091424c;c0459324306445d8 c05f6df348ddfbdf;c045935700d9b35d c05f6dfbb4c8ae77;c04593502be715ea c05f6dd8a4ee41fd;c04592eb06404c5f c05f6da6a5be571e)
POLYGON ((-85.23458274717753 -31.670814547432002, -88.41916335290372d -35.78665072293062,-85.36561826205791 -33.31821930651241,-86.04149678962885 -30.443451243013627, -87.36045362182932d -0x1.f4b98691d554cp4,-91.09080232786953 -0x1.0b02796fc0b43p5,-84.57977845732606 -34.059221637628674,-85.23458274717753 -31.670814547432002))	G(c03fabba808ee6c8 c0554f03675ad555;c041e4b0f88c2e4e c0561ad3928719ce;c040a8bb6905369b c05557664a2396fb;c03e7186054a1d34 c05582a7e2269613;c03f4b98691d554c c055d711ac115ed4;c040b02796fc0b43 c056c5cfb491266b;c0410794931a6a55 c055251b171a4902;c03fabba808ee6c8 c0554f03675ad555)
POLYGON ((127.75 35.25 +0.27160365629469085,128.0 +36.75,127.25 35.75,125.0 +34.5,127.0 34.0 0.5758852439839116, 127.25 34.0, 127.75 35.25))	G(4041a00000000000 405ff00000000000;4042600000000000 4060000000000000;4041e00000000000 405fd00000000000;4041400000000000 405f400000000000;4041000000000000 405fc00000000000;4041000000000000 405fd00000000000;4041a00000000000 405ff00000000000)
POLYGON ((-180.0 -41.34297341712623, -179.26978331636238d -41.34297341712623, -179.26978331636238 -40.61275673348862,-180.0 -40.61275673348862,-0x1.68p7 -41.34297341712623))	G(c044abe68d8cfa2e c066800000000000;c044abe68d8cfa2e c06668a2109f190d;c0444e6ed0095e63 c06668a2109f190d;c0444e6ed0095e63 c066800000000000;c044abe68d8cfa2e c066800000000000)
POLYGON ((46.553205831822844 23.406970059499113d,+46.55326102231482 23.40737303638025,46.55230872865278 0x1.7688c8ca1cb3cp4, 46.55194927246405 +23.40905525029162, 46.54945058438355 23.412355327803d,46.547979181751145 23.413486495999187d, 46.544107518022024 23.413758273742168,46.54276156397623 23.414581338476708,46.53621318607489d 23.414689268129756, 46.53005683425299 23.412002699531755,0x1.743c351ce3b08p5 23.410971345485702,46.525792519411965 23.406967358520628, 46.52572945638332 23.40682891171662,46.52473147135333 23.405544298395956, 46.52505952654912 23.406606360096905,46.52391119662928 23.40369634558309,46.52401073576777 23.39854811058707, 46.52654326772928 0x1.764095f509761p4, 46.52868458431494 23.388478987037356d,46.53706388459115 23.384955158355947d, 46.5390258149498 23.384669107829207, 46.542166271016995 23.384395355197707,46.542452337331 +23.38446684332084,46.54816415700466 23.38741948102152, 46.54861212625623 23.388702542388874,46.549168258861364 +23.388198056640242, 46.55260368948961 23.391058562413583, 46.5525709207232 23.391968982503037d,0x1.746ddfe90fc03p5 23.395414385791252,46.553950020170134 23.39760227515821,46.553205831822844 23.406970059499113))	G(4037682f3097fff7 404746cf72ddd15b;40376849996c8680 404746d141d67f31;4037688c8ca1cb3c 404746b20d6b6df5;403768b7d84a4275 404746a64615245d;403769901e673ec8 4047465465915904;403769da4041a776 404746242e8c4148;403769ec0fee2c0a 404745a550adb4c7;40376a2200aa4a14 4047457935ff66e0;40376a29136c9e96 404744a2a238f014;4037697902485a44 404743d8e70011a6;403769356b087447 404743c351ce3b08;4037682f034762b7 4047434d2b55ad8c;40376825f086e3e1 4047434b1a52dae8;403767d1c04ab09d 4047432a669e527f;403768175abaf639 40474335268b7da9;40376758a4c9cb49 4047430f85a7c3f7;403766073fbcdaa3 40474312c8a6700f;403764095f509761 40474365c51169c2;403763735be08237 404743abefbbc419;4037628c6bd790b7 404744be82661742;40376279acb5e86f 404744fecc43745f;40376267bbe74ef7 40474565b4518192;4037626c6b467599 4047456f14043cda;4037632dec50d21b 4047462a3e3b9654;4037638202836ea9 40474638ec123ad2;40376360f2a5a3fe 4047464b253fe7c9;4037641c69f8631a 404746bbb7bb00df;403764581448e59e 404746baa4d89d06;40376539e08f5763 404746ddfe90fc03;403765c943409ea5 404746e7d5921fe8;4037682f3097fff7 404746cf72ddd15b)
POLYGON ((83.02048133305135 -72.97996768230327,83.02232619242334 -72.97812282293128,83.02417105179534 -72.97627796355928, 83.02232619242334d -72.97812282293128,83.02048133305135 -72.97996768230327))	G(c0523eb7ca5ea849 4054c14f90efe894;c0523e999077fd82 4054c16dcad6935b;c0523e7b569152ba 4054c18c04bd3e23;c0523e999077fd82 4054c16dcad6935b;c0523eb7ca5ea849 4054c14f90efe894)
POLYGON ((145.2859526660115 -13.028026249783917, 144.62790793716186 -13.558926000608198, 144.36045414783814d -16.350090481982598,141.38076371628708 -15.657498539090163d,141.58981988539045 -16.695331628526667, 135.01519003267816 -0x1.126af3c20b436p3, 136.14407244509314 -9.40621770356655, 138.77468298289236 -9.85123821552305,142.9969395822215 -7.932610032972894d, 0x1.21eb21fde2821p7 -9.168785265771543,144.73481282243227 -10.816423428137037,144.4457029035079d -12.433835302963477, +145.2859526660115 -13.028026249783917))	G(c02a0e5974e480be 4062292686349726;c02b1e2b8c7afe19 40621417d262e04a;c030599f87a2c192 40620b88d7231584;c02f50a3a6051ebc 4061ac2f37639e9b;c030b20140ec657e 4061b2dfcdf3c90a;c02126af3c20b436 4060e07c6fceb27e;c022cffbc44fbfc6 4061049c3dd0fdc1;c023b3d57ed18dc6 406158ca33f7894b;c01fbafe1fde2906 4061dfe6edd6b756;c022566b05b91226 40621eb21fde2821;c025a202406712d5 40621783962e20e6;c028de1fa92c2822 40620e4332bc498f;c02a0e5974e480be 4062292686349726)
POLYGON ((180.0 11.020065270561599, 180.0 14.183245146189455d, 180.0 19.826155413220857,180.0 28.089411749314372,0x1.5db8b25a29da2p7 17.61221682491266, 171.7368718863712d 13.884292211759835,171.03007659762275 13.659133778022207 0.963310056912384, +169.60930608936178 11.76144798319915, 160.18947976522378 6.022605890707094,164.21552233044812d -1.4785746263332396,177.73334833870658 1.0671119383520153, 180.0 -4.506218852884553, 180.0 -0x1.24c91247a57c8p0,180.0 6.714288937500549, 180.0 11.020065270561599))	G(40260a45fec1b1e6 4066800000000000;402c5dd24ecc11a3 4066800000000000;4033d37eebd1326b 4066800000000000;403c16e3b03b2ef2 4066800000000000;40319cba3de90f93 4065db8b25a29da2;402bc4c1f2e33b64 406577947459a9cc;402b5179fb8896af 406560f663326545;402785dc8292e419 4065337f6f7be200;40181725ffa522bc 4064061037de5c7a;bff7a83dde0cbf38 406486e58f161aa3;3ff112e3f7c64a08 4066377796ef6a43;c012065e3c2707fa 4066800000000000;bff24c91247a57c8 4066800000000000;401adb6e8f29d679 4066800000000000;40260a45fec1b1e6 4066800000000000)
POLYGON ((93.37429207008891 -24.76211597127145d,93.37399778189868 -24.7613322209758, 93.37339385260898 -24.76092303057838, 93.37002102612318 -0x1.8c232b1bd01a9p4,93.3647604338385 -24.758124843056834, 93.36451857995112 -24.75826969770108d, 93.35845218296389 -24.76332315017105, 93.36352655327849 -24.775924865658464, 93.36637530247418 -24.77744550297583,93.37662287978767 -24.76795196380453,93.37429207008891 -24.76211597127145), (93.372786854723 -24.766811886415294,93.37336639840976 -24.7678655945444,+93.37340504486603 -24.768159511016492 0x1.4c927ee7af9e8p-2,93.37308310016212 -24.768418072448135,93.37273518494729d -24.76893631727686,+93.372783319687 -24.76912518890564,93.37188756499772 -24.769162021315065,+93.3712953260066 -24.769059441281765,93.37072352484246 -0x1.8c4ca6c540b1ep4, 93.37081074672629d -24.766741300614832, 93.372786854723 -24.766811886415294), (93.36380128386327 -24.766948649736804, +93.3611510295176 -24.767013825847766,93.36103147127326 -24.767630383435762, 93.36171187684896 -24.767858578187784,0x1.757416020c608p6 -24.769328214029073, 93.36370212401071 -24.768670928974093, 93.36386275546938 -0x1.8c4cca4686d58p4, +93.36380128386327 -24.766948649736804))	G(c038c31a08445ec2 405757f466ba0bc7;c038c2e6ab1e7b6b 405757ef94648202;c038c2cbda0b1b7b 405757e5af545eea;c038c232b1bd01a9 405757ae6cab8203;c038c214783f36d8 405757583c258d83;c038c21df6812c88 4057575445bceb2a;c038c369255e43ad 405756f0e16cc09f;c038c6a303122803 4057574404e063c2;c038c706ab21b416 40575772b1658c14;c038c4987ff9707f 4057581a96d9e742;c038c31a08445ec2 405757f466ba0bc7|c038c44dc8a65677 405757dbbd655a7f;c038c492d6f04ab3 405757e53c2da618;c038c4a61a09ed5c 405757e5de45f71b;c038c4b70bfad1f2 405757e097f078be;c038c4d902af692a 405757dae4ad5ab2;c038c4e5636ce12a 405757dbae91a333;c038c4e7cd5edf9b 405757cd01805d13;c038c4e1145cfc37 405757c34d7896c9;c038c4ca6c540b1e 405757b9ef29c399;c038c449286aa21a 405757bb5cff8c77;c038c44dc8a65677 405757dbbd655a7f|c038c456bf2854b8 40575748852e1be0;c038c45b04a19893 4057571d19352c78;c038c4836cc045c5 4057571b23be7c82;c038c49261394504 4057572649926907;c038c4f2b19f251c 405757416020c608;c038c4c79e355465 40575746e5460727;c038c4cca4686d58 405757498702be4d;c038c456bf2854b8 40575748852e1be0)
POLYGON ((-179.4993242014727 1.2221872816802672,-179.50909952195974 1.3716594025093636,-179.65373299346626d 1.5318072120845965 0.8866111462524816, -179.67976791200644 1.5396862930709727, -179.97358278778336 +1.577759353605872 +0.04538742024484044, -180.0 1.0761374435703857d, -179.5631983474226 0.9185948170538618, -179.50286350221535 1.1573800433317734, -179.4798542099101 1.170604015534119, -179.4993242014727 1.2221872816802672d), (-179.62983122269415d +1.2357955425344103, -179.6056300708059 1.2440139291698298, -179.6492220594755 1.2692062614710775,-179.67703641482154 1.2926878501767902d, -179.7166830065686 1.265283109656241,-179.71371312681845 1.1796577121043874,-179.6856630016578 1.168607625945848d, -0x1.674e1f4dbb584p7 0x1.2a242d104f02dp0, -179.62983122269415 1.2357955425344103), (-179.78023476768777 1.4572102632317943d,-179.77681185386558 1.3526058039897995, -179.84254436998117d 1.3477555951883342,-179.85654616211878 1.3450844959427664,-179.834185871977 1.4597344716614327, -179.78023476768777d 1.4572102632317943), (-179.962492428244 1.3506238427926913,-180.0d 1.348480697412094,-180.0 1.3003230732795772, -179.98587814420173 1.265100094390788d,-179.94768825127062 1.3357233392282655, -179.95751011763574 1.336981462631529,-179.962492428244d 1.3506238427926913), (-179.9467103884348 1.1084425231043566,-179.95803802201763 1.1357493669604413d, -179.96770029641928 +1.1410665829015638,-0x1.67fa7a6663ca7p7 1.162475338627457,-180.0 1.1590793035965685, -180.0 +1.1178445414580251, -180.0 1.0600043080281876, -179.9471603608507 1.0606084519739278 0.20055071257491852,-179.95604049534757 0x1.13fbab661b433p0, -179.95244776986337 1.0768627368962562,-179.9467103884348 1.1084425231043566), (-179.79464128241145 1.0835313962172854,-179.77093331709483 +1.0158247542251602,-179.7665374859613 1.0105102232798053, -179.76601779489206 0.9958957045318785, -179.78281417744867 0.9936481022410802, -179.7778578458377 0.9728673678063332,-0x1.679657aff9ff4p7 0.9724508654742059, -0x1.67993f715dea6p7 0.980958368053084d,-179.8312774628055 1.076843429402826, -179.79464128241145 1.0835313962172854))	G(3ff38e1440467653 c0666ffa76bf6da6;3ff5f25121307537 c066704a8b14a73e;3ff88248477ae26b c06674eb6174681f;3ff8a28e182d6dc5 c06675c0a8a2de03;3ff93e80978b2008 c0667f2797172f4c;3ff137dbe5622c73 c066800000000000;3fed6520f530afa2 c0667205b88a6aec;3ff284a0efb272cf c066701775330bbe;3ff2bacb46b490a9 c0666f5af7374d2d;3ff38e1440467653 c0666ffa76bf6da6|3ff3c5d18bfba55a c066742793ceef13;3ff3e77b2658d898 c0667361525072bc;3ff44eab398e58e5 c06674c66d572940;3ff4aed974872240 c06675aa48457b82;3ff43e99808279cd c06676ef113359f4;3ff2dfe0c3df6683 c06676d6bce94d28;3ff2b29de8f4b2a9 c06675f0f3890651;3ff2a242d104f02d c06674e1f4dbb584;3ff3c5d18bfba55a c066742793ceef13|3ff750bbb57f9e23 c06678f7aee74d7a;3ff5a445fbc8416f c06678dba4886fee;3ff590682bc55bcb c0667af61f9c4ff0;3ff585775206e4aa c0667b68d37f3a10;3ff75b12888a1338 c0667ab1a691dda6;3ff750bbb57f9e23 c06678f7aee74d7a|3ff59c27bf1fe118 c0667eccbcebbe94;3ff593607eeac165 c066800000000000;3ff4ce1f911f851a c066800000000000;3ff43dd998b932fc c0667f8c50526601;3ff55f1f6fa7d43b c0667e53764fc058;3ff56446ac95c547 c0667ea3ec421ab5;3ff59c27bf1fe118 c0667eccbcebbe94|3ff1bc2e3a23a9b9 c0667e4b7395a38d;3ff22c078738c3c8 c0667ea83f5a9c7d;3ff241cf0881ee58 c0667ef7669cae69;3ff2997fbd9cfbb7 c0667fa7a6663ca7;3ff28b96bd66aef8 c066800000000000;3ff1e2b0f5393079 c066800000000000;3ff0f5c713c99a52 c066800000000000;3ff0f84091716d64 c0667e4f233ebd7b;3ff13fbab661b433 c0667e97e23ca56c;3ff13ad46bd401f0 c0667e7a73bed6c3;3ff1bc2e3a23a9b9 c0667e4b7395a38d|3ff15625046f1450 c066796db38e0047;3ff040d1751dd42d c06678ab7c590a36;3ff02b0cc4942ab0 c0667887799f2b94;3fefde60ab261f1b c066788337c026e5;3fefcbf71adb73f3 c066790cd0515f97;3fef21babf025c9b c06678e4362319eb;3fef1e514705b72c c06679657aff9ff4;3fef6402cdb0d11e c0667993f715dea6;3ff13ac02d032976 c0667a99d33194d9;3ff15625046f1450 c066796db38e0047)
POLYGON ((-124.43884792487812d -76.63059173919667, -0x1.f298a355d9226p6 -76.48537086608462, -124.63408319421444 -76.42889938461614,-124.52184305978014 -76.92727223102901, -124.86430199594007d -0x1.33e81925b3bfcp6,-124.86551888511082 -76.6124129944035, -0x1.f334f7ad0d268p6 -76.40995616073282,-124.61465791155999d -0x1.334fc82146e3fp6, -124.89133981380843 -76.74010335926268,-0x1.f429ed6e65f2ap6 -76.6607524846242d,-124.60899991537984 -76.41996075129964, -124.95325945184335 -76.85152931270082, -124.96163790166722 -76.62382171694175,-124.43884792487812 -76.63059173919667))	G(c053285b9d743e8f c05f1c16159b5137;c0531f1050f710f0 c05f298a355d9226;c0531b7316678cdb c05f2894d1ad8608;c0533b586da0b08c c05f2165e06ed99e;c0533e81925b3bfc c05f3750b9519b87;c0532731c645a6f1 c05f3764a95267c4;c0531a3cb8c3c909 c05f334f7ad0d268;c05334fc82146e3f c05f27568e23182e;c0532f5dda7aec59 c05f390bb6257b84;c0532a49c4ca0d8c c05f429ed6e65f2a;c0531ae0a30f1be0 c05f26f9dac7f4af;c053367f74cd68aa c05f3d0233ee9149;c05327ecb1ec3329 c05f3d8b79b2904e;c053285b9d743e8f c05f1c16159b5137)
POLYGON ((159.25 -0x1.67p6 0.07081224001657993, 159.25 -89.25, 0x1.3d8p7 -88.5, +159.0 -88.0, 159.0 -87.5,157.25 -86.5, 156.5 -86.75, 157.5 -0x1.63p6, 156.75 -89.0,157.0d -89.25,0x1.39p7 -90.0,156.5d -90.0,157.25 -90.0, 0x1.388p7 -0x1.68p6,+157.25 -0x1.68p6, 157.75 -90.0,158.25 -90.0, 158.75 -90.0,158.25 -90.0, 160.0 -90.0, 160.25 -90.0,159.0 -89.75, 161.0 -89.75, 159.25 -89.75))	G(c056700000000000 4063e80000000000;c056500000000000 4063e80000000000;c056200000000000 4063d80000000000;c056000000000000 4063e00000000000;c055e00000000000 4063e00000000000;c055a00000000000 4063a80000000000;c055b00000000000 4063900000000000;c056300000000000 4063b00000000000;c056400000000000 4063980000000000;c056500000000000 4063a00000000000;c056800000000000 4063900000000000;c056800000000000 4063900000000000;c056800000000000 4063a80000000000;c056800000000000 4063880000000000;c056800000000000 4063a80000000000;c056800000000000 4063b80000000000;c056800000000000 4063c80000000000;c056800000000000 4063d80000000000;c056800000000000 4063c80000000000;c056800000000000 4064000000000000;c056800000000000 4064080000000000;c056700000000000 4063e00000000000;c056700000000000 4064200000000000;c056700000000000 4063e80000000000)
POLYGON ((180.0d -89.52779623337116, 170.45813767580333 -89.52779623337116, 170.45813767580333 -79.98593390917448, 180.0 -79.98593390917448, 180.0 -89.52779623337116d))	G(c05661c769da51fe 4066800000000000;c05661c769da51fe 40654ea91057d481;c053ff198a89faff 40654ea91057d481;c053ff198a89faff 4066800000000000;c05661c769da51fe 4066800000000000)
POLYGON ((179.1409774858526 16.66976124631816,179.16876791951782 16.669761274108595,179.19655835318304 16.669761301899026,+179.14097751364304 0x1.0b292bf34cc67p4,179.1409774858526 16.66976124631816))	G(4030ab7579191090 40666482e33766b2;4030ab7579906c78 406665668bfade2d;4030ab757a07c85f 4066664a34be55a8;4030b292bf34cc67 40666482e346522f;4030ab7579191090 40666482e33766b2)
POLYGON ((-149.61318871117118 -89.36123643876459,-149.57984245294978 -89.32789018054318,-149.54649619472835 -89.29454392232178, -0x1.2b28e11c2880ep7 -89.32789018054318, -149.61318871117118 -0x1.6571e7f70a784p6))	G(c056571e7f70a784 c062b39f3dee9836;c05654fc27188733 c062b28e11c2880e;c05652d9cec066e3 c062b17ce59677e5;c05654fc27188733 c062b28e11c2880e;c056571e7f70a784 c062b39f3dee9836)
POLYGON ((-32.58364053691264d 89.95973183294907, -0x1.04ad2cc3d177ap5 +89.96051606402494, -32.588012711321596 89.96311265725235d,-0x1.04b6495983ae9p5 89.96314280309556, -32.58768611936262d 89.96060602792932, -32.58866301023625 89.96039378465868d, -32.588565957977046 89.95819741019594, -32.58775982354267 0x1.67d498297a6c8p6,-32.587393367381715 89.95611183969675,-32.5849862248788 89.95537460346775d,-32.58328249776852 +89.95699570124317, -32.58242370644767 89.95747445980703,-32.5843090059243 +89.95853875629247, -32.582046593974354 89.95885393743386, -32.58364053691264 89.95973183294907))	G(40567d6c3f10dc92 c0404ab4bbad5470;40567d79185e9144 c0404ad2cc3d177a;40567da3a34550cd c0404b4400226118;40567da421b62b16 c0404b6495983ae9;40567d7a91b49300 c0404b394c7b7ce1;40567d77177e1901 c0404b594f3caa31;40567d531b3af9d2 c0404b56211a8671;40567d498297a6c8 c0404b3bb6c2025e;40567d30efb6b438 c0404b2fb4b36559;40567d24db8554ab c0404ae0d4203b83;40567d3f6ae5d021 c0404aa9003a1f5c;40567d4742f4e818 c0404a8cdc29cdce;40567d58b2f08e61 c0404acaa3339a00;40567d5ddce7bad5 c0404a8080b6ef1c;40567d6c3f10dc92 c0404ab4bbad5470)
POLYGON ((-0x1.4833db7dd34aap3 43.87390221007605, -0x1.837fc178ab194p2 43.68458732265837,-7.273382724551368 36.584036943468725, -15.858756553570968 35.41367999969339,-20.4492334176194 34.50260329703361,-21.483571065043975 38.38761579044264d, -23.834515279670985 35.39152353353896,-22.658480783384103 37.96900229532627 0.18793187600598504, -26.071991044714814 36.40017144165239, -31.445869269264136 38.97923766265894, -0x1.9483ce0d80954p4 +49.31830950063797,-26.809542381401123 52.020012746085044, -27.636305278869408 54.13271331680283, -24.66971428584405 +55.76702329409042, -0x1.4077ba5a4754ap4 +53.38249235916626,-16.958272267048994 50.89330319315897,-15.464652069052523 53.770329853527485,-10.256330247643138 43.87390221007605))	G(4045efdc071216e1 c024833db7dd34aa;4045d7a08eb10976 c01837fc178ab194;40424ac1b8f9ed4f c01d17f1a414f540;4041b4f3775ad8a1 c02fb7aef061a03f;404140554e09cf81 c0347300f614f215;4043319d64ebaea2 c0357bcb5035a7e0;4041b21d71721504 c037d5a2cb1a32fd;4042fc084468166f c036a8923255addf;40423338d15b5858 c03a126e014ea7ae;40437d57a8e410d9 c03f72247d09c7e8;4048a8be5d9f9f83 c039483ce0d80954;404a028fc714f81e c03acf3e2b64d802;404b10fcbffdb4b7 c03ba2e4e71b042a;404be22dd1bdb1bc c038ab72653b5d3c;404ab0f58276cb63 c034077ba5a4754a;40497257c25003dc c030f55154cfa3a3;404ae29a2b2c043a c02eede6e04132da;4045efdc071216e1 c024833db7dd34aa)
POLYGON ((-34.8239596732642 67.76056396804644,-34.95809284820358 67.90045268252378,-35.11021311063253 67.85498745247092, -35.72242285586237d 68.03199046836811, -36.014011977101596 +67.92897604086265, -36.56857685983659d 67.47981182196732,-36.62664571650891 67.1008400681034,-36.641326282983165d 0x1.0c54bb25a274fp6, -36.772126683153 66.72074501538906, -36.762566287927086 66.45542507115888, -36.40764567539788 65.87823567865259, -36.18630695058552 65.87973472310655d,-36.08514731603548 65.81287265267503, -35.925721181320576 0x1.06df18efbc94ep6,-35.31816751414716 0x1.063ca72da3f9cp6,-35.28174357992269d 65.66115108377703, -0x1.14317b997bb2p5 66.01721117858833,-34.51348078651635 66.051557155126, -34.547360095259606 66.29711219490558, -34.42385143806104 66.40037750253127,-34.35422386324111d 66.64616961069363, -34.8239596732642 67.76056396804644), (-34.93403904141298 67.04083710967187, -0x1.187178d006a59p5 66.88799709293369d, -35.135838842992555 66.81470137527995,-35.10912538658454 66.73207242282164, -34.975522183167826 0x1.0a6c401c0240ap6, -34.93403904141298d 67.04083710967187), (-35.95484369967328d +66.86401931845154,-36.122956498808826 66.64506948121291, -36.1823719309604 66.65259492745047d,-36.24020294422763 0x1.0ab2edb44b86fp6,-36.23504851168481 66.72708950433505, -36.28867771616308 66.90588287884047 0.7681764144327499d,-36.05028293272366d 66.98238483934985,-35.95484369967328d 66.86401931845154))	G(4050f0ad147e51a1 c041697782b4f240;4050f9a10449c23f c0417aa2c954c86e;4050f6b81d4ab697 c0418e1b7694e0ea;4051020c21bfdb2f c041dc785a25e7e9;4050fb7457ec9173 c04201cb24fbb3ab;4050deb53ca4e55d c04248c720652159;4050c67429e6a85a c0425035ed454ac9;4050c54bb25a274f c0425216fac9bd2d;4050ae20afb37677 c04262d50c12416b;40509d25af3299fa c042619bc5a9d6e8;40507835036b7f91 c042342dbbc61849;4050784d92de397d c04217d8e7f9e422;405074061b04c354 c0420ae61b74db77;40506df18efbc94e c041f67e081b7e41;405063ca72da3f9c c041a8b9b68df4b2;40506a504ca2a263 c041a4102c72d01e;40508119fcea4a66 c0414317b997bb20;4050834cb661c906 c04141b9bd089b25;40509303e2de172f c041460fe5462342;4050999fc8f5db43 c0413640c3906ad9;4050a95ad7c86649 c0412d5735220aab;4050f0ad147e51a1 c041697782b4f240|4050c29d1340a03f c041778e97600729;4050b8d4f1c245f8 c04187178d006a59;4050b424113cb55a c04191632ace16fa;4050aeda464a94a3 c0418df7d21745a0;4050a6c401c0240a c0417cdde9309d3a;4050c29d1340a03f c041778e97600729|4050b74c17aef724 c041fa38517f71b7;4050a948d1815d42 c0420fbd09de9b77;4050a9c41d83bbdb c0421757f6a39776;4050ab2edb44b86f c0421ebef856ee28;4050ae88a26a9892 c0421e1611d35472;4050b9f9fc2ea813 c04224f364330090;4050bedf64a94601 c042066fabcfcc2c;4050b74c17aef724 c041fa38517f71b7)
POLYGON ((+31.832579774702676 89.37608198893663,+31.831389732524922 +89.38292202557982,31.8264835007011 0x1.6589ce6b3024cp6,31.826832583114268 89.38551174349254d, 31.821844516909348 89.38806164806462, 31.82081584153833d 0x1.658e77e653022p6, 0x1.fd0cd528fdba3p4 89.38811041614194,31.802274497945472 89.37517405926421,31.805039711284575 89.36250101936872,0x1.fcefec2ab6b67p4 89.35749401374721,31.809442053593333d 89.35649286540473, 31.810691942449395 89.35660798683796,31.811259156165136 89.35725463329842, 31.818763289450985 89.35564908367735, 31.82371922016567d 89.35798307942986d 0.4107046622829007d, 31.83051476090689 89.3593830382637, 31.83093834338939 89.3602168646853,31.8312122760388 89.3630415029026, 31.833609732489688 89.36789123529786d, 31.834370553414267 89.36978917760499,31.832579774702676 89.37608198893663), (31.8276327309049d 89.37227593527068, 31.828107517226474 89.37383473199088, 31.827033918597195 89.37458733112634, 31.823579418608723 89.37390995439658 +0.08305537369952987,31.8237948353781 +89.37313496506533,31.822891411216194d +89.37183226521128,+31.824354293399242 89.36934821577687, 31.82484586610058 89.36990490823003,31.826323043480503 89.36941258792555, 31.826512791648337 89.36966416574012,31.8276327309049 89.37227593527068), (+31.815927798203507 89.37718262299758d,31.816531340952988 89.378444386916d,31.816095896277027 89.37861010767146,31.815927798203507 89.37718262299758), (31.816009087776695 0x1.6577a8651dc7dp6,31.81452112045578 89.36670432343868 0.3930172321809804, 31.812214266827006 89.36484443563336,31.81631664664965 89.36333567627372, +31.816009087776695 89.36685331339136))	G(40565811ba30c63d 403fd523f2b7a8b7;40565881cb623223 403fd4d5f51f6cbb;4056589ce6b3024c 403fd3946c3631e0;405658ac3972a190 403fd3ab4cd7be34;405658d60085d13e 403fd26466fa85c7;405658e77e653022 403fd220fcab7223;405658d6cd122443 403fd0cd528fdba3;40565802da0eb63b 403fcd61dc8b1733;405657333779bd24 403fce17151ff2d3;405656e12e9263d8 403fcefec2ab6b67;405656d0c7738aec 403fcf37982c30c1;405656d2aa4e3d88 403fcf8981d3f36c;405656dd4289971e 403fcfaeae184f50;405656c2f45fcfc8 403fd19a788f5b7c;405656e931dcab0c 403fd2df4347b2bc;4056570021b7051a 403fd49c9d88f0bb;4056570dcb0952a0 403fd4b86011d990;4056573c126d83ac 403fd4ca53e59ed1;4056578b87ae05b8 403fd567728aaba7;405657aaa03a0e9a 403fd5994effa8e2;40565811ba30c63d 403fd523f2b7a8b7|405657d35e71c4d3 403fd3dfbd1855f1;405657ece88300a0 403fd3fedab00f39;405657f93d242bbf 403fd3b87eb10ec4;405657ee2404720f 403fd2d619cc954a;405657e17179fcc8 403fd2e437e49009;405657cc198eab86 403fd2a902f35535;405657a366b2e63f 403fd308e20a7789;405657ac85a2de95 403fd3291943248e;405657a474b1f7be 403fd389e82fae11;405657a893e396d8 403fd39657a1daf3;405657d35e71c4d3 403fd3dfbd1855f1|40565823c2959939 403fd0e0a4e92e6d;405658386ece4a2d 403fd10832ad8d57;4056583b25e39893 403fd0eba920e8de;40565823c2959939 403fd0e0a4e92e6d|4056577a8651dc7d 403fd0e5f8b93d5d;4056577815691e24 403fd08474c64244;405657599c79cb10 403fcfed46315dda;40565740e447c434 403fd0fa20b48a67;4056577a8651dc7d 403fd0e5f8b93d5d)
POLYGON ((107.26506908626422 26.948335983558948, +109.42173161347476 27.026700584451582,109.32203817148178 26.94081584364412,0x1.b7a0aaf343e33p6 25.665599615205398,0x1.b3bc89810b1c5p6 25.882637436991633,107.1729841534411 +26.99710743260181,109.40112353593908d 27.910806179642496 0.9879398905308912d,109.8843522029246 25.896985694054912,107.26506908626422 26.948335983558948))	G(403af2c625a30174 405ad0f6e4542bde;403b06d5d97900ee 405b5afda697e40f;403af0d94ea00299 405b549c45fda4fc;4039aa64bc838991 405b7a0aaf343e33;4039e1f486ee1ab5 405b3bc89810b1c5;403aff426ec59f90 405acb122c20705f;403be92a98028f29 405b59ac020d20e9;4039e5a0dabcf21a 405b789939fb6d3b;403af2c625a30174 405ad0f6e4542bde)
POLYGON ((-178.75 34.75, -179.25 35.25, -179.25 +35.75, -179.5d 0x1.1ap5,-179.5 35.5,-180.0 36.0, -180.0 36.5, -0x1.68p7 36.25, -180.0 0x1.1cp5,-180.0 35.25, -180.0 +34.75,-180.0 34.25,-180.0 34.25,-180.0d 34.0,-180.0d 34.25,-180.0 33.75, -180.0 +33.25, -180.0 33.0, -180.0 33.25,-179.75 +33.0, -179.75 32.75d,-179.75 33.75,-179.25 +33.75,-179.5 0x1.14p5, -178.5 34.0,-179.25 34.5,-178.0 34.5, -179.0 34.5d, -178.0 34.5d, -178.75 34.75))	G(4041600000000000 c066580000000000;4041a00000000000 c066680000000000;4041e00000000000 c066680000000000;4041a00000000000 c066700000000000;4041c00000000000 c066700000000000;4042000000000000 c066800000000000;4042400000000000 c066800000000000;4042200000000000 c066800000000000;4041c00000000000 c066800000000000;4041a00000000000 c066800000000000;4041600000000000 c066800000000000;4041200000000000 c066800000000000;4041200000000000 c066800000000000;4041000000000000 c066800000000000;4041200000000000 c066800000000000;4040e00000000000 c066800000000000;4040a00000000000 c066800000000000;4040800000000000 c066800000000000;4040a00000000000 c066800000000000;4040800000000000 c066780000000000;4040600000000000 c066780000000000;4040e00000000000 c066780000000000;4040e00000000000 c066680000000000;4041400000000000 c066700000000000;4041000000000000 c066500000000000;4041400000000000 c066680000000000;4041400000000000 c066400000000000;4041400000000000 c066600000000000;4041400000000000 c066400000000000;4041600000000000 c066580000000000)
POLYGON ((-0x1.e68f5c836e988p4 -90.0, -0x1.e68f5c836e988p4 -80.65778144123273d,-0x1.5115a2588ec2cp4 -80.65778144123273 0.06729570442127664, -21.067781778267246 -90.0,-30.410000337034518 -90.0))	G(c056800000000000 c03e68f5c836e988;c0542a19175480a9 c03e68f5c836e988;c0542a19175480a9 c035115a2588ec2c;c056800000000000 c035115a2588ec2c;c056800000000000 c03e68f5c836e988)
POLYGON ((-41.95538986888272 29.103650007425514,-41.95427976973732 29.10476010657091 0.7813628996657797d,-41.953169670591926 29.10587020571631, -41.95427976973732 29.10476010657091 0.8644287243685662,-41.95538986888272 +29.103650007425514))	G(403d1a88ce901f6c c044fa4a3718e3f8;403d1ad18eefa5c5 c044fa25d6e920cb;403d1b1a4f4f2c1f c044fa0176b95d9f;403d1ad18eefa5c5 c044fa25d6e920cb;403d1a88ce901f6c c044fa4a3718e3f8)
POLYGON ((+77.58869138343398 26.326041622609587 +0.785015218928546,77.58334588412431 26.33541809050553,+77.57933529644113 26.33338437242829,77.57894743572838 26.335928377415886,77.57878677848927 26.34457170662659,+77.57520947945493 +26.340547689965206, 77.57020088960361d 26.338311055291545,+77.56812966325606 26.337279207288667, 77.55933343859404 26.332031677892402,77.5536175522786 26.32852782924897, 77.55093155821417 +26.322591638518908, 77.56008256372368 26.32179811531058, 77.55472109311937 26.318061032455756,77.5679359997093 26.305869963839775,77.57552800996139 26.31565486036611,77.57611771751408d 26.314580713639288, 77.58171453991586 0x1.a52b9c19f36efp4,77.58869138343398 26.326041622609587))	G(403a537776ba3e32 405365ad1e9fd24d;403a55ddf5c13541 4053655589f9a47d;403a5558ada093b6 40536513d459e885;403a55ff66f2ccb1 4053650d798ba39d;403a5835d9f3168e 4053650ad7b33dfe;403a572e22272100 405364d03b6ba6eb;403a569b8da65a39 4053647e2bdf3fd9;403a5657ee1cecf6 4053645c3c84e4a0;403a5500072dc8ac 405363cc1e7a9485;403a541a665a7340 4053636e785061cd;403a52955d9966da 405363427670374f;403a52615c7d2c62 405363d864899032;403a516c72a4878b 405363808ce65657;403a4e4d7e738542 40536459103c3e3e;403a50cec1c6188c 405364d5736f2dd5;403a50885c950878 405364df1cd8d7a0;403a52b9c19f36ef 4053653acf9f22f7;403a537776ba3e32 405365ad1e9fd24d)
POLYGON ((-44.60392627978875 -57.54088379072834,-41.988108590569354 -62.3512489183139,-0x1.65bdb0ae809dp5 -61.96979320425891d, -45.77295524274774 -63.82533954811308,-51.360416283897976 -0x1.03ccb7540ce84p6,-52.65731126410912 -67.91396057138803, -47.369119177717955 -54.67206891576464, -46.79997684076143 -54.13926291068911,-44.65301145567222 -56.9084727338844d 0.1901655734241351,-44.60392627978875 -57.54088379072834))	G(c04cc53bae180eaf c0464d4d74d2719e;c04f2cf5b97c74f0 c044fe7a57a0b22e;c04efc222f081669 c0465bdb0ae809d0;c04fe9a4b9ef9edc c046e2f032886fc8;c0503ccb7540ce84 c049ae221eec24d2;c050fa7e547afc7c c04a5422c687520f;c04b56065aaeef04 c047af3f4c165001;c04b11d35df77a4e c0476665a420505a;c04c7448d5a4abad c0465395e11f0345;c04cc53bae180eaf c0464d4d74d2719e)
POLYGON ((0x1.b49fd89d5b823p4 12.96551876066585, 27.289198699190727 12.966311076387383,27.287336367957536 12.969438699242895,+27.287820831266732 12.969849195413339, 0x1.b49c1844d3e0fp4 12.97235927500925, 27.2821849877776d +12.978486759462792, 27.27944653541286 12.979394930757843d,27.278566311984243 12.98095173471587 0.012215180347673216d, 27.276737463247926 12.980199055202334,27.26752807853851 12.982406254421457,27.265522579605076d 12.978897875591459, 27.262743164711125 12.980182082397706,27.259087714995683 12.976683237848263, 27.25784735814177 12.9754701269308,27.25358382995772 12.967679650437438,+27.254735539537332 12.967225422121306,27.253779177568735 12.96481674820607, 27.253250564425063 0x1.9edbacb47541ap3,27.25374999988704 12.961423196494,27.25514220838655 12.961047090799722,0x1.b41769a07926dp4 +12.958736399895589 0.11935131007676181, 27.258960202706877 12.951007514949536 0.5144394359502255, 27.260426086998795 +12.952262523647498,27.260948116503286 12.950469853447409,27.274456064763697 12.946122758790287,27.27691793173498 12.946939755132544,27.27792088637958 12.94673679968339, 27.277569850513466 12.94802686323337, 27.279261483268137 12.948013211247252,27.283088069810475 12.94898829718689, 0x1.b493db8102fb6p4 12.95264842469056,27.286137328341056 12.952817091095076, 27.28611723397484 12.954609881336214, 27.288194317175037 12.956159373968646, 27.288192560817308 12.962355903808232,27.289024939229545 12.96551876066585), (27.281086849990107 12.965992508636317, 27.28140999687741 12.961945719880882, +27.27893004156149 12.96186470046225d, 27.278774441838674 12.962934894104926, 27.278553921372158 12.964115575715429, 27.277620531988696 0x1.9edc8d4a6ecdcp3,27.279129683904273 12.965919925300838d,0x1.b475595b40345p4 12.966844012106078,27.279686086339705d 12.966429170169635,27.281086849990107 12.965992508636317), (27.26632926353971 12.964421830724397, 27.264466081708044 12.965309874973363,27.263380897304685 12.96668988241651, +27.26310391825869 12.967059567602645, 27.26229281443862 +12.965489144938982, 27.25982738015046 12.963283211864441,0x1.b442e2794deeep4 12.964421830724397))	G(4029ee58799977f3 403b49fd89d5b823;4029eec0534db157 403b4a08ed0b11e6;4029f05a44e97335 403b498ee04f543c;4029f09012e0b454 403b49aea04165ed;4029f1d9132c4106 403b49c1844d3e0f;4029f4fc376eec65 403b483d467ded4d;4029f573409af23d 403b4789cee29428;4029f63f4e471e46 403b47501f2fbd5a;4029f5dca68b5408 403b46d844323a54;4029f6fdf3dc4085 403b447cb85c15aa;4029f5321a339411 403b43f949abc0dc;4029f5da6d080bf1 403b434322d3ae8c;4029f40fd34a3828 403b4253928eb3ab;4029f370d20ac917 403b420248d29433;4029ef73b507445b 403b40eadeb0767c;4029ef382ba7bdda 403b4136592b7117;4029edfc75f85b35 403b40f7ac141041;4029edbacb47541a 403b40d5076be631;4029ec3fa9451d72 403b40f5c28edff6;4029ec0e5d41cd2f 403b4150fff0d976;4029eadf7f56129a 403b41769a07926d;4029e6ea74fdeabf 403b424b37419771;4029e78ef4188b7c 403b42ab48b6af61;4029e6a3fc10c7f4 403b42cd7eea559c;4029e46a33c602db 403b4642c0ae5954;4029e4d5499f272e 403b46e417f47a4b;4029e4baaf911ea6 403b4725d2bde029;4029e563c6eaa232 403b470ed1564f9a;4029e561fcd4f73d 403b477dae39ab4a;4029e5e1cb4968aa 403b487875b1b948;4029e7c188c94385 403b493db8102fb6;4029e7d7a44aa57b 403b49404bc363c0;4029e8c2a0598e12 403b493efaa2be71;4029e98db8b1eb18 403b49c71a4f28eb;4029ecb9e9bbf011 403b49c6fcd7a92c;4029ee58799977f3 403b49fd89d5b823|4029ee9691f18c47 403b47f54ecc0b0d;4029ec84263ed4c5 403b480a7c4d5b1f;4029ec7987af530c 403b4767f58e60e7;4029ed05cd6cb73c 403b475dc306a863;4029eda08e868622 403b474f4f4e774a;4029edc8d4a6ecdc 403b471223a196ee;4029ee8d0e737198 403b47750affb630;4029ef062da8a877 403b475595b40345;4029eecfcddf8ed9 403b479981e1f9ab;4029ee9691f18c47 403b47f54ecc0b0d|4029edc8b2bd04fc 403b442e2794deee;4029ee3d188f086b 403b43b40c93d65a;4029eef1f9ecb4bc 403b436cee345094;4029ef226e804647 403b435ac7445edb;4029ee5497dc4fd6 403b43259f33fd5b;4029ed3375077cbb 403b42840c145a01;4029edc8b2bd04fc 403b442e2794deee)
POLYGON ((82.35524722137423 -89.13640937688064,82.33445846596902d -89.13600063519834, 82.31832840540221d -89.13669075635535, 82.30550592675462 -89.14404198557827,82.3047388949492 -89.1521143872186,82.28782114478045 -89.1810324466173, 82.29445967168952 -0x1.64c0d55bab235p6,82.29679617000055 -89.19391465889215,82.29553676773718 -89.20056054239218, +82.29416400665764 -89.20264213454269, 82.30115229022636 -89.2143349773191d, 0x1.495e87260a165p6 -89.23422054701489,82.3559900127841 -89.22855428399295, 82.36226924714636 -89.22696015410898, 82.36438578703783 -89.22543665651702, 82.39147407378185 -89.18333716244322, 82.35524722137423 -89.13640937688064 0.17665489899250786), (+82.36954172451077 -89.18147312874868d, 0x1.497a76eafb55dp6 -89.18270900840743,+82.36950159321769 -89.18377163045267, 82.36894820581333 -89.18529910587134d,0x1.497737a1d1d32p6 -89.18746470910091,82.3577227812418 -89.17818194531135, 82.36954172451077 -89.18147312874868), (82.3568788957665d -89.15450814996233d,82.34882753790308 -89.15431550771079, 82.34780585361868 -89.15479555062423,82.34566857894342d -89.16162743538709,82.35542712592218 -89.16661767840671,82.3583966291526 -89.16615736696218, 82.3568788957665 -89.15450814996233), (82.33641210809014 -89.15957045010357,82.33270168845186 -89.163790753363, 82.32612023078151 -89.16699868040018 0.5436412662505956, 82.32577645400852 -89.16732195793533, 82.32318256613968 -89.16252989690457, 82.32263507119359d -89.16122310111312,82.32326750571914 -89.15745524213301,82.3323336583825 -89.15565311607668,82.33295040130766 -89.15766932513036,82.33641210809014 -89.15957045010357), (82.31762379025824 -89.1764200843193 0.732808079270148d, 0x1.494d0ec5b283ep6 -89.18586311986927, 82.3211426465734 -89.18693406550527, 82.32121453307592d -89.18791577506848d,82.31904189194874d -89.18900650215946,0x1.493b3bdf11ae3p6 -89.18598502191068d, 82.30959335092605 -89.18084337122832, 82.31195822132933 -89.17615788677048,82.31762379025824 -89.1764200843193), (82.33474073371869 -89.20088371302481, 82.32663929513024 -89.20743553415274,82.32493173353261 -89.2071455744863,82.32396456407376 -0x1.64d4eeb4b585bp6,82.32374123474864 -89.201488180058,82.32350715608753 -89.20011510847038, 82.32573071974556 -89.19497833874254d, 82.32825858818694 -89.1975799316547 0.8121040449035941,82.33465061977977 -89.1958860953173, 82.33474073371869 -89.20088371302481), (82.35754304345366 -0x1.64ccd99db91c5p6, 82.34635200606527 -0x1.64d19560e00ap6, 82.35489477051713 -89.20810516846936,82.35813135952736 -89.20845067100622, 0x1.496e1fc37a2eep6 -89.2000488895638))	G(c05648baee65247c 405496bc5ed77305;c05648b43c021a60 40549567c47b4d44;c05648bf8a960d8d 4054945f7e1aa5c8;c0564937fbe053d0 4054938d68bb094c;c05649bc3dfb96b8 40549380d790e810;c0564b96091d6f1d 4054926ba960fb7a;c0564c0d55bab235 405492d86d60f96f;c0564c6919078a09 405492feb55ceebf;c0564cd5fbe29c51 405492ea130c0c97;c0564cf816b729c2 405492d395451050;c0564db7aa0d7e5d 40549346144168d0;c0564efd782d5ebb 405495e87260a165;c0564ea0a225c711 405496c88a55a710;c0564e8683e1d92a 4054972f6b5a35c5;c0564e6d8ddec3da 4054975218c39d1a;c0564bbbcbcb3572 4054990de94607ff;c05648baee65247c 405496bc5ed77305|c0564b9d41784504 405497a6925551ff;c0564bb1811ff2d9 405497a76eafb55d;c0564bc2ea15ae84 405497a5ea02ac27;c0564bdbf0c7ec82 4054979cd8ef78b6;c0564bff6bfaaf86 405497737a1d1d32;c0564b67553ef665 405496e4ee179def;c0564b9d41784504 405497a6925551ff|c05649e37626c36f 405496d71a947cc8;c05649e04e26b88b 4054965330bccf3a;c05649e82b98dfd5 40549642737ba993;c0564a581a9947ee 4054961f6f1a7446;c0564aa9dd31ec4e 405496bf516a7c9c;c0564aa2528245e4 405496eff86a4d40;c05649e37626c36f 405496d71a947cc8|c0564a3666fa2695 40549587c6a68e70;c0564a7b8c364534 4054954afc05ce62;c0564ab01b3bb2d0 405494df27637151;c0564ab567284f09 405494d9857bf180;c0564a66e3cbf4f4 405494af05ee0d44;c0564a517ab2a8ff 405494a60d91d46c;c0564a13bf26e2e2 405494b06a313b16;c05649f6387cc478 40549544f4648739;c0564a174114c11b 4054954f0f33339d;c0564a3666fa2695 40549587c6a68e70|c0564b4a77772093 40549453f2bbe5ce;c0564be52e6d57bf 405494d0ec5b283e;c0564bf6ba4c769f 4054948d99e3188e;c0564c06cfe31495 4054948ec766a3e7;c0564c18aeba6066 4054946b2eaefe53;c0564be72db8a9be 405493b3bdf11ae3;c0564b92f01347f0 405493d060a15255;c0564b462bbaa726 405493f71f9d94fb;c0564b4a77772093 40549453f2bbe5ce|c0564cdb475c6f66 4054956c6465fd7e;c0564d469fb0cdb7 405494e7a8808b10;c0564d41df82fb82 405494cbae783d21;c0564d4eeb4b585b 405494bbd5ddf09f;c0564ce52eadf84d 405494b82d27e72c;c0564cceaf999436 405494b4575bdabf;c0564c7a866d14f8 405494d8c5a92706;c0564ca5264c3362 40549502304f3938;c0564c8965d54841 4054956aea6ee293;c0564cdb475c6f66 4054956c6465fd7e|c0564ccd99db91c5 405496e1fc37a2ee;c0564d19560e00a0 4054962aa19abd14;c0564d5198572d16 405496b6988e391f;c0564d57417bb343 405496eb9fcb35e4;c0564ccd99db91c5 405496e1fc37a2ee)
POLYGON ((176.9854094754967 0x1.3b1850d9ec111p5, 0x1.68p7 39.051255183746186,179.46364280781424 44.31448656950798,180.0 40.45354768358097,176.40875668151594 42.843135270862255,175.92695855424094 45.141260096638725d, 179.13722477360045 47.18830699134477,0x1.68p7 41.484975442346126,+177.3910962655589 43.08575302656046d,180.0 39.85261930488925d,177.86892883225516 45.91296190418823d,180.0 41.264572110790056,+177.2497299483603 42.91646857807099, +175.16555211695018 0x1.67b1b6546f2f2p5,176.9854094754967 39.38687296153706))	G(4043b1850d9ec111 40661f887973cda9;4043868f87a4f85d 4066800000000000;40462841188d88b4 40666ed6297112cf;40443a0dd9ba1413 4066800000000000;40456bebdb473a8f 40660d1488e4643d;40469214cf93a585 4065fda9a4fc66cb;4047981a7188b78b 4066646425355a14;4044be13ace01eb0 4066800000000000;40458af9f4864e1b 40662c83dc50c539;4043ed22a11f3803 4066800000000000;4046f4dbef887dbd 40663bce43d6a2cc;4044a1dd7fb9a374 4066800000000000;4045754ed7a55032 406627fdc9a92142;40467b1b6546f2f2 4065e54c33f402b5;4043b1850d9ec111 40661f887973cda9)
POLYGON ((104.25 +18.25,103.25 18.25, 103.25 19.5, 0x1.99p6 18.5,101.5 18.75, 101.75 18.25,101.0 18.75,+101.5 18.0, +101.0 17.75, 100.25 17.5, 0x1.96p6 17.25,102.0 16.25,103.0d +15.75, +104.25 18.25))	G(4032400000000000 405a100000000000;4032400000000000 4059d00000000000;4033800000000000 4059d00000000000;4032800000000000 4059900000000000;4032c00000000000 4059600000000000;4032400000000000 4059700000000000;4032c00000000000 4059400000000000;4032000000000000 4059600000000000;4031c00000000000 4059400000000000;4031800000000000 4059100000000000;4031400000000000 4059600000000000;4030400000000000 4059800000000000;402f800000000000 4059c00000000000;4032400000000000 405a100000000000)
POLYGON ((-129.49285226985938 90.0,-129.49285226985938 82.06846637757481,-121.56131864743419 82.06846637757481, -121.56131864743419 90.0 0.9361186853755505,-129.49285226985938 90.0 0.7005375255374234))	G(4056800000000000 c0602fc5721f99c6;40548461c0cd23cd c0602fc5721f99c6;40548461c0cd23cd c05e63eca50c5759;4056800000000000 c05e63eca50c5759;4056800000000000 c0602fc5721f99c6)
POLYGON ((82.79122074181086 -78.07696027404543,82.79589984618319d -0x1.384eceac40143p6, 0x1.4b33caf7ea021p6 -78.07696026468723, 82.79122074648997 -78.0722811696731 +0.11025668002827849,82.79122074181086 -78.07696027404543))	G(c05384eceac90772 4054b2a35c527fa6;c05384eceac40143 4054b2f005e88fe3;c05384eceabefb15 4054b33caf7ea021;c05384a04132f735 4054b2a35c5785d5;c05384eceac90772 4054b2a35c527fa6)
POLYGON ((107.40533236666141 -0x1.0f6b6d9435dfep5, 107.45189614210022 -33.88089132356605 0.8181027528894351, 107.49845991753904 -33.834327548127234, 107.45189614210022 -33.88089132356605, 107.40533236666141 -0x1.0f6b6d9435dfep5))	G(c040f6b6d9435dfe 405ad9f0f72ab48c;c040f0c10c0105ee 405adcebddcbe094;c040eacb3ebeadde 405adfe6c46d0c9c;c040f0c10c0105ee 405adcebddcbe094;c040f6b6d9435dfe 405ad9f0f72ab48c)
POLYGON ((0.0 0.0,10.0 0.0, 10.0 10.0, 0.0 10.0,0.0 0.0), (0.0 0.0,2.0 5.0, 5.0 5.0d,0x0.0p0 0.0))	G(0 0;0 4024000000000000;4024000000000000 4024000000000000;4024000000000000 0;0 0|0 0;4014000000000000 4000000000000000;4014000000000000 4014000000000000;0 0)
POLYGON ((0x0.0p0 0.0, +10.0 0.0, 10.0 0x1.4p3, 0.0 0x1.4p3,+0.0 0.0), (2.0 2.0d, 0x1.4p2 5.0d,5.0 2.0, 2.0 0x1.0p1), (5.0 5.0, 5.0 8.0, 8.0 8.0d,5.0 5.0))	G(0 0;0 4024000000000000;4024000000000000 4024000000000000;4024000000000000 0;0 0|4000000000000000 4000000000000000;4014000000000000 4014000000000000;4000000000000000 4014000000000000;4000000000000000 4000000000000000|4014000000000000 4014000000000000;4020000000000000 4014000000000000;4020000000000000 4020000000000000;4014000000000000 4014000000000000)
POLYGON ((0.0 0.0, 1.0 0.0, 1.0 1.0,0.0d 1.0,0.0 0.0), (5.0 5.0d,0x1.4p2 6.0,6.0 6.0,+5.0 5.0))	G(0 0;0 3ff0000000000000;3ff0000000000000 3ff0000000000000;3ff0000000000000 0;0 0|4014000000000000 4014000000000000;4018000000000000 4014000000000000;4018000000000000 4018000000000000;4014000000000000 4014000000000000)
POLYGON ((0.0 0.0,1.0 1.0, 1.0 0.0,+0.0 1.0, 0.0 +0.0))	G(0 0;3ff0000000000000 3ff0000000000000;0 3ff0000000000000;3ff0000000000000 0;0 0)
POLYGON ((-180.0 -90.0, 180.0 -0x1.68p6, 180.0 90.0,-0x1.68p7 90.0,-180.0 -90.0))	G(c056800000000000 c066800000000000;c056800000000000 4066800000000000;4056800000000000 4066800000000000;4056800000000000 c066800000000000;c056800000000000 c066800000000000)
POLYGON ((0.0 0.0d, 10.0 +0.0,10.0d +10.0,0.0 10.0,0.0 0.0), (0.0 0.0,4.0d +1.0,4.0 2.0,0.0 0.0), (0.0 0.0, 2.0 4.0,1.0 4.0,0.0 0.0), (0.0 0.0, 3.0 3.0,2.0 2.0, 0.0d 0.0))	G(0 0;0 4024000000000000;4024000000000000 4024000000000000;4024000000000000 0;0 0|0 0;3ff0000000000000 4010000000000000;4000000000000000 4010000000000000;0 0|0 0;4010000000000000 4000000000000000;4010000000000000 3ff0000000000000;0 0|0 0;4008000000000000 4008000000000000;4000000000000000 4000000000000000;0 0)
POLYGON ((+0.0 0.0,0x1.4p3 0.0, 0x1.4p3 10.0,0.0 +10.0, 0.0 0.0), (5.0 5.0, 7.0 5.0, 7.0 6.0, 5.0 5.0), (5.0 5.0, 5.0 7.0,4.0 7.0, 5.0 5.0), (5.0 5.0,3.0 5.0,3.0d 4.0, 0x1.4p2 5.0), (5.0 5.0,5.0 +3.0, 6.0 3.0,5.0 5.0))	G(0 0;0 4024000000000000;4024000000000000 4024000000000000;4024000000000000 0;0 0|4014000000000000 4014000000000000;4014000000000000 401c000000000000;4018000000000000 401c000000000000;4014000000000000 4014000000000000|4014000000000000 4014000000000000;401c000000000000 4014000000000000;401c000000000000 4010000000000000;4014000000000000 4014000000000000|4014000000000000 4014000000000000;4014000000000000 4008000000000000;4010000000000000 4008000000000000;4014000000000000 4014000000000000|4014000000000000 4014000000000000;4008000000000000 4014000000000000;4008000000000000 4018000000000000;4014000000000000 4014000000000000)
POLYGON ((0.0 0.0,10.0 0.0,10.0 10.0 0.6373649721023067d,0.0 10.0, 0.0 0.0), (2.0 2.0,4.0d 1.0,4.0d 0x1.4p1, 2.0 0x1.0p1), (2.0 2.0 0.028443956312189766,4.0 0x1.8p1,3.0 4.0,2.0 2.0))	G(0 0;0 4024000000000000;4024000000000000 4024000000000000;4024000000000000 0;0 0|4000000000000000 4000000000000000;3ff0000000000000 4010000000000000;4004000000000000 4010000000000000;4000000000000000 4000000000000000|4000000000000000 4000000000000000;4008000000000000 4010000000000000;4010000000000000 4008000000000000;4000000000000000 4000000000000000)
POLYGON ((0.0 0.0,10.0 0.0, 10.0 10.0d,0.0 10.0, 0.0 0.0), (0.0 5.0, 3.0 4.0,3.0d 6.0,0.0 +5.0))	G(0 0;0 4024000000000000;4024000000000000 4024000000000000;4024000000000000 0;0 0|4014000000000000 0;4010000000000000 4008000000000000;4018000000000000 4008000000000000;4014000000000000 0)
POLYGON ((+1.0 0.0, 0.0 5.0 0x1.3039f11013d5ep-1,1.0 10.0,10.0 10.0,10.0 0.0,1.0 0.0d), (0x1.8p1 5.0,5.0 4.0, 5.0 6.0, 3.0 0x1.4p2))	G(0 3ff0000000000000;4014000000000000 0;4024000000000000 3ff0000000000000;4024000000000000 4024000000000000;0 4024000000000000;0 3ff0000000000000|4014000000000000 4008000000000000;4010000000000000 4014000000000000;4018000000000000 4014000000000000;4014000000000000 4008000000000000)
POLYGON ((0.0 0.0,0x1.4p3 0.0 0.41030580468542166,10.0 10.0, 0.0 10.0, 0.0 0.0 +0.16687075520131334), (1.0 1.0, 2.0 2.0, 3.0 3.0,+1.0 1.0 0.6180949561895848))	G(0 0;0 4024000000000000;4024000000000000 4024000000000000;4024000000000000 0;0 0|3ff0000000000000 3ff0000000000000;4000000000000000 4000000000000000;4008000000000000 4008000000000000;3ff0000000000000 3ff0000000000000)
POLYGON ((0.0 0.0,10.0 +0.0,+10.0 10.0,0.0 0x1.4p3,0.0 0.0), (+53.0 50.0, 52.96306502178541 50.46930339512069, 52.85316954888546 50.92705098312484,0x1.a5625815ede15p5 51.36197149921864, 52.42705098312484 51.76335575687742d,52.121320343559645 0x1.a0f876ccdf6cep5,51.76335575687742 52.42705098312484d, +51.36197149921864 +52.6730195725651, 0x1.976a99b4b1f78p5 52.85316954888546,0x1.93c122236f8fap5 0x1.a7b45b6f23eb4p5,50.0 +53.0, +49.53069660487931 52.96306502178541,49.07294901687516 52.85316954888546, 48.63802850078136d 52.6730195725651, 48.23664424312258 52.42705098312484, 47.878679656440355 52.121320343559645, 47.57294901687516 51.76335575687742, 47.3269804274349 51.36197149921864,47.14683045111454d 50.92705098312484,47.03693497821459 50.46930339512069d, 47.0 50.0,47.03693497821459 49.53069660487931d, 47.14683045111454 49.07294901687516,47.3269804274349 +48.63802850078136,47.57294901687516 48.23664424312258, 47.878679656440355 47.878679656440355, 48.23664424312258 47.57294901687516,48.63802850078136 47.3269804274349, 49.07294901687516d 47.14683045111454, +49.53069660487931 47.03693497821459, 50.0 +47.0 0.11018543946204373,50.46930339512069 47.03693497821459,50.92705098312484 47.14683045111454,+51.36197149921864 47.3269804274349,51.76335575687742 +47.57294901687516, 52.121320343559645 47.878679656440355,0x1.a36a99b4b1f78p5 48.23664424312258,52.6730195725651 48.63802850078136d,52.85316954888546 49.07294901687516 0.2911778840526905,52.96306502178541 49.53069660487931d,53.0 50.0))	G(0 0;0 4024000000000000;4024000000000000 4024000000000000;4024000000000000 0;0 0|4049000000000000 404a800000000000;40493c122236f8fa 404a7b45b6f23eb4;404976a99b4b1f78 404a6d34a8e733fc;4049ae5515039d34 404a5625815ede15;4049e1b5a435803c 404a36a99b4b1f78;404a0f876ccdf6ce 404a0f876ccdf6ce;404a36a99b4b1f78 4049e1b5a435803c;404a5625815ede15 4049ae5515039d34;404a6d34a8e733fc 404976a99b4b1f78;404a7b45b6f23eb4 40493c122236f8fa;404a800000000000 4049000000000000;404a7b45b6f23eb4 4048c3edddc90706;404a6d34a8e733fc 4048895664b4e088;404a5625815ede15 404851aaeafc62cc;404a36a99b4b1f78 40481e4a5bca7fc4;404a0f876ccdf6ce 4047f07893320932;4049e1b5a435803c 4047c95664b4e088;4049ae5515039d34 4047a9da7ea121eb;404976a99b4b1f78 404792cb5718cc04;40493c122236f8fa 404784ba490dc14c;4049000000000000 4047800000000000;4048c3edddc90706 404784ba490dc14c;4048895664b4e088 404792cb5718cc04;404851aaeafc62cc 4047a9da7ea121eb;40481e4a5bca7fc4 4047c95664b4e088;4047f07893320932 4047f07893320932;4047c95664b4e088 40481e4a5bca7fc4;4047a9da7ea121eb 404851aaeafc62cc;404792cb5718cc04 4048895664b4e088;404784ba490dc14c 4048c3edddc90706;4047800000000000 4049000000000000;404784ba490dc14c 40493c122236f8fa;404792cb5718cc04 404976a99b4b1f78;4047a9da7ea121eb 4049ae5515039d34;4047c95664b4e088 4049e1b5a435803c;4047f07893320932 404a0f876ccdf6ce;40481e4a5bca7fc4 404a36a99b4b1f78;404851aaeafc62cc 404a5625815ede15;4048895664b4e088 404a6d34a8e733fc;4048c3edddc90706 404a7b45b6f23eb4;4049000000000000 404a800000000000)
POLYGON ((0.0 0x0.0p0,10.0 0.0,10.0 +5.0, 10.0 10.0,10.0 5.0, 10.0 10.0,0.0 10.0, 0.0 0.0))	G(0 0;0 4024000000000000;4014000000000000 4024000000000000;4024000000000000 4024000000000000;4014000000000000 4024000000000000;4024000000000000 4024000000000000;4024000000000000 0;0 0)
POLYGON ((0.0 0.0d,10.0 0.0, 10.0d 10.0,0.0 10.0d,0.0d 0x1.4p2, 5.0 5.0d,2.0 5.0,0.0 0.0))	G(0 0;0 4024000000000000;4024000000000000 4024000000000000;4024000000000000 0;4014000000000000 0;4014000000000000 4014000000000000;4014000000000000 4000000000000000;0 0)
POLYGON ((26.51454402962736d -86.86737826154896d,26.09376343767987 -84.4712724352173, 9.181299289049523 -76.25355817827216,0x1.cdb59e8d01e31p2 -0x1.326c2c42435cep6, 3.4897899309380236 -79.57433616804926d,0x1.5f15437789edp-1 -0x1.51a1ff3cfb65dp6, 0.8782562408888506 -85.92640268234479, 2.8263168243244827d -0x1.68p6, 4.597102435947102 -90.0,5.6391846906056 -0x1.68p6, 14.105011898137173 -90.0, 19.778369747749295 -90.0,22.566639414502674 -90.0, 26.51454402962736 -86.86737826154896d), (19.979778286956353 -87.49341134820244, +18.46440296320393 -90.0, 21.493435169262472d -90.0 0.27004290239032724, 19.979778286956353 -87.49341134820244), (8.141296141436479 -87.21810549623036, 8.142924166776647 -89.65496009215225, 7.103439437222652 -90.0, 0x1.a45f12e818ceep2 -90.0, +6.1713462579135125 -90.0,4.731716690706579 -88.16473787815741, 8.141296141436479 -87.21810549623036), (15.3d -80.0,15.299075200119939 -79.97646227128165, 15.296306502178542 -79.95306966048793 0.16307060261571604, 15.291710976119303 -79.92996639084323,15.285316954888547 -79.90729490168752, 15.277163859753387 -79.88519497029047 0.46957842418580875,15.26730195725651 -79.86380285007813, 15.255792049306228 -79.84325043058521,15.242705098312484 -79.82366442431226, +15.22812178968001 -0x1.3f387d53c65d7p6,0x1.e6c9c91ebfc52p3 -79.78786796564404,15.194834414499056 -79.77187821032d,15.176335575687743 -79.75729490168752,15.156749569414785 -79.74420795069378,15.136197149921864 -79.7326980427435,15.114805029709528 -79.72283614024661,15.092705098312484 -79.71468304511146, 15.070033609156772 -79.7082890238807,15.04693033951207 -79.70369349782146, 15.023537728718354 -79.70092479988006, 15.0d -79.7, 14.976462271281646 -79.70092479988006, 14.95306966048793 -79.70369349782146, 14.929966390843228 -79.7082890238807, 14.907294901687516 -0x1.3edbd5df4709ap6,14.885194970290472 -79.72283614024661,14.863802850078136 -79.7326980427435, 0x1.dafbe853b672p3 -79.74420795069378, 14.823664424312257 -79.75729490168752 0.6185997830148573,14.805165585500944d -79.77187821032,14.787867965644036 -79.78786796564404, 14.77187821031999 -79.80516558550094,14.757294901687516 -79.82366442431226, 14.744207950693772 -79.84325043058521,14.73269804274349 -79.86380285007813, 14.722836140246613 -79.88519497029047,14.714683045111453 -79.90729490168752,14.708289023880697 -79.92996639084323d, 0x1.d684a839f1a1ep3 -79.95306966048793, 0x1.d66df9d88e163p3 -79.97646227128165, 14.7 -0x1.4p6, 14.700924799880061 -80.02353772871835 0.09682158868135982d, 14.703693497821458 -80.04693033951207, 14.708289023880697 -80.07003360915677, 14.714683045111453 -80.09270509831248,14.722836140246613 -80.11480502970953,+14.73269804274349 -80.13619714992187, 14.744207950693772d -80.15674956941479, 14.757294901687516d -80.17633557568774, 14.77187821031999 -80.19483441449906,14.787867965644036 -80.21213203435596 0.35779463947082846,14.805165585500944 -80.22812178968,14.823664424312257 -80.24270509831248 0.2985870663234058,14.843250430585215 -80.25579204930622, 14.863802850078136 -80.2673019572565, 14.885194970290474 -80.27716385975339,0x1.dd088f515269dp3 -80.28531695488854,14.929966390843228 -80.2917109761193, 14.95306966048793 -80.29630650217854d,+14.976462271281646 -80.29907520011994, 15.0 -80.3,15.023537728718354 -80.29907520011994, 15.04693033951207 -80.29630650217854, 15.070033609156772d -80.2917109761193,0x1.e2f770aead963p3 -80.28531695488854, 15.114805029709526 -80.27716385975339d,15.136197149921864 -80.2673019572565, 15.156749569414785 -80.25579204930622, 15.176335575687743 -80.24270509831248d,15.194834414499056 -80.22812178968,15.212132034355964 -80.21213203435596,15.22812178968001 -80.19483441449906d, 15.242705098312484d -80.17633557568774, 15.255792049306228 -80.15674956941479,15.26730195725651 -80.13619714992187, 15.277163859753387 -80.11480502970953, 15.285316954888547 -80.09270509831248, 15.291710976119303 -80.07003360915677, 15.296306502178542 -0x1.40300e81c594p6,15.299075200119939 -0x1.40181a463c451p6, 15.3 -80.0))	G(c055b783201ca74e 403a83b928539a00;c0551e2953dc30ef 403a1800e1726544;c053103a4c14d3fc 40225cd342aa82f2;c05326c2c42435ce 401cdb59e8d01e31;c053e4c1ec7cab9e 400beb16fbba4fb0;c0551a1ff3cfb65d 3fe5f15437789ed0;c0557b4a2e79e63e 3fec1aacd5040430;c056800000000000 40069c4bfec4dda8;c056800000000000 4012636ed22b04da;c056800000000000 40168e866e79050c;c056800000000000 402c35c41e98614d;c056800000000000 4033c7433d62c76c;c056800000000000 4036910f47d9e9e0;c055b783201ca74e 403a83b928539a00|c055df940d31004e 4033fad2bff3cef6;c056800000000000 403276e31cd3205a;c056800000000000 40357e51c46aadb5;c055df940d31004e 4033fad2bff3cef6|c055cdf570c158c9 40204857f7c50a95;c05669eaddbbfea9 4020492d5b3c3a3d;c056800000000000 401c69ec071ff3a5;c056800000000000 401a45f12e818cee;c056800000000000 4018af7564b81f40;c0560a8b10bdc64e 4012ed4723e216a2;c055cdf570c158c9 40204857f7c50a95|c054000000000000 402e99999999999a;c053fe7e5b9c3baf 402e992062771e9d;c053fcff17e3a6c0 402e97b57c60e5e2;c053fb8491c0c341 402e955b241ca21f;c053fa111ea2a4d4 402e9215105c7b32;c053f8a708cdfecd 402e8de86be28c40;c053f7488bbfd1bd 402e88dbcd5925a2;c053f5f7d0a76ce4 402e82f72cecb1b3;c053f4b6eafd5330 402e7c43d7b7a630;c053f387d53c65d7 402e74cc61145c7c;c053f26c6dc28076 402e6c9c91ebfc52;c053f16673dd7471 402e63c1561cd148;c053f07785090b3a 402e5a48a815667f;c053efa11a6269ca 402e50417ac498e0;c053eee48654db4c 402e45bba2017215;c053ee42f283ae78 402e3ac7b9900997;c053edbd5df4709a 402e2f770aead963;c053ed549b7c6bbc 402e23db71f9e5fb;c053ed095073e344 402e180740e2c9fe;c053ecdbf3b11c2c 402e0c0d231e2289;c053eccccccccccd 402e000000000000;c053ecdbf3b11c2c 402df3f2dce1dd77;c053ed095073e344 402de7f8bf1d3602;c053ed549b7c6bbc 402ddc248e061a05;c053edbd5df4709a 402dd088f515269d;c053ee42f283ae78 402dc538466ff669;c053eee48654db4c 402dba445dfe8deb;c053efa11a6269ca 402dafbe853b6720;c053f07785090b3a 402da5b757ea9981;c053f16673dd7471 402d9c3ea9e32eb8;c053f26c6dc28076 402d93636e1403ae;c053f387d53c65d7 402d8b339eeba384;c053f4b6eafd5330 402d83bc284859d0;c053f5f7d0a76ce4 402d7d08d3134e4d;c053f7488bbfd1bd 402d772432a6da5e;c053f8a708cdfecd 402d7217941d73c0;c053fa111ea2a4d4 402d6deaefa384ce;c053fb8491c0c341 402d6aa4dbe35de1;c053fcff17e3a6c0 402d684a839f1a1e;c053fe7e5b9c3baf 402d66df9d88e163;c054000000000000 402d666666666666;c0540181a463c451 402d66df9d88e163;c0540300e81c5940 402d684a839f1a1e;c054047b6e3f3cbf 402d6aa4dbe35de1;c05405eee15d5b2c 402d6deaefa384ce;c0540758f7320133 402d7217941d73c0;c05408b774402e43 402d772432a6da5e;c0540a082f58931c 402d7d08d3134e4d;c0540b491502acd0 402d83bc284859d0;c0540c782ac39a29 402d8b339eeba384;c0540d93923d7f8a 402d93636e1403ae;c0540e998c228b8f 402d9c3ea9e32eb8;c0540f887af6f4c6 402da5b757ea9981;c054105ee59d9636 402dafbe853b6720;c054111b79ab24b4 402dba445dfe8deb;c05411bd0d7c5188 402dc538466ff66a;c0541242a20b8f66 402dd088f515269d;c05412ab64839444 402ddc248e061a05;c05412f6af8c1cbc 402de7f8bf1d3602;c05413240c4ee3d4 402df3f2dce1dd77;c054133333333333 402e000000000000;c05413240c4ee3d4 402e0c0d231e2289;c05412f6af8c1cbc 402e180740e2c9fe;c05412ab64839444 402e23db71f9e5fb;c0541242a20b8f66 402e2f770aead963;c05411bd0d7c5188 402e3ac7b9900996;c054111b79ab24b4 402e45bba2017215;c054105ee59d9636 402e50417ac498e0;c0540f887af6f4c6 402e5a48a815667f;c0540e998c228b8f 402e63c1561cd148;c0540d93923d7f8a 402e6c9c91ebfc52;c0540c782ac39a29 402e74cc61145c7c;c0540b491502acd0 402e7c43d7b7a630;c0540a082f58931c 402e82f72cecb1b3;c05408b774402e43 402e88dbcd5925a2;c0540758f7320133 402e8de86be28c40;c05405eee15d5b2c 402e9215105c7b32;c054047b6e3f3cbf 402e955b241ca21f;c0540300e81c5940 402e97b57c60e5e2;c0540181a463c451 402e992062771e9d;c054000000000000 402e99999999999a)
POLYGON ((0.0 0.0, 10.0 0.0 0.06565298094126681,10.0 10.0, 0x0.0p0 0x1.4p3, 0.0 0.0d 0.24706114521295952), (+5.0 5.0, 7.0 5.0,7.0 +6.0, 5.0 5.0), (5.0 5.0,5.0d 7.0, 4.0 7.0,5.0 5.0), (5.0 5.0 0.9688980341869394,0x1.8p1 5.0,3.0 4.0,+5.0 5.0), (5.0 5.0, 5.0 3.0, 6.0d 3.0,0x1.4p2 5.0), (2.5 8.0,2.498458666866564 8.039229547863922,2.493844170297569 +8.078217232520116, 2.4861849601988384 8.116722681927953, 2.475528258147577 8.154508497187473,2.4619397662556435 8.191341716182546, 2.445503262094184 8.226995249869773, 2.426320082177046 0x1.085c27747a975p3,2.4045084971874737 8.293892626146237, 2.3802029828000153 8.324724024165091, 2.353553390593274 8.353553390593273, 2.324724024165092 8.380202982800016,0x1.259e4608eab4cp1 8.404508497187473d,2.2612492823579746 +8.426320082177046, 2.2269952498697734 8.445503262094183,2.191341716182545 8.461939766255643,2.1545084971874737 8.475528258147577, 2.1167226819279525 0x1.0f8ed3c2fb8dep3,2.0782172325201156 8.493844170297569, 2.0392295478639224 8.498458666866563d, +2.0 8.5, 1.9607704521360776 8.498458666866563d,1.9217827674798846 8.493844170297569,1.8832773180720472 8.486184960198838d, 1.8454915028125263 0x1.0f378709a22a8p3 0.27684788335677124,1.8086582838174552 8.461939766255643,1.7730047501302266 8.445503262094183, 1.7387507176420256 8.426320082177046 0.5333406548473199,1.7061073738537635 8.404508497187473, 1.6752759758349083 +8.380202982800016,1.6464466094067263 8.353553390593273, 1.6197970171999845 8.324724024165091,0x1.98722191a02d6p0 8.293892626146237, 0x1.92dcafe56bebp0 8.261249282357975, 1.554496737905816 8.226995249869773, 1.5380602337443565 8.191341716182546 0.561630334865237,1.5244717418524232 +8.154508497187473,1.5138150398011616 8.116722681927953, 1.5061558297024311 8.078217232520116, 1.501541333133436 8.039229547863922, 0x1.8p0 8.0, 1.501541333133436 7.960770452136078,1.5061558297024311 7.921782767479884,1.5138150398011616 7.8832773180720475,1.5244717418524232 7.845491502812527,1.5380602337443565d 7.808658283817455 0.00996181703226906,1.554496737905816 7.773004750130227,1.573679917822954d 7.738750717642025,1.5954915028125263d 7.706107373853763,1.6197970171999843 7.675275975834908,1.646446609406726 7.646446609406726,1.675275975834908 0x1.e7aac11bc210fp2, 1.7061073738537633 7.595491502812527,1.7387507176420258 7.573679917822954,1.7730047501302266 7.554496737905816,0x1.cf043ab2a2ad4p0 7.538060233744357 0x1.8e4eb2699e344p-1, 1.8454915028125263 7.524471741852423, 1.883277318072047 7.513815039801162d,1.9217827674798844 7.506155829702431d,1.9607704521360771 7.501541333133436,2.0 7.5 0.2633598813450665, 2.0392295478639224 7.501541333133436 0.7291037994997672, 2.078217232520115 7.506155829702431,2.116722681927953 7.513815039801162d,2.1545084971874737 7.524471741852423, 2.191341716182545 7.538060233744357,2.2269952498697734d 7.554496737905816, 2.261249282357974d 7.573679917822954,+2.2938926261462367 7.595491502812526, 2.324724024165092 +7.619797017199985, 2.3535533905932735 7.646446609406726,2.3802029828000153 7.675275975834908, 2.4045084971874737 7.706107373853763, 2.426320082177046d +7.738750717642025,2.445503262094184 7.773004750130227,+2.461939766255643 7.808658283817455,2.475528258147577 +7.845491502812526 0.09023903722721616, 2.4861849601988384 7.8832773180720475,+2.4938441702975687 0x1.fafe7d2615eb2p2,2.498458666866564 7.960770452136078,2.5 8.0))	G(0 0;0 4024000000000000;4024000000000000 4024000000000000;4024000000000000 0;0 0|4014000000000000 4014000000000000;4014000000000000 401c000000000000;4018000000000000 401c000000000000;4014000000000000 4014000000000000|4014000000000000 4014000000000000;401c000000000000 4014000000000000;401c000000000000 4010000000000000;4014000000000000 4014000000000000|4014000000000000 4014000000000000;4014000000000000 4008000000000000;4010000000000000 4008000000000000;4014000000000000 4014000000000000|4014000000000000 4014000000000000;4008000000000000 4014000000000000;4008000000000000 4018000000000000;4014000000000000 4014000000000000|4020000000000000 4004000000000000;40201415e532398e 4003fcd7e5c4cc16;4020280c16cf50a7 4003f3649285fc8c;40203bc3134b29f8 4003e3b4f0bee37a;40204f1bbcdcbfa5 4003cde1c2688aa0;402061f78a9abaa6 4003b20d79e651a9;40207438b8ad1378 4003906403a7a58e;402085c27747a975 4003691a80d4a0a8;402096791823aad3 40033c6ef372fe95;4020a6423a300777 40030aa7dc87bde2;4020b504f333f9de 4002d413cccfe77a;4020c2a9f721ef79 40029908e8c01dde;4020cf1bbcdcbfa5 400259e4608eab4c;4020da46a035282a 40021709dd1ea5d4;4020e41900e9e963 4001d0e2e2b44de0;4020ec835e79946a 400187de2a6aea96;4020f378709a22a8 40013c6ef372fe95;4020f8ed3c2fb8de 4000ef0c4d2ca7de;4020fcd924a17f23 4000a0305b3d429c;4020ff35f9713305 4000505794c8e639;4021000000000000 4000000000000000;4020ff35f9713305 3fff5f50d66e338e;4020fcd924a17f23 3ffebf9f49857ac9;4020f8ed3c2fb8de 3ffe21e765a6b043;4020f378709a22a8 3ffd8722191a02d6;4020ec835e79946a 3ffcf043ab2a2ad4;4020e41900e9e963 3ffc5e3a3a976440;4020da46a035282a 3ffbd1ec45c2b459;4020cf1bbcdcbfa5 3ffb4c373ee2a969;4020c2a9f721ef79 3ffacdee2e7fc445;4020b504f333f9de 3ffa57d86660310d;4020a6423a300777 3ff9eab046f0843b;402096791823aad3 3ff98722191a02d6;402085c27747a975 3ff92dcafe56beb0;40207438b8ad1378 3ff8df37f8b0b4e5;402061f78a9abaa6 3ff89be50c335cae;40204f1bbcdcbfa5 3ff8643c7b2eeac0;40203bc3134b29f8 3ff838961e82390c;4020280c16cf50a7 3ff81936daf406e9;40201415e532398e 3ff80650347667d4;4020000000000000 3ff8000000000000;401fd7d4359b8ce4 3ff80650347667d4;401fafe7d2615eb2 3ff81936daf406e9;401f8879d969ac11 3ff838961e82390c;401f61c8864680b6 3ff8643c7b2eeac0;401f3c10eaca8ab5 3ff89be50c335cae;401f178e8ea5d910 3ff8df37f8b0b4e5;401ef47b1170ad16 3ff92dcafe56beb0;401ed30dcfb8aa5a 3ff98722191a02d6;401eb37b8b9ff111 3ff9eab046f0843a;401e95f619980c43 3ffa57d86660310c;401e7aac11bc210f 3ffacdee2e7fc444;401e61c8864680b6 3ffb4c373ee2a968;401e4b72bf95afac 3ffbd1ec45c2b45a;401e37cdfe2c2d39 3ffc5e3a3a976440;401e26f9430cd72c 3ffcf043ab2a2ad4;401e190f1ecbbab0 3ffd8722191a02d6;401e0e2587a08e43 3ffe21e765a6b042;401e064db6bd01ba 3ffebf9f49857ac8;401e01940d1d99f5 3fff5f50d66e338c;401e000000000000 4000000000000000;401e01940d1d99f5 4000505794c8e639;401e064db6bd01ba 4000a0305b3d429b;401e0e2587a08e43 4000ef0c4d2ca7df;401e190f1ecbbab0 40013c6ef372fe95;401e26f9430cd72c 400187de2a6aea96;401e37cdfe2c2d39 4001d0e2e2b44de0;401e4b72bf95afac 40021709dd1ea5d3;401e61c8864680b5 400259e4608eab4c;401e7aac11bc210f 40029908e8c01dde;401e95f619980c43 4002d413cccfe779;401eb37b8b9ff111 40030aa7dc87bde2;401ed30dcfb8aa5a 40033c6ef372fe95;401ef47b1170ad16 4003691a80d4a0a8;401f178e8ea5d910 4003906403a7a58e;401f3c10eaca8ab5 4003b20d79e651a8;401f61c8864680b5 4003cde1c2688aa0;401f8879d969ac11 4003e3b4f0bee37a;401fafe7d2615eb2 4003f3649285fc8b;401fd7d4359b8ce4 4003fcd7e5c4cc16;4020000000000000 4004000000000000)
POLYGON ((0.0 0.0, 1.0 0.0 0.7054280205846113,0x1.0p0 0.0,1.0 3.0,5.0d +3.0,0.0 3.0,0.0 0.0))	G(0 0;0 3ff0000000000000;0 3ff0000000000000;4008000000000000 3ff0000000000000;4008000000000000 4014000000000000;4008000000000000 0;0 0)
MULTIPOLYGON (((179.20945909963038d -51.82904452092277,179.2129814980594d -51.82875782592622, 179.20667252648087 -51.82813501570336,0x1.6669e07f77d3bp7 -51.82689386927274, 0x1.6668288c59bd3p7 -51.82225993890252, 179.19793515494365 -51.81829133654958,+179.19771024080205 -51.82447144051422, 179.19370266973152 -51.81898911316827,+179.1961247257342 -51.82428232214828,179.19143454030564d -51.82347240025917,179.19356305177743 -51.83079498389616,179.19048300848752 -51.832364841401755, 179.19459713855437 -51.83153685058902,179.1978690825431 -51.83543733979443, 179.19691609289745d -0x1.9eb68ab1a7c4bp5,179.19697663780934 -51.839023274754744,179.19813207052397 -51.83775828458225, 179.20019075253384 -51.842406084544564, 179.20072400676315 -51.83907719313222,179.2061198998491 -51.83680404386683d, +179.20725033062112 -51.83793490511325d,179.20945909963038 -51.82904452092277)), ((134.0138037022154 -1.4734926248753009, 133.9504736583493 -1.5478734635538345, 133.87787920696613 -1.556281677985585, +134.2908343769175 -1.6906944327483153,133.99187871577033 -1.6357199022992879, 134.0299128006759 -1.715248666561342, 0x1.0a9019bea7452p7 -2.0367187072812243, 133.08943087118564d -2.1895760061987475, 133.05751191727296 -2.019807042535355d, 132.85445022707876 -1.996513483530122 0.25119905562566536d,+133.02557721768937 -1.6393695660867023,132.83479127711132 -1.60920831256933, 133.16338341784615 -1.5429076444299963,132.90482806012022d -1.213356556689176,+133.72501782154325 -1.2863202917156793, 134.06643020999957 -1.1684927441768567, 134.0138037022154 -1.4734926248753009)))	MG[G(c049ea1e21802549 406666b3e391d863;c049ea14bc87541e 406666d0be931a2f;c049ea0054048f27 4066669d0fb3c6f2;c049e9d7a886e508 4066669e07f77d3b;c049e93fd04d32da 4066668288c59bd3;c049e8bdc5408a50 406666557c1b26c6;c049e98847b8bf4f 40666653a46d4a88;c049e8d4a2a06b3c 40666632cff0f4a2;c049e9821548261e 40666646a75c5ee4;c049e9678b2a22c9 406666203b543e00;c049ea577d72c1e7 40666631ab242323;c049ea8aee5e1494 406666186fd27cb9;c049ea6fccad596e 4066663a23c73f8f;c049eaef9c5a231d 40666654f18acd30;c049eb68ab1a7c4b 4066664d22fa619f;c049eb651d5ad3c5 4066664da1f32ef3;c049eb3ba9d91dee 406666571911660e;c049ebd3f66b8900 40666667f66fe306;c049eb66e1a7a943 4066666c54c0923c;c049eb1c6518c8c7 4066669888c29d04;c049eb417372d1b3 406666a1cb72034b;c049ea1e21802549 406666b3e391d863),G(bff7936d00abc92b 4060c07114763286;bff8c416f704f5a0 4060be6a47bbca3b;bff8e6879de4fe53 4060bc1796227841;bffb0d159b02eebd 4060c94e83e52d39;bffa2be8a1dcab09 4060bfbd786ebaa0;bffb71a895f63798 4060c0f50bb09450;c0004b332d7764e0 4060a9019bea7452;c00184406cd5d6dd 4060a2dc9e215fd8;c0002890983f5bd0 4060a1d7233b7a2a;bffff1b81f5c8efc 40609b57a800ab9e;bffa3adb950666cc 4060a0d187502ff4;bff9bf51372efc63 40609ab69c3245bc;bff8afbfed193425 4060a53a6fdc8b74;bff369e89095dff9 40609cf459f9d706;bff494c4961199b1 4060b73358931174;bff2b225729da574 4060c220323f6d44;bff7936d00abc92b 4060c07114763286)]
MULTIPOLYGON (((-125.70189897447342 -43.140886548161866 0.7963609245773648,-0x1.f6cf154fca0c6p6 -43.13944710612187,-125.7038430966463 -43.137693015742144, -125.70265598381073 -43.13506268280923, -125.70345489756168 -43.13471896355007, -125.70542257569493 -43.13300616023106,-125.70520227079076 -43.131624775299045, -125.70703592595349 -43.128374523887175, -125.7110702400865 -43.125571764233825,-125.71300353115434 -43.124780374548706, -125.71926195319753 -43.122928069302, -125.71948040195765 -0x1.58feec206dbe7p5,-125.7229845377929 -43.12197985738298, -125.72512967087437 -43.12309750214544,-125.72542752934534 -43.124080082489925, -125.73222850167437 -43.12766441282861,-0x1.f6f0bff58f719p6 -43.13012624090552,-125.73837173564891 -43.14637196586878, -125.73691484290639 -43.147753417178535, -0x1.f6f3360f9457p6 -43.14943950059648,-125.73699133839526 -43.14917986442689d, -0x1.f6f2e579bf0e7p6 -43.15057978786419, -125.73434428025172 -43.153205197354445,-125.72693802083822d -43.158725515909246, -125.71785305831358 -43.15723227915133, -125.71719030637777 -43.15834467012789, -125.70823808676138 -43.155288836908625,-125.70837398947364 -43.151962429692745, -125.70189897447342d -43.140886548161866), (-125.71002617711893 -43.13895669448375, -125.71396253833893 -43.14275725422779,-125.71482531059952 -43.14165028715221, -125.71233245887451 -43.13870661171594, -125.71002617711893 -43.13895669448375), (-125.71637264561845 -43.13139074447755, -125.71458207148419 -43.13607458922068d 0.9257879940307281,-125.71426101025739 -0x1.5912651525dfcp5, -125.71637264561845 -0x1.590d16973439bp5), (-125.72259201855063 -43.13207457675295, -125.72353822287143 -43.13151264415049,-125.72722702842741 -43.13364722514819, -125.72785944273217 -43.133882094290016,-125.72861520788891 -43.13403038897305, -125.72743910302253d -43.13416288627611,-125.72797665018398 -43.134812344443496,-125.72812692716221 -43.135063241804396,-125.72414365210999 -43.13488062018281,-125.72259201855063 -43.13207457675295), (-125.7275043385614 -43.138582367936955,-0x1.f6ed8ebd383ap6 -43.14055096943003, -125.7278499483868 -43.142171979333796,-125.7275043385614 -43.138582367936955), (-125.72440548663248 -43.145688189647025, -125.72220739925929 -43.150285503459905, -0x1.f6e43fb3d7f31p6 -43.15077146328629, -125.7249902181923 -43.15142361231328, -125.72650167737241 -43.1508415898871,-125.72822861717076 -43.14691651281963, -125.72641454815553d -43.1466036970618,-125.72440548663248 -0x1.592a5e91cf945p5), (-125.71329635227127 -43.14779737605635,-125.7168417506326 -43.14615928840864,-125.71893705544898 -43.14694567748842,-125.71797391584504 -43.14954190155157,-125.7184879264622 -43.151092630671634,-125.71634791629181 -43.15088413985707,-125.71329635227127 -43.14779737605635)), ((-0x1.54f03675ad555p6 -31.670814547432002,-88.41916335290372 -35.78665072293062,-85.36561826205791 -33.31821930651241,-86.04149678962885 -30.443451243013627,-87.36045362182932 -31.295294351254867, -91.09080232786953 -33.37620818430744, -84.57977845732606 -34.059221637628674d, -85.23458274717753 -31.670814547432002)))	MG[G(c045920892066699 c05f6cebe9ad1d65;c04591d9671c285b c05f6cf154fca0c6;c045919fecbbc004 c05f6d0bc3ea671e;c0459149bbe6c9af c05f6cf850cdb392;c045913e78934c9e c05f6d0567b0cf43;c0459106588a2df2 c05f6d25a4bb1e11;c04590d914a4a05a c05f6d2208b4871f;c045906e938ede14 c05f6d40139cc44f;c0459012bc4e57b8 c05f6d822cc09525;c0458ff8cda5ef46 c05f6da1d9900f63;c0458fbc1b62b4cd c05f6e0863498f64;c0458feec206dbe7 c05f6e0bf7872159;c0458f9d09351d86 c05f6e4560f05563;c0458fc1a8b0f78c c05f6e68864770f0;c0458fe1db2c308a c05f6e6d67968a01;c04590574eb6fb20 c05f6edcd4eef8fe;c04590a7fa068533 c05f6f0bff58f719;c04592bc510b3a94 c05f6f417b8639c8;c04592e9957f53b8 c05f6f299cdf8e13;c0459320d563e56f c05f6f3360f94570;c0459318536777b5 c05f6f2addb7f5f2;c045934632d0285c c05f6f2e579bf0e7;c045939c3a581b77 c05f6eff7f26ebe4;c04594511e21ef7b c05f6e86270c6e06;c04594202ff46a4e c05f6df14df43296;c0459444a35dd8fc c05f6de6722bb9a6;c04593e0812dfa6c c05f6d53c5d71afe;c04593738140e022 c05f6d55ffdb8816;c045920892066699 c05f6cebe9ad1d65|c04591c9553d2f1a c05f6d7111a281e7;c0459245dea5166a c05f6db18fee2f08;c045922198bb64d5 c05f6dbfb2a8d831;c04591c12364878b c05f6d96dae1afb3;c04591c9553d2f1a c05f6d7111a281e7|c04590d16973439b c05f6dd90ca72b89;c045916ae463427d c05f6dbbb670d548;c045912651525dfc c05f6db673cff742;c04590d16973439b c05f6dd90ca72b89|c04590e7d1d9e4bb c05f6e3ef29801a3;c04590d56804d184 c05f6e4e734328e1;c045911b5a2e9b37 c05f6e8ae33bf73b;c04591230c683f70 c05f6e953fc5a7a5;c0459127e864a79b c05f6ea1a1ae5012;c045912c3fdc7249 c05f6e8e5cbd540e;c045914187e93daf c05f6e972b6032ad;c0459149c0973887 c05f6e99a1aedfea;c0459143c4a64652 c05f6e585e9ddac7;c04590e7d1d9e4bb c05f6e3ef29801a3|c04591bd11290bb5 c05f6e8f6e5b7470;c04591fd92fc8fc1 c05f6ed8ebd383a0;c0459232b100d2b8 c05f6e9517f32ddd;c04591bd11290bb5 c05f6e8f6e5b7470|c04592a5e91cf945 c05f6e5ca8d48849;c045933c8e2d362b c05f6e38a5622fdd;c045934c7ab3fe0a c05f6e43fb3d7f31;c0459361d9535d26 c05f6e663d5f4393;c045934ec6f7b88b c05f6e7f00e4336f;c04592ce2908e6be c05f6e9b4c33b09f;c04592c3e8f22d33 c05f6e7d9371eaaa;c04592a5e91cf945 c05f6e5ca8d48849|c04592eb06404c5f c05f6da6a5be571e;c04592b558f9dc62 c05f6de0bc38d7f6;c04592cf1daf8cf8 c05f6e031091424c;c0459324306445d8 c05f6df348ddfbdf;c045935700d9b35d c05f6dfbb4c8ae77;c04593502be715ea c05f6dd8a4ee41fd;c04592eb06404c5f c05f6da6a5be571e),G(c03fabba808ee6c8 c0554f03675ad555;c041e4b0f88c2e4e c0561ad3928719ce;c040a8bb6905369b c05557664a2396fb;c03e7186054a1d34 c05582a7e2269613;c03f4b98691d554c c055d711ac115ed4;c040b02796fc0b43 c056c5cfb491266b;c0410794931a6a55 c055251b171a4902;c03fabba808ee6c8 c0554f03675ad555)]
MULTIPOLYGON (((127.75 35.25,128.0 36.75, +127.25 35.75,125.0 34.5,127.0d 34.0d,127.25 34.0,127.75 35.25d)), ((-180.0 -41.34297341712623,-179.26978331636238 -41.34297341712623, -179.26978331636238 -40.61275673348862, -0x1.68p7 -40.61275673348862,-180.0d -41.34297341712623)))	MG[G(4041a00000000000 405ff00000000000;4042600000000000 4060000000000000;4041e00000000000 405fd00000000000;4041400000000000 405f400000000000;4041000000000000 405fc00000000000;4041000000000000 405fd00000000000;4041a00000000000 405ff00000000000),G(c044abe68d8cfa2e c066800000000000;c044abe68d8cfa2e c06668a2109f190d;c0444e6ed0095e63 c06668a2109f190d;c0444e6ed0095e63 c066800000000000;c044abe68d8cfa2e c066800000000000)]
MULTIPOLYGON (((46.553205831822844 0x1.7682f3097fff7p4,46.55326102231482 +23.40737303638025, 46.55230872865278 23.408394612789593d,46.55194927246405 23.40905525029162,46.54945058438355 23.412355327803 0.9120109172375642,46.547979181751145 23.413486495999187, 46.544107518022024 23.413758273742168,0x1.7457935ff66ep5 23.414581338476708, 46.53621318607489 23.414689268129756, 46.53005683425299 23.412002699531755 0x1.0deb5e844faa9p-1, +46.52939817972043 23.410971345485702, 46.525792519411965 23.406967358520628,46.52572945638332 23.40682891171662,46.52473147135333 23.405544298395956, 46.52505952654912 0x1.768175abaf639p4, 46.52391119662928 +23.40369634558309, 46.52401073576777 23.39854811058707, 46.52654326772928d 23.390768010306946, 46.52868458431494 23.388478987037356,0x1.744be82661742p5 23.384955158355947,46.5390258149498 0x1.76279acb5e86fp4, 46.542166271016995d 0x1.76267bbe74ef7p4, 46.542452337331 23.38446684332084,46.54816415700466 0x1.7632dec50d21bp4, 46.54861212625623 23.388702542388874,0x1.7464b253fe7c9p5 23.388198056640242 0x1.ca17465865824p-3, 46.55260368948961 23.391058562413583, 46.5525709207232 23.391968982503037,46.5536497314388 23.395414385791252,46.553950020170134 23.39760227515821,46.553205831822844 23.406970059499113)), ((83.02048133305135 -72.97996768230327,83.02232619242334 -72.97812282293128,0x1.4c18c04bd3e23p6 -72.97627796355928d,83.02232619242334 -72.97812282293128, 83.02048133305135 -72.97996768230327)))	MG[G(4037682f3097fff7 404746cf72ddd15b;40376849996c8680 404746d141d67f31;4037688c8ca1cb3c 404746b20d6b6df5;403768b7d84a4275 404746a64615245d;403769901e673ec8 4047465465915904;403769da4041a776 404746242e8c4148;403769ec0fee2c0a 404745a550adb4c7;40376a2200aa4a14 4047457935ff66e0;40376a29136c9e96 404744a2a238f014;4037697902485a44 404743d8e70011a6;403769356b087447 404743c351ce3b08;4037682f034762b7 4047434d2b55ad8c;40376825f086e3e1 4047434b1a52dae8;403767d1c04ab09d 4047432a669e527f;403768175abaf639 40474335268b7da9;40376758a4c9cb49 4047430f85a7c3f7;403766073fbcdaa3 40474312c8a6700f;403764095f509761 40474365c51169c2;403763735be08237 404743abefbbc419;4037628c6bd790b7 404744be82661742;40376279acb5e86f 404744fecc43745f;40376267bbe74ef7 40474565b4518192;4037626c6b467599 4047456f14043cda;4037632dec50d21b 4047462a3e3b9654;4037638202836ea9 40474638ec123ad2;40376360f2a5a3fe 4047464b253fe7c9;4037641c69f8631a 404746bbb7bb00df;403764581448e59e 404746baa4d89d06;40376539e08f5763 404746ddfe90fc03;403765c943409ea5 404746e7d5921fe8;4037682f3097fff7 404746cf72ddd15b),G(c0523eb7ca5ea849 4054c14f90efe894;c0523e999077fd82 4054c16dcad6935b;c0523e7b569152ba 4054c18c04bd3e23;c0523e999077fd82 4054c16dcad6935b;c0523eb7ca5ea849 4054c14f90efe894)]
MULTIPOLYGON (((145.2859526660115 -13.028026249783917,144.62790793716186 -13.558926000608198,144.36045414783814 -16.350090481982598,141.38076371628708 -15.657498539090163, 141.58981988539045 -16.695331628526667, 0x1.0e07c6fceb27ep7 -8.575555685989553,136.14407244509314 -9.40621770356655, 138.77468298289236 -9.85123821552305d,142.9969395822215 -7.932610032972894,144.9592437113761 -9.168785265771543, 144.73481282243227 -0x1.5a202406712d5p3, 0x1.20e4332bc498fp7 -12.433835302963477d, 145.2859526660115 -13.028026249783917)), ((180.0 11.020065270561599d,180.0 14.183245146189455, 180.0 19.826155413220857,180.0 +28.089411749314372, 174.8607357193078 17.61221682491266,0x1.577947459a9ccp7 13.884292211759835,171.03007659762275 13.659133778022207, 169.60930608936178 11.76144798319915d, 160.18947976522378 6.022605890707094,164.21552233044812 -1.4785746263332396,177.73334833870658 +1.0671119383520153,180.0 -4.506218852884553, 180.0 -1.143693106166653, 180.0 6.714288937500549 0.7439960719577359,180.0 11.020065270561599d)))	MG[G(c02a0e5974e480be 4062292686349726;c02b1e2b8c7afe19 40621417d262e04a;c030599f87a2c192 40620b88d7231584;c02f50a3a6051ebc 4061ac2f37639e9b;c030b20140ec657e 4061b2dfcdf3c90a;c02126af3c20b436 4060e07c6fceb27e;c022cffbc44fbfc6 4061049c3dd0fdc1;c023b3d57ed18dc6 406158ca33f7894b;c01fbafe1fde2906 4061dfe6edd6b756;c022566b05b91226 40621eb21fde2821;c025a202406712d5 40621783962e20e6;c028de1fa92c2822 40620e4332bc498f;c02a0e5974e480be 4062292686349726),G(40260a45fec1b1e6 4066800000000000;402c5dd24ecc11a3 4066800000000000;4033d37eebd1326b 4066800000000000;403c16e3b03b2ef2 4066800000000000;40319cba3de90f93 4065db8b25a29da2;402bc4c1f2e33b64 406577947459a9cc;402b5179fb8896af 406560f663326545;402785dc8292e419 4065337f6f7be200;40181725ffa522bc 4064061037de5c7a;bff7a83dde0cbf38 406486e58f161aa3;3ff112e3f7c64a08 4066377796ef6a43;c012065e3c2707fa 4066800000000000;bff24c91247a57c8 4066800000000000;401adb6e8f29d679 4066800000000000;40260a45fec1b1e6 4066800000000000)]
MULTIPOLYGON (((-179.4993242014727 1.2221872816802672,-179.50909952195974 0x1.5f25121307537p0, -179.65373299346626 1.5318072120845965, -179.67976791200644 1.5396862930709727, -179.97358278778336 1.577759353605872,-180.0 1.0761374435703857, -179.5631983474226 0.9185948170538618,-179.50286350221535d +1.1573800433317734, -179.4798542099101 1.170604015534119, -179.4993242014727 0x1.38e1440467653p0), (-179.62983122269415 1.2357955425344103,-179.6056300708059 1.2440139291698298, -179.6492220594755 1.2692062614710775, -179.67703641482154 1.2926878501767902, -179.7166830065686 +1.265283109656241,-0x1.676d6bce94d28p7 1.1796577121043874 0.08265332472646181,-0x1.675f0f3890651p7 0x1.2b29de8f4b2a9p0, -179.6525825778191 1.1646145024124153,-179.62983122269415 1.2357955425344103), (-179.78023476768777 1.4572102632317943, -179.77681185386558 1.3526058039897995, -179.84254436998117d 1.3477555951883342, -179.85654616211878 1.3450844959427664, -179.834185871977 1.4597344716614327 0.2553446293734075, -179.78023476768777 1.4572102632317943), (-179.962492428244 1.3506238427926913,-180.0 1.348480697412094,-180.0 1.3003230732795772, -179.98587814420173 1.265100094390788, -179.94768825127062 1.3357233392282655, -179.95751011763574 +1.336981462631529, -179.962492428244 1.3506238427926913), (-179.9467103884348 1.1084425231043566,-179.95803802201763 1.1357493669604413,-179.96770029641928 1.1410665829015638, -179.98921508758687 1.162475338627457, -180.0 1.1590793035965685,-180.0d 1.1178445414580251,-180.0d 1.0600043080281876,-179.9471603608507 1.0606084519739278, -179.95604049534757 1.0780589222224648, -179.95244776986337 1.0768627368962562,-179.9467103884348 1.1084425231043566), (-179.79464128241145 1.0835313962172854, -179.77093331709483d 1.0158247542251602,-179.7665374859613 1.0105102232798053, -179.76601779489206 0x1.fde60ab261f1bp-1 0.09043023677588036d, -179.78281417744867 +0.9936481022410802,-179.7778578458377 0.9728673678063332,-179.79363775183413 0x1.f1e514705b72cp-1, -179.7993121554511 0x1.f6402cdb0d11ep-1, -179.8312774628055 1.076843429402826, -179.79464128241145 1.0835313962172854)), ((-124.43884792487812 -76.63059173919667,-124.64906057489188 -0x1.31f1050f710fp6,-124.63408319421444 -76.42889938461614, -0x1.f2165e06ed99ep6 -76.92727223102901, -124.86430199594007 -76.97665842923738, -124.86551888511082 -76.6124129944035, -124.80172605889095 -76.40995616073282,-124.61465791155999 -76.82791187281781, -124.89133981380843 -76.74010335926268, -125.04094479081382 -76.6607524846242,-124.60899991537984 -76.41996075129964,-124.95325945184335 -76.85152931270082, -124.96163790166722 -76.62382171694175, -124.43884792487812 -76.63059173919667)))	MG[G(3ff38e1440467653 c0666ffa76bf6da6;3ff5f25121307537 c066704a8b14a73e;3ff88248477ae26b c06674eb6174681f;3ff8a28e182d6dc5 c06675c0a8a2de03;3ff93e80978b2008 c0667f2797172f4c;3ff137dbe5622c73 c066800000000000;3fed6520f530afa2 c0667205b88a6aec;3ff284a0efb272cf c066701775330bbe;3ff2bacb46b490a9 c0666f5af7374d2d;3ff38e1440467653 c0666ffa76bf6da6|3ff3c5d18bfba55a c066742793ceef13;3ff3e77b2658d898 c0667361525072bc;3ff44eab398e58e5 c06674c66d572940;3ff4aed974872240 c06675aa48457b82;3ff43e99808279cd c06676ef113359f4;3ff2dfe0c3df6683 c06676d6bce94d28;3ff2b29de8f4b2a9 c06675f0f3890651;3ff2a242d104f02d c06674e1f4dbb584;3ff3c5d18bfba55a c066742793ceef13|3ff750bbb57f9e23 c06678f7aee74d7a;3ff5a445fbc8416f c06678dba4886fee;3ff590682bc55bcb c0667af61f9c4ff0;3ff585775206e4aa c0667b68d37f3a10;3ff75b12888a1338 c0667ab1a691dda6;3ff750bbb57f9e23 c06678f7aee74d7a|3ff59c27bf1fe118 c0667eccbcebbe94;3ff593607eeac165 c066800000000000;3ff4ce1f911f851a c066800000000000;3ff43dd998b932fc c0667f8c50526601;3ff55f1f6fa7d43b c0667e53764fc058;3ff56446ac95c547 c0667ea3ec421ab5;3ff59c27bf1fe118 c0667eccbcebbe94|3ff1bc2e3a23a9b9 c0667e4b7395a38d;3ff22c078738c3c8 c0667ea83f5a9c7d;3ff241cf0881ee58 c0667ef7669cae69;3ff2997fbd9cfbb7 c0667fa7a6663ca7;3ff28b96bd66aef8 c066800000000000;3ff1e2b0f5393079 c066800000000000;3ff0f5c713c99a52 c066800000000000;3ff0f84091716d64 c0667e4f233ebd7b;3ff13fbab661b433 c0667e97e23ca56c;3ff13ad46bd401f0 c0667e7a73bed6c3;3ff1bc2e3a23a9b9 c0667e4b7395a38d|3ff15625046f1450 c066796db38e0047;3ff040d1751dd42d c06678ab7c590a36;3ff02b0cc4942ab0 c0667887799f2b94;3fefde60ab261f1b c066788337c026e5;3fefcbf71adb73f3 c066790cd0515f97;3fef21babf025c9b c06678e4362319eb;3fef1e514705b72c c06679657aff9ff4;3fef6402cdb0d11e c0667993f715dea6;3ff13ac02d032976 c0667a99d33194d9;3ff15625046f1450 c066796db38e0047),G(c053285b9d743e8f c05f1c16159b5137;c0531f1050f710f0 c05f298a355d9226;c0531b7316678cdb c05f2894d1ad8608;c0533b586da0b08c c05f2165e06ed99e;c0533e81925b3bfc c05f3750b9519b87;c0532731c645a6f1 c05f3764a95267c4;c0531a3cb8c3c909 c05f334f7ad0d268;c05334fc82146e3f c05f27568e23182e;c0532f5dda7aec59 c05f390bb6257b84;c0532a49c4ca0d8c c05f429ed6e65f2a;c0531ae0a30f1be0 c05f26f9dac7f4af;c053367f74cd68aa c05f3d0233ee9149;c05327ecb1ec3329 c05f3d8b79b2904e;c053285b9d743e8f c05f1c16159b5137)]
MULTIPOLYGON (((159.25 -89.75,159.25 -89.25, 158.75 -88.5,159.0d -88.0, 159.0 -87.5,157.25 -86.5, 156.5 -86.75, 157.5 -88.75, 156.75 -89.0d,157.0 -89.25,156.5 -90.0 0.8668075555022889,+156.5 -90.0,157.25 -90.0d, 156.25 -90.0,157.25 -90.0, 157.75 -90.0,0x1.3c8p7 -90.0, 158.75 -90.0,158.25 -90.0d,160.0 -90.0,160.25 -90.0, 159.0 -89.75,161.0 -89.75, 159.25 -89.75)), ((180.0 -89.52779623337116d, 170.45813767580333d -89.52779623337116d, 170.45813767580333 -79.98593390917448, 180.0 -79.98593390917448, 180.0 -89.52779623337116)))	MG[G(c056700000000000 4063e80000000000;c056500000000000 4063e80000000000;c056200000000000 4063d80000000000;c056000000000000 4063e00000000000;c055e00000000000 4063e00000000000;c055a00000000000 4063a80000000000;c055b00000000000 4063900000000000;c056300000000000 4063b00000000000;c056400000000000 4063980000000000;c056500000000000 4063a00000000000;c056800000000000 4063900000000000;c056800000000000 4063900000000000;c056800000000000 4063a80000000000;c056800000000000 4063880000000000;c056800000000000 4063a80000000000;c056800000000000 4063b80000000000;c056800000000000 4063c80000000000;c056800000000000 4063d80000000000;c056800000000000 4063c80000000000;c056800000000000 4064000000000000;c056800000000000 4064080000000000;c056700000000000 4063e00000000000;c056700000000000 4064200000000000;c056700000000000 4063e80000000000),G(c05661c769da51fe 4066800000000000;c05661c769da51fe 40654ea91057d481;c053ff198a89faff 40654ea91057d481;c053ff198a89faff 4066800000000000;c05661c769da51fe 4066800000000000)]
MULTIPOLYGON (((179.1409774858526 16.66976124631816, 179.16876791951782 0x1.0ab7579906c78p4, 179.19655835318304 16.669761301899026, 179.14097751364304 16.697551679983373,179.1409774858526 16.66976124631816)), ((-149.61318871117118d -89.36123643876459, -149.57984245294978 -89.32789018054318, -149.54649619472835 -0x1.652d9cec066e3p6 0.623948308727768,-149.57984245294978 -89.32789018054318, -149.61318871117118d -89.36123643876459)))	MG[G(4030ab7579191090 40666482e33766b2;4030ab7579906c78 406665668bfade2d;4030ab757a07c85f 4066664a34be55a8;4030b292bf34cc67 40666482e346522f;4030ab7579191090 40666482e33766b2),G(c056571e7f70a784 c062b39f3dee9836;c05654fc27188733 c062b28e11c2880e;c05652d9cec066e3 c062b17ce59677e5;c05654fc27188733 c062b28e11c2880e;c056571e7f70a784 c062b39f3dee9836)]
MULTIPOLYGON (((-0x1.04ab4bbad547p5 89.95973183294907, -32.58455803854936 89.96051606402494,-32.588012711321596 89.96311265725235 0.10962835697884477,-32.589007090884316 89.96314280309556, -0x1.04b394c7b7ce1p5 0x1.67d7a91b493p6, -32.58866301023625d 89.96039378465868, -32.588565957977046 89.95819741019594,-32.58775982354267 89.95761170205799 0.7391827962675144,-32.587393367381715d 89.95611183969675,-32.5849862248788 89.95537460346775, -32.58328249776852 89.95699570124317, -0x1.04a8cdc29cdcep5 89.95747445980703,-32.5843090059243 89.95853875629247,-32.582046593974354 89.95885393743386,-32.58364053691264 89.95973183294907)), ((-10.256330247643138 43.87390221007605,-6.054672592010679 43.68458732265837,-7.273382724551368 36.584036943468725,-15.858756553570968 35.41367999969339d, -20.4492334176194d 34.50260329703361,-21.483571065043975 38.38761579044264, -23.834515279670985 35.39152353353896,-22.658480783384103 37.96900229532627,-26.071991044714814 36.40017144165239d,-31.445869269264136 38.97923766265894,-25.282178929084083 49.31830950063797,-26.809542381401123d 52.020012746085044, -27.636305278869408 54.13271331680283, -24.66971428584405 0x1.be22dd1bdb1bcp5,-20.029230454111975 53.38249235916626,-16.958272267048994 +50.89330319315897, -15.464652069052523 53.770329853527485, -10.256330247643138d +43.87390221007605 0.49847968013035837)))	MG[G(40567d6c3f10dc92 c0404ab4bbad5470;40567d79185e9144 c0404ad2cc3d177a;40567da3a34550cd c0404b4400226118;40567da421b62b16 c0404b6495983ae9;40567d7a91b49300 c0404b394c7b7ce1;40567d77177e1901 c0404b594f3caa31;40567d531b3af9d2 c0404b56211a8671;40567d498297a6c8 c0404b3bb6c2025e;40567d30efb6b438 c0404b2fb4b36559;40567d24db8554ab c0404ae0d4203b83;40567d3f6ae5d021 c0404aa9003a1f5c;40567d4742f4e818 c0404a8cdc29cdce;40567d58b2f08e61 c0404acaa3339a00;40567d5ddce7bad5 c0404a8080b6ef1c;40567d6c3f10dc92 c0404ab4bbad5470),G(4045efdc071216e1 c024833db7dd34aa;4045d7a08eb10976 c01837fc178ab194;40424ac1b8f9ed4f c01d17f1a414f540;4041b4f3775ad8a1 c02fb7aef061a03f;404140554e09cf81 c0347300f614f215;4043319d64ebaea2 c0357bcb5035a7e0;4041b21d71721504 c037d5a2cb1a32fd;4042fc084468166f c036a8923255addf;40423338d15b5858 c03a126e014ea7ae;40437d57a8e410d9 c03f72247d09c7e8;4048a8be5d9f9f83 c039483ce0d80954;404a028fc714f81e c03acf3e2b64d802;404b10fcbffdb4b7 c03ba2e4e71b042a;404be22dd1bdb1bc c038ab72653b5d3c;404ab0f58276cb63 c034077ba5a4754a;40497257c25003dc c030f55154cfa3a3;404ae29a2b2c043a c02eede6e04132da;4045efdc071216e1 c024833db7dd34aa)]
MULTIPOLYGON (((31.832579774702676 89.37608198893663, 31.831389732524922 89.38292202557982,31.8264835007011d 89.38457648736329, 31.826832583114268 89.38551174349254, 31.821844516909348 89.38806164806462d,31.82081584153833 0x1.658e77e653022p6,+31.815632972833225 89.38811041614194,+31.802274497945472 89.37517405926421,31.805039711284575 89.36250101936872,31.808574835634683 89.35749401374721, 31.809442053593333 89.35649286540473,31.810691942449395 89.35660798683796, 31.811259156165136 89.35725463329842, 31.818763289450985 89.35564908367735, 31.82371922016567 89.35798307942986,31.83051476090689 0x1.6570021b7051ap6,31.83093834338939 89.3602168646853 0.7304159488915989,31.8312122760388 89.3630415029026,31.833609732489688d 89.36789123529786,31.834370553414267 0x1.657aaa03a0e9ap6,31.832579774702676 89.37608198893663), (31.8276327309049 +89.37227593527068,0x1.fd3fedab00f39p4 89.37383473199088,0x1.fd3b87eb10ec4p4 89.37458733112634,31.823579418608723 +89.37390995439658 0.3263420364270525, 31.8237948353781 89.37313496506533,31.822891411216194 89.37183226521128, 31.824354293399242 89.36934821577687,31.82484586610058d 89.36990490823003 +0.5786126221466776, 31.826323043480503 89.36941258792555,31.826512791648337 89.36966416574012,31.8276327309049d 89.37227593527068), (31.815927798203507 89.37718262299758,31.816531340952988 89.378444386916,0x1.fd0eba920e8dep4 89.37861010767146, 31.815927798203507 89.37718262299758), (31.816009087776695 89.36685331339136,31.81452112045578 89.36670432343868, 31.812214266827006 89.36484443563336, 31.81631664664965 89.36333567627372, 31.816009087776695 89.36685331339136)), ((+107.26506908626422 26.948335983558948, 109.42173161347476 27.026700584451582, 109.32203817148178 26.94081584364412,109.9069021234689 25.665599615205398, 108.9341182864219d 25.882637436991633, 107.1729841534411 26.99710743260181, 109.40112353593908 27.910806179642496,109.8843522029246 25.896985694054912, 107.26506908626422d 0x1.af2c625a30174p4)))	MG[G(40565811ba30c63d 403fd523f2b7a8b7;40565881cb623223 403fd4d5f51f6cbb;4056589ce6b3024c 403fd3946c3631e0;405658ac3972a190 403fd3ab4cd7be34;405658d60085d13e 403fd26466fa85c7;405658e77e653022 403fd220fcab7223;405658d6cd122443 403fd0cd528fdba3;40565802da0eb63b 403fcd61dc8b1733;405657333779bd24 403fce17151ff2d3;405656e12e9263d8 403fcefec2ab6b67;405656d0c7738aec 403fcf37982c30c1;405656d2aa4e3d88 403fcf8981d3f36c;405656dd4289971e 403fcfaeae184f50;405656c2f45fcfc8 403fd19a788f5b7c;405656e931dcab0c 403fd2df4347b2bc;4056570021b7051a 403fd49c9d88f0bb;4056570dcb0952a0 403fd4b86011d990;4056573c126d83ac 403fd4ca53e59ed1;4056578b87ae05b8 403fd567728aaba7;405657aaa03a0e9a 403fd5994effa8e2;40565811ba30c63d 403fd523f2b7a8b7|405657d35e71c4d3 403fd3dfbd1855f1;405657ece88300a0 403fd3fedab00f39;405657f93d242bbf 403fd3b87eb10ec4;405657ee2404720f 403fd2d619cc954a;405657e17179fcc8 403fd2e437e49009;405657cc198eab86 403fd2a902f35535;405657a366b2e63f 403fd308e20a7789;405657ac85a2de95 403fd3291943248e;405657a474b1f7be 403fd389e82fae11;405657a893e396d8 403fd39657a1daf3;405657d35e71c4d3 403fd3dfbd1855f1|40565823c2959939 403fd0e0a4e92e6d;405658386ece4a2d 403fd10832ad8d57;4056583b25e39893 403fd0eba920e8de;40565823c2959939 403fd0e0a4e92e6d|4056577a8651dc7d 403fd0e5f8b93d5d;4056577815691e24 403fd08474c64244;405657599c79cb10 403fcfed46315dda;40565740e447c434 403fd0fa20b48a67;4056577a8651dc7d 403fd0e5f8b93d5d),G(403af2c625a30174 405ad0f6e4542bde;403b06d5d97900ee 405b5afda697e40f;403af0d94ea00299 405b549c45fda4fc;4039aa64bc838991 405b7a0aaf343e33;4039e1f486ee1ab5 405b3bc89810b1c5;403aff426ec59f90 405acb122c20705f;403be92a98028f29 405b59ac020d20e9;4039e5a0dabcf21a 405b789939fb6d3b;403af2c625a30174 405ad0f6e4542bde)]
MULTIPOLYGON (((-178.75 34.75, -179.25 0x1.1ap5,-179.25 +35.75, -179.5 35.25,-179.5 35.5d,-180.0 36.0, -180.0 36.5,-180.0 +36.25,-180.0 35.5, -180.0 35.25, -180.0 34.75, -0x1.68p7 34.25d,-180.0 34.25, -180.0 34.0, -0x1.68p7 34.25, -180.0 33.75,-180.0 0x1.0ap5,-180.0 33.0d,-180.0 33.25, -179.75 33.0d,-179.75 32.75,-0x1.678p7 33.75, -179.25 33.75,-179.5 0x1.14p5,-178.5 34.0, -179.25 34.5,-178.0 +34.5,-179.0 34.5 0.32515103885913366,-178.0 34.5,-178.75 34.75)), ((-30.410000337034518 -90.0,-30.410000337034518 -80.65778144123273,-0x1.5115a2588ec2cp4 -80.65778144123273,-21.067781778267246 -90.0d, -30.410000337034518d -90.0)))	MG[G(4041600000000000 c066580000000000;4041a00000000000 c066680000000000;4041e00000000000 c066680000000000;4041a00000000000 c066700000000000;4041c00000000000 c066700000000000;4042000000000000 c066800000000000;4042400000000000 c066800000000000;4042200000000000 c066800000000000;4041c00000000000 c066800000000000;4041a00000000000 c066800000000000;4041600000000000 c066800000000000;4041200000000000 c066800000000000;4041200000000000 c066800000000000;4041000000000000 c066800000000000;4041200000000000 c066800000000000;4040e00000000000 c066800000000000;4040a00000000000 c066800000000000;4040800000000000 c066800000000000;4040a00000000000 c066800000000000;4040800000000000 c066780000000000;4040600000000000 c066780000000000;4040e00000000000 c066780000000000;4040e00000000000 c066680000000000;4041400000000000 c066700000000000;4041000000000000 c066500000000000;4041400000000000 c066680000000000;4041400000000000 c066400000000000;4041400000000000 c066600000000000;4041400000000000 c066400000000000;4041600000000000 c066580000000000),G(c056800000000000 c03e68f5c836e988;c0542a19175480a9 c03e68f5c836e988;c0542a19175480a9 c035115a2588ec2c;c056800000000000 c035115a2588ec2c;c056800000000000 c03e68f5c836e988)]
MULTIPOLYGON (((77.58869138343398 26.326041622609587,77.58334588412431 26.33541809050553, 77.57933529644113 +26.33338437242829, 77.57894743572838d 26.335928377415886,77.57878677848927 26.34457170662659,+77.57520947945493 26.340547689965206, 77.57020088960361 26.338311055291545, 77.56812966325606 26.337279207288667, 77.55933343859404 26.332031677892402,77.5536175522786 26.32852782924897d,77.55093155821417 26.322591638518908, 77.56008256372368d 26.32179811531058,77.55472109311937 26.318061032455756, 0x1.36459103c3e3ep6 26.305869963839775,77.57552800996139 26.31565486036611, 0x1.364df1cd8d7ap6 26.314580713639288,77.58171453991586 26.32314691674304,77.58869138343398 +26.326041622609587)), ((-44.60392627978875 -57.54088379072834d 0.8724339797554779, -41.988108590569354 -62.3512489183139d, -44.71762214975354 -61.96979320425891,-45.77295524274774 -63.82533954811308, -51.360416283897976 -64.94991809204845 0.7780127177631818,-52.65731126410912d -67.91396057138803, -47.369119177717955 -54.67206891576464,-46.79997684076143 -54.13926291068911,-44.65301145567222 -56.9084727338844,-44.60392627978875 -57.54088379072834)))	MG[G(403a537776ba3e32 405365ad1e9fd24d;403a55ddf5c13541 4053655589f9a47d;403a5558ada093b6 40536513d459e885;403a55ff66f2ccb1 4053650d798ba39d;403a5835d9f3168e 4053650ad7b33dfe;403a572e22272100 405364d03b6ba6eb;403a569b8da65a39 4053647e2bdf3fd9;403a5657ee1cecf6 4053645c3c84e4a0;403a5500072dc8ac 405363cc1e7a9485;403a541a665a7340 4053636e785061cd;403a52955d9966da 405363427670374f;403a52615c7d2c62 405363d864899032;403a516c72a4878b 405363808ce65657;403a4e4d7e738542 40536459103c3e3e;403a50cec1c6188c 405364d5736f2dd5;403a50885c950878 405364df1cd8d7a0;403a52b9c19f36ef 4053653acf9f22f7;403a537776ba3e32 405365ad1e9fd24d),G(c04cc53bae180eaf c0464d4d74d2719e;c04f2cf5b97c74f0 c044fe7a57a0b22e;c04efc222f081669 c0465bdb0ae809d0;c04fe9a4b9ef9edc c046e2f032886fc8;c0503ccb7540ce84 c049ae221eec24d2;c050fa7e547afc7c c04a5422c687520f;c04b56065aaeef04 c047af3f4c165001;c04b11d35df77a4e c0476665a420505a;c04c7448d5a4abad c0465395e11f0345;c04cc53bae180eaf c0464d4d74d2719e)]
MULTIPOLYGON (((82.35524722137423 -89.13640937688064,82.33445846596902d -89.13600063519834, 82.31832840540221 -89.13669075635535,82.30550592675462d -89.14404198557827, 82.3047388949492 -89.1521143872186, +82.28782114478045 -89.1810324466173, 0x1.492d86d60f96fp6 -89.18831389648479,+82.29679617000055 -0x1.64c6919078a09p6,0x1.492ea130c0c97p6 -89.20056054239218,82.29416400665764 -89.20264213454269d, 82.30115229022636 -89.2143349773191,+82.34231242596213 -0x1.64efd782d5ebbp6 0.46875321063350606, +82.3559900127841 -0x1.64ea0a225c711p6, 82.36226924714636 -89.22696015410898, 82.36438578703783 -89.22543665651702d,+82.39147407378185 -89.18333716244322,82.35524722137423 -89.13640937688064), (82.36954172451077 -89.18147312874868d,82.3695942607787 -89.18270900840743,0x1.497a5ea02ac27p6 -0x1.64bc2ea15ae84p6, 82.36894820581333 -89.18529910587134,82.36642315714997 -0x1.64bff6bfaaf86p6, 0x1.496e4ee179defp6 -89.17818194531135, 82.36954172451077 -89.18147312874868d), (82.3568788957665 -89.15450814996233,82.34882753790308 -89.15431550771079,82.34780585361868 -89.15479555062423, 82.34566857894342 -89.16162743538709, 82.35542712592218 -89.16661767840671, +82.3583966291526 -89.16615736696218, 82.3568788957665 -89.15450814996233), (+82.33641210809014 -89.15957045010357,82.33270168845186 -89.163790753363,82.32612023078151 -89.16699868040018,82.32577645400852 -89.16732195793533,82.32318256613968 -89.16252989690457,82.32263507119359 -89.16122310111312,82.32326750571914 -89.15745524213301, 82.3323336583825 -89.15565311607668,82.33295040130766 -89.15766932513036d,82.33641210809014 -89.15957045010357), (82.31762379025824 -89.1764200843193,82.32525166418142 -89.18586311986927,82.3211426465734 -89.18693406550527,82.32121453307592 -89.18791577506848,82.31904189194874 -89.18900650215946, 0x1.493b3bdf11ae3p6 -89.18598502191068d,82.30959335092605 -89.18084337122832,82.31195822132933 -89.17615788677048,82.31762379025824d -89.1764200843193), (+82.33474073371869 -89.20088371302481,82.32663929513024 -89.20743553415274d,82.32493173353261 -89.2071455744863 0x1.b35965f36bd5cp-2, 82.32396456407376 -89.20794184072422, 82.32374123474864 -89.201488180058,+82.32350715608753 -89.20011510847038 0.2165273310022202d, 82.32573071974556 -89.19497833874254, 82.32825858818694 -89.1975799316547d, 82.33465061977977 -89.1958860953173,82.33474073371869 -89.20088371302481), (82.35754304345366 -89.2000488895638, 82.34635200606527 -89.20467139594484,82.35489477051713 -89.20810516846936,82.35813135952736 -89.20845067100622,82.35754304345366d -0x1.64ccd99db91c5p6)), ((176.9854094754967 +39.38687296153706,180.0 39.051255183746186, 179.46364280781424d 44.31448656950798 0.9042019873090786,+180.0 40.45354768358097,176.40875668151594 +42.843135270862255, 175.92695855424094 45.141260096638725d, 179.13722477360045 47.18830699134477,180.0 41.484975442346126d 0.4553231658772363, 177.3910962655589d 43.08575302656046 0.17343119339102198, 180.0 +39.85261930488925, 177.86892883225516d 0x1.6f4dbef887dbdp5,180.0 41.264572110790056,0x1.627fdc9a92142p7 42.91646857807099,175.16555211695018 44.961773547785825, 176.9854094754967 +39.38687296153706)))	MG[G(c05648baee65247c 405496bc5ed77305;c05648b43c021a60 40549567c47b4d44;c05648bf8a960d8d 4054945f7e1aa5c8;c0564937fbe053d0 4054938d68bb094c;c05649bc3dfb96b8 40549380d790e810;c0564b96091d6f1d 4054926ba960fb7a;c0564c0d55bab235 405492d86d60f96f;c0564c6919078a09 405492feb55ceebf;c0564cd5fbe29c51 405492ea130c0c97;c0564cf816b729c2 405492d395451050;c0564db7aa0d7e5d 40549346144168d0;c0564efd782d5ebb 405495e87260a165;c0564ea0a225c711 405496c88a55a710;c0564e8683e1d92a 4054972f6b5a35c5;c0564e6d8ddec3da 4054975218c39d1a;c0564bbbcbcb3572 4054990de94607ff;c05648baee65247c 405496bc5ed77305|c0564b9d41784504 405497a6925551ff;c0564bb1811ff2d9 405497a76eafb55d;c0564bc2ea15ae84 405497a5ea02ac27;c0564bdbf0c7ec82 4054979cd8ef78b6;c0564bff6bfaaf86 405497737a1d1d32;c0564b67553ef665 405496e4ee179def;c0564b9d41784504 405497a6925551ff|c05649e37626c36f 405496d71a947cc8;c05649e04e26b88b 4054965330bccf3a;c05649e82b98dfd5 40549642737ba993;c0564a581a9947ee 4054961f6f1a7446;c0564aa9dd31ec4e 405496bf516a7c9c;c0564aa2528245e4 405496eff86a4d40;c05649e37626c36f 405496d71a947cc8|c0564a3666fa2695 40549587c6a68e70;c0564a7b8c364534 4054954afc05ce62;c0564ab01b3bb2d0 405494df27637151;c0564ab567284f09 405494d9857bf180;c0564a66e3cbf4f4 405494af05ee0d44;c0564a517ab2a8ff 405494a60d91d46c;c0564a13bf26e2e2 405494b06a313b16;c05649f6387cc478 40549544f4648739;c0564a174114c11b 4054954f0f33339d;c0564a3666fa2695 40549587c6a68e70|c0564b4a77772093 40549453f2bbe5ce;c0564be52e6d57bf 405494d0ec5b283e;c0564bf6ba4c769f 4054948d99e3188e;c0564c06cfe31495 4054948ec766a3e7;c0564c18aeba6066 4054946b2eaefe53;c0564be72db8a9be 405493b3bdf11ae3;c0564b92f01347f0 405493d060a15255;c0564b462bbaa726 405493f71f9d94fb;c0564b4a77772093 40549453f2bbe5ce|c0564cdb475c6f66 4054956c6465fd7e;c0564d469fb0cdb7 405494e7a8808b10;c0564d41df82fb82 405494cbae783d21;c0564d4eeb4b585b 405494bbd5ddf09f;c0564ce52eadf84d 405494b82d27e72c;c0564cceaf999436 405494b4575bdabf;c0564c7a866d14f8 405494d8c5a92706;c0564ca5264c3362 40549502304f3938;c0564c8965d54841 4054956aea6ee293;c0564cdb475c6f66 4054956c6465fd7e|c0564ccd99db91c5 405496e1fc37a2ee;c0564d19560e00a0 4054962aa19abd14;c0564d5198572d16 405496b6988e391f;c0564d57417bb343 405496eb9fcb35e4;c0564ccd99db91c5 405496e1fc37a2ee),G(4043b1850d9ec111 40661f887973cda9;4043868f87a4f85d 4066800000000000;40462841188d88b4 40666ed6297112cf;40443a0dd9ba1413 4066800000000000;40456bebdb473a8f 40660d1488e4643d;40469214cf93a585 4065fda9a4fc66cb;4047981a7188b78b 4066646425355a14;4044be13ace01eb0 4066800000000000;40458af9f4864e1b 40662c83dc50c539;4043ed22a11f3803 4066800000000000;4046f4dbef887dbd 40663bce43d6a2cc;4044a1dd7fb9a374 4066800000000000;4045754ed7a55032 406627fdc9a92142;40467b1b6546f2f2 4065e54c33f402b5;4043b1850d9ec111 40661f887973cda9)]
MULTIPOLYGON (((104.25 18.25, 103.25 +18.25, 103.25 19.5d 0.8401618318339704, 102.25 18.5 0.816026524029653,0x1.96p6 0x1.2cp4,101.75 18.25,101.0 +18.75,101.5 18.0, 101.0 17.75d, 100.25 17.5, 101.5 17.25, 102.0 16.25,+103.0 15.75,104.25 18.25d)), ((-129.49285226985938 90.0, -129.49285226985938 82.06846637757481, -121.56131864743419 82.06846637757481, -121.56131864743419d 90.0,-129.49285226985938 90.0)))	MG[G(4032400000000000 405a100000000000;4032400000000000 4059d00000000000;4033800000000000 4059d00000000000;4032800000000000 4059900000000000;4032c00000000000 4059600000000000;4032400000000000 4059700000000000;4032c00000000000 4059400000000000;4032000000000000 4059600000000000;4031c00000000000 4059400000000000;4031800000000000 4059100000000000;4031400000000000 4059600000000000;4030400000000000 4059800000000000;402f800000000000 4059c00000000000;4032400000000000 405a100000000000),G(4056800000000000 c0602fc5721f99c6;40548461c0cd23cd c0602fc5721f99c6;40548461c0cd23cd c05e63eca50c5759;4056800000000000 c05e63eca50c5759;4056800000000000 c0602fc5721f99c6)]
MULTIPOLYGON (((82.79122074181086 -78.07696027404543, 82.79589984618319 -78.07696026936632,82.80057895055553 -78.07696026468723,82.79122074648997 -78.0722811696731, 82.79122074181086 -0x1.384eceac90772p6)), ((107.40533236666141d -33.92745509900486d 0.31348605920469197, +107.45189614210022 -33.88089132356605,107.49845991753904 -33.834327548127234, 107.45189614210022 -33.88089132356605, 107.40533236666141 -33.92745509900486d)))	MG[G(c05384eceac90772 4054b2a35c527fa6;c05384eceac40143 4054b2f005e88fe3;c05384eceabefb15 4054b33caf7ea021;c05384a04132f735 4054b2a35c5785d5;c05384eceac90772 4054b2a35c527fa6),G(c040f6b6d9435dfe 405ad9f0f72ab48c;c040f0c10c0105ee 405adcebddcbe094;c040eacb3ebeadde 405adfe6c46d0c9c;c040f0c10c0105ee 405adcebddcbe094;c040f6b6d9435dfe 405ad9f0f72ab48c)]
MULTIPOLYGON (((0.0 0x0.0p0,10.0 0.0, 10.0 10.0,0.0 +10.0, 0x0.0p0 0.0), (0.0 0.0, 2.0 5.0,5.0 5.0d, 0.0 0.0 0x1.1970a99fa624p-5)), ((0.0 0.0, 0x1.4p3 0.0,10.0 0x1.4p3,0.0 10.0d,0.0 0.0), (2.0 2.0,5.0 5.0, 5.0 2.0, 2.0 2.0), (5.0 5.0,+5.0 8.0d,8.0 0x1.0p3 0.7050244494221005, +5.0 5.0)))	MG[G(0 0;0 4024000000000000;4024000000000000 4024000000000000;4024000000000000 0;0 0|0 0;4014000000000000 4000000000000000;4014000000000000 4014000000000000;0 0),G(0 0;0 4024000000000000;4024000000000000 4024000000000000;4024000000000000 0;0 0|4000000000000000 4000000000000000;4014000000000000 4014000000000000;4000000000000000 4014000000000000;4000000000000000 4000000000000000|4014000000000000 4014000000000000;4020000000000000 4014000000000000;4020000000000000 4020000000000000;4014000000000000 4014000000000000)]
MULTIPOLYGON (((0.0 0.0,1.0 0.0,1.0 1.0,0.0 1.0, +0.0 0.0), (5.0 5.0, 5.0 6.0, 6.0 6.0 0.3426970623564819, 5.0 0x1.4p2)), ((0.0 0.0d, 1.0 1.0 0.6477509841346503, 1.0d 0.0 0.22712810495643254,+0.0 1.0,0.0 0.0)))	MG[G(0 0;0 3ff0000000000000;3ff0000000000000 3ff0000000000000;3ff0000000000000 0;0 0|4014000000000000 4014000000000000;4018000000000000 4014000000000000;4018000000000000 4018000000000000;4014000000000000 4014000000000000),G(0 0;3ff0000000000000 3ff0000000000000;0 3ff0000000000000;3ff0000000000000 0;0 0)]
MULTIPOLYGON (((0.0 0.0d, +10.0 0.0, 10.0 10.0 0.813619491421034,0.0 10.0 0.6683241748841223,0.0 0.0), (0.0 0.0,4.0 1.0,4.0 2.0 0.7910989133348495,0x0.0p0 0.0), (0.0 0x0.0p0,2.0 4.0, 1.0 4.0, 0.0 +0.0), (0.0 0.0, 3.0 3.0 0.5059247587845501,2.0 2.0,0x0.0p0 0.0)), ((0.0 0.0, 10.0d 0.0,10.0 10.0 0.544336393007239,+0.0 10.0,0x0.0p0 0.0), (5.0 5.0, 7.0 0x1.4p2, 7.0 6.0,0x1.4p2 5.0), (5.0 5.0, 5.0 7.0,4.0 7.0, 5.0 0x1.4p2), (5.0 5.0, 3.0d 5.0,+3.0 4.0,5.0 +5.0), (5.0 5.0, 5.0 3.0, 6.0 +3.0, 5.0 5.0)))	MG[G(0 0;0 4024000000000000;4024000000000000 4024000000000000;4024000000000000 0;0 0|0 0;3ff0000000000000 4010000000000000;4000000000000000 4010000000000000;0 0|0 0;4010000000000000 4000000000000000;4010000000000000 3ff0000000000000;0 0|0 0;4008000000000000 4008000000000000;4000000000000000 4000000000000000;0 0),G(0 0;0 4024000000000000;4024000000000000 4024000000000000;4024000000000000 0;0 0|4014000000000000 4014000000000000;4014000000000000 401c000000000000;4018000000000000 401c000000000000;4014000000000000 4014000000000000|4014000000000000 4014000000000000;401c000000000000 4014000000000000;401c000000000000 4010000000000000;4014000000000000 4014000000000000|4014000000000000 4014000000000000;4014000000000000 4008000000000000;4010000000000000 4008000000000000;4014000000000000 4014000000000000|4014000000000000 4014000000000000;4008000000000000 4014000000000000;4008000000000000 4018000000000000;4014000000000000 4014000000000000)]
MULTIPOLYGON (((0.0 0.0,10.0 0.0, 10.0 +10.0,0.0 10.0, 0x0.0p0 0.0), (2.0 2.0,4.0 1.0,4.0d 2.5, 2.0 2.0), (2.0d 0x1.0p1, 4.0 3.0, 3.0 +4.0,2.0 2.0)), ((0.0 +0.0,0x1.4p3 0.0,10.0 10.0,0.0 10.0,0.0 0.0), (0.0 +5.0,3.0 4.0, 3.0 6.0 0.9556091907546915,0.0 5.0)))	MG[G(0 0;0 4024000000000000;4024000000000000 4024000000000000;4024000000000000 0;0 0|4000000000000000 4000000000000000;3ff0000000000000 4010000000000000;4004000000000000 4010000000000000;4000000000000000 4000000000000000|4000000000000000 4000000000000000;4008000000000000 4010000000000000;4010000000000000 4008000000000000;4000000000000000 4000000000000000),G(0 0;0 4024000000000000;4024000000000000 4024000000000000;4024000000000000 0;0 0|4014000000000000 0;4010000000000000 4008000000000000;4018000000000000 4008000000000000;4014000000000000 0)]
MULTIPOLYGON (((1.0 0.0 0.42267846415810195, 0.0d 5.0,1.0d 10.0,10.0 10.0, 10.0 +0.0,1.0 0.0), (3.0 5.0,0x1.4p2 4.0,5.0d 6.0,3.0 5.0)), ((0.0 0.0, 10.0 0.0,10.0 0x1.4p3,0.0 10.0, 0.0 0.0), (0x1.0p0 1.0, 2.0 0x1.0p1,3.0 3.0,0x1.0p0 1.0d)))	MG[G(0 3ff0000000000000;4014000000000000 0;4024000000000000 3ff0000000000000;4024000000000000 4024000000000000;0 4024000000000000;0 3ff0000000000000|4014000000000000 4008000000000000;4010000000000000 4014000000000000;4018000000000000 4014000000000000;4014000000000000 4008000000000000),G(0 0;0 4024000000000000;4024000000000000 4024000000000000;4024000000000000 0;0 0|3ff0000000000000 3ff0000000000000;4000000000000000 4000000000000000;4008000000000000 4008000000000000;3ff0000000000000 3ff0000000000000)]
MULTIPOLYGON (((0.0 0.0,10.0 0x0.0p0,10.0 10.0d,0.0 10.0, 0.0 0.0d), (53.0d +50.0, 52.96306502178541 50.46930339512069, 52.85316954888546 50.92705098312484, 52.6730195725651d 51.36197149921864, 52.42705098312484 +51.76335575687742,+52.121320343559645 52.121320343559645,51.76335575687742 52.42705098312484,51.36197149921864d 52.6730195725651, 50.92705098312484 +52.85316954888546, 50.46930339512069 52.96306502178541, 50.0 53.0,49.53069660487931 52.96306502178541d,49.07294901687516 52.85316954888546, 48.63802850078136d 52.6730195725651 0.817634166523584, 48.23664424312258 52.42705098312484, 47.878679656440355 52.121320343559645, 47.57294901687516 51.76335575687742, 47.3269804274349 51.36197149921864, 47.14683045111454 +50.92705098312484,47.03693497821459 0x1.93c122236f8fap5,47.0 50.0, 47.03693497821459 49.53069660487931d, 47.14683045111454 49.07294901687516, 47.3269804274349d 48.63802850078136,47.57294901687516 48.23664424312258,47.878679656440355 47.878679656440355, 48.23664424312258 47.57294901687516,0x1.851aaeafc62ccp5 47.3269804274349, 49.07294901687516 47.14683045111454,49.53069660487931 47.03693497821459, 50.0d 47.0, 50.46930339512069 +47.03693497821459,50.92705098312484 47.14683045111454, 51.36197149921864 47.3269804274349, 0x1.9e1b5a435803cp5 47.57294901687516, 52.121320343559645 47.878679656440355, 52.42705098312484 48.23664424312258,52.6730195725651 0x1.851aaeafc62ccp5, 52.85316954888546d 49.07294901687516, 52.96306502178541 49.53069660487931, 53.0 +50.0)), ((0.0 0.0,10.0 0.0, 10.0 5.0,10.0 10.0,10.0 0x1.4p2, 10.0 0x1.4p3, 0.0 10.0,0.0 0.0)))	MG[G(0 0;0 4024000000000000;4024000000000000 4024000000000000;4024000000000000 0;0 0|4049000000000000 404a800000000000;40493c122236f8fa 404a7b45b6f23eb4;404976a99b4b1f78 404a6d34a8e733fc;4049ae5515039d34 404a5625815ede15;4049e1b5a435803c 404a36a99b4b1f78;404a0f876ccdf6ce 404a0f876ccdf6ce;404a36a99b4b1f78 4049e1b5a435803c;404a5625815ede15 4049ae5515039d34;404a6d34a8e733fc 404976a99b4b1f78;404a7b45b6f23eb4 40493c122236f8fa;404a800000000000 4049000000000000;404a7b45b6f23eb4 4048c3edddc90706;404a6d34a8e733fc 4048895664b4e088;404a5625815ede15 404851aaeafc62cc;404a36a99b4b1f78 40481e4a5bca7fc4;404a0f876ccdf6ce 4047f07893320932;4049e1b5a435803c 4047c95664b4e088;4049ae5515039d34 4047a9da7ea121eb;404976a99b4b1f78 404792cb5718cc04;40493c122236f8fa 404784ba490dc14c;4049000000000000 4047800000000000;4048c3edddc90706 404784ba490dc14c;4048895664b4e088 404792cb5718cc04;404851aaeafc62cc 4047a9da7ea121eb;40481e4a5bca7fc4 4047c95664b4e088;4047f07893320932 4047f07893320932;4047c95664b4e088 40481e4a5bca7fc4;4047a9da7ea121eb 404851aaeafc62cc;404792cb5718cc04 4048895664b4e088;404784ba490dc14c 4048c3edddc90706;4047800000000000 4049000000000000;404784ba490dc14c 40493c122236f8fa;404792cb5718cc04 404976a99b4b1f78;4047a9da7ea121eb 4049ae5515039d34;4047c95664b4e088 4049e1b5a435803c;4047f07893320932 404a0f876ccdf6ce;40481e4a5bca7fc4 404a36a99b4b1f78;404851aaeafc62cc 404a5625815ede15;4048895664b4e088 404a6d34a8e733fc;4048c3edddc90706 404a7b45b6f23eb4;4049000000000000 404a800000000000),G(0 0;0 4024000000000000;4014000000000000 4024000000000000;4024000000000000 4024000000000000;4014000000000000 4024000000000000;4024000000000000 4024000000000000;4024000000000000 0;0 0)]
MULTIPOLYGON (((26.51454402962736 -86.86737826154896 0.17539660327614948, 26.09376343767987 -84.4712724352173, 9.181299289049523 -76.25355817827216, 7.214210164740096 -76.60563758407736,3.4897899309380236 -79.57433616804926,0.6857091029569009 -84.40820021900568,0.8782562408888506 -85.92640268234479, 2.8263168243244827 -90.0d,4.597102435947102d -90.0, +5.6391846906056 -90.0, 14.105011898137173 -90.0, 0x1.3c7433d62c76cp4 -90.0,22.566639414502674 -90.0 0.5790225742154205, 26.51454402962736 -86.86737826154896), (+19.979778286956353 -87.49341134820244, 18.46440296320393d -90.0,21.493435169262472 -90.0 0.60000489004985, 0x1.3fad2bff3cef6p4 -0x1.5df940d31004ep6), (8.141296141436479 -87.21810549623036d,8.142924166776647 -89.65496009215225,7.103439437222652 -0x1.68p6,6.5683028475352625 -90.0 0.9265165819082121,0x1.8af7564b81f4p2 -90.0, 4.731716690706579 -88.16473787815741, 8.141296141436479 -87.21810549623036), (15.3 -80.0,15.299075200119939 -79.97646227128165,15.296306502178542 -79.95306966048793, 15.291710976119303 -0x1.3fb8491c0c341p6,15.285316954888547 -79.90729490168752, 15.277163859753387 -79.88519497029047d, 15.26730195725651 -79.86380285007813, 15.255792049306228 -79.84325043058521,15.242705098312484 -79.82366442431226,15.22812178968001 -79.80516558550094,15.212132034355964 -79.78786796564404, 15.194834414499056 -79.77187821032, 15.176335575687743 -79.75729490168752, 0x1.e50417ac498ep3 -0x1.3efa11a6269cap6,15.136197149921864 -79.7326980427435,15.114805029709528 -79.72283614024661,15.092705098312484 -79.71468304511146,15.070033609156772 -79.7082890238807,15.04693033951207d -79.70369349782146, 15.023537728718354 -79.70092479988006, 15.0 -79.7,0x1.df3f2dce1dd77p3 -79.70092479988006,14.95306966048793 -0x1.3ed095073e344p6,14.929966390843228 -79.7082890238807, 14.907294901687516 -79.71468304511146,14.885194970290472 -79.72283614024661, 14.863802850078136 -0x1.3eee48654db4cp6, 14.843250430585215 -79.74420795069378, 14.823664424312257d -79.75729490168752, 14.805165585500944 -79.77187821032,14.787867965644036 -79.78786796564404,14.77187821031999 -79.80516558550094, 14.757294901687516 -79.82366442431226, 14.744207950693772 -79.84325043058521d,14.73269804274349d -79.86380285007813, 14.722836140246613 -79.88519497029047, 14.714683045111453 -79.90729490168752d,14.708289023880697 -79.92996639084323,14.703693497821458 -79.95306966048793d, 14.700924799880061d -79.97646227128165, 14.7 -80.0,14.700924799880061 -80.02353772871835, 14.703693497821458 -80.04693033951207, 14.708289023880697d -80.07003360915677,14.714683045111453 -80.09270509831248,+14.722836140246613 -80.11480502970953,14.73269804274349 -80.13619714992187, 14.744207950693772 -80.15674956941479,+14.757294901687516 -80.17633557568774, 0x1.d8b339eeba384p3 -80.19483441449906, 14.787867965644036 -80.21213203435596, 14.805165585500944 -80.22812178968, +14.823664424312257 -80.24270509831248,+14.843250430585215 -80.25579204930622,14.863802850078136 -80.2673019572565,0x1.dc538466ff66ap3 -80.27716385975339, +14.907294901687516 -0x1.41242a20b8f66p6,14.929966390843228 -80.2917109761193, 14.95306966048793 -80.29630650217854,14.976462271281646 -80.29907520011994, 15.0 -80.3 0x1.ef1667147dbcp-4, 15.023537728718354 -80.29907520011994 0.2891468635675033, 15.04693033951207 -80.29630650217854,15.070033609156772 -80.2917109761193, 15.092705098312484 -80.28531695488854, 15.114805029709526 -80.27716385975339, 15.136197149921864 -80.2673019572565,15.156749569414785 -80.25579204930622,15.176335575687743 -80.24270509831248, 15.194834414499056 -80.22812178968, 15.212132034355964d -80.21213203435596d,15.22812178968001 -80.19483441449906, 15.242705098312484 -80.17633557568774, 15.255792049306228 -80.15674956941479, 15.26730195725651 -80.13619714992187,15.277163859753387 -80.11480502970953,15.285316954888547 -80.09270509831248, +15.291710976119303 -80.07003360915677,15.296306502178542 -80.04693033951207,+15.299075200119939 -80.02353772871835, 15.3 -80.0d)), ((0.0 0.0, 10.0 0.0d,10.0 10.0,0.0 10.0d, 0.0 +0.0), (5.0 +5.0,7.0 5.0, 7.0 0x1.8p2,5.0 5.0), (5.0 5.0, 5.0 +7.0 0.8520442485493863d,4.0 7.0,5.0 5.0), (5.0d 5.0,3.0 5.0,0x1.8p1 4.0,5.0 5.0), (5.0 5.0, 5.0 3.0, 6.0 3.0, 5.0 5.0d), (2.5 8.0,2.498458666866564 8.039229547863922, +2.493844170297569 8.078217232520116,2.4861849601988384 8.116722681927953,2.475528258147577 8.154508497187473, 2.4619397662556435 8.191341716182546, 2.445503262094184 8.226995249869773,2.426320082177046 +8.261249282357975,2.4045084971874737 8.293892626146237, 2.3802029828000153 8.324724024165091, 2.353553390593274 8.353553390593273, 2.324724024165092 8.380202982800016,2.2938926261462367 8.404508497187473,2.2612492823579746 8.426320082177046,2.2269952498697734 8.445503262094183d,+2.191341716182545 8.461939766255643,2.1545084971874737 8.475528258147577, 2.1167226819279525 8.486184960198838, 2.0782172325201156 8.493844170297569 0.5494116416295397d,0x1.0505794c8e639p1 8.498458666866563,2.0d 8.5, 1.9607704521360776 8.498458666866563, 1.9217827674798846 8.493844170297569,1.8832773180720472 8.486184960198838,1.8454915028125263 8.475528258147577d,1.8086582838174552 8.461939766255643 0.14710595922195813d, 1.7730047501302266 8.445503262094183, 1.7387507176420256 0x1.0da46a035282ap3, 1.7061073738537635d 8.404508497187473, 1.6752759758349083 8.380202982800016, 1.6464466094067263d 8.353553390593273,1.6197970171999845 8.324724024165091d,1.5954915028125263 8.293892626146237, 1.573679917822954d 0x1.085c27747a975p3, 1.554496737905816 8.226995249869773, +1.5380602337443565 8.191341716182546,1.5244717418524232 8.154508497187473, 1.5138150398011616 8.116722681927953, 0x1.81936daf406e9p0 8.078217232520116d, +1.501541333133436 8.039229547863922, 1.5 8.0,1.501541333133436 7.960770452136078d, 1.5061558297024311 7.921782767479884d, 1.5138150398011616 7.8832773180720475, 1.5244717418524232 7.845491502812527 0.8362615764280538, 1.5380602337443565d 7.808658283817455,1.554496737905816 7.773004750130227,1.573679917822954 7.738750717642025 0.7619338801846749,1.5954915028125263d 7.706107373853763, 1.6197970171999843 7.675275975834908, 1.646446609406726 7.646446609406726, 1.675275975834908 7.619797017199985d 0.2643649649483504,1.7061073738537633 7.595491502812527d, 1.7387507176420258 7.573679917822954,1.7730047501302266 +7.554496737905816,+1.8086582838174552 0x1.e26f9430cd72cp2,1.8454915028125263 7.524471741852423 +0.36141502030099226, 1.883277318072047d 7.513815039801162,+1.9217827674798844 7.506155829702431,1.9607704521360771 7.501541333133436, 2.0 7.5,2.0392295478639224 7.501541333133436,2.078217232520115 7.506155829702431,+2.116722681927953 7.513815039801162, 0x1.13c6ef372fe95p1 7.524471741852423, 2.191341716182545 7.538060233744357,2.2269952498697734 7.554496737905816, 2.261249282357974 7.573679917822954,2.2938926261462367 7.595491502812526,2.324724024165092d 7.619797017199985, 2.3535533905932735 7.646446609406726, 2.3802029828000153 7.675275975834908, 2.4045084971874737 7.706107373853763, 2.426320082177046 7.738750717642025d, 2.445503262094184 7.773004750130227 0.6913459296239048,2.461939766255643 7.808658283817455d, 2.475528258147577 7.845491502812526d, 2.4861849601988384 7.8832773180720475,2.4938441702975687 7.921782767479884,2.498458666866564 7.960770452136078, 2.5 8.0 0.5151471243279603)))	MG[G(c055b783201ca74e 403a83b928539a00;c0551e2953dc30ef 403a1800e1726544;c053103a4c14d3fc 40225cd342aa82f2;c05326c2c42435ce 401cdb59e8d01e31;c053e4c1ec7cab9e 400beb16fbba4fb0;c0551a1ff3cfb65d 3fe5f15437789ed0;c0557b4a2e79e63e 3fec1aacd5040430;c056800000000000 40069c4bfec4dda8;c056800000000000 4012636ed22b04da;c056800000000000 40168e866e79050c;c056800000000000 402c35c41e98614d;c056800000000000 4033c7433d62c76c;c056800000000000 4036910f47d9e9e0;c055b783201ca74e 403a83b928539a00|c055df940d31004e 4033fad2bff3cef6;c056800000000000 403276e31cd3205a;c056800000000000 40357e51c46aadb5;c055df940d31004e 4033fad2bff3cef6|c055cdf570c158c9 40204857f7c50a95;c05669eaddbbfea9 4020492d5b3c3a3d;c056800000000000 401c69ec071ff3a5;c056800000000000 401a45f12e818cee;c056800000000000 4018af7564b81f40;c0560a8b10bdc64e 4012ed4723e216a2;c055cdf570c158c9 40204857f7c50a95|c054000000000000 402e99999999999a;c053fe7e5b9c3baf 402e992062771e9d;c053fcff17e3a6c0 402e97b57c60e5e2;c053fb8491c0c341 402e955b241ca21f;c053fa111ea2a4d4 402e9215105c7b32;c053f8a708cdfecd 402e8de86be28c40;c053f7488bbfd1bd 402e88dbcd5925a2;c053f5f7d0a76ce4 402e82f72cecb1b3;c053f4b6eafd5330 402e7c43d7b7a630;c053f387d53c65d7 402e74cc61145c7c;c053f26c6dc28076 402e6c9c91ebfc52;c053f16673dd7471 402e63c1561cd148;c053f07785090b3a 402e5a48a815667f;c053efa11a6269ca 402e50417ac498e0;c053eee48654db4c 402e45bba2017215;c053ee42f283ae78 402e3ac7b9900997;c053edbd5df4709a 402e2f770aead963;c053ed549b7c6bbc 402e23db71f9e5fb;c053ed095073e344 402e180740e2c9fe;c053ecdbf3b11c2c 402e0c0d231e2289;c053eccccccccccd 402e000000000000;c053ecdbf3b11c2c 402df3f2dce1dd77;c053ed095073e344 402de7f8bf1d3602;c053ed549b7c6bbc 402ddc248e061a05;c053edbd5df4709a 402dd088f515269d;c053ee42f283ae78 402dc538466ff669;c053eee48654db4c 402dba445dfe8deb;c053efa11a6269ca 402dafbe853b6720;c053f07785090b3a 402da5b757ea9981;c053f16673dd7471 402d9c3ea9e32eb8;c053f26c6dc28076 402d93636e1403ae;c053f387d53c65d7 402d8b339eeba384;c053f4b6eafd5330 402d83bc284859d0;c053f5f7d0a76ce4 402d7d08d3134e4d;c053f7488bbfd1bd 402d772432a6da5e;c053f8a708cdfecd 402d7217941d73c0;c053fa111ea2a4d4 402d6deaefa384ce;c053fb8491c0c341 402d6aa4dbe35de1;c053fcff17e3a6c0 402d684a839f1a1e;c053fe7e5b9c3baf 402d66df9d88e163;c054000000000000 402d666666666666;c0540181a463c451 402d66df9d88e163;c0540300e81c5940 402d684a839f1a1e;c054047b6e3f3cbf 402d6aa4dbe35de1;c05405eee15d5b2c 402d6deaefa384ce;c0540758f7320133 402d7217941d73c0;c05408b774402e43 402d772432a6da5e;c0540a082f58931c 402d7d08d3134e4d;c0540b491502acd0 402d83bc284859d0;c0540c782ac39a29 402d8b339eeba384;c0540d93923d7f8a 402d93636e1403ae;c0540e998c228b8f 402d9c3ea9e32eb8;c0540f887af6f4c6 402da5b757ea9981;c054105ee59d9636 402dafbe853b6720;c054111b79ab24b4 402dba445dfe8deb;c05411bd0d7c5188 402dc538466ff66a;c0541242a20b8f66 402dd088f515269d;c05412ab64839444 402ddc248e061a05;c05412f6af8c1cbc 402de7f8bf1d3602;c05413240c4ee3d4 402df3f2dce1dd77;c054133333333333 402e000000000000;c05413240c4ee3d4 402e0c0d231e2289;c05412f6af8c1cbc 402e180740e2c9fe;c05412ab64839444 402e23db71f9e5fb;c0541242a20b8f66 402e2f770aead963;c05411bd0d7c5188 402e3ac7b9900996;c054111b79ab24b4 402e45bba2017215;c054105ee59d9636 402e50417ac498e0;c0540f887af6f4c6 402e5a48a815667f;c0540e998c228b8f 402e63c1561cd148;c0540d93923d7f8a 402e6c9c91ebfc52;c0540c782ac39a29 402e74cc61145c7c;c0540b491502acd0 402e7c43d7b7a630;c0540a082f58931c 402e82f72cecb1b3;c05408b774402e43 402e88dbcd5925a2;c0540758f7320133 402e8de86be28c40;c05405eee15d5b2c 402e9215105c7b32;c054047b6e3f3cbf 402e955b241ca21f;c0540300e81c5940 402e97b57c60e5e2;c0540181a463c451 402e992062771e9d;c054000000000000 402e99999999999a),G(0 0;0 4024000000000000;4024000000000000 4024000000000000;4024000000000000 0;0 0|4014000000000000 4014000000000000;4014000000000000 401c000000000000;4018000000000000 401c000000000000;4014000000000000 4014000000000000|4014000000000000 4014000000000000;401c000000000000 4014000000000000;401c000000000000 4010000000000000;4014000000000000 4014000000000000|4014000000000000 4014000000000000;4014000000000000 4008000000000000;4010000000000000 4008000000000000;4014000000000000 4014000000000000|4014000000000000 4014000000000000;4008000000000000 4014000000000000;4008000000000000 4018000000000000;4014000000000000 4014000000000000|4020000000000000 4004000000000000;40201415e532398e 4003fcd7e5c4cc16;4020280c16cf50a7 4003f3649285fc8c;40203bc3134b29f8 4003e3b4f0bee37a;40204f1bbcdcbfa5 4003cde1c2688aa0;402061f78a9abaa6 4003b20d79e651a9;40207438b8ad1378 4003906403a7a58e;402085c27747a975 4003691a80d4a0a8;402096791823aad3 40033c6ef372fe95;4020a6423a300777 40030aa7dc87bde2;4020b504f333f9de 4002d413cccfe77a;4020c2a9f721ef79 40029908e8c01dde;4020cf1bbcdcbfa5 400259e4608eab4c;4020da46a035282a 40021709dd1ea5d4;4020e41900e9e963 4001d0e2e2b44de0;4020ec835e79946a 400187de2a6aea96;4020f378709a22a8 40013c6ef372fe95;4020f8ed3c2fb8de 4000ef0c4d2ca7de;4020fcd924a17f23 4000a0305b3d429c;4020ff35f9713305 4000505794c8e639;4021000000000000 4000000000000000;4020ff35f9713305 3fff5f50d66e338e;4020fcd924a17f23 3ffebf9f49857ac9;4020f8ed3c2fb8de 3ffe21e765a6b043;4020f378709a22a8 3ffd8722191a02d6;4020ec835e79946a 3ffcf043ab2a2ad4;4020e41900e9e963 3ffc5e3a3a976440;4020da46a035282a 3ffbd1ec45c2b459;4020cf1bbcdcbfa5 3ffb4c373ee2a969;4020c2a9f721ef79 3ffacdee2e7fc445;4020b504f333f9de 3ffa57d86660310d;4020a6423a300777 3ff9eab046f0843b;402096791823aad3 3ff98722191a02d6;402085c27747a975 3ff92dcafe56beb0;40207438b8ad1378 3ff8df37f8b0b4e5;402061f78a9abaa6 3ff89be50c335cae;40204f1bbcdcbfa5 3ff8643c7b2eeac0;40203bc3134b29f8 3ff838961e82390c;4020280c16cf50a7 3ff81936daf406e9;40201415e532398e 3ff80650347667d4;4020000000000000 3ff8000000000000;401fd7d4359b8ce4 3ff80650347667d4;401fafe7d2615eb2 3ff81936daf406e9;401f8879d969ac11 3ff838961e82390c;401f61c8864680b6 3ff8643c7b2eeac0;401f3c10eaca8ab5 3ff89be50c335cae;401f178e8ea5d910 3ff8df37f8b0b4e5;401ef47b1170ad16 3ff92dcafe56beb0;401ed30dcfb8aa5a 3ff98722191a02d6;401eb37b8b9ff111 3ff9eab046f0843a;401e95f619980c43 3ffa57d86660310c;401e7aac11bc210f 3ffacdee2e7fc444;401e61c8864680b6 3ffb4c373ee2a968;401e4b72bf95afac 3ffbd1ec45c2b45a;401e37cdfe2c2d39 3ffc5e3a3a976440;401e26f9430cd72c 3ffcf043ab2a2ad4;401e190f1ecbbab0 3ffd8722191a02d6;401e0e2587a08e43 3ffe21e765a6b042;401e064db6bd01ba 3ffebf9f49857ac8;401e01940d1d99f5 3fff5f50d66e338c;401e000000000000 4000000000000000;401e01940d1d99f5 4000505794c8e639;401e064db6bd01ba 4000a0305b3d429b;401e0e2587a08e43 4000ef0c4d2ca7df;401e190f1ecbbab0 40013c6ef372fe95;401e26f9430cd72c 400187de2a6aea96;401e37cdfe2c2d39 4001d0e2e2b44de0;401e4b72bf95afac 40021709dd1ea5d3;401e61c8864680b5 400259e4608eab4c;401e7aac11bc210f 40029908e8c01dde;401e95f619980c43 4002d413cccfe779;401eb37b8b9ff111 40030aa7dc87bde2;401ed30dcfb8aa5a 40033c6ef372fe95;401ef47b1170ad16 4003691a80d4a0a8;401f178e8ea5d910 4003906403a7a58e;401f3c10eaca8ab5 4003b20d79e651a8;401f61c8864680b5 4003cde1c2688aa0;401f8879d969ac11 4003e3b4f0bee37a;401fafe7d2615eb2 4003f3649285fc8b;401fd7d4359b8ce4 4003fcd7e5c4cc16;4020000000000000 4004000000000000)]
LINESTRING (0x1.bf82ed6a51736p6 76.32872934770434, 111.1683782318034 76.3177060006164d, 112.12639506850728 75.91569467610356,111.07871012954634d 76.65946794441415,111.49675322031278 75.47935441115415)	L(40531509e6d16809 405bf82ed6a51736;405314554b8c98fc 405bcac6b57dbd0d;4052fa9abdd7bf1c 405c0816db576753;40532a34b9098139 405bc509963610fd;4052deadbe1fc66d 405bdfcace04db45)
MULTIPOINT (111.8778587925161 76.32872934770434, 111.1683782318034 76.3177060006164,112.12639506850728 75.91569467610356d, 111.07871012954634 76.65946794441415, 111.49675322031278 75.47935441115415)	MP[P(405bf82ed6a51736,40531509e6d16809),P(405bcac6b57dbd0d,405314554b8c98fc),P(405c0816db576753,4052fa9abdd7bf1c),P(405bc509963610fd,40532a34b9098139),P(405bdfcace04db45,4052deadbe1fc66d)]
LINESTRING (-167.0616893998459 -20.65618131906744, -167.67312512135223 -21.00991387112311,-168.02860305108373 -20.34971195915195,-167.1740942329563 -21.01237465623727, -168.55885794182356d -21.504814042953857,-168.46178303586407 -21.266696511281655,-167.21003793333517 -20.37917940482328)	L(c034a7fb7fb9a40b c064e1f95c0c5b23;c0350289b7284022 c064f58a3db1ca5d;c0345986b91393e5 c06500ea50f21f0e;c035032afc47d69c c064e5922e119f06;c035813b7e3d0c61 c06511e22a0ce7bf;c035444638f9e979 c0650ec6ed379c48;c0346111e6c70861 c064e6b8a178d302)
MULTIPOINT (-167.0616893998459d -0x1.4a7fb7fb9a40bp4,-167.67312512135223 -21.00991387112311, -168.02860305108373 -20.34971195915195,-167.1740942329563 -21.01237465623727, -168.55885794182356 -21.504814042953857, -168.46178303586407d -21.266696511281655,-167.21003793333517 -20.37917940482328)	MP[P(c064e1f95c0c5b23,c034a7fb7fb9a40b),P(c064f58a3db1ca5d,c0350289b7284022),P(c06500ea50f21f0e,c0345986b91393e5),P(c064e5922e119f06,c035032afc47d69c),P(c06511e22a0ce7bf,c035813b7e3d0c61),P(c0650ec6ed379c48,c035444638f9e979),P(c064e6b8a178d302,c0346111e6c70861)]
LINESTRING (51.57646637361685 -74.76094410276842, 51.57379997323809 -74.7640441359531,51.5473764402513 -74.77749942017596, 51.558063575189614 -74.76370696791238,51.57414327072795 -74.75384069649674d, 51.569606360959156d -74.77911631179042d, +51.56455950215812 -74.75760106297254, 51.56346470118121 -74.77923037124417)	L(c052b0b34ee4de5d 4049c9c9a66ef6cc;c052b0e6196027a0 4049c972470bc06b;c052b1c28ced9424 4049c6106e62bd78;c052b0e09330ba4e 4049c76ea092439d;c052b03eed0c763b 4049c97d86d57f5d;c052b1dd0aa9bae1 4049c8e8dc79f4e2;c052b07c892b3871 4049c8437c5b3524;c052b1dee91022cb 4049c81f9c800309)
MULTIPOINT (+51.57646637361685 -74.76094410276842,51.57379997323809 -74.7640441359531 0.913895000479766, +51.5473764402513 -74.77749942017596,51.558063575189614 -74.76370696791238, 51.57414327072795d -74.75384069649674, 51.569606360959156 -74.77911631179042,0x1.9c8437c5b3524p5 -0x1.2b07c892b3871p6, 51.56346470118121 -74.77923037124417)	MP[P(4049c9c9a66ef6cc,c052b0b34ee4de5d),P(4049c972470bc06b,c052b0e6196027a0),P(4049c6106e62bd78,c052b1c28ced9424),P(4049c76ea092439d,c052b0e09330ba4e),P(4049c97d86d57f5d,c052b03eed0c763b),P(4049c8e8dc79f4e2,c052b1dd0aa9bae1),P(4049c8437c5b3524,c052b07c892b3871),P(4049c81f9c800309,c052b1dee91022cb)]
LINESTRING (179.27044174883957 1.8713082878675549,179.27130900133645 1.872071423739301d, 179.26976471426096 1.8709852404283798d, 179.27075562438472 1.8716291417434254,179.2708418496598 1.8709235410827494,179.2698423842171 1.8706094330224474,+179.27115935601805 1.8712418005682456 0.059662470830811776,179.27148361959516 1.8708449063591508)	L(3ffdf0e0f591ff99 406668a7757457a6;3ffdf4012a4bc886 406668ae9036fb37;3ffdef8e382f0475 406668a1e99c2bb3;3ffdf231662074fc 406668aa07b2fe18;3ffdef4d85e4454f 406668aabc86d5aa;3ffdee042826ba6d 406668a28c7ee930;3ffdf09b3e05948f 406668ad5662c343;3ffdeefb118b3636 406668affe6a71f3)
MULTIPOINT (179.27044174883957 1.8713082878675549,0x1.668ae9036fb37p7 1.872071423739301, 179.26976471426096 1.8709852404283798d,0x1.668aa07b2fe18p7 1.8716291417434254, 179.2708418496598 1.8709235410827494,179.2698423842171 1.8706094330224474, 0x1.668ad5662c343p7 1.8712418005682456, 179.27148361959516 +1.8708449063591508 0.9598704493073295)	MP[P(406668a7757457a6,3ffdf0e0f591ff99),P(406668ae9036fb37,3ffdf4012a4bc886),P(406668a1e99c2bb3,3ffdef8e382f0475),P(406668aa07b2fe18,3ffdf231662074fc),P(406668aabc86d5aa,3ffdef4d85e4454f),P(406668a28c7ee930,3ffdee042826ba6d),P(406668ad5662c343,3ffdf09b3e05948f),P(406668affe6a71f3,3ffdeefb118b3636)]
LINESTRING (83.96079599733383d -89.80090470404042d, 83.96392348290064 -89.82970763393419)	L(c056734205cdc43c 4054fd7dae7eab4c;c0567519ee0c3f4a 4054fdb0ec1eb9e6)
MULTIPOINT (83.96079599733383 -89.80090470404042,83.96392348290064d -0x1.67519ee0c3f4ap6)	MP[P(4054fd7dae7eab4c,c056734205cdc43c),P(4054fdb0ec1eb9e6,c0567519ee0c3f4a)]
LINESTRING (-41.5388039924412 -79.28594698659198,-41.53936345514819 -79.28524640026912,-41.53819952251871 -79.2840177650554d,-41.537381194904405 -79.28505806393291, -0x1.4c530da0f5c6cp5 -0x1.3d22a1cec29e4p6,-41.53973355858293 -79.28516650113231)	L(c053d24cf496f359 c044c4f7877b3e9e;c053d2417a1e1d49 c044c509dc984270;c053d22d58d91957 c044c4e3b8d1f868;c053d23e642d8363 c044c4c8e830ccc7;c053d22a1cec29e4 c044c530da0f5c6c;c053d2402aff11cb c044c515fd3f556d)
MULTIPOINT (-41.5388039924412d -79.28594698659198,-41.53936345514819 -79.28524640026912, -41.53819952251871 -79.2840177650554,-41.537381194904405 -79.28505806393291d,-41.540553338528156 -79.28382037222724d,-41.53973355858293 -79.28516650113231)	MP[P(c044c4f7877b3e9e,c053d24cf496f359),P(c044c509dc984270,c053d2417a1e1d49),P(c044c4e3b8d1f868,c053d22d58d91957),P(c044c4c8e830ccc7,c053d23e642d8363),P(c044c530da0f5c6c,c053d22a1cec29e4),P(c044c515fd3f556d,c053d2402aff11cb)]
LINESTRING (95.27509741259999 36.45413324984079, 0x1.7b0a3672ff422p6 37.695959090493396,95.13770105279686 37.68304558386382 0.5654145237296692d, 95.57056760881159 +37.17041583248759,95.78580198065157d +36.410916253115985 0.5255599208458949,95.59662543236604 36.97484948579408,0x1.7e4587b60b81bp6 36.88899584147819)	L(40423a2109d00bd3 4057d19b322d9532;4042d9152ffe82f3 4057b0a3672ff422;4042d76e09a62fa9 4057c8d0181398c9;404295d02f9da09e 4057e4842e01002c;40423498e75e4396 4057f24a946401f4;40427cc7de320106 4057e62f1c6ffe56;404271ca9da0b6e4 4057e4587b60b81b)
MULTIPOINT (95.27509741259999 36.45413324984079, 94.75997333224271 37.695959090493396, 95.13770105279686 37.68304558386382, 95.57056760881159 0x1.295d02f9da09ep5, 95.78580198065157 0x1.23498e75e4396p5,95.59662543236604 36.97484948579408, 95.56790050931197 36.88899584147819)	MP[P(4057d19b322d9532,40423a2109d00bd3),P(4057b0a3672ff422,4042d9152ffe82f3),P(4057c8d0181398c9,4042d76e09a62fa9),P(4057e4842e01002c,404295d02f9da09e),P(4057f24a946401f4,40423498e75e4396),P(4057e62f1c6ffe56,40427cc7de320106),P(4057e4587b60b81b,404271ca9da0b6e4)]
LINESTRING (-20.420906322650065d -0x1.36288034b4b9ap6, -20.421728516261602 -77.54014208479963,-20.42147660647794d -77.54006425098468)	L(c0536288034b4b9a c0346bc0844a762f;c0536291b01b5a17 c0346bf66669225a;c053629069a5edf3 c0346be5e410da10)
MULTIPOINT (-20.420906322650065 -77.53955156662997, -20.421728516261602 -77.54014208479963, -20.42147660647794 -77.54006425098468)	MP[P(c0346bc0844a762f,c0536288034b4b9a),P(c0346bf66669225a,c0536291b01b5a17),P(c0346be5e410da10,c053629069a5edf3)]
LINESTRING (-179.55318042189788 0x1.021710dd34e8bp1,-179.54049965230857d +2.017508959313522,-179.55145593549284 2.0054275211420434, -0x1.6723cc8cb29dap7 0x1.009a8c9948896p1, -179.54716160691657 +1.999723244849577, -179.54874185333045 2.0201978496445294 0.7499355284804257,-179.5603776414927 2.0022435414103974,-179.54172943044918 2.0132797629669845)	L(400021710dd34e8b c06671b3a76d9ad8;400023dbbcbd1bcb c066714bc5ed4545;40000b1d958e6d6a c06671a586eb040f;400009a8c9948896 c066723cc8cb29da;3ffffeddcd1ae102 c0667182590eeaac;4000295d7d7d61da c066718f4b134006;400004984307e108 c06671ee9d1773dd;40001b326b9d2278 c0667155d8f561eb)
MULTIPOINT (-179.55318042189788 2.016328914652893,-179.54049965230857 2.017508959313522,-179.55145593549284 2.0054275211420434, -179.56991996460312 2.0047164677099074, -0x1.67182590eeaacp7 1.999723244849577,-179.54874185333045 2.0201978496445294,-179.5603776414927d 2.0022435414103974,-179.54172943044918 2.0132797629669845)	MP[P(c06671b3a76d9ad8,400021710dd34e8b),P(c066714bc5ed4545,400023dbbcbd1bcb),P(c06671a586eb040f,40000b1d958e6d6a),P(c066723cc8cb29da,400009a8c9948896),P(c0667182590eeaac,3ffffeddcd1ae102),P(c066718f4b134006,4000295d7d7d61da),P(c06671ee9d1773dd,400004984307e108),P(c0667155d8f561eb,40001b326b9d2278)]
LINESTRING (171.16255637176755 -19.98616733024151, 180.0 -24.498142475497815d)	L(c033fc75764fc55b 40656533a96b8ff0;c0387f8643e902f8 4066800000000000)
MULTIPOINT (171.16255637176755 -19.98616733024151,180.0 -0x1.87f8643e902f8p4)	MP[P(40656533a96b8ff0,c033fc75764fc55b),P(4066800000000000,c0387f8643e902f8)]
LINESTRING (0x1.67556621079ddp7 -59.52128932334568,179.51976736641987 -59.47562090503718,179.580867596031 -59.52912267453369,0x1.6724d8d99271dp7 -59.52265366785843,179.62514664138442d -59.459946300214625,+179.59873448160153 -59.46142134181523,179.51488555268497 -59.54353558854392,179.48235405178121d -59.56264343790977)	L(c04dc2b99bc9c307 40667556621079dd;c04dbce1255436dd 406670a1ef2c09a5;c04dc3ba4ab358dd 4066729677a4084c;c04dc2e650bd4b0f 4066724d8d99271d;c04dbadf8536ab44 4066740133877e69;c04dbb0fdac262ed 40667328d5372eea;c04dc59292fc810e 40667079f1443ee0;c04dc804b33e90d4 40666f6f71c3afca)
MULTIPOINT (179.6667948076055 -59.52128932334568, +179.51976736641987 -59.47562090503718d,179.580867596031 -59.52912267453369, 179.5719669333711 -59.52265366785843, 179.62514664138442 -59.459946300214625, 179.59873448160153d -59.46142134181523,179.51488555268497 -59.54353558854392, 179.48235405178121 -59.56264343790977)	MP[P(40667556621079dd,c04dc2b99bc9c307),P(406670a1ef2c09a5,c04dbce1255436dd),P(4066729677a4084c,c04dc3ba4ab358dd),P(4066724d8d99271d,c04dc2e650bd4b0f),P(4066740133877e69,c04dbadf8536ab44),P(40667328d5372eea,c04dbb0fdac262ed),P(40667079f1443ee0,c04dc59292fc810e),P(40666f6f71c3afca,c04dc804b33e90d4)]
LINESTRING (-83.47887733018968 +3.372185941752, -83.4629340731482 0x1.abae4950f7d5p1, -83.49575173777117d 3.334358896825058d, -83.46881084847129 3.3129673756025433,-83.54081509795216 3.322716422596655,-83.55272405529637 3.305961236835676,-83.53389962690159 3.301249353387732,-83.51417624922802 0x1.afada892ee262p1, -83.53695465139066 3.312026491181279, -83.5125868971975 3.35012033733593, -83.52864683940147 3.3022718781935443, -83.49041394982333 3.3262681009839383,-83.49578355907305 3.382090555853041, -83.55471163378563 3.3857666360044383d, -83.50642730711249 3.356652429078415, -83.54428527234559 3.300847579084176,-83.53739325038799 +3.310773204408573 0.7769667362566449, -83.52807675259261d 3.382379561602476,-83.54106461954721 0x1.adc95dc7fd077p1,-83.53252890079361 3.383759936337959,-83.5637210315992 +3.3287022028782585,-83.53358617528475 0x1.b0c20015fd1ccp1,-83.54873162968786 3.3336551898133497d,-83.50464196294911 3.3024468053688354,-83.54667424876993 3.3240219578028425,-83.50073146600725 3.330758317859091, -0x1.4e2b710e07bafp6 3.320738362602611, -83.50271511565481 3.3026215332573314, -83.5226189177985 0x1.abf50f6f5357p1,-83.47988993202047 3.2990759030266106)	L(400afa3c9f7ed8ae c054dea5ed19fd78;400abae4950f7d50 c054dda0b63c180a;400aacc45b77ec0f c054dfba657f2a64;400a80f50a176c48 c054de00ff378c6e;400a94ec59077a5d c054e29cb6edb8ce;400a729bce106c6b c054e35fd4b74d77;400a68f56bc5ee80 c054e22b695738e4;400afada892ee262 c054e0e8437fb41d;400a7f07beb8dfb2 c054e25d770aca1c;400acd0be4342daf c054e0ce3945f491;400a6b0d84babbf1 c054e1d5598d973d;400a9c32733ba1e0 c054df62f130ff94;400b0e857e4bfe83 c054dfbaeaf7073f;400b160cd16c374b c054e3806539747b;400ada6c96b7722e c054e0694e14765e;400a6822c689fa7d c054e2d591e51acd;400a7c76a96b4378 c054e264a6a8e07c;400b0f1d03fdee7e c054e1cc026f8a71;400adc95dc7fd077 c054e2a0cd7f7e97;400b11f0bac0b14f c054e214f4194556;400aa12e9edbe1d9 c054e4140160b24d;400b0c20015fd1cc c054e22646a11c87;400aab5369831cb1 c054e31e6b44f292;400a6b693b0eb5ea c054e04c0dcdc390;400a9798d2ff97c2 c054e2fcb5fd0210;400aa5649df0ad9b c054e00bfbfda513;400a90df464f9b3f c054e2b710e07baf;400a6bc4d6a33eb3 c054e02c7c053c4e;400abf50f6f53570 c054e172969e0dca;400a6481e8342aed c054deb68442ed49)
MULTIPOINT (-0x1.4dea5ed19fd78p6 3.372185941752, -83.4629340731482 0x1.abae4950f7d5p1 0.6474538615853965, -83.49575173777117 3.334358896825058, -83.46881084847129 3.3129673756025433, -83.54081509795216 3.322716422596655,-83.55272405529637 3.305961236835676,-83.53389962690159 3.301249353387732,-83.51417624922802 3.372487136596008, -83.53695465139066 3.312026491181279,-83.5125868971975 3.35012033733593,-83.52864683940147 3.3022718781935443d, -83.49041394982333 3.3262681009839383,-0x1.4dfbaeaf7073fp6 +3.382090555853041, -0x1.4e3806539747bp6 +3.3857666360044383, -0x1.4e0694e14765ep6 3.356652429078415, -83.54428527234559 3.300847579084176, -83.53739325038799 3.310773204408573,-83.52807675259261 3.382379561602476,-83.54106461954721 3.3577077127939066d,-83.53252890079361 3.383759936337959, -83.5637210315992 3.3287022028782585 0.2933045041627541, -83.53358617528475 3.3809204203955456,-83.54873162968786 3.3336551898133497 0.5995133520189876,-83.50464196294911 3.3024468053688354,-83.54667424876993 3.3240219578028425,-83.50073146600725 +3.330758317859091, -83.54242345735723 +3.320738362602611,-83.50271511565481 3.3026215332573314, -83.5226189177985 3.3434161466199654,-83.47988993202047 3.2990759030266106)	MP[P(c054dea5ed19fd78,400afa3c9f7ed8ae),P(c054dda0b63c180a,400abae4950f7d50),P(c054dfba657f2a64,400aacc45b77ec0f),P(c054de00ff378c6e,400a80f50a176c48),P(c054e29cb6edb8ce,400a94ec59077a5d),P(c054e35fd4b74d77,400a729bce106c6b),P(c054e22b695738e4,400a68f56bc5ee80),P(c054e0e8437fb41d,400afada892ee262),P(c054e25d770aca1c,400a7f07beb8dfb2),P(c054e0ce3945f491,400acd0be4342daf),P(c054e1d5598d973d,400a6b0d84babbf1),P(c054df62f130ff94,400a9c32733ba1e0),P(c054dfbaeaf7073f,400b0e857e4bfe83),P(c054e3806539747b,400b160cd16c374b),P(c054e0694e14765e,400ada6c96b7722e),P(c054e2d591e51acd,400a6822c689fa7d),P(c054e264a6a8e07c,400a7c76a96b4378),P(c054e1cc026f8a71,400b0f1d03fdee7e),P(c054e2a0cd7f7e97,400adc95dc7fd077),P(c054e214f4194556,400b11f0bac0b14f),P(c054e4140160b24d,400aa12e9edbe1d9),P(c054e22646a11c87,400b0c20015fd1cc),P(c054e31e6b44f292,400aab5369831cb1),P(c054e04c0dcdc390,400a6b693b0eb5ea),P(c054e2fcb5fd0210,400a9798d2ff97c2),P(c054e00bfbfda513,400aa5649df0ad9b),P(c054e2b710e07baf,400a90df464f9b3f),P(c054e02c7c053c4e,400a6bc4d6a33eb3),P(c054e172969e0dca,400abf50f6f53570),P(c054deb68442ed49,400a6481e8342aed)]
LINESTRING (179.2382043667043 +3.3273048510588357,178.89833209358687 +3.0951732503945726, 179.62545023683776 2.547050523612359,178.7722591215339d 2.500445963172882, 179.64063103342912 0x1.9837ff8507042p1,179.46842842590343 2.8813321060299057,+179.13204639928983 2.909336750780262)	L(400a9e520178f574 4066679f5ec3984d;4008c2ea316f308e 40665cbf22f25ce4;4004605c066165e7 40667403b0370fcc;400400e9d029f126 406658b658c2e0d3;4009837ff8507042 406674800ca72c2f;40070cf7d8e28189 40666efd5d9c38b4;4007465258ad378f 40666439b95ed024)
MULTIPOINT (0x1.6679f5ec3984dp7 3.3273048510588357, 178.89833209358687 3.0951732503945726,179.62545023683776 2.547050523612359, 178.7722591215339 2.500445963172882,179.64063103342912d 3.189208927111424,179.46842842590343 2.8813321060299057,+179.13204639928983 2.909336750780262)	MP[P(4066679f5ec3984d,400a9e520178f574),P(40665cbf22f25ce4,4008c2ea316f308e),P(40667403b0370fcc,4004605c066165e7),P(406658b658c2e0d3,400400e9d029f126),P(406674800ca72c2f,4009837ff8507042),P(40666efd5d9c38b4,40070cf7d8e28189),P(40666439b95ed024,4007465258ad378f)]
LINESTRING (0.888544462177985 41.91809389098843,-0.9489353251035778 39.38386450678847,-2.7028224096530566 41.485672135065656,-1.7398575016415192 41.00895929719751d, -0x1.1e03642b91f2p-5 39.64514663605382, -1.8203856339610598 40.4177908063373,-0.2437339759721997 38.67604062923242)	L(4044f58419c239f2 3fec6ef4cbc31556;4043b12278df6036 bfee5dad9d6ad90b;4044be2a812857be c0059f615b02d8aa;4044812594083aae bffbd674d1d4026c;4043d2942a3b7ce0 bfa1e03642b91f20;4044357a2b4ce4e3 bffd204cafbf8921;404356887fd4a906 bfcf32acc7dcc140)
MULTIPOINT (0.888544462177985 41.91809389098843d, -0.9489353251035778 39.38386450678847, -2.7028224096530566 41.485672135065656,-1.7398575016415192 41.00895929719751, -0.034913726468003725 39.64514663605382,-1.8203856339610598 0x1.4357a2b4ce4e3p5,-0.2437339759721997 38.67604062923242)	MP[P(3fec6ef4cbc31556,4044f58419c239f2),P(bfee5dad9d6ad90b,4043b12278df6036),P(c0059f615b02d8aa,4044be2a812857be),P(bffbd674d1d4026c,4044812594083aae),P(bfa1e03642b91f20,4043d2942a3b7ce0),P(bffd204cafbf8921,4044357a2b4ce4e3),P(bfcf32acc7dcc140,404356887fd4a906)]
LINESTRING (-8.907335896365069 24.06244625254545, -6.544094318115396 19.36747519294139 0.061022753905185856,-3.251474479225463 19.520268690317533 +0.45997905354903523,-5.137697829518759 19.421989142131167, -4.999919445223082d 26.043197959694567,-5.07537172661355 +23.610798734166732, -3.584546990283861 23.929804373603595,-9.126390182129194 22.76176187815296, -4.824796449012876 19.14834521405039d,-2.3441100951999143 19.97852339909402,-5.7267200983562025 22.462756395091315,-9.386320849876071 23.62318405854277 +0.9477327157558706,-6.392835586142601 19.908435148058885,-8.673622582187178 23.152889866291094, -2.4021539510181062 24.962542569985903,-6.476453767756978 20.09584177375666,-7.876650127413107 23.00236610776595,-6.821116857871279 23.28119738602361,-3.639767259010384 0x1.4fc9b4dcefceap4,-9.897528822850767 19.04153674127563,-2.999915385851657 24.365121705195055,-6.487981218392506 0x1.7b47f57ec5bp4,-7.8963791886420776 20.658376168858716,-9.729126837127913 21.04680119873564d,-7.9443869125281275 19.162542001521402,-6.152043809455246 0x1.39ca17cfffd77p4)	L(40380ffc7a4470c2 c021d08e54a2bfe8;40335e12daafc64a c01a2d270f98faed;4033853054320beb c00a03050d406a7c;40336c077afcb870 c0148d00a8ea0d92;403a0b0f05802460 c013ffeae20f786c;40379c5d4e4baf2f c0144d2e3ef3649c;4037ee07a8d04e22 c00cad26f8f1f48f;4036c302d39201aa c02240b636c58f8d;403325f9f3b2dd53 c0134c9770b9780c;4033fa80826d7ac5 c002c0bccb28db4c;4036767733feee9b c016e829503f24a7;40379f88fd8ed46a c022c5cbd8aff618;4033e88f34b37328 c01992437decbff6;40372723ca4f9c2d c02158e50f20ae98;4038f669309b18e5 c003379c7d9ca3be;403418891623e020 c019e7e37f1a49ef;4037009b10b3793c c01f81b0922d1818;403747fc8d48b12d c01b48d2db8b0175;4034fc9b4dcefcea c00d1e3e4bf40260;40330aa226e15c7a c023cb88e5dab90c;40385d789db6df5d c007ffd3a348002e;4037b47f57ec5b00 c019f3b159383b71;4034a88b5731b6c6 c01f95e46d102186;40350bfb29d1fbb1 c02375501ce0335b;4033299c5a44c2c4 c01fc70d5ce0509c;40339ca17cfffd77 c0189bb15f54ad9b)
MULTIPOINT (-8.907335896365069 24.06244625254545,-6.544094318115396 19.36747519294139, -3.251474479225463 19.520268690317533, -0x1.48d00a8ea0d92p2 19.421989142131167,-4.999919445223082 26.043197959694567, -5.07537172661355 23.610798734166732d,-3.584546990283861 23.929804373603595,-9.126390182129194 22.76176187815296,-4.824796449012876 19.14834521405039, -2.3441100951999143 19.97852339909402,-5.7267200983562025 22.462756395091315d,-9.386320849876071 23.62318405854277,-6.392835586142601 19.908435148058885 +0.7541322805647959, -8.673622582187178 0x1.72723ca4f9c2dp4,-0x1.3379c7d9ca3bep1 24.962542569985903,-6.476453767756978 20.09584177375666,-7.876650127413107 23.00236610776595, -6.821116857871279 23.28119738602361, -3.639767259010384 0x1.4fc9b4dcefceap4,-9.897528822850767 19.04153674127563,-2.999915385851657 0x1.85d789db6df5dp4,-6.487981218392506 23.70506810684583 +0.373188747590408,-7.8963791886420776d 20.658376168858716,-9.729126837127913 21.04680119873564,-7.9443869125281275 19.162542001521402,-0x1.89bb15f54ad9bp2 19.611839115617354)	MP[P(c021d08e54a2bfe8,40380ffc7a4470c2),P(c01a2d270f98faed,40335e12daafc64a),P(c00a03050d406a7c,4033853054320beb),P(c0148d00a8ea0d92,40336c077afcb870),P(c013ffeae20f786c,403a0b0f05802460),P(c0144d2e3ef3649c,40379c5d4e4baf2f),P(c00cad26f8f1f48f,4037ee07a8d04e22),P(c02240b636c58f8d,4036c302d39201aa),P(c0134c9770b9780c,403325f9f3b2dd53),P(c002c0bccb28db4c,4033fa80826d7ac5),P(c016e829503f24a7,4036767733feee9b),P(c022c5cbd8aff618,40379f88fd8ed46a),P(c01992437decbff6,4033e88f34b37328),P(c02158e50f20ae98,40372723ca4f9c2d),P(c003379c7d9ca3be,4038f669309b18e5),P(c019e7e37f1a49ef,403418891623e020),P(c01f81b0922d1818,4037009b10b3793c),P(c01b48d2db8b0175,403747fc8d48b12d),P(c00d1e3e4bf40260,4034fc9b4dcefcea),P(c023cb88e5dab90c,40330aa226e15c7a),P(c007ffd3a348002e,40385d789db6df5d),P(c019f3b159383b71,4037b47f57ec5b00),P(c01f95e46d102186,4034a88b5731b6c6),P(c02375501ce0335b,40350bfb29d1fbb1),P(c01fc70d5ce0509c,4033299c5a44c2c4),P(c0189bb15f54ad9b,40339ca17cfffd77)]
LINESTRING (28.712559523019365 4.634447080506397, +28.69845545930779 +4.6394049125656975,28.73309078135727d 4.576900241488771, 28.730461234582133d 4.5908559478089135,28.716966016133856 4.628852891853488, 28.74453705204664d 0x1.29cf26ce0a011p2, 28.680831633284832d +4.616543405326021, 28.684675166403306d 4.646078611396397)	L(401289ac7ed74547 403cb66a4d07d250;40128ec029517c53 403cb2cdfa1b708b;40124ebeefd8febf 403cbbabd662edb6;40125d095771f20a 403cbaff81e986ab;401283f2033205e5 403cb78b15b7a369;40129cf26ce0a011 403cbe99faf13358;401277572789c249 403cae4afb5f0a66;40129595a1aa5ed7 403caf46df2815e7)
MULTIPOINT (+28.712559523019365 4.634447080506397,28.69845545930779 +4.6394049125656975,28.73309078135727 4.576900241488771,0x1.cbaff81e986abp4 4.5908559478089135, 28.716966016133856 4.628852891853488,28.74453705204664 +4.653268529138601,28.680831633284832 4.616543405326021,28.684675166403306 4.646078611396397d)	MP[P(403cb66a4d07d250,401289ac7ed74547),P(403cb2cdfa1b708b,40128ec029517c53),P(403cbbabd662edb6,40124ebeefd8febf),P(403cbaff81e986ab,40125d095771f20a),P(403cb78b15b7a369,401283f2033205e5),P(403cbe99faf13358,40129cf26ce0a011),P(403cae4afb5f0a66,401277572789c249),P(403caf46df2815e7,40129595a1aa5ed7)]
POINT (4.553298504927511 74.066093535422)	P(40123693e21e5b80,4052843ae0614754)
ENVELOPE (4.553298504927511, 5.553298504927511, +75.066093535422, +74.066093535422)	R(4052843ae0614754,4052c43ae0614754,40123693e21e5b80,40163693e21e5b80)
POINT (+95.37364915515712 0x1.c268cbe265ee4p5)	P(4057d7e9de2564fc,404c268cbe265ee4)
ENVELOPE (+95.37364915515712, +96.37364915515712, 57.30117012857025, 56.30117012857025)	R(404c268cbe265ee4,404ca68cbe265ee4,4057d7e9de2564fc,405817e9de2564fc)
POINT (0x1.26d74ab32fa5cp5 +34.4116168621494)	P(40426d74ab32fa5c,404134afdc80b4f8)
ENVELOPE (36.85512294758948, 37.85512294758948, 0x1.1b4afdc80b4f8p5, 0x1.134afdc80b4f8p5)	R(404134afdc80b4f8,4041b4afdc80b4f8,40426d74ab32fa5c,4042ed74ab32fa5c)
POINT (66.89651453920251 -57.39454642228813)	P(4050b9607e8490da,c04cb2807f463d9c)
ENVELOPE (66.89651453920251d, 67.89651453920251, -56.39454642228813, -57.39454642228813)	R(c04cb2807f463d9c,c04c32807f463d9c,4050b9607e8490da,4050f9607e8490da)
POINT (179.15404243188974 71.23921309063687)	P(406664edea64e535,4051cf4f446c43de)
ENVELOPE (179.15404243188974, 180.0, 72.23921309063687, 71.23921309063687)	R(4051cf4f446c43de,40520f4f446c43de,406664edea64e535,4066800000000000)
POINT (103.57158781255703 -8.322468117101721)	P(4059e494e50c6e60,c020a51a8a81e8c0)
ENVELOPE (103.57158781255703, 104.57158781255703, -7.322468117101721, -8.322468117101721)	R(c020a51a8a81e8c0,c01d4a351503d180,4059e494e50c6e60,405a2494e50c6e60)
POINT (126.66662201672824 69.1198371064296d)	P(405faaa9ef64290c,405147ab69413d98)
ENVELOPE (126.66662201672824, 127.66662201672824, 70.1198371064296, 69.1198371064296)	R(405147ab69413d98,405187ab69413d98,405faaa9ef64290c,405feaa9ef64290c)
POINT (73.25440546103056 -3.7650056352801045d)	P(405250482dd7c334,c00e1ebb46464520)
ENVELOPE (73.25440546103056, 74.25440546103056, -2.7650056352801045, -3.7650056352801045)	R(c00e1ebb46464520,c0061ebb46464520,405250482dd7c334,405290482dd7c334)
POINT (101.30787805597947 -59.02907355134271)	P(405953b4462965a0,c04d83b8aea01907)
ENVELOPE (+101.30787805597947, 102.30787805597947d, -58.02907355134271, -59.02907355134271)	R(c04d83b8aea01907,c04d03b8aea01907,405953b4462965a0,405993b4462965a0)
POINT (169.07689026195578 -0x1.f758c6f70f0bp5)	P(40652275e2910f64,c04f758c6f70f0b0)
ENVELOPE (169.07689026195578, 170.07689026195578, -61.91834824576051d, -0x1.f758c6f70f0bp5)	R(c04f758c6f70f0b0,c04ef58c6f70f0b0,40652275e2910f64,40654275e2910f64)
POINT (157.392875476396d 29.675992546329525)	P(4063ac926f9750ae,403dad0dd8f6d338)
ENVELOPE (157.392875476396, 158.392875476396, 30.675992546329525, 29.675992546329525)	R(403dad0dd8f6d338,403ead0dd8f6d338,4063ac926f9750ae,4063cc926f9750ae)
POINT (0x1.ebf1bdbe68524p5 -43.89039311488348)	P(404ebf1bdbe68524,c045f1f866ce810a)
ENVELOPE (61.493037688788064, 62.493037688788064, -0x1.571f866ce810ap5, -43.89039311488348)	R(c045f1f866ce810a,c04571f866ce810a,404ebf1bdbe68524,404f3f1bdbe68524)
POINT (+55.42154471915387 -0x1.a7a0b90c21877p5)	P(404bb5f52d6748a0,c04a7a0b90c21877)
ENVELOPE (0x1.bb5f52d6748ap5, 56.42154471915387, -51.95347794987986, -52.95347794987986d)	R(c04a7a0b90c21877,c049fa0b90c21877,404bb5f52d6748a0,404c35f52d6748a0)
POINT (-125.511864429502 0x1.67b7c9d0eee1dp6)	P(c05f60c263062c98,40567b7c9d0eee1d)
ENVELOPE (-125.511864429502, -124.511864429502, +90.0, 89.92948080499669)	R(40567b7c9d0eee1d,4056800000000000,c05f60c263062c98,c05f20c263062c98)
POINT (30.493893777048214 -89.53171801042669)	P(403e7e6fd2941eb8,c0566207aafa5e84)
ENVELOPE (30.493893777048214, 31.493893777048214, -88.53171801042669, -89.53171801042669)	R(c0566207aafa5e84,c0562207aafa5e84,403e7e6fd2941eb8,403f7e6fd2941eb8)
POINT (-142.79651086309977d 1.0471591419556034)	P(c061d97d04597d83,3ff0c129f1c68200)
ENVELOPE (-142.79651086309977, -0x1.1b97d04597d83p7, 2.0471591419556034, 1.0471591419556034)	R(3ff0c129f1c68200,40006094f8e34100,c061d97d04597d83,c061b97d04597d83)
POINT (179.11332162170086 -48.23681097695406)	P(406663a054aa6451,c0481e4fd274acfe)
ENVELOPE (179.11332162170086, 180.0, -47.23681097695406, -0x1.81e4fd274acfep5)	R(c0481e4fd274acfe,c0479e4fd274acfe,406663a054aa6451,4066800000000000)
POINT (130.7132091367896 0.7805539545417304)	P(406056d29bf7b708,3fe8fa4c4970a580)
ENVELOPE (130.7132091367896, 131.7132091367896, 0x1.c7d2624b852cp0, 0.7805539545417304)	R(3fe8fa4c4970a580,3ffc7d2624b852c0,406056d29bf7b708,406076d29bf7b708)
POINT (-28.093560635394596 89.8000306128656)	P(c03c17f396fd3678,40567333b399839f)
ENVELOPE (-28.093560635394596, -27.093560635394596, 90.0d, 89.8000306128656)	R(40567333b399839f,4056800000000000,c03c17f396fd3678,c03b17f396fd3678)
POINT (0x1.53fce2ffbd88p7 -75.12541407136132)	P(40653fce2ffbd880,c052c806c8bdbd20)
ENVELOPE (169.9939193648206, 170.9939193648206d, -74.12541407136132, -75.12541407136132)	R(c052c806c8bdbd20,c0528806c8bdbd20,40653fce2ffbd880,40655fce2ffbd880)
PO0INT (30 10)	ERR	java.lang.IllegalArgumentException	unknown geo_shape [PO0INT]
POINT 30 10)	ERR	java.text.ParseException	expected EMPTY or ( but found: 30	1
POINT 30 10)	ERR	java.text.ParseException	expected EMPTY or ( but found: 30	1
poin(30 10)	ERR	java.lang.IllegalArgumentException	unknown geo_shape [poin]
point(30Z10)	ERR	java.text.ParseException	invalid number found: 30Z10	1
poin	ERR	java.lang.IllegalArgumentException	unknown geo_shape [poin]
P	ERR	java.lang.IllegalArgumentException	unknown geo_shape [P]
P7OINT EMPTY	ERR	java.lang.IllegalArgumentException	unknown geo_shape [P7OINT]
PpINT EMPTY	ERR	java.lang.IllegalArgumentException	unknown geo_shape [PpINT]
POINT (30 1085)	P(403e000000000000,4090f40000000000)
POINT (0 10 5)	P(0,4024000000000000)
POINT (30 10 5	ERR	java.text.ParseException	expected word but found: END-OF-STREAM	1
OINT (NaN 10)	ERR	java.lang.IllegalArgumentException	unknown geo_shape [OINT]
P3INT (NaN 10)	ERR	java.lang.IllegalArgumentException	unknown geo_shape [P3INT]
0POINT (NaN 10)	ERR	java.lang.IllegalArgumentException	unknown geo_shape [0POINT]
POINT 	ERR	java.text.ParseException	expected word but found: END-OF-STREAM	1
PONT (nan 10)	ERR	java.lang.IllegalArgumentException	unknown geo_shape [PONT]
POINT(nan 10)	P(7ff8000000000000,4024000000000000)
POINT(1e2 -0.5e-1	ERR	java.text.ParseException	expected word but found: END-OF-STREAM	1
POINT(1e2 -0.5e-)	ERR	java.text.ParseException	invalid number found: -0.5e-	1
POIN	ERR	java.lang.IllegalArgumentException	unknown geo_shape [POIN]
PO8NT (0x1.8p1 2)	ERR	java.lang.IllegalArgumentException	unknown geo_shape [PO8NT]
POINT (0x1.	ERR	java.text.ParseException	invalid number found: 0x1.	1
POIN	ERR	java.lang.IllegalArgumentException	unknown geo_shape [POIN]
POINT (1	ERR	java.text.ParseException	expected number but found: END-OF-STREAM	1
POINTp (1d 2F)	ERR	java.lang.IllegalArgumentException	unknown geo_shape [POINTp]
POINT (1d2F)	ERR	java.text.ParseException	invalid number found: 1d2F	1
(OINT (- 1)	ERR	java.lang.IllegalArgumentException	unknown geo_shape [(]
POINT (- E1)	ERR	java.text.ParseException	invalid number found: -	1
POINT - 1)	ERR	java.text.ParseException	expected EMPTY or ( but found: -	1
POINT (1..23)	ERR	java.text.ParseException	invalid number found: 1..23	1
PO6NT (1..2 3)	ERR	java.lang.IllegalArgumentException	unknown geo_shape [PO6NT]
POINT \\1..2 3)	ERR	java.text.ParseException	expected word but found: '\\'	1
POINT (530)	ERR	java.text.ParseException	expected number but found: ')'	1
POINT 	ERR	java.text.ParseException	expected word but found: END-OF-STREAM	1
POINT)(30)	ERR	java.text.ParseException	expected EMPTY or ( but found: ')'	1
POIT 30 10	ERR	java.lang.IllegalArgumentException	unknown geo_shape [POIT]
POINT 3 10	ERR	java.text.ParseException	expected EMPTY or ( but found: 3	1
POINT 30 16	ERR	java.text.ParseException	expected EMPTY or ( but found: 30	1
POINT (30 16	ERR	java.text.ParseException	expected word but found: END-OF-STREAM	1
POINT (3	ERR	java.text.ParseException	expected number but found: END-OF-STREAM	1
POI	ERR	java.lang.IllegalArgumentException	unknown geo_shape [POI]
POINT (30 10u))	ERR	java.text.ParseException	invalid number found: 10u	1
P"OINT (30 10))	ERR	java.lang.IllegalArgumentException	unknown geo_shape [P]
PeINT (30 10))	ERR	java.lang.IllegalArgumentException	unknown geo_shape [PeINT]
POINT (30, x0)	ERR	java.text.ParseException	expected number but found: ','	1
POINT	ERR	java.text.ParseException	expected word but found: END-OF-STREAM	1
POINT (30, 10	ERR	java.text.ParseException	expected number but found: ','	1
POINT (Infnity 0)	ERR	java.text.ParseException	invalid number found: Infnity	1
OINT (Infinity 0)	ERR	java.lang.IllegalArgumentException	unknown geo_shape [OINT]
OINT (Infinity 0)	ERR	java.lang.IllegalArgumentException	unknown geo_shape [OINT]
POINT (+In\\finity 0)	ERR	java.text.ParseException	invalid number found: +In	1
POINT (+Infini ty 0)	ERR	java.text.ParseException	invalid number found: +Infini	1
POINT +Infinity 0)	ERR	java.text.ParseException	expected EMPTY or ( but found: +Infinity	1
MULTIPOINT (10 40, 40 30, 20 20,  30 10)	MP[P(4024000000000000,4044000000000000),P(4044000000000000,403e000000000000),P(4034000000000000,4034000000000000),P(403e000000000000,4024000000000000)]
MULTIPOINT (10 40, 40 30, 20 2}, 30 10)	ERR	java.text.ParseException	expected word but found: '}'	1
MULTIPOINT (10 40a 40 30, 20 20, 30 10)	ERR	java.text.ParseException	invalid number found: 40a	1
MU(LTIPOINT ((10 40), (40 30), (20 20), (30 10))	ERR	java.lang.IllegalArgumentException	unknown geo_shape [MU]
MUL	ERR	java.lang.IllegalArgumentException	unknown geo_shape [MUL]
ULTIPOINT ((10 40), (40 30), (20 20), (30 10))	ERR	java.lang.IllegalArgumentException	unknown geo_shape [ULTIPOINT]
MULTIPOI	ERR	java.lang.IllegalArgumentException	unknown geo_shape [MULTIPOI]
MULTIPOINT ((1	ERR	java.text.ParseException	expected number but found: END-OF-STREAM	1
MULTIPOINT ((10 40)8	ERR	java.text.ParseException	expected ) but found: 8	1
MULTIPO{INT ((10 40) (40 30))	ERR	java.lang.IllegalArgumentException	unknown geo_shape [MULTIPO]
MULTIP}INT ((10 40) (40 30))	ERR	java.lang.IllegalArgumentException	unknown geo_shape [MULTIP]
MULTIPOINT ((10 40) (4 30))	ERR	java.text.ParseException	expected ) but found: '('	1
MULTIPOINT E:PTY	ERR	java.text.ParseException	expected EMPTY or ( but found: E	1
MLTIPOINT EMPTY	ERR	java.lang.IllegalArgumentException	unknown geo_shape [MLTIPOINT]
MULTIPOIN EMPTY	ERR	java.lang.IllegalArgumentException	unknown geo_shape [MULTIPOIN]
MUETIPOINT (10 40 1, 40 30 2)	ERR	java.lang.IllegalArgumentException	unknown geo_shape [MUETIPOINT]
uMULTIPOINT (10 40 1, 40 30 2)	ERR	java.lang.IllegalArgumentException	unknown geo_shape [uMULTIPOINT]
MULTIPOINT (10 40 1, -0 30 2)	MP[P(4024000000000000,4044000000000000),P(8000000000000000,403e000000000000)]
MULTIPOINT 2)	ERR	java.text.ParseException	expected EMPTY or ( but found: 2	1
MLTIPOINT ()	ERR	java.lang.IllegalArgumentException	unknown geo_shape [MLTIPOINT]
MUTIPOINT ()	ERR	java.lang.IllegalArgumentException	unknown geo_shape [MUTIPOINT]
LINESTRING (30 10, 10 30, 40 409	ERR	java.text.ParseException	expected word but found: END-OF-STREAM	1
LINES.RING (30 10, 10 30, 40 40)	ERR	java.lang.IllegalArgumentException	unknown geo_shape [LINES.RING]
LINESTING (30 10, 10 30, 40 40)	ERR	java.lang.IllegalArgumentException	unknown geo_shape [LINESTING]
LIaNESTRING EMPTY	ERR	java.lang.IllegalArgumentException	unknown geo_shape [LIaNESTRING]
LINESTING EMPTY	ERR	java.lang.IllegalArgumentException	unknown geo_shape [LINESTING]
LINESTRING EMPY	ERR	java.text.ParseException	expected EMPTY or ( but found: EMPY	1
LINESTRING E(30 10)	ERR	java.text.ParseException	expected EMPTY or ( but found: E	1
LINEST	ERR	java.lang.IllegalArgumentException	unknown geo_shape [LINEST]
LINESTRING (30 10:)	ERR	java.text.ParseException	expected word but found: ':'	1
LINESTRING ](30 100, 10 30)	ERR	java.text.ParseException	expected word but found: ']'	1
LINESTRING (u30 100, 10 30)	ERR	java.text.ParseException	invalid number found: u30	1
LINESTRING (3	ERR	java.text.ParseException	expected number but found: END-OF-STREAM	1
LINEST	ERR	java.lang.IllegalArgumentException	unknown geo_shape [LINEST]
LINESTRING ((30 10), E10 30))	ERR	java.text.ParseException	expected ) but found: ','	1
LINESTRING 2((30 10), (10 30))	ERR	java.text.ParseException	expected EMPTY or ( but found: 2	1
LINESTRING (30 .10, (10 30))	ERR	java.text.ParseException	expected word but found: END-OF-STREAM	1
LINESTRING (3,0 10, (10 30))	ERR	java.text.ParseException	expected number but found: ','	1
LINESTRING (30 10, 810 30))	ERR	java.lang.IllegalArgumentException	invalid longitude 810.0; must be between -180.0 and 180.0
MULTILINESTRING ((10 10, 20 20, 10 40), (40 40, 30 30, 40 20, 	ERR	java.text.ParseException	expected word but found: END-OF-STREAM	1
MULTILINESTRING ((10 10, 	ERR	java.text.ParseException	expected word but found: END-OF-STREAM	1
MULTILINESTING ((10 10, 20 20, 10 40), (40 40, 30 30, 40 20, 30 10))	ERR	java.lang.IllegalArgumentException	unknown geo_shape [MULTILINESTING]
MULTILINESTRI0NG (EMPTY, (1 1, 2 2))	ERR	java.lang.IllegalArgumentException	unknown geo_shape [MULTILINESTRI0NG]
MULTILINESTRING (EMxPTY, (1 1, 2 2))	ERR	java.text.ParseException	expected EMPTY or ( but found: EMxPTY	1
MULTILINESTRING ,EMPTY, (1 1, 2 2))	ERR	java.text.ParseException	expected EMPTY or ( but found: ','	1
MULTILINESTpRING EMPTY	ERR	java.lang.IllegalArgumentException	unknown geo_shape [MULTILINESTpRING]
MULTILINE	ERR	java.lang.IllegalArgumentException	unknown geo_shape [MULTILINE]
MULTILINETRING EMPTY	ERR	java.lang.IllegalArgumentException	unknown geo_shape [MULTILINETRING]
MULTILINESTRING ((10 10, 2020) (1 1, 2 2))	ERR	java.text.ParseException	expected number but found: ')'	1
MULTILINESTRING ((10 10, 20 20)(1 1, 2 2))	ERR	java.text.ParseException	expected , or ) but found: '('	1
MULTILINESTRING ((10 10, 20 20) (1 1, 8 2))	ERR	java.text.ParseException	expected , or ) but found: '('	1
POLYGON ((30 10, 40 40, 20 40, 10 20, 3 10))	ERR	java.lang.IllegalArgumentException	first and last points of the polygon must be the same (it must close itself): polyLons[0]=30.0 polyLons[4]=3.0
POLYGON ()(30 10, 40 40, 20 40, 10 20, 30 10))	ERR	java.text.ParseException	expected ( but found: ')'	1
POLYGON ((30 10, 40 40, 20 40, 10 20, 3010))	ERR	java.text.ParseException	expected number but found: ')'	1
	ERR	java.text.ParseException	expected word but found: END-OF-STREAM	1
POLGON EMPTY	ERR	java.lang.IllegalArgumentException	unknown geo_shape [POLGON]
POLYGON EMPTp	ERR	java.text.ParseException	expected EMPTY or ( but found: EMPTp	1
POLYGON ((35 10, 45 45, 15 40, 10 20, 35 10), (20 30, 35 35, 30 20, 20 30)))	ERR	java.text.ParseException	expected end of WKT string but found additional text: ')'	1
POLYGON ((35 10, 45 45, 15 40, 10 20, 35 10), (20 30, 35 35, 30 20,# 20 30))	ERR	java.text.ParseException	expected word but found: END-OF-STREAM	1
POLYGON ((35 10	ERR	java.text.ParseException	expected word but found: END-OF-STREAM	1
POLYGO) ((30 10, 40 40, 20 40, 10 20))	ERR	java.lang.IllegalArgumentException	unknown geo_shape [POLYGO]
POLYGON (30 10, 40 40, 20 40, 10 20))	ERR	java.text.ParseException	expected ( but found: 30	1
POLYGON ((30 10, 40 40, 20 40, 16 20))	ERR	java.lang.IllegalArgumentException	first and last points of the polygon must be the same (it must close itself): polyLats[0]=10.0 polyLats[3]=20.0
POLYGON ((3	ERR	java.text.ParseException	expected number but found: END-OF-STREAM	1
POLYGON ((30 10, 40 940, 30 10))	ERR	java.lang.IllegalArgumentException	at least 4 polygon points required
POLYGON ((30 10, 40 40, 	ERR	java.text.ParseException	expected word but found: END-OF-STREAM	1
POLYGON (30 10, Z0 40, 20 40, 30 10)	ERR	java.text.ParseException	expected ( but found: 30	1
POLYGON (30 10, 40 40, 20 40, 30 10-	ERR	java.text.ParseException	expected ( but found: 30	1
POLYGON (30 10, 4x0 40, 20 40, 30 10)	ERR	java.text.ParseException	expected ( but found: 30	1
POLYGON ((30 10, 40 40, 20 40, 1 20, 30 10)	ERR	java.text.ParseException	expected word but found: END-OF-STREAM	1
POLYGON ((30 10, 40 40, 20 40,	ERR	java.text.ParseException	expected word but found: END-OF-STREAM	1
POLYGON ((30 1, 40 40, 20 40, 10 20, 30 10)	ERR	java.text.ParseException	expected word but found: END-OF-STREAM	1
POLYGON ((30 10, 40 40, 20 40, 10	ERR	java.text.ParseException	expected number but found: END-OF-STREAM	1
POLYGON ((30 10, ,40 40, 20 40, 10 20, 30 10), EMPTY)	ERR	java.text.ParseException	expected , or ) but found: 40	1
POLYGON ((30 10, 40 40, 20 40, 1p0 20, 30 10), EMPTY)	ERR	java.text.ParseException	invalid number found: 1p0	1
MULTIPOLYGON (((30 20, 45 40, 10 	ERR	java.text.ParseException	expected number but found: END-OF-STREAM	1
MULTIPOLYGON (((30 20, 45 40, 10 40, 30 20)), ((15 5, 40 10, 10 20, 5 10, 5 5)))	ERR	java.lang.IllegalArgumentException	first and last points of the polygon must be the same (it must close itself): polyLons[0]=15.0 polyLons[4]=5.0
MULTIPOLYGON (((30 20, 45 40, 10 40, 30 20)), ((15 5, 40 10, 10 205 5 10, 15 5)))	ERR	java.text.ParseException	expected , or ) but found: 10	1
MULTIPOLYGON (((40 40, 20 45, 45 30, 40 40)), (8(20 35, 10 30, 10 10, 30 5, 45 20, 20 35), (30 20, 20 15, 20 25, 30 20)))	ERR	java.text.ParseException	expected ( but found: 8	1
MULTIPOLYGON (((40 40, 20 45, 45 30, 40 40)), ((20 35, 10 30, 10 10, 30 5, 45 20, 20 35), (305 20, 20 15, 20 25, 30 20)))	ERR	java.lang.IllegalArgumentException	first and last points of the polygon must be the same (it must close itself): polyLons[0]=305.0 polyLons[3]=30.0
M5LTIPOLYGON (((40 40, 20 45, 45 30, 40 40)), ((20 35, 10 30, 10 10, 30 5, 45 20, 20 35), (30 20, 20 15, 20 25, 30 20)))	ERR	java.lang.IllegalArgumentException	unknown geo_shape [M5LTIPOLYGON]
M6ULTIPOLYGON EMPTY	ERR	java.lang.IllegalArgumentException	unknown geo_shape [M6ULTIPOLYGON]
MU	ERR	java.lang.IllegalArgumentException	unknown geo_shape [MU]
MULTIP5LYGON EMPTY	ERR	java.lang.IllegalArgumentException	unknown geo_shape [MULTIP5LYGON]
MULTIPOLYGON (EMPT	ERR	java.text.ParseException	expected EMPTY or ( but found: EMPT	1
ULTIPOLYGON (EMPTY, ((1 1, 2 1, 2 2, 1 1)))	ERR	java.lang.IllegalArgumentException	unknown geo_shape [ULTIPOLYGON]
MULTIPOLYGON (EMPTY ((1 1, 2 1, 2 2, 1 1)))	ERR	java.text.ParseException	expected , or ) but found: '('	1
ENVE,OPE (10, 40, 40, 10)	ERR	java.lang.IllegalArgumentException	unknown geo_shape [ENVE]
ENVELOPE (10, 40, 40, 10	ERR	java.text.ParseException	expected word but found: END-OF-STREAM	1
ENVELOPE (10	ERR	java.text.ParseException	expected word but found: END-OF-STREAM	1
BBOX (10, 40, 40, 10a)	ERR	java.text.ParseException	invalid number found: 10a	1
BBX (10, 40, 40, 10)	ERR	java.lang.IllegalArgumentException	unknown geo_shape [BBX]
BBOX (10u, 40, 40, 10)	ERR	java.text.ParseException	invalid number found: 10u	1
	ERR	java.text.ParseException	expected word but found: END-OF-STREAM	1
bbox(-18, 180, 90, -90)	R(c056800000000000,4056800000000000,c032000000000000,4066800000000000)
bbox(-(80, 180, 90, -90)	ERR	java.text.ParseException	invalid number found: -	1
ENVELOPE EMPY	ERR	java.text.ParseException	expected EMPTY or ( but found: EMPY	1
E	ERR	java.lang.IllegalArgumentException	unknown geo_shape [E]
ENVELOP0 EMPTY	ERR	java.lang.IllegalArgumentException	unknown geo_shape [ENVELOP0]
ENVE	ERR	java.lang.IllegalArgumentException	unknown geo_shape [ENVE]
ENVLOPE (10 40 40 10)	ERR	java.lang.IllegalArgumentException	unknown geo_shape [ENVLOPE]
ENVELOPE (10 40 40 10a	ERR	java.text.ParseException	expected , but found: 40	1
ENVELOPE (10, x0, 40)	ERR	java.text.ParseException	invalid number found: x0	1
ENVEL.PE (10, 40, 40)	ERR	java.lang.IllegalArgumentException	unknown geo_shape [ENVEL.PE]
ENVELOPE (	ERR	java.text.ParseException	expected number but found: END-OF-STREAM	1
ENVELOPE (10, 400, 0, 10)	ERR	java.lang.IllegalArgumentException	invalid longitude 400.0; must be between -180.0 and 180.0
ENVELOPE (10, 400, #0, 10)	ERR	java.text.ParseException	expected number but found: END-OF-STREAM	1
ENVELOPE (10, 400, 40 10)	ERR	java.text.ParseException	expected , but found: 10	1
GEOMETRYCOLLECTION (POINT (40 10), LI NESTRING (10 10, 20 20, 10 40), POLYGON ((40 40, 20 45, 45 30, 40 40)))	ERR	java.lang.IllegalArgumentException	unknown geo_shape [LI]
GEOMETRYCOLLECTION (POINT (40 10), LINESTRING (10 108, 20 20, 10 40), POLYGON ((40 40, 20 45, 45 30, 40 40)))	ERR	java.lang.IllegalArgumentException	invalid latitude 108.0; must be between -90.0 and 90.0
GEOMETRYCOLLECTION (POINT (40 10)	ERR	java.text.ParseException	expected word but found: END-OF-STREAM	1
GEOMETRYCOLLECTION EPTY	ERR	java.text.ParseException	expected EMPTY or ( but found: EPTY	1
GEOMETRYCOLLECTION EMPT	ERR	java.text.ParseException	expected EMPTY or ( but found: EMPT	1
GEOMETRYCLLECTION EMPTY	ERR	java.lang.IllegalArgumentException	unknown geo_shape [GEOMETRYCLLECTION]
GEOMETRYCOLLECTION+(GEOMETRYCOLLECTION (POINT (1 2)), POINT EMPTY)	ERR	java.lang.IllegalArgumentException	unknown geo_shape [GEOMETRYCOLLECTION+]
GEOMETRYCOLLECPION (GEOMETRYCOLLECTION (POINT (1 2)), POINT EMPTY)	ERR	java.lang.IllegalArgumentException	unknown geo_shape [GEOMETRYCOLLECPION]
GEOMETRYCOLLECTION (GEOMETRYCOLECTION (POINT (1 2)), POINT EMPTY)	ERR	java.lang.IllegalArgumentException	unknown geo_shape [GEOMETRYCOLECTION]
GEOMETRYCOLLECTION (POINT (1 2) POINT (3 4u))	ERR	java.text.ParseException	expected , or ) but found: POINT	1
G(OMETRYCOLLECTION (POINT (1 2) POINT (3 4))	ERR	java.lang.IllegalArgumentException	unknown geo_shape [G]
GEOMETRYCOLLECTION (POIN (1 2) POINT (3 4))	ERR	java.lang.IllegalArgumentException	unknown geo_shape [POIN]
GEOM	ERR	java.lang.IllegalArgumentException	unknown geo_shape [GEOM]
GEOMETRYCOLLECTION (BBOX (1, 2, 4, 3), MULTIPOINT 1 2))	ERR	java.text.ParseException	expected EMPTY or ( but found: 1	1
GEOMETRYCOLLECTION (BBOX ()1, 2, 4, 3), MULTIPOINT (1 2))	ERR	java.text.ParseException	expected number but found: ')'	1
CIRCLE	ERR	java.lang.IllegalArgumentException	unknown geo_shape [CIRCLE]
CIRCLE (30 10, 95)	ERR	java.lang.IllegalArgumentException	unknown geo_shape [CIRCLE]
CI9RCLE (30 10, 5)	ERR	java.lang.IllegalArgumentException	unknown geo_shape [CI9RCLE]
	ERR	java.text.ParseException	expected word but found: END-OF-STREAM	1
	ERR	java.text.ParseException	expected word but found: END-OF-STREAM	1
	ERR	java.text.ParseException	expected word but found: END-OF-STREAM	1
  	ERR	java.text.ParseException	expected word but found: END-OF-STREAM	1
  	ERR	java.text.ParseException	expected word but found: END-OF-STREAM	1
  	ERR	java.text.ParseException	expected word but found: END-OF-STREAM	1
(30Z10)	ERR	java.lang.IllegalArgumentException	unknown geo_shape [(]
30 10)	ERR	java.lang.IllegalArgumentException	unknown geo_shape [30]
(30 	ERR	java.lang.IllegalArgumentException	unknown geo_shape [(]
POINaT	ERR	java.lang.IllegalArgumentException	unknown geo_shape [POINaT]
PINT	ERR	java.lang.IllegalArgumentException	unknown geo_shape [PINT]
POIN	ERR	java.lang.IllegalArgumentException	unknown geo_shape [POIN]
POINT (30 10) extr)a	ERR	java.text.ParseException	expected end of WKT string but found additional text: extr	1
POINT (30 10) etra	ERR	java.text.ParseException	expected end of WKT string but found additional text: etra	1
POINT (30 10) epxtra	ERR	java.text.ParseException	expected end of WKT string but found additional text: epxtra	1
POINT (30 10)\n# trailing co(ment	P(403e000000000000,4024000000000000)
POINT 	ERR	java.text.ParseException	expected word but found: END-OF-STREAM	1
OINT (30 10)\n# trailing comment	ERR	java.lang.IllegalArgumentException	unknown geo_shape [OINT]
# coament\nPOINT (30 10)	P(403e000000000000,4024000000000000)
# comm	ERR	java.text.ParseException	expected word but found: END-OF-STREAM	1
# comment\nPOINT (302 10)	P(4072e00000000000,4024000000000000)
POINT\n(\n30\r\n10)\nx	ERR	java.text.ParseException	expected end of WKT string but found additional text: x	5
POINT\n(\n30\r\n10\r)\n	P(403e000000000000,4024000000000000)
POINT\n(\n30\r10\r)\nx	ERR	java.text.ParseException	expected end of WKT string but found additional text: x	6
P"OINT\r\r(30 10) x	ERR	java.lang.IllegalArgumentException	unknown geo_shape [P]
POINT\r\r(30 10) P	ERR	java.text.ParseException	expected end of WKT string but found additional text: P	3
POI\\NT\r\r(30 10) x	ERR	java.lang.IllegalArgumentException	unknown geo_shape [POI]
POIN (30 10)\n\n\n,	ERR	java.lang.IllegalArgumentException	unknown geo_shape [POIN]
POINT (30 10)\n\n\n"	ERR	java.text.ParseException	expected end of WKT string but found additional text: '"'	4
P,INT (30 10)\n\n\n,	ERR	java.lang.IllegalArgumentException	unknown geo_shape [P]
POINT\t(30\t10	ERR	java.text.ParseException	expected word but found: END-OF-STREAM	1
POIN+\t(30\t10)	ERR	java.lang.IllegalArgumentException	unknown geo_shape [POIN+]
POINT\t(30\t190)	P(403e000000000000,4067c00000000000)
PoIn	ERR	java.lang.IllegalArgumentException	unknown geo_shape [PoIn]
PoIn+T (30 10)	ERR	java.lang.IllegalArgumentException	unknown geo_shape [PoIn+T]
PoIT (30 10)	ERR	java.lang.IllegalArgumentException	unknown geo_shape [PoIT]
POINT (30 10)- )	ERR	java.text.ParseException	expected end of WKT string but found additional text: -	1
POINT (3\n 10) )	ERR	java.text.ParseException	expected end of WKT string but found additional text: ')'	2
PuINT (30 10) )	ERR	java.lang.IllegalArgumentException	unknown geo_shape [PuINT]
POI7T [30 10]	ERR	java.lang.IllegalArgumentException	unknown geo_shape [POI7T]
PINT [30 10]	ERR	java.lang.IllegalArgumentException	unknown geo_shape [PINT]
POIN	ERR	java.lang.IllegalArgumentException	unknown geo_shape [POIN]
POINT (30 'x'	ERR	java.text.ParseException	expected number but found: '''	1
POINT (30 'x)	ERR	java.text.ParseException	expected number but found: '''	1
POINT 	ERR	java.text.ParseException	expected word but found: END-OF-STREAM	1
POINT (30 P)	ERR	java.text.ParseException	invalid number found: P	1
P8INT (30 é)	ERR	java.lang.IllegalArgumentException	unknown geo_shape [P8INT]
POINT (	ERR	java.text.ParseException	expected number but found: END-OF-STREAM	1
POINT (30 ١٠]	ERR	java.text.ParseException	invalid number found: ١٠	1
POINTP(30 ١٠)	ERR	java.lang.IllegalArgumentException	unknown geo_shape [POINTP]
POINT (3 ١٠)	ERR	java.text.ParseException	invalid number found: ١٠	1
POINT (3010 20 40)	P(40a7840000000000,4034000000000000)
PO	ERR	java.lang.IllegalArgumentException	unknown geo_shape [PO]
POINT (30 10\r20 40)	ERR	java.text.ParseException	expected ) but found: 40	2
LINESTRING (30 10, 10]30,)	ERR	java.text.ParseException	expected number but found: ']'	1
LINESTRIN(G (30 10, 10 30,)	ERR	java.lang.IllegalArgumentException	unknown geo_shape [LINESTRIN]
LINES4TRING (30 10, 10 30,)	ERR	java.lang.IllegalArgumentException	unknown geo_shape [LINES4TRING]
LNESTRING (30 10,, 10 30)	ERR	java.lang.IllegalArgumentException	unknown geo_shape [LNESTRING]
LINE[STRING (30 10,, 10 30)	ERR	java.lang.IllegalArgumentException	unknown geo_shape [LINE]
LINEST\\RING (30 10,, 10 30)	ERR	java.lang.IllegalArgumentException	unknown geo_shape [LINEST]
MULTIPOINT (10 40,	ERR	java.text.ParseException	expected word but found: END-OF-STREAM	1
MULTIPOI\nT (10 40, , 40 30)	ERR	java.lang.IllegalArgumentException	unknown geo_shape [MULTIPOI]
MULTIPOINT (10 40, , 4030)	ERR	java.text.ParseException	expected , or ) but found: 4030	1
EMPY	ERR	java.lang.IllegalArgumentException	unknown geo_shape [EMPY]
EMPT	ERR	java.lang.IllegalArgumentException	unknown geo_shape [EMPT]
 MPTY	ERR	java.lang.IllegalArgumentException	unknown geo_shape [MPTY]
POINT (1e400 0	ERR	java.text.ParseException	expected word but found: END-OF-STREAM	1
POINT (1e400 	ERR	java.text.ParseException	expected number but found: END-OF-STREAM	1
POINT (1e400 0	ERR	java.text.ParseException	expected word but found: END-OF-STREAM	1
POINT (x1p-1080 0)	ERR	java.text.ParseException	invalid number found: x1p-1080	1
POINT (0x1p-10\n80 0)	P(3f50000000000000,4054000000000000)
POINT (0x1p-10800)	ERR	java.text.ParseException	expected number but found: ')'	1
POINT (.5 5)	P(3fe0000000000000,4014000000000000)
POIN (.5 .5)	ERR	java.lang.IllegalArgumentException	unknown geo_shape [POIN]
POINT (\n5 .5)	P(4014000000000000,3fe0000000000000)
POINT 5. 5.)	ERR	java.text.ParseException	expected EMPTY or ( but found: 5.	1
POINT (5. 	ERR	java.text.ParseException	expected number but found: END-OF-STREAM	1
POI+NT (5. 5.)	ERR	java.lang.IllegalArgumentException	unknown geo_shape [POI+NT]
POINT (1e 	ERR	java.text.ParseException	invalid number found: 1e	1
POINT (1	ERR	java.text.ParseException	expected number but found: END-OF-STREAM	1
PO	ERR	java.lang.IllegalArgumentException	unknown geo_shape [PO]
POINT 41e+ 2)	ERR	java.text.ParseException	expected EMPTY or ( but found: 41e+	1
P	ERR	java.lang.IllegalArgumentException	unknown geo_shape [P]
POIN" (1e+ 2)	ERR	java.lang.IllegalArgumentException	unknown geo_shape [POIN]
POINT ((-2 3)	ERR	java.text.ParseException	expected number but found: '('	1
POINT (1a-2 3)	ERR	java.text.ParseException	invalid number found: 1a-2	1
PINT (1-2 3)	ERR	java.lang.IllegalArgumentException	unknown geo_shape [PINT]
POINT-(1 2)#c	ERR	java.lang.IllegalArgumentException	unknown geo_shape [POINT-]
POINT(a 2)#c	ERR	java.text.ParseException	invalid number found: a	1
\rOINT(1 2)#c	ERR	java.lang.IllegalArgumentException	unknown geo_shape [OINT]
POI	ERR	java.lang.IllegalArgumentException	unknown geo_shape [POI]
PO3INT (1 2 )	ERR	java.lang.IllegalArgumentException	unknown geo_shape [PO3INT]
POINT (15 2 )	ERR	java.text.ParseException	invalid number found: 2 	1
POI)NT (1 2) 	ERR	java.lang.IllegalArgumentException	unknown geo_shape [POI]
POINT ( 2) 	ERR	java.text.ParseException	expected number but found: ')'	1
POIT (1 2) 	ERR	java.lang.IllegalArgumentException	unknown geo_shape [POIT]
POLYGON ((-85.23458274717753 -31.670814547432002, -88.41916335290372d -35.	ERR	java.text.ParseException	expected word but found: END-OF-STREAM	1
POLYGON ((-85.23458274717753 -31.670814547432002, -88.41916335290372d -35.78665072293062,-85.36561826205791 -33.31821930651241,-86.04149678962885 -30.443451243013627, -87.3604362182932d -0x1.f4b98691d554cp4,-91.09080232786953 -0x1.0b02796fc0b43p5,-84.57977845732606 -34.059221637628674,-85.23458274717753 -31.670814547432002))	G(c03fabba808ee6c8 c0554f03675ad555;c041e4b0f88c2e4e c0561ad3928719ce;c040a8bb6905369b c05557664a2396fb;c03e7186054a1d34 c05582a7e2269613;c03f4b98691d554c c055d7116312773f;c040b02796fc0b43 c056c5cfb491266b;c0410794931a6a55 c055251b171a4902;c03fabba808ee6c8 c0554f03675ad555)
POLYGON ((-85.23458274717753 -31.670814547432002, -88.41916335290372d -35.7866502293062,-85.36561826205791 -33.31821930651241,-86.04149678962885 -30.443451243013627, -87.36045362182932d -0x1.f4b98691d554cp4,-91.09080232786953 -0x1.0b02796fc0b43p5,-84.57977845732606 -34.059221637628674,-85.23458274717753 -31.670814547432002))	G(c03fabba808ee6c8 c0554f03675ad555;c041e4b0f4682169 c0561ad3928719ce;c040a8bb6905369b c05557664a2396fb;c03e7186054a1d34 c05582a7e2269613;c03f4b98691d554c c055d711ac115ed4;c040b02796fc0b43 c056c5cfb491266b;c0410794931a6a55 c055251b171a4902;c03fabba808ee6c8 c0554f03675ad555)
POLYGON ((127.75 35.25 +0.27160365629469085,128.0 +36.75,127.25 35.75,125.0 +34.5,127.0 34.0 0.5758	ERR	java.text.ParseException	expected word but found: END-OF-STREAM	1
POLYGON ((127.75 35.25 +0.27160365629469085,128]0 +36.75,127.25 35.75,125.0 +34.5,127.0 34.0 0.5758852439839116, 127.25 34.0, 127.75 35.25))	ERR	java.text.ParseException	expected number but found: ']'	1
POLYGON ((127.75 35.25 +0.27160365629469085,128.0 +36.75,127.25 35.75,125.0 +34.5,127.0 34.0 0.5	ERR	java.text.ParseException	expected word but found: END-OF-STREAM	1
POLYGON ((-180.0 -41.34297341712623, -179.26978331636238d -41.34297341712623, -179.26978331636238 -40.61275673348{62,-180.0 -40.61275673348862,-0x1.68p7 -41.34297341712623))	ERR	java.text.ParseException	expected word but found: '{'	1
POLYGON ((-180.0 -41.34297341712623, -179.26978331636238d -4\t1.34297341712623, -179.26978331636238 -40.61275673348862,-180.0 -40.61275673348862,-0x1.68p7 -41.34297341712623))	G(c044abe68d8cfa2e c066800000000000;c010000000000000 c06668a2109f190d;c0444e6ed0095e63 c06668a2109f190d;c0444e6ed0095e63 c066800000000000;c044abe68d8cfa2e c066800000000000)
POLYGON ((-180.0 -41.34297341712623, -179.26978331636238d -41.3429734171262x3, -179.26978331636238 -40.61275673348862,-180.0 -40.61275673348862,-0x1.68p7 -41.34297341712623))	ERR	java.text.ParseException	invalid number found: -41.3429734171262x3	1
POLYGON ((83.02048133305135 -72.97996768230327,83.02232619242334 -72.97812282293128,83.02417105179534 -	ERR	java.text.ParseException	invalid number found: -	1
POLYGON ((83.02048133305135 -72.97996768230327,83.02232619242334 -72.97812282293128,83.02417105179534 -72.97627796355928, 83.02232619242334d -72.97812282293128,83.02048133305135 -72.9799678230327))	ERR	java.lang.IllegalArgumentException	first and last points of the polygon must be the same (it must close itself): polyLats[0]=-72.97996768230327 polyLats[4]=-72.9799678230327
POLYGON ((83.02048133305135 -72.97996768230327,83.02232619242334 -72.97812282293128,83.02417105179534 -72.97627796355928, 83.02232619242334d -72.97812282	ERR	java.text.ParseException	expected word but found: END-OF-STREAM	1
POLYGON ((159.25 -0x1.67p6 0.07081224001657993, 159.25 -89.25, 0x1.3d8p7 -88.5, +15	ERR	java.text.ParseException	expected number but found: END-OF-STREAM	1
POLYGON ((159.25 -0x1.67p6 0.07081224001657993, 159.25 -89.25, 0x1.3d8p7 -88.5, +159.0 -88.0, 159.0 -87.5,157.25 -86.5, 156.5 -86.75, 157.5 -x1.63p6, 156.75 -89.0,157.0d -89.25,0x1.39p7 -90.0,156.5d -90.0,157.25 -90.0, 0x1.388p7 -0x1.68p6,+157.25 -0x1.68p6, 157.75 -90.0,158.25 -90.0, 158.75 -90.0,158.25 -90.0, 160.0 -90.0, 160.25 -90.0,159.0 -89.75, 161.0 -89.75, 159.25 -89.75))	ERR	java.text.ParseException	invalid number found: -x1.63p6	1
POLYGON ((159.25 -0x1.67p6 0.07081224001657993, 159.25 -89.25, 0x1.3d8p7 -88.5, +159.0 -88.0, 159.0 -87.5,157.25 -865, 156.5 -86.75, 157.5 -0x1.63p6, 156.75 -89.0,157.0d -89.25,0x1.39p7 -90.0,156.5d -90.0,157.25 -90.0, 0x1.388p7 -0x1.68p6,+157.25 -0x1.68p6, 157.75 -90.0,158.25 -90.0, 158.75 -90.0,158.25 -90.0, 160.0 -90.0, 160.25 -90.0,159.0 -89.75, 161.0 -89.75, 159.25 -89.75))	ERR	java.lang.IllegalArgumentException	invalid latitude -865.0; must be between -90.0 and 90.0
POLYGON (}(180.0d -89.52779623337116, 170.45813767580333 -89.52779623337116, 170.45813767580333 -79.98593390917448, 180.0 -79.98593390917448, 180.0 -89.52779623337116d))	ERR	java.text.ParseException	expected word but found: '}'	1
POLYGON ((180.0d -89.52779623337116, 170.45813767580333 -89.52779623337116, 170.45813767580333 -79.98593390917448, 180.0 -79\r98593390917448, 180.0 -89.52779623337116d))	G(c05661c769da51fe 4066800000000000;c05661c769da51fe 40654ea91057d481;c053ff198a89faff 40654ea91057d481;c053c00000000000 4066800000000000;c05661c769da51fe 4066800000000000)
POLYGON ((180.0d -89.52779623337116, 170.45813767580333 -89.52779623337116, 170.45813767580333 -79.98593390917448, 180.0 -79.98593390917448, 180.0 -89.52779623337116d))	G(c05661c769da51fe 4066800000000000;c05661c769da51fe 40654ea91057d481;c053ff198a89faff 40654ea91057d481;c053ff198a89faff 4066800000000000;c05661c769da51fe 4066800000000000)
POLYGON ((179.1409774858526 16.66976124631816,179.16876791951782 16.669761274108595,179.19655835318304 16.669761301899026,+179.14097751{364304 0x1.0b292bf34cc67p4,179.1409774858526 16.66976124631816))	ERR	java.text.ParseException	expected number but found: '{'	1
POLYGON ((179.140977485852616.66976124631816,179.16876791951782 16.669761274108595,179.19655835318304 16.669761301899026,+179.14097751364304 0x1.0b292bf34cc67p4,179.1409774858526 16.66976124631816))	ERR	java.text.ParseException	invalid number found: 179.140977485852616.66976124631816	1
POLYGON ((179.1409774858526 16.66976124631816,179.16876791951782 16.669761274108595,179.19655835318304 16.669761301899026,+179.1409775136434 0x1.0b292bf34cc67p4,179.1409774858526 16.66976124631816))	G(4030ab7579191090 40666482e33766b2;4030ab7579906c78 406665668bfade2d;4030ab757a07c85f 4066664a34be55a8;4030b292bf34cc67 40666482e346523c;4030ab7579191090 40666482e33766b2)
POLYGON ((-149.61318871117118 -89.36123643876459,-149.57984245294978 -89.32789018054318,-149.546496194728	ERR	java.text.ParseException	expected number but found: END-OF-STREAM	1
POLYGON ((-149.61318871117118 -89.36123643876459,-149.57984245294978 -89.32789018054318,-149.54649619472835 -89.29454392232178, -0x1.2b28e11c2880ep7 -89.32789018054318, -149.61318871117118 -0x1.6571	ERR	java.text.ParseException	invalid number found: -0x1.6571	1
POLYGON ((-149.61318871117118 -89.36123643876459,-19.57984245294978 -89.32789018054318,-149.54649619472835 -89.29454392232178, -0x1.2b28e11c2880ep7 -89.32789018054318, -149.61318871117118 -0x1.6571e7f70a784p6))	G(c056571e7f70a784 c062b39f3dee9836;c05654fc27188733 c03394708e144071;c05652d9cec066e3 c062b17ce59677e5;c05654fc27188733 c062b28e11c2880e;c056571e7f70a784 c062b39f3dee9836)
POLYGON ((107.26506908626422 26.948335983558948, +109.42173161347476 27.026700584451582,109.32203817148178 26.94081584364412,0x1.b7a0aaf343e33p6 25.6655997615205398,0x1.b3bc89810b1c5p6 25.882637436991633,107.1729841534411 +26.99710743260181,109.40112353593908d 27.910806179642496 0.9879398905308912d,109.8843522029246 25.896985694054912,107.26506908626422 26.948335983558948))	G(403af2c625a30174 405ad0f6e4542bde;403b06d5d97900ee 405b5afda697e40f;403af0d94ea00299 405b549c45fda4fc;4039aa64bef7f4c4 405b7a0aaf343e33;4039e1f486ee1ab5 405b3bc89810b1c5;403aff426ec59f90 405acb122c20705f;403be92a98028f29 405b59ac020d20e9;4039e5a0dabcf21a 405b789939fb6d3b;403af2c625a30174 405ad0f6e4542bde)
POLYGON ((107.26506908626422 26.948335983558948, +109.42173161347476 27.026700584451582,109.3220381714178 26.94081584364412,0x1.b7a0aaf343e33p6 25.665599615205398,0x1.b3bc89810b1c5p6 25.882637436991633,107.1729841534411 +26.99710743260181,109.40112353593908d 27.910806179642496 0.9879398905308912d,109.8843522029246 25.896985694054912,107.26506908626422 26.948335983558948))	G(403af2c625a30174 405ad0f6e4542bde;403b06d5d97900ee 405b5afda697e40f;403af0d94ea00299 405b549c45fd9366;4039aa64bc838991 405b7a0aaf343e33;4039e1f486ee1ab5 405b3bc89810b1c5;403aff426ec59f90 405acb122c20705f;403be92a98028f29 405b59ac020d20e9;4039e5a0dabcf21a 405b789939fb6d3b;403af2c625a30174 405ad0f6e4542bde)
POLYGON ((107.26506908626422 26.948335983558948, +109.42173161347476 27.026700584451582,109.32203817148178 26.94081584364412,0x1.b7a0aaf343e33p6 25.665599615205398,0x1.b3bc89810b1c5p6 25.882637436991633,107.1729841534411 +26.99710743260181,109.40112353593908d 27.910806179642496 0.9879398905308912d,109.8843522029246 25.89698569	ERR	java.text.ParseException	expected word but found: END-OF-STREAM	1
POLYGON ((-0x1.e68f5c836e988p4 -90.0, -0x1.e68f5c836e988p4 -80.65778144123273d,-0x1.5115a2588ec2cp4 -80.65778144123273 0.06729570442127664, -21.067\\81778267246 -90.0,-30.410000337034518 -90.0))	ERR	java.text.ParseException	expected number but found: '\\'	1
POLYGON (+(-0x1.e68f5c836e988p4 -90.0, -0x1.e68f5c836e988p4 -80.65778144123273d,-0x1.5115a2588ec2cp4 -80.65778144123273 0.06729570442127664, -21.067781778267246 -90.0,-30.410000337034518 -90.0))	ERR	java.text.ParseException	expected ( but found: +	1
POLYGON ((-0x1.e68f5c836e988p4 -90.0, -0x1.e68f5c836e988p4 -80.65778144123273d,-0x1.5"15a2588ec2cp4 -80.65778144123273 0.06729570442127664, -21.067781778267246 -90.0,-30.410000337034518 -90.0))	ERR	java.text.ParseException	invalid number found: -0x1.5	1
POLYGON ((-41.95538986888272 29.103650007425514,-41.9542797697373p 29.10476010657091 0.7813628996657797d,-41.953169670591926 29.10587020571631, -41.95427976973732 29.10476010657091 0.8644287243685662,-41.95538986888272 +29.103650007425514))	ERR	java.text.ParseException	invalid number found: -41.9542797697373p	1
POLYGON ((-41.95538986888272 29.103650007425514,-41.95427976973732 29.10476010657091 0.7813628996657797d,-41.953169670591926 29.10587020571631, -41.95427976973732 29.10476010657091 0.8644287243685662,-41	ERR	java.text.ParseException	expected number but found: END-OF-STREAM	1
POLYGON ((-41.95538986888272 29.103650007425514,-41x95427976973732 29.10476010657091 0.7813628996657797d,-41.953169670591926 29.10587020571631, -41.95427976973732 29.10476010657091 0.8644287243685662,-41.95538986888272 +29.103650007425514))	ERR	java.text.ParseException	invalid number found: -41x95427976973732	1
POLYGON ((104.25 +18.25,103.25 18.25, 103.25 19.5, 0x	ERR	java.text.ParseException	invalid number found: 0x	1
POLYGON ((104.25 +18.25,103.25 18.25, 103.25 19.5, 0x1.99p6 18.5,101.5 18.75, 101.75 18.25,101.0 18.75,+101.5 18\t0, +101.0 17.75, 100.25 17.5, 0x1.96p6 17.25,102.0 16.25,103.0d +15.75, +104.25 18.25))	G(4032400000000000 405a100000000000;4032400000000000 4059d00000000000;4033800000000000 4059d00000000000;4032800000000000 4059900000000000;4032c00000000000 4059600000000000;4032400000000000 4059700000000000;4032c00000000000 4059400000000000;4032000000000000 4059600000000000;4031c00000000000 4059400000000000;4031800000000000 4059100000000000;4031400000000000 4059600000000000;4030400000000000 4059800000000000;402f800000000000 4059c00000000000;4032400000000000 405a100000000000)
POLYGON ((104.25 +18.25,103.25 18.25, 103.25 19.5, 0x1.99p6 18.5,101.5 18.75, 	ERR	java.text.ParseException	expected word but found: END-OF-STREAM	1
POLYGON ((-129.49285226985938 90.0,-129.49285226985938 82.06846637757481,-121.56131864743419 82.06846637757481, -121.56131864743419 90.0 0.9361186853755505,-12[9.49285226985938 90.0 0.7005375255374234))	ERR	java.text.ParseException	expected number but found: '['	1
POLYGON ((-129.49285226985938 90.0,-129.49285226985938 82.06846637757481,-121.56131864743419 82.06846637757481, -121.56131864743419 90.0 0.9361186853755505,-129.49285226985938 90.0 0.70	ERR	java.text.ParseException	expected word but found: END-OF-STREAM	1
POLYGON ((-129.49285226985938 90.0,-129.	ERR	java.text.ParseException	expected number but found: END-OF-STREAM	1
POLYGON ((82.79122074181086 -78.07696027404543,82.79589984618319d -0x1.384eceac4014	ERR	java.text.ParseException	invalid number found: -0x1.384eceac4014	1
POLYGON ((82.79122074181086 -78.07696027404543,82.79589984618319d -0x1.384eceac40143p6, 0x1.4b33caf7ea02	ERR	java.text.ParseException	invalid number found: 0x1.4b33caf7ea02	1
POLYGON ((82.79122074181086 -78.07696027404543,82.79589984618319d -0x1.384eceac40143p6, 0x,.4b33caf7ea021p6 -78.07696026468723, 82.79122074648997 -78.0722811696731 +0.11025668002827849,82.79122074181086 -78.07696027404543))	ERR	java.text.ParseException	invalid number found: 0x	1
POLYGON ((107.40533236666141 -0x1.0f6b6d94\\35dfep5, 107.45189614210022 -33.88089132356605 0.8181027528894351, 107.49845991753904 -33.834327548127234, 107.45189614210022 -33.88089132356605, 107.40533236666141 -0x1.0f6b6d9435dfep5))	ERR	java.text.ParseException	invalid number found: -0x1.0f6b6d94	1
POLYGON ((107.40533236666141 -0x1.0f6b6d9435dfep5, 107.45189614210022 -33.88089132356605 0.8181027528894351, 107.49845991753904 -33.834327548127234, 107.4518961421022 -33.88089132356605, 107.40533236666141 -0x1.0f6b6d9435dfep5))	G(c040f6b6d9435dfe 405ad9f0f72ab48c;c040f0c10c0105ee 405adcebddcbe094;c040eacb3ebeadde 405adfe6c46d0c9c;c040f0c10c0105ee 405adcebddcbe11f;c040f6b6d9435dfe 405ad9f0f72ab48c)
POLYGON ((107.4053	ERR	java.text.ParseException	expected number but found: END-OF-STREAM	1
POLYGON ((0.0 0.0,10.0 0.0, 10.0 10.0, 0.0 10.0,0.0 0.0), (0.0 0.0,2.0 5.0,# 5.0 5.0d,0x0.0p0 0.0))	ERR	java.text.ParseException	expected word but found: END-OF-STREAM	1
POLYGON ((0.0 00,10.0 0.0, 10.0 10.0, 0.0 10.0,0.0 0.0), (0.0 0.0,2.0 5.0, 5.0 5.0d,0x0.0p0 0.0))	G(0 0;0 4024000000000000;4024000000000000 4024000000000000;4024000000000000 0;0 0|0 0;4014000000000000 4000000000000000;4014000000000000 4014000000000000;0 0)
POLYGON ((0.0 0.0,10.0 0.0, 10.0 10.0, 0.0 10.0,0.0 0.0), (0.0 0.0,2.0 5.0, 5.( 5.0d,0x0.0p0 0.0))	ERR	java.text.ParseException	expected number but found: '('	1
POLYGON ((0x0.0p0 0.0, +10.0 0.0, 10.0 0x1.4p3, 0.0 0x1.4p3,+0.0 0.0), (2.0 2.0d, 0x1.4p2 5.0d,5.0 2.0, 2.0 0x1.0p1), (5.0 5.0,	ERR	java.text.ParseException	expected word but found: END-OF-STREAM	1
POLYGON ((0x0.0p0 0.0, +10.0 0.0, 10.0 0x1.4p3, 0.0 0x1.4p3,+0.0 0.0), (2.0 2.0d, 0x1.4p2 5.0d[5.0 2.0, 2.0 0x1.0p1), (5.0 5.0, 5.0 8.0, 8.0 8.0d,5.0 5.0))	ERR	java.text.ParseException	expected word but found: '['	1
POLYGON ((0x0.0p0 0.0, +10.0 0.0, 10.0 0x1.4p3, 0.0 0x14p3,+0.0 0.0), (2.0 2.0d, 0x1.4p2 5.0d,5.0 2.0, 2.0 0x1.0p1), (5.0 5.0, 5.0 8.0, 8.0 8.0d,5.0 5.0))	ERR	java.lang.IllegalArgumentException	invalid latitude 160.0; must be between -90.0 and 90.0
POLYGON ((0.0 0.0, 1.0 0.0, 1.0 1.0,0.0d 1.0,0	ERR	java.text.ParseException	expected number but found: END-OF-STREAM	1
POLYGON ((0.0 0.0, 1.0 0.0, 1.0 1.0,0.0d 1.0,0.0 0.0), (5.0 5.0d,0x1.4p2 6.0,6.0 6.0,+e5.0 5.0))	ERR	java.text.ParseException	invalid number found: +e5.0	1
POLYGON ((0.0 0.0, 1.0 0.0, 1.0 1.0,0.0d 1.0,0.0 0.0), (5.0 5.0d,x1.4p2 6.0,6.0 6.0,+5.0 5.0))	ERR	java.text.ParseException	invalid number found: x1.4p2	1
POLYGON ((0.0 0.0,1.0\t1.0, 1.0 0.0,+0.0 1.0, 0.0 +0.0))	G(0 0;3ff0000000000000 3ff0000000000000;0 3ff0000000000000;3ff0000000000000 0;0 0)
POLYGON ((0.0 0.0,1.0 1.0, 1.0 0.0,+0. 1.0, 0.0 +0.0))	G(0 0;3ff0000000000000 3ff0000000000000;0 3ff0000000000000;3ff0000000000000 0;0 0)
POLYGON-((0.0 0.0,1.0 1.0, 1.0 0.0,+0.0 1.0, 0.0 +0.0))	ERR	java.lang.IllegalArgumentException	unknown geo_shape [POLYGON-]
POLYGON ((-180.0 -90.0, 180.0 -0x1.68p6, 180.0 90.0,-0x1P68p7 90.0,-180.0 -90.0))	ERR	java.text.ParseException	invalid number found: -0x1P68p7	1
POLYGON ((-180.0 -90.0, 180.0 -0x1.68p6, 180.0 90.0,-0x1.68p7 90.0,-180.0 -90.0)	ERR	java.text.ParseException	expected word but found: END-OF-STREAM	1
POLYGON ((-180.0 -90.0, 180.0 -0x1.68p6, 180.0 90.0,-0x1.68pP 90.0,-180.0 -90.0))	ERR	java.text.ParseException	invalid number found: -0x1.68pP	1
POLYGON ((0.0 0.0d, 10.0 +0.0,10.0d +10.0,0.0 10.0,0.0 0.0), (0.0 0.0,4.0d +1.0,4.0 2.0,0.0 0.0), (0.1 0.0, 2.0 4.0,1.0 4.0,0.0 0.0), (0.0 0.0, 3.0 3.0,2.0 2.0, 0.0d 0.0))	ERR	java.lang.IllegalArgumentException	first and last points of the polygon must be the same (it must close itself): polyLons[0]=0.1 polyLons[3]=0.0
POLYGON ((0.0 0.0d, 10.0 +0.0,10.0d +10.0,0.0 10.,0.0 0.0), (0.0 0.0,4.0d +1.0,4.0 2.0,0.0 0.0), (0.0 0.0, 2.0 4.0,1.0 4.0,0.0 0.0), (0.0 0.0, 3.0 3.0,2.0 2.0, 0.0d 0.0))	G(0 0;0 4024000000000000;4024000000000000 4024000000000000;4024000000000000 0;0 0|0 0;3ff0000000000000 4010000000000000;4000000000000000 4010000000000000;0 0|0 0;4010000000000000 4000000000000000;4010000000000000 3ff0000000000000;0 0|0 0;4008000000000000 4008000000000000;4000000000000000 4000000000000000;0 0)
POLYGON ((0.0 0.0d, 10.0 +0.0,10.0d +10.0,0.0 10.0,0.0 0.0), (0.0 0.0,4.0d +1.0,4.0 2.0,0.0 0.0), (0.0 0.0, 2.0 4.0,1.0 4.0,0.0 0.0), (0.0 0.0, 3.0 3.0,2.0 2.0, 0.0d 0	ERR	java.text.ParseException	expected word but found: END-OF-STREAM	1
POLYGON ((+0.0 0.0,0x1.4p3 0.0, 0x1.4p3 10.0,0.0 +10.0, 0.0 0.0), (5.0 5.0, 7.0 5.0, 7.0 6.0, 5.0 5.0), (5.0 5.0, 5.0 7.0,4.0 7.0, 5.0 5.0)	ERR	java.text.ParseException	expected word but found: END-OF-STREAM	1
POLYGON X((+0.0 0.0,0x1.4p3 0.0, 0x1.4p3 10.0,0.0 +10.0, 0.0 0.0), (5.0 5.0, 7.0 5.0, 7.0 6.0, 5.0 5.0), (5.0 5.0, 5.0 7.0,4.0 7.0, 5.0 5.0), (5.0 5.0,3.0 5.0,3.0d 4.0, 0x1.4p2 5.0), (5.0 5.0,5.0 +3.0, 6.0 3.0,5.0 5.0))	ERR	java.text.ParseException	expected EMPTY or ( but found: X	1
POLYGON ((+0.0 0.0,0x1.4p3 0.0, 0x1.4p3 10.0,0.0 +10.0, 0.0 0.0), (5.0 5.0, 7.0 5.0, 7.0 6.0, 5.0 5.0), (5.0 5.0, 5.E 7.0,4.0 7.0, 5.0 5.0), (5.0 5.0,3.0 5.0,3.0d 4.0, 0x1.4p2 5.0), (5.0 5.0,5.0 +3.0, 6.0 3.0,5.0 5.0))	ERR	java.text.ParseException	invalid number found: 5.E	1
POLYGON p(0.0 0.0,10.0 0.0,10.0 10.0 0.6373649721023067d,0.0 10.0, 0.0 0.0), (2.0 2.0,4.0d 1.0,4.0d 0x1.4p1, 2.0 0x1.0p1), (2.0 2.0 0.028443956312189766,4.0 0x1.8p1,3.0 4.0,2.0 2.0))	ERR	java.text.ParseException	expected EMPTY or ( but found: p	1
POLYGON ((0.0 0.0,10.0 0.0,10.0 10.0 0.6373649721023067d,0.0 10.0, 0.0 0.0), (2.0 2.0,4.0d 1.0,4.0d 0x1.4p1, 2.	ERR	java.text.ParseException	expected number but found: END-OF-STREAM	1
POLYGON ((0.0 0.0,10.0 0.u0,10.0 10.0 0.6373649721023067d,0.0 10.0, 0.0 0.0), (2.0 2.0,4.0d 1.0,4.0d 0x1.4p1, 2.0 0x1.0p1), (2.0 2.0 0.028443956312189766,4.0 0x1.8p1,3.0 4.0,2.0 2.0))	ERR	java.text.ParseException	invalid number found: 0.u0	1
POLYGON ((0.0 0.0,10.	ERR	java.text.ParseException	expected number but found: END-OF-STREAM	1
POLYGON ((0.0 0.0,10.0 (.0, 10.0 10.0d,0.0 10.0, 0.0 0.0), (0.0 5.0, 3.0 4.0,3.0d 6.0,0.0 +5.0))	ERR	java.text.ParseException	expected number but found: '('	1
POLYGON ((0.0 0.0,10.0 0.0, 10.0 10.0d,0.0 10.0, 0.0 0.0), (0.0 5.0,93.0 4.0,3.0d 6.0,0.0 +5.0))	G(0 0;0 4024000000000000;4024000000000000 4024000000000000;4024000000000000 0;0 0|4014000000000000 0;4010000000000000 4057400000000000;4018000000000000 4008000000000000;4014000000000000 0)
POLYGON ((+1.0 0.0, 0.0 5.0 0x1.3039f11013d5ep-1,1.0 10.0,10.0 10.0,10.0 0.0,1.0 0.0d), #0x1.8p1 5.0,5.0 4.0, 5.0 6.0, 3.0 0x1.4p2))	ERR	java.text.ParseException	expected word but found: END-OF-STREAM	1
POLYGON ((+1.0 0.0, 0.0 5	ERR	java.text.ParseException	expected word but found: END-OF-STREAM	1
POLYGON ((+1.0 0.0, 0.0 5.0 0x1.3039f11013d5ep-1,1.0 	ERR	java.text.ParseException	expected number but found: END-OF-STREAM	1
POLYGON ((0.0 0.0,0x1.4p3 0.0 0.41030580E468542166,10.0 10.0, 0.0 10.0, 0.0 0.0 +0.16687075520131334), (1.0 1.0, 2.0 2.0, 3.0 3.0,+1.0 1.0 0.6180949561895848))	G(0 0;0 4024000000000000;4024000000000000 4024000000000000;4024000000000000 0;0 0|3ff0000000000000 3ff0000000000000;4000000000000000 4000000000000000;4008000000000000 4008000000000000;3ff0000000000000 3ff0000000000000)
POLYGON ((0.0 0.0,0x1.4p3 0.0 0.41030580468542166,10.0 10.0, 0.0 10.0, 0.0 0.0 +0.16687075520131334), (1.0 1.0, 2.0 2.0, 3.0 3.0,+1.0 1.0 0.618094956189584\n))	G(0 0;0 4024000000000000;4024000000000000 4024000000000000;4024000000000000 0;0 0|3ff0000000000000 3ff0000000000000;4000000000000000 4000000000000000;4008000000000000 4008000000000000;3ff0000000000000 3ff0000000000000)
POLYGON ((0.0 0.0,0x1.4p3 0.0 0.41030580468542166,10.0 10.0, 0.0 10.0, 0.0 Z.0 +0.16687075520131334), (1.0 1.0, 2.0 2.0, 3.0 3.0,+1.0 1.0 0.6180949561895848))	ERR	java.text.ParseException	invalid number found: Z.0	1
POLYGON ((0.0 0x0.0p0,10.0 0.0,10.0 +5.0, 10.0 10.0,10.0 5.0, 10.0 10.0,0.0 10.0, 0.0 	ERR	java.text.ParseException	expected number but found: END-OF-STREAM	1
POLYGON ((0.0 0x0.0p0,10.0 0.0,10.0 +5.0, 10.0 10.0-,10.0 5.0, 10.0 10.0,0.0 10.0, 0.0 0.0))	ERR	java.text.ParseException	invalid number found: 10.0-	1
POLYGON ((0.0 0x0.00,10.0 0.0,10.0 +5.0, 10.0 10.0,10.0 5.0, 10.0 10.0,0.0 10.0, 0.0 0.0))	ERR	java.text.ParseException	invalid number found: 0x0.00	1
POLYG7ON ((0.0 0.0d,10.0 0.0, 10.0d 10.0,0.0 10.0d,0.0d 0x1.4p2, 5.0 5.0d,2.0 5.0,0.0 0.0))	ERR	java.lang.IllegalArgumentException	unknown geo_shape [POLYG7ON]
POLYGON ((0.0 0.0d,10.0 0.0, 10.0d 10.0,0.0 10.0d,0.0d 0x1.4p2, 5.0 5.0d,2.0 5\r.0,0.0 0.0))	G(0 0;0 4024000000000000;4024000000000000 4024000000000000;4024000000000000 0;4014000000000000 0;4014000000000000 4014000000000000;4014000000000000 4000000000000000;0 0)
POLYGON ((0.0 0.0d,10.0 0.0, 10.0d 10.0,0.0 10.0d,0.0d	ERR	java.text.ParseException	expected number but found: END-OF-STREAM	1
POLYGON ((0.0 0.0, 1.0 0.0 0.70542802058\t6113,0x1.0p0 0.0,1.0 3.0,5.0d +3.0,0.0 3.0,0.0 0.0))	ERR	java.text.ParseException	expected , or ) but found: 6113	1
POLYGON ((0.0 0.0, 1.0 0.0 0.7054280205846113,0x1.0p0 0.0,1.0 3.0\n,5.0d +3.0,0.0 3.0,0.0 0.0))	G(0 0;0 3ff0000000000000;0 3ff0000000000000;4008000000000000 3ff0000000000000;4008000000000000 4014000000000000;4008000000000000 0;0 0)
POLYGON ((0.0 0.0, 1.0 0.0 0.7054280205846113,0x1.0p0 0.0,1.0 3.0,5.0d +3.0,0.0 3.0,0.0 0.0)1	ERR	java.text.ParseException	expected , or ) but found: 1	1
MULTIPOLYGON (((127.75 35.25,128.0 36.75, +127.25 35.75,125.0 34.5,127.0d 34.0d,127.25 34.0,127.75 35.25d)), ((-180.0 -41.34297341712623,-179.26978331636238 -41.34297341712623, -179.26978331636238 -40.6127567334,862, -0x1.68p7 -40.61275673348862,-180.0d -41.34297341712623)))	ERR	java.text.ParseException	expected number but found: ','	1
MULTIPOLYGON (((127.75 35.25,128.0 36.75, +127.25 35.75,1250 34.5,127.0d 34.0d,127.25 34.0,127.75 35.25d)), ((-180.0 -41.34297341712623,-179.26978331636238 -41.34297341712623, -179.26978331636238 -40.61275673348862, -0x1.68p7 -40.61275673348862,-180.0d -41.34297341712623)))	ERR	java.lang.IllegalArgumentException	invalid longitude 1250.0; must be between -180.0 and 180.0
MULTIPOLYGON (((127.75 35.25,128.0 36.75, +127.25 35.75,125.0 34.5,127.0d 34.0d,127.25 34.0,127.75 35.25d)), ((-180.0 -41.34297342712623,-179.26978331636238 -41.34297341712623, -179.26978331636238 -40.61275673348862, -0x1.68p7 -40.61275673348862,-180.0d -41.34297341712623)))	ERR	java.lang.IllegalArgumentException	first and last points of the polygon must be the same (it must close itself): polyLats[0]=-41.34297342712623 polyLats[4]=-41.34297341712623
MULTIPOLYGON (((0.0 0x0.0p0,10.0 0.0, 10.0 10.0,0.0 +10.0, 0x0.	ERR	java.text.ParseException	invalid number found: 0x0.	1
MULTIPOLYGON (((0.0 0x0.0p0,10.0 0.0, 10.0 10.0,0.0 +10.0, 0x0.0p0 0.0), (0.0 0.0, 2.0 5.0,5.0 5.0d, 0.0 0.0 0x1.1970a99fa624p-5)), ((0.0 0.0, 0x1.4p3 0.0,10.0 0x1.4p3,0.0 10.0d,0.0 0.0), (2.0 2.0,5.0 5.0, 5.0 2.0, 2.0 2.0), (5.0 5.0,+5.0 8.0d,8.0 0x1.0p3	ERR	java.text.ParseException	expected word but found: END-OF-STREAM	1
MULTIPOLYGON (((0.0 0x0.0p0,10.0 0.0, 10.0 10.0,0.0 +10.0, 0x0.0p0 0.0), (0.0 0.0, 2.0 5.0,5.0 5.0d, 0.0 0.0 0x1.1970a99fa624p-5)), ((0.0 0.0, 0x1.4p3 0.0,10.0 0x1.4p3,0.0 10.0d,0.0 0.0), (2.0 2.0,5.0 5.0, 5.0 2.0, 2.0 2.0),	ERR	java.text.ParseException	expected word but found: END-OF-STREAM	1
MULTIPOLYGON (((0.0 0.0,1.0 0.0,1.0 1.0,0.0 1.0, +0.0 0.0), (5.0 5.0, 5.0 6.0, 6.0 6.0 0.3426970623564819, 5.0 0x1.4p2)), ((0.0 0.0d, 1.0 1.0 0.6477509841346503, 10d 0.0 0.22712810495643254,+0.0 1.0,0.0 0.0)))	MG[G(0 0;0 3ff0000000000000;3ff0000000000000 3ff0000000000000;3ff0000000000000 0;0 0|4014000000000000 4014000000000000;4018000000000000 4014000000000000;4018000000000000 4018000000000000;4014000000000000 4014000000000000),G(0 0;3ff0000000000000 3ff0000000000000;0 4024000000000000;3ff0000000000000 0;0 0)]
MULTIPOLYGON (((0.0 0.0,1.0 0.0,1.0 1.0,0.0 1.0, +0.0 0.0), (5.0 5.0, 5.06.0, 6.0 6.0 0.3426970623564819, 5.0 0x1.4p2)), ((0.0 0.0d, 1.0 1.0 0.6477509841346503, 1.0d 0.0 0.22712810495643254,+0.0 1.0,0.0 0.0)))	ERR	java.text.ParseException	invalid number found: 5.06.0	1
MULTIPOLYGON (((0.0 0.0,1.0 0.0,1.0 1).0,0.0 1.0, +0.0 0.0), (5.0 5.0, 5.0 6.0, 6.0 6.0 0.3426970623564819, 5.0 0x1.4p2)), ((0.0 0.0d, 1.0 1.0 0.6477509841346503, 1.0d 0.0 0.22712810495643254,+0.0 1.0,0.0 0.0)))	ERR	java.text.ParseException	expected , or ) but found: .0	1
MULTIPOLYGON (((0.0 0.0,10.0 0.0, 10.0 +10.0,0.0 10.0, 0x0.0p0 0.0), (2.0 2.0,4.0 1.0,4.0d 2.5, 2.0 2.0), (2.0d 0x1.0p1, 4.0 3.0, 3.0 +4.0,2.0 2.0)), ((0.0 +0.0,0x1.4p3 0.0,10.0 10.0,0.0 100,0.0 0.0), (0.0 +5.0,3.0 4.0, 3.0 6.0 0.9556091907546915,0.0 5.0)))	ERR	java.lang.IllegalArgumentException	invalid latitude 100.0; must be between -90.0 and 90.0
MULTIPOLYGON (((0.0 0.0,10.0 0.0, 10.0u +10.0,0.0 10.0, 0x0.0p0 0.0), (2.0 2.0,4.0 1.0,4.0d 2.5, 2.0 2.0), (2.0d 0x1.0p1, 4.0 3.0, 3.0 +4.0,2.0 2.0)), ((0.0 +0.0,0x1.4p3 0.0,10.0 10.0,0.0 10.0,0.0 0.0), (0.0 +5.0,3.0 4.0, 3.0 6.0 0.9556091907546915,0.0 5.0)))	ERR	java.text.ParseException	invalid number found: 10.0u	1
MULTIPOLYGON (((0.0 0.0,10.0 0.0, 10.0 +10.0,0.0 10.0, 0x0.0p0 0.0), (2.0 2.0,4.0 1.0,4.0d 2.5 2.0 2.0), (2.0d 0x1.0p1, 4.0 3.0, 3.0 +4.0,2.0 2.0)), ((0.0 +0.0,0x1.4p3 0.0,10.0 10.0,0.0 10.0,0.0 0.0), (0.0 +5.0,3.0 4.0, 3.0 6.0 0.9556091907546915,0.0 5.0)))	ERR	java.text.ParseException	expected , or ) but found: 2.0	1
MULTIPOLYGON (((1.0 0.0 0.42267846415810195, 0.0d 5.0,1.0d 10.0,10.0 10.0, 10.0 +0.0,1.0 0.0), (3.0 5.0,0x1.4p2 4.0,5.0d 6.0,3.0 5.0)), ((0.0 0.0, 10.0 0.010.0 0x1.4p3,0.0 10.0, 0.0 0.0), (0x1.0p0 1.0, 2.0 0x1.0p1,3.0 3.0,0x1.0p0 1.0d)))	ERR	java.text.ParseException	invalid number found: 0.010.0	1
MULTIPOLYGON (((1.0 0.0 0.42267846415810195, 0.0d 5.0,1.0d 10.0,10.0 10.0, 10.0 +0.0,1.0 0.0), (3.0 5.0,0x1.4p2 4.0,5.0d 6.0,3.0 5.0)), ((0.0 0.0, 10.050.0,10.0 0x1.4p3,0.0 10.0, 0.0 0.0), (0x1.0p0 1.0, 2.0 0x1.0p1,3.0 3.0,0x1.0p0 1.0d)))	ERR	java.text.ParseException	invalid number found: 10.050.0	1
MULTIPOLYGON (((1	ERR	java.text.ParseException	expected number but found: END-OF-STREAM	1
LINESTRING (0x1.bf82ed6a51736p6 76.32872934770434, 111.1683782318034 76.317706a0006164d, 112.12639506850728 75.91569467610356,111.07871012954634d 76.65946794441415,111.49675322031278 75.47935441115415)	ERR	java.text.ParseException	invalid number found: 76.317706a0006164d	1
LINESTRING (0x1.bf82ed6a51736p6 76.32872934770434, 111.683782318034 76.3177060006164d, 112.12639506850728 75.91569467610356,111.07871012954634d 76.65946794441415,111.49675322031278 75.47935441115415)	L(40531509e6d16809 405bf82ed6a51736;405314554b8c98fc 405bebc316e96281;4052fa9abdd7bf1c 405c0816db576753;40532a34b9098139 405bc509963610fd;4052deadbe1fc66d 405bdfcace04db45)
LINESRING (0x1.bf82ed6a51736p6 76.32872934770434, 111.1683782318034 76.3177060006164d, 112.12639506850728 75.91569467610356,111.07871012954634d 76.65946794441415,111.49675322031278 75.47935441115415)	ERR	java.lang.IllegalArgumentException	unknown geo_shape [LINESRING]
MULTIPOINT (111.8778587925161 76.32872934770434, 111.1683782318034 76.3177060006164,112.12639506850728 75.91569467610356d, 111.07871012954634 76.65946794441415, 111.49675322031278 75.	ERR	java.text.ParseException	expected word but found: END-OF-STREAM	1
MULTIPOINT (111.8778587925161 76.32872934770434, 111.1683782318034 76.3177060006164,112.12639506850728 75.91569467610356d, 111.07871012954634 76.65946794441415, 111.49675322031278 75.479835441115415)	MP[P(405bf82ed6a51736,40531509e6d16809),P(405bcac6b57dbd0d,405314554b8c98fc),P(405c0816db576753,4052fa9abdd7bf1c),P(405bc509963610fd,40532a34b9098139),P(405bdfcace04db45,4052deb59fb5c35b)]
MULTIPOINT (111.8778587925161 76.32872934770434, 111.1683782318034 76.3177060006164,112.126395068507	ERR	java.text.ParseException	expected number but found: END-OF-STREAM	1
LINESTRING (-167.0616893998459 -20.65618131906744, -167.67312512135223 -21.00991387112311,-168.02860305108373 -20.34971195915195,-167.1740942329563 -21.01237465623727, -168.55885794182356d -21.504814042953857,-168.46178303586407 -21.266	ERR	java.text.ParseException	expected word but found: END-OF-STREAM	1
LINESTRING (-167.0616893998459 -20.65618131906744, -167.67312512135223 -21.00991387112311,-168.02860305108373 -20.34971195915195,-167.1740942329563-21.01237465623727, -168.55885794182356d -21.504814042953857,-168.46178303586407 -21.266696511281655,-167.21003793333517 -20.37917940482328)	ERR	java.text.ParseException	invalid number found: -167.1740942329563-21.01237465623727	1
LINESTRING (-167.0616Z93998459 -20.65618131906744, -167.67312512135223 -21.00991387112311,-168.02860305108373 -20.34971195915195,-167.1740942329563 -21.01237465623727, -168.55885794182356d -21.504814042953857,-168.46178303586407 -21.266696511281655,-167.21003793333517 -20.37917940482328)	ERR	java.text.ParseException	invalid number found: -167.0616Z93998459	1
MULTIPOINT (-167.0616893998459) -0x1.4a7fb7fb9a40bp4,-167.67312512135223 -21.00991387112311, -168.02860305108373 -20.34971195915195,-167.1740942329563 -21.01237465623727, -168.55885794182356 -21.504814042953857, -168.46178303586407d -21.266696511281655,-167.21003793333517 -20.37917940482328)	ERR	java.text.ParseException	expected number but found: ')'	1
MULTIPOINT (-167.0616893998459d -0x1.4a7fb7fb9a40bp4,-167.67312512135223 -21.00991387112311, -168.02860305108373 -20.34971195915195,-167.1740942329563 -21.01237465623]727, -168.55885794182356 -21.504814042953857, -168.46178303586407d -21.266696511281655,-167.21003793333517 -20.37917940482328)	ERR	java.text.ParseException	expected word but found: ']'	1
MULTIPOINT (-167.0616893998459d -0x1.4a7f	ERR	java.text.ParseException	invalid number found: -0x1.4a7f	1
LINESTRING (51.57646637361685 -74.76094410276842, 51.57379997323809 -74.7640441359531,51.5473764402513 -74.77749942017596, 51.55806357518964 -74.76370696791238,51.57414327072795 -74.75384069649674d, 51.569606360959156d -74.77911631179042d, +51.56455950215812 -74.75760106297254, 51.56346470118121 -74.77923037124417)	L(c052b0b34ee4de5d 4049c9c9a66ef6cc;c052b0e6196027a0 4049c972470bc06b;c052b1c28ced9424 4049c6106e62bd78;c052b0e09330ba4e 4049c76ea09243a1;c052b03eed0c763b 4049c97d86d57f5d;c052b1dd0aa9bae1 4049c8e8dc79f4e2;c052b07c892b3871 4049c8437c5b3524;c052b1dee91022cb 4049c81f9c800309)
LINESTRING (51.57646637361685 -74.76094410276842, 51.57379997323809 -74.7640441359531,51.5473764402513 -74.77749942017596, 51.558063575189614 -74.76370696791238,51.57414327072795 -74.75384069649674d, 51.569606360959156d -74.7791163117904	ERR	java.text.ParseException	expected word but found: END-OF-STREAM	1
LINESTRING (51.57646637361685 -74.76094410276842, 51.57379997323809 -74.7640441359531,51.5473764402513 -74.77749942017596, 51.558063575189614 -74.76370696791238,51.57414327072795 -74.75384069649674d, 51.569606360959156d -74.77911631179042d, +51.56455950215812 -74.75760106297254, 51.5634647011121 -74.77923037124417)	L(c052b0b34ee4de5d 4049c9c9a66ef6cc;c052b0e6196027a0 4049c972470bc06b;c052b1c28ced9424 4049c6106e62bd78;c052b0e09330ba4e 4049c76ea092439d;c052b03eed0c763b 4049c97d86d57f5d;c052b1dd0aa9bae1 4049c8e8dc79f4e2;c052b07c892b3871 4049c8437c5b3524;c052b1dee91022cb 4049c81f9c7fdd0b)
MULTIPOINT (+51.57646637361685 -74.76094410276842,51.57379997323809 -74.7640441359531 0.913895000479766, +51.5473764402513 -74.77749942017596,51.558063575189614 -74.76370696791238, 51.57414327072795d -74.75\\384069649674, 51.569606360959156 -74.77911631179042,0x1.9c8437c5b3524p5 -0x1.2b07c892b3871p6, 51.56346470118121 -74.77923037124417)	ERR	java.text.ParseException	expected word but found: '\\'	1
MULTIPOINT (+51.57646637361685 -74.76094410276842,51.57379997323809 -74.7640441359531 0.913895000479766, +51.5473764402513 -74.77749942017596,51.558063575189614 -74.76370696791238, 51.57414327072795d -74.75384069649674, 51.-569606360959156 -74.77911631179042,0x1.9c8437c5b3524p5 -0x1.2b07c892b3871p6, 51.56346470118121 -74.77923037124417)	ERR	java.text.ParseException	invalid number found: 51.-569606360959156	1
MULTIPOINT (+51.57646637361685 -74.76094410276842,51.57379997323809 -74.7640441359531 0.91389500047976u, +51.5473764402513 -74.77749942017596,51.558063575189614 -74.76370696791238, 51.57414327072795d -74.75384069649674, 51.569606360959156 -74.77911631179042,0x1.9c8437c5b3524p5 -0x1.2b07c892b3871p6, 51.56346470118121 -74.77923037124417)	ERR	java.text.ParseException	invalid number found: 0.91389500047976u	1
LINESTRING (179.27044174883957 1.8713082878675549,179.27130900133645 1.872071423739301d, 179.26976471426096 1.870985X404283798d, 179.27075562438472 1.8716291417434254,179.2708418496598 1.8709235410827494,179.2698423842171 1.8706094330224474,+179.27115935601805 1.8712418005682456 0.059662470830811776,179.27148361959516 1.8708449063591508)	ERR	java.text.ParseException	invalid number found: 1.870985X404283798d	1
LINESTRING (179.27044174883957 1.8713082878675549,179.27130900133645 1.872071423739301d, 179.26976471426096 1.8709852404283798d, 179.27075562438472 1.8716291417434254,179.270E8418496598 1.8709235410827494,179.2698423842171 1.8706094330224474,+179.27115935601805 1.8712418005682456 0.059662470830811776,179.27148361959516 1.8708449063591508)	ERR	java.lang.IllegalArgumentException	invalid longitude Infinity; must be between -180.0 and 180.0
LINESTRING (179.27044174883957 1.8713082878675549	ERR	java.text.ParseException	expected word but found: END-OF-STREAM	1
MULTIPOINT (179.27044174883957 1.8713082878675549,0x1.668ae9036fb37p7 1.872071423739301, 179.26976471426096 1.8709852404283798d,0x1.668a07b2fe18p7 1.8716291417434254, 179.2708418496598 1.8709235410827494,179.2698423842171 1.8706094330224474, 0x1.668ad5662c343p7 1.8712418005682456, 179.27148361959516 +1.8708449063591508 0.9598704493073295)	MP[P(406668a7757457a6,3ffdf0e0f591ff99),P(406668ae9036fb37,3ffdf4012a4bc886),P(406668a1e99c2bb3,3ffdef8e382f0475),P(406668a07b2fe180,3ffdf231662074fc),P(406668aabc86d5aa,3ffdef4d85e4454f),P(406668a28c7ee930,3ffdee042826ba6d),P(406668ad5662c343,3ffdf09b3e05948f),P(406668affe6a71f3,3ffdeefb118b3636)]
MULTIPOINT (179.27044174883957 1.8713082878675549,0x1.668ae9036fb37p7 1.872071423739301, 179.26976471426096 1.8709852404283798d,0x1.668aa07b2fe18p7 1.8716291417434254, 179.2708418496598 1.8709235410827494,179.2698423842171 1.8706094330224474, 0x1.668ad5662c343p7 1.8712418005682456, 179.27148361959516 +1.8708449063#91508 0.9598704493073295)	ERR	java.text.ParseException	expected word but found: END-OF-STREAM	1
MULTIPOINT (179.27044174883957 1.8713082878675549,0x1.668ae9036fb37p7 1.872071423739301, 179.26976471426096 1.8709852404283798d,0x1.668aa07b2fe1{8p7 1.8716291417434254, 179.2708418496598 1.8709235410827494,179.2698423842171 1.8706094330224474, 0x1.668ad5662c343p7 1.8712418005682456, 179.27148361959516 +1.8708449063591508 0.9598704493073295)	ERR	java.text.ParseException	invalid number found: 0x1.668aa07b2fe1	1
LINE]STRING (83.96079599733383d -89.80090470404042d, 83.96392348290064 -89.82970763393419)	ERR	java.lang.IllegalArgumentException	unknown geo_shape [LINE]
LINESTRING (83.96079599733383d -89.80090470404042d, 	ERR	java.text.ParseException	expected word but found: END-OF-STREAM	1
LINESTRING (83.9607959P9733383d -89.80090470404042d, 83.96392348290064 -89.82970763393419)	ERR	java.text.ParseException	invalid number found: 83.9607959P9733383d	1
MULTIPOINT (83.96079599733383 -89.80090470404042,83.963923482900\r4d -0x1.67519ee0c3f4ap6)	MP[P(4054fd7dae7eab4c,c056734205cdc43c),P(4054fdb0ec1eb9b9,4010000000000000)]
MULTIPOINT (83	ERR	java.text.ParseException	expected number but found: END-OF-STREAM	1
MULTIPOINT (83.96079599733383 -89.80090470404042,83.963923482+90064d -0x1.67519ee0c3f4ap6)	ERR	java.text.ParseException	invalid number found: 83.963923482+90064d	1
LINESTRING (-41.5388039924412 -79.28594698659198,-41.53936345514819 -79.28524640026912,-41.53819952251871 -79.2840177650554d,-41.537381194904405 -79.28505806393(91, -0x1.4c530da0f5c6cp5 -0x1.3d22a1cec29e4p6,-41.53973355858293 -79.28516650113231)	ERR	java.text.ParseException	expected , or ) but found: '('	1
LINESTRING (-41.5388039924412 -79.28594698659198,-41.53936345514819 -79.28524640026912,-41.53819952251871 -79.2840177650554d,-41.537381194904405 -79.28505806393291, -0x1.4c530da0f5c6cp5 -0x1.3d22a1cec29e4p6,-41.53973355858293 -79.28516650113[31)	ERR	java.text.ParseException	expected word but found: '['	1
LINESTRING (-41.5388039924412 -79.28594698659198,-41.53936345514819 -79.28524640026912,-41.:53819952251871 -79.2840177650554d,-41.537381194904405 -79.28505806393291, -0x1.4c530da0f5c6cp5 -0x1.3d22a1cec29e4p6,-41.53973355858293 -79.28516650113231)	ERR	java.text.ParseException	expected number but found: ':'	1
MULTIPOINT (-41.5388039924412d -79.28594698659198,-41.53936345514819 -79.+8524640026912, -41.53819952251871 -79.2840177650554,-41.537381194904405 -79.28505806393291d,-41.540553338528156 -79.28382037222724d,-41.53973355858293 -79.28516650113231)	ERR	java.text.ParseException	invalid number found: -79.+8524640026912	1
MULTIPOINT (-41.5388039924412d -79.28594698659198,-41.53936345514819 -79.28524640026912, -41.53819952251871 -79.2840177650554,-41.537381194904405 -79.28505806393291d,-41.540553338528156 -79.28382037	ERR	java.text.ParseException	expected word but found: END-OF-STREAM	1
MULTIPOINT (-41.5388039924412d -79.28594698659198,-41.539363	ERR	java.text.ParseException	expected number but found: END-OF-STREAM	1
LINESTRING (95.27509741259999 36.45413324984079, 0x1.7b0a3672ff422p6 37.695959090493396,95.13770105279686 37.68304558386382 0.5654145237296692d, 95.570567608Z81159 +37.17041583248759,95.78580198065157d +36.410916253115985 0.5255599208458949,95.59662543236604 36.97484948579408,0x1.7e4587b60b81bp6 36.88899584147819)	ERR	java.text.ParseException	invalid number found: 95.570567608Z81159	1
LINESTRING (95.275097]41259999 36.45413324984079, 0x1.7b0a3672ff422p6 37.695959090493396,95.13770105279686 37.68304558386382 0.5654145237296692d, 95.57056760881159 +37.17041583248759,95.78580198065157d +36.410916253115985 0.5255599208458949,95.59662543236604 36.97484948579408,0x1.7e4587b60b81bp6 36.88899584147819)	ERR	java.text.ParseException	expected number but found: ']'	1
LINESTRING (95.27509741259999 36.45413324984079, 0x1.7b0a3672ff422p6 37.695959090493396,95.13770105279686 37.68304558386382 0.5654145237296692d, 95.57056760881159 +37.17041583248759,95.78580198065157d +36.410916253115985 0.525559\t208458949,95.59662543236604 36.97484948579408,0x1.7e4587b60b81bp6 36.88899584147819)	ERR	java.text.ParseException	expected , or ) but found: 208458949	1
MU0TIPOINT (95.27509741259999 36.45413324984079, 94.75997333224271 37.695959090493396, 95.13770105279686 37.68304558386382, 95.57056760881159 0x1.295d02f9da09ep5, 95.78580198065157 0x1.23498e75e4396p5,95.59662543236604 36.97484948579408, 95.56790050931197 36.88899584147819)	ERR	java.lang.IllegalArgumentException	unknown geo_shape [MU0TIPOINT]
MULTIPOINT (95.27509741259999 36.45413324984079, 94	ERR	java.text.ParseException	expected number but found: END-OF-STREAM	1
MULTIPOINT (95.27509741259999 36.45413324984079, 94.75997333224271 37.695959090493396, 95.13770105279686 37.68304558386382, 95.57056760881159 0x1.295d02f9da09ep5, 95.78580198065157 0x1.23498e75e4396p5,95.599662543236604 36.97484948579408, 95.56790050931197 36.88899584147819)	MP[P(4057d19b322d9532,40423a2109d00bd3),P(4057b0a3672ff422,4042d9152ffe82f3),P(4057c8d0181398c9,4042d76e09a62fa9),P(4057e4842e01002c,404295d02f9da09e),P(4057f24a946401f4,40423498e75e4396),P(4057e660df00f598,40427cc7de320106),P(4057e4587b60b81b,404271ca9da0b6e4)]
LINESTRING (-20.420906322650065d -0x1.36288034b4b9ap61, -20.421728516261602 -77.54014208479963,-20.42147660647794d -77.54006425098468)	ERR	java.lang.IllegalArgumentException	invalid latitude -2.7936567643356006E18; must be between -90.0 and 90.0
LINESTRING (-20.420906322650065d -0x1.36288034b4b9ap6, -20.421728516261602 -77.54014208479963,-20.42147660647794d -77.540064250984	ERR	java.text.ParseException	expected word but found: END-OF-STREAM	1
LINESTRING (-20.420906322650065d -0x1.36288034b4b9ap6, -20.4217	ERR	java.text.ParseException	expected number but found: END-OF-STREAM	1
MULTIPOINT (-20.420906322650065 -77.53955156662997, -20.421728516261602 -77	ERR	java.text.ParseException	expected word but found: END-OF-STREAM	1
MULTIPOINT (-20.420906322650065 -77.5395515662997, -20.421728516261602 -77.54014208479963, -20.42147660647794 -77.54006425098468)	MP[P(c0346bc0844a762f,c0536288034af0d2),P(c0346bf66669225a,c0536291b01b5a17),P(c0346be5e410da10,c053629069a5edf3)]
MULTIPOINT (-20.420906322650065 -77.53955156662997, -20.4217285162	ERR	java.text.ParseException	expected number but found: END-OF-STREAM	1
LINESTRING (-179.55318042189788 0x1.021710dd3	ERR	java.text.ParseException	invalid number found: 0x1.021710dd3	1
LINESTRING (-179.55318042189788 0x1.021710dd34e8bp1,-179.54049965230857d +2.017508959313522,-179.55145593549284 2.0054275211420434, -0x1.6723c.c8cb29dap7 0x1.009a8c9948896p1, -179.54716160691657 +1.999723244849577, -179.54874185333045 2.0201978496445294 0.7499355284804257,-179.5603776414927 2.0022435414103974,-179.54172943044918 2.0132797629669845)	ERR	java.text.ParseException	invalid number found: -0x1.6723c.c8cb29dap7	1
LINESTRING (-179.55318042189788 0x1.021710dd34e8bp1,-179.54049965230857d +2.017508959313522,-179.55145593549284 2.0054275211420434, -0x1.6723cc8cb29dap7 0x1.009a8c9948896p1, -179.54716160691657 +1.999723244849577, -179.5487418333045 2.0201978496445294 0.7499355284804257,-179.5603776414927 2.0022435414103974,-179.54172943044918 2.0132797629669845)	L(400021710dd34e8b c06671b3a76d9ad8;400023dbbcbd1bcb c066714bc5ed4545;40000b1d958e6d6a c06671a586eb040f;400009a8c9948896 c066723cc8cb29da;3ffffeddcd1ae102 c0667182590eeaac;4000295d7d7d61da c066718f4b087fad;400004984307e108 c06671ee9d1773dd;40001b326b9d2278 c0667155d8f561eb)
MULTIPOINT (-179.55318042189788 2.016328914652893,-179.54049965230857 2.017508959313522,-179.55145593549284 2.0054275211420434, -179.56991996460312 2.0047164677099074, -0x1.67182590eeaacp7 1.999723244849577,-179.54874185333045 2.0201978496445294,-179.5603776414927d 2.0022435414103974,-179.54172943044918 2.013u797629669845)	ERR	java.text.ParseException	invalid number found: 2.013u797629669845	1
MULTIPOINT (-179.55318042189788 2.016328914652893,-179.54049965230857 2.017508959313522,-179.55145593549284 2.0054275211420434, -179.56991996460312 2.0047164677099074, -0x1.67182590eeaacp7 1.99972324849577,-179.54874185333045 2.0201978496445294,-179.5603776414927d 2.0022435414103974,-179.54172943044918 2.0132797629669845)	MP[P(c06671b3a76d9ad8,400021710dd34e8b),P(c066714bc5ed4545,400023dbbcbd1bcb),P(c06671a586eb040f,40000b1d958e6d6a),P(c066723cc8cb29da,400009a8c9948896),P(c0667182590eeaac,3ffffeddce157184),P(c066718f4b134006,4000295d7d7d61da),P(c06671ee9d1773dd,400004984307e108),P(c0667155d8f561eb,40001b326b9d2278)]
MULTIPOINT (-179.55318042189788 2.016328914652893,-179.54049965230857 2.017508959313522,-179.55145593549284 2.0054275211420434, -179.56991996460312 2.0047164677099074, -0x1.67182590eeaacp7 1.999723244849577,-179.54874185333045 2.0201978496445294,-179.5603776414927d 2.0022435414103974,-179.54172943044918 2.01	ERR	java.text.ParseException	expected word but found: END-OF-STREAM	1
LINESTRING\r (171.16255637176755 -19.98616733024151, 180.0 -24.498142475497815d)	L(c033fc75764fc55b 40656533a96b8ff0;c0387f8643e902f8 4066800000000000)
LINESTRING (171.16255637176755 -19.98616733024151, 180.0 -24.498142	ERR	java.text.ParseException	expected word but found: END-OF-STREAM	1
LINESTRING (171.16255637176755 -19.9861673302451, 180.0 -24.498142475497815d)	L(c033fc75764fc94d 40656533a96b8ff0;c0387f8643e902f8 4066800000000000)
MULTIPOINT (171.16255637176755 -19.98616733024151,180.0 0x1.87f8643e902f8p4)	MP[P(40656533a96b8ff0,c033fc75764fc55b),P(4066800000000000,40387f8643e902f8)]
MULTIPOINT (171.1625563	ERR	java.text.ParseException	expected number but found: END-OF-STREAM	1
MULTIPOINT (171.16255637176755 -19.98616733024151,1800 -0x1.87f8643e902f8p4)	MP[P(40656533a96b8ff0,c033fc75764fc55b),P(409c200000000000,c0387f8643e902f8)]
LINESTRING (0x1.67556621079ddp7 -59.52128932334568,179.51976736641987 -59.47562090503718,179.580867596031 -59.52912267453369,0x1.6724d8d99271dp7 -59.52265366785843,179.62514664138442d -59.459946300214625,+179.59873448160153 -59.46142134181523,1759.51488555268497 -59.54353558854392,179.48235405178121d -59.56264343790977)	ERR	java.lang.IllegalArgumentException	invalid longitude 1759.514885552685; must be between -180.0 and 180.0
LINESTRING (0x:1.67556621079ddp7 -59.52128932334568,179.51976736641987 -59.47562090503718,179.580867596031 -59.52912267453369,0x1.6724d8d99271dp7 -59.52265366785843,179.62514664138442d -59.459946300214625,+179.59873448160153 -59.46142134181523,179.51488555268497 -59.54353558854392,179.48235405178121d -59.56264343790977)	ERR	java.text.ParseException	invalid number found: 0x	1
LINESTRING (0x1.67556621079ddp7 -59.52128932334568,179.51976736641987 -59.47562090503718,179.580867596031 -59.52912267453369,0x1.6724d8d99271dp7 -59.52265366785843,179.62514664138442d -59.4599463002146u5,+179.59873448160153 -59.46142134181523,179.51488555268497 -59.54353558854392,179.48235405178121d -59.56264343790977)	ERR	java.text.ParseException	invalid number found: -59.4599463002146u5	1
MULTIPOINT (179.6667948076055 -59.52128932	ERR	java.text.ParseException	expected word but found: END-OF-STREAM	1
MULTIPOINT (179.6667948076055 -59.52128932334568, +179.5196736641987 -59.47562090503718d,179.580867596031 -59.52912267453369, 179.5719669333711 -59.52265366785843, 179.62514664138442 -59.459946300214625, 179.59873448160153d -59.46142134181523,179.51488555268497 -59.54353558854392, 179.48235405178121 -59.56264343790977)	MP[P(40667556621079dd,c04dc2b99bc9c307),P(406670a12aaa0a6e,c04dbce1255436dd),P(4066729677a4084c,c04dc3ba4ab358dd),P(4066724d8d99271d,c04dc2e650bd4b0f),P(4066740133877e69,c04dbadf8536ab44),P(40667328d5372eea,c04dbb0fdac262ed),P(40667079f1443ee0,c04dc59292fc810e),P(40666f6f71c3afca,c04dc804b33e90d4)]
MULTIPOINT (179.6667948076055 -59.52128932334568, +179.51976736641987 -59.47562090503718d,179.580867596031 -59.52912267453369, 179.5719669333711 -59.52265366785843, 179.62514664138442 -59.459946300214625, 179.59873448160153d -59.46142134181523,1	ERR	java.text.ParseException	expected number but found: END-OF-STREAM	1
LINESTRING (179.2382043667043 +3.3273048510588357,178.89833209358687 +3.0951732503945726, 179.62545023683776 2.547050523612359,178.7722591215339d 2.500445963172882, 179.64063103342912 0x1.9837ff8507042p1,179.46842842590343 2.8813321060299057,+179.13204639928983[ 2.909336750780262)	ERR	java.text.ParseException	expected number but found: '['	1
LINESTRING (179.2382043667043 +3.3273048510588357,178.89833209358687 +3.0951732503945726, 179.62545023683776 2.547050523612359,178.7722591215339d 2.500445963172882, 179.64063103342912 0x1.9837ff8507042p1,179.4\n6842842590343 2.8813321060299057,+179.13204639928983 2.909336750780262)	ERR	java.lang.IllegalArgumentException	invalid latitude 6.842842590343E12; must be between -90.0 and 90.0
LINESTRING (179.2382043667043 +3.3273048510588357,178.89833209358687 +3.0951732503945726, 179.62545023683776 2.547050523612359,178.7722591215339d 2.500445963172882, 179.64063103342912 0x1.9837ff8507042p1,179.46842842590343 2.88133210602999057,+179.13204639928983 2.909336750780262)	L(400a9e520178f574 4066679f5ec3984d;4008c2ea316f308e 40665cbf22f25ce4;4004605c066165e7 40667403b0370fcc;400400e9d029f126 406658b658c2e0d3;4009837ff8507042 406674800ca72c2f;40070cf7d8e28248 40666efd5d9c38b4;4007465258ad378f 40666439b95ed024)
MULTIPOINT (0x1.6679f5ec3984dp7 3.3273048510588357, 178.89833209358687 3.0951732503945726,179.62545023683776 2.547050523612359, 178.77225)91215339 2.500445963172882,179.64063103342912d 3.189208927111424,179.46842842590343 2.8813321060299057,+179.13204639928983 2.909336750780262)	ERR	java.text.ParseException	expected number but found: ')'	1
MULTIPOINT (0x1.6679f5ec3984dp7 3.3273048510588357, 178.89833209358687 3.09517325039}45726,179.62545023683776 2.547050523612359, 178.7722591215339 2.500445963172882,179.64063103342912d 3.189208927111424,179.46842842590343 2.8813321060299057,+179.13204639928983 2.909336750780262)	ERR	java.text.ParseException	expected word but found: '}'	1
MULTIPOINT (0x1.6679f5ec3984dp7 3.3273048510588357, 178.89833209358687 3.0951732503945726,179.62545023683776 2.547050523612359, 178.7722591215339 2.500445963172882,179.64063103342912d 3.189208927111424,179.46842842590343 2.8813321060299057,+179.713204639928983 2.909336750780262)	MP[P(4066679f5ec3984d,400a9e520178f574),P(40665cbf22f25ce4,4008c2ea316f308e),P(40667403b0370fcc,4004605c066165e7),P(406658b658c2e0d3,400400e9d029f126),P(406674800ca72c2f,4009837ff8507042),P(40666efd5d9c38b4,40070cf7d8e28189),P(406676d292897b37,4007465258ad378f)]
LINESTRING (0.888544462177985 41.91809389098843,-0.9489353251035778 39.38386450678847,-2.7028224096530566 41.485672135065656,-1.7398575016415192 41.00895929719751d, -0x1.1e03642b91f2p-5 39.64514663605382, -1.8203856339610598 40.4177908063372,-0.2437339759721997 38.67604062923242)	L(4044f58419c239f2 3fec6ef4cbc31556;4043b12278df6036 bfee5dad9d6ad90b;4044be2a812857be c0059f615b02d8aa;4044812594083aae bffbd674d1d4026c;4043d2942a3b7ce0 bfa1e03642b91f20;4044357a2b4ce4d5 bffd204cafbf8921;404356887fd4a906 bfcf32acc7dcc140)
LINESTRING (0.888544462177985 41.91809389098843,-0.9489353251035778 39.38386450678847,-2.7028224096530566#41.485672135065656,-1.7398575016415192 41.00895929719751d, -0x1.1e03642b91f2p-5 39.64514663605382, -1.8203856339610598 40.4177908063373,-0.2437339759721997 38.67604062923242)	ERR	java.text.ParseException	expected number but found: END-OF-STREAM	1
LINESTRING (0.888544462177985 41.91809389098843,-0.9489353251035778 39.38386450678847,-2.7028224096530566 41.485672135065656,-1.7398575016415192 41.00895929719751d, -0x1.1e03642b91f2p-5 39.64514663605382, -1.8203856339610598 40.4177908063373,-0.2437339759721997 38.67604062123242)	L(4044f58419c239f2 3fec6ef4cbc31556;4043b12278df6036 bfee5dad9d6ad90b;4044be2a812857be c0059f615b02d8aa;4044812594083aae bffbd674d1d4026c;4043d2942a3b7ce0 bfa1e03642b91f20;4044357a2b4ce4e3 bffd204cafbf8921;404356887fc37afa bfcf32acc7dcc140)
MULTIPOINT (0.888544462177985	ERR	java.text.ParseException	expected number but found: END-OF-STREAM	1
MULTIPOINT (0.88854446217985 41.91809389098843d, -0.9489353251035778 39.38386450678847, -2.7028224096530566 41.485672135065656,-1.7398575016415192 41.00895929719751, -0.034913726468003725 39.64514663605382,-1.8203856339610598 0x1.4357a2b4ce4e3p5,-0.2437339759721997 38.67604062923242)	MP[P(3fec6ef4cbc356f4,4044f58419c239f2),P(bfee5dad9d6ad90b,4043b12278df6036),P(c0059f615b02d8aa,4044be2a812857be),P(bffbd674d1d4026c,4044812594083aae),P(bfa1e03642b91f20,4043d2942a3b7ce0),P(bffd204cafbf8921,4044357a2b4ce4e3),P(bfcf32acc7dcc140,404356887fd4a906)]
MULTIPOINT (0.888544462177985 41.91809389098843d, -0.9489353251035778 39.38386450678847, -2.7028224096530566 41.485672135065656,-1.739857501\\6415192 41.00895929719751, -0.034913726468003725 39.64514663605382,-1.8203856339610598 0x1.4357a2b4ce4e3p5,-0.2437339759721997 38.67604062923242)	ERR	java.text.ParseException	expected number but found: '\\'	1
LINESTRING (28.712559523019365 4.634447080506397, 8+28.69845545930779 +4.6394049125656975,28.73309078135727d 4.576900241488771, 28.730461234582133d 4.5908559478089135,28.716966016133856 4.628852891853488, 28.74453705204664d 0x1.29cf26ce0a011p2, 28.680831633284832d +4.616543405326021, 28.684675166403306d 4.646078611396397)	ERR	java.text.ParseException	invalid number found: 8+28.69845545930779	1
LINESTRING (28.712559523019365 4.634447080506397, +28.69845545930779 +466394049125656975,28.73309078135727d 4.576900241488771, 28.730461234582133d 4.5908559478089135,28.716966016133856 4.628852891853488, 28.74453705204664d 0x1.29cf26ce0a011p2, 28.680831633284832d +4.616543405326021, 28.684675166403306d 4.646078611396397)	ERR	java.lang.IllegalArgumentException	invalid latitude 4.6639404912565696E17; must be between -90.0 and 90.0
LINESTRING (28.712559523019365 4.634447080506397, +28.69845545930779 +4.6394049125656975,28.73309078135727d 4.576900241488771, 28.730461234582133d 4.5908559478089135,28.716966016133856 4.628852891853488, 28.74453705204664d 0x1.29cf26ce0a011p2, 28.680831633284832d +4.616543405326021, 28.684675166403306d 4.6460786\r11396397)	L(401289ac7ed74547 403cb66a4d07d250;40128ec029517c53 403cb2cdfa1b708b;40124ebeefd8febf 403cbbabd662edb6;40125d095771f20a 403cbaff81e986ab;401283f2033205e5 403cb78b15b7a369;40129cf26ce0a011 403cbe99faf13358;401277572789c249 403cae4afb5f0a66;40129595a0e694f5 403caf46df2815e7)
MULTIPOINT (+28.712559523019365 4.634447080506397,28.69845545930779 +4.6394049125656975,28.73309078135727 4.	ERR	java.text.ParseException	expected word but found: END-OF-STREAM	1
MULTIPOINT (+28.7125	ERR	java.text.ParseException	expected number but found: END-OF-STREAM	1
MULTIPOINT (+28.712559523019365 4.634447080506397,28.69845545930779 +4.6394049125656975,28.73309078135727 4.576900241488771,0x1.cbaff81e986abp4 4.5908559478089135, 28.716966016133856 4.628852891	ERR	java.text.ParseException	expected word but found: END-OF-STREAM	1
POIT (4.553298504927511 74.066093535422)	ERR	java.lang.IllegalArgumentException	unknown geo_shape [POIT]
POINT (4.55329850 4927511 74.066093535422)	P(40123693e1c9b414,4152cc05c0000000)
POINT (4.55329850497511 74.066093535422)	P(40123693e21f2cd7,4052843ae0614754)
ENVELOPE (4.553298504927511, 5.553298504927511,+75.066093535422, +74.066093535422)	R(4052843ae0614754,4052c43ae0614754,40123693e21e5b80,40163693e21e5b80)
ENVELOPE (4.553298504927511, 5.55329850492	ERR	java.text.ParseException	expected word but found: END-OF-STREAM	1
ENVELOPE (4.553298504927511, 5.553298504927511, +75.066093535422, +74.06603535422)	R(40528439ec59b04d,4052c43ae0614754,40123693e21e5b80,40163693e21e5b80)
POINT (+95.37364915515712 0x1.c268cbe265Eee4p5)	P(4057d7e9de2564fc,404c268cbe265eee)
POINT (+9537364915515712 0x1.c268cbe265ee4p5)	P(4340f11767f0f8a0,404c268cbe265ee4)
POINT (+95.37364915515712 0x1.c268cbe26#5ee4p5)	ERR	java.text.ParseException	invalid number found: 0x1.c268cbe26	1
ENVELOPE (+95.37364915515712, +96.37364915515712, 57.30117012857025, 56.301170	ERR	java.text.ParseException	expected word but found: END-OF-STREAM	1
ENVELOPE (+95.37364915515712, +96.7364915515712, 57.30117012857025, 56.30117012857025)	R(404c268cbe265ee4,404ca68cbe265ee4,4057d7e9de2564fc,40582f22ad75f1d5)
ENVELOPE (+95.37364915515712, +96.37364915515712, 57.30117012857025, 56.	ERR	java.text.ParseException	expected word but found: END-OF-STREAM	1
PONT (0x1.26d74ab32fa5cp5 +34.4116168621494)	ERR	java.lang.IllegalArgumentException	unknown geo_shape [PONT]
POINT (0x1.26d74abZ2fa5cp5 +34.4116168621494)	ERR	java.text.ParseException	invalid number found: 0x1.26d74abZ2fa5cp5	1
POINT (0x1.26d74ab32fa5cp5 +34.4116168	ERR	java.text.ParseException	expected word but found: END-OF-STREAM	1
ENVELOPE (36.85512294758948, 37.85512294758948, 0x1.1b4	ERR	java.text.ParseException	invalid number found: 0x1.1b4	1
EuNVELOPE (36.85512294758948, 37.85512294758948, 0x1.1b4afdc80b4f8p5, 0x1.134afdc80b4f8p5)	ERR	java.lang.IllegalArgumentException	unknown geo_shape [EuNVELOPE]
ENVELOPE (36.85512294758948, 37.85512294758948, 0x1.1b4afdc80b4f8p5, 0x1.134afdc80b(f8p5)	ERR	java.text.ParseException	invalid number found: 0x1.134afdc80b	1
POINT (66.89651453920251 -57.9454642228813)	P(4050b9607e8490da,c04cf904f8be6818)
POINT (66.89651453920251 -57.,39454642228813)	ERR	java.text.ParseException	expected ) but found: ','	1
POINT (66.8965145	ERR	java.text.ParseException	expected number but found: END-OF-STREAM	1
ENVELOPE (66.89651453920251d, 67.89651453920251, -56.3945642228813, -57.39454642228813)	R(c04cb2807f463d9c,c04c32811498b932,4050b9607e8490da,4050f9607e8490da)
ENVELOPE (66.89651453920251d, 67.8965145\\920251, -56.39454642228813, -57.39454642228813)	ERR	java.text.ParseException	expected word but found: '\\'	1
ENVLOPE (66.89651453920251d, 67.89651453920251, -56.39454642228813, -57.39454642228813)	ERR	java.lang.IllegalArgumentException	unknown geo_shape [ENVLOPE]
POINT (179.1540424318897[ 71.23921309063687)	ERR	java.text.ParseException	expected number but found: '['	1
PPOINT (179.15404243188974 71.23921309063687)	ERR	java.lang.IllegalArgumentException	unknown geo_shape [PPOINT]
POINT (179.1540424318974 71.23921309063687)	P(406664edea64e643,4051cf4f446c43de)
ENVELOPE (179.1540424388974, 180.0, 72.23921309063687, 71.23921309063687)	R(4051cf4f446c43de,40520f4f446c43de,406664edea68a855,4066800000000000)
ENVEL	ERR	java.lang.IllegalArgumentException	unknown geo_shape [ENVEL]
ENVELOPE (179.15404243188974, 180.0, 72.23921309063687, 71.239213019063687)	R(4051cf4f441f69fb,40520f4f446c43de,406664edea64e535,4066800000000000)
POINT (103.57158781255703 -8.32468117101721)	P(4059e494e50c6e60,c020a63c9c464ab3)
POINT (103.57158781255703 -8.3224681417101721)	P(4059e494e50c6e60,c020a51a8b554b4e)
POINT (103.57158781255703 -8.32246Z117101721)	ERR	java.text.ParseException	invalid number found: -8.32246Z117101721	1
ENVELOPE (103.57158781255703, 104.5758781255703, -7.322468117101721, -8.322468117101721)	R(c020a51a8a81e8c0,c01d4a351503d180,4059e494e50c6e60,405a24db2fecf399)
ENVELOPE (103.57158781255703, 104.5715878125e5703, -7.322468117101721, -8.322468117101721)	ERR	java.lang.IllegalArgumentException	invalid longitude Infinity; must be between -180.0 and 180.0
ENVELOPE (103.57158781255703, 3104.57158781255703, -7.322468117101721, -8.322468117101721)	ERR	java.lang.IllegalArgumentException	invalid longitude 3104.571587812557; must be between -180.0 and 180.0
POINT (126.66662201672824 69.4198371064296d)	P(405faaa9ef64290c,40515ade9c7470cb)
POINT (126	ERR	java.text.ParseException	expected number but found: END-OF-STREAM	1
POINT (16.66662201672824 69.1198371064296d)	P(4030aaa7bd90a430,405147ab69413d98)
ENVELOPE (126.66662201672824, 127.66662201672824, 7]0.1198371064296, 69.1198371064296)	ERR	java.text.ParseException	expected word but found: ']'	1
ENVELOPE (126.66662201672824, 127.6666201672824, 70.1198371064296, 69.1198371064296)	R(405147ab69413d98,405187ab69413d98,405faaa9ef64290c,405feaa9e7a2553f)
ENVELOPE (126.66662201672824, 127.66662201672824, 70.1198371064296, 69.1198	ERR	java.text.ParseException	expected word but found: END-OF-STREAM	1
POINT (73.25440546103056 -3.76500563	ERR	java.text.ParseException	expected word but found: END-OF-STREAM	1
8OINT (73.25440546103056 -3.7650056352801045d)	ERR	java.lang.IllegalArgumentException	unknown geo_shape [8OINT]
POINT5 (73.25440546103056 -3.7650056352801045d)	ERR	java.lang.IllegalArgumentException	unknown geo_shape [POINT5]
ENVEL	ERR	java.lang.IllegalArgumentException	unknown geo_shape [ENVEL]
ENVELOPE (73.25440546103056, 74.25440546103056, -2.7650056352801045, -3.765005635280a1045)	ERR	java.text.ParseException	invalid number found: -3.765005635280a1045	1
ENVELOPE \t(73.25440546103056, 74.25440546103056, -2.7650056352801045, -3.7650056352801045)	R(c00e1ebb46464520,c0061ebb46464520,405250482dd7c334,405290482dd7c334)
POIN	ERR	java.lang.IllegalArgumentException	unknown geo_shape [POIN]
POINT (101.30787805597947 -59.02907355134271)	P(405953b4462965a0,c04d83b8aea01907)
POINT 101.30787805597947 -59.02907355134271)	ERR	java.text.ParseException	expected EMPTY or ( but found: 101.30787805597947	1
ENVELOPE u+101.30787805597947, 102.30787805597947d, -58.02907355134271, -59.02907355134271)	ERR	java.text.ParseException	expected EMPTY or ( but found: u+101.30787805597947	1
ENVELOPE (+101.30787805597947, 102.30787	ERR	java.text.ParseException	expected word but found: END-OF-STREAM	1
ENVELOPE (+101.30787805597947, 102.30787805597947d, -58.02907355134271], -59.02907355134271)	ERR	java.text.ParseException	expected word but found: ']'	1
POINT (169.076689026195578 -0x1.f758c6f70f0bp5)	P(406522743c8b6f1b,c04f758c6f70f0b0)
POINT (169.07689026195578 -0(1.f758c6f70f0bp5)	ERR	java.text.ParseException	expected ) but found: '('	1
POINT (169.0768902619557	ERR	java.text.ParseException	expected number but found: END-OF-STREAM	1
ENVELOPE (169.07689026195578, 1	ERR	java.text.ParseException	expected word but found: END-OF-STREAM	1
ENVELOPE (169.0768902615578, 170.07689026195578, -61.91834824576051d, -0x1.f758c6f70f0bp5)	R(c04f758c6f70f0b0,c04ef58c6f70f0b0,40652275e290d8b1,40654275e2910f64)
ENVELOPE (169.07689026195578, 170.07689026195578, -61.91834824576051d, 	ERR	java.text.ParseException	expected number but found: END-OF-STREAM	1
POINT (157.392875476396d 29.67+992546329525)	ERR	java.text.ParseException	invalid number found: 29.67+992546329525	1
POINT (157.392875476396dX29.675992546329525)	ERR	java.text.ParseException	invalid number found: 157.392875476396dX29.675992546329525	1
POINT (157.392875476396d 2.675992546329525)	P(4063ac926f9750ae,4005686ec7b699c1)
ENVELO	ERR	java.lang.IllegalArgumentException	unknown geo_shape [ENVELO]
ENVELOPE (157.392875476396, 158.392875476396, 30.65992546329525, 29.675992546329525)	R(403dad0dd8f6d338,403ea8f0e00aa697,4063ac926f9750ae,4063cc926f9750ae)
ENVELOPE (157.392875476396, 158.392875476396, 30.675992546329525, 2.675992546329525)	R(4005686ec7b699c1,403ead0dd8f6d338,4063ac926f9750ae,4063cc926f9750ae)
POINT (0x1.ebf1bdbe68\t24p5 -43.89039311488348)	ERR	java.text.ParseException	invalid number found: 0x1.ebf1bdbe68	1
POINT (0x1.	ERR	java.text.ParseException	invalid number found: 0x1.	1
POINT (01.ebf1bdbe68524p5 -43.89039311488348)	ERR	java.text.ParseException	invalid number found: 01.ebf1bdbe68524p5	1
ENVELOPE (61.493037688788064, 62.493037688788064, -0x1.571f866ce810ap5, -43.89)039311488348)	ERR	java.text.ParseException	expected end of WKT string but found additional text: 039311488348	1
ENVELOPE (61.493037688788064, 62.493037688788064, -0x1.571f866ce810ap5, -43.89039351488348)	R(c045f1f86a297f5d,c04571f866ce810a,404ebf1bdbe68524,404f3f1bdbe68524)
ENVELOPE (61.493037688788064, 62.493037688788064, -0x1.571f866ce810ap5 -43.89039311488348)	ERR	java.text.ParseException	expected , but found: -43.89039311488348	1
POINT (+55.42154471915387 -0x1.a7a0b90	ERR	java.text.ParseException	invalid number found: -0x1.a7a0b90	1
POINT (+55.42154471915387 -u0x1.a7a0b90c21877p5)	ERR	java.text.ParseException	invalid number found: -u0x1.a7a0b90c21877p5	1
POINT (+55.42154471915387 -0x1.a7a0b90c2187}p5)	ERR	java.text.ParseException	invalid number found: -0x1.a7a0b90c2187	1
ENVELOPE (0x1.bb5f52d674ap5, 56.42154471915387, -51.95347794987986, -52.95347794987986d)	R(c04a7a0b90c21877,c049fa0b90c21877,404bb5f52d674a00,404c35f52d6748a0)
ENVELOPE (0x1.bb5f52d6748ap5, 56.42154471915387, -51.95347794987986, -52.95347794987986d	ERR	java.text.ParseException	expected word but found: END-OF-STREAM	1
ENVELOPE (0x1.bb5f52d6748ap5, 56.42154471915387, -51.95347764987986, -52.95347794987986d)	R(c04a7a0b90c21877,c049fa0b8e3dd9b8,404bb5f52d6748a0,404c35f52d6748a0)
POIN (-125.511864429502 0x1.67b7c9d0eee1dp6)	ERR	java.lang.IllegalArgumentException	unknown geo_shape [POIN]
POINT (-15.511864429502 0x1.67b7c9d0eee1dp6)	P(c02f0613183164c1,40567b7c9d0eee1d)
POINT (-125.511864429502 0x1.67b7c9d0eee1dp6)	P(c05f60c263062c98,40567b7c9d0eee1d)
EVELOPE (-125.511864429502, -124.511864429502, +90.0, 89.92948080499669)	ERR	java.lang.IllegalArgumentException	unknown geo_shape [EVELOPE]
ENVELXOPE (-125.511864429502, -124.511864429502, +90.0, 89.92948080499669)	ERR	java.lang.IllegalArgumentException	unknown geo_shape [ENVELXOPE]
ENVELOPE (-25.511864429502, -124.511864429502, +90.0, 89.92948080499669)	R(40567b7c9d0eee1d,4056800000000000,c03983098c18b261,c05f20c263062c98)
POINT (30.493893777048214 -89.531,71801042669)	ERR	java.text.ParseException	expected ) but found: ','	1
POINT (30.493893777048214 -89.5317180104669)	P(403e7e6fd2941eb8,c0566207aafa6992)
POINT (30.493893777048214 -89.5317180104269)	P(403e7e6fd2941eb8,c0566207aafa5e93)
ENVELOPE (30.493893	ERR	java.text.ParseException	expected word but found: END-OF-STREAM	1
8NVELOPE (30.493893777048214, 31.493893777048214, -88.53171801042669, -89.53171801042669)	ERR	java.lang.IllegalArgumentException	unknown geo_shape [8NVELOPE]
)NVELOPE (30.493893777048214, 31.493893777048214, -88.53171801042669, -89.53171801042669)	ERR	java.lang.IllegalArgumentException	unknown geo_shape [)]
POINT (-142.79651086309977d 1.04715914195560	ERR	java.text.ParseException	expected word but found: END-OF-STREAM	1
POINT (-142.79651086309977d 1.04715914-9556034)	ERR	java.text.ParseException	invalid number found: 1.04715914-9556034	1
POINT (-142.79651086309977d 1.04715914	ERR	java.text.ParseException	expected word but found: END-OF-STREAM	1
ENVELOPE (-142.79651086309977, -0x1.1b97d04597d83p7, 2.0471591419556034, 1.0471591419556074)	R(3ff0c129f1c68212,40006094f8e34100,c061d97d04597d83,c061b97d04597d83)
ENVELOPE (-142.79651086309977, -0x1.1b97d0	ERR	java.text.ParseException	invalid number found: -0x1.1b97d0	1
ENVELOPE (-142.796510086309977, -0x1.1b97d04597d83p7, 2.0471591419556034, 1.0471591419556034)	R(3ff0c129f1c68200,40006094f8e34100,c061d97d02b87456,c061b97d04597d83)
POINT 	ERR	java.text.ParseException	expected word but found: END-OF-STREAM	1
POINT 179.11332162170086 -48.23681097695406)	ERR	java.text.ParseException	expected EMPTY or ( but found: 179.11332162170086	1
POINT (179.1x332162170086 -48.23681097695406)	ERR	java.text.ParseException	invalid number found: 179.1x332162170086	1
EN	ERR	java.lang.IllegalArgumentException	unknown geo_shape [EN]
ENVELOPE (179.11332162170086, 180.0, -47.23681097695406, -0x1.81e4fd2:4acfep5)	ERR	java.text.ParseException	invalid number found: -0x1.81e4fd2	1
ENVELOPE (179.11332162170086, 180.0, -47.23681097695406, -0x1.81e4fd274}acfep5)	ERR	java.text.ParseException	invalid number found: -0x1.81e4fd274	1
POINT (130.7132091	ERR	java.text.ParseException	expected number but found: END-OF-STREAM	1
POINT (10.7132091367896 0.7805539545417304)	P(40256d29bf7b707f,3fe8fa4c4970a580)
POINT (130.7132091367896 0.:7805539545417304)	ERR	java.text.ParseException	expected word but found: ':'	1
ENVELOPE (130.713209136+896, 131.7132091367896, 0x1.c7d2624b852cp0, 0.7805539545417304)	ERR	java.text.ParseException	invalid number found: 130.713209136+896	1
ENVELOPE (130.7132091367896, 131.7132091367896,\t 0x1.c7d2624b852cp0, 0.7805539545417304)	R(3fe8fa4c4970a580,3ffc7d2624b852c0,406056d29bf7b708,406076d29bf7b708)
ENVELOPE (130.7132091367896, 131.37132091367896, 0x1.c7d2624b852cp0, 0.7805539545417304)	R(3fe8fa4c4970a580,3ffc7d2624b852c0,406056d29bf7b708,40606be1dc65924e)
POINT (-28.093560635394516 89.8000306128656)	P(c03c17f396fd3662,40567333b399839f)
POINT (-28.093560635394596 89.80003061[8656)	ERR	java.text.ParseException	expected word but found: '['	1
POINT (-28.093560635394596 89	ERR	java.text.ParseException	expected word but found: END-OF-STREAM	1
ENVELOPE (-28.093560635394596, -27.093560635394596, 90.0d, 89.	ERR	java.text.ParseException	expected word but found: END-OF-STREAM	1
ENVELOPE {-28.093560635394596, -27.093560635394596, 90.0d, 89.8000306128656)	ERR	java.text.ParseException	expected word but found: '{'	1
ENVELOPE (-28.09356	ERR	java.text.ParseException	expected word but found: END-OF-STREAM	1
POINT (01.53fce2ffbd88p7 -75.12541407136132)	ERR	java.text.ParseException	invalid number found: 01.53fce2ffbd88p7	1
POINT (0x1.53fce2ffbd8	ERR	java.text.ParseException	invalid number found: 0x1.53fce2ffbd8	1
POINT (0x1.53fce2ffbd88p7 -75..12541407136132)	ERR	java.text.ParseException	invalid number found: -75..12541407136132	1
ENVELOPE (169.9939193648206, 170.99394193648206d, -74.12541407136132, -75.12541407136132)	R(c052c806c8bdbd20,c0528806c8bdbd20,40653fce2ffbd880,40655fce5f51ea07)
ENVELOPE (169.9939193648206, 170.9939193648206d, -74.1254140713613{, -75.12541407136132)	ERR	java.text.ParseException	expected word but found: '{'	1
ENVELOPE (169.9939193648206, 1\r0.9939193648206d, -74.12541407136132, -75.12541407136132)	ERR	java.text.ParseException	expected , but found: 0.9939193648206d	2
@POINT POINT (1 2)	P(3ff0000000000000,4000000000000000)
@POLYGON POINT (1 2)	ERR	java.text.ParseException	Expected geometry type: [POLYGON], but found: [POINT]	1
@ENVELOPE BBOX (1, 2, 4, 3)	R(4008000000000000,4010000000000000,3ff0000000000000,4000000000000000)
@POLYGON ENVELOPE (1, 2, 4, 3)	ERR	java.text.ParseException	Expected geometry type: [POLYGON], but found: [ENVELOPE]	1
@GEOMETRYCOLLECTION POINT (1 2)	P(3ff0000000000000,4000000000000000)
@GEOMETRYCOLLECTION GEOMETRYCOLLECTION (POINT (1 2))	GC[P(3ff0000000000000,4000000000000000)]
@MULTILINESTRING LINESTRING (1 2, 3 4)	ERR	java.text.ParseException	Expected geometry type: [MULTILINESTRING], but found: [LINESTRING]	1
