none_un0_dp1_ud0	0	146	8387560ba6a96cef
none_un0_dp1_ud0	1	3	a4a8d635a6bd3203
none_un0_dp1_ud0	2	136	020e4996c64b4559
none_un0_dp1_ud0	3	1	fd7eb19d87bdb145
none_un0_dp1_ud0	4	57	4a1aafb53b0846eb
none_un0_dp1_ud0	5	10	34afe5cae68b0ba5
none_un0_dp1_ud0	6	2	3a25daa9a10d2b61
none_un0_dp1_ud0	7	57	dcda9f01b5180f8e
none_un0_dp1_ud0	8	4	67bdd814412f1dde
none_un0_dp1_ud0	9	3	7093f70a2a4688d0
none_un0_dp1_ud0	10	140	2fa00aad94ea5f75
none_un0_dp1_ud0	11	9	4db4143512517b6b
none_un0_dp1_ud0	12	1	650e3e7399c36e01
none_un0_dp1_ud0	13	7	2efe4b2c40fe14bb
none_un0_dp1_ud0	14	22	cd670546c22702d7
none_un0_dp1_ud0	15	136	877339ea17458d97
none_un0_dp1_ud0	16	5	e42cb7059414cd8c
none_un0_dp1_ud0	17	2	5dea7bc0142c7c9c
none_un0_dp1_ud0	18	5	487b934176ac0550
none_un0_dp1_ud0	19	67	d3504f069d6abab6
none_un0_dp1_ud0	20	144	1b5498630f427e75
none_un0_dp1_ud0	21	23	cd4ddd2afec1e776
none_un0_dp1_ud0	22	18	c19b6716d834ef1e
none_un0_dp1_ud0	23	5	05335a03a058d403
none_un0_dp1_ud0	24	18	dc7d46af00f61f5c
none_un0_dp1_ud0	25	6	fcf8ea2c738bf0bb
none_un0_dp1_ud0	26	142	057ec1f65438680d
none_un0_dp1_ud0	27	2	d930a8388fecfd6c
none_un0_dp1_ud0	28	142	5260049f2496a161
none_un0_dp1_ud0	29	23	f6d332ef8e9aa8d2
none_un0_dp1_ud0	30	7	f94d8d79306fabaf
none_un0_dp1_ud0	31	4	f9996414777818ed
none_un0_dp1_ud0	32	10	f191a51bbee1914d
none_un0_dp1_ud0	33	3	cd4643ce0d7ef52f
none_un0_dp1_ud0	34	61	5c97ef3e24c61e7f
none_un0_dp1_ud0	35	135	dfe0ac32355f287a
none_un0_dp1_ud0	36	2	bdf75673c2b7b9af
none_un0_dp1_ud0	37	24	e62eec0e8ec3d81a
none_un0_dp1_ud0	38	18	6484981a03f87e2a
none_un0_dp1_ud0	39	50	16e4c3e0440c67f0
none_un0_dp1_ud0	40	2	af40cfe1ee643152
none_un0_dp1_ud0	41	2	79cd6e5251694ba5
none_un0_dp1_ud0	42	21	c543f43502cc9509
none_un0_dp1_ud0	43	5	a5172c29fe09f2f5
none_un0_dp1_ud0	44	23	59fc07f1243a1b34
none_un0_dp1_ud0	45	3	c96a694de46626b9
none_un0_dp1_ud0	46	58	c28d3797d77953bb
none_un0_dp1_ud0	47	10	415511516fab9849
none_un0_dp1_ud0	48	54	683b2a7813ac1f28
none_un0_dp1_ud0	49	3	961410dbcb8aba28
none_un0_dp1_ud0	50	61	3a1f2d16ad57e633
none_un0_dp1_ud0	51	2	3b3ad4084fecb045
none_un0_dp1_ud0	52	4	8f37cc879e6f8592
none_un0_dp1_ud0	53	27	037f5332be125312
none_un0_dp1_ud0	54	23	22efec98bd55c204
none_un0_dp1_ud0	55	2	ae7493fc3e487f8f
none_un0_dp1_ud0	56	2	b840659fd1c80e1a
none_un0_dp1_ud0	57	4	ab55322d27896d8b
none_un0_dp1_ud0	58	67	f2e4663e15b8a509
none_un0_dp1_ud0	59	20	2fe3b658cd069beb
none_un0_dp1_ud0	60	57	d247f2f9634fd5d0
none_un0_dp1_ud0	61	3	42d3ba7856ba938f
none_un0_dp1_ud0	62	138	a86fc96f4d2a63c5
none_un0_dp1_ud0	63	132	8ee706815a9b06d8
none_un0_dp1_ud0	64	24	b663ba929ad5796e
none_un0_dp1_ud0	65	23	9b8b016e81db8ed7
none_un0_dp1_ud0	66	5	38aa06f18167064e
none_un0_dp1_ud0	67	2	ec68d3e3732336cc
none_un0_dp1_ud0	68	9	b0687fb8cb1b6fd0
none_un0_dp1_ud0	69	143	e7d48d61b4a8309c
none_un0_dp1_ud0	70	2	62767a9099eb7b5c
none_un0_dp1_ud0	71	2	3c171071acbaa196
none_un0_dp1_ud0	72	2	ab24dd8831df41c1
none_un0_dp1_ud0	73	10	399f76c44387a134
none_un0_dp1_ud0	74	136	65a482d30167ef20
none_un0_dp1_ud0	75	20	4d536fbd4b55e2a0
none_un0_dp1_ud0	76	13	f07beeb0b34a8cde
none_un0_dp1_ud0	77	18	0deb29d614e89423
none_un0_dp1_ud0	78	137	6e2dc61c71282a04
none_un0_dp1_ud0	79	11	c4d6297f78289176
none_un0_dp1_ud0	80	61	219c0c06096385c1
none_un0_dp1_ud0	81	4	21cd00c134a171c2
none_un0_dp1_ud0	82	57	6be90df59fa7c668
none_un0_dp1_ud0	83	136	282e7b126a548bf6
none_un0_dp1_ud0	84	148	00dfe97baeffea3b
none_un0_dp1_ud0	85	56	f01fba51586d8327
none_un0_dp1_ud0	86	2	bf20e2803ad9a403
none_un0_dp1_ud0	87	2	1b171a1f9329a579
none_un0_dp1_ud0	88	1	db8949f62c2bf91e
none_un0_dp1_ud0	89	2	13dc9fd5928491eb
none_un0_dp1_ud0	90	2	dcdf70169f0a98c8
none_un0_dp1_ud0	91	3	01ae6e117acd6e37
none_un0_dp1_ud0	92	5	1c7feeb658982d9a
none_un0_dp1_ud0	93	3	e1862e7d53e78bad
none_un0_dp1_ud0	94	22	44901d04dc1e003d
none_un0_dp1_ud0	95	2	7aad0b9e1226bef0
none_un0_dp1_ud0	96	3	6dcbe1cf42f5ca02
none_un0_dp1_ud0	97	19	9e355654785e0b76
none_un0_dp1_ud0	98	6	e93d3ab1f7221b77
none_un0_dp1_ud0	99	60	e599fcb544f2f605
none_un0_dp1_ud0	100	23	410125c3585f389d
none_un0_dp1_ud0	101	59	1674242469e55dd0
none_un0_dp1_ud0	102	2	9381c1799561e673
none_un0_dp1_ud0	103	4	ed7cde8bd442e515
none_un0_dp1_ud0	104	2	773b5f0b66b030ba
none_un0_dp1_ud0	105	144	2559f93a68381aec
none_un0_dp1_ud0	106	2	31250925694a9be5
none_un0_dp1_ud0	107	2	111a8c670f1b7eb3
none_un0_dp1_ud0	108	2	48f2d50e850d1972
none_un0_dp1_ud0	109	24	a49269c6b9679776
none_un0_dp1_ud0	110	2	56f2119843262bd8
none_un0_dp1_ud0	111	2	d756fbc0a19f6f57
none_un0_dp1_ud0	112	2	5d3ba4edb71b9695
none_un0_dp1_ud0	113	146	8e320f67e729988b
none_un0_dp1_ud0	114	130	21fa7899284cc4a7
none_un0_dp1_ud0	115	23	653470c157baca91
none_un0_dp1_ud0	116	9	e1f81ca923135a74
none_un0_dp1_ud0	117	3	b64c0d7d7ea7ea65
none_un0_dp1_ud0	118	4	9fe40423ca5a4567
none_un0_dp1_ud0	119	131	f7b9dfcf106cd1f6
none_un0_dp1_ud0	120	3	64560fb0530e8537
none_un0_dp1_ud0	121	4	7ce3e99bb3dadcf3
none_un0_dp1_ud0	122	5	5337ddc40f6d64e1
none_un0_dp1_ud0	123	2	ef5225248d173fa3
none_un0_dp1_ud0	124	3	4b6376bf607b3594
none_un0_dp1_ud0	125	2	5c3c0951b23679f5
none_un0_dp1_ud0	126	12	214cb40db3a8f930
none_un0_dp1_ud0	127	6	2dd3e459c8591b41
none_un0_dp1_ud0	128	2	63088dade7e2c78b
none_un0_dp1_ud0	129	143	90325019f56be99b
none_un0_dp1_ud0	130	56	b2f8a95197be51e8
none_un0_dp1_ud0	131	134	968b8665b5d189b1
none_un0_dp1_ud0	132	1	30edf852148dbe9a
none_un0_dp1_ud0	133	2	a36e1b41011714ea
none_un0_dp1_ud0	134	3	08c0f738a4247ef5
none_un0_dp1_ud0	135	2	941e09cb949631cf
none_un0_dp1_ud0	136	24	30564d79d2251026
none_un0_dp1_ud0	137	2	a16807fd85085096
none_un0_dp1_ud0	138	2	d9ad519b8157fdde
none_un0_dp1_ud0	139	58	02af8f591555b018
none_un0_dp1_ud0	140	7	76143b16d7ef00e1
none_un0_dp1_ud0	141	2	3ed2a5ee559b0584
none_un0_dp1_ud0	142	2	222374bad4cb051d
none_un0_dp1_ud0	143	2	e120c7dc005a72a2
none_un0_dp1_ud0	144	3	0b018104431c67db
none_un0_dp1_ud0	145	138	be168b58ebf653ad
none_un0_dp1_ud0	146	8	df94af3bf2212922
none_un0_dp1_ud0	147	6	a0826ecd71eadba1
none_un0_dp1_ud0	148	20	3904f72adea5c2c8
none_un0_dp1_ud0	149	3	dd79dcf066be6ccc
none_un0_dp1_ud0	150	9	2c2dbaa23400915f
none_un0_dp1_ud0	151	8	c12d0c207dc4e3d0
none_un0_dp1_ud0	152	136	a8d80eb7af988b54
none_un0_dp1_ud0	153	144	3e53f19ab7bf0629
none_un0_dp1_ud0	154	51	1c4de109c32e0cc1
none_un0_dp1_ud0	155	5	9a0a173078bcb4e6
none_un0_dp1_ud0	156	9	0976785645e644e4
none_un0_dp1_ud0	157	2	0817b18e57d4b4ac
none_un0_dp1_ud0	158	54	b6fc281aeac10818
none_un0_dp1_ud0	159	3	e04ae1029f20c2c1
none_un0_dp1_ud0	160	1	1a88677fbca4aa25
none_un0_dp1_ud0	161	62	5e8815d64629f707
none_un0_dp1_ud0	162	136	a4b8e0bdde79240c
none_un0_dp1_ud0	163	147	fd6dfe6395fa54b9
none_un0_dp1_ud0	164	4	ee9c7dffe47c1751
none_un0_dp1_ud0	165	51	6580b84b3d9ad0de
none_un0_dp1_ud0	166	56	e4a841ccf1852051
none_un0_dp1_ud0	167	4	cd150f8676787289
none_un0_dp1_ud0	168	4	915ed96043bb354f
none_un0_dp1_ud0	169	3	686074a5510e2546
none_un0_dp1_ud0	170	9	2b34907676a8c2a7
none_un0_dp1_ud0	171	2	48d89eea8bef88cc
none_un0_dp1_ud0	172	2	8c8ae7020cbb4c49
none_un0_dp1_ud0	173	62	688214dfd40be8d7
none_un0_dp1_ud0	174	19	f88661a481abc240
none_un0_dp1_ud0	175	21	6faf3d0127c68786
none_un0_dp1_ud0	176	2	a2759bcf314f0f24
none_un0_dp1_ud0	177	1	882a78053a3b54b1
none_un0_dp1_ud0	178	136	447ad556ae47b635
none_un0_dp1_ud0	179	22	34540a64ca794810
none_un0_dp1_ud0	180	2	4e42d7ec03f8ebe6
none_un0_dp1_ud0	181	4	31005461bba5b332
none_un0_dp1_ud0	182	2	3bcd136472d8ebbf
none_un0_dp1_ud0	183	7	670e93596cc48a17
none_un0_dp1_ud0	184	25	f10c9531e5caf306
none_un0_dp1_ud0	185	4	1c9f7153558062a0
none_un0_dp1_ud0	186	3	f4e36ce22dcd03cc
none_un0_dp1_ud0	187	7	c4f1ae2e0f41d2ea
none_un0_dp1_ud0	188	5	2efc6374a99facf5
none_un0_dp1_ud0	189	8	913d70c49e9881d9
none_un0_dp1_ud0	190	4	55797a58230b2ee0
none_un0_dp1_ud0	191	2	653cbfa4e25966ef
none_un0_dp1_ud0	192	1	6b72b37aa2a1e3a0
none_un0_dp1_ud0	193	2	58c45d16565eb0d0
none_un0_dp1_ud0	194	6	68d93a49da8467a6
none_un0_dp1_ud0	195	8	f04074d18f523559
none_un0_dp1_ud0	196	27	df9aa4c593c39ba0
none_un0_dp1_ud0	197	53	9eb6bb982cf0f3f7
none_un0_dp1_ud0	198	146	c429e16a15fb8569
none_un0_dp1_ud0	199	51	5cb64e0987f5bb6d
none_un0_dp1_ud0	200	22	a4150abd8163491c
none_un0_dp1_ud0	201	62	b0f403bc27941ffd
none_un0_dp1_ud0	202	22	e58496a5c6e3d102
none_un0_dp1_ud0	203	148	e4e7bcc8b6802068
none_un0_dp1_ud0	204	143	f717af8949bbf83a
none_un0_dp1_ud0	205	51	35168ccc1d6831a5
none_un0_dp1_ud0	206	3	a081e17343101e56
none_un0_dp1_ud0	207	2	03bd747c6229706a
none_un0_dp1_ud0	208	19	feaaa53bee710928
none_un0_dp1_ud0	209	6	91bc0c85320d0e87
none_un0_dp1_ud0	210	142	77aa168fcdffb6cc
none_un0_dp1_ud0	211	65	d72ca7f1ac07ad42
none_un0_dp1_ud0	212	5	b4be965f0ea3c7f1
none_un0_dp1_ud0	213	8	f97d4eb1102df81c
none_un0_dp1_ud0	214	56	77fbc08ee5fd3d82
none_un0_dp1_ud0	215	2	0b1d3a222247d3ee
none_un0_dp1_ud0	216	3	72ba45154468a49e
none_un0_dp1_ud0	217	147	a799379fa6674b69
none_un0_dp1_ud0	218	3	39b47d1f935ab50e
none_un0_dp1_ud0	219	26	85c9c38e20a87425
none_un0_dp1_ud0	220	60	159b47b293c377ce
none_un0_dp1_ud0	221	28	bc71f3ed55ce2c24
none_un0_dp1_ud0	222	142	b76a896de59663ac
none_un0_dp1_ud0	223	2	68416f9a82cbadaa
none_un0_dp1_ud0	224	57	2a45a60d0467e434
none_un0_dp1_ud0	225	144	a15274f77468ad35
none_un0_dp1_ud0	226	26	7aea952ddf14a47f
none_un0_dp1_ud0	227	139	f834252b52b97fad
none_un0_dp1_ud0	228	2	1ed62d452c06032d
none_un0_dp1_ud0	229	12	6093147242f47eb1
none_un0_dp1_ud0	230	59	31c6c28d6bea0dcc
none_un0_dp1_ud0	231	2	4b87cb766e6c2d59
none_un0_dp1_ud0	232	5	08b8d6aee55ba13c
none_un0_dp1_ud0	233	5	0d3e65144ef91ca5
none_un0_dp1_ud0	234	24	04a21528988f2bb4
none_un0_dp1_ud0	235	3	2a0fd66904abc7c8
none_un0_dp1_ud0	236	4	9622c2ba2249aa1b
none_un0_dp1_ud0	237	2	e7f3ccc34d695499
none_un0_dp1_ud0	238	132	4471ab190695ffd9
none_un0_dp1_ud0	239	2	51440365f7228782
none_un0_dp1_ud0	240	53	2525f7235500291e
none_un0_dp1_ud0	241	5	2935f8374ffedeb7
none_un0_dp1_ud0	242	2	e0cb733b7977396e
none_un0_dp1_ud0	243	65	855c2511c7cd2d46
none_un0_dp1_ud0	244	10	34af50882703447e
none_un0_dp1_ud0	245	133	ecf9535c10aad354
none_un0_dp1_ud0	246	53	d32feacbaf620e91
none_un0_dp1_ud0	247	19	40ac85f7708f8b9f
none_un0_dp1_ud0	248	21	d788e2528dc145ce
none_un0_dp1_ud0	249	63	d3fe441d9b342b27
none_un0_dp1_ud0	250	10	29a6fd35e38dd258
none_un0_dp1_ud0	251	140	3cf7d834db227ae1
none_un0_dp1_ud0	252	8	c4bf0066ae3ed625
none_un0_dp1_ud0	253	149	75c3320d3aed0ce3
none_un0_dp1_ud0	254	9	794ab559869ebf4f
none_un0_dp1_ud0	255	3	934d324711f9585b
none_un0_dp1_ud0	256	52	db9ca412e6926789
none_un0_dp1_ud0	257	55	01f6fc8ee7d42272
none_un0_dp1_ud0	258	58	c36a6ce59f4e77f1
none_un0_dp1_ud0	259	137	a53a974007b446b8
none_un0_dp1_ud0	260	23	fb5bd6f21ed4968e
none_un0_dp1_ud0	261	2	924504afcda1cfd2
none_un0_dp1_ud0	262	58	ca0e82ef5e7580b4
none_un0_dp1_ud0	263	2	05c83f34919bd568
none_un0_dp1_ud0	264	2	f29257b6bf7a4c6d
none_un0_dp1_ud0	265	2	c713f9f838aff230
none_un0_dp1_ud0	266	59	3bd6d636cec23243
none_un0_dp1_ud0	267	130	988ede063be170f4
none_un0_dp1_ud0	268	16	448e88025fb7e6bb
none_un0_dp1_ud0	269	59	3e8a23d66232bb4a
none_un0_dp1_ud0	270	5	99be24770957133d
none_un0_dp1_ud0	271	19	fe29b1ad562f3afe
none_un0_dp1_ud0	272	6	6f919b95e8983386
none_un0_dp1_ud0	273	3	7e8b3bc6e0ff49f7
none_un0_dp1_ud0	274	4	493016d30db2cc4a
none_un0_dp1_ud0	275	2	a5a6c52ac89a2e26
none_un0_dp1_ud0	276	22	2f950323de1686da
none_un0_dp1_ud0	277	1	2ddd594f75bc7a04
none_un0_dp1_ud0	278	143	1926a39c6d38ba0f
none_un0_dp1_ud0	279	7	6591974b94ee4caa
none_un0_dp1_ud0	280	4	aa6e320823fcf0e5
none_un0_dp1_ud0	281	2	a94a05f30f6f505b
none_un0_dp1_ud0	282	6	87834cd6318c0abc
none_un0_dp1_ud0	283	6	1e6becef23f1e4cd
none_un0_dp1_ud0	284	21	6eb83ff5e434d3bb
none_un0_dp1_ud0	285	134	d7aa9a097dff8cbc
none_un0_dp1_ud0	286	8	e9d299593dd18b95
none_un0_dp1_ud0	287	2	4512339cf40b5163
none_un0_dp1_ud0	288	23	43c1bb748a49035e
none_un0_dp1_ud0	289	56	07ebb4280283d548
none_un0_dp1_ud0	290	6	2571846923378c8e
none_un0_dp1_ud0	291	56	84f1d8ecb3af9fea
none_un0_dp1_ud0	292	2	0a207cc2286b47b9
none_un0_dp1_ud0	293	22	b8d7b702ba1104b8
none_un0_dp1_ud0	294	2	e92aa8fb21e21ba4
none_un0_dp1_ud0	295	3	ffb1d7bc4a7f1eb7
none_un0_dp1_ud0	296	21	b0317602e87ecaf7
none_un0_dp1_ud0	297	5	44041a7814c6ed16
none_un0_dp1_ud0	298	8	06dc63c8ef437398
none_un0_dp1_ud0	299	49	18c830fd830ba429
none_un0_dp1_ud0	300	18	8ce3e5d35e3757f5
none_un0_dp1_ud0	301	2	a897b29e1f3cb5ab
none_un0_dp1_ud0	302	2	d86e9b7a0a82223f
none_un0_dp1_ud0	303	2	9ffa96ea53f5d65f
none_un0_dp1_ud0	304	23	a522f9c3723d6338
none_un0_dp1_ud0	305	140	9dff37fd0103148c
none_un0_dp1_ud0	306	8	4424b92581b1c564
none_un0_dp1_ud0	307	19	57433608f7db00fd
none_un0_dp1_ud0	308	135	4989eff5e4899407
none_un0_dp1_ud0	309	1	d768b68099eade96
none_un0_dp1_ud0	310	136	15fe1e17aa73c287
none_un0_dp1_ud0	311	3	a9c08f8c8fbe7b7a
none_un0_dp1_ud0	312	20	2bef216a7ecb3067
none_un0_dp1_ud0	313	135	60ad555502a99bdd
none_un0_dp1_ud0	314	131	7ac2c2bc94577292
none_un0_dp1_ud0	315	4	b47ff0c8de71b612
none_un0_dp1_ud0	316	138	f1f52265659f9349
none_un0_dp1_ud0	317	136	9dfa7f06170b8912
none_un0_dp1_ud0	318	59	03e54f1e14ca3713
none_un0_dp1_ud0	319	4	48a062b0138b0f26
none_un0_dp1_ud0	320	58	b70e16a5ed1b40ce
none_un0_dp1_ud0	321	6	53076c4ad9635ee3
none_un0_dp1_ud0	322	4	5137eb0456042c35
none_un0_dp1_ud0	323	5	46f832671e6be81c
none_un0_dp1_ud0	324	57	6407a3d6bbf68fb0
none_un0_dp1_ud0	325	153	bbbde3ad43ef279d
none_un0_dp1_ud0	326	9	2622ae69ba85f33c
none_un0_dp1_ud0	327	19	efc685c1eb86ef53
none_un0_dp1_ud0	328	5	2fae1ee4d46126b4
none_un0_dp1_ud0	329	2	a6bb84b7a575f8ec
none_un0_dp1_ud0	330	141	c05eb56f965a2b17
none_un0_dp1_ud0	331	6	6106de746f210c0d
none_un0_dp1_ud0	332	11	76e14435c7ba358b
none_un0_dp1_ud0	333	10	3df81dc05cc0d8e3
none_un0_dp1_ud0	334	3	91247abc51792a48
none_un0_dp1_ud0	335	26	c9fc4a8ed096bf52
none_un0_dp1_ud0	336	6	1e317ebcdbe551c5
none_un0_dp1_ud0	337	7	d49c79172ea77fc4
none_un0_dp1_ud0	338	2	52433b8379f9ccc2
none_un0_dp1_ud0	339	2	d7cbbca2e0d29c5f
none_un0_dp1_ud0	340	7	f61b0925c5d68178
none_un0_dp1_ud0	341	3	1f3aa361034ebfba
none_un0_dp1_ud0	342	2	585dc3e49905c661
none_un0_dp1_ud0	343	2	28a11183598e5824
none_un0_dp1_ud0	344	1	086bd518f6b8b79d
none_un0_dp1_ud0	345	18	a98692b53ddac235
none_un0_dp1_ud0	346	6	d76b0be5855094ec
none_un0_dp1_ud0	347	11	d510f2c540c468ca
none_un0_dp1_ud0	348	5	f031ac6950088d80
none_un0_dp1_ud0	349	147	e9d8f52d12695997
none_un0_dp1_ud0	350	22	a25cce7344a3104b
none_un0_dp1_ud0	351	133	bb8a4dfe5b73c55c
none_un0_dp1_ud0	352	8	1e98e89746f1886b
none_un0_dp1_ud0	353	58	717a01b948f173b0
none_un0_dp1_ud0	354	138	8904b29eb36574fe
none_un0_dp1_ud0	355	58	68c30effa33a5af9
none_un0_dp1_ud0	356	2	fd20bd056e0c46a4
none_un0_dp1_ud0	357	139	afdcb7461118e13c
none_un0_dp1_ud0	358	2	32c4420f50182d9b
none_un0_dp1_ud0	359	10	febc747f398d036a
none_un0_dp1_ud0	360	137	9c9e53b9f35cf0b8
none_un0_dp1_ud0	361	5	4c862c1bd8a5a450
none_un0_dp1_ud0	362	126	5004777de0e1d5cd
none_un0_dp1_ud0	363	5	e07d509b4206e920
none_un0_dp1_ud0	364	2	3322804f769107bc
none_un0_dp1_ud0	365	60	b72686d41c5c9b30
none_un0_dp1_ud0	366	2	74b2f15853d403ad
none_un0_dp1_ud0	367	6	cf174ba6543f265b
none_un0_dp1_ud0	368	4	5e04d8159b8494d8
none_un0_dp1_ud0	369	4	78d378e2e290bba2
none_un0_dp1_ud0	370	3	ebd961710316a4e5
none_un0_dp1_ud0	371	2	5acc42448f3a7df6
none_un0_dp1_ud0	372	19	a494db22f0faa7ea
none_un0_dp1_ud0	373	25	fca5844fa28c65e9
none_un0_dp1_ud0	374	134	f12abef1860b2a56
none_un0_dp1_ud0	375	141	82d034f43457a57f
none_un0_dp1_ud0	376	56	cd1240e5d1f8c1f2
none_un0_dp1_ud0	377	1	9efb220ab1756c9b
none_un0_dp1_ud0	378	64	89abe7425b78d862
none_un0_dp1_ud0	379	156	f20b3d02f072da32
none_un0_dp1_ud0	380	154	aef9960b37f8e445
none_un0_dp1_ud0	381	2	0737efd232706575
none_un0_dp1_ud0	382	137	c384828db4c39ac3
none_un0_dp1_ud0	383	7	949719fd8505d430
none_un0_dp1_ud0	384	25	47d2eb91248fc83f
none_un0_dp1_ud0	385	24	46e40bc6a72a9136
none_un0_dp1_ud0	386	3	cf1550a9bbb1fef1
none_un0_dp1_ud0	387	7	a4b63e88af6f3bd7
none_un0_dp1_ud0	388	2	aa1e60ba1401abea
none_un0_dp1_ud0	389	157	f4ae506a8736f8ad
none_un0_dp1_ud0	390	56	2f8118e0b1d3cb8c
none_un0_dp1_ud0	391	7	e5548f54f91d3609
none_un0_dp1_ud0	392	1	02af48d37eaa75de
none_un0_dp1_ud0	393	58	0f786aa935ae2efa
none_un0_dp1_ud0	394	2	afc759b4113c25e6
none_un0_dp1_ud0	395	7	04919ff7d9b632d0
none_un0_dp1_ud0	396	23	a303c55f0d36a058
none_un0_dp1_ud0	397	2	3e546b7553d13d25
none_un0_dp1_ud0	398	2	aaed56b482f98c50
none_un0_dp1_ud0	399	63	42b21fe6df74d351
none_un0_dp1_ud1	0	146	8387560ba6a96cef
none_un0_dp1_ud1	1	3	a4a8d635a6bd3203
none_un0_dp1_ud1	2	136	020e4996c64b4559
none_un0_dp1_ud1	3	1	fd7eb19d87bdb145
none_un0_dp1_ud1	4	57	4a1aafb53b0846eb
none_un0_dp1_ud1	5	10	34afe5cae68b0ba5
none_un0_dp1_ud1	6	2	3a25daa9a10d2b61
none_un0_dp1_ud1	7	57	dcda9f01b5180f8e
none_un0_dp1_ud1	8	4	67bdd814412f1dde
none_un0_dp1_ud1	9	3	7093f70a2a4688d0
none_un0_dp1_ud1	10	140	2fa00aad94ea5f75
none_un0_dp1_ud1	11	9	4db4143512517b6b
none_un0_dp1_ud1	12	1	650e3e7399c36e01
none_un0_dp1_ud1	13	7	2efe4b2c40fe14bb
none_un0_dp1_ud1	14	22	cd670546c22702d7
none_un0_dp1_ud1	15	135	90c254192ec370f8
none_un0_dp1_ud1	16	5	e42cb7059414cd8c
none_un0_dp1_ud1	17	2	5dea7bc0142c7c9c
none_un0_dp1_ud1	18	5	487b934176ac0550
none_un0_dp1_ud1	19	67	d3504f069d6abab6
none_un0_dp1_ud1	20	142	5036c5333f3e2f0d
none_un0_dp1_ud1	21	22	de9505d1d9027f71
none_un0_dp1_ud1	22	18	c19b6716d834ef1e
none_un0_dp1_ud1	23	5	05335a03a058d403
none_un0_dp1_ud1	24	18	dc7d46af00f61f5c
none_un0_dp1_ud1	25	6	fcf8ea2c738bf0bb
none_un0_dp1_ud1	26	142	057ec1f65438680d
none_un0_dp1_ud1	27	2	d930a8388fecfd6c
none_un0_dp1_ud1	28	142	1ef12389d0ae57ca
none_un0_dp1_ud1	29	23	f6d332ef8e9aa8d2
none_un0_dp1_ud1	30	7	f94d8d79306fabaf
none_un0_dp1_ud1	31	4	f9996414777818ed
none_un0_dp1_ud1	32	10	f191a51bbee1914d
none_un0_dp1_ud1	33	3	cd4643ce0d7ef52f
none_un0_dp1_ud1	34	61	063c151899a1662c
none_un0_dp1_ud1	35	135	5a061dded3a6c241
none_un0_dp1_ud1	36	2	bdf75673c2b7b9af
none_un0_dp1_ud1	37	24	b584388191d96609
none_un0_dp1_ud1	38	18	6484981a03f87e2a
none_un0_dp1_ud1	39	50	16e4c3e0440c67f0
none_un0_dp1_ud1	40	2	af40cfe1ee643152
none_un0_dp1_ud1	41	2	79cd6e5251694ba5
none_un0_dp1_ud1	42	21	c543f43502cc9509
none_un0_dp1_ud1	43	5	a5172c29fe09f2f5
none_un0_dp1_ud1	44	23	59fc07f1243a1b34
none_un0_dp1_ud1	45	3	c96a694de46626b9
none_un0_dp1_ud1	46	58	c28d3797d77953bb
none_un0_dp1_ud1	47	10	415511516fab9849
none_un0_dp1_ud1	48	54	683b2a7813ac1f28
none_un0_dp1_ud1	49	3	961410dbcb8aba28
none_un0_dp1_ud1	50	61	3a1f2d16ad57e633
none_un0_dp1_ud1	51	2	3b3ad4084fecb045
none_un0_dp1_ud1	52	4	8f37cc879e6f8592
none_un0_dp1_ud1	53	27	037f5332be125312
none_un0_dp1_ud1	54	22	5747c945c500a165
none_un0_dp1_ud1	55	2	ae7493fc3e487f8f
none_un0_dp1_ud1	56	2	b840659fd1c80e1a
none_un0_dp1_ud1	57	4	ab55322d27896d8b
none_un0_dp1_ud1	58	67	0fc11e93edbf719c
none_un0_dp1_ud1	59	20	2fe3b658cd069beb
none_un0_dp1_ud1	60	57	d247f2f9634fd5d0
none_un0_dp1_ud1	61	3	42d3ba7856ba938f
none_un0_dp1_ud1	62	138	a86fc96f4d2a63c5
none_un0_dp1_ud1	63	132	8ee706815a9b06d8
none_un0_dp1_ud1	64	24	b663ba929ad5796e
none_un0_dp1_ud1	65	23	9b8b016e81db8ed7
none_un0_dp1_ud1	66	5	38aa06f18167064e
none_un0_dp1_ud1	67	2	ec68d3e3732336cc
none_un0_dp1_ud1	68	9	416b30ee7cad5359
none_un0_dp1_ud1	69	143	e7d48d61b4a8309c
none_un0_dp1_ud1	70	2	62767a9099eb7b5c
none_un0_dp1_ud1	71	2	3c171071acbaa196
none_un0_dp1_ud1	72	2	ab24dd8831df41c1
none_un0_dp1_ud1	73	10	399f76c44387a134
none_un0_dp1_ud1	74	136	65a482d30167ef20
none_un0_dp1_ud1	75	20	4d536fbd4b55e2a0
none_un0_dp1_ud1	76	13	f07beeb0b34a8cde
none_un0_dp1_ud1	77	18	0deb29d614e89423
none_un0_dp1_ud1	78	136	176cdd71511e20e7
none_un0_dp1_ud1	79	11	c4d6297f78289176
none_un0_dp1_ud1	80	61	97b57e51bcf0075a
none_un0_dp1_ud1	81	4	21cd00c134a171c2
none_un0_dp1_ud1	82	57	10668d4b1bef1e97
none_un0_dp1_ud1	83	136	282e7b126a548bf6
none_un0_dp1_ud1	84	148	b6c5be750fb8904e
none_un0_dp1_ud1	85	56	5e359a726a06bcf4
none_un0_dp1_ud1	86	2	bf20e2803ad9a403
none_un0_dp1_ud1	87	2	1b171a1f9329a579
none_un0_dp1_ud1	88	1	db8949f62c2bf91e
none_un0_dp1_ud1	89	2	13dc9fd5928491eb
none_un0_dp1_ud1	90	2	dcdf70169f0a98c8
none_un0_dp1_ud1	91	2	b69c52fc8fcc2345
none_un0_dp1_ud1	92	5	1c7feeb658982d9a
none_un0_dp1_ud1	93	3	e1862e7d53e78bad
none_un0_dp1_ud1	94	22	44901d04dc1e003d
none_un0_dp1_ud1	95	2	7aad0b9e1226bef0
none_un0_dp1_ud1	96	3	6dcbe1cf42f5ca02
none_un0_dp1_ud1	97	19	9e355654785e0b76
none_un0_dp1_ud1	98	6	e93d3ab1f7221b77
none_un0_dp1_ud1	99	60	e599fcb544f2f605
none_un0_dp1_ud1	100	23	410125c3585f389d
none_un0_dp1_ud1	101	59	1674242469e55dd0
none_un0_dp1_ud1	102	2	9381c1799561e673
none_un0_dp1_ud1	103	4	ed7cde8bd442e515
none_un0_dp1_ud1	104	2	773b5f0b66b030ba
none_un0_dp1_ud1	105	143	3be7ba93948eaeff
none_un0_dp1_ud1	106	2	31250925694a9be5
none_un0_dp1_ud1	107	2	111a8c670f1b7eb3
none_un0_dp1_ud1	108	2	48f2d50e850d1972
none_un0_dp1_ud1	109	24	a49269c6b9679776
none_un0_dp1_ud1	110	2	56f2119843262bd8
none_un0_dp1_ud1	111	2	d756fbc0a19f6f57
none_un0_dp1_ud1	112	2	5d3ba4edb71b9695
none_un0_dp1_ud1	113	146	f0bd74e604670a0c
none_un0_dp1_ud1	114	129	9fe6d72eba24a34b
none_un0_dp1_ud1	115	23	653470c157baca91
none_un0_dp1_ud1	116	9	e1f81ca923135a74
none_un0_dp1_ud1	117	3	b64c0d7d7ea7ea65
none_un0_dp1_ud1	118	4	9fe40423ca5a4567
none_un0_dp1_ud1	119	131	ffd279698b2ceae5
none_un0_dp1_ud1	120	3	64560fb0530e8537
none_un0_dp1_ud1	121	4	7ce3e99bb3dadcf3
none_un0_dp1_ud1	122	5	5337ddc40f6d64e1
none_un0_dp1_ud1	123	2	ef5225248d173fa3
none_un0_dp1_ud1	124	3	4b6376bf607b3594
none_un0_dp1_ud1	125	2	5c3c0951b23679f5
none_un0_dp1_ud1	126	12	214cb40db3a8f930
none_un0_dp1_ud1	127	6	2dd3e459c8591b41
none_un0_dp1_ud1	128	2	63088dade7e2c78b
none_un0_dp1_ud1	129	143	8d1afcf53a0239d0
none_un0_dp1_ud1	130	56	b2f8a95197be51e8
none_un0_dp1_ud1	131	134	0cb36d97d98dd780
none_un0_dp1_ud1	132	1	30edf852148dbe9a
none_un0_dp1_ud1	133	2	a36e1b41011714ea
none_un0_dp1_ud1	134	3	08c0f738a4247ef5
none_un0_dp1_ud1	135	2	941e09cb949631cf
none_un0_dp1_ud1	136	24	c645ff77dc756bcb
none_un0_dp1_ud1	137	2	a16807fd85085096
none_un0_dp1_ud1	138	2	d9ad519b8157fdde
none_un0_dp1_ud1	139	57	43a6871fd92fabd1
none_un0_dp1_ud1	140	7	76143b16d7ef00e1
none_un0_dp1_ud1	141	2	3ed2a5ee559b0584
none_un0_dp1_ud1	142	2	222374bad4cb051d
none_un0_dp1_ud1	143	2	e120c7dc005a72a2
none_un0_dp1_ud1	144	3	0b018104431c67db
none_un0_dp1_ud1	145	138	be168b58ebf653ad
none_un0_dp1_ud1	146	8	df94af3bf2212922
none_un0_dp1_ud1	147	6	a0826ecd71eadba1
none_un0_dp1_ud1	148	20	3904f72adea5c2c8
none_un0_dp1_ud1	149	3	dd79dcf066be6ccc
none_un0_dp1_ud1	150	9	2c2dbaa23400915f
none_un0_dp1_ud1	151	8	c12d0c207dc4e3d0
none_un0_dp1_ud1	152	136	a8d80eb7af988b54
none_un0_dp1_ud1	153	144	7791368711a01ab4
none_un0_dp1_ud1	154	51	1c4de109c32e0cc1
none_un0_dp1_ud1	155	5	9a0a173078bcb4e6
none_un0_dp1_ud1	156	9	0976785645e644e4
none_un0_dp1_ud1	157	2	0817b18e57d4b4ac
none_un0_dp1_ud1	158	54	b6fc281aeac10818
none_un0_dp1_ud1	159	3	e04ae1029f20c2c1
none_un0_dp1_ud1	160	1	1a88677fbca4aa25
none_un0_dp1_ud1	161	62	5e8815d64629f707
none_un0_dp1_ud1	162	136	a4b8e0bdde79240c
none_un0_dp1_ud1	163	146	429862b06bc13a7c
none_un0_dp1_ud1	164	4	ee9c7dffe47c1751
none_un0_dp1_ud1	165	51	acdccc4e2995e60d
none_un0_dp1_ud1	166	56	e4a841ccf1852051
none_un0_dp1_ud1	167	4	cd150f8676787289
none_un0_dp1_ud1	168	4	915ed96043bb354f
none_un0_dp1_ud1	169	3	686074a5510e2546
none_un0_dp1_ud1	170	9	2b34907676a8c2a7
none_un0_dp1_ud1	171	2	48d89eea8bef88cc
none_un0_dp1_ud1	172	2	8c8ae7020cbb4c49
none_un0_dp1_ud1	173	62	688214dfd40be8d7
none_un0_dp1_ud1	174	19	f88661a481abc240
none_un0_dp1_ud1	175	21	6faf3d0127c68786
none_un0_dp1_ud1	176	2	a2759bcf314f0f24
none_un0_dp1_ud1	177	1	882a78053a3b54b1
none_un0_dp1_ud1	178	136	447ad556ae47b635
none_un0_dp1_ud1	179	22	34540a64ca794810
none_un0_dp1_ud1	180	2	4e42d7ec03f8ebe6
none_un0_dp1_ud1	181	4	31005461bba5b332
none_un0_dp1_ud1	182	2	3bcd136472d8ebbf
none_un0_dp1_ud1	183	7	670e93596cc48a17
none_un0_dp1_ud1	184	25	f10c9531e5caf306
none_un0_dp1_ud1	185	4	1c9f7153558062a0
none_un0_dp1_ud1	186	3	f4e36ce22dcd03cc
none_un0_dp1_ud1	187	7	c4f1ae2e0f41d2ea
none_un0_dp1_ud1	188	5	2efc6374a99facf5
none_un0_dp1_ud1	189	8	913d70c49e9881d9
none_un0_dp1_ud1	190	4	55797a58230b2ee0
none_un0_dp1_ud1	191	2	653cbfa4e25966ef
none_un0_dp1_ud1	192	1	6b72b37aa2a1e3a0
none_un0_dp1_ud1	193	2	58c45d16565eb0d0
none_un0_dp1_ud1	194	6	68d93a49da8467a6
none_un0_dp1_ud1	195	8	c19e0b65fa11f078
none_un0_dp1_ud1	196	27	df9aa4c593c39ba0
none_un0_dp1_ud1	197	53	9eb6bb982cf0f3f7
none_un0_dp1_ud1	198	144	dd341c489f13d7cf
none_un0_dp1_ud1	199	51	5cb64e0987f5bb6d
none_un0_dp1_ud1	200	21	a4399da584122374
none_un0_dp1_ud1	201	62	b0f403bc27941ffd
none_un0_dp1_ud1	202	22	e58496a5c6e3d102
none_un0_dp1_ud1	203	148	e4e7bcc8b6802068
none_un0_dp1_ud1	204	143	f717af8949bbf83a
none_un0_dp1_ud1	205	51	35168ccc1d6831a5
none_un0_dp1_ud1	206	3	a081e17343101e56
none_un0_dp1_ud1	207	2	03bd747c6229706a
none_un0_dp1_ud1	208	19	feaaa53bee710928
none_un0_dp1_ud1	209	6	91bc0c85320d0e87
none_un0_dp1_ud1	210	142	3292f92ece233d3f
none_un0_dp1_ud1	211	65	d72ca7f1ac07ad42
none_un0_dp1_ud1	212	5	b4be965f0ea3c7f1
none_un0_dp1_ud1	213	8	f97d4eb1102df81c
none_un0_dp1_ud1	214	56	77fbc08ee5fd3d82
none_un0_dp1_ud1	215	2	0b1d3a222247d3ee
none_un0_dp1_ud1	216	3	72ba45154468a49e
none_un0_dp1_ud1	217	146	50f17668c4a5fec9
none_un0_dp1_ud1	218	3	39b47d1f935ab50e
none_un0_dp1_ud1	219	26	85c9c38e20a87425
none_un0_dp1_ud1	220	60	159b47b293c377ce
none_un0_dp1_ud1	221	28	ad173cd1e7285919
none_un0_dp1_ud1	222	141	3e6c0872b8a5561b
none_un0_dp1_ud1	223	2	68416f9a82cbadaa
none_un0_dp1_ud1	224	57	2a45a60d0467e434
none_un0_dp1_ud1	225	143	cc05ebc30f1cfa2a
none_un0_dp1_ud1	226	25	f06169990f95cddd
none_un0_dp1_ud1	227	139	aaff14cc6e81b51e
none_un0_dp1_ud1	228	2	1ed62d452c06032d
none_un0_dp1_ud1	229	12	6093147242f47eb1
none_un0_dp1_ud1	230	59	31c6c28d6bea0dcc
none_un0_dp1_ud1	231	2	4b87cb766e6c2d59
none_un0_dp1_ud1	232	5	08b8d6aee55ba13c
none_un0_dp1_ud1	233	5	0d3e65144ef91ca5
none_un0_dp1_ud1	234	24	04a21528988f2bb4
none_un0_dp1_ud1	235	3	2a0fd66904abc7c8
none_un0_dp1_ud1	236	4	9622c2ba2249aa1b
none_un0_dp1_ud1	237	2	e7f3ccc34d695499
none_un0_dp1_ud1	238	132	4471ab190695ffd9
none_un0_dp1_ud1	239	2	51440365f7228782
none_un0_dp1_ud1	240	53	2525f7235500291e
none_un0_dp1_ud1	241	5	2935f8374ffedeb7
none_un0_dp1_ud1	242	2	e0cb733b7977396e
none_un0_dp1_ud1	243	65	855c2511c7cd2d46
none_un0_dp1_ud1	244	10	34af50882703447e
none_un0_dp1_ud1	245	132	cf9b9bac35a92bae
none_un0_dp1_ud1	246	53	904e04dee2b5bbe4
none_un0_dp1_ud1	247	19	40ac85f7708f8b9f
none_un0_dp1_ud1	248	21	d788e2528dc145ce
none_un0_dp1_ud1	249	63	d3fe441d9b342b27
none_un0_dp1_ud1	250	10	29a6fd35e38dd258
none_un0_dp1_ud1	251	137	c3c743098d7fcce1
none_un0_dp1_ud1	252	8	c4bf0066ae3ed625
none_un0_dp1_ud1	253	149	bed1a0c2aa1a6269
none_un0_dp1_ud1	254	9	794ab559869ebf4f
none_un0_dp1_ud1	255	3	934d324711f9585b
none_un0_dp1_ud1	256	52	db9ca412e6926789
none_un0_dp1_ud1	257	55	01f6fc8ee7d42272
none_un0_dp1_ud1	258	58	c36a6ce59f4e77f1
none_un0_dp1_ud1	259	137	a53a974007b446b8
none_un0_dp1_ud1	260	23	fb5bd6f21ed4968e
none_un0_dp1_ud1	261	2	924504afcda1cfd2
none_un0_dp1_ud1	262	58	4011dd226ee41a05
none_un0_dp1_ud1	263	2	05c83f34919bd568
none_un0_dp1_ud1	264	2	f29257b6bf7a4c6d
none_un0_dp1_ud1	265	2	f860f25b5dfae3df
none_un0_dp1_ud1	266	59	12b6fd5810551c16
none_un0_dp1_ud1	267	129	6f723ac5ce2ecb97
none_un0_dp1_ud1	268	16	448e88025fb7e6bb
none_un0_dp1_ud1	269	59	3e8a23d66232bb4a
none_un0_dp1_ud1	270	5	99be24770957133d
none_un0_dp1_ud1	271	19	fe29b1ad562f3afe
none_un0_dp1_ud1	272	6	6f919b95e8983386
none_un0_dp1_ud1	273	3	7e8b3bc6e0ff49f7
none_un0_dp1_ud1	274	4	493016d30db2cc4a
none_un0_dp1_ud1	275	2	a5a6c52ac89a2e26
none_un0_dp1_ud1	276	22	2f950323de1686da
none_un0_dp1_ud1	277	1	2ddd594f75bc7a04
none_un0_dp1_ud1	278	143	1926a39c6d38ba0f
none_un0_dp1_ud1	279	7	12fd6cdb5c930853
none_un0_dp1_ud1	280	4	aa6e320823fcf0e5
none_un0_dp1_ud1	281	2	a94a05f30f6f505b
none_un0_dp1_ud1	282	6	87834cd6318c0abc
none_un0_dp1_ud1	283	6	1e6becef23f1e4cd
none_un0_dp1_ud1	284	21	6eb83ff5e434d3bb
none_un0_dp1_ud1	285	133	7c9b2a219133bbfc
none_un0_dp1_ud1	286	8	e9d299593dd18b95
none_un0_dp1_ud1	287	2	4512339cf40b5163
none_un0_dp1_ud1	288	23	43c1bb748a49035e
none_un0_dp1_ud1	289	56	07ebb4280283d548
none_un0_dp1_ud1	290	6	2571846923378c8e
none_un0_dp1_ud1	291	56	84f1d8ecb3af9fea
none_un0_dp1_ud1	292	2	0a207cc2286b47b9
none_un0_dp1_ud1	293	22	b8d7b702ba1104b8
none_un0_dp1_ud1	294	2	e92aa8fb21e21ba4
none_un0_dp1_ud1	295	2	4a67014b88e42019
none_un0_dp1_ud1	296	21	b0317602e87ecaf7
none_un0_dp1_ud1	297	5	44041a7814c6ed16
none_un0_dp1_ud1	298	8	06dc63c8ef437398
none_un0_dp1_ud1	299	49	18c830fd830ba429
none_un0_dp1_ud1	300	18	0811823527013b6e
none_un0_dp1_ud1	301	2	a897b29e1f3cb5ab
none_un0_dp1_ud1	302	2	d86e9b7a0a82223f
none_un0_dp1_ud1	303	2	9ffa96ea53f5d65f
none_un0_dp1_ud1	304	23	a522f9c3723d6338
none_un0_dp1_ud1	305	140	9dff37fd0103148c
none_un0_dp1_ud1	306	8	4424b92581b1c564
none_un0_dp1_ud1	307	19	57433608f7db00fd
none_un0_dp1_ud1	308	135	82dbab301050b39f
none_un0_dp1_ud1	309	1	d768b68099eade96
none_un0_dp1_ud1	310	136	15fe1e17aa73c287
none_un0_dp1_ud1	311	3	a9c08f8c8fbe7b7a
none_un0_dp1_ud1	312	20	75e80777ee7372c8
none_un0_dp1_ud1	313	135	f4a0a7237fd13310
none_un0_dp1_ud1	314	130	89b2a307fc4924ed
none_un0_dp1_ud1	315	4	b47ff0c8de71b612
none_un0_dp1_ud1	316	138	f1f52265659f9349
none_un0_dp1_ud1	317	134	42ad4ff42446a348
none_un0_dp1_ud1	318	59	03e54f1e14ca3713
none_un0_dp1_ud1	319	4	48a062b0138b0f26
none_un0_dp1_ud1	320	58	3468aea44c658ea1
none_un0_dp1_ud1	321	6	53076c4ad9635ee3
none_un0_dp1_ud1	322	4	5137eb0456042c35
none_un0_dp1_ud1	323	5	46f832671e6be81c
none_un0_dp1_ud1	324	57	6407a3d6bbf68fb0
none_un0_dp1_ud1	325	153	bbbde3ad43ef279d
none_un0_dp1_ud1	326	9	2622ae69ba85f33c
none_un0_dp1_ud1	327	19	ba0a0a912ea4834a
none_un0_dp1_ud1	328	5	2fae1ee4d46126b4
none_un0_dp1_ud1	329	2	a6bb84b7a575f8ec
none_un0_dp1_ud1	330	140	d25e00fee301ab2b
none_un0_dp1_ud1	331	6	6106de746f210c0d
none_un0_dp1_ud1	332	11	76e14435c7ba358b
none_un0_dp1_ud1	333	10	3df81dc05cc0d8e3
none_un0_dp1_ud1	334	3	91247abc51792a48
none_un0_dp1_ud1	335	26	c9fc4a8ed096bf52
none_un0_dp1_ud1	336	6	1e317ebcdbe551c5
none_un0_dp1_ud1	337	7	d49c79172ea77fc4
none_un0_dp1_ud1	338	2	52433b8379f9ccc2
none_un0_dp1_ud1	339	2	d7cbbca2e0d29c5f
none_un0_dp1_ud1	340	7	f61b0925c5d68178
none_un0_dp1_ud1	341	3	1f3aa361034ebfba
none_un0_dp1_ud1	342	2	585dc3e49905c661
none_un0_dp1_ud1	343	2	28a11183598e5824
none_un0_dp1_ud1	344	1	086bd518f6b8b79d
none_un0_dp1_ud1	345	18	a98692b53ddac235
none_un0_dp1_ud1	346	6	d76b0be5855094ec
none_un0_dp1_ud1	347	11	d510f2c540c468ca
none_un0_dp1_ud1	348	5	f031ac6950088d80
none_un0_dp1_ud1	349	147	e9d8f52d12695997
none_un0_dp1_ud1	350	22	a25cce7344a3104b
none_un0_dp1_ud1	351	133	b21ab1cad2d03b99
none_un0_dp1_ud1	352	8	0039b4c5a2e28990
none_un0_dp1_ud1	353	58	717a01b948f173b0
none_un0_dp1_ud1	354	138	8904b29eb36574fe
none_un0_dp1_ud1	355	58	68c30effa33a5af9
none_un0_dp1_ud1	356	2	fd20bd056e0c46a4
none_un0_dp1_ud1	357	139	d22cff4f92399221
none_un0_dp1_ud1	358	2	32c4420f50182d9b
none_un0_dp1_ud1	359	10	febc747f398d036a
none_un0_dp1_ud1	360	137	9c9e53b9f35cf0b8
none_un0_dp1_ud1	361	5	4c862c1bd8a5a450
none_un0_dp1_ud1	362	126	be9f702b1b996038
none_un0_dp1_ud1	363	5	e07d509b4206e920
none_un0_dp1_ud1	364	2	3322804f769107bc
none_un0_dp1_ud1	365	60	b72686d41c5c9b30
none_un0_dp1_ud1	366	2	74b2f15853d403ad
none_un0_dp1_ud1	367	6	cf174ba6543f265b
none_un0_dp1_ud1	368	4	5e04d8159b8494d8
none_un0_dp1_ud1	369	4	78d378e2e290bba2
none_un0_dp1_ud1	370	3	ebd961710316a4e5
none_un0_dp1_ud1	371	2	5acc42448f3a7df6
none_un0_dp1_ud1	372	19	a494db22f0faa7ea
none_un0_dp1_ud1	373	25	fe460a02ff0e057e
none_un0_dp1_ud1	374	134	f12abef1860b2a56
none_un0_dp1_ud1	375	141	82d034f43457a57f
none_un0_dp1_ud1	376	56	53715cf2a9a25d37
none_un0_dp1_ud1	377	1	9efb220ab1756c9b
none_un0_dp1_ud1	378	64	89abe7425b78d862
none_un0_dp1_ud1	379	156	5f385f0a0d0ef221
none_un0_dp1_ud1	380	153	965957e6189c3c56
none_un0_dp1_ud1	381	2	0737efd232706575
none_un0_dp1_ud1	382	137	c384828db4c39ac3
none_un0_dp1_ud1	383	7	949719fd8505d430
none_un0_dp1_ud1	384	25	47d2eb91248fc83f
none_un0_dp1_ud1	385	24	46e40bc6a72a9136
none_un0_dp1_ud1	386	3	cf1550a9bbb1fef1
none_un0_dp1_ud1	387	7	a4b63e88af6f3bd7
none_un0_dp1_ud1	388	2	aa1e60ba1401abea
none_un0_dp1_ud1	389	157	8cf22b07e56d1de1
none_un0_dp1_ud1	390	56	2f8118e0b1d3cb8c
none_un0_dp1_ud1	391	7	e5548f54f91d3609
none_un0_dp1_ud1	392	1	02af48d37eaa75de
none_un0_dp1_ud1	393	58	0f786aa935ae2efa
none_un0_dp1_ud1	394	2	afc759b4113c25e6
none_un0_dp1_ud1	395	7	04919ff7d9b632d0
none_un0_dp1_ud1	396	23	a303c55f0d36a058
none_un0_dp1_ud1	397	2	3e546b7553d13d25
none_un0_dp1_ud1	398	2	aaed56b482f98c50
none_un0_dp1_ud1	399	63	42b21fe6df74d351
none_un0_dp0_ud0	0	185	d4800dc8ddbe9e02
none_un0_dp0_ud0	1	3	a4a8d635a6bd3203
none_un0_dp0_ud0	2	185	b3055546966af405
none_un0_dp0_ud0	3	2	48af54fbccd258d8
none_un0_dp0_ud0	4	69	213c283d9f44a488
none_un0_dp0_ud0	5	11	786883a831e4ff77
none_un0_dp0_ud0	6	2	3a25daa9a10d2b61
none_un0_dp0_ud0	7	76	bf18d5e80da2145d
none_un0_dp0_ud0	8	5	242653f5bbb3c8c2
none_un0_dp0_ud0	9	3	7093f70a2a4688d0
none_un0_dp0_ud0	10	185	3ea880670cf66412
none_un0_dp0_ud0	11	11	fbcb8aa6981dc3af
none_un0_dp0_ud0	12	2	1e4531718b24dcf3
none_un0_dp0_ud0	13	11	1b622aee2fad13c5
none_un0_dp0_ud0	14	31	5ca9ddcf03d25244
none_un0_dp0_ud0	15	173	786aae241575c045
none_un0_dp0_ud0	16	6	25fa0982b745d4df
none_un0_dp0_ud0	17	2	5dea7bc0142c7c9c
none_un0_dp0_ud0	18	5	487b934176ac0550
none_un0_dp0_ud0	19	82	047357b11ae0139c
none_un0_dp0_ud0	20	187	e534ef9e02016a67
none_un0_dp0_ud0	21	29	c80fbe0b6624ade6
none_un0_dp0_ud0	22	24	b797ee188d6287d0
none_un0_dp0_ud0	23	6	13309ee916c551bc
none_un0_dp0_ud0	24	28	5d4594d33f77a62f
none_un0_dp0_ud0	25	6	fcf8ea2c738bf0bb
none_un0_dp0_ud0	26	179	b0163493b80304b1
none_un0_dp0_ud0	27	2	d930a8388fecfd6c
none_un0_dp0_ud0	28	183	e01251d00fd8e4f4
none_un0_dp0_ud0	29	29	54ba87cb2f515487
none_un0_dp0_ud0	30	10	43cd0d81f89a67ec
none_un0_dp0_ud0	31	6	7abb25e93cf412df
none_un0_dp0_ud0	32	11	7aecf32249a7c842
none_un0_dp0_ud0	33	6	0a03e47f384ef872
none_un0_dp0_ud0	34	77	2a79db076ec0e595
none_un0_dp0_ud0	35	177	d525ee837dcc3825
none_un0_dp0_ud0	36	2	bdf75673c2b7b9af
none_un0_dp0_ud0	37	28	20b1fac103fe04fc
none_un0_dp0_ud0	38	25	5ae53b3bbe9f8219
none_un0_dp0_ud0	39	73	305fb252a8870851
none_un0_dp0_ud0	40	3	9bf9d5567f90a850
none_un0_dp0_ud0	41	3	e8ef047b9b78f799
none_un0_dp0_ud0	42	27	f4a09d14b40e54fe
none_un0_dp0_ud0	43	5	a5172c29fe09f2f5
none_un0_dp0_ud0	44	29	8aca9239ea38a123
none_un0_dp0_ud0	45	3	c96a694de46626b9
none_un0_dp0_ud0	46	70	90608ad82259cd68
none_un0_dp0_ud0	47	11	55dae13308c89228
none_un0_dp0_ud0	48	71	18b95714c662f2c6
none_un0_dp0_ud0	49	3	961410dbcb8aba28
none_un0_dp0_ud0	50	73	a6c85f5ba5ed7a1e
none_un0_dp0_ud0	51	2	3b3ad4084fecb045
none_un0_dp0_ud0	52	6	72c09cc6f7e0219c
none_un0_dp0_ud0	53	34	b253ae4c4a09a97a
none_un0_dp0_ud0	54	30	e96c423f85a7e6fe
none_un0_dp0_ud0	55	2	ae7493fc3e487f8f
none_un0_dp0_ud0	56	2	b840659fd1c80e1a
none_un0_dp0_ud0	57	5	faab5e06249bd3c4
none_un0_dp0_ud0	58	77	2c7d54e08ed65265
none_un0_dp0_ud0	59	29	7d9acd389bc96400
none_un0_dp0_ud0	60	67	c48391ba794c24a1
none_un0_dp0_ud0	61	3	42d3ba7856ba938f
none_un0_dp0_ud0	62	183	bc602cbbaa667b74
none_un0_dp0_ud0	63	184	445137b1d0eebc33
none_un0_dp0_ud0	64	31	acafe0fad0842692
none_un0_dp0_ud0	65	29	efa887d39aca3139
none_un0_dp0_ud0	66	6	fac59d0535630167
none_un0_dp0_ud0	67	2	ec68d3e3732336cc
none_un0_dp0_ud0	68	11	d58785ae7126955a
none_un0_dp0_ud0	69	179	7d4d45ffa99b3a09
none_un0_dp0_ud0	70	2	62767a9099eb7b5c
none_un0_dp0_ud0	71	2	3c171071acbaa196
none_un0_dp0_ud0	72	3	c9813505cf83b235
none_un0_dp0_ud0	73	11	fe78a09ccaafe926
none_un0_dp0_ud0	74	174	a05d185475cbeaf4
none_un0_dp0_ud0	75	25	952e25bd9f07b206
none_un0_dp0_ud0	76	27	d8012f15d298c183
none_un0_dp0_ud0	77	29	8684a8ecff0949ca
none_un0_dp0_ud0	78	182	7fa8c66a9e71df98
none_un0_dp0_ud0	79	11	c4d6297f78289176
none_un0_dp0_ud0	80	74	cc3737140db1e4bc
none_un0_dp0_ud0	81	4	21cd00c134a171c2
none_un0_dp0_ud0	82	78	5195126c8cf87919
none_un0_dp0_ud0	83	174	bb057438190bc0e1
none_un0_dp0_ud0	84	188	21de0a5bdb797add
none_un0_dp0_ud0	85	70	ee5808c1b749af9d
none_un0_dp0_ud0	86	3	13dfaf4273396119
none_un0_dp0_ud0	87	2	1b171a1f9329a579
none_un0_dp0_ud0	88	2	06d064a5b6119cec
none_un0_dp0_ud0	89	2	13dc9fd5928491eb
none_un0_dp0_ud0	90	3	f122e80153e1e8f3
none_un0_dp0_ud0	91	3	01ae6e117acd6e37
none_un0_dp0_ud0	92	9	fed9fa9393283d73
none_un0_dp0_ud0	93	3	e1862e7d53e78bad
none_un0_dp0_ud0	94	31	d96c67d81e7f6f54
none_un0_dp0_ud0	95	2	7aad0b9e1226bef0
none_un0_dp0_ud0	96	3	6dcbe1cf42f5ca02
none_un0_dp0_ud0	97	25	30577d29accea010
none_un0_dp0_ud0	98	10	237901dbbb51621e
none_un0_dp0_ud0	99	75	68a2b8332cd71633
none_un0_dp0_ud0	100	30	867a6687b39eea7f
none_un0_dp0_ud0	101	72	47fef1ffd064d9db
none_un0_dp0_ud0	102	2	9381c1799561e673
none_un0_dp0_ud0	103	4	ed7cde8bd442e515
none_un0_dp0_ud0	104	3	eacfe96e26f6497a
none_un0_dp0_ud0	105	180	eeae310910172ae9
none_un0_dp0_ud0	106	2	31250925694a9be5
none_un0_dp0_ud0	107	2	111a8c670f1b7eb3
none_un0_dp0_ud0	108	2	48f2d50e850d1972
none_un0_dp0_ud0	109	30	0dd5f273d5950857
none_un0_dp0_ud0	110	2	56f2119843262bd8
none_un0_dp0_ud0	111	2	d756fbc0a19f6f57
none_un0_dp0_ud0	112	2	5d3ba4edb71b9695
none_un0_dp0_ud0	113	187	1212cc1360c35cf9
none_un0_dp0_ud0	114	174	01e10c02d9a128a0
none_un0_dp0_ud0	115	29	63e93b13345dff4c
none_un0_dp0_ud0	116	11	ce451d6f9aee769b
none_un0_dp0_ud0	117	3	b64c0d7d7ea7ea65
none_un0_dp0_ud0	118	6	f00ae3ccfbc7ca0c
none_un0_dp0_ud0	119	166	707fd86e98d5cd32
none_un0_dp0_ud0	120	5	d01f4deeacb6a884
none_un0_dp0_ud0	121	5	59acd0851566c6cf
none_un0_dp0_ud0	122	6	a881692237cb9568
none_un0_dp0_ud0	123	2	ef5225248d173fa3
none_un0_dp0_ud0	124	3	4b6376bf607b3594
none_un0_dp0_ud0	125	2	5c3c0951b23679f5
none_un0_dp0_ud0	126	14	63b23d7d840159e4
none_un0_dp0_ud0	127	9	d4f634d018ee0f6b
none_un0_dp0_ud0	128	2	63088dade7e2c78b
none_un0_dp0_ud0	129	181	a23be65958cc592a
none_un0_dp0_ud0	130	72	dbbead6ccaa17cbf
none_un0_dp0_ud0	131	187	e806015c64db2597
none_un0_dp0_ud0	132	2	772dfa30393969bd
none_un0_dp0_ud0	133	3	d23414d8415ee830
none_un0_dp0_ud0	134	6	8d34a9073653849c
none_un0_dp0_ud0	135	2	941e09cb949631cf
none_un0_dp0_ud0	136	28	69cf7ec81e44b425
none_un0_dp0_ud0	137	3	7e500d3ae150eb93
none_un0_dp0_ud0	138	2	d9ad519b8157fdde
none_un0_dp0_ud0	139	71	c5ee62191bb444ce
none_un0_dp0_ud0	140	9	58f8521aca45c5e4
none_un0_dp0_ud0	141	2	3ed2a5ee559b0584
none_un0_dp0_ud0	142	3	9fbb348d5d8a2a2d
none_un0_dp0_ud0	143	2	e120c7dc005a72a2
none_un0_dp0_ud0	144	3	0b018104431c67db
none_un0_dp0_ud0	145	182	eb88f1637beada7f
none_un0_dp0_ud0	146	10	55904dbb2809837b
none_un0_dp0_ud0	147	9	cc5d595c48fef01d
none_un0_dp0_ud0	148	25	b5c995e8412a6924
none_un0_dp0_ud0	149	3	dd79dcf066be6ccc
none_un0_dp0_ud0	150	10	63bc49d1bf2c052c
none_un0_dp0_ud0	151	9	9498ba2ec585c079
none_un0_dp0_ud0	152	185	a321c601412acb0b
none_un0_dp0_ud0	153	177	948561ea23cf1baa
none_un0_dp0_ud0	154	72	95dd086418222809
none_un0_dp0_ud0	155	5	9a0a173078bcb4e6
none_un0_dp0_ud0	156	12	245b4e8e6172bd97
none_un0_dp0_ud0	157	3	9f6f2fb5c0fc134d
none_un0_dp0_ud0	158	75	39a7622666cd13a7
none_un0_dp0_ud0	159	3	e04ae1029f20c2c1
none_un0_dp0_ud0	160	2	f0cfc8cbf5d9d664
none_un0_dp0_ud0	161	78	6c39d23af0632af4
none_un0_dp0_ud0	162	177	1d01bad06c4aff87
none_un0_dp0_ud0	163	184	a6dc6ebd364c61d1
none_un0_dp0_ud0	164	6	9b522109f5783f9c
none_un0_dp0_ud0	165	70	ebd168a57de54b2b
none_un0_dp0_ud0	166	74	6d93aaca77d4cd17
none_un0_dp0_ud0	167	6	16c400e79ef135df
none_un0_dp0_ud0	168	5	9e271065c422a63f
none_un0_dp0_ud0	169	3	686074a5510e2546
none_un0_dp0_ud0	170	11	9187a856689dc40f
none_un0_dp0_ud0	171	3	70a1e85204e4d72e
none_un0_dp0_ud0	172	2	8c8ae7020cbb4c49
none_un0_dp0_ud0	173	78	0f887f81778eb700
none_un0_dp0_ud0	174	25	3076b68a9795e6ee
none_un0_dp0_ud0	175	27	c12b4b84f8f9d295
none_un0_dp0_ud0	176	3	8d714cc487cac3bf
none_un0_dp0_ud0	177	3	7d6c7c1671067db4
none_un0_dp0_ud0	178	182	34bc21064c10cf83
none_un0_dp0_ud0	179	28	5fa4bd84c9d4e565
none_un0_dp0_ud0	180	3	657f0828eb8b259a
none_un0_dp0_ud0	181	5	1d402fa1e25a705b
none_un0_dp0_ud0	182	2	3bcd136472d8ebbf
none_un0_dp0_ud0	183	10	82db7063c7e155c7
none_un0_dp0_ud0	184	32	b4430d3b88380408
none_un0_dp0_ud0	185	6	0e865e2f1690f9ad
none_un0_dp0_ud0	186	6	84af25b1df9b5a39
none_un0_dp0_ud0	187	9	3e4dc9b436746087
none_un0_dp0_ud0	188	6	5f16a728c91275cf
none_un0_dp0_ud0	189	10	bddb1fcd2afe9e1d
none_un0_dp0_ud0	190	5	3fa68b6c0ac9d6be
none_un0_dp0_ud0	191	2	653cbfa4e25966ef
none_un0_dp0_ud0	192	2	43c05b7ef01c7494
none_un0_dp0_ud0	193	2	58c45d16565eb0d0
none_un0_dp0_ud0	194	10	14262a505f06a068
none_un0_dp0_ud0	195	10	97be175e95edbbae
none_un0_dp0_ud0	196	30	693db0b51bda889e
none_un0_dp0_ud0	197	73	a766aa0ce1c51f8c
none_un0_dp0_ud0	198	179	7db1b0a6460ae61a
none_un0_dp0_ud0	199	68	a6d7d971f9860d95
none_un0_dp0_ud0	200	27	15e7c096e44a2650
none_un0_dp0_ud0	201	73	cc075019e35f9b31
none_un0_dp0_ud0	202	30	7b2b8c243a5be17c
none_un0_dp0_ud0	203	184	b092dd292d10d7dc
none_un0_dp0_ud0	204	188	4feac320d039a21f
none_un0_dp0_ud0	205	71	880965d277c2493b
none_un0_dp0_ud0	206	3	a081e17343101e56
none_un0_dp0_ud0	207	2	03bd747c6229706a
none_un0_dp0_ud0	208	28	1e3fa4de42664266
none_un0_dp0_ud0	209	10	9228e199660c6324
none_un0_dp0_ud0	210	188	0085e7c911abd8ee
none_un0_dp0_ud0	211	80	958cbc46322a1bb8
none_un0_dp0_ud0	212	5	b4be965f0ea3c7f1
none_un0_dp0_ud0	213	10	3c36e3f135869833
none_un0_dp0_ud0	214	75	98d1aeec16f9a97a
none_un0_dp0_ud0	215	3	0672da7704845a4b
none_un0_dp0_ud0	216	3	72ba45154468a49e
none_un0_dp0_ud0	217	187	9e405ed7e541a643
none_un0_dp0_ud0	218	3	39b47d1f935ab50e
none_un0_dp0_ud0	219	31	7dea96e95d59cb75
none_un0_dp0_ud0	220	77	a10c22429f365563
none_un0_dp0_ud0	221	33	d560b51df0fc88a6
none_un0_dp0_ud0	222	188	94a991e0c03b4bfd
none_un0_dp0_ud0	223	2	68416f9a82cbadaa
none_un0_dp0_ud0	224	75	ee16b99e2467c7f5
none_un0_dp0_ud0	225	173	29081bcbc3ac4b24
none_un0_dp0_ud0	226	34	fd870cd1f7818163
none_un0_dp0_ud0	227	180	30b27841e23972fe
none_un0_dp0_ud0	228	2	1ed62d452c06032d
none_un0_dp0_ud0	229	12	6093147242f47eb1
none_un0_dp0_ud0	230	72	aa76b0e258e2fc01
none_un0_dp0_ud0	231	3	77e4a054c5c3acbe
none_un0_dp0_ud0	232	6	4acfe3057f18bad6
none_un0_dp0_ud0	233	6	d6abae7b8a305a0f
none_un0_dp0_ud0	234	29	58761d92f01bfadc
none_un0_dp0_ud0	235	5	5c1af7797a86a816
none_un0_dp0_ud0	236	6	34bd5dae9eea5b43
none_un0_dp0_ud0	237	5	7d7414d8dabf0228
none_un0_dp0_ud0	238	175	09a5ffb655e77ccb
none_un0_dp0_ud0	239	2	51440365f7228782
none_un0_dp0_ud0	240	71	ff23c6481197a511
none_un0_dp0_ud0	241	5	2935f8374ffedeb7
none_un0_dp0_ud0	242	2	e0cb733b7977396e
none_un0_dp0_ud0	243	70	140701db9e0a157c
none_un0_dp0_ud0	244	11	77b4cd37c698dfb7
none_un0_dp0_ud0	245	184	660fc8394f79099b
none_un0_dp0_ud0	246	67	dc5f9d3d84a5cb1b
none_un0_dp0_ud0	247	25	de4512f7790460fe
none_un0_dp0_ud0	248	28	3c4b130cce610436
none_un0_dp0_ud0	249	76	b8e7a9fae1be7520
none_un0_dp0_ud0	250	11	3899cd1664c00dfc
none_un0_dp0_ud0	251	187	5fc08dc3f2f6b0d5
none_un0_dp0_ud0	252	9	ac40e7905cb7f1b9
none_un0_dp0_ud0	253	191	55d2688e3aa4b942
none_un0_dp0_ud0	254	11	e7311d6b80810e88
none_un0_dp0_ud0	255	3	934d324711f9585b
none_un0_dp0_ud0	256	72	df469713d7455fbb
none_un0_dp0_ud0	257	69	ae3ec4f9a9fa442a
none_un0_dp0_ud0	258	72	acf6574811abc469
none_un0_dp0_ud0	259	182	0db20cad94d952dc
none_un0_dp0_ud0	260	29	6ca1869840a7035b
none_un0_dp0_ud0	261	3	3cc8a407e12c3f4f
none_un0_dp0_ud0	262	76	4a4a22e51160a4a1
none_un0_dp0_ud0	263	3	78f2396bf6463765
none_un0_dp0_ud0	264	6	24d4e5954fd260a4
none_un0_dp0_ud0	265	2	c713f9f838aff230
none_un0_dp0_ud0	266	75	b8499747fa34d5aa
none_un0_dp0_ud0	267	180	a4f0eacc0fced4f2
none_un0_dp0_ud0	268	25	386947f6f21f6f15
none_un0_dp0_ud0	269	76	92b4f319ca4ac940
none_un0_dp0_ud0	270	6	370c4d58649925e0
none_un0_dp0_ud0	271	23	13a0df846a7b9b70
none_un0_dp0_ud0	272	8	02d115de38c5f2e4
none_un0_dp0_ud0	273	3	7e8b3bc6e0ff49f7
none_un0_dp0_ud0	274	6	ad85495f018a11c1
none_un0_dp0_ud0	275	2	a5a6c52ac89a2e26
none_un0_dp0_ud0	276	27	b9394d4d0050bcb2
none_un0_dp0_ud0	277	2	bfbaed8002ec6a28
none_un0_dp0_ud0	278	183	6d0d43ff6d919287
none_un0_dp0_ud0	279	10	e70fda92420c06b0
none_un0_dp0_ud0	280	6	4078e50d1544d35e
none_un0_dp0_ud0	281	3	6675a2b038a72743
none_un0_dp0_ud0	282	6	87834cd6318c0abc
none_un0_dp0_ud0	283	10	d9feeed6b339b670
none_un0_dp0_ud0	284	27	35d332fa9f292d5c
none_un0_dp0_ud0	285	177	aba6af461018289a
none_un0_dp0_ud0	286	9	dc045866ac25a4fc
none_un0_dp0_ud0	287	2	4512339cf40b5163
none_un0_dp0_ud0	288	30	116c9a166d9047df
none_un0_dp0_ud0	289	69	2558f3e30369f715
none_un0_dp0_ud0	290	8	93bad9f016f29f15
none_un0_dp0_ud0	291	76	0964e061b40cb33a
none_un0_dp0_ud0	292	2	0a207cc2286b47b9
none_un0_dp0_ud0	293	26	c9631322996e2dcc
none_un0_dp0_ud0	294	2	e92aa8fb21e21ba4
none_un0_dp0_ud0	295	3	ffb1d7bc4a7f1eb7
none_un0_dp0_ud0	296	28	8daf42a4f723d928
none_un0_dp0_ud0	297	6	3a26cbe7424f541e
none_un0_dp0_ud0	298	11	49ea0cb158ca870f
none_un0_dp0_ud0	299	65	0ac303dfe1bc755b
none_un0_dp0_ud0	300	29	f25c7d6b00ddde15
none_un0_dp0_ud0	301	3	30f2d1bab1a40b34
none_un0_dp0_ud0	302	2	d86e9b7a0a82223f
none_un0_dp0_ud0	303	2	9ffa96ea53f5d65f
none_un0_dp0_ud0	304	28	96c5f65346ca3864
none_un0_dp0_ud0	305	183	541d4b29fb4a3b42
none_un0_dp0_ud0	306	9	792b148bdd0ae1af
none_un0_dp0_ud0	307	28	dd2c6c403b945c5b
none_un0_dp0_ud0	308	180	8acece6fa79c1b6c
none_un0_dp0_ud0	309	2	e593167dbe740168
none_un0_dp0_ud0	310	184	8f6369ab76a9aa2a
none_un0_dp0_ud0	311	3	a9c08f8c8fbe7b7a
none_un0_dp0_ud0	312	27	ef413d2546e6ccf9
none_un0_dp0_ud0	313	177	bdc22cd4e279db74
none_un0_dp0_ud0	314	179	f08712ed2b9c3d04
none_un0_dp0_ud0	315	6	d6fa7c4c226cb10f
none_un0_dp0_ud0	316	179	182c6a82e59bf53d
none_un0_dp0_ud0	317	174	0e4555c237c11683
none_un0_dp0_ud0	318	66	17a0294534dcf409
none_un0_dp0_ud0	319	6	898130edd1d53658
none_un0_dp0_ud0	320	75	a67b6af242a6afa1
none_un0_dp0_ud0	321	7	abe8e7888f48affe
none_un0_dp0_ud0	322	6	425402bb15b2a6de
none_un0_dp0_ud0	323	6	5de5e041be96da6d
none_un0_dp0_ud0	324	73	a72d90f3e4c5c873
none_un0_dp0_ud0	325	190	a1413e59e233ca36
none_un0_dp0_ud0	326	10	c6e8a2a354b9c3b6
none_un0_dp0_ud0	327	29	78543b9f2c7be2ed
none_un0_dp0_ud0	328	10	2a9b4e75f8f49490
none_un0_dp0_ud0	329	2	a6bb84b7a575f8ec
none_un0_dp0_ud0	330	185	b9b88c5dcacce275
none_un0_dp0_ud0	331	6	6106de746f210c0d
none_un0_dp0_ud0	332	13	38c452fdfb4e2f56
none_un0_dp0_ud0	333	10	3df81dc05cc0d8e3
none_un0_dp0_ud0	334	3	91247abc51792a48
none_un0_dp0_ud0	335	33	5cecff2d1aa21af6
none_un0_dp0_ud0	336	6	1e317ebcdbe551c5
none_un0_dp0_ud0	337	11	0a664ea21d41bf05
none_un0_dp0_ud0	338	2	52433b8379f9ccc2
none_un0_dp0_ud0	339	2	d7cbbca2e0d29c5f
none_un0_dp0_ud0	340	11	9e0615c777c8ad42
none_un0_dp0_ud0	341	3	1f3aa361034ebfba
none_un0_dp0_ud0	342	2	585dc3e49905c661
none_un0_dp0_ud0	343	2	28a11183598e5824
none_un0_dp0_ud0	344	3	998edbd3e3c0852d
none_un0_dp0_ud0	345	29	9eb27aa30f4b384c
none_un0_dp0_ud0	346	6	d76b0be5855094ec
none_un0_dp0_ud0	347	11	d510f2c540c468ca
none_un0_dp0_ud0	348	6	75d0836c930c6718
none_un0_dp0_ud0	349	189	fac391f32c591946
none_un0_dp0_ud0	350	25	afb0c7a539e83de8
none_un0_dp0_ud0	351	174	7f4262febe872398
none_un0_dp0_ud0	352	10	cdacf7291a0547ad
none_un0_dp0_ud0	353	74	b6392e25f08f4433
none_un0_dp0_ud0	354	179	6f7930978915da59
none_un0_dp0_ud0	355	73	dfa4ab2d4530fc43
none_un0_dp0_ud0	356	2	fd20bd056e0c46a4
none_un0_dp0_ud0	357	181	b9d5dff5be6acc19
none_un0_dp0_ud0	358	2	32c4420f50182d9b
none_un0_dp0_ud0	359	12	39f872ca1c1b6fdf
none_un0_dp0_ud0	360	179	76917e7703372136
none_un0_dp0_ud0	361	6	3e3f94f2e62d42e9
none_un0_dp0_ud0	362	173	63171f1505b2f474
none_un0_dp0_ud0	363	8	f78e929ae96b8760
none_un0_dp0_ud0	364	2	3322804f769107bc
none_un0_dp0_ud0	365	76	4582692159849197
none_un0_dp0_ud0	366	3	76f5bd7c590e252c
none_un0_dp0_ud0	367	10	4768900bfdb3dafe
none_un0_dp0_ud0	368	6	c3d7ae21bc2491ec
none_un0_dp0_ud0	369	6	d3594f17b3a6e465
none_un0_dp0_ud0	370	3	ebd961710316a4e5
none_un0_dp0_ud0	371	2	5acc42448f3a7df6
none_un0_dp0_ud0	372	25	240cd58e92b276dd
none_un0_dp0_ud0	373	29	1867d623eba7175a
none_un0_dp0_ud0	374	175	10039724738514d6
none_un0_dp0_ud0	375	179	fdd01d37ca437593
none_un0_dp0_ud0	376	73	3165c1bbda2980ba
none_un0_dp0_ud0	377	2	8651213e2bb36b49
none_un0_dp0_ud0	378	79	cc8ec65bbe015b61
none_un0_dp0_ud0	379	187	4753bdeff343e2e2
none_un0_dp0_ud0	380	187	4b7278c9e24b094f
none_un0_dp0_ud0	381	3	73adcfaf266b2036
none_un0_dp0_ud0	382	183	7fe0e2e88db02284
none_un0_dp0_ud0	383	10	7521b9eb150893e0
none_un0_dp0_ud0	384	28	83deb17ac352c6a2
none_un0_dp0_ud0	385	29	9c238bd10d8ea1f5
none_un0_dp0_ud0	386	5	20bd48632fbb41c1
none_un0_dp0_ud0	387	10	6744c104af534ec9
none_un0_dp0_ud0	388	2	aa1e60ba1401abea
none_un0_dp0_ud0	389	195	8f4b76bdc8a3141f
none_un0_dp0_ud0	390	79	402ab32c64048589
none_un0_dp0_ud0	391	8	ceed52aff0bc13ed
none_un0_dp0_ud0	392	2	544186fb653549de
none_un0_dp0_ud0	393	74	cfb3c8e3bb03a0c7
none_un0_dp0_ud0	394	2	afc759b4113c25e6
none_un0_dp0_ud0	395	11	9ef980280418cc7e
none_un0_dp0_ud0	396	30	a0e361c606059407
none_un0_dp0_ud0	397	3	781b29574154c676
none_un0_dp0_ud0	398	3	9b9b233700a70666
none_un0_dp0_ud0	399	77	8b2ba17bec428b36
none_un0_dp0_ud1	0	185	d4800dc8ddbe9e02
none_un0_dp0_ud1	1	3	a4a8d635a6bd3203
none_un0_dp0_ud1	2	185	b3055546966af405
none_un0_dp0_ud1	3	2	48af54fbccd258d8
none_un0_dp0_ud1	4	69	213c283d9f44a488
none_un0_dp0_ud1	5	11	786883a831e4ff77
none_un0_dp0_ud1	6	2	3a25daa9a10d2b61
none_un0_dp0_ud1	7	76	bf18d5e80da2145d
none_un0_dp0_ud1	8	5	242653f5bbb3c8c2
none_un0_dp0_ud1	9	3	7093f70a2a4688d0
none_un0_dp0_ud1	10	185	3ea880670cf66412
none_un0_dp0_ud1	11	11	fbcb8aa6981dc3af
none_un0_dp0_ud1	12	2	1e4531718b24dcf3
none_un0_dp0_ud1	13	11	1b622aee2fad13c5
none_un0_dp0_ud1	14	31	5ca9ddcf03d25244
none_un0_dp0_ud1	15	172	8da502e967efa2f0
none_un0_dp0_ud1	16	6	25fa0982b745d4df
none_un0_dp0_ud1	17	2	5dea7bc0142c7c9c
none_un0_dp0_ud1	18	5	487b934176ac0550
none_un0_dp0_ud1	19	82	047357b11ae0139c
none_un0_dp0_ud1	20	185	509b6a209d8e747f
none_un0_dp0_ud1	21	28	c40a6fa345fd8c79
none_un0_dp0_ud1	22	24	b797ee188d6287d0
none_un0_dp0_ud1	23	6	13309ee916c551bc
none_un0_dp0_ud1	24	28	5d4594d33f77a62f
none_un0_dp0_ud1	25	6	fcf8ea2c738bf0bb
none_un0_dp0_ud1	26	179	b0163493b80304b1
none_un0_dp0_ud1	27	2	d930a8388fecfd6c
none_un0_dp0_ud1	28	183	e4204c2b62e28d8d
none_un0_dp0_ud1	29	29	54ba87cb2f515487
none_un0_dp0_ud1	30	10	43cd0d81f89a67ec
none_un0_dp0_ud1	31	6	7abb25e93cf412df
none_un0_dp0_ud1	32	11	7aecf32249a7c842
none_un0_dp0_ud1	33	6	0a03e47f384ef872
none_un0_dp0_ud1	34	77	1971d740ca7a95c2
none_un0_dp0_ud1	35	177	864b1b05b1d6ec1e
none_un0_dp0_ud1	36	2	bdf75673c2b7b9af
none_un0_dp0_ud1	37	28	4162c0dddabb649d
none_un0_dp0_ud1	38	25	5ae53b3bbe9f8219
none_un0_dp0_ud1	39	73	305fb252a8870851
none_un0_dp0_ud1	40	3	9bf9d5567f90a850
none_un0_dp0_ud1	41	3	e8ef047b9b78f799
none_un0_dp0_ud1	42	27	f4a09d14b40e54fe
none_un0_dp0_ud1	43	5	a5172c29fe09f2f5
none_un0_dp0_ud1	44	29	8aca9239ea38a123
none_un0_dp0_ud1	45	3	c96a694de46626b9
none_un0_dp0_ud1	46	70	90608ad82259cd68
none_un0_dp0_ud1	47	11	55dae13308c89228
none_un0_dp0_ud1	48	71	18b95714c662f2c6
none_un0_dp0_ud1	49	3	961410dbcb8aba28
none_un0_dp0_ud1	50	73	a6c85f5ba5ed7a1e
none_un0_dp0_ud1	51	2	3b3ad4084fecb045
none_un0_dp0_ud1	52	6	72c09cc6f7e0219c
none_un0_dp0_ud1	53	34	b253ae4c4a09a97a
none_un0_dp0_ud1	54	29	534bc1cfd62ee697
none_un0_dp0_ud1	55	2	ae7493fc3e487f8f
none_un0_dp0_ud1	56	2	b840659fd1c80e1a
none_un0_dp0_ud1	57	5	faab5e06249bd3c4
none_un0_dp0_ud1	58	77	fe9ba35a45ba7ee4
none_un0_dp0_ud1	59	29	7d9acd389bc96400
none_un0_dp0_ud1	60	67	c48391ba794c24a1
none_un0_dp0_ud1	61	3	42d3ba7856ba938f
none_un0_dp0_ud1	62	183	bc602cbbaa667b74
none_un0_dp0_ud1	63	184	445137b1d0eebc33
none_un0_dp0_ud1	64	31	acafe0fad0842692
none_un0_dp0_ud1	65	29	efa887d39aca3139
none_un0_dp0_ud1	66	6	fac59d0535630167
none_un0_dp0_ud1	67	2	ec68d3e3732336cc
none_un0_dp0_ud1	68	11	5c08b978424ffc07
none_un0_dp0_ud1	69	179	7d4d45ffa99b3a09
none_un0_dp0_ud1	70	2	62767a9099eb7b5c
none_un0_dp0_ud1	71	2	3c171071acbaa196
none_un0_dp0_ud1	72	3	c9813505cf83b235
none_un0_dp0_ud1	73	11	fe78a09ccaafe926
none_un0_dp0_ud1	74	174	a05d185475cbeaf4
none_un0_dp0_ud1	75	25	952e25bd9f07b206
none_un0_dp0_ud1	76	27	d8012f15d298c183
none_un0_dp0_ud1	77	29	8684a8ecff0949ca
none_un0_dp0_ud1	78	181	ac4b70dd5d68b90b
none_un0_dp0_ud1	79	11	c4d6297f78289176
none_un0_dp0_ud1	80	74	3e69ebf2747af8fd
none_un0_dp0_ud1	81	4	21cd00c134a171c2
none_un0_dp0_ud1	82	78	b232b79bb7aa8340
none_un0_dp0_ud1	83	174	bb057438190bc0e1
none_un0_dp0_ud1	84	188	cac8f501ae1848ea
none_un0_dp0_ud1	85	70	46b67b89a0a14a06
none_un0_dp0_ud1	86	3	13dfaf4273396119
none_un0_dp0_ud1	87	2	1b171a1f9329a579
none_un0_dp0_ud1	88	2	06d064a5b6119cec
none_un0_dp0_ud1	89	2	13dc9fd5928491eb
none_un0_dp0_ud1	90	3	f122e80153e1e8f3
none_un0_dp0_ud1	91	2	b69c52fc8fcc2345
none_un0_dp0_ud1	92	9	fed9fa9393283d73
none_un0_dp0_ud1	93	3	e1862e7d53e78bad
none_un0_dp0_ud1	94	31	d96c67d81e7f6f54
none_un0_dp0_ud1	95	2	7aad0b9e1226bef0
none_un0_dp0_ud1	96	3	6dcbe1cf42f5ca02
none_un0_dp0_ud1	97	25	30577d29accea010
none_un0_dp0_ud1	98	10	237901dbbb51621e
none_un0_dp0_ud1	99	75	68a2b8332cd71633
none_un0_dp0_ud1	100	30	867a6687b39eea7f
none_un0_dp0_ud1	101	72	47fef1ffd064d9db
none_un0_dp0_ud1	102	2	9381c1799561e673
none_un0_dp0_ud1	103	4	ed7cde8bd442e515
none_un0_dp0_ud1	104	3	eacfe96e26f6497a
none_un0_dp0_ud1	105	179	31210edd0bdfbe82
none_un0_dp0_ud1	106	2	31250925694a9be5
none_un0_dp0_ud1	107	2	111a8c670f1b7eb3
none_un0_dp0_ud1	108	2	48f2d50e850d1972
none_un0_dp0_ud1	109	30	0dd5f273d5950857
none_un0_dp0_ud1	110	2	56f2119843262bd8
none_un0_dp0_ud1	111	2	d756fbc0a19f6f57
none_un0_dp0_ud1	112	2	5d3ba4edb71b9695
none_un0_dp0_ud1	113	187	f41d932c1c64278c
none_un0_dp0_ud1	114	173	97761459b7e71b44
none_un0_dp0_ud1	115	29	63e93b13345dff4c
none_un0_dp0_ud1	116	11	ce451d6f9aee769b
none_un0_dp0_ud1	117	3	b64c0d7d7ea7ea65
none_un0_dp0_ud1	118	6	f00ae3ccfbc7ca0c
none_un0_dp0_ud1	119	166	c1242277953da6ab
none_un0_dp0_ud1	120	5	d01f4deeacb6a884
none_un0_dp0_ud1	121	5	59acd0851566c6cf
none_un0_dp0_ud1	122	6	a881692237cb9568
none_un0_dp0_ud1	123	2	ef5225248d173fa3
none_un0_dp0_ud1	124	3	4b6376bf607b3594
none_un0_dp0_ud1	125	2	5c3c0951b23679f5
none_un0_dp0_ud1	126	14	63b23d7d840159e4
none_un0_dp0_ud1	127	9	d4f634d018ee0f6b
none_un0_dp0_ud1	128	2	63088dade7e2c78b
none_un0_dp0_ud1	129	181	b74a187f7ffac07d
none_un0_dp0_ud1	130	72	dbbead6ccaa17cbf
none_un0_dp0_ud1	131	187	4e7f4d5aaa48c530
none_un0_dp0_ud1	132	2	772dfa30393969bd
none_un0_dp0_ud1	133	3	d23414d8415ee830
none_un0_dp0_ud1	134	6	8d34a9073653849c
none_un0_dp0_ud1	135	2	941e09cb949631cf
none_un0_dp0_ud1	136	28	00ff32d717213360
none_un0_dp0_ud1	137	3	7e500d3ae150eb93
none_un0_dp0_ud1	138	2	d9ad519b8157fdde
none_un0_dp0_ud1	139	70	c241c9488eaacfe5
none_un0_dp0_ud1	140	9	58f8521aca45c5e4
none_un0_dp0_ud1	141	2	3ed2a5ee559b0584
none_un0_dp0_ud1	142	3	9fbb348d5d8a2a2d
none_un0_dp0_ud1	143	2	e120c7dc005a72a2
none_un0_dp0_ud1	144	3	0b018104431c67db
none_un0_dp0_ud1	145	182	eb88f1637beada7f
none_un0_dp0_ud1	146	10	55904dbb2809837b
none_un0_dp0_ud1	147	9	cc5d595c48fef01d
none_un0_dp0_ud1	148	25	b5c995e8412a6924
none_un0_dp0_ud1	149	3	dd79dcf066be6ccc
none_un0_dp0_ud1	150	10	63bc49d1bf2c052c
none_un0_dp0_ud1	151	9	9498ba2ec585c079
none_un0_dp0_ud1	152	185	a321c601412acb0b
none_un0_dp0_ud1	153	177	926017ff696de0f1
none_un0_dp0_ud1	154	72	95dd086418222809
none_un0_dp0_ud1	155	5	9a0a173078bcb4e6
none_un0_dp0_ud1	156	12	245b4e8e6172bd97
none_un0_dp0_ud1	157	3	9f6f2fb5c0fc134d
none_un0_dp0_ud1	158	75	39a7622666cd13a7
none_un0_dp0_ud1	159	3	e04ae1029f20c2c1
none_un0_dp0_ud1	160	2	f0cfc8cbf5d9d664
none_un0_dp0_ud1	161	78	6c39d23af0632af4
none_un0_dp0_ud1	162	177	1d01bad06c4aff87
none_un0_dp0_ud1	163	183	530dc63bd89855da
none_un0_dp0_ud1	164	6	9b522109f5783f9c
none_un0_dp0_ud1	165	70	80bfc79b752ed628
none_un0_dp0_ud1	166	74	6d93aaca77d4cd17
none_un0_dp0_ud1	167	6	16c400e79ef135df
none_un0_dp0_ud1	168	5	9e271065c422a63f
none_un0_dp0_ud1	169	3	686074a5510e2546
none_un0_dp0_ud1	170	11	9187a856689dc40f
none_un0_dp0_ud1	171	3	70a1e85204e4d72e
none_un0_dp0_ud1	172	2	8c8ae7020cbb4c49
none_un0_dp0_ud1	173	78	0f887f81778eb700
none_un0_dp0_ud1	174	25	3076b68a9795e6ee
none_un0_dp0_ud1	175	27	c12b4b84f8f9d295
none_un0_dp0_ud1	176	3	8d714cc487cac3bf
none_un0_dp0_ud1	177	3	7d6c7c1671067db4
none_un0_dp0_ud1	178	182	34bc21064c10cf83
none_un0_dp0_ud1	179	28	5fa4bd84c9d4e565
none_un0_dp0_ud1	180	3	657f0828eb8b259a
none_un0_dp0_ud1	181	5	1d402fa1e25a705b
none_un0_dp0_ud1	182	2	3bcd136472d8ebbf
none_un0_dp0_ud1	183	10	82db7063c7e155c7
none_un0_dp0_ud1	184	32	b4430d3b88380408
none_un0_dp0_ud1	185	6	0e865e2f1690f9ad
none_un0_dp0_ud1	186	6	84af25b1df9b5a39
none_un0_dp0_ud1	187	9	3e4dc9b436746087
none_un0_dp0_ud1	188	6	5f16a728c91275cf
none_un0_dp0_ud1	189	10	bddb1fcd2afe9e1d
none_un0_dp0_ud1	190	5	3fa68b6c0ac9d6be
none_un0_dp0_ud1	191	2	653cbfa4e25966ef
none_un0_dp0_ud1	192	2	43c05b7ef01c7494
none_un0_dp0_ud1	193	2	58c45d16565eb0d0
none_un0_dp0_ud1	194	10	14262a505f06a068
none_un0_dp0_ud1	195	10	254401a6923f32e7
none_un0_dp0_ud1	196	30	693db0b51bda889e
none_un0_dp0_ud1	197	73	a766aa0ce1c51f8c
none_un0_dp0_ud1	198	177	45004cf63a4be540
none_un0_dp0_ud1	199	68	a6d7d971f9860d95
none_un0_dp0_ud1	200	26	eda419034dfdac38
none_un0_dp0_ud1	201	73	cc075019e35f9b31
none_un0_dp0_ud1	202	30	7b2b8c243a5be17c
none_un0_dp0_ud1	203	184	b092dd292d10d7dc
none_un0_dp0_ud1	204	188	4feac320d039a21f
none_un0_dp0_ud1	205	71	880965d277c2493b
none_un0_dp0_ud1	206	3	a081e17343101e56
none_un0_dp0_ud1	207	2	03bd747c6229706a
none_un0_dp0_ud1	208	28	1e3fa4de42664266
none_un0_dp0_ud1	209	10	9228e199660c6324
none_un0_dp0_ud1	210	188	b3ab47a0e8c853df
none_un0_dp0_ud1	211	80	958cbc46322a1bb8
none_un0_dp0_ud1	212	5	b4be965f0ea3c7f1
none_un0_dp0_ud1	213	10	3c36e3f135869833
none_un0_dp0_ud1	214	75	98d1aeec16f9a97a
none_un0_dp0_ud1	215	3	0672da7704845a4b
none_un0_dp0_ud1	216	3	72ba45154468a49e
none_un0_dp0_ud1	217	186	9b93f9d237f84d83
none_un0_dp0_ud1	218	3	39b47d1f935ab50e
none_un0_dp0_ud1	219	31	7dea96e95d59cb75
none_un0_dp0_ud1	220	77	a10c22429f365563
none_un0_dp0_ud1	221	33	f5ea10a56c3827a5
none_un0_dp0_ud1	222	187	7ff7705532d6f400
none_un0_dp0_ud1	223	2	68416f9a82cbadaa
none_un0_dp0_ud1	224	75	ee16b99e2467c7f5
none_un0_dp0_ud1	225	172	955560ffdcc9421f
none_un0_dp0_ud1	226	33	f363c7233eb57203
none_un0_dp0_ud1	227	180	b977267d3cc39291
none_un0_dp0_ud1	228	2	1ed62d452c06032d
none_un0_dp0_ud1	229	12	6093147242f47eb1
none_un0_dp0_ud1	230	72	aa76b0e258e2fc01
none_un0_dp0_ud1	231	3	77e4a054c5c3acbe
none_un0_dp0_ud1	232	6	4acfe3057f18bad6
none_un0_dp0_ud1	233	6	d6abae7b8a305a0f
none_un0_dp0_ud1	234	29	58761d92f01bfadc
none_un0_dp0_ud1	235	5	5c1af7797a86a816
none_un0_dp0_ud1	236	6	34bd5dae9eea5b43
none_un0_dp0_ud1	237	5	7d7414d8dabf0228
none_un0_dp0_ud1	238	175	09a5ffb655e77ccb
none_un0_dp0_ud1	239	2	51440365f7228782
none_un0_dp0_ud1	240	71	ff23c6481197a511
none_un0_dp0_ud1	241	5	2935f8374ffedeb7
none_un0_dp0_ud1	242	2	e0cb733b7977396e
none_un0_dp0_ud1	243	70	140701db9e0a157c
none_un0_dp0_ud1	244	11	77b4cd37c698dfb7
none_un0_dp0_ud1	245	183	a49e28ba27c3f987
none_un0_dp0_ud1	246	67	2090192e9e49a9ea
none_un0_dp0_ud1	247	25	de4512f7790460fe
none_un0_dp0_ud1	248	28	3c4b130cce610436
none_un0_dp0_ud1	249	76	b8e7a9fae1be7520
none_un0_dp0_ud1	250	11	3899cd1664c00dfc
none_un0_dp0_ud1	251	184	7c8f8bdfe8400517
none_un0_dp0_ud1	252	9	ac40e7905cb7f1b9
none_un0_dp0_ud1	253	191	4b23fc1fda58c28c
none_un0_dp0_ud1	254	11	e7311d6b80810e88
none_un0_dp0_ud1	255	3	934d324711f9585b
none_un0_dp0_ud1	256	72	df469713d7455fbb
none_un0_dp0_ud1	257	69	ae3ec4f9a9fa442a
none_un0_dp0_ud1	258	72	acf6574811abc469
none_un0_dp0_ud1	259	182	0db20cad94d952dc
none_un0_dp0_ud1	260	29	6ca1869840a7035b
none_un0_dp0_ud1	261	3	3cc8a407e12c3f4f
none_un0_dp0_ud1	262	76	c1c7063f0486d2f2
none_un0_dp0_ud1	263	3	78f2396bf6463765
none_un0_dp0_ud1	264	6	24d4e5954fd260a4
none_un0_dp0_ud1	265	2	f860f25b5dfae3df
none_un0_dp0_ud1	266	75	0618c4fadffd9843
none_un0_dp0_ud1	267	179	522d30aaaddf0511
none_un0_dp0_ud1	268	25	386947f6f21f6f15
none_un0_dp0_ud1	269	76	92b4f319ca4ac940
none_un0_dp0_ud1	270	6	370c4d58649925e0
none_un0_dp0_ud1	271	23	13a0df846a7b9b70
none_un0_dp0_ud1	272	8	02d115de38c5f2e4
none_un0_dp0_ud1	273	3	7e8b3bc6e0ff49f7
none_un0_dp0_ud1	274	6	ad85495f018a11c1
none_un0_dp0_ud1	275	2	a5a6c52ac89a2e26
none_un0_dp0_ud1	276	27	b9394d4d0050bcb2
none_un0_dp0_ud1	277	2	bfbaed8002ec6a28
none_un0_dp0_ud1	278	183	6d0d43ff6d919287
none_un0_dp0_ud1	279	10	89b7ffd49d8ab351
none_un0_dp0_ud1	280	6	4078e50d1544d35e
none_un0_dp0_ud1	281	3	6675a2b038a72743
none_un0_dp0_ud1	282	6	87834cd6318c0abc
none_un0_dp0_ud1	283	10	d9feeed6b339b670
none_un0_dp0_ud1	284	27	35d332fa9f292d5c
none_un0_dp0_ud1	285	176	61472202c914d70a
none_un0_dp0_ud1	286	9	dc045866ac25a4fc
none_un0_dp0_ud1	287	2	4512339cf40b5163
none_un0_dp0_ud1	288	30	116c9a166d9047df
none_un0_dp0_ud1	289	69	2558f3e30369f715
none_un0_dp0_ud1	290	8	93bad9f016f29f15
none_un0_dp0_ud1	291	76	0964e061b40cb33a
none_un0_dp0_ud1	292	2	0a207cc2286b47b9
none_un0_dp0_ud1	293	26	c9631322996e2dcc
none_un0_dp0_ud1	294	2	e92aa8fb21e21ba4
none_un0_dp0_ud1	295	2	4a67014b88e42019
none_un0_dp0_ud1	296	28	8daf42a4f723d928
none_un0_dp0_ud1	297	6	3a26cbe7424f541e
none_un0_dp0_ud1	298	11	49ea0cb158ca870f
none_un0_dp0_ud1	299	65	0ac303dfe1bc755b
none_un0_dp0_ud1	300	29	7c00bbf0a3f3438e
none_un0_dp0_ud1	301	3	30f2d1bab1a40b34
none_un0_dp0_ud1	302	2	d86e9b7a0a82223f
none_un0_dp0_ud1	303	2	9ffa96ea53f5d65f
none_un0_dp0_ud1	304	28	96c5f65346ca3864
none_un0_dp0_ud1	305	183	541d4b29fb4a3b42
none_un0_dp0_ud1	306	9	792b148bdd0ae1af
none_un0_dp0_ud1	307	28	dd2c6c403b945c5b
none_un0_dp0_ud1	308	180	9f0fdd795eb77c8e
none_un0_dp0_ud1	309	2	e593167dbe740168
none_un0_dp0_ud1	310	184	8f6369ab76a9aa2a
none_un0_dp0_ud1	311	3	a9c08f8c8fbe7b7a
none_un0_dp0_ud1	312	27	907848372c1c70be
none_un0_dp0_ud1	313	177	18226be72ac9bf11
none_un0_dp0_ud1	314	178	6da8f5a4c9009315
none_un0_dp0_ud1	315	6	d6fa7c4c226cb10f
none_un0_dp0_ud1	316	179	182c6a82e59bf53d
none_un0_dp0_ud1	317	172	d8929190ca68c329
none_un0_dp0_ud1	318	66	17a0294534dcf409
none_un0_dp0_ud1	319	6	898130edd1d53658
none_un0_dp0_ud1	320	75	3a19a770fe8b6838
none_un0_dp0_ud1	321	7	abe8e7888f48affe
none_un0_dp0_ud1	322	6	425402bb15b2a6de
none_un0_dp0_ud1	323	6	5de5e041be96da6d
none_un0_dp0_ud1	324	73	a72d90f3e4c5c873
none_un0_dp0_ud1	325	190	a1413e59e233ca36
none_un0_dp0_ud1	326	10	c6e8a2a354b9c3b6
none_un0_dp0_ud1	327	29	c3892014dfd070ae
none_un0_dp0_ud1	328	10	2a9b4e75f8f49490
none_un0_dp0_ud1	329	2	a6bb84b7a575f8ec
none_un0_dp0_ud1	330	184	9c0f8b89186de319
none_un0_dp0_ud1	331	6	6106de746f210c0d
none_un0_dp0_ud1	332	13	38c452fdfb4e2f56
none_un0_dp0_ud1	333	10	3df81dc05cc0d8e3
none_un0_dp0_ud1	334	3	91247abc51792a48
none_un0_dp0_ud1	335	33	5cecff2d1aa21af6
none_un0_dp0_ud1	336	6	1e317ebcdbe551c5
none_un0_dp0_ud1	337	11	0a664ea21d41bf05
none_un0_dp0_ud1	338	2	52433b8379f9ccc2
none_un0_dp0_ud1	339	2	d7cbbca2e0d29c5f
none_un0_dp0_ud1	340	11	9e0615c777c8ad42
none_un0_dp0_ud1	341	3	1f3aa361034ebfba
none_un0_dp0_ud1	342	2	585dc3e49905c661
none_un0_dp0_ud1	343	2	28a11183598e5824
none_un0_dp0_ud1	344	3	998edbd3e3c0852d
none_un0_dp0_ud1	345	29	9eb27aa30f4b384c
none_un0_dp0_ud1	346	6	d76b0be5855094ec
none_un0_dp0_ud1	347	11	d510f2c540c468ca
none_un0_dp0_ud1	348	6	75d0836c930c6718
none_un0_dp0_ud1	349	189	fac391f32c591946
none_un0_dp0_ud1	350	25	afb0c7a539e83de8
none_un0_dp0_ud1	351	174	f49a79a957d05c7f
none_un0_dp0_ud1	352	10	f881f07bca32a35c
none_un0_dp0_ud1	353	74	b6392e25f08f4433
none_un0_dp0_ud1	354	179	6f7930978915da59
none_un0_dp0_ud1	355	73	dfa4ab2d4530fc43
none_un0_dp0_ud1	356	2	fd20bd056e0c46a4
none_un0_dp0_ud1	357	181	4b7e6605694bc088
none_un0_dp0_ud1	358	2	32c4420f50182d9b
none_un0_dp0_ud1	359	12	39f872ca1c1b6fdf
none_un0_dp0_ud1	360	179	76917e7703372136
none_un0_dp0_ud1	361	6	3e3f94f2e62d42e9
none_un0_dp0_ud1	362	173	16ae38da31da2451
none_un0_dp0_ud1	363	8	f78e929ae96b8760
none_un0_dp0_ud1	364	2	3322804f769107bc
none_un0_dp0_ud1	365	76	4582692159849197
none_un0_dp0_ud1	366	3	76f5bd7c590e252c
none_un0_dp0_ud1	367	10	4768900bfdb3dafe
none_un0_dp0_ud1	368	6	c3d7ae21bc2491ec
none_un0_dp0_ud1	369	6	d3594f17b3a6e465
none_un0_dp0_ud1	370	3	ebd961710316a4e5
none_un0_dp0_ud1	371	2	5acc42448f3a7df6
none_un0_dp0_ud1	372	25	240cd58e92b276dd
none_un0_dp0_ud1	373	29	9b1cadaa2e2154ff
none_un0_dp0_ud1	374	175	10039724738514d6
none_un0_dp0_ud1	375	179	fdd01d37ca437593
none_un0_dp0_ud1	376	73	d416c2bcf45e04fd
none_un0_dp0_ud1	377	2	8651213e2bb36b49
none_un0_dp0_ud1	378	79	cc8ec65bbe015b61
none_un0_dp0_ud1	379	187	fb04da8ce8eda671
none_un0_dp0_ud1	380	186	17ab72c498425df6
none_un0_dp0_ud1	381	3	73adcfaf266b2036
none_un0_dp0_ud1	382	183	7fe0e2e88db02284
none_un0_dp0_ud1	383	10	7521b9eb150893e0
none_un0_dp0_ud1	384	28	83deb17ac352c6a2
none_un0_dp0_ud1	385	29	9c238bd10d8ea1f5
none_un0_dp0_ud1	386	5	20bd48632fbb41c1
none_un0_dp0_ud1	387	10	6744c104af534ec9
none_un0_dp0_ud1	388	2	aa1e60ba1401abea
none_un0_dp0_ud1	389	195	56f4ffae7e114f01
none_un0_dp0_ud1	390	79	402ab32c64048589
none_un0_dp0_ud1	391	8	ceed52aff0bc13ed
none_un0_dp0_ud1	392	2	544186fb653549de
none_un0_dp0_ud1	393	74	cfb3c8e3bb03a0c7
none_un0_dp0_ud1	394	2	afc759b4113c25e6
none_un0_dp0_ud1	395	11	9ef980280418cc7e
none_un0_dp0_ud1	396	30	a0e361c606059407
none_un0_dp0_ud1	397	3	781b29574154c676
none_un0_dp0_ud1	398	3	9b9b233700a70666
none_un0_dp0_ud1	399	77	8b2ba17bec428b36
none_un1_dp1_ud0	0	205	4fee7b8f4b6207f6
none_un1_dp1_ud0	1	3	a4a8d635a6bd3203
none_un1_dp1_ud0	2	206	aa221a957947baa2
none_un1_dp1_ud0	3	2	71f056e10d51d81c
none_un1_dp1_ud0	4	78	785d4801d42f658c
none_un1_dp1_ud0	5	11	2aeafeb7f0dd846c
none_un1_dp1_ud0	6	2	3a25daa9a10d2b61
none_un1_dp1_ud0	7	82	cdc35171fbf06d53
none_un1_dp1_ud0	8	6	13373bfed69b2900
none_un1_dp1_ud0	9	3	b8460e03e7562a1c
none_un1_dp1_ud0	10	211	4e67e9041d321aee
none_un1_dp1_ud0	11	9	9c4ae55c56deb305
none_un1_dp1_ud0	12	2	1e4531718b24dcf3
none_un1_dp1_ud0	13	10	e9ce19931b9951a2
none_un1_dp1_ud0	14	31	d520f3f96db664fa
none_un1_dp1_ud0	15	202	118035dc6c368506
none_un1_dp1_ud0	16	9	33d4c579ad6b1a1c
none_un1_dp1_ud0	17	2	d430f30042c94162
none_un1_dp1_ud0	18	6	e6929c729e10c6b7
none_un1_dp1_ud0	19	89	9a4d47985998691f
none_un1_dp1_ud0	20	212	c18b7eaa7b795caa
none_un1_dp1_ud0	21	36	78f1c4bc48b422c9
none_un1_dp1_ud0	22	30	c6cbc7fe820d322b
none_un1_dp1_ud0	23	6	436d3b0e0b025c2e
none_un1_dp1_ud0	24	30	8e071879e8426b5b
none_un1_dp1_ud0	25	6	815b9c2fb7525529
none_un1_dp1_ud0	26	204	8425fcd49f272b9f
none_un1_dp1_ud0	27	2	251a16df712d4096
none_un1_dp1_ud0	28	207	3e05ea261494d544
none_un1_dp1_ud0	29	31	f6d8ddf80bb12e76
none_un1_dp1_ud0	30	11	ecfb19352ff24ca7
none_un1_dp1_ud0	31	6	7ac2f41f9d1bc11f
none_un1_dp1_ud0	32	11	0a52a3d404acfc8a
none_un1_dp1_ud0	33	5	c53488081fdf0895
none_un1_dp1_ud0	34	92	1a058271331e656f
none_un1_dp1_ud0	35	204	ba1805809b3aa38c
none_un1_dp1_ud0	36	2	bdf75673c2b7b9af
none_un1_dp1_ud0	37	30	ca0cdbfa02205799
none_un1_dp1_ud0	38	30	59ad94a73335af48
none_un1_dp1_ud0	39	83	07cfddaf18ad856b
none_un1_dp1_ud0	40	3	9bf9d5567f90a850
none_un1_dp1_ud0	41	3	2d6da186be3f4591
none_un1_dp1_ud0	42	30	9b1bb71b05c919de
none_un1_dp1_ud0	43	6	1f02078b6bde6906
none_un1_dp1_ud0	44	31	54ae3b20ddfa4b26
none_un1_dp1_ud0	45	3	1504117fb2aa7b3b
none_un1_dp1_ud0	46	77	66185d2e6efc24e2
none_un1_dp1_ud0	47	12	3bed518d062e7f7b
none_un1_dp1_ud0	48	81	bdbc61f44ca901db
none_un1_dp1_ud0	49	3	ace4d14f90e4b1c6
none_un1_dp1_ud0	50	80	63328ae371236d09
none_un1_dp1_ud0	51	2	3b3ad4084fecb045
none_un1_dp1_ud0	52	6	03360de26eb444b4
none_un1_dp1_ud0	53	36	6d0f8f0c87e87b5b
none_un1_dp1_ud0	54	30	021e888316e2af10
none_un1_dp1_ud0	55	2	36161c1323171749
none_un1_dp1_ud0	56	2	ceea2d1dad1faae2
none_un1_dp1_ud0	57	5	15240a6b0d878bdf
none_un1_dp1_ud0	58	98	9c9d1364ae6781ea
none_un1_dp1_ud0	59	30	9417dda02379241e
none_un1_dp1_ud0	60	86	454671c4aed6d0e7
none_un1_dp1_ud0	61	3	e3fd35e5176c5025
none_un1_dp1_ud0	62	212	68b854b16964eb2b
none_un1_dp1_ud0	63	204	bea0c46d1f923e3f
none_un1_dp1_ud0	64	27	5f50f84784ee3ea7
none_un1_dp1_ud0	65	31	b0c6e8025eed5b5f
none_un1_dp1_ud0	66	6	5e52bad3bf5624bd
none_un1_dp1_ud0	67	2	b6ebb98793bef7b4
none_un1_dp1_ud0	68	11	5dd09963ccad8cc5
none_un1_dp1_ud0	69	206	4ce67ba560b21628
none_un1_dp1_ud0	70	2	c4ed1c872a344364
none_un1_dp1_ud0	71	2	64b540c0f13a4416
none_un1_dp1_ud0	72	3	97a76c55286e5b2b
none_un1_dp1_ud0	73	11	c6e800dcc10a6150
none_un1_dp1_ud0	74	198	c1c93225ed0223a9
none_un1_dp1_ud0	75	33	ebe5fc1f0bf28ede
none_un1_dp1_ud0	76	26	220e677c479ef491
none_un1_dp1_ud0	77	31	7dc3f896105cf59a
none_un1_dp1_ud0	78	206	748abd77998ff9f1
none_un1_dp1_ud0	79	11	3c10e47bbaa2eaee
none_un1_dp1_ud0	80	82	55c8b683e9cdeb48
none_un1_dp1_ud0	81	6	285419f8cce53156
none_un1_dp1_ud0	82	78	1b9dd98028b63062
none_un1_dp1_ud0	83	217	290da0a3eb8558b3
none_un1_dp1_ud0	84	227	94855a71fc8e05bc
none_un1_dp1_ud0	85	80	a0ad9407058fa1f0
none_un1_dp1_ud0	86	3	a675fdb04c9bb1c9
none_un1_dp1_ud0	87	2	1b171a1f9329a579
none_un1_dp1_ud0	88	2	06d064a5b6119cec
none_un1_dp1_ud0	89	3	9d82ab23bf0420ee
none_un1_dp1_ud0	90	3	9b1758722127abcf
none_un1_dp1_ud0	91	3	01ae6e117acd6e37
none_un1_dp1_ud0	92	11	80c171d04d755565
none_un1_dp1_ud0	93	3	e1862e7d53e78bad
none_un1_dp1_ud0	94	30	5f4a6f5d94b995d6
none_un1_dp1_ud0	95	2	5507e3ef2d1f9c0a
none_un1_dp1_ud0	96	3	567142b0bd1ecae2
none_un1_dp1_ud0	97	30	ce8013b609f82757
none_un1_dp1_ud0	98	11	c1c16e94e25be3ed
none_un1_dp1_ud0	99	84	8444fdeb234def19
none_un1_dp1_ud0	100	30	8433646ff32f927c
none_un1_dp1_ud0	101	80	fb21657d9c356165
none_un1_dp1_ud0	102	2	2b77f36acc401545
none_un1_dp1_ud0	103	6	67cc864fd283d0d5
none_un1_dp1_ud0	104	3	eacfe96e26f6497a
none_un1_dp1_ud0	105	207	61290a7333b6a81e
none_un1_dp1_ud0	106	2	9550a3e580e246e7
none_un1_dp1_ud0	107	2	111a8c670f1b7eb3
none_un1_dp1_ud0	108	3	c3b3f33960192937
none_un1_dp1_ud0	109	33	3c4b5656f45f64ef
none_un1_dp1_ud0	110	2	56f2119843262bd8
none_un1_dp1_ud0	111	2	d756fbc0a19f6f57
none_un1_dp1_ud0	112	2	5d3ba4edb71b9695
none_un1_dp1_ud0	113	203	d6509fd87dc8ef50
none_un1_dp1_ud0	114	210	aea49e6c62284fd3
none_un1_dp1_ud0	115	35	e82302f31c5b82bf
none_un1_dp1_ud0	116	10	e9f3b394899e211d
none_un1_dp1_ud0	117	3	3e4e83fe9cab5783
none_un1_dp1_ud0	118	6	b0c6fe00bfb47b14
none_un1_dp1_ud0	119	205	3f312a485761220e
none_un1_dp1_ud0	120	6	354ec8f0f001b56b
none_un1_dp1_ud0	121	9	f42c596cb9b92eff
none_un1_dp1_ud0	122	6	22dffe9389bf5b6c
none_un1_dp1_ud0	123	2	ef5225248d173fa3
none_un1_dp1_ud0	124	3	134005e152d45e38
none_un1_dp1_ud0	125	2	05f1cdd391b2c50d
none_un1_dp1_ud0	126	14	d1505bd7aed88d40
none_un1_dp1_ud0	127	10	ba271ff3dd32f515
none_un1_dp1_ud0	128	2	63088dade7e2c78b
none_un1_dp1_ud0	129	205	a977d1de956829cd
none_un1_dp1_ud0	130	84	d948ab1391de9f33
none_un1_dp1_ud0	131	197	ed74c439cff92b4d
none_un1_dp1_ud0	132	2	772dfa30393969bd
none_un1_dp1_ud0	133	3	57a7d8f297502b08
none_un1_dp1_ud0	134	5	ff2cffe539675d97
none_un1_dp1_ud0	135	2	941e09cb949631cf
none_un1_dp1_ud0	136	30	ba778daa92bfa0b1
none_un1_dp1_ud0	137	3	7e500d3ae150eb93
none_un1_dp1_ud0	138	2	d9ad519b8157fdde
none_un1_dp1_ud0	139	84	5a99c76bff94944b
none_un1_dp1_ud0	140	11	3f9d06880884f508
none_un1_dp1_ud0	141	3	68e7a3506a58ef5e
none_un1_dp1_ud0	142	3	3322d0766ce929ad
none_un1_dp1_ud0	143	2	298a89e57461e50c
none_un1_dp1_ud0	144	3	ea270ba25ca85221
none_un1_dp1_ud0	145	193	8b791ce6a894855d
none_un1_dp1_ud0	146	11	7efd9b3547914970
none_un1_dp1_ud0	147	14	1e19e73f873dfa61
none_un1_dp1_ud0	148	31	049643302847c7ac
none_un1_dp1_ud0	149	3	7e08f46c96d06662
none_un1_dp1_ud0	150	11	45b7c84a98e8a4e8
none_un1_dp1_ud0	151	11	8d0f6842c70974bf
none_un1_dp1_ud0	152	216	708ee6af386ab698
none_un1_dp1_ud0	153	203	0d467d4c27a8c27a
none_un1_dp1_ud0	154	79	3b487db22d204062
none_un1_dp1_ud0	155	6	1394d9a26584762f
none_un1_dp1_ud0	156	12	32ca6b71ae8c9ebd
none_un1_dp1_ud0	157	3	84ff130cb727e9ef
none_un1_dp1_ud0	158	79	5bc993741b9384ec
none_un1_dp1_ud0	159	3	4c6caabc6fb12605
none_un1_dp1_ud0	160	2	f0cfc8cbf5d9d664
none_un1_dp1_ud0	161	88	f6f8bcaf85bf8bbf
none_un1_dp1_ud0	162	203	50b335d26b758986
none_un1_dp1_ud0	163	205	565b22c648b60323
none_un1_dp1_ud0	164	5	0cbe59e8f9260788
none_un1_dp1_ud0	165	82	adf1236b1e0090d1
none_un1_dp1_ud0	166	85	b82667bdaa9d6271
none_un1_dp1_ud0	167	6	520857c186fa18ed
none_un1_dp1_ud0	168	6	b6a5da9829977912
none_un1_dp1_ud0	169	3	49db5b357d7c0ad4
none_un1_dp1_ud0	170	10	8c84f6a4ac8fc338
none_un1_dp1_ud0	171	3	b7721d95e9b24aca
none_un1_dp1_ud0	172	2	8c8ae7020cbb4c49
none_un1_dp1_ud0	173	89	14dbc0dd2ff51143
none_un1_dp1_ud0	174	32	65950fc008504220
none_un1_dp1_ud0	175	30	a83d733dbcc51b44
none_un1_dp1_ud0	176	3	ac1715977e982a17
none_un1_dp1_ud0	177	3	9704eacc8671e534
none_un1_dp1_ud0	178	193	60d2b2b97c05869f
none_un1_dp1_ud0	179	30	3b1105fef5294eb3
none_un1_dp1_ud0	180	3	a4f2be37f17ecd20
none_un1_dp1_ud0	181	9	28288d6914289a37
none_un1_dp1_ud0	182	2	8e49ea15371e1c8f
none_un1_dp1_ud0	183	11	8321d16715cd44c5
none_un1_dp1_ud0	184	32	54dd7becd8fefd9e
none_un1_dp1_ud0	185	6	d5b7a887b93f872d
none_un1_dp1_ud0	186	5	eaf9ab020ff3deb1
none_un1_dp1_ud0	187	11	f976fbd37521ba3f
none_un1_dp1_ud0	188	6	f97a28d5f8ed7ab3
none_un1_dp1_ud0	189	10	be4c5cf839d0bf83
none_un1_dp1_ud0	190	6	2a03604c07ada8b2
none_un1_dp1_ud0	191	2	ed6b2cfae63a523f
none_un1_dp1_ud0	192	2	43c05b7ef01c7494
none_un1_dp1_ud0	193	2	58c45d16565eb0d0
none_un1_dp1_ud0	194	10	79ceaf05477d82e4
none_un1_dp1_ud0	195	11	d09f0e354e3aa6df
none_un1_dp1_ud0	196	34	6ba4bbcd9cd6b3b9
none_un1_dp1_ud0	197	80	8b4ca4129184793e
none_un1_dp1_ud0	198	211	931170ef6d42df84
none_un1_dp1_ud0	199	80	23fc0dc9b0572c2b
none_un1_dp1_ud0	200	33	a8e116ec0eb0188a
none_un1_dp1_ud0	201	98	25745096ed3eb6c9
none_un1_dp1_ud0	202	28	52b13eac0314d50e
none_un1_dp1_ud0	203	203	2e4607f78d117e8e
none_un1_dp1_ud0	204	201	a0a735ee156939ec
none_un1_dp1_ud0	205	76	3a6fe5f5ffa29107
none_un1_dp1_ud0	206	3	8961c43dbfc500cc
none_un1_dp1_ud0	207	2	03bd747c6229706a
none_un1_dp1_ud0	208	41	2d27bd5ea9df3c58
none_un1_dp1_ud0	209	11	b80a8741b42045dd
none_un1_dp1_ud0	210	197	f41276b50b5ce7d5
none_un1_dp1_ud0	211	85	4aa8f7439f484666
none_un1_dp1_ud0	212	6	ec2567031cc6487a
none_un1_dp1_ud0	213	10	8223c4d456f34004
none_un1_dp1_ud0	214	84	fe3b53641ce61803
none_un1_dp1_ud0	215	3	a72adc3383340d17
none_un1_dp1_ud0	216	3	f0a307edf1c68b8e
none_un1_dp1_ud0	217	208	daac2a3e1eab1d69
none_un1_dp1_ud0	218	3	4b0a23e872d8aa56
none_un1_dp1_ud0	219	34	03f68420a566a7b6
none_un1_dp1_ud0	220	80	85d2f3915a10623d
none_un1_dp1_ud0	221	34	48606d066d583de7
none_un1_dp1_ud0	222	205	2fe7bdbe04005fad
none_un1_dp1_ud0	223	2	68416f9a82cbadaa
none_un1_dp1_ud0	224	79	53a4c442bdad4ebe
none_un1_dp1_ud0	225	204	438a714120c72cfe
none_un1_dp1_ud0	226	32	749d0768cc10df9d
none_un1_dp1_ud0	227	209	ab6af6f31351fd4e
none_un1_dp1_ud0	228	2	9766b38daae9dfd5
none_un1_dp1_ud0	229	12	f3d8d76004918bc5
none_un1_dp1_ud0	230	82	4bfbbfb8bcdac365
none_un1_dp1_ud0	231	3	5940c7ed5f050a32
none_un1_dp1_ud0	232	6	0165826166f1b11a
none_un1_dp1_ud0	233	6	4b3e03d41cc833b5
none_un1_dp1_ud0	234	31	9a1bc2d7d243ccb6
none_un1_dp1_ud0	235	6	b94af4ed94866980
none_un1_dp1_ud0	236	6	34bd5dae9eea5b43
none_un1_dp1_ud0	237	6	dc306328376a25ec
none_un1_dp1_ud0	238	208	1641e33ab2e54337
none_un1_dp1_ud0	239	2	827e1db205c296da
none_un1_dp1_ud0	240	85	6b2e328ff147d0ed
none_un1_dp1_ud0	241	6	fdf33154b624bab4
none_un1_dp1_ud0	242	3	b678894b48c1bf4c
none_un1_dp1_ud0	243	84	2e9b89c1a8510c18
none_un1_dp1_ud0	244	11	d8ab72979fef05f5
none_un1_dp1_ud0	245	202	cd00b9a9035766ce
none_un1_dp1_ud0	246	77	4db0cb70d8c43b2e
none_un1_dp1_ud0	247	34	c2a56c040657f155
none_un1_dp1_ud0	248	30	80cf8847a6b8c4a9
none_un1_dp1_ud0	249	91	5587b10c82ca7877
none_un1_dp1_ud0	250	12	e17f748a35f4caff
none_un1_dp1_ud0	251	208	90e0082464a235b7
none_un1_dp1_ud0	252	11	a8039fe6e548db35
none_un1_dp1_ud0	253	215	7b9fc2a452cee6d1
none_un1_dp1_ud0	254	13	410b15dbfb12ea0c
none_un1_dp1_ud0	255	3	934d324711f9585b
none_un1_dp1_ud0	256	86	a78f1adde4994341
none_un1_dp1_ud0	257	82	0a461c8d70ce3a45
none_un1_dp1_ud0	258	82	94410c791554f176
none_un1_dp1_ud0	259	200	34be5cba2194a3f6
none_un1_dp1_ud0	260	31	c208d460ddfee913
none_un1_dp1_ud0	261	2	df0273dfc6a5bb48
none_un1_dp1_ud0	262	88	b39b21963ce87813
none_un1_dp1_ud0	263	3	80cdcdf0586b4285
none_un1_dp1_ud0	264	5	383b987635df338f
none_un1_dp1_ud0	265	2	c713f9f838aff230
none_un1_dp1_ud0	266	91	d637d1500028dcff
none_un1_dp1_ud0	267	197	a1e873b46dd4ba8c
none_un1_dp1_ud0	268	33	f6e8a046a1992063
none_un1_dp1_ud0	269	83	da0df81e3cbb04a9
none_un1_dp1_ud0	270	6	be743daabfe6bd06
none_un1_dp1_ud0	271	31	aacf9af1189d236c
none_un1_dp1_ud0	272	11	a934979235230b39
none_un1_dp1_ud0	273	3	a3eb2bf05c1c2b6f
none_un1_dp1_ud0	274	6	f35300b5b096f9bb
none_un1_dp1_ud0	275	2	a5a6c52ac89a2e26
none_un1_dp1_ud0	276	32	bfbb1eed2f4bf2ff
none_un1_dp1_ud0	277	2	bfbaed8002ec6a28
none_un1_dp1_ud0	278	200	0748c6557ca95df5
none_un1_dp1_ud0	279	10	fa22525aee444224
none_un1_dp1_ud0	280	6	a7c0a31423ad82d2
none_un1_dp1_ud0	281	2	3fb86b3cb3991095
none_un1_dp1_ud0	282	7	8747e48584256510
none_un1_dp1_ud0	283	11	8fe397d767769f73
none_un1_dp1_ud0	284	29	52d6fee1a8e1c6ed
none_un1_dp1_ud0	285	207	bf97901f936993d4
none_un1_dp1_ud0	286	16	ece3cc7d42a202a8
none_un1_dp1_ud0	287	3	36ea76d2d4a16446
none_un1_dp1_ud0	288	30	5afa3718bb3c2a0c
none_un1_dp1_ud0	289	80	121cb444400aea8d
none_un1_dp1_ud0	290	11	f3de9b5877ac0d08
none_un1_dp1_ud0	291	79	296c8d576132c1d4
none_un1_dp1_ud0	292	2	a0e08f9da8d4ad1f
none_un1_dp1_ud0	293	35	3b52ca6c0a280b16
none_un1_dp1_ud0	294	2	e92aa8fb21e21ba4
none_un1_dp1_ud0	295	3	ffb1d7bc4a7f1eb7
none_un1_dp1_ud0	296	35	0abff9e224594c9e
none_un1_dp1_ud0	297	6	806b830bfa5ee806
none_un1_dp1_ud0	298	10	52eeff390b697d74
none_un1_dp1_ud0	299	82	6a6e3a91e2331728
none_un1_dp1_ud0	300	28	64bd96198387bd98
none_un1_dp1_ud0	301	3	7ee06c10b69c983c
none_un1_dp1_ud0	302	2	d86e9b7a0a82223f
none_un1_dp1_ud0	303	2	9ffa96ea53f5d65f
none_un1_dp1_ud0	304	34	7a0485eaf0bf4ab2
none_un1_dp1_ud0	305	202	cef7895106ae82b4
none_un1_dp1_ud0	306	11	ae2117fa82e549ab
none_un1_dp1_ud0	307	30	7dc8b5d4e2e63fc6
none_un1_dp1_ud0	308	201	dc8e824cfe647740
none_un1_dp1_ud0	309	3	5cfa33958ecdf350
none_un1_dp1_ud0	310	201	501d1a54f9b4a1a4
none_un1_dp1_ud0	311	3	a9c08f8c8fbe7b7a
none_un1_dp1_ud0	312	31	8ace61b1891c094d
none_un1_dp1_ud0	313	212	8ecbd2a86cb767b8
none_un1_dp1_ud0	314	201	b08c18822294a4c6
none_un1_dp1_ud0	315	6	53a180b826eba42b
none_un1_dp1_ud0	316	204	e3f5153a9201d1c0
none_un1_dp1_ud0	317	208	4f2fb274a57a8ac6
none_un1_dp1_ud0	318	83	9d9d626d928e015d
none_un1_dp1_ud0	319	5	e2d38e753d4aa081
none_un1_dp1_ud0	320	84	e326570ce6f4aacd
none_un1_dp1_ud0	321	7	97458e0ddb328b7e
none_un1_dp1_ud0	322	6	c5fc25c3bd920e96
none_un1_dp1_ud0	323	6	cd09f11ff3c07725
none_un1_dp1_ud0	324	83	e5366e2adee317ba
none_un1_dp1_ud0	325	212	306779124d16e19f
none_un1_dp1_ud0	326	11	bcd4183d02cb0563
none_un1_dp1_ud0	327	30	f63b1b5c15ad4dfd
none_un1_dp1_ud0	328	10	e0f3dc39f2d0804c
none_un1_dp1_ud0	329	2	a45aebe53f6c2864
none_un1_dp1_ud0	330	206	707aa5ff8ee301fd
none_un1_dp1_ud0	331	6	d79f642e5e915dcb
none_un1_dp1_ud0	332	11	6482b8a86a48addf
none_un1_dp1_ud0	333	11	b33e1a1c18b0ede6
none_un1_dp1_ud0	334	3	f6c74b4c040ad3f8
none_un1_dp1_ud0	335	33	310662af241894d8
none_un1_dp1_ud0	336	6	e5ac34f092a333c1
none_un1_dp1_ud0	337	10	05d075707f33da5e
none_un1_dp1_ud0	338	2	fff507f48f450cc2
none_un1_dp1_ud0	339	2	8b28c6538413ee55
none_un1_dp1_ud0	340	9	27db895379c8d015
none_un1_dp1_ud0	341	3	e4d8b755b32875ba
none_un1_dp1_ud0	342	2	585dc3e49905c661
none_un1_dp1_ud0	343	2	28a11183598e5824
none_un1_dp1_ud0	344	2	bc9ee5fc82ceb6ae
none_un1_dp1_ud0	345	31	29948644ef2d7f10
none_un1_dp1_ud0	346	6	07b8b47e4f6fde7a
none_un1_dp1_ud0	347	15	c7f2af2f943bedb8
none_un1_dp1_ud0	348	11	75bf41aeb0677853
none_un1_dp1_ud0	349	206	659c5751bbf7b297
none_un1_dp1_ud0	350	35	de66e263247080e6
none_un1_dp1_ud0	351	203	404ef9aea9fb899f
none_un1_dp1_ud0	352	11	9387506d447dc41b
none_un1_dp1_ud0	353	82	9907cca334247b3a
none_un1_dp1_ud0	354	204	7a23f90c881e5500
none_un1_dp1_ud0	355	82	6ddf10df43f50db0
none_un1_dp1_ud0	356	2	fd20bd056e0c46a4
none_un1_dp1_ud0	357	201	db86c271b1a734a4
none_un1_dp1_ud0	358	2	32c4420f50182d9b
none_un1_dp1_ud0	359	11	583254ccf2d71385
none_un1_dp1_ud0	360	211	83604ec65292d84d
none_un1_dp1_ud0	361	6	aa7c864b6a779ca9
none_un1_dp1_ud0	362	202	10915a58d3030314
none_un1_dp1_ud0	363	11	7ab9304bfaa08945
none_un1_dp1_ud0	364	2	3322804f769107bc
none_un1_dp1_ud0	365	81	cc4cd6a3cf3f15be
none_un1_dp1_ud0	366	3	76f5bd7c590e252c
none_un1_dp1_ud0	367	11	a1214ca1901ff8fa
none_un1_dp1_ud0	368	6	19466466f3ca4d66
none_un1_dp1_ud0	369	5	055510b37d3e088e
none_un1_dp1_ud0	370	3	4d4c4fd84fe71a4f
none_un1_dp1_ud0	371	2	5acc42448f3a7df6
none_un1_dp1_ud0	372	31	4b1b0d24a4b4c187
none_un1_dp1_ud0	373	30	7a3193dbe55dcefc
none_un1_dp1_ud0	374	208	efc28e864a0b3cda
none_un1_dp1_ud0	375	209	bca8e3bed85d0053
none_un1_dp1_ud0	376	79	29e24ce3d2596769
none_un1_dp1_ud0	377	2	f23bb38d32758f79
none_un1_dp1_ud0	378	81	8fb6761e55afbbc8
none_un1_dp1_ud0	379	202	e75413f9707ae322
none_un1_dp1_ud0	380	199	20bd54bcdab51451
none_un1_dp1_ud0	381	2	0737efd232706575
none_un1_dp1_ud0	382	221	eca6b601563c03dc
none_un1_dp1_ud0	383	10	7e56d848b1002322
none_un1_dp1_ud0	384	32	3e5154825e97a306
none_un1_dp1_ud0	385	33	c0f2d679bf9c491b
none_un1_dp1_ud0	386	5	3c497432cee29b1c
none_un1_dp1_ud0	387	10	10cd1a85cdf8f93c
none_un1_dp1_ud0	388	2	164d0711da73b9ac
none_un1_dp1_ud0	389	214	b90133a00ce57ea8
none_un1_dp1_ud0	390	87	19b10ab69b331b60
none_un1_dp1_ud0	391	11	c2a61aadef1c8e2a
none_un1_dp1_ud0	392	2	544186fb653549de
none_un1_dp1_ud0	393	81	0185f0ce01ffd90d
none_un1_dp1_ud0	394	2	7b54cc189836e996
none_un1_dp1_ud0	395	10	0a2d1f8589fa0f14
none_un1_dp1_ud0	396	30	6f9dc059f3194874
none_un1_dp1_ud0	397	3	8ca2f83ef350d7dc
none_un1_dp1_ud0	398	3	341f85f6c394ebae
none_un1_dp1_ud0	399	80	c1e0872b0ddc9280
none_un1_dp1_ud1	0	205	4fee7b8f4b6207f6
none_un1_dp1_ud1	1	3	a4a8d635a6bd3203
none_un1_dp1_ud1	2	206	aa221a957947baa2
none_un1_dp1_ud1	3	2	71f056e10d51d81c
none_un1_dp1_ud1	4	78	785d4801d42f658c
none_un1_dp1_ud1	5	11	2aeafeb7f0dd846c
none_un1_dp1_ud1	6	2	3a25daa9a10d2b61
none_un1_dp1_ud1	7	82	cdc35171fbf06d53
none_un1_dp1_ud1	8	6	13373bfed69b2900
none_un1_dp1_ud1	9	3	b8460e03e7562a1c
none_un1_dp1_ud1	10	211	4e67e9041d321aee
none_un1_dp1_ud1	11	9	9c4ae55c56deb305
none_un1_dp1_ud1	12	2	1e4531718b24dcf3
none_un1_dp1_ud1	13	10	e9ce19931b9951a2
none_un1_dp1_ud1	14	31	d520f3f96db664fa
none_un1_dp1_ud1	15	201	553a4b426ab6eeb9
none_un1_dp1_ud1	16	9	33d4c579ad6b1a1c
none_un1_dp1_ud1	17	2	d430f30042c94162
none_un1_dp1_ud1	18	6	e6929c729e10c6b7
none_un1_dp1_ud1	19	89	9a4d47985998691f
none_un1_dp1_ud1	20	210	610cceae98855faa
none_un1_dp1_ud1	21	35	7bc998ca2b996718
none_un1_dp1_ud1	22	30	c6cbc7fe820d322b
none_un1_dp1_ud1	23	6	436d3b0e0b025c2e
none_un1_dp1_ud1	24	30	8e071879e8426b5b
none_un1_dp1_ud1	25	6	815b9c2fb7525529
none_un1_dp1_ud1	26	204	8425fcd49f272b9f
none_un1_dp1_ud1	27	2	251a16df712d4096
none_un1_dp1_ud1	28	207	6178e5219a52b82d
none_un1_dp1_ud1	29	31	f6d8ddf80bb12e76
none_un1_dp1_ud1	30	11	ecfb19352ff24ca7
none_un1_dp1_ud1	31	6	7ac2f41f9d1bc11f
none_un1_dp1_ud1	32	11	0a52a3d404acfc8a
none_un1_dp1_ud1	33	5	c53488081fdf0895
none_un1_dp1_ud1	34	92	d825fce42f253b78
none_un1_dp1_ud1	35	204	f908e50784966f63
none_un1_dp1_ud1	36	2	bdf75673c2b7b9af
none_un1_dp1_ud1	37	30	c05b606dc9d5cad6
none_un1_dp1_ud1	38	30	59ad94a73335af48
none_un1_dp1_ud1	39	83	07cfddaf18ad856b
none_un1_dp1_ud1	40	3	9bf9d5567f90a850
none_un1_dp1_ud1	41	3	2d6da186be3f4591
none_un1_dp1_ud1	42	30	9b1bb71b05c919de
none_un1_dp1_ud1	43	6	1f02078b6bde6906
none_un1_dp1_ud1	44	31	54ae3b20ddfa4b26
none_un1_dp1_ud1	45	3	1504117fb2aa7b3b
none_un1_dp1_ud1	46	77	66185d2e6efc24e2
none_un1_dp1_ud1	47	12	3bed518d062e7f7b
none_un1_dp1_ud1	48	81	bdbc61f44ca901db
none_un1_dp1_ud1	49	3	ace4d14f90e4b1c6
none_un1_dp1_ud1	50	80	63328ae371236d09
none_un1_dp1_ud1	51	2	3b3ad4084fecb045
none_un1_dp1_ud1	52	6	03360de26eb444b4
none_un1_dp1_ud1	53	36	6d0f8f0c87e87b5b
none_un1_dp1_ud1	54	29	5bfa5199bc8a0499
none_un1_dp1_ud1	55	2	36161c1323171749
none_un1_dp1_ud1	56	2	ceea2d1dad1faae2
none_un1_dp1_ud1	57	5	15240a6b0d878bdf
none_un1_dp1_ud1	58	98	a13ebe59fb890de7
none_un1_dp1_ud1	59	30	9417dda02379241e
none_un1_dp1_ud1	60	86	454671c4aed6d0e7
none_un1_dp1_ud1	61	3	e3fd35e5176c5025
none_un1_dp1_ud1	62	212	68b854b16964eb2b
none_un1_dp1_ud1	63	204	bea0c46d1f923e3f
none_un1_dp1_ud1	64	27	5f50f84784ee3ea7
none_un1_dp1_ud1	65	31	b0c6e8025eed5b5f
none_un1_dp1_ud1	66	6	5e52bad3bf5624bd
none_un1_dp1_ud1	67	2	b6ebb98793bef7b4
none_un1_dp1_ud1	68	11	5ffa8e37a6651f82
none_un1_dp1_ud1	69	206	4ce67ba560b21628
none_un1_dp1_ud1	70	2	c4ed1c872a344364
none_un1_dp1_ud1	71	2	64b540c0f13a4416
none_un1_dp1_ud1	72	3	97a76c55286e5b2b
none_un1_dp1_ud1	73	11	c6e800dcc10a6150
none_un1_dp1_ud1	74	198	c1c93225ed0223a9
none_un1_dp1_ud1	75	33	ebe5fc1f0bf28ede
none_un1_dp1_ud1	76	26	220e677c479ef491
none_un1_dp1_ud1	77	31	7dc3f896105cf59a
none_un1_dp1_ud1	78	205	e8c9050cb160c0e8
none_un1_dp1_ud1	79	11	3c10e47bbaa2eaee
none_un1_dp1_ud1	80	82	d12d126444855a5f
none_un1_dp1_ud1	81	6	285419f8cce53156
none_un1_dp1_ud1	82	78	513050081523b1d3
none_un1_dp1_ud1	83	217	290da0a3eb8558b3
none_un1_dp1_ud1	84	227	5b4abdd6be4ffda5
none_un1_dp1_ud1	85	80	189aaf7b5cf45541
none_un1_dp1_ud1	86	3	a675fdb04c9bb1c9
none_un1_dp1_ud1	87	2	1b171a1f9329a579
none_un1_dp1_ud1	88	2	06d064a5b6119cec
none_un1_dp1_ud1	89	3	9d82ab23bf0420ee
none_un1_dp1_ud1	90	3	9b1758722127abcf
none_un1_dp1_ud1	91	2	b69c52fc8fcc2345
none_un1_dp1_ud1	92	11	80c171d04d755565
none_un1_dp1_ud1	93	3	e1862e7d53e78bad
none_un1_dp1_ud1	94	30	5f4a6f5d94b995d6
none_un1_dp1_ud1	95	2	5507e3ef2d1f9c0a
none_un1_dp1_ud1	96	3	567142b0bd1ecae2
none_un1_dp1_ud1	97	30	ce8013b609f82757
none_un1_dp1_ud1	98	11	c1c16e94e25be3ed
none_un1_dp1_ud1	99	84	8444fdeb234def19
none_un1_dp1_ud1	100	30	8433646ff32f927c
none_un1_dp1_ud1	101	80	fb21657d9c356165
none_un1_dp1_ud1	102	2	2b77f36acc401545
none_un1_dp1_ud1	103	6	67cc864fd283d0d5
none_un1_dp1_ud1	104	3	eacfe96e26f6497a
none_un1_dp1_ud1	105	206	5397f85fc8c24405
none_un1_dp1_ud1	106	2	9550a3e580e246e7
none_un1_dp1_ud1	107	2	111a8c670f1b7eb3
none_un1_dp1_ud1	108	3	c3b3f33960192937
none_un1_dp1_ud1	109	33	3c4b5656f45f64ef
none_un1_dp1_ud1	110	2	56f2119843262bd8
none_un1_dp1_ud1	111	2	d756fbc0a19f6f57
none_un1_dp1_ud1	112	2	5d3ba4edb71b9695
none_un1_dp1_ud1	113	203	99b236f532ab270b
none_un1_dp1_ud1	114	209	b2e3fe05e64e19ef
none_un1_dp1_ud1	115	35	e82302f31c5b82bf
none_un1_dp1_ud1	116	10	e9f3b394899e211d
none_un1_dp1_ud1	117	3	3e4e83fe9cab5783
none_un1_dp1_ud1	118	6	b0c6fe00bfb47b14
none_un1_dp1_ud1	119	205	a755d6ea74598c89
none_un1_dp1_ud1	120	6	354ec8f0f001b56b
none_un1_dp1_ud1	121	9	f42c596cb9b92eff
none_un1_dp1_ud1	122	6	22dffe9389bf5b6c
none_un1_dp1_ud1	123	2	ef5225248d173fa3
none_un1_dp1_ud1	124	3	134005e152d45e38
none_un1_dp1_ud1	125	2	05f1cdd391b2c50d
none_un1_dp1_ud1	126	14	d1505bd7aed88d40
none_un1_dp1_ud1	127	10	ba271ff3dd32f515
none_un1_dp1_ud1	128	2	63088dade7e2c78b
none_un1_dp1_ud1	129	205	985dbc16d50ce530
none_un1_dp1_ud1	130	84	d948ab1391de9f33
none_un1_dp1_ud1	131	197	00ab6d9b7100844c
none_un1_dp1_ud1	132	2	772dfa30393969bd
none_un1_dp1_ud1	133	3	57a7d8f297502b08
none_un1_dp1_ud1	134	5	ff2cffe539675d97
none_un1_dp1_ud1	135	2	941e09cb949631cf
none_un1_dp1_ud1	136	30	d37612db62c33332
none_un1_dp1_ud1	137	3	7e500d3ae150eb93
none_un1_dp1_ud1	138	2	d9ad519b8157fdde
none_un1_dp1_ud1	139	83	91c557bb3a35effc
none_un1_dp1_ud1	140	11	3f9d06880884f508
none_un1_dp1_ud1	141	3	68e7a3506a58ef5e
none_un1_dp1_ud1	142	3	3322d0766ce929ad
none_un1_dp1_ud1	143	2	298a89e57461e50c
none_un1_dp1_ud1	144	3	ea270ba25ca85221
none_un1_dp1_ud1	145	193	8b791ce6a894855d
none_un1_dp1_ud1	146	11	7efd9b3547914970
none_un1_dp1_ud1	147	14	1e19e73f873dfa61
none_un1_dp1_ud1	148	31	049643302847c7ac
none_un1_dp1_ud1	149	3	7e08f46c96d06662
none_un1_dp1_ud1	150	11	45b7c84a98e8a4e8
none_un1_dp1_ud1	151	11	8d0f6842c70974bf
none_un1_dp1_ud1	152	216	708ee6af386ab698
none_un1_dp1_ud1	153	203	a84f448ae4c3ae73
none_un1_dp1_ud1	154	79	3b487db22d204062
none_un1_dp1_ud1	155	6	1394d9a26584762f
none_un1_dp1_ud1	156	12	32ca6b71ae8c9ebd
none_un1_dp1_ud1	157	3	84ff130cb727e9ef
none_un1_dp1_ud1	158	79	5bc993741b9384ec
none_un1_dp1_ud1	159	3	4c6caabc6fb12605
none_un1_dp1_ud1	160	2	f0cfc8cbf5d9d664
none_un1_dp1_ud1	161	88	f6f8bcaf85bf8bbf
none_un1_dp1_ud1	162	203	50b335d26b758986
none_un1_dp1_ud1	163	204	c435beeb080cb428
none_un1_dp1_ud1	164	5	0cbe59e8f9260788
none_un1_dp1_ud1	165	82	7483a9bbac1963ea
none_un1_dp1_ud1	166	85	b82667bdaa9d6271
none_un1_dp1_ud1	167	6	520857c186fa18ed
none_un1_dp1_ud1	168	6	b6a5da9829977912
none_un1_dp1_ud1	169	3	49db5b357d7c0ad4
none_un1_dp1_ud1	170	10	8c84f6a4ac8fc338
none_un1_dp1_ud1	171	3	b7721d95e9b24aca
none_un1_dp1_ud1	172	2	8c8ae7020cbb4c49
none_un1_dp1_ud1	173	89	14dbc0dd2ff51143
none_un1_dp1_ud1	174	32	65950fc008504220
none_un1_dp1_ud1	175	30	a83d733dbcc51b44
none_un1_dp1_ud1	176	3	ac1715977e982a17
none_un1_dp1_ud1	177	3	9704eacc8671e534
none_un1_dp1_ud1	178	193	60d2b2b97c05869f
none_un1_dp1_ud1	179	30	3b1105fef5294eb3
none_un1_dp1_ud1	180	3	a4f2be37f17ecd20
none_un1_dp1_ud1	181	9	28288d6914289a37
none_un1_dp1_ud1	182	2	8e49ea15371e1c8f
none_un1_dp1_ud1	183	11	8321d16715cd44c5
none_un1_dp1_ud1	184	32	54dd7becd8fefd9e
none_un1_dp1_ud1	185	6	d5b7a887b93f872d
none_un1_dp1_ud1	186	5	eaf9ab020ff3deb1
none_un1_dp1_ud1	187	11	f976fbd37521ba3f
none_un1_dp1_ud1	188	6	f97a28d5f8ed7ab3
none_un1_dp1_ud1	189	10	be4c5cf839d0bf83
none_un1_dp1_ud1	190	6	2a03604c07ada8b2
none_un1_dp1_ud1	191	2	ed6b2cfae63a523f
none_un1_dp1_ud1	192	2	43c05b7ef01c7494
none_un1_dp1_ud1	193	2	58c45d16565eb0d0
none_un1_dp1_ud1	194	10	79ceaf05477d82e4
none_un1_dp1_ud1	195	11	1979f32bbeadb0fa
none_un1_dp1_ud1	196	34	6ba4bbcd9cd6b3b9
none_un1_dp1_ud1	197	80	8b4ca4129184793e
none_un1_dp1_ud1	198	209	eca889528b8b88e6
none_un1_dp1_ud1	199	80	23fc0dc9b0572c2b
none_un1_dp1_ud1	200	32	8ec672a99c75fe1a
none_un1_dp1_ud1	201	98	25745096ed3eb6c9
none_un1_dp1_ud1	202	28	52b13eac0314d50e
none_un1_dp1_ud1	203	203	2e4607f78d117e8e
none_un1_dp1_ud1	204	201	a0a735ee156939ec
none_un1_dp1_ud1	205	76	3a6fe5f5ffa29107
none_un1_dp1_ud1	206	3	8961c43dbfc500cc
none_un1_dp1_ud1	207	2	03bd747c6229706a
none_un1_dp1_ud1	208	41	2d27bd5ea9df3c58
none_un1_dp1_ud1	209	11	b80a8741b42045dd
none_un1_dp1_ud1	210	197	7f9672cea2b89582
none_un1_dp1_ud1	211	85	4aa8f7439f484666
none_un1_dp1_ud1	212	6	ec2567031cc6487a
none_un1_dp1_ud1	213	10	8223c4d456f34004
none_un1_dp1_ud1	214	84	fe3b53641ce61803
none_un1_dp1_ud1	215	3	a72adc3383340d17
none_un1_dp1_ud1	216	3	f0a307edf1c68b8e
none_un1_dp1_ud1	217	207	d54a8193f6165fe5
none_un1_dp1_ud1	218	3	4b0a23e872d8aa56
none_un1_dp1_ud1	219	34	03f68420a566a7b6
none_un1_dp1_ud1	220	80	85d2f3915a10623d
none_un1_dp1_ud1	221	34	0433567c4b78d8ae
none_un1_dp1_ud1	222	204	586c2eb1a4380874
none_un1_dp1_ud1	223	2	68416f9a82cbadaa
none_un1_dp1_ud1	224	79	53a4c442bdad4ebe
none_un1_dp1_ud1	225	203	3b6d9d44cc440b97
none_un1_dp1_ud1	226	32	ca0686c10c88e355
none_un1_dp1_ud1	227	209	307852596efb0d89
none_un1_dp1_ud1	228	2	9766b38daae9dfd5
none_un1_dp1_ud1	229	12	f3d8d76004918bc5
none_un1_dp1_ud1	230	82	4bfbbfb8bcdac365
none_un1_dp1_ud1	231	3	5940c7ed5f050a32
none_un1_dp1_ud1	232	6	0165826166f1b11a
none_un1_dp1_ud1	233	6	4b3e03d41cc833b5
none_un1_dp1_ud1	234	31	9a1bc2d7d243ccb6
none_un1_dp1_ud1	235	6	b94af4ed94866980
none_un1_dp1_ud1	236	6	34bd5dae9eea5b43
none_un1_dp1_ud1	237	6	dc306328376a25ec
none_un1_dp1_ud1	238	208	1641e33ab2e54337
none_un1_dp1_ud1	239	2	827e1db205c296da
none_un1_dp1_ud1	240	85	6b2e328ff147d0ed
none_un1_dp1_ud1	241	6	fdf33154b624bab4
none_un1_dp1_ud1	242	3	b678894b48c1bf4c
none_un1_dp1_ud1	243	84	2e9b89c1a8510c18
none_un1_dp1_ud1	244	11	d8ab72979fef05f5
none_un1_dp1_ud1	245	201	d0bd0f8a30393cb4
none_un1_dp1_ud1	246	77	3168330a721ddd8d
none_un1_dp1_ud1	247	34	c2a56c040657f155
none_un1_dp1_ud1	248	30	80cf8847a6b8c4a9
none_un1_dp1_ud1	249	91	5587b10c82ca7877
none_un1_dp1_ud1	250	12	e17f748a35f4caff
none_un1_dp1_ud1	251	205	1e4a0f254f8f3e13
none_un1_dp1_ud1	252	11	a8039fe6e548db35
none_un1_dp1_ud1	253	215	8b5833c6dde04233
none_un1_dp1_ud1	254	13	410b15dbfb12ea0c
none_un1_dp1_ud1	255	3	934d324711f9585b
none_un1_dp1_ud1	256	86	a78f1adde4994341
none_un1_dp1_ud1	257	82	0a461c8d70ce3a45
none_un1_dp1_ud1	258	82	94410c791554f176
none_un1_dp1_ud1	259	200	34be5cba2194a3f6
none_un1_dp1_ud1	260	31	c208d460ddfee913
none_un1_dp1_ud1	261	2	df0273dfc6a5bb48
none_un1_dp1_ud1	262	88	38e071943d3f296c
none_un1_dp1_ud1	263	3	80cdcdf0586b4285
none_un1_dp1_ud1	264	5	383b987635df338f
none_un1_dp1_ud1	265	2	f860f25b5dfae3df
none_un1_dp1_ud1	266	91	4e3dc7f311b5ed58
none_un1_dp1_ud1	267	196	6dc77bd1d9838b83
none_un1_dp1_ud1	268	33	f6e8a046a1992063
none_un1_dp1_ud1	269	83	da0df81e3cbb04a9
none_un1_dp1_ud1	270	6	be743daabfe6bd06
none_un1_dp1_ud1	271	31	aacf9af1189d236c
none_un1_dp1_ud1	272	11	a934979235230b39
none_un1_dp1_ud1	273	3	a3eb2bf05c1c2b6f
none_un1_dp1_ud1	274	6	f35300b5b096f9bb
none_un1_dp1_ud1	275	2	a5a6c52ac89a2e26
none_un1_dp1_ud1	276	32	bfbb1eed2f4bf2ff
none_un1_dp1_ud1	277	2	bfbaed8002ec6a28
none_un1_dp1_ud1	278	200	0748c6557ca95df5
none_un1_dp1_ud1	279	10	8293bb95a795093b
none_un1_dp1_ud1	280	6	a7c0a31423ad82d2
none_un1_dp1_ud1	281	2	3fb86b3cb3991095
none_un1_dp1_ud1	282	7	8747e48584256510
none_un1_dp1_ud1	283	11	8fe397d767769f73
none_un1_dp1_ud1	284	29	52d6fee1a8e1c6ed
none_un1_dp1_ud1	285	206	cb025379461d87e4
none_un1_dp1_ud1	286	16	ece3cc7d42a202a8
none_un1_dp1_ud1	287	3	36ea76d2d4a16446
none_un1_dp1_ud1	288	30	5afa3718bb3c2a0c
none_un1_dp1_ud1	289	80	121cb444400aea8d
none_un1_dp1_ud1	290	11	f3de9b5877ac0d08
none_un1_dp1_ud1	291	79	296c8d576132c1d4
none_un1_dp1_ud1	292	2	a0e08f9da8d4ad1f
none_un1_dp1_ud1	293	35	3b52ca6c0a280b16
none_un1_dp1_ud1	294	2	e92aa8fb21e21ba4
none_un1_dp1_ud1	295	2	4a67014b88e42019
none_un1_dp1_ud1	296	35	0abff9e224594c9e
none_un1_dp1_ud1	297	6	806b830bfa5ee806
none_un1_dp1_ud1	298	10	52eeff390b697d74
none_un1_dp1_ud1	299	82	6a6e3a91e2331728
none_un1_dp1_ud1	300	28	cbd27b0212d8dd43
none_un1_dp1_ud1	301	3	7ee06c10b69c983c
none_un1_dp1_ud1	302	2	d86e9b7a0a82223f
none_un1_dp1_ud1	303	2	9ffa96ea53f5d65f
none_un1_dp1_ud1	304	34	7a0485eaf0bf4ab2
none_un1_dp1_ud1	305	202	cef7895106ae82b4
none_un1_dp1_ud1	306	11	ae2117fa82e549ab
none_un1_dp1_ud1	307	30	7dc8b5d4e2e63fc6
none_un1_dp1_ud1	308	201	fa9b0b28bd89224c
none_un1_dp1_ud1	309	3	5cfa33958ecdf350
none_un1_dp1_ud1	310	201	501d1a54f9b4a1a4
none_un1_dp1_ud1	311	3	a9c08f8c8fbe7b7a
none_un1_dp1_ud1	312	31	25b783e7c1e0dcb6
none_un1_dp1_ud1	313	212	105d3f0c37a1dd8d
none_un1_dp1_ud1	314	200	45d6bc3eef1fc725
none_un1_dp1_ud1	315	6	53a180b826eba42b
none_un1_dp1_ud1	316	204	e3f5153a9201d1c0
none_un1_dp1_ud1	317	206	acc2a445fdfd0ec0
none_un1_dp1_ud1	318	83	9d9d626d928e015d
none_un1_dp1_ud1	319	5	e2d38e753d4aa081
none_un1_dp1_ud1	320	84	d663b979aab3de72
none_un1_dp1_ud1	321	7	97458e0ddb328b7e
none_un1_dp1_ud1	322	6	c5fc25c3bd920e96
none_un1_dp1_ud1	323	6	cd09f11ff3c07725
none_un1_dp1_ud1	324	83	e5366e2adee317ba
none_un1_dp1_ud1	325	212	306779124d16e19f
none_un1_dp1_ud1	326	11	bcd4183d02cb0563
none_un1_dp1_ud1	327	30	1c3cf4115fec74b0
none_un1_dp1_ud1	328	10	e0f3dc39f2d0804c
none_un1_dp1_ud1	329	2	a45aebe53f6c2864
none_un1_dp1_ud1	330	205	f5713596bbc3f9d1
none_un1_dp1_ud1	331	6	d79f642e5e915dcb
none_un1_dp1_ud1	332	11	6482b8a86a48addf
none_un1_dp1_ud1	333	11	b33e1a1c18b0ede6
none_un1_dp1_ud1	334	3	f6c74b4c040ad3f8
none_un1_dp1_ud1	335	33	310662af241894d8
none_un1_dp1_ud1	336	6	e5ac34f092a333c1
none_un1_dp1_ud1	337	10	05d075707f33da5e
none_un1_dp1_ud1	338	2	fff507f48f450cc2
none_un1_dp1_ud1	339	2	8b28c6538413ee55
none_un1_dp1_ud1	340	9	27db895379c8d015
none_un1_dp1_ud1	341	3	e4d8b755b32875ba
none_un1_dp1_ud1	342	2	585dc3e49905c661
none_un1_dp1_ud1	343	2	28a11183598e5824
none_un1_dp1_ud1	344	2	bc9ee5fc82ceb6ae
none_un1_dp1_ud1	345	31	29948644ef2d7f10
none_un1_dp1_ud1	346	6	07b8b47e4f6fde7a
none_un1_dp1_ud1	347	15	c7f2af2f943bedb8
none_un1_dp1_ud1	348	11	75bf41aeb0677853
none_un1_dp1_ud1	349	206	659c5751bbf7b297
none_un1_dp1_ud1	350	35	de66e263247080e6
none_un1_dp1_ud1	351	203	772c79e0840c0a6e
none_un1_dp1_ud1	352	11	a1c30839a1c2a2d2
none_un1_dp1_ud1	353	82	9907cca334247b3a
none_un1_dp1_ud1	354	204	7a23f90c881e5500
none_un1_dp1_ud1	355	82	6ddf10df43f50db0
none_un1_dp1_ud1	356	2	fd20bd056e0c46a4
none_un1_dp1_ud1	357	201	ee013e8e972e2ad7
none_un1_dp1_ud1	358	2	32c4420f50182d9b
none_un1_dp1_ud1	359	11	583254ccf2d71385
none_un1_dp1_ud1	360	211	83604ec65292d84d
none_un1_dp1_ud1	361	6	aa7c864b6a779ca9
none_un1_dp1_ud1	362	202	292a5574ae64ea4b
none_un1_dp1_ud1	363	11	7ab9304bfaa08945
none_un1_dp1_ud1	364	2	3322804f769107bc
none_un1_dp1_ud1	365	81	cc4cd6a3cf3f15be
none_un1_dp1_ud1	366	3	76f5bd7c590e252c
none_un1_dp1_ud1	367	11	a1214ca1901ff8fa
none_un1_dp1_ud1	368	6	19466466f3ca4d66
none_un1_dp1_ud1	369	5	055510b37d3e088e
none_un1_dp1_ud1	370	3	4d4c4fd84fe71a4f
none_un1_dp1_ud1	371	2	5acc42448f3a7df6
none_un1_dp1_ud1	372	31	4b1b0d24a4b4c187
none_un1_dp1_ud1	373	30	4cb7adaa91663217
none_un1_dp1_ud1	374	208	efc28e864a0b3cda
none_un1_dp1_ud1	375	209	bca8e3bed85d0053
none_un1_dp1_ud1	376	79	b7ee6ad9c4d77eb6
none_un1_dp1_ud1	377	2	f23bb38d32758f79
none_un1_dp1_ud1	378	81	8fb6761e55afbbc8
none_un1_dp1_ud1	379	202	4e7e1921fca4a413
none_un1_dp1_ud1	380	198	04d8fea852dff4c0
none_un1_dp1_ud1	381	2	0737efd232706575
none_un1_dp1_ud1	382	221	eca6b601563c03dc
none_un1_dp1_ud1	383	10	7e56d848b1002322
none_un1_dp1_ud1	384	32	3e5154825e97a306
none_un1_dp1_ud1	385	33	c0f2d679bf9c491b
none_un1_dp1_ud1	386	5	3c497432cee29b1c
none_un1_dp1_ud1	387	10	10cd1a85cdf8f93c
none_un1_dp1_ud1	388	2	164d0711da73b9ac
none_un1_dp1_ud1	389	214	fe1bf6f9d3d7da4c
none_un1_dp1_ud1	390	87	19b10ab69b331b60
none_un1_dp1_ud1	391	11	c2a61aadef1c8e2a
none_un1_dp1_ud1	392	2	544186fb653549de
none_un1_dp1_ud1	393	81	0185f0ce01ffd90d
none_un1_dp1_ud1	394	2	7b54cc189836e996
none_un1_dp1_ud1	395	10	0a2d1f8589fa0f14
none_un1_dp1_ud1	396	30	6f9dc059f3194874
none_un1_dp1_ud1	397	3	8ca2f83ef350d7dc
none_un1_dp1_ud1	398	3	341f85f6c394ebae
none_un1_dp1_ud1	399	80	c1e0872b0ddc9280
none_un1_dp0_ud0	0	209	c7fb2dd8561e0496
none_un1_dp0_ud0	1	3	a4a8d635a6bd3203
none_un1_dp0_ud0	2	214	1bcf6c09ea9f9f15
none_un1_dp0_ud0	3	2	71f056e10d51d81c
none_un1_dp0_ud0	4	81	abde5f585ead28be
none_un1_dp0_ud0	5	12	7aec5b8be84251b2
none_un1_dp0_ud0	6	2	3a25daa9a10d2b61
none_un1_dp0_ud0	7	85	aedd159d8106c9b2
none_un1_dp0_ud0	8	6	13373bfed69b2900
none_un1_dp0_ud0	9	3	b8460e03e7562a1c
none_un1_dp0_ud0	10	221	3646e78b6593bbbc
none_un1_dp0_ud0	11	11	3009acb7631564c1
none_un1_dp0_ud0	12	2	1e4531718b24dcf3
none_un1_dp0_ud0	13	11	61ee04df7934d68b
none_un1_dp0_ud0	14	31	d520f3f96db664fa
none_un1_dp0_ud0	15	205	c4a5243f8653d27f
none_un1_dp0_ud0	16	9	33d4c579ad6b1a1c
none_un1_dp0_ud0	17	2	d430f30042c94162
none_un1_dp0_ud0	18	6	e6929c729e10c6b7
none_un1_dp0_ud0	19	91	cfd309bf3011c680
none_un1_dp0_ud0	20	218	54c5f7650eb9882d
none_un1_dp0_ud0	21	36	78f1c4bc48b422c9
none_un1_dp0_ud0	22	31	7903520fc8ec3866
none_un1_dp0_ud0	23	6	436d3b0e0b025c2e
none_un1_dp0_ud0	24	32	c7bb24f37571598b
none_un1_dp0_ud0	25	6	815b9c2fb7525529
none_un1_dp0_ud0	26	205	2816efe8df324cb7
none_un1_dp0_ud0	27	2	251a16df712d4096
none_un1_dp0_ud0	28	212	7c4c5b8f247c201c
none_un1_dp0_ud0	29	32	6c4a76140798f54c
none_un1_dp0_ud0	30	11	ecfb19352ff24ca7
none_un1_dp0_ud0	31	6	7ac2f41f9d1bc11f
none_un1_dp0_ud0	32	11	0a52a3d404acfc8a
none_un1_dp0_ud0	33	6	8f858bf68b375ee6
none_un1_dp0_ud0	34	95	71ac8e317c71948d
none_un1_dp0_ud0	35	211	298b7d1f338f78ed
none_un1_dp0_ud0	36	2	bdf75673c2b7b9af
none_un1_dp0_ud0	37	32	2fe93ec30f0cee88
none_un1_dp0_ud0	38	32	de7383aaddf8f5da
none_un1_dp0_ud0	39	84	2415c4fb338b7d63
none_un1_dp0_ud0	40	3	9bf9d5567f90a850
none_un1_dp0_ud0	41	3	2d6da186be3f4591
none_un1_dp0_ud0	42	31	8a8a71cf22a27844
none_un1_dp0_ud0	43	6	1f02078b6bde6906
none_un1_dp0_ud0	44	32	426950c06eaee291
none_un1_dp0_ud0	45	3	1504117fb2aa7b3b
none_un1_dp0_ud0	46	81	02ca245c9e3207ec
none_un1_dp0_ud0	47	12	3bed518d062e7f7b
none_un1_dp0_ud0	48	82	cf877be61f308c00
none_un1_dp0_ud0	49	3	ace4d14f90e4b1c6
none_un1_dp0_ud0	50	84	5b42eb9591c991c9
none_un1_dp0_ud0	51	2	3b3ad4084fecb045
none_un1_dp0_ud0	52	6	03360de26eb444b4
none_un1_dp0_ud0	53	38	25df0f57c73b421c
none_un1_dp0_ud0	54	32	63e4a4d6d91bdfd6
none_un1_dp0_ud0	55	2	36161c1323171749
none_un1_dp0_ud0	56	2	ceea2d1dad1faae2
none_un1_dp0_ud0	57	6	0bc283e63a66db5e
none_un1_dp0_ud0	58	99	4976b22079449e67
none_un1_dp0_ud0	59	30	9417dda02379241e
none_un1_dp0_ud0	60	87	bb5fd779e26a4ae9
none_un1_dp0_ud0	61	3	e3fd35e5176c5025
none_un1_dp0_ud0	62	216	f5367425cd97bb14
none_un1_dp0_ud0	63	212	fd333562e66cf149
none_un1_dp0_ud0	64	31	9047283a59688100
none_un1_dp0_ud0	65	31	b0c6e8025eed5b5f
none_un1_dp0_ud0	66	6	5e52bad3bf5624bd
none_un1_dp0_ud0	67	2	b6ebb98793bef7b4
none_un1_dp0_ud0	68	12	88b50ccc921b378a
none_un1_dp0_ud0	69	211	ade7af8b110bb02d
none_un1_dp0_ud0	70	2	c4ed1c872a344364
none_un1_dp0_ud0	71	2	64b540c0f13a4416
none_un1_dp0_ud0	72	3	97a76c55286e5b2b
none_un1_dp0_ud0	73	11	c6e800dcc10a6150
none_un1_dp0_ud0	74	205	0f80dcac90b8a995
none_un1_dp0_ud0	75	33	ebe5fc1f0bf28ede
none_un1_dp0_ud0	76	30	aa72037b7a775ccc
none_un1_dp0_ud0	77	31	7dc3f896105cf59a
none_un1_dp0_ud0	78	213	ca80bfc71d9fc9eb
none_un1_dp0_ud0	79	11	3c10e47bbaa2eaee
none_un1_dp0_ud0	80	86	a42ccbcd62a4a8ac
none_un1_dp0_ud0	81	6	285419f8cce53156
none_un1_dp0_ud0	82	80	09db7914e9009f51
none_un1_dp0_ud0	83	220	a4282362b51f8005
none_un1_dp0_ud0	84	230	b9f3ccc0eebab57f
none_un1_dp0_ud0	85	82	0d6afceec5b04007
none_un1_dp0_ud0	86	3	a675fdb04c9bb1c9
none_un1_dp0_ud0	87	2	1b171a1f9329a579
none_un1_dp0_ud0	88	2	06d064a5b6119cec
none_un1_dp0_ud0	89	3	9d82ab23bf0420ee
none_un1_dp0_ud0	90	3	9b1758722127abcf
none_un1_dp0_ud0	91	3	01ae6e117acd6e37
none_un1_dp0_ud0	92	11	80c171d04d755565
none_un1_dp0_ud0	93	3	e1862e7d53e78bad
none_un1_dp0_ud0	94	31	fd605d7b4be86a12
none_un1_dp0_ud0	95	2	5507e3ef2d1f9c0a
none_un1_dp0_ud0	96	3	567142b0bd1ecae2
none_un1_dp0_ud0	97	32	52a19bae8d80bbda
none_un1_dp0_ud0	98	11	c1c16e94e25be3ed
none_un1_dp0_ud0	99	86	3e8c0489121078b3
none_un1_dp0_ud0	100	31	5708a32fc4eddf24
none_un1_dp0_ud0	101	82	b2542ff6666da27b
none_un1_dp0_ud0	102	2	2b77f36acc401545
none_un1_dp0_ud0	103	6	67cc864fd283d0d5
none_un1_dp0_ud0	104	3	eacfe96e26f6497a
none_un1_dp0_ud0	105	210	4d034e049abc01fd
none_un1_dp0_ud0	106	2	9550a3e580e246e7
none_un1_dp0_ud0	107	2	111a8c670f1b7eb3
none_un1_dp0_ud0	108	3	c3b3f33960192937
none_un1_dp0_ud0	109	33	3c4b5656f45f64ef
none_un1_dp0_ud0	110	2	56f2119843262bd8
none_un1_dp0_ud0	111	2	d756fbc0a19f6f57
none_un1_dp0_ud0	112	2	5d3ba4edb71b9695
none_un1_dp0_ud0	113	211	347e49cc018072fb
none_un1_dp0_ud0	114	218	5f493cde1276c0f2
none_un1_dp0_ud0	115	36	c75c2d03ba4e22f9
none_un1_dp0_ud0	116	11	4bc1adf433acad4d
none_un1_dp0_ud0	117	3	3e4e83fe9cab5783
none_un1_dp0_ud0	118	6	b0c6fe00bfb47b14
none_un1_dp0_ud0	119	209	d8e43bb70fc2e691
none_un1_dp0_ud0	120	6	354ec8f0f001b56b
none_un1_dp0_ud0	121	9	f42c596cb9b92eff
none_un1_dp0_ud0	122	6	22dffe9389bf5b6c
none_un1_dp0_ud0	123	2	ef5225248d173fa3
none_un1_dp0_ud0	124	3	134005e152d45e38
none_un1_dp0_ud0	125	2	05f1cdd391b2c50d
none_un1_dp0_ud0	126	14	d1505bd7aed88d40
none_un1_dp0_ud0	127	11	05566680a9ca2e41
none_un1_dp0_ud0	128	2	63088dade7e2c78b
none_un1_dp0_ud0	129	209	a10bfefb17499b30
none_un1_dp0_ud0	130	89	805312e7ec489289
none_un1_dp0_ud0	131	206	53f519be0366acc2
none_un1_dp0_ud0	132	2	772dfa30393969bd
none_un1_dp0_ud0	133	3	57a7d8f297502b08
none_un1_dp0_ud0	134	6	a9a82c80687fed98
none_un1_dp0_ud0	135	2	941e09cb949631cf
none_un1_dp0_ud0	136	31	48899b32ac8b5675
none_un1_dp0_ud0	137	3	7e500d3ae150eb93
none_un1_dp0_ud0	138	2	d9ad519b8157fdde
none_un1_dp0_ud0	139	84	5a99c76bff94944b
none_un1_dp0_ud0	140	11	3f9d06880884f508
none_un1_dp0_ud0	141	3	68e7a3506a58ef5e
none_un1_dp0_ud0	142	3	3322d0766ce929ad
none_un1_dp0_ud0	143	2	298a89e57461e50c
none_un1_dp0_ud0	144	3	ea270ba25ca85221
none_un1_dp0_ud0	145	203	3e60abdf03f03729
none_un1_dp0_ud0	146	11	7efd9b3547914970
none_un1_dp0_ud0	147	14	1e19e73f873dfa61
none_un1_dp0_ud0	148	31	049643302847c7ac
none_un1_dp0_ud0	149	3	7e08f46c96d06662
none_un1_dp0_ud0	150	11	45b7c84a98e8a4e8
none_un1_dp0_ud0	151	11	8d0f6842c70974bf
none_un1_dp0_ud0	152	223	46e5c7afa3eac46d
none_un1_dp0_ud0	153	207	854e9b86d55fccd6
none_un1_dp0_ud0	154	82	ffc0125b87d29df7
none_un1_dp0_ud0	155	6	1394d9a26584762f
none_un1_dp0_ud0	156	12	32ca6b71ae8c9ebd
none_un1_dp0_ud0	157	3	84ff130cb727e9ef
none_un1_dp0_ud0	158	81	2f716691dfa9c669
none_un1_dp0_ud0	159	3	4c6caabc6fb12605
none_un1_dp0_ud0	160	2	f0cfc8cbf5d9d664
none_un1_dp0_ud0	161	91	9a7a94af1924997c
none_un1_dp0_ud0	162	206	968ab935aae957b0
none_un1_dp0_ud0	163	211	ac453b0c11294e3b
none_un1_dp0_ud0	164	6	483504a5e4303754
none_un1_dp0_ud0	165	85	b0be51630455a3f3
none_un1_dp0_ud0	166	86	209fb9199b4f025d
none_un1_dp0_ud0	167	6	520857c186fa18ed
none_un1_dp0_ud0	168	6	b6a5da9829977912
none_un1_dp0_ud0	169	3	49db5b357d7c0ad4
none_un1_dp0_ud0	170	11	cd860637f0807607
none_un1_dp0_ud0	171	3	b7721d95e9b24aca
none_un1_dp0_ud0	172	2	8c8ae7020cbb4c49
none_un1_dp0_ud0	173	91	ab84b3121891e043
none_un1_dp0_ud0	174	34	249d57260c31ae54
none_un1_dp0_ud0	175	31	18bf30f9946b9ad3
none_un1_dp0_ud0	176	3	ac1715977e982a17
none_un1_dp0_ud0	177	3	9704eacc8671e534
none_un1_dp0_ud0	178	202	055dbc1e84bc9bfd
none_un1_dp0_ud0	179	32	254db62d84cfbec7
none_un1_dp0_ud0	180	3	a4f2be37f17ecd20
none_un1_dp0_ud0	181	9	28288d6914289a37
none_un1_dp0_ud0	182	2	8e49ea15371e1c8f
none_un1_dp0_ud0	183	11	8321d16715cd44c5
none_un1_dp0_ud0	184	32	54dd7becd8fefd9e
none_un1_dp0_ud0	185	6	d5b7a887b93f872d
none_un1_dp0_ud0	186	6	e6929bccd0fff5a7
none_un1_dp0_ud0	187	11	f976fbd37521ba3f
none_un1_dp0_ud0	188	6	f97a28d5f8ed7ab3
none_un1_dp0_ud0	189	10	be4c5cf839d0bf83
none_un1_dp0_ud0	190	6	2a03604c07ada8b2
none_un1_dp0_ud0	191	2	ed6b2cfae63a523f
none_un1_dp0_ud0	192	2	43c05b7ef01c7494
none_un1_dp0_ud0	193	2	58c45d16565eb0d0
none_un1_dp0_ud0	194	11	599f46800c949268
none_un1_dp0_ud0	195	11	d09f0e354e3aa6df
none_un1_dp0_ud0	196	35	a6ef14c369eb4d4a
none_un1_dp0_ud0	197	81	0b8283b0f179827a
none_un1_dp0_ud0	198	215	e0fc7e5a5392ac78
none_un1_dp0_ud0	199	84	e38d7a27021ce87d
none_un1_dp0_ud0	200	33	a8e116ec0eb0188a
none_un1_dp0_ud0	201	99	83e9b566047c6141
none_un1_dp0_ud0	202	32	97088c6c3062dcf0
none_un1_dp0_ud0	203	211	5592643c507526a1
none_un1_dp0_ud0	204	207	495f93c493e75137
none_un1_dp0_ud0	205	81	1ae188e3e167f0c3
none_un1_dp0_ud0	206	3	8961c43dbfc500cc
none_un1_dp0_ud0	207	2	03bd747c6229706a
none_un1_dp0_ud0	208	41	2d27bd5ea9df3c58
none_un1_dp0_ud0	209	11	b80a8741b42045dd
none_un1_dp0_ud0	210	204	80097814155f1eba
none_un1_dp0_ud0	211	86	865fd81df18d8dcc
none_un1_dp0_ud0	212	6	ec2567031cc6487a
none_un1_dp0_ud0	213	11	947a291a6f11b6f9
none_un1_dp0_ud0	214	87	4a57e3253f925ebe
none_un1_dp0_ud0	215	3	a72adc3383340d17
none_un1_dp0_ud0	216	3	f0a307edf1c68b8e
none_un1_dp0_ud0	217	211	87e9544ce16d2ee9
none_un1_dp0_ud0	218	3	4b0a23e872d8aa56
none_un1_dp0_ud0	219	35	18528ef5c9ae0231
none_un1_dp0_ud0	220	86	e58b45b3a675a177
none_un1_dp0_ud0	221	35	f2fec2fc2dc6c72c
none_un1_dp0_ud0	222	212	684c747d4d410899
none_un1_dp0_ud0	223	2	68416f9a82cbadaa
none_un1_dp0_ud0	224	81	e5a1729f54544fbb
none_un1_dp0_ud0	225	207	e1dbd2c43f98fc18
none_un1_dp0_ud0	226	36	8827561bbedf0781
none_un1_dp0_ud0	227	214	a486b7e864442164
none_un1_dp0_ud0	228	2	9766b38daae9dfd5
none_un1_dp0_ud0	229	12	f3d8d76004918bc5
none_un1_dp0_ud0	230	84	ef61ab35f49ebc03
none_un1_dp0_ud0	231	3	5940c7ed5f050a32
none_un1_dp0_ud0	232	6	0165826166f1b11a
none_un1_dp0_ud0	233	6	4b3e03d41cc833b5
none_un1_dp0_ud0	234	31	9a1bc2d7d243ccb6
none_un1_dp0_ud0	235	6	b94af4ed94866980
none_un1_dp0_ud0	236	6	34bd5dae9eea5b43
none_un1_dp0_ud0	237	6	dc306328376a25ec
none_un1_dp0_ud0	238	213	218b7f3f32a1195b
none_un1_dp0_ud0	239	2	827e1db205c296da
none_un1_dp0_ud0	240	85	6b2e328ff147d0ed
none_un1_dp0_ud0	241	6	fdf33154b624bab4
none_un1_dp0_ud0	242	3	b678894b48c1bf4c
none_un1_dp0_ud0	243	84	2e9b89c1a8510c18
none_un1_dp0_ud0	244	11	d8ab72979fef05f5
none_un1_dp0_ud0	245	212	7f196ce84909acf9
none_un1_dp0_ud0	246	81	00c2204be75c35fd
none_un1_dp0_ud0	247	34	c2a56c040657f155
none_un1_dp0_ud0	248	31	90d6b66eb8544d48
none_un1_dp0_ud0	249	92	72f9ef46aaf7960c
none_un1_dp0_ud0	250	12	e17f748a35f4caff
none_un1_dp0_ud0	251	215	0b72bfd7085ca41f
none_un1_dp0_ud0	252	11	a8039fe6e548db35
none_un1_dp0_ud0	253	220	c587d1a915d15080
none_un1_dp0_ud0	254	13	410b15dbfb12ea0c
none_un1_dp0_ud0	255	3	934d324711f9585b
none_un1_dp0_ud0	256	87	aec28c7c6a34e1f0
none_un1_dp0_ud0	257	84	0d8a6bd74d79c4b4
none_un1_dp0_ud0	258	86	41875883a91078bd
none_un1_dp0_ud0	259	212	b90ac2de533f427a
none_un1_dp0_ud0	260	31	c208d460ddfee913
none_un1_dp0_ud0	261	3	0f1482c8b99467fd
none_un1_dp0_ud0	262	90	4fa0acde223d8035
none_un1_dp0_ud0	263	3	80cdcdf0586b4285
none_un1_dp0_ud0	264	6	c4f7040b337dca80
none_un1_dp0_ud0	265	2	c713f9f838aff230
none_un1_dp0_ud0	266	92	7976fb7ce87460da
none_un1_dp0_ud0	267	205	b7548ccaebbb06f9
none_un1_dp0_ud0	268	34	987c5c3d40c37d3f
none_un1_dp0_ud0	269	85	e5d759ef4379bcaf
none_un1_dp0_ud0	270	6	be743daabfe6bd06
none_un1_dp0_ud0	271	31	aacf9af1189d236c
none_un1_dp0_ud0	272	11	a934979235230b39
none_un1_dp0_ud0	273	3	a3eb2bf05c1c2b6f
none_un1_dp0_ud0	274	6	f35300b5b096f9bb
none_un1_dp0_ud0	275	2	a5a6c52ac89a2e26
none_un1_dp0_ud0	276	32	bfbb1eed2f4bf2ff
none_un1_dp0_ud0	277	2	bfbaed8002ec6a28
none_un1_dp0_ud0	278	205	45746641e21335b5
none_un1_dp0_ud0	279	11	b1f4ed743c0355a8
none_un1_dp0_ud0	280	6	a7c0a31423ad82d2
none_un1_dp0_ud0	281	3	4271405f816e339d
none_un1_dp0_ud0	282	7	8747e48584256510
none_un1_dp0_ud0	283	11	8fe397d767769f73
none_un1_dp0_ud0	284	31	1ec10f5c1aa6e9d6
none_un1_dp0_ud0	285	216	559325f05ae2ec6f
none_un1_dp0_ud0	286	16	ece3cc7d42a202a8
none_un1_dp0_ud0	287	3	36ea76d2d4a16446
none_un1_dp0_ud0	288	32	b1b87065c681b38b
none_un1_dp0_ud0	289	82	8e74e7c3bfa49308
none_un1_dp0_ud0	290	11	f3de9b5877ac0d08
none_un1_dp0_ud0	291	83	6d27bed879dc7102
none_un1_dp0_ud0	292	2	a0e08f9da8d4ad1f
none_un1_dp0_ud0	293	35	3b52ca6c0a280b16
none_un1_dp0_ud0	294	2	e92aa8fb21e21ba4
none_un1_dp0_ud0	295	3	ffb1d7bc4a7f1eb7
none_un1_dp0_ud0	296	36	59f8df02cab937cc
none_un1_dp0_ud0	297	6	806b830bfa5ee806
none_un1_dp0_ud0	298	11	90ae7599214a3aa3
none_un1_dp0_ud0	299	83	ac15b2f39965e787
none_un1_dp0_ud0	300	31	c81e8796b2f4746b
none_un1_dp0_ud0	301	3	7ee06c10b69c983c
none_un1_dp0_ud0	302	2	d86e9b7a0a82223f
none_un1_dp0_ud0	303	2	9ffa96ea53f5d65f
none_un1_dp0_ud0	304	37	975cd4b93ad3d029
none_un1_dp0_ud0	305	208	e6456112e57a0bf6
none_un1_dp0_ud0	306	11	ae2117fa82e549ab
none_un1_dp0_ud0	307	31	259446281e2f3711
none_un1_dp0_ud0	308	208	f7333f532db946b2
none_un1_dp0_ud0	309	3	5cfa33958ecdf350
none_un1_dp0_ud0	310	207	5b6f8433136d5a72
none_un1_dp0_ud0	311	3	a9c08f8c8fbe7b7a
none_un1_dp0_ud0	312	31	8ace61b1891c094d
none_un1_dp0_ud0	313	217	ce36757965cdde5c
none_un1_dp0_ud0	314	212	84b31b3e4132329e
none_un1_dp0_ud0	315	6	53a180b826eba42b
none_un1_dp0_ud0	316	216	4582e65128b73ef3
none_un1_dp0_ud0	317	214	9002a72d6ab397cf
none_un1_dp0_ud0	318	85	ecf2f5fedd6381fb
none_un1_dp0_ud0	319	6	0f3078df9ed71dd0
none_un1_dp0_ud0	320	85	e9213bf9e93029af
none_un1_dp0_ud0	321	7	97458e0ddb328b7e
none_un1_dp0_ud0	322	6	c5fc25c3bd920e96
none_un1_dp0_ud0	323	6	cd09f11ff3c07725
none_un1_dp0_ud0	324	86	3ff8c92a1ea80200
none_un1_dp0_ud0	325	220	e17af73c10692696
none_un1_dp0_ud0	326	11	bcd4183d02cb0563
none_un1_dp0_ud0	327	31	c24331322321d36f
none_un1_dp0_ud0	328	11	cde78583cddd1571
none_un1_dp0_ud0	329	2	a45aebe53f6c2864
none_un1_dp0_ud0	330	213	6696aff9c70e26c9
none_un1_dp0_ud0	331	6	d79f642e5e915dcb
none_un1_dp0_ud0	332	13	a9fda69ba5eedc2e
none_un1_dp0_ud0	333	11	b33e1a1c18b0ede6
none_un1_dp0_ud0	334	3	f6c74b4c040ad3f8
none_un1_dp0_ud0	335	34	ad8be1605b6fb289
none_un1_dp0_ud0	336	6	e5ac34f092a333c1
none_un1_dp0_ud0	337	11	9c427b0c80fa0e0d
none_un1_dp0_ud0	338	2	fff507f48f450cc2
none_un1_dp0_ud0	339	2	8b28c6538413ee55
none_un1_dp0_ud0	340	11	a36e26100de424ca
none_un1_dp0_ud0	341	3	e4d8b755b32875ba
none_un1_dp0_ud0	342	2	585dc3e49905c661
none_un1_dp0_ud0	343	2	28a11183598e5824
none_un1_dp0_ud0	344	3	998edbd3e3c0852d
none_un1_dp0_ud0	345	31	29948644ef2d7f10
none_un1_dp0_ud0	346	6	07b8b47e4f6fde7a
none_un1_dp0_ud0	347	15	c7f2af2f943bedb8
none_un1_dp0_ud0	348	11	75bf41aeb0677853
none_un1_dp0_ud0	349	214	900b6d3ea88728d4
none_un1_dp0_ud0	350	35	de66e263247080e6
none_un1_dp0_ud0	351	212	f33d91fa1a5f7cb8
none_un1_dp0_ud0	352	11	9387506d447dc41b
none_un1_dp0_ud0	353	83	bc412a164a073cb2
none_un1_dp0_ud0	354	213	6d58c9c22d175cdf
none_un1_dp0_ud0	355	85	5717030b506affbd
none_un1_dp0_ud0	356	2	fd20bd056e0c46a4
none_un1_dp0_ud0	357	205	5ef9d240e8fc5fc9
none_un1_dp0_ud0	358	2	32c4420f50182d9b
none_un1_dp0_ud0	359	12	7ed4a4babae568f1
none_un1_dp0_ud0	360	212	92c2cfb49a8f06cf
none_un1_dp0_ud0	361	6	aa7c864b6a779ca9
none_un1_dp0_ud0	362	211	f2136588f4708374
none_un1_dp0_ud0	363	12	6f53465f3ba460ec
none_un1_dp0_ud0	364	2	3322804f769107bc
none_un1_dp0_ud0	365	82	f1c2ead258923391
none_un1_dp0_ud0	366	3	76f5bd7c590e252c
none_un1_dp0_ud0	367	11	a1214ca1901ff8fa
none_un1_dp0_ud0	368	6	19466466f3ca4d66
none_un1_dp0_ud0	369	6	1d0076f83333c40d
none_un1_dp0_ud0	370	3	4d4c4fd84fe71a4f
none_un1_dp0_ud0	371	2	5acc42448f3a7df6
none_un1_dp0_ud0	372	31	4b1b0d24a4b4c187
none_un1_dp0_ud0	373	32	b7f11aa280979991
none_un1_dp0_ud0	374	213	6c2afa3685add6cc
none_un1_dp0_ud0	375	217	77e8f6a24dde8891
none_un1_dp0_ud0	376	85	e8ba1270eecd0c8a
none_un1_dp0_ud0	377	2	f23bb38d32758f79
none_un1_dp0_ud0	378	82	fdd4ecb7fc7e5b8b
none_un1_dp0_ud0	379	210	cdafcf02a498d543
none_un1_dp0_ud0	380	207	898a58224c4f7949
none_un1_dp0_ud0	381	3	73adcfaf266b2036
none_un1_dp0_ud0	382	224	b055a76cad49887f
none_un1_dp0_ud0	383	11	e95847f37e4a6332
none_un1_dp0_ud0	384	32	3e5154825e97a306
none_un1_dp0_ud0	385	35	28a2d38ea8f96f91
none_un1_dp0_ud0	386	6	aab659e9440f4158
none_un1_dp0_ud0	387	11	3885576ccdd0e0a3
none_un1_dp0_ud0	388	2	164d0711da73b9ac
none_un1_dp0_ud0	389	218	ac717d619e7b3f57
none_un1_dp0_ud0	390	89	f2bdc1f87bf125a1
none_un1_dp0_ud0	391	11	c2a61aadef1c8e2a
none_un1_dp0_ud0	392	2	544186fb653549de
none_un1_dp0_ud0	393	84	4b3946d1bdda01b5
none_un1_dp0_ud0	394	2	7b54cc189836e996
none_un1_dp0_ud0	395	11	182ad94d63779fc4
none_un1_dp0_ud0	396	32	18bb4e74426ca971
none_un1_dp0_ud0	397	3	8ca2f83ef350d7dc
none_un1_dp0_ud0	398	3	341f85f6c394ebae
none_un1_dp0_ud0	399	84	9dd741a3bac13c9d
none_un1_dp0_ud1	0	209	c7fb2dd8561e0496
none_un1_dp0_ud1	1	3	a4a8d635a6bd3203
none_un1_dp0_ud1	2	214	1bcf6c09ea9f9f15
none_un1_dp0_ud1	3	2	71f056e10d51d81c
none_un1_dp0_ud1	4	81	abde5f585ead28be
none_un1_dp0_ud1	5	12	7aec5b8be84251b2
none_un1_dp0_ud1	6	2	3a25daa9a10d2b61
none_un1_dp0_ud1	7	85	aedd159d8106c9b2
none_un1_dp0_ud1	8	6	13373bfed69b2900
none_un1_dp0_ud1	9	3	b8460e03e7562a1c
none_un1_dp0_ud1	10	221	3646e78b6593bbbc
none_un1_dp0_ud1	11	11	3009acb7631564c1
none_un1_dp0_ud1	12	2	1e4531718b24dcf3
none_un1_dp0_ud1	13	11	61ee04df7934d68b
none_un1_dp0_ud1	14	31	d520f3f96db664fa
none_un1_dp0_ud1	15	204	1aa39d8f36eaee70
none_un1_dp0_ud1	16	9	33d4c579ad6b1a1c
none_un1_dp0_ud1	17	2	d430f30042c94162
none_un1_dp0_ud1	18	6	e6929c729e10c6b7
none_un1_dp0_ud1	19	91	cfd309bf3011c680
none_un1_dp0_ud1	20	216	1979eda2f12beac1
none_un1_dp0_ud1	21	35	7bc998ca2b996718
none_un1_dp0_ud1	22	31	7903520fc8ec3866
none_un1_dp0_ud1	23	6	436d3b0e0b025c2e
none_un1_dp0_ud1	24	32	c7bb24f37571598b
none_un1_dp0_ud1	25	6	815b9c2fb7525529
none_un1_dp0_ud1	26	205	2816efe8df324cb7
none_un1_dp0_ud1	27	2	251a16df712d4096
none_un1_dp0_ud1	28	212	9a8a540e07c4e31d
none_un1_dp0_ud1	29	32	6c4a76140798f54c
none_un1_dp0_ud1	30	11	ecfb19352ff24ca7
none_un1_dp0_ud1	31	6	7ac2f41f9d1bc11f
none_un1_dp0_ud1	32	11	0a52a3d404acfc8a
none_un1_dp0_ud1	33	6	8f858bf68b375ee6
none_un1_dp0_ud1	34	95	472619edd8eec6d2
none_un1_dp0_ud1	35	211	bdb685f0de822f5a
none_un1_dp0_ud1	36	2	bdf75673c2b7b9af
none_un1_dp0_ud1	37	32	05c6a1d2fbcfd167
none_un1_dp0_ud1	38	32	de7383aaddf8f5da
none_un1_dp0_ud1	39	84	2415c4fb338b7d63
none_un1_dp0_ud1	40	3	9bf9d5567f90a850
none_un1_dp0_ud1	41	3	2d6da186be3f4591
none_un1_dp0_ud1	42	31	8a8a71cf22a27844
none_un1_dp0_ud1	43	6	1f02078b6bde6906
none_un1_dp0_ud1	44	32	426950c06eaee291
none_un1_dp0_ud1	45	3	1504117fb2aa7b3b
none_un1_dp0_ud1	46	81	02ca245c9e3207ec
none_un1_dp0_ud1	47	12	3bed518d062e7f7b
none_un1_dp0_ud1	48	82	cf877be61f308c00
none_un1_dp0_ud1	49	3	ace4d14f90e4b1c6
none_un1_dp0_ud1	50	84	5b42eb9591c991c9
none_un1_dp0_ud1	51	2	3b3ad4084fecb045
none_un1_dp0_ud1	52	6	03360de26eb444b4
none_un1_dp0_ud1	53	38	25df0f57c73b421c
none_un1_dp0_ud1	54	31	f799ec460a742b23
none_un1_dp0_ud1	55	2	36161c1323171749
none_un1_dp0_ud1	56	2	ceea2d1dad1faae2
none_un1_dp0_ud1	57	6	0bc283e63a66db5e
none_un1_dp0_ud1	58	99	c0d4a7096459fb6a
none_un1_dp0_ud1	59	30	9417dda02379241e
none_un1_dp0_ud1	60	87	bb5fd779e26a4ae9
none_un1_dp0_ud1	61	3	e3fd35e5176c5025
none_un1_dp0_ud1	62	216	f5367425cd97bb14
none_un1_dp0_ud1	63	212	fd333562e66cf149
none_un1_dp0_ud1	64	31	9047283a59688100
none_un1_dp0_ud1	65	31	b0c6e8025eed5b5f
none_un1_dp0_ud1	66	6	5e52bad3bf5624bd
none_un1_dp0_ud1	67	2	b6ebb98793bef7b4
none_un1_dp0_ud1	68	12	10380049caa432bd
none_un1_dp0_ud1	69	211	ade7af8b110bb02d
none_un1_dp0_ud1	70	2	c4ed1c872a344364
none_un1_dp0_ud1	71	2	64b540c0f13a4416
none_un1_dp0_ud1	72	3	97a76c55286e5b2b
none_un1_dp0_ud1	73	11	c6e800dcc10a6150
none_un1_dp0_ud1	74	205	0f80dcac90b8a995
none_un1_dp0_ud1	75	33	ebe5fc1f0bf28ede
none_un1_dp0_ud1	76	30	aa72037b7a775ccc
none_un1_dp0_ud1	77	31	7dc3f896105cf59a
none_un1_dp0_ud1	78	212	e68e0d5f5186300e
none_un1_dp0_ud1	79	11	3c10e47bbaa2eaee
none_un1_dp0_ud1	80	86	d84df923f709ed31
none_un1_dp0_ud1	81	6	285419f8cce53156
none_un1_dp0_ud1	82	80	cdb0259da9f4095a
none_un1_dp0_ud1	83	220	a4282362b51f8005
none_un1_dp0_ud1	84	230	81799cfad088b1fc
none_un1_dp0_ud1	85	82	519d61cbf290463c
none_un1_dp0_ud1	86	3	a675fdb04c9bb1c9
none_un1_dp0_ud1	87	2	1b171a1f9329a579
none_un1_dp0_ud1	88	2	06d064a5b6119cec
none_un1_dp0_ud1	89	3	9d82ab23bf0420ee
none_un1_dp0_ud1	90	3	9b1758722127abcf
none_un1_dp0_ud1	91	2	b69c52fc8fcc2345
none_un1_dp0_ud1	92	11	80c171d04d755565
none_un1_dp0_ud1	93	3	e1862e7d53e78bad
none_un1_dp0_ud1	94	31	fd605d7b4be86a12
none_un1_dp0_ud1	95	2	5507e3ef2d1f9c0a
none_un1_dp0_ud1	96	3	567142b0bd1ecae2
none_un1_dp0_ud1	97	32	52a19bae8d80bbda
none_un1_dp0_ud1	98	11	c1c16e94e25be3ed
none_un1_dp0_ud1	99	86	3e8c0489121078b3
none_un1_dp0_ud1	100	31	5708a32fc4eddf24
none_un1_dp0_ud1	101	82	b2542ff6666da27b
none_un1_dp0_ud1	102	2	2b77f36acc401545
none_un1_dp0_ud1	103	6	67cc864fd283d0d5
none_un1_dp0_ud1	104	3	eacfe96e26f6497a
none_un1_dp0_ud1	105	209	22bfeaf207406262
none_un1_dp0_ud1	106	2	9550a3e580e246e7
none_un1_dp0_ud1	107	2	111a8c670f1b7eb3
none_un1_dp0_ud1	108	3	c3b3f33960192937
none_un1_dp0_ud1	109	33	3c4b5656f45f64ef
none_un1_dp0_ud1	110	2	56f2119843262bd8
none_un1_dp0_ud1	111	2	d756fbc0a19f6f57
none_un1_dp0_ud1	112	2	5d3ba4edb71b9695
none_un1_dp0_ud1	113	211	68ba6e6b1f4452a0
none_un1_dp0_ud1	114	217	c4093f1a35128962
none_un1_dp0_ud1	115	36	c75c2d03ba4e22f9
none_un1_dp0_ud1	116	11	4bc1adf433acad4d
none_un1_dp0_ud1	117	3	3e4e83fe9cab5783
none_un1_dp0_ud1	118	6	b0c6fe00bfb47b14
none_un1_dp0_ud1	119	209	2b7b40c5373d20e4
none_un1_dp0_ud1	120	6	354ec8f0f001b56b
none_un1_dp0_ud1	121	9	f42c596cb9b92eff
none_un1_dp0_ud1	122	6	22dffe9389bf5b6c
none_un1_dp0_ud1	123	2	ef5225248d173fa3
none_un1_dp0_ud1	124	3	134005e152d45e38
none_un1_dp0_ud1	125	2	05f1cdd391b2c50d
none_un1_dp0_ud1	126	14	d1505bd7aed88d40
none_un1_dp0_ud1	127	11	05566680a9ca2e41
none_un1_dp0_ud1	128	2	63088dade7e2c78b
none_un1_dp0_ud1	129	209	2d731a68d35780d3
none_un1_dp0_ud1	130	89	805312e7ec489289
none_un1_dp0_ud1	131	206	2ba563a2e05c0245
none_un1_dp0_ud1	132	2	772dfa30393969bd
none_un1_dp0_ud1	133	3	57a7d8f297502b08
none_un1_dp0_ud1	134	6	a9a82c80687fed98
none_un1_dp0_ud1	135	2	941e09cb949631cf
none_un1_dp0_ud1	136	31	71da40dc76c4f1a0
none_un1_dp0_ud1	137	3	7e500d3ae150eb93
none_un1_dp0_ud1	138	2	d9ad519b8157fdde
none_un1_dp0_ud1	139	83	91c557bb3a35effc
none_un1_dp0_ud1	140	11	3f9d06880884f508
none_un1_dp0_ud1	141	3	68e7a3506a58ef5e
none_un1_dp0_ud1	142	3	3322d0766ce929ad
none_un1_dp0_ud1	143	2	298a89e57461e50c
none_un1_dp0_ud1	144	3	ea270ba25ca85221
none_un1_dp0_ud1	145	203	3e60abdf03f03729
none_un1_dp0_ud1	146	11	7efd9b3547914970
none_un1_dp0_ud1	147	14	1e19e73f873dfa61
none_un1_dp0_ud1	148	31	049643302847c7ac
none_un1_dp0_ud1	149	3	7e08f46c96d06662
none_un1_dp0_ud1	150	11	45b7c84a98e8a4e8
none_un1_dp0_ud1	151	11	8d0f6842c70974bf
none_un1_dp0_ud1	152	223	46e5c7afa3eac46d
none_un1_dp0_ud1	153	207	9154bf9268667ce7
none_un1_dp0_ud1	154	82	ffc0125b87d29df7
none_un1_dp0_ud1	155	6	1394d9a26584762f
none_un1_dp0_ud1	156	12	32ca6b71ae8c9ebd
none_un1_dp0_ud1	157	3	84ff130cb727e9ef
none_un1_dp0_ud1	158	81	2f716691dfa9c669
none_un1_dp0_ud1	159	3	4c6caabc6fb12605
none_un1_dp0_ud1	160	2	f0cfc8cbf5d9d664
none_un1_dp0_ud1	161	91	9a7a94af1924997c
none_un1_dp0_ud1	162	206	968ab935aae957b0
none_un1_dp0_ud1	163	210	da9e82831f4619b8
none_un1_dp0_ud1	164	6	483504a5e4303754
none_un1_dp0_ud1	165	85	39c4e7f32b778a90
none_un1_dp0_ud1	166	86	209fb9199b4f025d
none_un1_dp0_ud1	167	6	520857c186fa18ed
none_un1_dp0_ud1	168	6	b6a5da9829977912
none_un1_dp0_ud1	169	3	49db5b357d7c0ad4
none_un1_dp0_ud1	170	11	cd860637f0807607
none_un1_dp0_ud1	171	3	b7721d95e9b24aca
none_un1_dp0_ud1	172	2	8c8ae7020cbb4c49
none_un1_dp0_ud1	173	91	ab84b3121891e043
none_un1_dp0_ud1	174	34	249d57260c31ae54
none_un1_dp0_ud1	175	31	18bf30f9946b9ad3
none_un1_dp0_ud1	176	3	ac1715977e982a17
none_un1_dp0_ud1	177	3	9704eacc8671e534
none_un1_dp0_ud1	178	202	055dbc1e84bc9bfd
none_un1_dp0_ud1	179	32	254db62d84cfbec7
none_un1_dp0_ud1	180	3	a4f2be37f17ecd20
none_un1_dp0_ud1	181	9	28288d6914289a37
none_un1_dp0_ud1	182	2	8e49ea15371e1c8f
none_un1_dp0_ud1	183	11	8321d16715cd44c5
none_un1_dp0_ud1	184	32	54dd7becd8fefd9e
none_un1_dp0_ud1	185	6	d5b7a887b93f872d
none_un1_dp0_ud1	186	6	e6929bccd0fff5a7
none_un1_dp0_ud1	187	11	f976fbd37521ba3f
none_un1_dp0_ud1	188	6	f97a28d5f8ed7ab3
none_un1_dp0_ud1	189	10	be4c5cf839d0bf83
none_un1_dp0_ud1	190	6	2a03604c07ada8b2
none_un1_dp0_ud1	191	2	ed6b2cfae63a523f
none_un1_dp0_ud1	192	2	43c05b7ef01c7494
none_un1_dp0_ud1	193	2	58c45d16565eb0d0
none_un1_dp0_ud1	194	11	599f46800c949268
none_un1_dp0_ud1	195	11	1979f32bbeadb0fa
none_un1_dp0_ud1	196	35	a6ef14c369eb4d4a
none_un1_dp0_ud1	197	81	0b8283b0f179827a
none_un1_dp0_ud1	198	213	a71e3bbc10b6ae1a
none_un1_dp0_ud1	199	84	e38d7a27021ce87d
none_un1_dp0_ud1	200	32	8ec672a99c75fe1a
none_un1_dp0_ud1	201	99	83e9b566047c6141
none_un1_dp0_ud1	202	32	97088c6c3062dcf0
none_un1_dp0_ud1	203	211	5592643c507526a1
none_un1_dp0_ud1	204	207	495f93c493e75137
none_un1_dp0_ud1	205	81	1ae188e3e167f0c3
none_un1_dp0_ud1	206	3	8961c43dbfc500cc
none_un1_dp0_ud1	207	2	03bd747c6229706a
none_un1_dp0_ud1	208	41	2d27bd5ea9df3c58
none_un1_dp0_ud1	209	11	b80a8741b42045dd
none_un1_dp0_ud1	210	204	2ea109ebe7c0626f
none_un1_dp0_ud1	211	86	865fd81df18d8dcc
none_un1_dp0_ud1	212	6	ec2567031cc6487a
none_un1_dp0_ud1	213	11	947a291a6f11b6f9
none_un1_dp0_ud1	214	87	4a57e3253f925ebe
none_un1_dp0_ud1	215	3	a72adc3383340d17
none_un1_dp0_ud1	216	3	f0a307edf1c68b8e
none_un1_dp0_ud1	217	210	8f469564d7547c65
none_un1_dp0_ud1	218	3	4b0a23e872d8aa56
none_un1_dp0_ud1	219	35	18528ef5c9ae0231
none_un1_dp0_ud1	220	86	e58b45b3a675a177
none_un1_dp0_ud1	221	35	639feb8c7048330b
none_un1_dp0_ud1	222	211	db19541554583530
none_un1_dp0_ud1	223	2	68416f9a82cbadaa
none_un1_dp0_ud1	224	81	e5a1729f54544fbb
none_un1_dp0_ud1	225	206	8054175391390c37
none_un1_dp0_ud1	226	35	552bc50b4a0e0ac1
none_un1_dp0_ud1	227	214	5ac21207123c1c8b
none_un1_dp0_ud1	228	2	9766b38daae9dfd5
none_un1_dp0_ud1	229	12	f3d8d76004918bc5
none_un1_dp0_ud1	230	84	ef61ab35f49ebc03
none_un1_dp0_ud1	231	3	5940c7ed5f050a32
none_un1_dp0_ud1	232	6	0165826166f1b11a
none_un1_dp0_ud1	233	6	4b3e03d41cc833b5
none_un1_dp0_ud1	234	31	9a1bc2d7d243ccb6
none_un1_dp0_ud1	235	6	b94af4ed94866980
none_un1_dp0_ud1	236	6	34bd5dae9eea5b43
none_un1_dp0_ud1	237	6	dc306328376a25ec
none_un1_dp0_ud1	238	213	218b7f3f32a1195b
none_un1_dp0_ud1	239	2	827e1db205c296da
none_un1_dp0_ud1	240	85	6b2e328ff147d0ed
none_un1_dp0_ud1	241	6	fdf33154b624bab4
none_un1_dp0_ud1	242	3	b678894b48c1bf4c
none_un1_dp0_ud1	243	84	2e9b89c1a8510c18
none_un1_dp0_ud1	244	11	d8ab72979fef05f5
none_un1_dp0_ud1	245	211	35377a39beda4999
none_un1_dp0_ud1	246	81	85701c90aec9966c
none_un1_dp0_ud1	247	34	c2a56c040657f155
none_un1_dp0_ud1	248	31	90d6b66eb8544d48
none_un1_dp0_ud1	249	92	72f9ef46aaf7960c
none_un1_dp0_ud1	250	12	e17f748a35f4caff
none_un1_dp0_ud1	251	212	b80b4f6922030731
none_un1_dp0_ud1	252	11	a8039fe6e548db35
none_un1_dp0_ud1	253	220	9bdaa17f63eeae8a
none_un1_dp0_ud1	254	13	410b15dbfb12ea0c
none_un1_dp0_ud1	255	3	934d324711f9585b
none_un1_dp0_ud1	256	87	aec28c7c6a34e1f0
none_un1_dp0_ud1	257	84	0d8a6bd74d79c4b4
none_un1_dp0_ud1	258	86	41875883a91078bd
none_un1_dp0_ud1	259	212	b90ac2de533f427a
none_un1_dp0_ud1	260	31	c208d460ddfee913
none_un1_dp0_ud1	261	3	0f1482c8b99467fd
none_un1_dp0_ud1	262	90	c21db7327169c066
none_un1_dp0_ud1	263	3	80cdcdf0586b4285
none_un1_dp0_ud1	264	6	c4f7040b337dca80
none_un1_dp0_ud1	265	2	f860f25b5dfae3df
none_un1_dp0_ud1	266	92	5e41fed04979f6eb
none_un1_dp0_ud1	267	204	35c2fadb4c919e76
none_un1_dp0_ud1	268	34	987c5c3d40c37d3f
none_un1_dp0_ud1	269	85	e5d759ef4379bcaf
none_un1_dp0_ud1	270	6	be743daabfe6bd06
none_un1_dp0_ud1	271	31	aacf9af1189d236c
none_un1_dp0_ud1	272	11	a934979235230b39
none_un1_dp0_ud1	273	3	a3eb2bf05c1c2b6f
none_un1_dp0_ud1	274	6	f35300b5b096f9bb
none_un1_dp0_ud1	275	2	a5a6c52ac89a2e26
none_un1_dp0_ud1	276	32	bfbb1eed2f4bf2ff
none_un1_dp0_ud1	277	2	bfbaed8002ec6a28
none_un1_dp0_ud1	278	205	45746641e21335b5
none_un1_dp0_ud1	279	11	9e54864ce03a2359
none_un1_dp0_ud1	280	6	a7c0a31423ad82d2
none_un1_dp0_ud1	281	3	4271405f816e339d
none_un1_dp0_ud1	282	7	8747e48584256510
none_un1_dp0_ud1	283	11	8fe397d767769f73
none_un1_dp0_ud1	284	31	1ec10f5c1aa6e9d6
none_un1_dp0_ud1	285	215	8351dc0aad4c3167
none_un1_dp0_ud1	286	16	ece3cc7d42a202a8
none_un1_dp0_ud1	287	3	36ea76d2d4a16446
none_un1_dp0_ud1	288	32	b1b87065c681b38b
none_un1_dp0_ud1	289	82	8e74e7c3bfa49308
none_un1_dp0_ud1	290	11	f3de9b5877ac0d08
none_un1_dp0_ud1	291	83	6d27bed879dc7102
none_un1_dp0_ud1	292	2	a0e08f9da8d4ad1f
none_un1_dp0_ud1	293	35	3b52ca6c0a280b16
none_un1_dp0_ud1	294	2	e92aa8fb21e21ba4
none_un1_dp0_ud1	295	2	4a67014b88e42019
none_un1_dp0_ud1	296	36	59f8df02cab937cc
none_un1_dp0_ud1	297	6	806b830bfa5ee806
none_un1_dp0_ud1	298	11	90ae7599214a3aa3
none_un1_dp0_ud1	299	83	ac15b2f39965e787
none_un1_dp0_ud1	300	31	34c706a48d97ae56
none_un1_dp0_ud1	301	3	7ee06c10b69c983c
none_un1_dp0_ud1	302	2	d86e9b7a0a82223f
none_un1_dp0_ud1	303	2	9ffa96ea53f5d65f
none_un1_dp0_ud1	304	37	975cd4b93ad3d029
none_un1_dp0_ud1	305	208	e6456112e57a0bf6
none_un1_dp0_ud1	306	11	ae2117fa82e549ab
none_un1_dp0_ud1	307	31	259446281e2f3711
none_un1_dp0_ud1	308	208	44a9f896c18b9bf4
none_un1_dp0_ud1	309	3	5cfa33958ecdf350
none_un1_dp0_ud1	310	207	5b6f8433136d5a72
none_un1_dp0_ud1	311	3	a9c08f8c8fbe7b7a
none_un1_dp0_ud1	312	31	25b783e7c1e0dcb6
none_un1_dp0_ud1	313	217	3831297aa8a00b57
none_un1_dp0_ud1	314	211	801e6bb7e6657577
none_un1_dp0_ud1	315	6	53a180b826eba42b
none_un1_dp0_ud1	316	216	4582e65128b73ef3
none_un1_dp0_ud1	317	212	1f64c0c778238685
none_un1_dp0_ud1	318	85	ecf2f5fedd6381fb
none_un1_dp0_ud1	319	6	0f3078df9ed71dd0
none_un1_dp0_ud1	320	85	2a960a0d951debf8
none_un1_dp0_ud1	321	7	97458e0ddb328b7e
none_un1_dp0_ud1	322	6	c5fc25c3bd920e96
none_un1_dp0_ud1	323	6	cd09f11ff3c07725
none_un1_dp0_ud1	324	86	3ff8c92a1ea80200
none_un1_dp0_ud1	325	220	e17af73c10692696
none_un1_dp0_ud1	326	11	bcd4183d02cb0563
none_un1_dp0_ud1	327	31	1f5068ae6f582440
none_un1_dp0_ud1	328	11	cde78583cddd1571
none_un1_dp0_ud1	329	2	a45aebe53f6c2864
none_un1_dp0_ud1	330	212	c1926c9e30decb89
none_un1_dp0_ud1	331	6	d79f642e5e915dcb
none_un1_dp0_ud1	332	13	a9fda69ba5eedc2e
none_un1_dp0_ud1	333	11	b33e1a1c18b0ede6
none_un1_dp0_ud1	334	3	f6c74b4c040ad3f8
none_un1_dp0_ud1	335	34	ad8be1605b6fb289
none_un1_dp0_ud1	336	6	e5ac34f092a333c1
none_un1_dp0_ud1	337	11	9c427b0c80fa0e0d
none_un1_dp0_ud1	338	2	fff507f48f450cc2
none_un1_dp0_ud1	339	2	8b28c6538413ee55
none_un1_dp0_ud1	340	11	a36e26100de424ca
none_un1_dp0_ud1	341	3	e4d8b755b32875ba
none_un1_dp0_ud1	342	2	585dc3e49905c661
none_un1_dp0_ud1	343	2	28a11183598e5824
none_un1_dp0_ud1	344	3	998edbd3e3c0852d
none_un1_dp0_ud1	345	31	29948644ef2d7f10
none_un1_dp0_ud1	346	6	07b8b47e4f6fde7a
none_un1_dp0_ud1	347	15	c7f2af2f943bedb8
none_un1_dp0_ud1	348	11	75bf41aeb0677853
none_un1_dp0_ud1	349	214	900b6d3ea88728d4
none_un1_dp0_ud1	350	35	de66e263247080e6
none_un1_dp0_ud1	351	212	82f35e58db57ad75
none_un1_dp0_ud1	352	11	a1c30839a1c2a2d2
none_un1_dp0_ud1	353	83	bc412a164a073cb2
none_un1_dp0_ud1	354	213	6d58c9c22d175cdf
none_un1_dp0_ud1	355	85	5717030b506affbd
none_un1_dp0_ud1	356	2	fd20bd056e0c46a4
none_un1_dp0_ud1	357	205	b1db6bcd9b66c91a
none_un1_dp0_ud1	358	2	32c4420f50182d9b
none_un1_dp0_ud1	359	12	7ed4a4babae568f1
none_un1_dp0_ud1	360	212	92c2cfb49a8f06cf
none_un1_dp0_ud1	361	6	aa7c864b6a779ca9
none_un1_dp0_ud1	362	211	44a3ff87e63f09af
none_un1_dp0_ud1	363	12	6f53465f3ba460ec
none_un1_dp0_ud1	364	2	3322804f769107bc
none_un1_dp0_ud1	365	82	f1c2ead258923391
none_un1_dp0_ud1	366	3	76f5bd7c590e252c
none_un1_dp0_ud1	367	11	a1214ca1901ff8fa
none_un1_dp0_ud1	368	6	19466466f3ca4d66
none_un1_dp0_ud1	369	6	1d0076f83333c40d
none_un1_dp0_ud1	370	3	4d4c4fd84fe71a4f
none_un1_dp0_ud1	371	2	5acc42448f3a7df6
none_un1_dp0_ud1	372	31	4b1b0d24a4b4c187
none_un1_dp0_ud1	373	32	ef2a5d6378922578
none_un1_dp0_ud1	374	213	6c2afa3685add6cc
none_un1_dp0_ud1	375	217	77e8f6a24dde8891
none_un1_dp0_ud1	376	85	3ec201fd81b3ef9d
none_un1_dp0_ud1	377	2	f23bb38d32758f79
none_un1_dp0_ud1	378	82	fdd4ecb7fc7e5b8b
none_un1_dp0_ud1	379	210	f164a0570b095128
none_un1_dp0_ud1	380	206	5df6c1b821922364
none_un1_dp0_ud1	381	3	73adcfaf266b2036
none_un1_dp0_ud1	382	224	b055a76cad49887f
none_un1_dp0_ud1	383	11	e95847f37e4a6332
none_un1_dp0_ud1	384	32	3e5154825e97a306
none_un1_dp0_ud1	385	35	28a2d38ea8f96f91
none_un1_dp0_ud1	386	6	aab659e9440f4158
none_un1_dp0_ud1	387	11	3885576ccdd0e0a3
none_un1_dp0_ud1	388	2	164d0711da73b9ac
none_un1_dp0_ud1	389	218	7e218796178cfaa1
none_un1_dp0_ud1	390	89	f2bdc1f87bf125a1
none_un1_dp0_ud1	391	11	c2a61aadef1c8e2a
none_un1_dp0_ud1	392	2	544186fb653549de
none_un1_dp0_ud1	393	84	4b3946d1bdda01b5
none_un1_dp0_ud1	394	2	7b54cc189836e996
none_un1_dp0_ud1	395	11	182ad94d63779fc4
none_un1_dp0_ud1	396	32	18bb4e74426ca971
none_un1_dp0_ud1	397	3	8ca2f83ef350d7dc
none_un1_dp0_ud1	398	3	341f85f6c394ebae
none_un1_dp0_ud1	399	84	9dd741a3bac13c9d
discard_un0_dp1_ud0	0	148	fa0367c79d3ace2c
discard_un0_dp1_ud0	1	3	a4a8d635a6bd3203
discard_un0_dp1_ud0	2	136	020e4996c64b4559
discard_un0_dp1_ud0	3	1	fd7eb19d87bdb145
discard_un0_dp1_ud0	4	57	4a1aafb53b0846eb
discard_un0_dp1_ud0	5	10	34afe5cae68b0ba5
discard_un0_dp1_ud0	6	2	3a25daa9a10d2b61
discard_un0_dp1_ud0	7	58	4d156cc305e97b33
discard_un0_dp1_ud0	8	4	67bdd814412f1dde
discard_un0_dp1_ud0	9	3	7093f70a2a4688d0
discard_un0_dp1_ud0	10	142	17760eb599b14767
discard_un0_dp1_ud0	11	9	4db4143512517b6b
discard_un0_dp1_ud0	12	1	650e3e7399c36e01
discard_un0_dp1_ud0	13	7	2efe4b2c40fe14bb
discard_un0_dp1_ud0	14	22	cd670546c22702d7
discard_un0_dp1_ud0	15	138	cf0492234d592c26
discard_un0_dp1_ud0	16	5	e42cb7059414cd8c
discard_un0_dp1_ud0	17	2	5dea7bc0142c7c9c
discard_un0_dp1_ud0	18	5	487b934176ac0550
discard_un0_dp1_ud0	19	67	d3504f069d6abab6
discard_un0_dp1_ud0	20	144	1b5498630f427e75
discard_un0_dp1_ud0	21	23	cd4ddd2afec1e776
discard_un0_dp1_ud0	22	18	c19b6716d834ef1e
discard_un0_dp1_ud0	23	5	05335a03a058d403
discard_un0_dp1_ud0	24	18	dc7d46af00f61f5c
discard_un0_dp1_ud0	25	6	fcf8ea2c738bf0bb
discard_un0_dp1_ud0	26	145	38c953c0da8d75a0
discard_un0_dp1_ud0	27	2	d930a8388fecfd6c
discard_un0_dp1_ud0	28	143	ad413ea68edf994c
discard_un0_dp1_ud0	29	23	f6d332ef8e9aa8d2
discard_un0_dp1_ud0	30	7	f94d8d79306fabaf
discard_un0_dp1_ud0	31	4	f9996414777818ed
discard_un0_dp1_ud0	32	10	f191a51bbee1914d
discard_un0_dp1_ud0	33	3	cd4643ce0d7ef52f
discard_un0_dp1_ud0	34	62	e1acb9048d16322f
discard_un0_dp1_ud0	35	136	0b1c4f0ec9118855
discard_un0_dp1_ud0	36	2	bdf75673c2b7b9af
discard_un0_dp1_ud0	37	25	1557c6a79722ece9
discard_un0_dp1_ud0	38	18	6484981a03f87e2a
discard_un0_dp1_ud0	39	50	16e4c3e0440c67f0
discard_un0_dp1_ud0	40	2	af40cfe1ee643152
discard_un0_dp1_ud0	41	2	79cd6e5251694ba5
discard_un0_dp1_ud0	42	21	c543f43502cc9509
discard_un0_dp1_ud0	43	5	a5172c29fe09f2f5
discard_un0_dp1_ud0	44	23	59fc07f1243a1b34
discard_un0_dp1_ud0	45	3	c96a694de46626b9
discard_un0_dp1_ud0	46	58	c28d3797d77953bb
discard_un0_dp1_ud0	47	10	415511516fab9849
discard_un0_dp1_ud0	48	54	683b2a7813ac1f28
discard_un0_dp1_ud0	49	3	961410dbcb8aba28
discard_un0_dp1_ud0	50	63	8714a5c05540665b
discard_un0_dp1_ud0	51	2	3b3ad4084fecb045
discard_un0_dp1_ud0	52	4	8f37cc879e6f8592
discard_un0_dp1_ud0	53	27	037f5332be125312
discard_un0_dp1_ud0	54	23	22efec98bd55c204
discard_un0_dp1_ud0	55	2	ae7493fc3e487f8f
discard_un0_dp1_ud0	56	2	b840659fd1c80e1a
discard_un0_dp1_ud0	57	4	ab55322d27896d8b
discard_un0_dp1_ud0	58	69	6f909bdd1a1f55de
discard_un0_dp1_ud0	59	20	2fe3b658cd069beb
discard_un0_dp1_ud0	60	57	d247f2f9634fd5d0
discard_un0_dp1_ud0	61	3	42d3ba7856ba938f
discard_un0_dp1_ud0	62	138	a86fc96f4d2a63c5
discard_un0_dp1_ud0	63	134	c304ef635f96971f
discard_un0_dp1_ud0	64	24	b663ba929ad5796e
discard_un0_dp1_ud0	65	23	9b8b016e81db8ed7
discard_un0_dp1_ud0	66	5	38aa06f18167064e
discard_un0_dp1_ud0	67	2	ec68d3e3732336cc
discard_un0_dp1_ud0	68	10	53a1df00aef58ea5
discard_un0_dp1_ud0	69	144	c8f599578457e016
discard_un0_dp1_ud0	70	2	62767a9099eb7b5c
discard_un0_dp1_ud0	71	2	3c171071acbaa196
discard_un0_dp1_ud0	72	2	ab24dd8831df41c1
discard_un0_dp1_ud0	73	10	399f76c44387a134
discard_un0_dp1_ud0	74	138	26970c1685a27d25
discard_un0_dp1_ud0	75	20	4d536fbd4b55e2a0
discard_un0_dp1_ud0	76	13	f07beeb0b34a8cde
discard_un0_dp1_ud0	77	18	0deb29d614e89423
discard_un0_dp1_ud0	78	141	73b23769f5e3e878
discard_un0_dp1_ud0	79	11	c4d6297f78289176
discard_un0_dp1_ud0	80	62	d21d36522211655e
discard_un0_dp1_ud0	81	4	21cd00c134a171c2
discard_un0_dp1_ud0	82	58	c082a721eac9f229
discard_un0_dp1_ud0	83	137	0c2856f8801e35b3
discard_un0_dp1_ud0	84	149	99c00c80c65695d8
discard_un0_dp1_ud0	85	58	7d6e79b960c685ec
discard_un0_dp1_ud0	86	2	bf20e2803ad9a403
discard_un0_dp1_ud0	87	2	1b171a1f9329a579
discard_un0_dp1_ud0	88	1	db8949f62c2bf91e
discard_un0_dp1_ud0	89	2	13dc9fd5928491eb
discard_un0_dp1_ud0	90	2	dcdf70169f0a98c8
discard_un0_dp1_ud0	91	3	01ae6e117acd6e37
discard_un0_dp1_ud0	92	5	1c7feeb658982d9a
discard_un0_dp1_ud0	93	3	e1862e7d53e78bad
discard_un0_dp1_ud0	94	22	44901d04dc1e003d
discard_un0_dp1_ud0	95	2	7aad0b9e1226bef0
discard_un0_dp1_ud0	96	3	6dcbe1cf42f5ca02
discard_un0_dp1_ud0	97	19	9e355654785e0b76
discard_un0_dp1_ud0	98	6	e93d3ab1f7221b77
discard_un0_dp1_ud0	99	60	e599fcb544f2f605
discard_un0_dp1_ud0	100	23	410125c3585f389d
discard_un0_dp1_ud0	101	59	1674242469e55dd0
discard_un0_dp1_ud0	102	2	9381c1799561e673
discard_un0_dp1_ud0	103	4	ed7cde8bd442e515
discard_un0_dp1_ud0	104	2	773b5f0b66b030ba
discard_un0_dp1_ud0	105	147	a7607143033208b1
discard_un0_dp1_ud0	106	2	31250925694a9be5
discard_un0_dp1_ud0	107	2	111a8c670f1b7eb3
discard_un0_dp1_ud0	108	2	48f2d50e850d1972
discard_un0_dp1_ud0	109	24	a49269c6b9679776
discard_un0_dp1_ud0	110	2	56f2119843262bd8
discard_un0_dp1_ud0	111	2	d756fbc0a19f6f57
discard_un0_dp1_ud0	112	2	5d3ba4edb71b9695
discard_un0_dp1_ud0	113	147	b0c5be140adb9381
discard_un0_dp1_ud0	114	131	bb773d5ec9864e41
discard_un0_dp1_ud0	115	23	653470c157baca91
discard_un0_dp1_ud0	116	9	e1f81ca923135a74
discard_un0_dp1_ud0	117	3	b64c0d7d7ea7ea65
discard_un0_dp1_ud0	118	4	9fe40423ca5a4567
discard_un0_dp1_ud0	119	133	3ff463bd30ac7ad6
discard_un0_dp1_ud0	120	3	64560fb0530e8537
discard_un0_dp1_ud0	121	4	7ce3e99bb3dadcf3
discard_un0_dp1_ud0	122	5	5337ddc40f6d64e1
discard_un0_dp1_ud0	123	2	ef5225248d173fa3
discard_un0_dp1_ud0	124	3	4b6376bf607b3594
discard_un0_dp1_ud0	125	2	5c3c0951b23679f5
discard_un0_dp1_ud0	126	12	214cb40db3a8f930
discard_un0_dp1_ud0	127	6	2dd3e459c8591b41
discard_un0_dp1_ud0	128	2	63088dade7e2c78b
discard_un0_dp1_ud0	129	145	d12433fde9ba2a90
discard_un0_dp1_ud0	130	56	b2f8a95197be51e8
discard_un0_dp1_ud0	131	136	e79ada377432d034
discard_un0_dp1_ud0	132	1	30edf852148dbe9a
discard_un0_dp1_ud0	133	2	a36e1b41011714ea
discard_un0_dp1_ud0	134	3	08c0f738a4247ef5
discard_un0_dp1_ud0	135	2	941e09cb949631cf
discard_un0_dp1_ud0	136	25	d3d1f91557d407b3
discard_un0_dp1_ud0	137	2	a16807fd85085096
discard_un0_dp1_ud0	138	2	d9ad519b8157fdde
discard_un0_dp1_ud0	139	58	02af8f591555b018
discard_un0_dp1_ud0	140	7	76143b16d7ef00e1
discard_un0_dp1_ud0	141	2	3ed2a5ee559b0584
discard_un0_dp1_ud0	142	2	222374bad4cb051d
discard_un0_dp1_ud0	143	2	e120c7dc005a72a2
discard_un0_dp1_ud0	144	3	0b018104431c67db
discard_un0_dp1_ud0	145	141	eb32386c250ba9ae
discard_un0_dp1_ud0	146	8	df94af3bf2212922
discard_un0_dp1_ud0	147	6	a0826ecd71eadba1
discard_un0_dp1_ud0	148	20	3904f72adea5c2c8
discard_un0_dp1_ud0	149	3	dd79dcf066be6ccc
discard_un0_dp1_ud0	150	9	2c2dbaa23400915f
discard_un0_dp1_ud0	151	8	c12d0c207dc4e3d0
discard_un0_dp1_ud0	152	137	c1480f7f23c39b63
discard_un0_dp1_ud0	153	146	3ab9edfafa2773d9
discard_un0_dp1_ud0	154	51	1c4de109c32e0cc1
discard_un0_dp1_ud0	155	5	9a0a173078bcb4e6
discard_un0_dp1_ud0	156	9	0976785645e644e4
discard_un0_dp1_ud0	157	2	0817b18e57d4b4ac
discard_un0_dp1_ud0	158	54	b6fc281aeac10818
discard_un0_dp1_ud0	159	3	e04ae1029f20c2c1
discard_un0_dp1_ud0	160	1	1a88677fbca4aa25
discard_un0_dp1_ud0	161	63	ad6d8ed53d9448dd
discard_un0_dp1_ud0	162	138	2e3b6182fd6e966e
discard_un0_dp1_ud0	163	148	354b743fa19809ca
discard_un0_dp1_ud0	164	4	ee9c7dffe47c1751
discard_un0_dp1_ud0	165	52	246f2d1c505478f7
discard_un0_dp1_ud0	166	57	5f3a74e292205f43
discard_un0_dp1_ud0	167	4	cd150f8676787289
discard_un0_dp1_ud0	168	4	915ed96043bb354f
discard_un0_dp1_ud0	169	3	686074a5510e2546
discard_un0_dp1_ud0	170	9	2b34907676a8c2a7
discard_un0_dp1_ud0	171	2	48d89eea8bef88cc
discard_un0_dp1_ud0	172	2	8c8ae7020cbb4c49
discard_un0_dp1_ud0	173	62	688214dfd40be8d7
discard_un0_dp1_ud0	174	19	f88661a481abc240
discard_un0_dp1_ud0	175	21	6faf3d0127c68786
discard_un0_dp1_ud0	176	2	a2759bcf314f0f24
discard_un0_dp1_ud0	177	1	882a78053a3b54b1
discard_un0_dp1_ud0	178	137	17bb20bee8b31264
discard_un0_dp1_ud0	179	22	34540a64ca794810
discard_un0_dp1_ud0	180	2	4e42d7ec03f8ebe6
discard_un0_dp1_ud0	181	4	31005461bba5b332
discard_un0_dp1_ud0	182	2	3bcd136472d8ebbf
discard_un0_dp1_ud0	183	7	670e93596cc48a17
discard_un0_dp1_ud0	184	26	b9326aa29a8eb697
discard_un0_dp1_ud0	185	4	1c9f7153558062a0
discard_un0_dp1_ud0	186	3	f4e36ce22dcd03cc
discard_un0_dp1_ud0	187	7	c4f1ae2e0f41d2ea
discard_un0_dp1_ud0	188	5	2efc6374a99facf5
discard_un0_dp1_ud0	189	8	913d70c49e9881d9
discard_un0_dp1_ud0	190	4	55797a58230b2ee0
discard_un0_dp1_ud0	191	2	653cbfa4e25966ef
discard_un0_dp1_ud0	192	1	6b72b37aa2a1e3a0
discard_un0_dp1_ud0	193	2	58c45d16565eb0d0
discard_un0_dp1_ud0	194	6	68d93a49da8467a6
discard_un0_dp1_ud0	195	9	1efc19155ec53f43
discard_un0_dp1_ud0	196	27	df9aa4c593c39ba0
discard_un0_dp1_ud0	197	53	9eb6bb982cf0f3f7
discard_un0_dp1_ud0	198	147	f4e6d75716f129fe
discard_un0_dp1_ud0	199	51	5cb64e0987f5bb6d
discard_un0_dp1_ud0	200	22	a4150abd8163491c
discard_un0_dp1_ud0	201	62	b0f403bc27941ffd
discard_un0_dp1_ud0	202	22	e58496a5c6e3d102
discard_un0_dp1_ud0	203	149	8b8a56175d437cac
discard_un0_dp1_ud0	204	145	5419e11b920e12c4
discard_un0_dp1_ud0	205	51	35168ccc1d6831a5
discard_un0_dp1_ud0	206	3	a081e17343101e56
discard_un0_dp1_ud0	207	2	03bd747c6229706a
discard_un0_dp1_ud0	208	19	feaaa53bee710928
discard_un0_dp1_ud0	209	6	91bc0c85320d0e87
discard_un0_dp1_ud0	210	143	d8a74838a1651b8c
discard_un0_dp1_ud0	211	67	2b89c32da6a2e2d7
discard_un0_dp1_ud0	212	5	b4be965f0ea3c7f1
discard_un0_dp1_ud0	213	8	f97d4eb1102df81c
discard_un0_dp1_ud0	214	56	77fbc08ee5fd3d82
discard_un0_dp1_ud0	215	2	0b1d3a222247d3ee
discard_un0_dp1_ud0	216	3	72ba45154468a49e
discard_un0_dp1_ud0	217	148	6cf6d1b1f0cfd1fe
discard_un0_dp1_ud0	218	3	39b47d1f935ab50e
discard_un0_dp1_ud0	219	26	85c9c38e20a87425
discard_un0_dp1_ud0	220	63	f383266ceea5925a
discard_un0_dp1_ud0	221	30	ac380816d475c64e
discard_un0_dp1_ud0	222	145	d84d9f77f99055cf
discard_un0_dp1_ud0	223	2	68416f9a82cbadaa
discard_un0_dp1_ud0	224	57	2a45a60d0467e434
discard_un0_dp1_ud0	225	144	a15274f77468ad35
discard_un0_dp1_ud0	226	26	7aea952ddf14a47f
discard_un0_dp1_ud0	227	142	67292777ba789232
discard_un0_dp1_ud0	228	2	1ed62d452c06032d
discard_un0_dp1_ud0	229	12	6093147242f47eb1
discard_un0_dp1_ud0	230	59	31c6c28d6bea0dcc
discard_un0_dp1_ud0	231	2	4b87cb766e6c2d59
discard_un0_dp1_ud0	232	5	08b8d6aee55ba13c
discard_un0_dp1_ud0	233	5	0d3e65144ef91ca5
discard_un0_dp1_ud0	234	24	04a21528988f2bb4
discard_un0_dp1_ud0	235	3	2a0fd66904abc7c8
discard_un0_dp1_ud0	236	4	9622c2ba2249aa1b
discard_un0_dp1_ud0	237	2	e7f3ccc34d695499
discard_un0_dp1_ud0	238	134	0c46e16c60c09563
discard_un0_dp1_ud0	239	2	51440365f7228782
discard_un0_dp1_ud0	240	53	2525f7235500291e
discard_un0_dp1_ud0	241	5	2935f8374ffedeb7
discard_un0_dp1_ud0	242	2	e0cb733b7977396e
discard_un0_dp1_ud0	243	65	855c2511c7cd2d46
discard_un0_dp1_ud0	244	10	34af50882703447e
discard_un0_dp1_ud0	245	134	5a05470b53285ad6
discard_un0_dp1_ud0	246	54	25acb232ff60eb5a
discard_un0_dp1_ud0	247	19	40ac85f7708f8b9f
discard_un0_dp1_ud0	248	21	d788e2528dc145ce
discard_un0_dp1_ud0	249	64	8c49a20930f79f5a
discard_un0_dp1_ud0	250	10	29a6fd35e38dd258
discard_un0_dp1_ud0	251	142	dd04dd60f944c6ba
discard_un0_dp1_ud0	252	8	c4bf0066ae3ed625
discard_un0_dp1_ud0	253	155	020b1c736ab56f52
discard_un0_dp1_ud0	254	9	794ab559869ebf4f
discard_un0_dp1_ud0	255	3	934d324711f9585b
discard_un0_dp1_ud0	256	52	db9ca412e6926789
discard_un0_dp1_ud0	257	57	63bbf051ea8f85e1
discard_un0_dp1_ud0	258	58	c36a6ce59f4e77f1
discard_un0_dp1_ud0	259	137	a53a974007b446b8
discard_un0_dp1_ud0	260	23	fb5bd6f21ed4968e
discard_un0_dp1_ud0	261	2	924504afcda1cfd2
discard_un0_dp1_ud0	262	59	f1ca195dc001ed21
discard_un0_dp1_ud0	263	2	05c83f34919bd568
discard_un0_dp1_ud0	264	2	f29257b6bf7a4c6d
discard_un0_dp1_ud0	265	3	224de7e355dc79ca
discard_un0_dp1_ud0	266	61	3945a35cfd0392af
discard_un0_dp1_ud0	267	131	5bcfd53df0796cd0
discard_un0_dp1_ud0	268	16	448e88025fb7e6bb
discard_un0_dp1_ud0	269	59	3e8a23d66232bb4a
discard_un0_dp1_ud0	270	5	99be24770957133d
discard_un0_dp1_ud0	271	19	fe29b1ad562f3afe
discard_un0_dp1_ud0	272	6	6f919b95e8983386
discard_un0_dp1_ud0	273	3	7e8b3bc6e0ff49f7
discard_un0_dp1_ud0	274	4	493016d30db2cc4a
discard_un0_dp1_ud0	275	2	a5a6c52ac89a2e26
discard_un0_dp1_ud0	276	22	2f950323de1686da
discard_un0_dp1_ud0	277	1	2ddd594f75bc7a04
discard_un0_dp1_ud0	278	145	d4bab6f84336cc1a
discard_un0_dp1_ud0	279	8	0a080c0384fbc2c3
discard_un0_dp1_ud0	280	4	aa6e320823fcf0e5
discard_un0_dp1_ud0	281	2	a94a05f30f6f505b
discard_un0_dp1_ud0	282	6	87834cd6318c0abc
discard_un0_dp1_ud0	283	6	1e6becef23f1e4cd
discard_un0_dp1_ud0	284	21	6eb83ff5e434d3bb
discard_un0_dp1_ud0	285	136	b760137b51cbeabf
discard_un0_dp1_ud0	286	8	e9d299593dd18b95
discard_un0_dp1_ud0	287	2	4512339cf40b5163
discard_un0_dp1_ud0	288	23	43c1bb748a49035e
discard_un0_dp1_ud0	289	56	07ebb4280283d548
discard_un0_dp1_ud0	290	6	2571846923378c8e
discard_un0_dp1_ud0	291	58	cfa34ab8614b7511
discard_un0_dp1_ud0	292	2	0a207cc2286b47b9
discard_un0_dp1_ud0	293	22	b8d7b702ba1104b8
discard_un0_dp1_ud0	294	2	e92aa8fb21e21ba4
discard_un0_dp1_ud0	295	3	ffb1d7bc4a7f1eb7
discard_un0_dp1_ud0	296	21	b0317602e87ecaf7
discard_un0_dp1_ud0	297	5	44041a7814c6ed16
discard_un0_dp1_ud0	298	8	06dc63c8ef437398
discard_un0_dp1_ud0	299	49	18c830fd830ba429
discard_un0_dp1_ud0	300	19	f554c27302aa2887
discard_un0_dp1_ud0	301	2	a897b29e1f3cb5ab
discard_un0_dp1_ud0	302	2	d86e9b7a0a82223f
discard_un0_dp1_ud0	303	2	9ffa96ea53f5d65f
discard_un0_dp1_ud0	304	23	a522f9c3723d6338
discard_un0_dp1_ud0	305	142	df90d1a7c8364ac9
discard_un0_dp1_ud0	306	8	4424b92581b1c564
discard_un0_dp1_ud0	307	19	57433608f7db00fd
discard_un0_dp1_ud0	308	139	bfbb3e836f492af6
discard_un0_dp1_ud0	309	1	d768b68099eade96
discard_un0_dp1_ud0	310	137	c2a7e68aeddfdee9
discard_un0_dp1_ud0	311	3	a9c08f8c8fbe7b7a
discard_un0_dp1_ud0	312	21	6b81bc2bce799f10
discard_un0_dp1_ud0	313	137	2a8fe3035954f0be
discard_un0_dp1_ud0	314	132	a5c7536065e5e13d
discard_un0_dp1_ud0	315	4	b47ff0c8de71b612
discard_un0_dp1_ud0	316	139	6f9a5f62afff0570
discard_un0_dp1_ud0	317	136	9dfa7f06170b8912
discard_un0_dp1_ud0	318	59	03e54f1e14ca3713
discard_un0_dp1_ud0	319	4	48a062b0138b0f26
discard_un0_dp1_ud0	320	59	b39f672d6d7f8b3e
discard_un0_dp1_ud0	321	6	53076c4ad9635ee3
discard_un0_dp1_ud0	322	4	5137eb0456042c35
discard_un0_dp1_ud0	323	5	46f832671e6be81c
discard_un0_dp1_ud0	324	57	6407a3d6bbf68fb0
discard_un0_dp1_ud0	325	155	1330932a21f79fa3
discard_un0_dp1_ud0	326	9	2622ae69ba85f33c
discard_un0_dp1_ud0	327	20	a292a7be53c45d4e
discard_un0_dp1_ud0	328	5	2fae1ee4d46126b4
discard_un0_dp1_ud0	329	2	a6bb84b7a575f8ec
discard_un0_dp1_ud0	330	141	c05eb56f965a2b17
discard_un0_dp1_ud0	331	6	6106de746f210c0d
discard_un0_dp1_ud0	332	12	ab70da9ccbae8437
discard_un0_dp1_ud0	333	10	3df81dc05cc0d8e3
discard_un0_dp1_ud0	334	4	3359b1e46f33c835
discard_un0_dp1_ud0	335	26	c9fc4a8ed096bf52
discard_un0_dp1_ud0	336	6	1e317ebcdbe551c5
discard_un0_dp1_ud0	337	7	d49c79172ea77fc4
discard_un0_dp1_ud0	338	2	52433b8379f9ccc2
discard_un0_dp1_ud0	339	2	d7cbbca2e0d29c5f
discard_un0_dp1_ud0	340	7	f61b0925c5d68178
discard_un0_dp1_ud0	341	3	1f3aa361034ebfba
discard_un0_dp1_ud0	342	2	585dc3e49905c661
discard_un0_dp1_ud0	343	2	28a11183598e5824
discard_un0_dp1_ud0	344	1	086bd518f6b8b79d
discard_un0_dp1_ud0	345	18	a98692b53ddac235
discard_un0_dp1_ud0	346	6	d76b0be5855094ec
discard_un0_dp1_ud0	347	11	d510f2c540c468ca
discard_un0_dp1_ud0	348	5	f031ac6950088d80
discard_un0_dp1_ud0	349	148	0f0ff82dfa59764b
discard_un0_dp1_ud0	350	23	962ffb1c609e7f46
discard_un0_dp1_ud0	351	135	9d0b9558dbe8503b
discard_un0_dp1_ud0	352	9	eff678421769f714
discard_un0_dp1_ud0	353	58	717a01b948f173b0
discard_un0_dp1_ud0	354	139	700e36a7ae9e4ec6
discard_un0_dp1_ud0	355	58	68c30effa33a5af9
discard_un0_dp1_ud0	356	2	fd20bd056e0c46a4
discard_un0_dp1_ud0	357	141	c9c3beda1affed3f
discard_un0_dp1_ud0	358	2	32c4420f50182d9b
discard_un0_dp1_ud0	359	10	febc747f398d036a
discard_un0_dp1_ud0	360	137	9c9e53b9f35cf0b8
discard_un0_dp1_ud0	361	5	4c862c1bd8a5a450
discard_un0_dp1_ud0	362	127	ef3f03ac3530a08d
discard_un0_dp1_ud0	363	5	e07d509b4206e920
discard_un0_dp1_ud0	364	2	3322804f769107bc
discard_un0_dp1_ud0	365	61	cd50fbdc37128081
discard_un0_dp1_ud0	366	2	74b2f15853d403ad
discard_un0_dp1_ud0	367	6	cf174ba6543f265b
discard_un0_dp1_ud0	368	4	5e04d8159b8494d8
discard_un0_dp1_ud0	369	4	78d378e2e290bba2
discard_un0_dp1_ud0	370	3	ebd961710316a4e5
discard_un0_dp1_ud0	371	2	5acc42448f3a7df6
discard_un0_dp1_ud0	372	19	a494db22f0faa7ea
discard_un0_dp1_ud0	373	27	9330ab8ed6ae6aca
discard_un0_dp1_ud0	374	134	f12abef1860b2a56
discard_un0_dp1_ud0	375	143	260e92f441862c3f
discard_un0_dp1_ud0	376	58	ea09b42b24a0b499
discard_un0_dp1_ud0	377	1	9efb220ab1756c9b
discard_un0_dp1_ud0	378	65	346f78f3a4b5bdfc
discard_un0_dp1_ud0	379	160	bba0da7c52218d83
discard_un0_dp1_ud0	380	157	9093adf20b7844a2
discard_un0_dp1_ud0	381	2	0737efd232706575
discard_un0_dp1_ud0	382	137	c384828db4c39ac3
discard_un0_dp1_ud0	383	7	949719fd8505d430
discard_un0_dp1_ud0	384	25	47d2eb91248fc83f
discard_un0_dp1_ud0	385	25	28ed43d44950f8b6
discard_un0_dp1_ud0	386	3	cf1550a9bbb1fef1
discard_un0_dp1_ud0	387	7	a4b63e88af6f3bd7
discard_un0_dp1_ud0	388	2	aa1e60ba1401abea
discard_un0_dp1_ud0	389	159	9ab33dd6d85c11ff
discard_un0_dp1_ud0	390	57	5b12fb1277aa6273
discard_un0_dp1_ud0	391	7	e5548f54f91d3609
discard_un0_dp1_ud0	392	1	02af48d37eaa75de
discard_un0_dp1_ud0	393	58	0f786aa935ae2efa
discard_un0_dp1_ud0	394	2	afc759b4113c25e6
discard_un0_dp1_ud0	395	7	04919ff7d9b632d0
discard_un0_dp1_ud0	396	23	a303c55f0d36a058
discard_un0_dp1_ud0	397	2	3e546b7553d13d25
discard_un0_dp1_ud0	398	2	aaed56b482f98c50
discard_un0_dp1_ud0	399	63	42b21fe6df74d351
discard_un0_dp1_ud1	0	148	fa0367c79d3ace2c
discard_un0_dp1_ud1	1	3	a4a8d635a6bd3203
discard_un0_dp1_ud1	2	136	020e4996c64b4559
discard_un0_dp1_ud1	3	1	fd7eb19d87bdb145
discard_un0_dp1_ud1	4	57	4a1aafb53b0846eb
discard_un0_dp1_ud1	5	10	34afe5cae68b0ba5
discard_un0_dp1_ud1	6	2	3a25daa9a10d2b61
discard_un0_dp1_ud1	7	58	4d156cc305e97b33
discard_un0_dp1_ud1	8	4	67bdd814412f1dde
discard_un0_dp1_ud1	9	3	7093f70a2a4688d0
discard_un0_dp1_ud1	10	142	17760eb599b14767
discard_un0_dp1_ud1	11	9	4db4143512517b6b
discard_un0_dp1_ud1	12	1	650e3e7399c36e01
discard_un0_dp1_ud1	13	7	2efe4b2c40fe14bb
discard_un0_dp1_ud1	14	22	cd670546c22702d7
discard_un0_dp1_ud1	15	138	c597592ca44cd9f1
discard_un0_dp1_ud1	16	5	e42cb7059414cd8c
discard_un0_dp1_ud1	17	2	5dea7bc0142c7c9c
discard_un0_dp1_ud1	18	5	487b934176ac0550
discard_un0_dp1_ud1	19	67	d3504f069d6abab6
discard_un0_dp1_ud1	20	144	aa368c5f40d9c99f
discard_un0_dp1_ud1	21	23	7b44e6b2d2de0d26
discard_un0_dp1_ud1	22	18	c19b6716d834ef1e
discard_un0_dp1_ud1	23	5	05335a03a058d403
discard_un0_dp1_ud1	24	18	dc7d46af00f61f5c
discard_un0_dp1_ud1	25	6	fcf8ea2c738bf0bb
discard_un0_dp1_ud1	26	145	38c953c0da8d75a0
discard_un0_dp1_ud1	27	2	d930a8388fecfd6c
discard_un0_dp1_ud1	28	143	d1d5681c108fefa4
discard_un0_dp1_ud1	29	23	f6d332ef8e9aa8d2
discard_un0_dp1_ud1	30	7	f94d8d79306fabaf
discard_un0_dp1_ud1	31	4	f9996414777818ed
discard_un0_dp1_ud1	32	10	f191a51bbee1914d
discard_un0_dp1_ud1	33	3	cd4643ce0d7ef52f
discard_un0_dp1_ud1	34	61	063c151899a1662c
discard_un0_dp1_ud1	35	136	a15861342f235f4d
discard_un0_dp1_ud1	36	2	bdf75673c2b7b9af
discard_un0_dp1_ud1	37	25	c50ad0ee2408b661
discard_un0_dp1_ud1	38	18	6484981a03f87e2a
discard_un0_dp1_ud1	39	50	16e4c3e0440c67f0
discard_un0_dp1_ud1	40	2	af40cfe1ee643152
discard_un0_dp1_ud1	41	2	79cd6e5251694ba5
discard_un0_dp1_ud1	42	21	c543f43502cc9509
discard_un0_dp1_ud1	43	5	a5172c29fe09f2f5
discard_un0_dp1_ud1	44	23	59fc07f1243a1b34
discard_un0_dp1_ud1	45	3	c96a694de46626b9
discard_un0_dp1_ud1	46	58	c28d3797d77953bb
discard_un0_dp1_ud1	47	10	415511516fab9849
discard_un0_dp1_ud1	48	54	683b2a7813ac1f28
discard_un0_dp1_ud1	49	3	961410dbcb8aba28
discard_un0_dp1_ud1	50	63	8714a5c05540665b
discard_un0_dp1_ud1	51	2	3b3ad4084fecb045
discard_un0_dp1_ud1	52	4	8f37cc879e6f8592
discard_un0_dp1_ud1	53	27	037f5332be125312
discard_un0_dp1_ud1	54	23	68ea37ba24c2f1f4
discard_un0_dp1_ud1	55	2	ae7493fc3e487f8f
discard_un0_dp1_ud1	56	2	b840659fd1c80e1a
discard_un0_dp1_ud1	57	4	ab55322d27896d8b
discard_un0_dp1_ud1	58	68	e4579e64df03002b
discard_un0_dp1_ud1	59	20	2fe3b658cd069beb
discard_un0_dp1_ud1	60	57	d247f2f9634fd5d0
discard_un0_dp1_ud1	61	3	42d3ba7856ba938f
discard_un0_dp1_ud1	62	138	a86fc96f4d2a63c5
discard_un0_dp1_ud1	63	134	c304ef635f96971f
discard_un0_dp1_ud1	64	24	b663ba929ad5796e
discard_un0_dp1_ud1	65	23	9b8b016e81db8ed7
discard_un0_dp1_ud1	66	5	38aa06f18167064e
discard_un0_dp1_ud1	67	2	ec68d3e3732336cc
discard_un0_dp1_ud1	68	10	a03c7f24dad0fd8d
discard_un0_dp1_ud1	69	144	c8f599578457e016
discard_un0_dp1_ud1	70	2	62767a9099eb7b5c
discard_un0_dp1_ud1	71	2	3c171071acbaa196
discard_un0_dp1_ud1	72	2	ab24dd8831df41c1
discard_un0_dp1_ud1	73	10	399f76c44387a134
discard_un0_dp1_ud1	74	138	26970c1685a27d25
discard_un0_dp1_ud1	75	20	4d536fbd4b55e2a0
discard_un0_dp1_ud1	76	13	f07beeb0b34a8cde
discard_un0_dp1_ud1	77	18	0deb29d614e89423
discard_un0_dp1_ud1	78	141	52c3479671667f84
discard_un0_dp1_ud1	79	11	c4d6297f78289176
discard_un0_dp1_ud1	80	61	97b57e51bcf0075a
discard_un0_dp1_ud1	81	4	21cd00c134a171c2
discard_un0_dp1_ud1	82	58	d852069974f82029
discard_un0_dp1_ud1	83	137	0c2856f8801e35b3
discard_un0_dp1_ud1	84	149	d9eb2a76cb118a70
discard_un0_dp1_ud1	85	58	5fb9f7564182a334
discard_un0_dp1_ud1	86	2	bf20e2803ad9a403
discard_un0_dp1_ud1	87	2	1b171a1f9329a579
discard_un0_dp1_ud1	88	1	db8949f62c2bf91e
discard_un0_dp1_ud1	89	2	13dc9fd5928491eb
discard_un0_dp1_ud1	90	2	dcdf70169f0a98c8
discard_un0_dp1_ud1	91	3	50a4311e91c6ecd5
discard_un0_dp1_ud1	92	5	1c7feeb658982d9a
discard_un0_dp1_ud1	93	3	e1862e7d53e78bad
discard_un0_dp1_ud1	94	22	44901d04dc1e003d
discard_un0_dp1_ud1	95	2	7aad0b9e1226bef0
discard_un0_dp1_ud1	96	3	6dcbe1cf42f5ca02
discard_un0_dp1_ud1	97	19	9e355654785e0b76
discard_un0_dp1_ud1	98	6	e93d3ab1f7221b77
discard_un0_dp1_ud1	99	60	e599fcb544f2f605
discard_un0_dp1_ud1	100	23	410125c3585f389d
discard_un0_dp1_ud1	101	59	1674242469e55dd0
discard_un0_dp1_ud1	102	2	9381c1799561e673
discard_un0_dp1_ud1	103	4	ed7cde8bd442e515
discard_un0_dp1_ud1	104	2	773b5f0b66b030ba
discard_un0_dp1_ud1	105	146	a49f12ac85afbd95
discard_un0_dp1_ud1	106	2	31250925694a9be5
discard_un0_dp1_ud1	107	2	111a8c670f1b7eb3
discard_un0_dp1_ud1	108	2	48f2d50e850d1972
discard_un0_dp1_ud1	109	24	a49269c6b9679776
discard_un0_dp1_ud1	110	2	56f2119843262bd8
discard_un0_dp1_ud1	111	2	d756fbc0a19f6f57
discard_un0_dp1_ud1	112	2	5d3ba4edb71b9695
discard_un0_dp1_ud1	113	146	f0bd74e604670a0c
discard_un0_dp1_ud1	114	131	d2a092a620dbe56d
discard_un0_dp1_ud1	115	23	653470c157baca91
discard_un0_dp1_ud1	116	9	e1f81ca923135a74
discard_un0_dp1_ud1	117	3	b64c0d7d7ea7ea65
discard_un0_dp1_ud1	118	4	9fe40423ca5a4567
discard_un0_dp1_ud1	119	132	a04b76cf83ff7fa3
discard_un0_dp1_ud1	120	3	64560fb0530e8537
discard_un0_dp1_ud1	121	4	7ce3e99bb3dadcf3
discard_un0_dp1_ud1	122	5	5337ddc40f6d64e1
discard_un0_dp1_ud1	123	2	ef5225248d173fa3
discard_un0_dp1_ud1	124	3	4b6376bf607b3594
discard_un0_dp1_ud1	125	2	5c3c0951b23679f5
discard_un0_dp1_ud1	126	12	214cb40db3a8f930
discard_un0_dp1_ud1	127	6	2dd3e459c8591b41
discard_un0_dp1_ud1	128	2	63088dade7e2c78b
discard_un0_dp1_ud1	129	145	18f47bacf9971388
discard_un0_dp1_ud1	130	56	b2f8a95197be51e8
discard_un0_dp1_ud1	131	136	1a07a7b241f121bc
discard_un0_dp1_ud1	132	1	30edf852148dbe9a
discard_un0_dp1_ud1	133	2	a36e1b41011714ea
discard_un0_dp1_ud1	134	3	08c0f738a4247ef5
discard_un0_dp1_ud1	135	2	941e09cb949631cf
discard_un0_dp1_ud1	136	25	93338ae9014d4acb
discard_un0_dp1_ud1	137	2	a16807fd85085096
discard_un0_dp1_ud1	138	2	d9ad519b8157fdde
discard_un0_dp1_ud1	139	58	6b87cb0b62c3c7ba
discard_un0_dp1_ud1	140	7	76143b16d7ef00e1
discard_un0_dp1_ud1	141	2	3ed2a5ee559b0584
discard_un0_dp1_ud1	142	2	222374bad4cb051d
discard_un0_dp1_ud1	143	2	e120c7dc005a72a2
discard_un0_dp1_ud1	144	3	0b018104431c67db
discard_un0_dp1_ud1	145	141	eb32386c250ba9ae
discard_un0_dp1_ud1	146	8	df94af3bf2212922
discard_un0_dp1_ud1	147	6	a0826ecd71eadba1
discard_un0_dp1_ud1	148	20	3904f72adea5c2c8
discard_un0_dp1_ud1	149	3	dd79dcf066be6ccc
discard_un0_dp1_ud1	150	9	2c2dbaa23400915f
discard_un0_dp1_ud1	151	8	c12d0c207dc4e3d0
discard_un0_dp1_ud1	152	137	c1480f7f23c39b63
discard_un0_dp1_ud1	153	146	577255cb0c424361
discard_un0_dp1_ud1	154	51	1c4de109c32e0cc1
discard_un0_dp1_ud1	155	5	9a0a173078bcb4e6
discard_un0_dp1_ud1	156	9	0976785645e644e4
discard_un0_dp1_ud1	157	2	0817b18e57d4b4ac
discard_un0_dp1_ud1	158	54	b6fc281aeac10818
discard_un0_dp1_ud1	159	3	e04ae1029f20c2c1
discard_un0_dp1_ud1	160	1	1a88677fbca4aa25
discard_un0_dp1_ud1	161	63	ad6d8ed53d9448dd
discard_un0_dp1_ud1	162	138	2e3b6182fd6e966e
discard_un0_dp1_ud1	163	147	9439a8530155f338
discard_un0_dp1_ud1	164	4	ee9c7dffe47c1751
discard_un0_dp1_ud1	165	51	acdccc4e2995e60d
discard_un0_dp1_ud1	166	57	5f3a74e292205f43
discard_un0_dp1_ud1	167	4	cd150f8676787289
discard_un0_dp1_ud1	168	4	915ed96043bb354f
discard_un0_dp1_ud1	169	3	686074a5510e2546
discard_un0_dp1_ud1	170	9	2b34907676a8c2a7
discard_un0_dp1_ud1	171	2	48d89eea8bef88cc
discard_un0_dp1_ud1	172	2	8c8ae7020cbb4c49
discard_un0_dp1_ud1	173	62	688214dfd40be8d7
discard_un0_dp1_ud1	174	19	f88661a481abc240
discard_un0_dp1_ud1	175	21	6faf3d0127c68786
discard_un0_dp1_ud1	176	2	a2759bcf314f0f24
discard_un0_dp1_ud1	177	1	882a78053a3b54b1
discard_un0_dp1_ud1	178	137	17bb20bee8b31264
discard_un0_dp1_ud1	179	22	34540a64ca794810
discard_un0_dp1_ud1	180	2	4e42d7ec03f8ebe6
discard_un0_dp1_ud1	181	4	31005461bba5b332
discard_un0_dp1_ud1	182	2	3bcd136472d8ebbf
discard_un0_dp1_ud1	183	7	670e93596cc48a17
discard_un0_dp1_ud1	184	26	b9326aa29a8eb697
discard_un0_dp1_ud1	185	4	1c9f7153558062a0
discard_un0_dp1_ud1	186	3	f4e36ce22dcd03cc
discard_un0_dp1_ud1	187	7	c4f1ae2e0f41d2ea
discard_un0_dp1_ud1	188	5	2efc6374a99facf5
discard_un0_dp1_ud1	189	8	913d70c49e9881d9
discard_un0_dp1_ud1	190	4	55797a58230b2ee0
discard_un0_dp1_ud1	191	2	653cbfa4e25966ef
discard_un0_dp1_ud1	192	1	6b72b37aa2a1e3a0
discard_un0_dp1_ud1	193	2	58c45d16565eb0d0
discard_un0_dp1_ud1	194	6	68d93a49da8467a6
discard_un0_dp1_ud1	195	9	1938cc3c3ef83b4b
discard_un0_dp1_ud1	196	27	df9aa4c593c39ba0
discard_un0_dp1_ud1	197	53	9eb6bb982cf0f3f7
discard_un0_dp1_ud1	198	145	bbf8d777f556e2d5
discard_un0_dp1_ud1	199	51	5cb64e0987f5bb6d
discard_un0_dp1_ud1	200	22	49f17a55b84cddf6
discard_un0_dp1_ud1	201	62	b0f403bc27941ffd
discard_un0_dp1_ud1	202	22	e58496a5c6e3d102
discard_un0_dp1_ud1	203	149	8b8a56175d437cac
discard_un0_dp1_ud1	204	145	5419e11b920e12c4
discard_un0_dp1_ud1	205	51	35168ccc1d6831a5
discard_un0_dp1_ud1	206	3	a081e17343101e56
discard_un0_dp1_ud1	207	2	03bd747c6229706a
discard_un0_dp1_ud1	208	19	feaaa53bee710928
discard_un0_dp1_ud1	209	6	91bc0c85320d0e87
discard_un0_dp1_ud1	210	142	3292f92ece233d3f
discard_un0_dp1_ud1	211	67	2b89c32da6a2e2d7
discard_un0_dp1_ud1	212	5	b4be965f0ea3c7f1
discard_un0_dp1_ud1	213	8	f97d4eb1102df81c
discard_un0_dp1_ud1	214	56	77fbc08ee5fd3d82
discard_un0_dp1_ud1	215	2	0b1d3a222247d3ee
discard_un0_dp1_ud1	216	3	72ba45154468a49e
discard_un0_dp1_ud1	217	148	a0b081186f952028
discard_un0_dp1_ud1	218	3	39b47d1f935ab50e
discard_un0_dp1_ud1	219	26	85c9c38e20a87425
discard_un0_dp1_ud1	220	63	f383266ceea5925a
discard_un0_dp1_ud1	221	30	170473356a33ef56
discard_un0_dp1_ud1	222	142	fc8a9fe226c3526f
discard_un0_dp1_ud1	223	2	68416f9a82cbadaa
discard_un0_dp1_ud1	224	57	2a45a60d0467e434
discard_un0_dp1_ud1	225	144	1aba498a8653e9f1
discard_un0_dp1_ud1	226	26	83e630e6835efd53
discard_un0_dp1_ud1	227	142	20693bd0d5b2073a
discard_un0_dp1_ud1	228	2	1ed62d452c06032d
discard_un0_dp1_ud1	229	12	6093147242f47eb1
discard_un0_dp1_ud1	230	59	31c6c28d6bea0dcc
discard_un0_dp1_ud1	231	2	4b87cb766e6c2d59
discard_un0_dp1_ud1	232	5	08b8d6aee55ba13c
discard_un0_dp1_ud1	233	5	0d3e65144ef91ca5
discard_un0_dp1_ud1	234	24	04a21528988f2bb4
discard_un0_dp1_ud1	235	3	2a0fd66904abc7c8
discard_un0_dp1_ud1	236	4	9622c2ba2249aa1b
discard_un0_dp1_ud1	237	2	e7f3ccc34d695499
discard_un0_dp1_ud1	238	134	0c46e16c60c09563
discard_un0_dp1_ud1	239	2	51440365f7228782
discard_un0_dp1_ud1	240	53	2525f7235500291e
discard_un0_dp1_ud1	241	5	2935f8374ffedeb7
discard_un0_dp1_ud1	242	2	e0cb733b7977396e
discard_un0_dp1_ud1	243	65	855c2511c7cd2d46
discard_un0_dp1_ud1	244	10	34af50882703447e
discard_un0_dp1_ud1	245	134	ee947d4b9e5bb474
discard_un0_dp1_ud1	246	54	00b2aef280ff0472
discard_un0_dp1_ud1	247	19	40ac85f7708f8b9f
discard_un0_dp1_ud1	248	21	d788e2528dc145ce
discard_un0_dp1_ud1	249	64	8c49a20930f79f5a
discard_un0_dp1_ud1	250	10	29a6fd35e38dd258
discard_un0_dp1_ud1	251	141	46b76f1e06b89fcb
discard_un0_dp1_ud1	252	8	c4bf0066ae3ed625
discard_un0_dp1_ud1	253	154	54839a9e2b8f30ba
discard_un0_dp1_ud1	254	9	794ab559869ebf4f
discard_un0_dp1_ud1	255	3	934d324711f9585b
discard_un0_dp1_ud1	256	52	db9ca412e6926789
discard_un0_dp1_ud1	257	57	63bbf051ea8f85e1
discard_un0_dp1_ud1	258	58	c36a6ce59f4e77f1
discard_un0_dp1_ud1	259	137	a53a974007b446b8
discard_un0_dp1_ud1	260	23	fb5bd6f21ed4968e
discard_un0_dp1_ud1	261	2	924504afcda1cfd2
discard_un0_dp1_ud1	262	59	8e0ec5956597d949
discard_un0_dp1_ud1	263	2	05c83f34919bd568
discard_un0_dp1_ud1	264	2	f29257b6bf7a4c6d
discard_un0_dp1_ud1	265	2	f860f25b5dfae3df
discard_un0_dp1_ud1	266	61	138effc4cb9c3b4f
discard_un0_dp1_ud1	267	131	da79d639f2b68610
discard_un0_dp1_ud1	268	16	448e88025fb7e6bb
discard_un0_dp1_ud1	269	59	3e8a23d66232bb4a
discard_un0_dp1_ud1	270	5	99be24770957133d
discard_un0_dp1_ud1	271	19	fe29b1ad562f3afe
discard_un0_dp1_ud1	272	6	6f919b95e8983386
discard_un0_dp1_ud1	273	3	7e8b3bc6e0ff49f7
discard_un0_dp1_ud1	274	4	493016d30db2cc4a
discard_un0_dp1_ud1	275	2	a5a6c52ac89a2e26
discard_un0_dp1_ud1	276	22	2f950323de1686da
discard_un0_dp1_ud1	277	1	2ddd594f75bc7a04
discard_un0_dp1_ud1	278	145	d4bab6f84336cc1a
discard_un0_dp1_ud1	279	7	12fd6cdb5c930853
discard_un0_dp1_ud1	280	4	aa6e320823fcf0e5
discard_un0_dp1_ud1	281	2	a94a05f30f6f505b
discard_un0_dp1_ud1	282	6	87834cd6318c0abc
discard_un0_dp1_ud1	283	6	1e6becef23f1e4cd
discard_un0_dp1_ud1	284	21	6eb83ff5e434d3bb
discard_un0_dp1_ud1	285	136	8d86a52d482404c3
discard_un0_dp1_ud1	286	8	e9d299593dd18b95
discard_un0_dp1_ud1	287	2	4512339cf40b5163
discard_un0_dp1_ud1	288	23	43c1bb748a49035e
discard_un0_dp1_ud1	289	56	07ebb4280283d548
discard_un0_dp1_ud1	290	6	2571846923378c8e
discard_un0_dp1_ud1	291	58	cfa34ab8614b7511
discard_un0_dp1_ud1	292	2	0a207cc2286b47b9
discard_un0_dp1_ud1	293	22	b8d7b702ba1104b8
discard_un0_dp1_ud1	294	2	e92aa8fb21e21ba4
discard_un0_dp1_ud1	295	3	a247d93961ba0a35
discard_un0_dp1_ud1	296	21	b0317602e87ecaf7
discard_un0_dp1_ud1	297	5	44041a7814c6ed16
discard_un0_dp1_ud1	298	8	06dc63c8ef437398
discard_un0_dp1_ud1	299	49	18c830fd830ba429
discard_un0_dp1_ud1	300	18	0811823527013b6e
discard_un0_dp1_ud1	301	2	a897b29e1f3cb5ab
discard_un0_dp1_ud1	302	2	d86e9b7a0a82223f
discard_un0_dp1_ud1	303	2	9ffa96ea53f5d65f
discard_un0_dp1_ud1	304	23	a522f9c3723d6338
discard_un0_dp1_ud1	305	142	df90d1a7c8364ac9
discard_un0_dp1_ud1	306	8	4424b92581b1c564
discard_un0_dp1_ud1	307	19	57433608f7db00fd
discard_un0_dp1_ud1	308	138	6681aa31f7c52715
discard_un0_dp1_ud1	309	1	d768b68099eade96
discard_un0_dp1_ud1	310	137	c2a7e68aeddfdee9
discard_un0_dp1_ud1	311	3	a9c08f8c8fbe7b7a
discard_un0_dp1_ud1	312	20	75e80777ee7372c8
discard_un0_dp1_ud1	313	136	e39c6e957fcdd6e7
discard_un0_dp1_ud1	314	132	534147f92ac2c8bd
discard_un0_dp1_ud1	315	4	b47ff0c8de71b612
discard_un0_dp1_ud1	316	139	6f9a5f62afff0570
discard_un0_dp1_ud1	317	136	03c4e30c56469496
discard_un0_dp1_ud1	318	59	03e54f1e14ca3713
discard_un0_dp1_ud1	319	4	48a062b0138b0f26
discard_un0_dp1_ud1	320	58	3468aea44c658ea1
discard_un0_dp1_ud1	321	6	53076c4ad9635ee3
discard_un0_dp1_ud1	322	4	5137eb0456042c35
discard_un0_dp1_ud1	323	5	46f832671e6be81c
discard_un0_dp1_ud1	324	57	6407a3d6bbf68fb0
discard_un0_dp1_ud1	325	155	1330932a21f79fa3
discard_un0_dp1_ud1	326	9	2622ae69ba85f33c
discard_un0_dp1_ud1	327	19	ba0a0a912ea4834a
discard_un0_dp1_ud1	328	5	2fae1ee4d46126b4
discard_un0_dp1_ud1	329	2	a6bb84b7a575f8ec
discard_un0_dp1_ud1	330	141	6e88b7cf4185779f
discard_un0_dp1_ud1	331	6	6106de746f210c0d
discard_un0_dp1_ud1	332	12	ab70da9ccbae8437
discard_un0_dp1_ud1	333	10	3df81dc05cc0d8e3
discard_un0_dp1_ud1	334	4	3359b1e46f33c835
discard_un0_dp1_ud1	335	26	c9fc4a8ed096bf52
discard_un0_dp1_ud1	336	6	1e317ebcdbe551c5
discard_un0_dp1_ud1	337	7	d49c79172ea77fc4
discard_un0_dp1_ud1	338	2	52433b8379f9ccc2
discard_un0_dp1_ud1	339	2	d7cbbca2e0d29c5f
discard_un0_dp1_ud1	340	7	f61b0925c5d68178
discard_un0_dp1_ud1	341	3	1f3aa361034ebfba
discard_un0_dp1_ud1	342	2	585dc3e49905c661
discard_un0_dp1_ud1	343	2	28a11183598e5824
discard_un0_dp1_ud1	344	1	086bd518f6b8b79d
discard_un0_dp1_ud1	345	18	a98692b53ddac235
discard_un0_dp1_ud1	346	6	d76b0be5855094ec
discard_un0_dp1_ud1	347	11	d510f2c540c468ca
discard_un0_dp1_ud1	348	5	f031ac6950088d80
discard_un0_dp1_ud1	349	148	0f0ff82dfa59764b
discard_un0_dp1_ud1	350	23	962ffb1c609e7f46
discard_un0_dp1_ud1	351	134	6e92f698c0f6d288
discard_un0_dp1_ud1	352	8	0039b4c5a2e28990
discard_un0_dp1_ud1	353	58	717a01b948f173b0
discard_un0_dp1_ud1	354	139	700e36a7ae9e4ec6
discard_un0_dp1_ud1	355	58	68c30effa33a5af9
discard_un0_dp1_ud1	356	2	fd20bd056e0c46a4
discard_un0_dp1_ud1	357	140	d53c20a2f4a3028a
discard_un0_dp1_ud1	358	2	32c4420f50182d9b
discard_un0_dp1_ud1	359	10	febc747f398d036a
discard_un0_dp1_ud1	360	137	9c9e53b9f35cf0b8
discard_un0_dp1_ud1	361	5	4c862c1bd8a5a450
discard_un0_dp1_ud1	362	126	be9f702b1b996038
discard_un0_dp1_ud1	363	5	e07d509b4206e920
discard_un0_dp1_ud1	364	2	3322804f769107bc
discard_un0_dp1_ud1	365	61	cd50fbdc37128081
discard_un0_dp1_ud1	366	2	74b2f15853d403ad
discard_un0_dp1_ud1	367	6	cf174ba6543f265b
discard_un0_dp1_ud1	368	4	5e04d8159b8494d8
discard_un0_dp1_ud1	369	4	78d378e2e290bba2
discard_un0_dp1_ud1	370	3	ebd961710316a4e5
discard_un0_dp1_ud1	371	2	5acc42448f3a7df6
discard_un0_dp1_ud1	372	19	a494db22f0faa7ea
discard_un0_dp1_ud1	373	26	2569233b8dac48eb
discard_un0_dp1_ud1	374	134	f12abef1860b2a56
discard_un0_dp1_ud1	375	143	260e92f441862c3f
discard_un0_dp1_ud1	376	58	9bf5ac77e9e8d6f9
discard_un0_dp1_ud1	377	1	9efb220ab1756c9b
discard_un0_dp1_ud1	378	65	346f78f3a4b5bdfc
discard_un0_dp1_ud1	379	160	5d8514ea0f5d680b
discard_un0_dp1_ud1	380	157	328407c1596819ee
discard_un0_dp1_ud1	381	2	0737efd232706575
discard_un0_dp1_ud1	382	137	c384828db4c39ac3
discard_un0_dp1_ud1	383	7	949719fd8505d430
discard_un0_dp1_ud1	384	25	47d2eb91248fc83f
discard_un0_dp1_ud1	385	25	28ed43d44950f8b6
discard_un0_dp1_ud1	386	3	cf1550a9bbb1fef1
discard_un0_dp1_ud1	387	7	a4b63e88af6f3bd7
discard_un0_dp1_ud1	388	2	aa1e60ba1401abea
discard_un0_dp1_ud1	389	158	03994d9a67e0a463
discard_un0_dp1_ud1	390	57	5b12fb1277aa6273
discard_un0_dp1_ud1	391	7	e5548f54f91d3609
discard_un0_dp1_ud1	392	1	02af48d37eaa75de
discard_un0_dp1_ud1	393	58	0f786aa935ae2efa
discard_un0_dp1_ud1	394	2	afc759b4113c25e6
discard_un0_dp1_ud1	395	7	04919ff7d9b632d0
discard_un0_dp1_ud1	396	23	a303c55f0d36a058
discard_un0_dp1_ud1	397	2	3e546b7553d13d25
discard_un0_dp1_ud1	398	2	aaed56b482f98c50
discard_un0_dp1_ud1	399	63	42b21fe6df74d351
discard_un0_dp0_ud0	0	187	aadea73346efad79
discard_un0_dp0_ud0	1	3	a4a8d635a6bd3203
discard_un0_dp0_ud0	2	185	b3055546966af405
discard_un0_dp0_ud0	3	2	48af54fbccd258d8
discard_un0_dp0_ud0	4	69	213c283d9f44a488
discard_un0_dp0_ud0	5	11	786883a831e4ff77
discard_un0_dp0_ud0	6	2	3a25daa9a10d2b61
discard_un0_dp0_ud0	7	77	584a8c7edab9f052
discard_un0_dp0_ud0	8	5	242653f5bbb3c8c2
discard_un0_dp0_ud0	9	3	7093f70a2a4688d0
discard_un0_dp0_ud0	10	187	e0d543dd43f50676
discard_un0_dp0_ud0	11	11	fbcb8aa6981dc3af
discard_un0_dp0_ud0	12	2	1e4531718b24dcf3
discard_un0_dp0_ud0	13	11	1b622aee2fad13c5
discard_un0_dp0_ud0	14	31	5ca9ddcf03d25244
discard_un0_dp0_ud0	15	175	9dcc7eccb55177e8
discard_un0_dp0_ud0	16	6	25fa0982b745d4df
discard_un0_dp0_ud0	17	2	5dea7bc0142c7c9c
discard_un0_dp0_ud0	18	5	487b934176ac0550
discard_un0_dp0_ud0	19	82	047357b11ae0139c
discard_un0_dp0_ud0	20	187	e534ef9e02016a67
discard_un0_dp0_ud0	21	29	c80fbe0b6624ade6
discard_un0_dp0_ud0	22	24	b797ee188d6287d0
discard_un0_dp0_ud0	23	6	13309ee916c551bc
discard_un0_dp0_ud0	24	28	5d4594d33f77a62f
discard_un0_dp0_ud0	25	6	fcf8ea2c738bf0bb
discard_un0_dp0_ud0	26	182	7d73977ff23c249c
discard_un0_dp0_ud0	27	2	d930a8388fecfd6c
discard_un0_dp0_ud0	28	184	cfa72f7f78936507
discard_un0_dp0_ud0	29	29	54ba87cb2f515487
discard_un0_dp0_ud0	30	10	43cd0d81f89a67ec
discard_un0_dp0_ud0	31	6	7abb25e93cf412df
discard_un0_dp0_ud0	32	11	7aecf32249a7c842
discard_un0_dp0_ud0	33	6	0a03e47f384ef872
discard_un0_dp0_ud0	34	78	d3873fcd452201d5
discard_un0_dp0_ud0	35	178	bc39672fe044525a
discard_un0_dp0_ud0	36	2	bdf75673c2b7b9af
discard_un0_dp0_ud0	37	29	d9aa7b0495ae919b
discard_un0_dp0_ud0	38	25	5ae53b3bbe9f8219
discard_un0_dp0_ud0	39	73	305fb252a8870851
discard_un0_dp0_ud0	40	3	9bf9d5567f90a850
discard_un0_dp0_ud0	41	3	e8ef047b9b78f799
discard_un0_dp0_ud0	42	27	f4a09d14b40e54fe
discard_un0_dp0_ud0	43	5	a5172c29fe09f2f5
discard_un0_dp0_ud0	44	29	8aca9239ea38a123
discard_un0_dp0_ud0	45	3	c96a694de46626b9
discard_un0_dp0_ud0	46	70	90608ad82259cd68
discard_un0_dp0_ud0	47	11	55dae13308c89228
discard_un0_dp0_ud0	48	71	18b95714c662f2c6
discard_un0_dp0_ud0	49	3	961410dbcb8aba28
discard_un0_dp0_ud0	50	75	385e376e566c6c0e
discard_un0_dp0_ud0	51	2	3b3ad4084fecb045
discard_un0_dp0_ud0	52	6	72c09cc6f7e0219c
discard_un0_dp0_ud0	53	34	b253ae4c4a09a97a
discard_un0_dp0_ud0	54	30	e96c423f85a7e6fe
discard_un0_dp0_ud0	55	2	ae7493fc3e487f8f
discard_un0_dp0_ud0	56	2	b840659fd1c80e1a
discard_un0_dp0_ud0	57	5	faab5e06249bd3c4
discard_un0_dp0_ud0	58	79	c8964be36927700a
discard_un0_dp0_ud0	59	29	7d9acd389bc96400
discard_un0_dp0_ud0	60	67	c48391ba794c24a1
discard_un0_dp0_ud0	61	3	42d3ba7856ba938f
discard_un0_dp0_ud0	62	183	bc602cbbaa667b74
discard_un0_dp0_ud0	63	186	f15309ba049db21a
discard_un0_dp0_ud0	64	31	acafe0fad0842692
discard_un0_dp0_ud0	65	29	efa887d39aca3139
discard_un0_dp0_ud0	66	6	fac59d0535630167
discard_un0_dp0_ud0	67	2	ec68d3e3732336cc
discard_un0_dp0_ud0	68	12	fe557a3f9db856cb
discard_un0_dp0_ud0	69	180	ea7f8b968df55c0b
discard_un0_dp0_ud0	70	2	62767a9099eb7b5c
discard_un0_dp0_ud0	71	2	3c171071acbaa196
discard_un0_dp0_ud0	72	3	c9813505cf83b235
discard_un0_dp0_ud0	73	11	fe78a09ccaafe926
discard_un0_dp0_ud0	74	176	441dbb31159009bb
discard_un0_dp0_ud0	75	25	952e25bd9f07b206
discard_un0_dp0_ud0	76	27	d8012f15d298c183
discard_un0_dp0_ud0	77	29	8684a8ecff0949ca
discard_un0_dp0_ud0	78	186	68bdcf4063264270
discard_un0_dp0_ud0	79	11	c4d6297f78289176
discard_un0_dp0_ud0	80	75	0cfb41488d821199
discard_un0_dp0_ud0	81	4	21cd00c134a171c2
discard_un0_dp0_ud0	82	79	6cb5680306072b3c
discard_un0_dp0_ud0	83	175	3c5e27c72a0f3644
discard_un0_dp0_ud0	84	189	e3aa161332cf4c66
discard_un0_dp0_ud0	85	72	9d43c1c3fc8c08cc
discard_un0_dp0_ud0	86	3	13dfaf4273396119
discard_un0_dp0_ud0	87	2	1b171a1f9329a579
discard_un0_dp0_ud0	88	2	06d064a5b6119cec
discard_un0_dp0_ud0	89	2	13dc9fd5928491eb
discard_un0_dp0_ud0	90	3	f122e80153e1e8f3
discard_un0_dp0_ud0	91	3	01ae6e117acd6e37
discard_un0_dp0_ud0	92	9	fed9fa9393283d73
discard_un0_dp0_ud0	93	3	e1862e7d53e78bad
discard_un0_dp0_ud0	94	31	d96c67d81e7f6f54
discard_un0_dp0_ud0	95	2	7aad0b9e1226bef0
discard_un0_dp0_ud0	96	3	6dcbe1cf42f5ca02
discard_un0_dp0_ud0	97	25	30577d29accea010
discard_un0_dp0_ud0	98	10	237901dbbb51621e
discard_un0_dp0_ud0	99	75	68a2b8332cd71633
discard_un0_dp0_ud0	100	30	867a6687b39eea7f
discard_un0_dp0_ud0	101	72	47fef1ffd064d9db
discard_un0_dp0_ud0	102	2	9381c1799561e673
discard_un0_dp0_ud0	103	4	ed7cde8bd442e515
discard_un0_dp0_ud0	104	3	eacfe96e26f6497a
discard_un0_dp0_ud0	105	183	d4a2cb905c316888
discard_un0_dp0_ud0	106	2	31250925694a9be5
discard_un0_dp0_ud0	107	2	111a8c670f1b7eb3
discard_un0_dp0_ud0	108	2	48f2d50e850d1972
discard_un0_dp0_ud0	109	30	0dd5f273d5950857
discard_un0_dp0_ud0	110	2	56f2119843262bd8
discard_un0_dp0_ud0	111	2	d756fbc0a19f6f57
discard_un0_dp0_ud0	112	2	5d3ba4edb71b9695
discard_un0_dp0_ud0	113	188	227a7145b81e5d8f
discard_un0_dp0_ud0	114	175	5d5130acadbf350a
discard_un0_dp0_ud0	115	29	63e93b13345dff4c
discard_un0_dp0_ud0	116	11	ce451d6f9aee769b
discard_un0_dp0_ud0	117	3	b64c0d7d7ea7ea65
discard_un0_dp0_ud0	118	6	f00ae3ccfbc7ca0c
discard_un0_dp0_ud0	119	168	2e11e3d1ed5f0744
discard_un0_dp0_ud0	120	5	d01f4deeacb6a884
discard_un0_dp0_ud0	121	5	59acd0851566c6cf
discard_un0_dp0_ud0	122	6	a881692237cb9568
discard_un0_dp0_ud0	123	2	ef5225248d173fa3
discard_un0_dp0_ud0	124	3	4b6376bf607b3594
discard_un0_dp0_ud0	125	2	5c3c0951b23679f5
discard_un0_dp0_ud0	126	14	63b23d7d840159e4
discard_un0_dp0_ud0	127	9	d4f634d018ee0f6b
discard_un0_dp0_ud0	128	2	63088dade7e2c78b
discard_un0_dp0_ud0	129	183	eead934c1f8e6c49
discard_un0_dp0_ud0	130	72	dbbead6ccaa17cbf
discard_un0_dp0_ud0	131	189	9dd8a648c64afdc2
discard_un0_dp0_ud0	132	2	772dfa30393969bd
discard_un0_dp0_ud0	133	3	d23414d8415ee830
discard_un0_dp0_ud0	134	6	8d34a9073653849c
discard_un0_dp0_ud0	135	2	941e09cb949631cf
discard_un0_dp0_ud0	136	29	63ffd4b1e2b396e8
discard_un0_dp0_ud0	137	3	7e500d3ae150eb93
discard_un0_dp0_ud0	138	2	d9ad519b8157fdde
discard_un0_dp0_ud0	139	71	c5ee62191bb444ce
discard_un0_dp0_ud0	140	9	58f8521aca45c5e4
discard_un0_dp0_ud0	141	2	3ed2a5ee559b0584
discard_un0_dp0_ud0	142	3	9fbb348d5d8a2a2d
discard_un0_dp0_ud0	143	2	e120c7dc005a72a2
discard_un0_dp0_ud0	144	3	0b018104431c67db
discard_un0_dp0_ud0	145	185	768283a2284e0a90
discard_un0_dp0_ud0	146	10	55904dbb2809837b
discard_un0_dp0_ud0	147	9	cc5d595c48fef01d
discard_un0_dp0_ud0	148	25	b5c995e8412a6924
discard_un0_dp0_ud0	149	3	dd79dcf066be6ccc
discard_un0_dp0_ud0	150	10	63bc49d1bf2c052c
discard_un0_dp0_ud0	151	9	9498ba2ec585c079
discard_un0_dp0_ud0	152	186	987a49cf1e45e2ca
discard_un0_dp0_ud0	153	179	444a160b13e8f034
discard_un0_dp0_ud0	154	72	95dd086418222809
discard_un0_dp0_ud0	155	5	9a0a173078bcb4e6
discard_un0_dp0_ud0	156	12	245b4e8e6172bd97
discard_un0_dp0_ud0	157	3	9f6f2fb5c0fc134d
discard_un0_dp0_ud0	158	75	39a7622666cd13a7
discard_un0_dp0_ud0	159	3	e04ae1029f20c2c1
discard_un0_dp0_ud0	160	2	f0cfc8cbf5d9d664
discard_un0_dp0_ud0	161	79	140ffd01ac278728
discard_un0_dp0_ud0	162	179	ab13bb1474e0d4e7
discard_un0_dp0_ud0	163	185	473ebdb737a20a1c
discard_un0_dp0_ud0	164	6	9b522109f5783f9c
discard_un0_dp0_ud0	165	71	50acc8ac945aaa8e
discard_un0_dp0_ud0	166	75	554a17be0f9a9367
discard_un0_dp0_ud0	167	6	16c400e79ef135df
discard_un0_dp0_ud0	168	5	9e271065c422a63f
discard_un0_dp0_ud0	169	3	686074a5510e2546
discard_un0_dp0_ud0	170	11	9187a856689dc40f
discard_un0_dp0_ud0	171	3	70a1e85204e4d72e
discard_un0_dp0_ud0	172	2	8c8ae7020cbb4c49
discard_un0_dp0_ud0	173	78	0f887f81778eb700
discard_un0_dp0_ud0	174	25	3076b68a9795e6ee
discard_un0_dp0_ud0	175	27	c12b4b84f8f9d295
discard_un0_dp0_ud0	176	3	8d714cc487cac3bf
discard_un0_dp0_ud0	177	3	7d6c7c1671067db4
discard_un0_dp0_ud0	178	183	2297bea82c04a614
discard_un0_dp0_ud0	179	28	5fa4bd84c9d4e565
discard_un0_dp0_ud0	180	3	657f0828eb8b259a
discard_un0_dp0_ud0	181	5	1d402fa1e25a705b
discard_un0_dp0_ud0	182	2	3bcd136472d8ebbf
discard_un0_dp0_ud0	183	10	82db7063c7e155c7
discard_un0_dp0_ud0	184	33	68865ddaf2943e91
discard_un0_dp0_ud0	185	6	0e865e2f1690f9ad
discard_un0_dp0_ud0	186	6	84af25b1df9b5a39
discard_un0_dp0_ud0	187	9	3e4dc9b436746087
discard_un0_dp0_ud0	188	6	5f16a728c91275cf
discard_un0_dp0_ud0	189	10	bddb1fcd2afe9e1d
discard_un0_dp0_ud0	190	5	3fa68b6c0ac9d6be
discard_un0_dp0_ud0	191	2	653cbfa4e25966ef
discard_un0_dp0_ud0	192	2	43c05b7ef01c7494
discard_un0_dp0_ud0	193	2	58c45d16565eb0d0
discard_un0_dp0_ud0	194	10	14262a505f06a068
discard_un0_dp0_ud0	195	11	f6cd1ea4c9006978
discard_un0_dp0_ud0	196	30	693db0b51bda889e
discard_un0_dp0_ud0	197	73	a766aa0ce1c51f8c
discard_un0_dp0_ud0	198	180	304ff4d979a1c2b3
discard_un0_dp0_ud0	199	68	a6d7d971f9860d95
discard_un0_dp0_ud0	200	27	15e7c096e44a2650
discard_un0_dp0_ud0	201	73	cc075019e35f9b31
discard_un0_dp0_ud0	202	30	7b2b8c243a5be17c
discard_un0_dp0_ud0	203	185	8584310ce2601d30
discard_un0_dp0_ud0	204	190	6a821bb62f195811
discard_un0_dp0_ud0	205	71	880965d277c2493b
discard_un0_dp0_ud0	206	3	a081e17343101e56
discard_un0_dp0_ud0	207	2	03bd747c6229706a
discard_un0_dp0_ud0	208	28	1e3fa4de42664266
discard_un0_dp0_ud0	209	10	9228e199660c6324
discard_un0_dp0_ud0	210	189	d2434926ed88566e
discard_un0_dp0_ud0	211	82	0c3ca3547d12e0df
discard_un0_dp0_ud0	212	5	b4be965f0ea3c7f1
discard_un0_dp0_ud0	213	10	3c36e3f135869833
discard_un0_dp0_ud0	214	75	98d1aeec16f9a97a
discard_un0_dp0_ud0	215	3	0672da7704845a4b
discard_un0_dp0_ud0	216	3	72ba45154468a49e
discard_un0_dp0_ud0	217	188	759f2f6f1e5d9f92
discard_un0_dp0_ud0	218	3	39b47d1f935ab50e
discard_un0_dp0_ud0	219	31	7dea96e95d59cb75
discard_un0_dp0_ud0	220	80	74217f0f846b949d
discard_un0_dp0_ud0	221	35	47e63fd21a76b696
discard_un0_dp0_ud0	222	191	d0aae6fe88325610
discard_un0_dp0_ud0	223	2	68416f9a82cbadaa
discard_un0_dp0_ud0	224	75	ee16b99e2467c7f5
discard_un0_dp0_ud0	225	173	29081bcbc3ac4b24
discard_un0_dp0_ud0	226	34	fd870cd1f7818163
discard_un0_dp0_ud0	227	183	c07ffaaa9b015977
discard_un0_dp0_ud0	228	2	1ed62d452c06032d
discard_un0_dp0_ud0	229	12	6093147242f47eb1
discard_un0_dp0_ud0	230	72	aa76b0e258e2fc01
discard_un0_dp0_ud0	231	3	77e4a054c5c3acbe
discard_un0_dp0_ud0	232	6	4acfe3057f18bad6
discard_un0_dp0_ud0	233	6	d6abae7b8a305a0f
discard_un0_dp0_ud0	234	29	58761d92f01bfadc
discard_un0_dp0_ud0	235	5	5c1af7797a86a816
discard_un0_dp0_ud0	236	6	34bd5dae9eea5b43
discard_un0_dp0_ud0	237	5	7d7414d8dabf0228
discard_un0_dp0_ud0	238	177	c810a60a2ead17fd
discard_un0_dp0_ud0	239	2	51440365f7228782
discard_un0_dp0_ud0	240	71	ff23c6481197a511
discard_un0_dp0_ud0	241	5	2935f8374ffedeb7
discard_un0_dp0_ud0	242	2	e0cb733b7977396e
discard_un0_dp0_ud0	243	70	140701db9e0a157c
discard_un0_dp0_ud0	244	11	77b4cd37c698dfb7
discard_un0_dp0_ud0	245	185	40faef651824bc59
discard_un0_dp0_ud0	246	68	bd57275d1a822304
discard_un0_dp0_ud0	247	25	de4512f7790460fe
discard_un0_dp0_ud0	248	28	3c4b130cce610436
discard_un0_dp0_ud0	249	77	55d0928fc21b1f7f
discard_un0_dp0_ud0	250	11	3899cd1664c00dfc
discard_un0_dp0_ud0	251	189	9d9829835ad9df58
discard_un0_dp0_ud0	252	9	ac40e7905cb7f1b9
discard_un0_dp0_ud0	253	197	c2c7f4c012d7227d
discard_un0_dp0_ud0	254	11	e7311d6b80810e88
discard_un0_dp0_ud0	255	3	934d324711f9585b
discard_un0_dp0_ud0	256	72	df469713d7455fbb
discard_un0_dp0_ud0	257	71	b6bb0c9bd596459b
discard_un0_dp0_ud0	258	72	acf6574811abc469
discard_un0_dp0_ud0	259	182	0db20cad94d952dc
discard_un0_dp0_ud0	260	29	6ca1869840a7035b
discard_un0_dp0_ud0	261	3	3cc8a407e12c3f4f
discard_un0_dp0_ud0	262	77	102b4b73cd9da85a
discard_un0_dp0_ud0	263	3	78f2396bf6463765
discard_un0_dp0_ud0	264	6	24d4e5954fd260a4
discard_un0_dp0_ud0	265	3	224de7e355dc79ca
discard_un0_dp0_ud0	266	77	37d234554c8e2ad4
discard_un0_dp0_ud0	267	181	5f0feb9675a2cfa6
discard_un0_dp0_ud0	268	25	386947f6f21f6f15
discard_un0_dp0_ud0	269	76	92b4f319ca4ac940
discard_un0_dp0_ud0	270	6	370c4d58649925e0
discard_un0_dp0_ud0	271	23	13a0df846a7b9b70
discard_un0_dp0_ud0	272	8	02d115de38c5f2e4
discard_un0_dp0_ud0	273	3	7e8b3bc6e0ff49f7
discard_un0_dp0_ud0	274	6	ad85495f018a11c1
discard_un0_dp0_ud0	275	2	a5a6c52ac89a2e26
discard_un0_dp0_ud0	276	27	b9394d4d0050bcb2
discard_un0_dp0_ud0	277	2	bfbaed8002ec6a28
discard_un0_dp0_ud0	278	185	0e43f4d0fc05c7ac
discard_un0_dp0_ud0	279	11	d17a8b53c04c6c01
discard_un0_dp0_ud0	280	6	4078e50d1544d35e
discard_un0_dp0_ud0	281	3	6675a2b038a72743
discard_un0_dp0_ud0	282	6	87834cd6318c0abc
discard_un0_dp0_ud0	283	10	d9feeed6b339b670
discard_un0_dp0_ud0	284	27	35d332fa9f292d5c
discard_un0_dp0_ud0	285	179	bf54073ecddb7399
discard_un0_dp0_ud0	286	9	dc045866ac25a4fc
discard_un0_dp0_ud0	287	2	4512339cf40b5163
discard_un0_dp0_ud0	288	30	116c9a166d9047df
discard_un0_dp0_ud0	289	69	2558f3e30369f715
discard_un0_dp0_ud0	290	8	93bad9f016f29f15
discard_un0_dp0_ud0	291	78	2323e6d317e1938b
discard_un0_dp0_ud0	292	2	0a207cc2286b47b9
discard_un0_dp0_ud0	293	26	c9631322996e2dcc
discard_un0_dp0_ud0	294	2	e92aa8fb21e21ba4
discard_un0_dp0_ud0	295	3	ffb1d7bc4a7f1eb7
discard_un0_dp0_ud0	296	28	8daf42a4f723d928
discard_un0_dp0_ud0	297	6	3a26cbe7424f541e
discard_un0_dp0_ud0	298	11	49ea0cb158ca870f
discard_un0_dp0_ud0	299	65	0ac303dfe1bc755b
discard_un0_dp0_ud0	300	30	454b3000db75bddd
discard_un0_dp0_ud0	301	3	30f2d1bab1a40b34
discard_un0_dp0_ud0	302	2	d86e9b7a0a82223f
discard_un0_dp0_ud0	303	2	9ffa96ea53f5d65f
discard_un0_dp0_ud0	304	28	96c5f65346ca3864
discard_un0_dp0_ud0	305	185	fd5b90550ac0df0f
discard_un0_dp0_ud0	306	9	792b148bdd0ae1af
discard_un0_dp0_ud0	307	28	dd2c6c403b945c5b
discard_un0_dp0_ud0	308	184	a8164b69665d5559
discard_un0_dp0_ud0	309	2	e593167dbe740168
discard_un0_dp0_ud0	310	185	637c5e227c73fa26
discard_un0_dp0_ud0	311	3	a9c08f8c8fbe7b7a
discard_un0_dp0_ud0	312	28	e0c44562c8bf1d56
discard_un0_dp0_ud0	313	179	c19cc942816ec51b
discard_un0_dp0_ud0	314	180	500bb517fa71824d
discard_un0_dp0_ud0	315	6	d6fa7c4c226cb10f
discard_un0_dp0_ud0	316	180	ac15896b2b22ae54
discard_un0_dp0_ud0	317	174	0e4555c237c11683
discard_un0_dp0_ud0	318	66	17a0294534dcf409
discard_un0_dp0_ud0	319	6	898130edd1d53658
discard_un0_dp0_ud0	320	76	0dc8876dc896d543
discard_un0_dp0_ud0	321	7	abe8e7888f48affe
discard_un0_dp0_ud0	322	6	425402bb15b2a6de
discard_un0_dp0_ud0	323	6	5de5e041be96da6d
discard_un0_dp0_ud0	324	73	a72d90f3e4c5c873
discard_un0_dp0_ud0	325	192	d48c11efa0c85218
discard_un0_dp0_ud0	326	10	c6e8a2a354b9c3b6
discard_un0_dp0_ud0	327	30	8eeef4451f06c1aa
discard_un0_dp0_ud0	328	10	2a9b4e75f8f49490
discard_un0_dp0_ud0	329	2	a6bb84b7a575f8ec
discard_un0_dp0_ud0	330	185	b9b88c5dcacce275
discard_un0_dp0_ud0	331	6	6106de746f210c0d
discard_un0_dp0_ud0	332	14	f3fa3594711d9f46
discard_un0_dp0_ud0	333	10	3df81dc05cc0d8e3
discard_un0_dp0_ud0	334	4	3359b1e46f33c835
discard_un0_dp0_ud0	335	33	5cecff2d1aa21af6
discard_un0_dp0_ud0	336	6	1e317ebcdbe551c5
discard_un0_dp0_ud0	337	11	0a664ea21d41bf05
discard_un0_dp0_ud0	338	2	52433b8379f9ccc2
discard_un0_dp0_ud0	339	2	d7cbbca2e0d29c5f
discard_un0_dp0_ud0	340	11	9e0615c777c8ad42
discard_un0_dp0_ud0	341	3	1f3aa361034ebfba
discard_un0_dp0_ud0	342	2	585dc3e49905c661
discard_un0_dp0_ud0	343	2	28a11183598e5824
discard_un0_dp0_ud0	344	3	998edbd3e3c0852d
discard_un0_dp0_ud0	345	29	9eb27aa30f4b384c
discard_un0_dp0_ud0	346	6	d76b0be5855094ec
discard_un0_dp0_ud0	347	11	d510f2c540c468ca
discard_un0_dp0_ud0	348	6	75d0836c930c6718
discard_un0_dp0_ud0	349	190	c860e10c7763bcc4
discard_un0_dp0_ud0	350	26	f3619635f05fa9bb
discard_un0_dp0_ud0	351	176	8f2b3e61ed099f31
discard_un0_dp0_ud0	352	11	3401689d8c49b8e0
discard_un0_dp0_ud0	353	74	b6392e25f08f4433
discard_un0_dp0_ud0	354	180	4bd9b29b27831691
discard_un0_dp0_ud0	355	73	dfa4ab2d4530fc43
discard_un0_dp0_ud0	356	2	fd20bd056e0c46a4
discard_un0_dp0_ud0	357	183	7d5b758b7ad83348
discard_un0_dp0_ud0	358	2	32c4420f50182d9b
discard_un0_dp0_ud0	359	12	39f872ca1c1b6fdf
discard_un0_dp0_ud0	360	179	76917e7703372136
discard_un0_dp0_ud0	361	6	3e3f94f2e62d42e9
discard_un0_dp0_ud0	362	174	282a8bc03a16c034
discard_un0_dp0_ud0	363	8	f78e929ae96b8760
discard_un0_dp0_ud0	364	2	3322804f769107bc
discard_un0_dp0_ud0	365	77	fe5766ea7247610a
discard_un0_dp0_ud0	366	3	76f5bd7c590e252c
discard_un0_dp0_ud0	367	10	4768900bfdb3dafe
discard_un0_dp0_ud0	368	6	c3d7ae21bc2491ec
discard_un0_dp0_ud0	369	6	d3594f17b3a6e465
discard_un0_dp0_ud0	370	3	ebd961710316a4e5
discard_un0_dp0_ud0	371	2	5acc42448f3a7df6
discard_un0_dp0_ud0	372	25	240cd58e92b276dd
discard_un0_dp0_ud0	373	31	d9b11dcede58fa09
discard_un0_dp0_ud0	374	175	10039724738514d6
discard_un0_dp0_ud0	375	181	d2dc2b9ebebea389
discard_un0_dp0_ud0	376	75	83e12a756c674ae7
discard_un0_dp0_ud0	377	2	8651213e2bb36b49
discard_un0_dp0_ud0	378	80	54d8f5b687e021e3
discard_un0_dp0_ud0	379	191	a3aff2f18cbe207d
discard_un0_dp0_ud0	380	190	88d1cbd6b9b98e8e
discard_un0_dp0_ud0	381	3	73adcfaf266b2036
discard_un0_dp0_ud0	382	183	7fe0e2e88db02284
discard_un0_dp0_ud0	383	10	7521b9eb150893e0
discard_un0_dp0_ud0	384	28	83deb17ac352c6a2
discard_un0_dp0_ud0	385	30	a9bab7b3dd9a4745
discard_un0_dp0_ud0	386	5	20bd48632fbb41c1
discard_un0_dp0_ud0	387	10	6744c104af534ec9
discard_un0_dp0_ud0	388	2	aa1e60ba1401abea
discard_un0_dp0_ud0	389	197	f3d26cdcb56978d7
discard_un0_dp0_ud0	390	80	46b9c75c6d7f8e34
discard_un0_dp0_ud0	391	8	ceed52aff0bc13ed
discard_un0_dp0_ud0	392	2	544186fb653549de
discard_un0_dp0_ud0	393	74	cfb3c8e3bb03a0c7
discard_un0_dp0_ud0	394	2	afc759b4113c25e6
discard_un0_dp0_ud0	395	11	9ef980280418cc7e
discard_un0_dp0_ud0	396	30	a0e361c606059407
discard_un0_dp0_ud0	397	3	781b29574154c676
discard_un0_dp0_ud0	398	3	9b9b233700a70666
discard_un0_dp0_ud0	399	77	8b2ba17bec428b36
discard_un0_dp0_ud1	0	187	aadea73346efad79
discard_un0_dp0_ud1	1	3	a4a8d635a6bd3203
discard_un0_dp0_ud1	2	185	b3055546966af405
discard_un0_dp0_ud1	3	2	48af54fbccd258d8
discard_un0_dp0_ud1	4	69	213c283d9f44a488
discard_un0_dp0_ud1	5	11	786883a831e4ff77
discard_un0_dp0_ud1	6	2	3a25daa9a10d2b61
discard_un0_dp0_ud1	7	77	584a8c7edab9f052
discard_un0_dp0_ud1	8	5	242653f5bbb3c8c2
discard_un0_dp0_ud1	9	3	7093f70a2a4688d0
discard_un0_dp0_ud1	10	187	e0d543dd43f50676
discard_un0_dp0_ud1	11	11	fbcb8aa6981dc3af
discard_un0_dp0_ud1	12	2	1e4531718b24dcf3
discard_un0_dp0_ud1	13	11	1b622aee2fad13c5
discard_un0_dp0_ud1	14	31	5ca9ddcf03d25244
discard_un0_dp0_ud1	15	175	8658948b3b982181
discard_un0_dp0_ud1	16	6	25fa0982b745d4df
discard_un0_dp0_ud1	17	2	5dea7bc0142c7c9c
discard_un0_dp0_ud1	18	5	487b934176ac0550
discard_un0_dp0_ud1	19	82	047357b11ae0139c
discard_un0_dp0_ud1	20	187	0d7e4bbc083e8899
discard_un0_dp0_ud1	21	29	dd710205f0c08972
discard_un0_dp0_ud1	22	24	b797ee188d6287d0
discard_un0_dp0_ud1	23	6	13309ee916c551bc
discard_un0_dp0_ud1	24	28	5d4594d33f77a62f
discard_un0_dp0_ud1	25	6	fcf8ea2c738bf0bb
discard_un0_dp0_ud1	26	182	7d73977ff23c249c
discard_un0_dp0_ud1	27	2	d930a8388fecfd6c
discard_un0_dp0_ud1	28	184	aec7ef9f0ecf734f
discard_un0_dp0_ud1	29	29	54ba87cb2f515487
discard_un0_dp0_ud1	30	10	43cd0d81f89a67ec
discard_un0_dp0_ud1	31	6	7abb25e93cf412df
discard_un0_dp0_ud1	32	11	7aecf32249a7c842
discard_un0_dp0_ud1	33	6	0a03e47f384ef872
discard_un0_dp0_ud1	34	77	1971d740ca7a95c2
discard_un0_dp0_ud1	35	178	33fb0c00b02c8b12
discard_un0_dp0_ud1	36	2	bdf75673c2b7b9af
discard_un0_dp0_ud1	37	29	a7d9287f7cb6f4a3
discard_un0_dp0_ud1	38	25	5ae53b3bbe9f8219
discard_un0_dp0_ud1	39	73	305fb252a8870851
discard_un0_dp0_ud1	40	3	9bf9d5567f90a850
discard_un0_dp0_ud1	41	3	e8ef047b9b78f799
discard_un0_dp0_ud1	42	27	f4a09d14b40e54fe
discard_un0_dp0_ud1	43	5	a5172c29fe09f2f5
discard_un0_dp0_ud1	44	29	8aca9239ea38a123
discard_un0_dp0_ud1	45	3	c96a694de46626b9
discard_un0_dp0_ud1	46	70	90608ad82259cd68
discard_un0_dp0_ud1	47	11	55dae13308c89228
discard_un0_dp0_ud1	48	71	18b95714c662f2c6
discard_un0_dp0_ud1	49	3	961410dbcb8aba28
discard_un0_dp0_ud1	50	75	385e376e566c6c0e
discard_un0_dp0_ud1	51	2	3b3ad4084fecb045
discard_un0_dp0_ud1	52	6	72c09cc6f7e0219c
discard_un0_dp0_ud1	53	34	b253ae4c4a09a97a
discard_un0_dp0_ud1	54	30	d6bb8951a58eb32e
discard_un0_dp0_ud1	55	2	ae7493fc3e487f8f
discard_un0_dp0_ud1	56	2	b840659fd1c80e1a
discard_un0_dp0_ud1	57	5	faab5e06249bd3c4
discard_un0_dp0_ud1	58	78	951c5790b782127b
discard_un0_dp0_ud1	59	29	7d9acd389bc96400
discard_un0_dp0_ud1	60	67	c48391ba794c24a1
discard_un0_dp0_ud1	61	3	42d3ba7856ba938f
discard_un0_dp0_ud1	62	183	bc602cbbaa667b74
discard_un0_dp0_ud1	63	186	f15309ba049db21a
discard_un0_dp0_ud1	64	31	acafe0fad0842692
discard_un0_dp0_ud1	65	29	efa887d39aca3139
discard_un0_dp0_ud1	66	6	fac59d0535630167
discard_un0_dp0_ud1	67	2	ec68d3e3732336cc
discard_un0_dp0_ud1	68	12	a95f80ad93fca3d3
discard_un0_dp0_ud1	69	180	ea7f8b968df55c0b
discard_un0_dp0_ud1	70	2	62767a9099eb7b5c
discard_un0_dp0_ud1	71	2	3c171071acbaa196
discard_un0_dp0_ud1	72	3	c9813505cf83b235
discard_un0_dp0_ud1	73	11	fe78a09ccaafe926
discard_un0_dp0_ud1	74	176	441dbb31159009bb
discard_un0_dp0_ud1	75	25	952e25bd9f07b206
discard_un0_dp0_ud1	76	27	d8012f15d298c183
discard_un0_dp0_ud1	77	29	8684a8ecff0949ca
discard_un0_dp0_ud1	78	186	a8ce45a2c3ab3bb4
discard_un0_dp0_ud1	79	11	c4d6297f78289176
discard_un0_dp0_ud1	80	74	3e69ebf2747af8fd
discard_un0_dp0_ud1	81	4	21cd00c134a171c2
discard_un0_dp0_ud1	82	79	8015a44678f4b6ec
discard_un0_dp0_ud1	83	175	3c5e27c72a0f3644
discard_un0_dp0_ud1	84	189	76a85f28810630a6
discard_un0_dp0_ud1	85	72	4bc29c9a1ba3a1d4
discard_un0_dp0_ud1	86	3	13dfaf4273396119
discard_un0_dp0_ud1	87	2	1b171a1f9329a579
discard_un0_dp0_ud1	88	2	06d064a5b6119cec
discard_un0_dp0_ud1	89	2	13dc9fd5928491eb
discard_un0_dp0_ud1	90	3	f122e80153e1e8f3
discard_un0_dp0_ud1	91	3	50a4311e91c6ecd5
discard_un0_dp0_ud1	92	9	fed9fa9393283d73
discard_un0_dp0_ud1	93	3	e1862e7d53e78bad
discard_un0_dp0_ud1	94	31	d96c67d81e7f6f54
discard_un0_dp0_ud1	95	2	7aad0b9e1226bef0
discard_un0_dp0_ud1	96	3	6dcbe1cf42f5ca02
discard_un0_dp0_ud1	97	25	30577d29accea010
discard_un0_dp0_ud1	98	10	237901dbbb51621e
discard_un0_dp0_ud1	99	75	68a2b8332cd71633
discard_un0_dp0_ud1	100	30	867a6687b39eea7f
discard_un0_dp0_ud1	101	72	47fef1ffd064d9db
discard_un0_dp0_ud1	102	2	9381c1799561e673
discard_un0_dp0_ud1	103	4	ed7cde8bd442e515
discard_un0_dp0_ud1	104	3	eacfe96e26f6497a
discard_un0_dp0_ud1	105	182	786668665f09f834
discard_un0_dp0_ud1	106	2	31250925694a9be5
discard_un0_dp0_ud1	107	2	111a8c670f1b7eb3
discard_un0_dp0_ud1	108	2	48f2d50e850d1972
discard_un0_dp0_ud1	109	30	0dd5f273d5950857
discard_un0_dp0_ud1	110	2	56f2119843262bd8
discard_un0_dp0_ud1	111	2	d756fbc0a19f6f57
discard_un0_dp0_ud1	112	2	5d3ba4edb71b9695
discard_un0_dp0_ud1	113	187	f41d932c1c64278c
discard_un0_dp0_ud1	114	175	093934893ad8895a
discard_un0_dp0_ud1	115	29	63e93b13345dff4c
discard_un0_dp0_ud1	116	11	ce451d6f9aee769b
discard_un0_dp0_ud1	117	3	b64c0d7d7ea7ea65
discard_un0_dp0_ud1	118	6	f00ae3ccfbc7ca0c
discard_un0_dp0_ud1	119	167	848fd3ae0f1fb2cf
discard_un0_dp0_ud1	120	5	d01f4deeacb6a884
discard_un0_dp0_ud1	121	5	59acd0851566c6cf
discard_un0_dp0_ud1	122	6	a881692237cb9568
discard_un0_dp0_ud1	123	2	ef5225248d173fa3
discard_un0_dp0_ud1	124	3	4b6376bf607b3594
discard_un0_dp0_ud1	125	2	5c3c0951b23679f5
discard_un0_dp0_ud1	126	14	63b23d7d840159e4
discard_un0_dp0_ud1	127	9	d4f634d018ee0f6b
discard_un0_dp0_ud1	128	2	63088dade7e2c78b
discard_un0_dp0_ud1	129	183	1cfcc0f97b02d8c1
discard_un0_dp0_ud1	130	72	dbbead6ccaa17cbf
discard_un0_dp0_ud1	131	189	d2413c0fe6c876aa
discard_un0_dp0_ud1	132	2	772dfa30393969bd
discard_un0_dp0_ud1	133	3	d23414d8415ee830
discard_un0_dp0_ud1	134	6	8d34a9073653849c
discard_un0_dp0_ud1	135	2	941e09cb949631cf
discard_un0_dp0_ud1	136	29	ee35f2e3c860d190
discard_un0_dp0_ud1	137	3	7e500d3ae150eb93
discard_un0_dp0_ud1	138	2	d9ad519b8157fdde
discard_un0_dp0_ud1	139	71	15c19e7421b030b0
discard_un0_dp0_ud1	140	9	58f8521aca45c5e4
discard_un0_dp0_ud1	141	2	3ed2a5ee559b0584
discard_un0_dp0_ud1	142	3	9fbb348d5d8a2a2d
discard_un0_dp0_ud1	143	2	e120c7dc005a72a2
discard_un0_dp0_ud1	144	3	0b018104431c67db
discard_un0_dp0_ud1	145	185	768283a2284e0a90
discard_un0_dp0_ud1	146	10	55904dbb2809837b
discard_un0_dp0_ud1	147	9	cc5d595c48fef01d
discard_un0_dp0_ud1	148	25	b5c995e8412a6924
discard_un0_dp0_ud1	149	3	dd79dcf066be6ccc
discard_un0_dp0_ud1	150	10	63bc49d1bf2c052c
discard_un0_dp0_ud1	151	9	9498ba2ec585c079
discard_un0_dp0_ud1	152	186	987a49cf1e45e2ca
discard_un0_dp0_ud1	153	179	11f0753d3b88cb4c
discard_un0_dp0_ud1	154	72	95dd086418222809
discard_un0_dp0_ud1	155	5	9a0a173078bcb4e6
discard_un0_dp0_ud1	156	12	245b4e8e6172bd97
discard_un0_dp0_ud1	157	3	9f6f2fb5c0fc134d
discard_un0_dp0_ud1	158	75	39a7622666cd13a7
discard_un0_dp0_ud1	159	3	e04ae1029f20c2c1
discard_un0_dp0_ud1	160	2	f0cfc8cbf5d9d664
discard_un0_dp0_ud1	161	79	140ffd01ac278728
discard_un0_dp0_ud1	162	179	ab13bb1474e0d4e7
discard_un0_dp0_ud1	163	184	b145c4ae86e132da
discard_un0_dp0_ud1	164	6	9b522109f5783f9c
discard_un0_dp0_ud1	165	70	80bfc79b752ed628
discard_un0_dp0_ud1	166	75	554a17be0f9a9367
discard_un0_dp0_ud1	167	6	16c400e79ef135df
discard_un0_dp0_ud1	168	5	9e271065c422a63f
discard_un0_dp0_ud1	169	3	686074a5510e2546
discard_un0_dp0_ud1	170	11	9187a856689dc40f
discard_un0_dp0_ud1	171	3	70a1e85204e4d72e
discard_un0_dp0_ud1	172	2	8c8ae7020cbb4c49
discard_un0_dp0_ud1	173	78	0f887f81778eb700
discard_un0_dp0_ud1	174	25	3076b68a9795e6ee
discard_un0_dp0_ud1	175	27	c12b4b84f8f9d295
discard_un0_dp0_ud1	176	3	8d714cc487cac3bf
discard_un0_dp0_ud1	177	3	7d6c7c1671067db4
discard_un0_dp0_ud1	178	183	2297bea82c04a614
discard_un0_dp0_ud1	179	28	5fa4bd84c9d4e565
discard_un0_dp0_ud1	180	3	657f0828eb8b259a
discard_un0_dp0_ud1	181	5	1d402fa1e25a705b
discard_un0_dp0_ud1	182	2	3bcd136472d8ebbf
discard_un0_dp0_ud1	183	10	82db7063c7e155c7
discard_un0_dp0_ud1	184	33	68865ddaf2943e91
discard_un0_dp0_ud1	185	6	0e865e2f1690f9ad
discard_un0_dp0_ud1	186	6	84af25b1df9b5a39
discard_un0_dp0_ud1	187	9	3e4dc9b436746087
discard_un0_dp0_ud1	188	6	5f16a728c91275cf
discard_un0_dp0_ud1	189	10	bddb1fcd2afe9e1d
discard_un0_dp0_ud1	190	5	3fa68b6c0ac9d6be
discard_un0_dp0_ud1	191	2	653cbfa4e25966ef
discard_un0_dp0_ud1	192	2	43c05b7ef01c7494
discard_un0_dp0_ud1	193	2	58c45d16565eb0d0
discard_un0_dp0_ud1	194	10	14262a505f06a068
discard_un0_dp0_ud1	195	11	d08288d2d63ca570
discard_un0_dp0_ud1	196	30	693db0b51bda889e
discard_un0_dp0_ud1	197	73	a766aa0ce1c51f8c
discard_un0_dp0_ud1	198	178	5a3c2198610e68ee
discard_un0_dp0_ud1	199	68	a6d7d971f9860d95
discard_un0_dp0_ud1	200	27	4df7bc14788329b6
discard_un0_dp0_ud1	201	73	cc075019e35f9b31
discard_un0_dp0_ud1	202	30	7b2b8c243a5be17c
discard_un0_dp0_ud1	203	185	8584310ce2601d30
discard_un0_dp0_ud1	204	190	6a821bb62f195811
discard_un0_dp0_ud1	205	71	880965d277c2493b
discard_un0_dp0_ud1	206	3	a081e17343101e56
discard_un0_dp0_ud1	207	2	03bd747c6229706a
discard_un0_dp0_ud1	208	28	1e3fa4de42664266
discard_un0_dp0_ud1	209	10	9228e199660c6324
discard_un0_dp0_ud1	210	188	b3ab47a0e8c853df
discard_un0_dp0_ud1	211	82	0c3ca3547d12e0df
discard_un0_dp0_ud1	212	5	b4be965f0ea3c7f1
discard_un0_dp0_ud1	213	10	3c36e3f135869833
discard_un0_dp0_ud1	214	75	98d1aeec16f9a97a
discard_un0_dp0_ud1	215	3	0672da7704845a4b
discard_un0_dp0_ud1	216	3	72ba45154468a49e
discard_un0_dp0_ud1	217	188	cda4e57c68ea2f34
discard_un0_dp0_ud1	218	3	39b47d1f935ab50e
discard_un0_dp0_ud1	219	31	7dea96e95d59cb75
discard_un0_dp0_ud1	220	80	74217f0f846b949d
discard_un0_dp0_ud1	221	35	7b8a7fc4d94fe4de
discard_un0_dp0_ud1	222	188	1f37401efda22310
discard_un0_dp0_ud1	223	2	68416f9a82cbadaa
discard_un0_dp0_ud1	224	75	ee16b99e2467c7f5
discard_un0_dp0_ud1	225	173	d6ba683df4d0dd74
discard_un0_dp0_ud1	226	34	e6487fa1c734322d
discard_un0_dp0_ud1	227	183	565b9064848864b7
discard_un0_dp0_ud1	228	2	1ed62d452c06032d
discard_un0_dp0_ud1	229	12	6093147242f47eb1
discard_un0_dp0_ud1	230	72	aa76b0e258e2fc01
discard_un0_dp0_ud1	231	3	77e4a054c5c3acbe
discard_un0_dp0_ud1	232	6	4acfe3057f18bad6
discard_un0_dp0_ud1	233	6	d6abae7b8a305a0f
discard_un0_dp0_ud1	234	29	58761d92f01bfadc
discard_un0_dp0_ud1	235	5	5c1af7797a86a816
discard_un0_dp0_ud1	236	6	34bd5dae9eea5b43
discard_un0_dp0_ud1	237	5	7d7414d8dabf0228
discard_un0_dp0_ud1	238	177	c810a60a2ead17fd
discard_un0_dp0_ud1	239	2	51440365f7228782
discard_un0_dp0_ud1	240	71	ff23c6481197a511
discard_un0_dp0_ud1	241	5	2935f8374ffedeb7
discard_un0_dp0_ud1	242	2	e0cb733b7977396e
discard_un0_dp0_ud1	243	70	140701db9e0a157c
discard_un0_dp0_ud1	244	11	77b4cd37c698dfb7
discard_un0_dp0_ud1	245	185	ea1b9c47bec4c8bf
discard_un0_dp0_ud1	246	68	990159f4f54876c4
discard_un0_dp0_ud1	247	25	de4512f7790460fe
discard_un0_dp0_ud1	248	28	3c4b130cce610436
discard_un0_dp0_ud1	249	77	55d0928fc21b1f7f
discard_un0_dp0_ud1	250	11	3899cd1664c00dfc
discard_un0_dp0_ud1	251	188	f6820dd74da713e9
discard_un0_dp0_ud1	252	9	ac40e7905cb7f1b9
discard_un0_dp0_ud1	253	196	d0d72fba73fefd95
discard_un0_dp0_ud1	254	11	e7311d6b80810e88
discard_un0_dp0_ud1	255	3	934d324711f9585b
discard_un0_dp0_ud1	256	72	df469713d7455fbb
discard_un0_dp0_ud1	257	71	b6bb0c9bd596459b
discard_un0_dp0_ud1	258	72	acf6574811abc469
discard_un0_dp0_ud1	259	182	0db20cad94d952dc
discard_un0_dp0_ud1	260	29	6ca1869840a7035b
discard_un0_dp0_ud1	261	3	3cc8a407e12c3f4f
discard_un0_dp0_ud1	262	77	4a1c3742d3dba622
discard_un0_dp0_ud1	263	3	78f2396bf6463765
discard_un0_dp0_ud1	264	6	24d4e5954fd260a4
discard_un0_dp0_ud1	265	2	f860f25b5dfae3df
discard_un0_dp0_ud1	266	77	8bbd621b0cca4e14
discard_un0_dp0_ud1	267	181	3aa1d9d6bd544286
discard_un0_dp0_ud1	268	25	386947f6f21f6f15
discard_un0_dp0_ud1	269	76	92b4f319ca4ac940
discard_un0_dp0_ud1	270	6	370c4d58649925e0
discard_un0_dp0_ud1	271	23	13a0df846a7b9b70
discard_un0_dp0_ud1	272	8	02d115de38c5f2e4
discard_un0_dp0_ud1	273	3	7e8b3bc6e0ff49f7
discard_un0_dp0_ud1	274	6	ad85495f018a11c1
discard_un0_dp0_ud1	275	2	a5a6c52ac89a2e26
discard_un0_dp0_ud1	276	27	b9394d4d0050bcb2
discard_un0_dp0_ud1	277	2	bfbaed8002ec6a28
discard_un0_dp0_ud1	278	185	0e43f4d0fc05c7ac
discard_un0_dp0_ud1	279	10	89b7ffd49d8ab351
discard_un0_dp0_ud1	280	6	4078e50d1544d35e
discard_un0_dp0_ud1	281	3	6675a2b038a72743
discard_un0_dp0_ud1	282	6	87834cd6318c0abc
discard_un0_dp0_ud1	283	10	d9feeed6b339b670
discard_un0_dp0_ud1	284	27	35d332fa9f292d5c
discard_un0_dp0_ud1	285	179	8cfd89564e84c725
discard_un0_dp0_ud1	286	9	dc045866ac25a4fc
discard_un0_dp0_ud1	287	2	4512339cf40b5163
discard_un0_dp0_ud1	288	30	116c9a166d9047df
discard_un0_dp0_ud1	289	69	2558f3e30369f715
discard_un0_dp0_ud1	290	8	93bad9f016f29f15
discard_un0_dp0_ud1	291	78	2323e6d317e1938b
discard_un0_dp0_ud1	292	2	0a207cc2286b47b9
discard_un0_dp0_ud1	293	26	c9631322996e2dcc
discard_un0_dp0_ud1	294	2	e92aa8fb21e21ba4
discard_un0_dp0_ud1	295	3	a247d93961ba0a35
discard_un0_dp0_ud1	296	28	8daf42a4f723d928
discard_un0_dp0_ud1	297	6	3a26cbe7424f541e
discard_un0_dp0_ud1	298	11	49ea0cb158ca870f
discard_un0_dp0_ud1	299	65	0ac303dfe1bc755b
discard_un0_dp0_ud1	300	29	7c00bbf0a3f3438e
discard_un0_dp0_ud1	301	3	30f2d1bab1a40b34
discard_un0_dp0_ud1	302	2	d86e9b7a0a82223f
discard_un0_dp0_ud1	303	2	9ffa96ea53f5d65f
discard_un0_dp0_ud1	304	28	96c5f65346ca3864
discard_un0_dp0_ud1	305	185	fd5b90550ac0df0f
discard_un0_dp0_ud1	306	9	792b148bdd0ae1af
discard_un0_dp0_ud1	307	28	dd2c6c403b945c5b
discard_un0_dp0_ud1	308	183	6e18afc6b1045580
discard_un0_dp0_ud1	309	2	e593167dbe740168
discard_un0_dp0_ud1	310	185	637c5e227c73fa26
discard_un0_dp0_ud1	311	3	a9c08f8c8fbe7b7a
discard_un0_dp0_ud1	312	27	907848372c1c70be
discard_un0_dp0_ud1	313	178	a2d5755bb386af0a
discard_un0_dp0_ud1	314	180	c4bd8fd6013ee1f5
discard_un0_dp0_ud1	315	6	d6fa7c4c226cb10f
discard_un0_dp0_ud1	316	180	ac15896b2b22ae54
discard_un0_dp0_ud1	317	174	3d52fe0167d0480f
discard_un0_dp0_ud1	318	66	17a0294534dcf409
discard_un0_dp0_ud1	319	6	898130edd1d53658
discard_un0_dp0_ud1	320	75	3a19a770fe8b6838
discard_un0_dp0_ud1	321	7	abe8e7888f48affe
discard_un0_dp0_ud1	322	6	425402bb15b2a6de
discard_un0_dp0_ud1	323	6	5de5e041be96da6d
discard_un0_dp0_ud1	324	73	a72d90f3e4c5c873
discard_un0_dp0_ud1	325	192	d48c11efa0c85218
discard_un0_dp0_ud1	326	10	c6e8a2a354b9c3b6
discard_un0_dp0_ud1	327	29	c3892014dfd070ae
discard_un0_dp0_ud1	328	10	2a9b4e75f8f49490
discard_un0_dp0_ud1	329	2	a6bb84b7a575f8ec
discard_un0_dp0_ud1	330	185	aae7a2fff70e9bc1
discard_un0_dp0_ud1	331	6	6106de746f210c0d
discard_un0_dp0_ud1	332	14	f3fa3594711d9f46
discard_un0_dp0_ud1	333	10	3df81dc05cc0d8e3
discard_un0_dp0_ud1	334	4	3359b1e46f33c835
discard_un0_dp0_ud1	335	33	5cecff2d1aa21af6
discard_un0_dp0_ud1	336	6	1e317ebcdbe551c5
discard_un0_dp0_ud1	337	11	0a664ea21d41bf05
discard_un0_dp0_ud1	338	2	52433b8379f9ccc2
discard_un0_dp0_ud1	339	2	d7cbbca2e0d29c5f
discard_un0_dp0_ud1	340	11	9e0615c777c8ad42
discard_un0_dp0_ud1	341	3	1f3aa361034ebfba
discard_un0_dp0_ud1	342	2	585dc3e49905c661
discard_un0_dp0_ud1	343	2	28a11183598e5824
discard_un0_dp0_ud1	344	3	998edbd3e3c0852d
discard_un0_dp0_ud1	345	29	9eb27aa30f4b384c
discard_un0_dp0_ud1	346	6	d76b0be5855094ec
discard_un0_dp0_ud1	347	11	d510f2c540c468ca
discard_un0_dp0_ud1	348	6	75d0836c930c6718
discard_un0_dp0_ud1	349	190	c860e10c7763bcc4
discard_un0_dp0_ud1	350	26	f3619635f05fa9bb
discard_un0_dp0_ud1	351	175	b48d6c445dae4b58
discard_un0_dp0_ud1	352	10	f881f07bca32a35c
discard_un0_dp0_ud1	353	74	b6392e25f08f4433
discard_un0_dp0_ud1	354	180	4bd9b29b27831691
discard_un0_dp0_ud1	355	73	dfa4ab2d4530fc43
discard_un0_dp0_ud1	356	2	fd20bd056e0c46a4
discard_un0_dp0_ud1	357	182	91906cf58e8761af
discard_un0_dp0_ud1	358	2	32c4420f50182d9b
discard_un0_dp0_ud1	359	12	39f872ca1c1b6fdf
discard_un0_dp0_ud1	360	179	76917e7703372136
discard_un0_dp0_ud1	361	6	3e3f94f2e62d42e9
discard_un0_dp0_ud1	362	173	16ae38da31da2451
discard_un0_dp0_ud1	363	8	f78e929ae96b8760
discard_un0_dp0_ud1	364	2	3322804f769107bc
discard_un0_dp0_ud1	365	77	fe5766ea7247610a
discard_un0_dp0_ud1	366	3	76f5bd7c590e252c
discard_un0_dp0_ud1	367	10	4768900bfdb3dafe
discard_un0_dp0_ud1	368	6	c3d7ae21bc2491ec
discard_un0_dp0_ud1	369	6	d3594f17b3a6e465
discard_un0_dp0_ud1	370	3	ebd961710316a4e5
discard_un0_dp0_ud1	371	2	5acc42448f3a7df6
discard_un0_dp0_ud1	372	25	240cd58e92b276dd
discard_un0_dp0_ud1	373	30	ec73bd5bfab78b6e
discard_un0_dp0_ud1	374	175	10039724738514d6
discard_un0_dp0_ud1	375	181	d2dc2b9ebebea389
discard_un0_dp0_ud1	376	75	bdf1bc5c4dc4415f
discard_un0_dp0_ud1	377	2	8651213e2bb36b49
discard_un0_dp0_ud1	378	80	54d8f5b687e021e3
discard_un0_dp0_ud1	379	191	9487555b14f5d2ed
discard_un0_dp0_ud1	380	190	fe934abbd6679022
discard_un0_dp0_ud1	381	3	73adcfaf266b2036
discard_un0_dp0_ud1	382	183	7fe0e2e88db02284
discard_un0_dp0_ud1	383	10	7521b9eb150893e0
discard_un0_dp0_ud1	384	28	83deb17ac352c6a2
discard_un0_dp0_ud1	385	30	a9bab7b3dd9a4745
discard_un0_dp0_ud1	386	5	20bd48632fbb41c1
discard_un0_dp0_ud1	387	10	6744c104af534ec9
discard_un0_dp0_ud1	388	2	aa1e60ba1401abea
discard_un0_dp0_ud1	389	196	0cdad9784a410023
discard_un0_dp0_ud1	390	80	46b9c75c6d7f8e34
discard_un0_dp0_ud1	391	8	ceed52aff0bc13ed
discard_un0_dp0_ud1	392	2	544186fb653549de
discard_un0_dp0_ud1	393	74	cfb3c8e3bb03a0c7
discard_un0_dp0_ud1	394	2	afc759b4113c25e6
discard_un0_dp0_ud1	395	11	9ef980280418cc7e
discard_un0_dp0_ud1	396	30	a0e361c606059407
discard_un0_dp0_ud1	397	3	781b29574154c676
discard_un0_dp0_ud1	398	3	9b9b233700a70666
discard_un0_dp0_ud1	399	77	8b2ba17bec428b36
discard_un1_dp1_ud0	0	207	732c3332a66b82c3
discard_un1_dp1_ud0	1	3	a4a8d635a6bd3203
discard_un1_dp1_ud0	2	206	aa221a957947baa2
discard_un1_dp1_ud0	3	2	71f056e10d51d81c
discard_un1_dp1_ud0	4	78	785d4801d42f658c
discard_un1_dp1_ud0	5	11	2aeafeb7f0dd846c
discard_un1_dp1_ud0	6	2	3a25daa9a10d2b61
discard_un1_dp1_ud0	7	83	3e1298d657ffb93c
discard_un1_dp1_ud0	8	6	13373bfed69b2900
discard_un1_dp1_ud0	9	3	b8460e03e7562a1c
discard_un1_dp1_ud0	10	213	e647a94c05eee776
discard_un1_dp1_ud0	11	9	9c4ae55c56deb305
discard_un1_dp1_ud0	12	2	1e4531718b24dcf3
discard_un1_dp1_ud0	13	10	e9ce19931b9951a2
discard_un1_dp1_ud0	14	31	d520f3f96db664fa
discard_un1_dp1_ud0	15	204	54879b0ebb738479
discard_un1_dp1_ud0	16	9	33d4c579ad6b1a1c
discard_un1_dp1_ud0	17	2	d430f30042c94162
discard_un1_dp1_ud0	18	6	e6929c729e10c6b7
discard_un1_dp1_ud0	19	89	9a4d47985998691f
discard_un1_dp1_ud0	20	212	c18b7eaa7b795caa
discard_un1_dp1_ud0	21	36	78f1c4bc48b422c9
discard_un1_dp1_ud0	22	30	c6cbc7fe820d322b
discard_un1_dp1_ud0	23	6	436d3b0e0b025c2e
discard_un1_dp1_ud0	24	30	8e071879e8426b5b
discard_un1_dp1_ud0	25	6	815b9c2fb7525529
discard_un1_dp1_ud0	26	207	d6143de16e29242a
discard_un1_dp1_ud0	27	2	251a16df712d4096
discard_un1_dp1_ud0	28	208	9d2dc69860b7f7f9
discard_un1_dp1_ud0	29	31	f6d8ddf80bb12e76
discard_un1_dp1_ud0	30	11	ecfb19352ff24ca7
discard_un1_dp1_ud0	31	6	7ac2f41f9d1bc11f
discard_un1_dp1_ud0	32	11	0a52a3d404acfc8a
discard_un1_dp1_ud0	33	5	c53488081fdf0895
discard_un1_dp1_ud0	34	93	4ee82b3016eb031f
discard_un1_dp1_ud0	35	205	ea7fc24fae5383e5
discard_un1_dp1_ud0	36	2	bdf75673c2b7b9af
discard_un1_dp1_ud0	37	31	a85e950c2aa26eb8
discard_un1_dp1_ud0	38	30	59ad94a73335af48
discard_un1_dp1_ud0	39	83	07cfddaf18ad856b
discard_un1_dp1_ud0	40	3	9bf9d5567f90a850
discard_un1_dp1_ud0	41	3	2d6da186be3f4591
discard_un1_dp1_ud0	42	30	9b1bb71b05c919de
discard_un1_dp1_ud0	43	6	1f02078b6bde6906
discard_un1_dp1_ud0	44	31	54ae3b20ddfa4b26
discard_un1_dp1_ud0	45	3	1504117fb2aa7b3b
discard_un1_dp1_ud0	46	77	66185d2e6efc24e2
discard_un1_dp1_ud0	47	12	3bed518d062e7f7b
discard_un1_dp1_ud0	48	81	bdbc61f44ca901db
discard_un1_dp1_ud0	49	3	ace4d14f90e4b1c6
discard_un1_dp1_ud0	50	82	12e7fa976f3f8c8d
discard_un1_dp1_ud0	51	2	3b3ad4084fecb045
discard_un1_dp1_ud0	52	6	03360de26eb444b4
discard_un1_dp1_ud0	53	36	6d0f8f0c87e87b5b
discard_un1_dp1_ud0	54	30	021e888316e2af10
discard_un1_dp1_ud0	55	2	36161c1323171749
discard_un1_dp1_ud0	56	2	ceea2d1dad1faae2
discard_un1_dp1_ud0	57	5	15240a6b0d878bdf
discard_un1_dp1_ud0	58	100	8d0cee0106da8225
discard_un1_dp1_ud0	59	30	9417dda02379241e
discard_un1_dp1_ud0	60	86	454671c4aed6d0e7
discard_un1_dp1_ud0	61	3	e3fd35e5176c5025
discard_un1_dp1_ud0	62	212	68b854b16964eb2b
discard_un1_dp1_ud0	63	206	af89c1d943d7e962
discard_un1_dp1_ud0	64	27	5f50f84784ee3ea7
discard_un1_dp1_ud0	65	31	b0c6e8025eed5b5f
discard_un1_dp1_ud0	66	6	5e52bad3bf5624bd
discard_un1_dp1_ud0	67	2	b6ebb98793bef7b4
discard_un1_dp1_ud0	68	12	2c18973c10994e5e
discard_un1_dp1_ud0	69	207	c83cde1a88bca90a
discard_un1_dp1_ud0	70	2	c4ed1c872a344364
discard_un1_dp1_ud0	71	2	64b540c0f13a4416
discard_un1_dp1_ud0	72	3	97a76c55286e5b2b
discard_un1_dp1_ud0	73	11	c6e800dcc10a6150
discard_un1_dp1_ud0	74	200	96ae7dc32ac92f84
discard_un1_dp1_ud0	75	33	ebe5fc1f0bf28ede
discard_un1_dp1_ud0	76	26	220e677c479ef491
discard_un1_dp1_ud0	77	31	7dc3f896105cf59a
discard_un1_dp1_ud0	78	210	90fb6d5cbd845f69
discard_un1_dp1_ud0	79	11	3c10e47bbaa2eaee
discard_un1_dp1_ud0	80	83	e57d12bb228b2f89
discard_un1_dp1_ud0	81	6	285419f8cce53156
discard_un1_dp1_ud0	82	79	73df2e7a65ae58cd
discard_un1_dp1_ud0	83	218	e8429bd23084ba60
discard_un1_dp1_ud0	84	228	784a8ad20bf46f27
discard_un1_dp1_ud0	85	82	ff5122245b18bfd9
discard_un1_dp1_ud0	86	3	a675fdb04c9bb1c9
discard_un1_dp1_ud0	87	2	1b171a1f9329a579
discard_un1_dp1_ud0	88	2	06d064a5b6119cec
discard_un1_dp1_ud0	89	3	9d82ab23bf0420ee
discard_un1_dp1_ud0	90	3	9b1758722127abcf
discard_un1_dp1_ud0	91	3	01ae6e117acd6e37
discard_un1_dp1_ud0	92	11	80c171d04d755565
discard_un1_dp1_ud0	93	3	e1862e7d53e78bad
discard_un1_dp1_ud0	94	30	5f4a6f5d94b995d6
discard_un1_dp1_ud0	95	2	5507e3ef2d1f9c0a
discard_un1_dp1_ud0	96	3	567142b0bd1ecae2
discard_un1_dp1_ud0	97	30	ce8013b609f82757
discard_un1_dp1_ud0	98	11	c1c16e94e25be3ed
discard_un1_dp1_ud0	99	84	8444fdeb234def19
discard_un1_dp1_ud0	100	30	8433646ff32f927c
discard_un1_dp1_ud0	101	80	fb21657d9c356165
discard_un1_dp1_ud0	102	2	2b77f36acc401545
discard_un1_dp1_ud0	103	6	67cc864fd283d0d5
discard_un1_dp1_ud0	104	3	eacfe96e26f6497a
discard_un1_dp1_ud0	105	210	6325c4495d4841f7
discard_un1_dp1_ud0	106	2	9550a3e580e246e7
discard_un1_dp1_ud0	107	2	111a8c670f1b7eb3
discard_un1_dp1_ud0	108	3	c3b3f33960192937
discard_un1_dp1_ud0	109	33	3c4b5656f45f64ef
discard_un1_dp1_ud0	110	2	56f2119843262bd8
discard_un1_dp1_ud0	111	2	d756fbc0a19f6f57
discard_un1_dp1_ud0	112	2	5d3ba4edb71b9695
discard_un1_dp1_ud0	113	204	5eaecd892a749130
discard_un1_dp1_ud0	114	211	4d0eea16ce3a4b31
discard_un1_dp1_ud0	115	35	e82302f31c5b82bf
discard_un1_dp1_ud0	116	10	e9f3b394899e211d
discard_un1_dp1_ud0	117	3	3e4e83fe9cab5783
discard_un1_dp1_ud0	118	6	b0c6fe00bfb47b14
discard_un1_dp1_ud0	119	207	c0a1ac5491bb9d44
discard_un1_dp1_ud0	120	6	354ec8f0f001b56b
discard_un1_dp1_ud0	121	9	f42c596cb9b92eff
discard_un1_dp1_ud0	122	6	22dffe9389bf5b6c
discard_un1_dp1_ud0	123	2	ef5225248d173fa3
discard_un1_dp1_ud0	124	3	134005e152d45e38
discard_un1_dp1_ud0	125	2	05f1cdd391b2c50d
discard_un1_dp1_ud0	126	14	d1505bd7aed88d40
discard_un1_dp1_ud0	127	10	ba271ff3dd32f515
discard_un1_dp1_ud0	128	2	63088dade7e2c78b
discard_un1_dp1_ud0	129	207	8f02737c58ebb684
discard_un1_dp1_ud0	130	84	d948ab1391de9f33
discard_un1_dp1_ud0	131	199	34381d55a912f130
discard_un1_dp1_ud0	132	2	772dfa30393969bd
discard_un1_dp1_ud0	133	3	57a7d8f297502b08
discard_un1_dp1_ud0	134	5	ff2cffe539675d97
discard_un1_dp1_ud0	135	2	941e09cb949631cf
discard_un1_dp1_ud0	136	31	1d76f06e18104032
discard_un1_dp1_ud0	137	3	7e500d3ae150eb93
discard_un1_dp1_ud0	138	2	d9ad519b8157fdde
discard_un1_dp1_ud0	139	84	5a99c76bff94944b
discard_un1_dp1_ud0	140	11	3f9d06880884f508
discard_un1_dp1_ud0	141	3	68e7a3506a58ef5e
discard_un1_dp1_ud0	142	3	3322d0766ce929ad
discard_un1_dp1_ud0	143	2	298a89e57461e50c
discard_un1_dp1_ud0	144	3	ea270ba25ca85221
discard_un1_dp1_ud0	145	196	55ad10db9c9d9ee8
discard_un1_dp1_ud0	146	11	7efd9b3547914970
discard_un1_dp1_ud0	147	14	1e19e73f873dfa61
discard_un1_dp1_ud0	148	31	049643302847c7ac
discard_un1_dp1_ud0	149	3	7e08f46c96d06662
discard_un1_dp1_ud0	150	11	45b7c84a98e8a4e8
discard_un1_dp1_ud0	151	11	8d0f6842c70974bf
discard_un1_dp1_ud0	152	217	4567049988eca445
discard_un1_dp1_ud0	153	205	77f7278771fad32a
discard_un1_dp1_ud0	154	79	3b487db22d204062
discard_un1_dp1_ud0	155	6	1394d9a26584762f
discard_un1_dp1_ud0	156	12	32ca6b71ae8c9ebd
discard_un1_dp1_ud0	157	3	84ff130cb727e9ef
discard_un1_dp1_ud0	158	79	5bc993741b9384ec
discard_un1_dp1_ud0	159	3	4c6caabc6fb12605
discard_un1_dp1_ud0	160	2	f0cfc8cbf5d9d664
discard_un1_dp1_ud0	161	89	647c1eba5f343313
discard_un1_dp1_ud0	162	205	3b5bf8090492a88a
discard_un1_dp1_ud0	163	206	7ef8cbdadfaf0792
discard_un1_dp1_ud0	164	5	0cbe59e8f9260788
discard_un1_dp1_ud0	165	83	3878d7dbec31e5f4
discard_un1_dp1_ud0	166	86	6add42fa04ec4907
discard_un1_dp1_ud0	167	6	520857c186fa18ed
discard_un1_dp1_ud0	168	6	b6a5da9829977912
discard_un1_dp1_ud0	169	3	49db5b357d7c0ad4
discard_un1_dp1_ud0	170	10	8c84f6a4ac8fc338
discard_un1_dp1_ud0	171	3	b7721d95e9b24aca
discard_un1_dp1_ud0	172	2	8c8ae7020cbb4c49
discard_un1_dp1_ud0	173	89	14dbc0dd2ff51143
discard_un1_dp1_ud0	174	32	65950fc008504220
discard_un1_dp1_ud0	175	30	a83d733dbcc51b44
discard_un1_dp1_ud0	176	3	ac1715977e982a17
discard_un1_dp1_ud0	177	3	9704eacc8671e534
discard_un1_dp1_ud0	178	194	a1db33652769d96a
discard_un1_dp1_ud0	179	30	3b1105fef5294eb3
discard_un1_dp1_ud0	180	3	a4f2be37f17ecd20
discard_un1_dp1_ud0	181	9	28288d6914289a37
discard_un1_dp1_ud0	182	2	8e49ea15371e1c8f
discard_un1_dp1_ud0	183	11	8321d16715cd44c5
discard_un1_dp1_ud0	184	33	2a3026dc6fc21fb7
discard_un1_dp1_ud0	185	6	d5b7a887b93f872d
discard_un1_dp1_ud0	186	5	eaf9ab020ff3deb1
discard_un1_dp1_ud0	187	11	f976fbd37521ba3f
discard_un1_dp1_ud0	188	6	f97a28d5f8ed7ab3
discard_un1_dp1_ud0	189	10	be4c5cf839d0bf83
discard_un1_dp1_ud0	190	6	2a03604c07ada8b2
discard_un1_dp1_ud0	191	2	ed6b2cfae63a523f
discard_un1_dp1_ud0	192	2	43c05b7ef01c7494
discard_un1_dp1_ud0	193	2	58c45d16565eb0d0
discard_un1_dp1_ud0	194	10	79ceaf05477d82e4
discard_un1_dp1_ud0	195	12	f691e61f8ab69c65
discard_un1_dp1_ud0	196	34	6ba4bbcd9cd6b3b9
discard_un1_dp1_ud0	197	80	8b4ca4129184793e
discard_un1_dp1_ud0	198	212	ba2f25b0b9dcdbab
discard_un1_dp1_ud0	199	80	23fc0dc9b0572c2b
discard_un1_dp1_ud0	200	33	a8e116ec0eb0188a
discard_un1_dp1_ud0	201	98	25745096ed3eb6c9
discard_un1_dp1_ud0	202	28	52b13eac0314d50e
discard_un1_dp1_ud0	203	204	8db77b2b06107570
discard_un1_dp1_ud0	204	203	9676ff9e39ff0692
discard_un1_dp1_ud0	205	76	3a6fe5f5ffa29107
discard_un1_dp1_ud0	206	3	8961c43dbfc500cc
discard_un1_dp1_ud0	207	2	03bd747c6229706a
discard_un1_dp1_ud0	208	41	2d27bd5ea9df3c58
discard_un1_dp1_ud0	209	11	b80a8741b42045dd
discard_un1_dp1_ud0	210	198	d71cdb58a5e60e69
discard_un1_dp1_ud0	211	87	f78ebbb984187c41
discard_un1_dp1_ud0	212	6	ec2567031cc6487a
discard_un1_dp1_ud0	213	10	8223c4d456f34004
discard_un1_dp1_ud0	214	84	fe3b53641ce61803
discard_un1_dp1_ud0	215	3	a72adc3383340d17
discard_un1_dp1_ud0	216	3	f0a307edf1c68b8e
discard_un1_dp1_ud0	217	209	67a991b75d44f7f8
discard_un1_dp1_ud0	218	3	4b0a23e872d8aa56
discard_un1_dp1_ud0	219	34	03f68420a566a7b6
discard_un1_dp1_ud0	220	83	fc956c0d8d814209
discard_un1_dp1_ud0	221	36	9aba41fae90a92b9
discard_un1_dp1_ud0	222	208	3611f8c4f30a9d40
discard_un1_dp1_ud0	223	2	68416f9a82cbadaa
discard_un1_dp1_ud0	224	79	53a4c442bdad4ebe
discard_un1_dp1_ud0	225	204	438a714120c72cfe
discard_un1_dp1_ud0	226	32	749d0768cc10df9d
discard_un1_dp1_ud0	227	212	46ba033cf3dcedd1
discard_un1_dp1_ud0	228	2	9766b38daae9dfd5
discard_un1_dp1_ud0	229	12	f3d8d76004918bc5
discard_un1_dp1_ud0	230	82	4bfbbfb8bcdac365
discard_un1_dp1_ud0	231	3	5940c7ed5f050a32
discard_un1_dp1_ud0	232	6	0165826166f1b11a
discard_un1_dp1_ud0	233	6	4b3e03d41cc833b5
discard_un1_dp1_ud0	234	31	9a1bc2d7d243ccb6
discard_un1_dp1_ud0	235	6	b94af4ed94866980
discard_un1_dp1_ud0	236	6	34bd5dae9eea5b43
discard_un1_dp1_ud0	237	6	dc306328376a25ec
discard_un1_dp1_ud0	238	210	62236e6d920e8d03
discard_un1_dp1_ud0	239	2	827e1db205c296da
discard_un1_dp1_ud0	240	85	6b2e328ff147d0ed
discard_un1_dp1_ud0	241	6	fdf33154b624bab4
discard_un1_dp1_ud0	242	3	b678894b48c1bf4c
discard_un1_dp1_ud0	243	84	2e9b89c1a8510c18
discard_un1_dp1_ud0	244	11	d8ab72979fef05f5
discard_un1_dp1_ud0	245	203	7458b26eeba9aa94
discard_un1_dp1_ud0	246	78	4795cc947dc2874b
discard_un1_dp1_ud0	247	34	c2a56c040657f155
discard_un1_dp1_ud0	248	30	80cf8847a6b8c4a9
discard_un1_dp1_ud0	249	92	3ac72fd9c0fdac6a
discard_un1_dp1_ud0	250	12	e17f748a35f4caff
discard_un1_dp1_ud0	251	210	29ae7c870c8ebdec
discard_un1_dp1_ud0	252	11	a8039fe6e548db35
discard_un1_dp1_ud0	253	221	e132e7da5e0575fc
discard_un1_dp1_ud0	254	13	410b15dbfb12ea0c
discard_un1_dp1_ud0	255	3	934d324711f9585b
discard_un1_dp1_ud0	256	86	a78f1adde4994341
discard_un1_dp1_ud0	257	84	1ba829f5a9deb6d0
discard_un1_dp1_ud0	258	82	94410c791554f176
discard_un1_dp1_ud0	259	200	34be5cba2194a3f6
discard_un1_dp1_ud0	260	31	c208d460ddfee913
discard_un1_dp1_ud0	261	2	df0273dfc6a5bb48
discard_un1_dp1_ud0	262	89	fe987c052ff3e728
discard_un1_dp1_ud0	263	3	80cdcdf0586b4285
discard_un1_dp1_ud0	264	5	383b987635df338f
discard_un1_dp1_ud0	265	3	224de7e355dc79ca
discard_un1_dp1_ud0	266	93	72cbcacf0ecc6e45
discard_un1_dp1_ud0	267	198	ceb3ba103d5f5fb0
discard_un1_dp1_ud0	268	33	f6e8a046a1992063
discard_un1_dp1_ud0	269	83	da0df81e3cbb04a9
discard_un1_dp1_ud0	270	6	be743daabfe6bd06
discard_un1_dp1_ud0	271	31	aacf9af1189d236c
discard_un1_dp1_ud0	272	11	a934979235230b39
discard_un1_dp1_ud0	273	3	a3eb2bf05c1c2b6f
discard_un1_dp1_ud0	274	6	f35300b5b096f9bb
discard_un1_dp1_ud0	275	2	a5a6c52ac89a2e26
discard_un1_dp1_ud0	276	32	bfbb1eed2f4bf2ff
discard_un1_dp1_ud0	277	2	bfbaed8002ec6a28
discard_un1_dp1_ud0	278	202	56d7729d29a66f3a
discard_un1_dp1_ud0	279	11	d6e0bbf14de67e1f
discard_un1_dp1_ud0	280	6	a7c0a31423ad82d2
discard_un1_dp1_ud0	281	2	3fb86b3cb3991095
discard_un1_dp1_ud0	282	7	8747e48584256510
discard_un1_dp1_ud0	283	11	8fe397d767769f73
discard_un1_dp1_ud0	284	29	52d6fee1a8e1c6ed
discard_un1_dp1_ud0	285	209	0bd47497df67d779
discard_un1_dp1_ud0	286	16	ece3cc7d42a202a8
discard_un1_dp1_ud0	287	3	36ea76d2d4a16446
discard_un1_dp1_ud0	288	30	5afa3718bb3c2a0c
discard_un1_dp1_ud0	289	80	121cb444400aea8d
discard_un1_dp1_ud0	290	11	f3de9b5877ac0d08
discard_un1_dp1_ud0	291	81	92f8b28bb888bdaf
discard_un1_dp1_ud0	292	2	a0e08f9da8d4ad1f
discard_un1_dp1_ud0	293	35	3b52ca6c0a280b16
discard_un1_dp1_ud0	294	2	e92aa8fb21e21ba4
discard_un1_dp1_ud0	295	3	ffb1d7bc4a7f1eb7
discard_un1_dp1_ud0	296	35	0abff9e224594c9e
discard_un1_dp1_ud0	297	6	806b830bfa5ee806
discard_un1_dp1_ud0	298	10	52eeff390b697d74
discard_un1_dp1_ud0	299	82	6a6e3a91e2331728
discard_un1_dp1_ud0	300	29	262401f84e64a6d4
discard_un1_dp1_ud0	301	3	7ee06c10b69c983c
discard_un1_dp1_ud0	302	2	d86e9b7a0a82223f
discard_un1_dp1_ud0	303	2	9ffa96ea53f5d65f
discard_un1_dp1_ud0	304	34	7a0485eaf0bf4ab2
discard_un1_dp1_ud0	305	204	ef17a939b01a5f1d
discard_un1_dp1_ud0	306	11	ae2117fa82e549ab
discard_un1_dp1_ud0	307	30	7dc8b5d4e2e63fc6
discard_un1_dp1_ud0	308	205	275ffad5c6e37493
discard_un1_dp1_ud0	309	3	5cfa33958ecdf350
discard_un1_dp1_ud0	310	202	e28c558564b44464
discard_un1_dp1_ud0	311	3	a9c08f8c8fbe7b7a
discard_un1_dp1_ud0	312	32	48023a277b74486e
discard_un1_dp1_ud0	313	214	611c6720645653a1
discard_un1_dp1_ud0	314	202	15c13206ea32da1d
discard_un1_dp1_ud0	315	6	53a180b826eba42b
discard_un1_dp1_ud0	316	205	f293507b69aa38c5
discard_un1_dp1_ud0	317	208	4f2fb274a57a8ac6
discard_un1_dp1_ud0	318	83	9d9d626d928e015d
discard_un1_dp1_ud0	319	5	e2d38e753d4aa081
discard_un1_dp1_ud0	320	85	74ada42b71026235
discard_un1_dp1_ud0	321	7	97458e0ddb328b7e
discard_un1_dp1_ud0	322	6	c5fc25c3bd920e96
discard_un1_dp1_ud0	323	6	cd09f11ff3c07725
discard_un1_dp1_ud0	324	83	e5366e2adee317ba
discard_un1_dp1_ud0	325	214	9b05b9e62e5bd5b9
discard_un1_dp1_ud0	326	11	bcd4183d02cb0563
discard_un1_dp1_ud0	327	31	014798ea4d11cda4
discard_un1_dp1_ud0	328	10	e0f3dc39f2d0804c
discard_un1_dp1_ud0	329	2	a45aebe53f6c2864
discard_un1_dp1_ud0	330	206	707aa5ff8ee301fd
discard_un1_dp1_ud0	331	6	d79f642e5e915dcb
discard_un1_dp1_ud0	332	12	78f0b23fd093fbdb
discard_un1_dp1_ud0	333	11	b33e1a1c18b0ede6
discard_un1_dp1_ud0	334	4	e9bb57bf8b4818e5
discard_un1_dp1_ud0	335	33	310662af241894d8
discard_un1_dp1_ud0	336	6	e5ac34f092a333c1
discard_un1_dp1_ud0	337	10	05d075707f33da5e
discard_un1_dp1_ud0	338	2	fff507f48f450cc2
discard_un1_dp1_ud0	339	2	8b28c6538413ee55
discard_un1_dp1_ud0	340	9	27db895379c8d015
discard_un1_dp1_ud0	341	3	e4d8b755b32875ba
discard_un1_dp1_ud0	342	2	585dc3e49905c661
discard_un1_dp1_ud0	343	2	28a11183598e5824
discard_un1_dp1_ud0	344	2	bc9ee5fc82ceb6ae
discard_un1_dp1_ud0	345	31	29948644ef2d7f10
discard_un1_dp1_ud0	346	6	07b8b47e4f6fde7a
discard_un1_dp1_ud0	347	15	c7f2af2f943bedb8
discard_un1_dp1_ud0	348	11	75bf41aeb0677853
discard_un1_dp1_ud0	349	207	7f4b61c11eac8041
discard_un1_dp1_ud0	350	36	19f3c58f4bcc1569
discard_un1_dp1_ud0	351	205	379f3273ce35d53a
discard_un1_dp1_ud0	352	12	b02ad1ec1bbd792e
discard_un1_dp1_ud0	353	82	9907cca334247b3a
discard_un1_dp1_ud0	354	205	0c4f1f3f14e14278
discard_un1_dp1_ud0	355	82	6ddf10df43f50db0
discard_un1_dp1_ud0	356	2	fd20bd056e0c46a4
discard_un1_dp1_ud0	357	203	516d391102b1c059
discard_un1_dp1_ud0	358	2	32c4420f50182d9b
discard_un1_dp1_ud0	359	11	583254ccf2d71385
discard_un1_dp1_ud0	360	211	83604ec65292d84d
discard_un1_dp1_ud0	361	6	aa7c864b6a779ca9
discard_un1_dp1_ud0	362	203	4600de1e288de9d0
discard_un1_dp1_ud0	363	11	7ab9304bfaa08945
discard_un1_dp1_ud0	364	2	3322804f769107bc
discard_un1_dp1_ud0	365	82	31fb1a629489ec81
discard_un1_dp1_ud0	366	3	76f5bd7c590e252c
discard_un1_dp1_ud0	367	11	a1214ca1901ff8fa
discard_un1_dp1_ud0	368	6	19466466f3ca4d66
discard_un1_dp1_ud0	369	5	055510b37d3e088e
discard_un1_dp1_ud0	370	3	4d4c4fd84fe71a4f
discard_un1_dp1_ud0	371	2	5acc42448f3a7df6
discard_un1_dp1_ud0	372	31	4b1b0d24a4b4c187
discard_un1_dp1_ud0	373	32	e1ebeedcb7b93073
discard_un1_dp1_ud0	374	208	efc28e864a0b3cda
discard_un1_dp1_ud0	375	211	bd52eefb3ad9c24f
discard_un1_dp1_ud0	376	81	5141cb0f8bf40034
discard_un1_dp1_ud0	377	2	f23bb38d32758f79
discard_un1_dp1_ud0	378	82	6b5805011845e9be
discard_un1_dp1_ud0	379	206	b945f4ead8202761
discard_un1_dp1_ud0	380	202	591ac8245ebd6fdc
discard_un1_dp1_ud0	381	2	0737efd232706575
discard_un1_dp1_ud0	382	221	eca6b601563c03dc
discard_un1_dp1_ud0	383	10	7e56d848b1002322
discard_un1_dp1_ud0	384	32	3e5154825e97a306
discard_un1_dp1_ud0	385	34	b97d40415aae9bb3
discard_un1_dp1_ud0	386	5	3c497432cee29b1c
discard_un1_dp1_ud0	387	10	10cd1a85cdf8f93c
discard_un1_dp1_ud0	388	2	164d0711da73b9ac
discard_un1_dp1_ud0	389	216	18dd2c880ba3afaa
discard_un1_dp1_ud0	390	88	594e725e1e235623
discard_un1_dp1_ud0	391	11	c2a61aadef1c8e2a
discard_un1_dp1_ud0	392	2	544186fb653549de
discard_un1_dp1_ud0	393	81	0185f0ce01ffd90d
discard_un1_dp1_ud0	394	2	7b54cc189836e996
discard_un1_dp1_ud0	395	10	0a2d1f8589fa0f14
discard_un1_dp1_ud0	396	30	6f9dc059f3194874
discard_un1_dp1_ud0	397	3	8ca2f83ef350d7dc
discard_un1_dp1_ud0	398	3	341f85f6c394ebae
discard_un1_dp1_ud0	399	80	c1e0872b0ddc9280
discard_un1_dp1_ud1	0	207	732c3332a66b82c3
discard_un1_dp1_ud1	1	3	a4a8d635a6bd3203
discard_un1_dp1_ud1	2	206	aa221a957947baa2
discard_un1_dp1_ud1	3	2	71f056e10d51d81c
discard_un1_dp1_ud1	4	78	785d4801d42f658c
discard_un1_dp1_ud1	5	11	2aeafeb7f0dd846c
discard_un1_dp1_ud1	6	2	3a25daa9a10d2b61
discard_un1_dp1_ud1	7	83	3e1298d657ffb93c
discard_un1_dp1_ud1	8	6	13373bfed69b2900
discard_un1_dp1_ud1	9	3	b8460e03e7562a1c
discard_un1_dp1_ud1	10	213	e647a94c05eee776
discard_un1_dp1_ud1	11	9	9c4ae55c56deb305
discard_un1_dp1_ud1	12	2	1e4531718b24dcf3
discard_un1_dp1_ud1	13	10	e9ce19931b9951a2
discard_un1_dp1_ud1	14	31	d520f3f96db664fa
discard_un1_dp1_ud1	15	204	674abaca32d063b2
discard_un1_dp1_ud1	16	9	33d4c579ad6b1a1c
discard_un1_dp1_ud1	17	2	d430f30042c94162
discard_un1_dp1_ud1	18	6	e6929c729e10c6b7
discard_un1_dp1_ud1	19	89	9a4d47985998691f
discard_un1_dp1_ud1	20	212	8a02a0ef7e8fe41c
discard_un1_dp1_ud1	21	36	f4d6225c5a617b5d
discard_un1_dp1_ud1	22	30	c6cbc7fe820d322b
discard_un1_dp1_ud1	23	6	436d3b0e0b025c2e
discard_un1_dp1_ud1	24	30	8e071879e8426b5b
discard_un1_dp1_ud1	25	6	815b9c2fb7525529
discard_un1_dp1_ud1	26	207	d6143de16e29242a
discard_un1_dp1_ud1	27	2	251a16df712d4096
discard_un1_dp1_ud1	28	208	c3ca8b1c03360501
discard_un1_dp1_ud1	29	31	f6d8ddf80bb12e76
discard_un1_dp1_ud1	30	11	ecfb19352ff24ca7
discard_un1_dp1_ud1	31	6	7ac2f41f9d1bc11f
discard_un1_dp1_ud1	32	11	0a52a3d404acfc8a
discard_un1_dp1_ud1	33	5	c53488081fdf0895
discard_un1_dp1_ud1	34	92	d825fce42f253b78
discard_un1_dp1_ud1	35	205	8440d06363dca675
discard_un1_dp1_ud1	36	2	bdf75673c2b7b9af
discard_un1_dp1_ud1	37	31	e6bda9cdeb3e3800
discard_un1_dp1_ud1	38	30	59ad94a73335af48
discard_un1_dp1_ud1	39	83	07cfddaf18ad856b
discard_un1_dp1_ud1	40	3	9bf9d5567f90a850
discard_un1_dp1_ud1	41	3	2d6da186be3f4591
discard_un1_dp1_ud1	42	30	9b1bb71b05c919de
discard_un1_dp1_ud1	43	6	1f02078b6bde6906
discard_un1_dp1_ud1	44	31	54ae3b20ddfa4b26
discard_un1_dp1_ud1	45	3	1504117fb2aa7b3b
discard_un1_dp1_ud1	46	77	66185d2e6efc24e2
discard_un1_dp1_ud1	47	12	3bed518d062e7f7b
discard_un1_dp1_ud1	48	81	bdbc61f44ca901db
discard_un1_dp1_ud1	49	3	ace4d14f90e4b1c6
discard_un1_dp1_ud1	50	82	12e7fa976f3f8c8d
discard_un1_dp1_ud1	51	2	3b3ad4084fecb045
discard_un1_dp1_ud1	52	6	03360de26eb444b4
discard_un1_dp1_ud1	53	36	6d0f8f0c87e87b5b
discard_un1_dp1_ud1	54	30	ae94bd3e9df249c0
discard_un1_dp1_ud1	55	2	36161c1323171749
discard_un1_dp1_ud1	56	2	ceea2d1dad1faae2
discard_un1_dp1_ud1	57	5	15240a6b0d878bdf
discard_un1_dp1_ud1	58	99	a778d5b06b11bee4
discard_un1_dp1_ud1	59	30	9417dda02379241e
discard_un1_dp1_ud1	60	86	454671c4aed6d0e7
discard_un1_dp1_ud1	61	3	e3fd35e5176c5025
discard_un1_dp1_ud1	62	212	68b854b16964eb2b
discard_un1_dp1_ud1	63	206	af89c1d943d7e962
discard_un1_dp1_ud1	64	27	5f50f84784ee3ea7
discard_un1_dp1_ud1	65	31	b0c6e8025eed5b5f
discard_un1_dp1_ud1	66	6	5e52bad3bf5624bd
discard_un1_dp1_ud1	67	2	b6ebb98793bef7b4
discard_un1_dp1_ud1	68	12	fd24cfa4050e5276
discard_un1_dp1_ud1	69	207	c83cde1a88bca90a
discard_un1_dp1_ud1	70	2	c4ed1c872a344364
discard_un1_dp1_ud1	71	2	64b540c0f13a4416
discard_un1_dp1_ud1	72	3	97a76c55286e5b2b
discard_un1_dp1_ud1	73	11	c6e800dcc10a6150
discard_un1_dp1_ud1	74	200	96ae7dc32ac92f84
discard_un1_dp1_ud1	75	33	ebe5fc1f0bf28ede
discard_un1_dp1_ud1	76	26	220e677c479ef491
discard_un1_dp1_ud1	77	31	7dc3f896105cf59a
discard_un1_dp1_ud1	78	210	78ba11cd0a1107e5
discard_un1_dp1_ud1	79	11	3c10e47bbaa2eaee
discard_un1_dp1_ud1	80	82	d12d126444855a5f
discard_un1_dp1_ud1	81	6	285419f8cce53156
discard_un1_dp1_ud1	82	79	94a733f90ae3fb2d
discard_un1_dp1_ud1	83	218	e8429bd23084ba60
discard_un1_dp1_ud1	84	228	df3fd71abdea2fbf
discard_un1_dp1_ud1	85	82	607c68b6af1d4b31
discard_un1_dp1_ud1	86	3	a675fdb04c9bb1c9
discard_un1_dp1_ud1	87	2	1b171a1f9329a579
discard_un1_dp1_ud1	88	2	06d064a5b6119cec
discard_un1_dp1_ud1	89	3	9d82ab23bf0420ee
discard_un1_dp1_ud1	90	3	9b1758722127abcf
discard_un1_dp1_ud1	91	3	50a4311e91c6ecd5
discard_un1_dp1_ud1	92	11	80c171d04d755565
discard_un1_dp1_ud1	93	3	e1862e7d53e78bad
discard_un1_dp1_ud1	94	30	5f4a6f5d94b995d6
discard_un1_dp1_ud1	95	2	5507e3ef2d1f9c0a
discard_un1_dp1_ud1	96	3	567142b0bd1ecae2
discard_un1_dp1_ud1	97	30	ce8013b609f82757
discard_un1_dp1_ud1	98	11	c1c16e94e25be3ed
discard_un1_dp1_ud1	99	84	8444fdeb234def19
discard_un1_dp1_ud1	100	30	8433646ff32f927c
discard_un1_dp1_ud1	101	80	fb21657d9c356165
discard_un1_dp1_ud1	102	2	2b77f36acc401545
discard_un1_dp1_ud1	103	6	67cc864fd283d0d5
discard_un1_dp1_ud1	104	3	eacfe96e26f6497a
discard_un1_dp1_ud1	105	209	bd29e4c72ac413f7
discard_un1_dp1_ud1	106	2	9550a3e580e246e7
discard_un1_dp1_ud1	107	2	111a8c670f1b7eb3
discard_un1_dp1_ud1	108	3	c3b3f33960192937
discard_un1_dp1_ud1	109	33	3c4b5656f45f64ef
discard_un1_dp1_ud1	110	2	56f2119843262bd8
discard_un1_dp1_ud1	111	2	d756fbc0a19f6f57
discard_un1_dp1_ud1	112	2	5d3ba4edb71b9695
discard_un1_dp1_ud1	113	203	99b236f532ab270b
discard_un1_dp1_ud1	114	211	2b26dfb98da52a65
discard_un1_dp1_ud1	115	35	e82302f31c5b82bf
discard_un1_dp1_ud1	116	10	e9f3b394899e211d
discard_un1_dp1_ud1	117	3	3e4e83fe9cab5783
discard_un1_dp1_ud1	118	6	b0c6fe00bfb47b14
discard_un1_dp1_ud1	119	206	0ae2ccdc0ed0aebd
discard_un1_dp1_ud1	120	6	354ec8f0f001b56b
discard_un1_dp1_ud1	121	9	f42c596cb9b92eff
discard_un1_dp1_ud1	122	6	22dffe9389bf5b6c
discard_un1_dp1_ud1	123	2	ef5225248d173fa3
discard_un1_dp1_ud1	124	3	134005e152d45e38
discard_un1_dp1_ud1	125	2	05f1cdd391b2c50d
discard_un1_dp1_ud1	126	14	d1505bd7aed88d40
discard_un1_dp1_ud1	127	10	ba271ff3dd32f515
discard_un1_dp1_ud1	128	2	63088dade7e2c78b
discard_un1_dp1_ud1	129	207	5aecf8b1b51fdf84
discard_un1_dp1_ud1	130	84	d948ab1391de9f33
discard_un1_dp1_ud1	131	199	7c5db7e021282798
discard_un1_dp1_ud1	132	2	772dfa30393969bd
discard_un1_dp1_ud1	133	3	57a7d8f297502b08
discard_un1_dp1_ud1	134	5	ff2cffe539675d97
discard_un1_dp1_ud1	135	2	941e09cb949631cf
discard_un1_dp1_ud1	136	31	c6eebfad17beb77a
discard_un1_dp1_ud1	137	3	7e500d3ae150eb93
discard_un1_dp1_ud1	138	2	d9ad519b8157fdde
discard_un1_dp1_ud1	139	84	292b8fcead19c6ed
discard_un1_dp1_ud1	140	11	3f9d06880884f508
discard_un1_dp1_ud1	141	3	68e7a3506a58ef5e
discard_un1_dp1_ud1	142	3	3322d0766ce929ad
discard_un1_dp1_ud1	143	2	298a89e57461e50c
discard_un1_dp1_ud1	144	3	ea270ba25ca85221
discard_un1_dp1_ud1	145	196	55ad10db9c9d9ee8
discard_un1_dp1_ud1	146	11	7efd9b3547914970
discard_un1_dp1_ud1	147	14	1e19e73f873dfa61
discard_un1_dp1_ud1	148	31	049643302847c7ac
discard_un1_dp1_ud1	149	3	7e08f46c96d06662
discard_un1_dp1_ud1	150	11	45b7c84a98e8a4e8
discard_un1_dp1_ud1	151	11	8d0f6842c70974bf
discard_un1_dp1_ud1	152	217	4567049988eca445
discard_un1_dp1_ud1	153	205	bfbf2cfbe2bdf322
discard_un1_dp1_ud1	154	79	3b487db22d204062
discard_un1_dp1_ud1	155	6	1394d9a26584762f
discard_un1_dp1_ud1	156	12	32ca6b71ae8c9ebd
discard_un1_dp1_ud1	157	3	84ff130cb727e9ef
discard_un1_dp1_ud1	158	79	5bc993741b9384ec
discard_un1_dp1_ud1	159	3	4c6caabc6fb12605
discard_un1_dp1_ud1	160	2	f0cfc8cbf5d9d664
discard_un1_dp1_ud1	161	89	647c1eba5f343313
discard_un1_dp1_ud1	162	205	3b5bf8090492a88a
discard_un1_dp1_ud1	163	205	c24f42d051140024
discard_un1_dp1_ud1	164	5	0cbe59e8f9260788
discard_un1_dp1_ud1	165	82	7483a9bbac1963ea
discard_un1_dp1_ud1	166	86	6add42fa04ec4907
discard_un1_dp1_ud1	167	6	520857c186fa18ed
discard_un1_dp1_ud1	168	6	b6a5da9829977912
discard_un1_dp1_ud1	169	3	49db5b357d7c0ad4
discard_un1_dp1_ud1	170	10	8c84f6a4ac8fc338
discard_un1_dp1_ud1	171	3	b7721d95e9b24aca
discard_un1_dp1_ud1	172	2	8c8ae7020cbb4c49
discard_un1_dp1_ud1	173	89	14dbc0dd2ff51143
discard_un1_dp1_ud1	174	32	65950fc008504220
discard_un1_dp1_ud1	175	30	a83d733dbcc51b44
discard_un1_dp1_ud1	176	3	ac1715977e982a17
discard_un1_dp1_ud1	177	3	9704eacc8671e534
discard_un1_dp1_ud1	178	194	a1db33652769d96a
discard_un1_dp1_ud1	179	30	3b1105fef5294eb3
discard_un1_dp1_ud1	180	3	a4f2be37f17ecd20
discard_un1_dp1_ud1	181	9	28288d6914289a37
discard_un1_dp1_ud1	182	2	8e49ea15371e1c8f
discard_un1_dp1_ud1	183	11	8321d16715cd44c5
discard_un1_dp1_ud1	184	33	2a3026dc6fc21fb7
discard_un1_dp1_ud1	185	6	d5b7a887b93f872d
discard_un1_dp1_ud1	186	5	eaf9ab020ff3deb1
discard_un1_dp1_ud1	187	11	f976fbd37521ba3f
discard_un1_dp1_ud1	188	6	f97a28d5f8ed7ab3
discard_un1_dp1_ud1	189	10	be4c5cf839d0bf83
discard_un1_dp1_ud1	190	6	2a03604c07ada8b2
discard_un1_dp1_ud1	191	2	ed6b2cfae63a523f
discard_un1_dp1_ud1	192	2	43c05b7ef01c7494
discard_un1_dp1_ud1	193	2	58c45d16565eb0d0
discard_un1_dp1_ud1	194	10	79ceaf05477d82e4
discard_un1_dp1_ud1	195	12	f6601578886f57ed
discard_un1_dp1_ud1	196	34	6ba4bbcd9cd6b3b9
discard_un1_dp1_ud1	197	80	8b4ca4129184793e
discard_un1_dp1_ud1	198	210	73e6603433ffcfa8
discard_un1_dp1_ud1	199	80	23fc0dc9b0572c2b
discard_un1_dp1_ud1	200	33	44247a35ac2d1360
discard_un1_dp1_ud1	201	98	25745096ed3eb6c9
discard_un1_dp1_ud1	202	28	52b13eac0314d50e
discard_un1_dp1_ud1	203	204	8db77b2b06107570
discard_un1_dp1_ud1	204	203	9676ff9e39ff0692
discard_un1_dp1_ud1	205	76	3a6fe5f5ffa29107
discard_un1_dp1_ud1	206	3	8961c43dbfc500cc
discard_un1_dp1_ud1	207	2	03bd747c6229706a
discard_un1_dp1_ud1	208	41	2d27bd5ea9df3c58
discard_un1_dp1_ud1	209	11	b80a8741b42045dd
discard_un1_dp1_ud1	210	197	7f9672cea2b89582
discard_un1_dp1_ud1	211	87	f78ebbb984187c41
discard_un1_dp1_ud1	212	6	ec2567031cc6487a
discard_un1_dp1_ud1	213	10	8223c4d456f34004
discard_un1_dp1_ud1	214	84	fe3b53641ce61803
discard_un1_dp1_ud1	215	3	a72adc3383340d17
discard_un1_dp1_ud1	216	3	f0a307edf1c68b8e
discard_un1_dp1_ud1	217	209	a5f0e64079bc430e
discard_un1_dp1_ud1	218	3	4b0a23e872d8aa56
discard_un1_dp1_ud1	219	34	03f68420a566a7b6
discard_un1_dp1_ud1	220	83	fc956c0d8d814209
discard_un1_dp1_ud1	221	36	a3171c95d3445109
discard_un1_dp1_ud1	222	205	834d582639858808
discard_un1_dp1_ud1	223	2	68416f9a82cbadaa
discard_un1_dp1_ud1	224	79	53a4c442bdad4ebe
discard_un1_dp1_ud1	225	204	2adcf9d1c640ecc2
discard_un1_dp1_ud1	226	33	0628a609775a71ff
discard_un1_dp1_ud1	227	212	dd00d46f1efe7381
discard_un1_dp1_ud1	228	2	9766b38daae9dfd5
discard_un1_dp1_ud1	229	12	f3d8d76004918bc5
discard_un1_dp1_ud1	230	82	4bfbbfb8bcdac365
discard_un1_dp1_ud1	231	3	5940c7ed5f050a32
discard_un1_dp1_ud1	232	6	0165826166f1b11a
discard_un1_dp1_ud1	233	6	4b3e03d41cc833b5
discard_un1_dp1_ud1	234	31	9a1bc2d7d243ccb6
discard_un1_dp1_ud1	235	6	b94af4ed94866980
discard_un1_dp1_ud1	236	6	34bd5dae9eea5b43
discard_un1_dp1_ud1	237	6	dc306328376a25ec
discard_un1_dp1_ud1	238	210	62236e6d920e8d03
discard_un1_dp1_ud1	239	2	827e1db205c296da
discard_un1_dp1_ud1	240	85	6b2e328ff147d0ed
discard_un1_dp1_ud1	241	6	fdf33154b624bab4
discard_un1_dp1_ud1	242	3	b678894b48c1bf4c
discard_un1_dp1_ud1	243	84	2e9b89c1a8510c18
discard_un1_dp1_ud1	244	11	d8ab72979fef05f5
discard_un1_dp1_ud1	245	203	e01ec8bdb13c1f4a
discard_un1_dp1_ud1	246	78	9d4119ffee003b3b
discard_un1_dp1_ud1	247	34	c2a56c040657f155
discard_un1_dp1_ud1	248	30	80cf8847a6b8c4a9
discard_un1_dp1_ud1	249	92	3ac72fd9c0fdac6a
discard_un1_dp1_ud1	250	12	e17f748a35f4caff
discard_un1_dp1_ud1	251	209	0d3a92ef95ba9e8d
discard_un1_dp1_ud1	252	11	a8039fe6e548db35
discard_un1_dp1_ud1	253	220	d4f31bd27bc37398
discard_un1_dp1_ud1	254	13	410b15dbfb12ea0c
discard_un1_dp1_ud1	255	3	934d324711f9585b
discard_un1_dp1_ud1	256	86	a78f1adde4994341
discard_un1_dp1_ud1	257	84	1ba829f5a9deb6d0
discard_un1_dp1_ud1	258	82	94410c791554f176
discard_un1_dp1_ud1	259	200	34be5cba2194a3f6
discard_un1_dp1_ud1	260	31	c208d460ddfee913
discard_un1_dp1_ud1	261	2	df0273dfc6a5bb48
discard_un1_dp1_ud1	262	89	4c3ee7c643a47570
discard_un1_dp1_ud1	263	3	80cdcdf0586b4285
discard_un1_dp1_ud1	264	5	383b987635df338f
discard_un1_dp1_ud1	265	2	f860f25b5dfae3df
discard_un1_dp1_ud1	266	93	68c0110b8ddd4ddd
discard_un1_dp1_ud1	267	198	a427877050c9b6c0
discard_un1_dp1_ud1	268	33	f6e8a046a1992063
discard_un1_dp1_ud1	269	83	da0df81e3cbb04a9
discard_un1_dp1_ud1	270	6	be743daabfe6bd06
discard_un1_dp1_ud1	271	31	aacf9af1189d236c
discard_un1_dp1_ud1	272	11	a934979235230b39
discard_un1_dp1_ud1	273	3	a3eb2bf05c1c2b6f
discard_un1_dp1_ud1	274	6	f35300b5b096f9bb
discard_un1_dp1_ud1	275	2	a5a6c52ac89a2e26
discard_un1_dp1_ud1	276	32	bfbb1eed2f4bf2ff
discard_un1_dp1_ud1	277	2	bfbaed8002ec6a28
discard_un1_dp1_ud1	278	202	56d7729d29a66f3a
discard_un1_dp1_ud1	279	10	8293bb95a795093b
discard_un1_dp1_ud1	280	6	a7c0a31423ad82d2
discard_un1_dp1_ud1	281	2	3fb86b3cb3991095
discard_un1_dp1_ud1	282	7	8747e48584256510
discard_un1_dp1_ud1	283	11	8fe397d767769f73
discard_un1_dp1_ud1	284	29	52d6fee1a8e1c6ed
discard_un1_dp1_ud1	285	209	ae27cafffa07e94d
discard_un1_dp1_ud1	286	16	ece3cc7d42a202a8
discard_un1_dp1_ud1	287	3	36ea76d2d4a16446
discard_un1_dp1_ud1	288	30	5afa3718bb3c2a0c
discard_un1_dp1_ud1	289	80	121cb444400aea8d
discard_un1_dp1_ud1	290	11	f3de9b5877ac0d08
discard_un1_dp1_ud1	291	81	92f8b28bb888bdaf
discard_un1_dp1_ud1	292	2	a0e08f9da8d4ad1f
discard_un1_dp1_ud1	293	35	3b52ca6c0a280b16
discard_un1_dp1_ud1	294	2	e92aa8fb21e21ba4
discard_un1_dp1_ud1	295	3	a247d93961ba0a35
discard_un1_dp1_ud1	296	35	0abff9e224594c9e
discard_un1_dp1_ud1	297	6	806b830bfa5ee806
discard_un1_dp1_ud1	298	10	52eeff390b697d74
discard_un1_dp1_ud1	299	82	6a6e3a91e2331728
discard_un1_dp1_ud1	300	28	cbd27b0212d8dd43
discard_un1_dp1_ud1	301	3	7ee06c10b69c983c
discard_un1_dp1_ud1	302	2	d86e9b7a0a82223f
discard_un1_dp1_ud1	303	2	9ffa96ea53f5d65f
discard_un1_dp1_ud1	304	34	7a0485eaf0bf4ab2
discard_un1_dp1_ud1	305	204	ef17a939b01a5f1d
discard_un1_dp1_ud1	306	11	ae2117fa82e549ab
discard_un1_dp1_ud1	307	30	7dc8b5d4e2e63fc6
discard_un1_dp1_ud1	308	204	603faaa27aedcc80
discard_un1_dp1_ud1	309	3	5cfa33958ecdf350
discard_un1_dp1_ud1	310	202	e28c558564b44464
discard_un1_dp1_ud1	311	3	a9c08f8c8fbe7b7a
discard_un1_dp1_ud1	312	31	25b783e7c1e0dcb6
discard_un1_dp1_ud1	313	213	11bec344a420cdbc
discard_un1_dp1_ud1	314	202	6af8b00efd923d29
discard_un1_dp1_ud1	315	6	53a180b826eba42b
discard_un1_dp1_ud1	316	205	f293507b69aa38c5
discard_un1_dp1_ud1	317	208	a57185bc09e9c502
discard_un1_dp1_ud1	318	83	9d9d626d928e015d
discard_un1_dp1_ud1	319	5	e2d38e753d4aa081
discard_un1_dp1_ud1	320	84	d663b979aab3de72
discard_un1_dp1_ud1	321	7	97458e0ddb328b7e
discard_un1_dp1_ud1	322	6	c5fc25c3bd920e96
discard_un1_dp1_ud1	323	6	cd09f11ff3c07725
discard_un1_dp1_ud1	324	83	e5366e2adee317ba
discard_un1_dp1_ud1	325	214	9b05b9e62e5bd5b9
discard_un1_dp1_ud1	326	11	bcd4183d02cb0563
discard_un1_dp1_ud1	327	30	1c3cf4115fec74b0
discard_un1_dp1_ud1	328	10	e0f3dc39f2d0804c
discard_un1_dp1_ud1	329	2	a45aebe53f6c2864
discard_un1_dp1_ud1	330	206	e9871664362f48c5
discard_un1_dp1_ud1	331	6	d79f642e5e915dcb
discard_un1_dp1_ud1	332	12	78f0b23fd093fbdb
discard_un1_dp1_ud1	333	11	b33e1a1c18b0ede6
discard_un1_dp1_ud1	334	4	e9bb57bf8b4818e5
discard_un1_dp1_ud1	335	33	310662af241894d8
discard_un1_dp1_ud1	336	6	e5ac34f092a333c1
discard_un1_dp1_ud1	337	10	05d075707f33da5e
discard_un1_dp1_ud1	338	2	fff507f48f450cc2
discard_un1_dp1_ud1	339	2	8b28c6538413ee55
discard_un1_dp1_ud1	340	9	27db895379c8d015
discard_un1_dp1_ud1	341	3	e4d8b755b32875ba
discard_un1_dp1_ud1	342	2	585dc3e49905c661
discard_un1_dp1_ud1	343	2	28a11183598e5824
discard_un1_dp1_ud1	344	2	bc9ee5fc82ceb6ae
discard_un1_dp1_ud1	345	31	29948644ef2d7f10
discard_un1_dp1_ud1	346	6	07b8b47e4f6fde7a
discard_un1_dp1_ud1	347	15	c7f2af2f943bedb8
discard_un1_dp1_ud1	348	11	75bf41aeb0677853
discard_un1_dp1_ud1	349	207	7f4b61c11eac8041
discard_un1_dp1_ud1	350	36	19f3c58f4bcc1569
discard_un1_dp1_ud1	351	204	c77bcae6467a24fb
discard_un1_dp1_ud1	352	11	a1c30839a1c2a2d2
discard_un1_dp1_ud1	353	82	9907cca334247b3a
discard_un1_dp1_ud1	354	205	0c4f1f3f14e14278
discard_un1_dp1_ud1	355	82	6ddf10df43f50db0
discard_un1_dp1_ud1	356	2	fd20bd056e0c46a4
discard_un1_dp1_ud1	357	202	854efcf81587d03c
discard_un1_dp1_ud1	358	2	32c4420f50182d9b
discard_un1_dp1_ud1	359	11	583254ccf2d71385
discard_un1_dp1_ud1	360	211	83604ec65292d84d
discard_un1_dp1_ud1	361	6	aa7c864b6a779ca9
discard_un1_dp1_ud1	362	202	292a5574ae64ea4b
discard_un1_dp1_ud1	363	11	7ab9304bfaa08945
discard_un1_dp1_ud1	364	2	3322804f769107bc
discard_un1_dp1_ud1	365	82	31fb1a629489ec81
discard_un1_dp1_ud1	366	3	76f5bd7c590e252c
discard_un1_dp1_ud1	367	11	a1214ca1901ff8fa
discard_un1_dp1_ud1	368	6	19466466f3ca4d66
discard_un1_dp1_ud1	369	5	055510b37d3e088e
discard_un1_dp1_ud1	370	3	4d4c4fd84fe71a4f
discard_un1_dp1_ud1	371	2	5acc42448f3a7df6
discard_un1_dp1_ud1	372	31	4b1b0d24a4b4c187
discard_un1_dp1_ud1	373	31	a7d2af47636f9db6
discard_un1_dp1_ud1	374	208	efc28e864a0b3cda
discard_un1_dp1_ud1	375	211	bd52eefb3ad9c24f
discard_un1_dp1_ud1	376	81	58a42a10381118b4
discard_un1_dp1_ud1	377	2	f23bb38d32758f79
discard_un1_dp1_ud1	378	82	6b5805011845e9be
discard_un1_dp1_ud1	379	206	9a349c12967d8d61
discard_un1_dp1_ud1	380	202	f7dca2daa756ff20
discard_un1_dp1_ud1	381	2	0737efd232706575
discard_un1_dp1_ud1	382	221	eca6b601563c03dc
discard_un1_dp1_ud1	383	10	7e56d848b1002322
discard_un1_dp1_ud1	384	32	3e5154825e97a306
discard_un1_dp1_ud1	385	34	b97d40415aae9bb3
discard_un1_dp1_ud1	386	5	3c497432cee29b1c
discard_un1_dp1_ud1	387	10	10cd1a85cdf8f93c
discard_un1_dp1_ud1	388	2	164d0711da73b9ac
discard_un1_dp1_ud1	389	215	2ec51c53d91b5896
discard_un1_dp1_ud1	390	88	594e725e1e235623
discard_un1_dp1_ud1	391	11	c2a61aadef1c8e2a
discard_un1_dp1_ud1	392	2	544186fb653549de
discard_un1_dp1_ud1	393	81	0185f0ce01ffd90d
discard_un1_dp1_ud1	394	2	7b54cc189836e996
discard_un1_dp1_ud1	395	10	0a2d1f8589fa0f14
discard_un1_dp1_ud1	396	30	6f9dc059f3194874
discard_un1_dp1_ud1	397	3	8ca2f83ef350d7dc
discard_un1_dp1_ud1	398	3	341f85f6c394ebae
discard_un1_dp1_ud1	399	80	c1e0872b0ddc9280
discard_un1_dp0_ud0	0	211	149da7dd0e531199
discard_un1_dp0_ud0	1	3	a4a8d635a6bd3203
discard_un1_dp0_ud0	2	214	1bcf6c09ea9f9f15
discard_un1_dp0_ud0	3	2	71f056e10d51d81c
discard_un1_dp0_ud0	4	81	abde5f585ead28be
discard_un1_dp0_ud0	5	12	7aec5b8be84251b2
discard_un1_dp0_ud0	6	2	3a25daa9a10d2b61
discard_un1_dp0_ud0	7	86	496a9ce297a112a3
discard_un1_dp0_ud0	8	6	13373bfed69b2900
discard_un1_dp0_ud0	9	3	b8460e03e7562a1c
discard_un1_dp0_ud0	10	223	82e78af8ed89f810
discard_un1_dp0_ud0	11	11	3009acb7631564c1
discard_un1_dp0_ud0	12	2	1e4531718b24dcf3
discard_un1_dp0_ud0	13	11	61ee04df7934d68b
discard_un1_dp0_ud0	14	31	d520f3f96db664fa
discard_un1_dp0_ud0	15	207	3083c1edf53035c8
discard_un1_dp0_ud0	16	9	33d4c579ad6b1a1c
discard_un1_dp0_ud0	17	2	d430f30042c94162
discard_un1_dp0_ud0	18	6	e6929c729e10c6b7
discard_un1_dp0_ud0	19	91	cfd309bf3011c680
discard_un1_dp0_ud0	20	218	54c5f7650eb9882d
discard_un1_dp0_ud0	21	36	78f1c4bc48b422c9
discard_un1_dp0_ud0	22	31	7903520fc8ec3866
discard_un1_dp0_ud0	23	6	436d3b0e0b025c2e
discard_un1_dp0_ud0	24	32	c7bb24f37571598b
discard_un1_dp0_ud0	25	6	815b9c2fb7525529
discard_un1_dp0_ud0	26	208	68e33baaa1b2e24a
discard_un1_dp0_ud0	27	2	251a16df712d4096
discard_un1_dp0_ud0	28	213	e3c0474b531ecf4f
discard_un1_dp0_ud0	29	32	6c4a76140798f54c
discard_un1_dp0_ud0	30	11	ecfb19352ff24ca7
discard_un1_dp0_ud0	31	6	7ac2f41f9d1bc11f
discard_un1_dp0_ud0	32	11	0a52a3d404acfc8a
discard_un1_dp0_ud0	33	6	8f858bf68b375ee6
discard_un1_dp0_ud0	34	96	973dd4dbf6d6db5d
discard_un1_dp0_ud0	35	212	d6cd100cab8a2a4a
discard_un1_dp0_ud0	36	2	bdf75673c2b7b9af
discard_un1_dp0_ud0	37	33	ba10f516eaa6033d
discard_un1_dp0_ud0	38	32	de7383aaddf8f5da
discard_un1_dp0_ud0	39	84	2415c4fb338b7d63
discard_un1_dp0_ud0	40	3	9bf9d5567f90a850
discard_un1_dp0_ud0	41	3	2d6da186be3f4591
discard_un1_dp0_ud0	42	31	8a8a71cf22a27844
discard_un1_dp0_ud0	43	6	1f02078b6bde6906
discard_un1_dp0_ud0	44	32	426950c06eaee291
discard_un1_dp0_ud0	45	3	1504117fb2aa7b3b
discard_un1_dp0_ud0	46	81	02ca245c9e3207ec
discard_un1_dp0_ud0	47	12	3bed518d062e7f7b
discard_un1_dp0_ud0	48	82	cf877be61f308c00
discard_un1_dp0_ud0	49	3	ace4d14f90e4b1c6
discard_un1_dp0_ud0	50	86	851803062dbbc903
discard_un1_dp0_ud0	51	2	3b3ad4084fecb045
discard_un1_dp0_ud0	52	6	03360de26eb444b4
discard_un1_dp0_ud0	53	38	25df0f57c73b421c
discard_un1_dp0_ud0	54	32	63e4a4d6d91bdfd6
discard_un1_dp0_ud0	55	2	36161c1323171749
discard_un1_dp0_ud0	56	2	ceea2d1dad1faae2
discard_un1_dp0_ud0	57	6	0bc283e63a66db5e
discard_un1_dp0_ud0	58	101	5ba78183ff265df4
discard_un1_dp0_ud0	59	30	9417dda02379241e
discard_un1_dp0_ud0	60	87	bb5fd779e26a4ae9
discard_un1_dp0_ud0	61	3	e3fd35e5176c5025
discard_un1_dp0_ud0	62	216	f5367425cd97bb14
discard_un1_dp0_ud0	63	214	c1fd01a06441bf7c
discard_un1_dp0_ud0	64	31	9047283a59688100
discard_un1_dp0_ud0	65	31	b0c6e8025eed5b5f
discard_un1_dp0_ud0	66	6	5e52bad3bf5624bd
discard_un1_dp0_ud0	67	2	b6ebb98793bef7b4
discard_un1_dp0_ud0	68	13	3f02e3137312e891
discard_un1_dp0_ud0	69	212	718375a6603a3107
discard_un1_dp0_ud0	70	2	c4ed1c872a344364
discard_un1_dp0_ud0	71	2	64b540c0f13a4416
discard_un1_dp0_ud0	72	3	97a76c55286e5b2b
discard_un1_dp0_ud0	73	11	c6e800dcc10a6150
discard_un1_dp0_ud0	74	207	8cd085150da2ceac
discard_un1_dp0_ud0	75	33	ebe5fc1f0bf28ede
discard_un1_dp0_ud0	76	30	aa72037b7a775ccc
discard_un1_dp0_ud0	77	31	7dc3f896105cf59a
discard_un1_dp0_ud0	78	217	e2d0bc96232374c7
discard_un1_dp0_ud0	79	11	3c10e47bbaa2eaee
discard_un1_dp0_ud0	80	87	b2a1393e4fb8138d
discard_un1_dp0_ud0	81	6	285419f8cce53156
discard_un1_dp0_ud0	82	81	8144891062cd9552
discard_un1_dp0_ud0	83	221	c99bb1e9e5ce3cea
discard_un1_dp0_ud0	84	231	4f02cb95395b4408
discard_un1_dp0_ud0	85	84	11657e39376892e6
discard_un1_dp0_ud0	86	3	a675fdb04c9bb1c9
discard_un1_dp0_ud0	87	2	1b171a1f9329a579
discard_un1_dp0_ud0	88	2	06d064a5b6119cec
discard_un1_dp0_ud0	89	3	9d82ab23bf0420ee
discard_un1_dp0_ud0	90	3	9b1758722127abcf
discard_un1_dp0_ud0	91	3	01ae6e117acd6e37
discard_un1_dp0_ud0	92	11	80c171d04d755565
discard_un1_dp0_ud0	93	3	e1862e7d53e78bad
discard_un1_dp0_ud0	94	31	fd605d7b4be86a12
discard_un1_dp0_ud0	95	2	5507e3ef2d1f9c0a
discard_un1_dp0_ud0	96	3	567142b0bd1ecae2
discard_un1_dp0_ud0	97	32	52a19bae8d80bbda
discard_un1_dp0_ud0	98	11	c1c16e94e25be3ed
discard_un1_dp0_ud0	99	86	3e8c0489121078b3
discard_un1_dp0_ud0	100	31	5708a32fc4eddf24
discard_un1_dp0_ud0	101	82	b2542ff6666da27b
discard_un1_dp0_ud0	102	2	2b77f36acc401545
discard_un1_dp0_ud0	103	6	67cc864fd283d0d5
discard_un1_dp0_ud0	104	3	eacfe96e26f6497a
discard_un1_dp0_ud0	105	213	1794d35f327ed268
discard_un1_dp0_ud0	106	2	9550a3e580e246e7
discard_un1_dp0_ud0	107	2	111a8c670f1b7eb3
discard_un1_dp0_ud0	108	3	c3b3f33960192937
discard_un1_dp0_ud0	109	33	3c4b5656f45f64ef
discard_un1_dp0_ud0	110	2	56f2119843262bd8
discard_un1_dp0_ud0	111	2	d756fbc0a19f6f57
discard_un1_dp0_ud0	112	2	5d3ba4edb71b9695
discard_un1_dp0_ud0	113	212	baeada1e9dcf8807
discard_un1_dp0_ud0	114	219	7d37601d09964010
discard_un1_dp0_ud0	115	36	c75c2d03ba4e22f9
discard_un1_dp0_ud0	116	11	4bc1adf433acad4d
discard_un1_dp0_ud0	117	3	3e4e83fe9cab5783
discard_un1_dp0_ud0	118	6	b0c6fe00bfb47b14
discard_un1_dp0_ud0	119	211	9cb7090bdce56377
discard_un1_dp0_ud0	120	6	354ec8f0f001b56b
discard_un1_dp0_ud0	121	9	f42c596cb9b92eff
discard_un1_dp0_ud0	122	6	22dffe9389bf5b6c
discard_un1_dp0_ud0	123	2	ef5225248d173fa3
discard_un1_dp0_ud0	124	3	134005e152d45e38
discard_un1_dp0_ud0	125	2	05f1cdd391b2c50d
discard_un1_dp0_ud0	126	14	d1505bd7aed88d40
discard_un1_dp0_ud0	127	11	05566680a9ca2e41
discard_un1_dp0_ud0	128	2	63088dade7e2c78b
discard_un1_dp0_ud0	129	211	e58c9fc59a8b8b97
discard_un1_dp0_ud0	130	89	805312e7ec489289
discard_un1_dp0_ud0	131	208	b3936eedba282fdf
discard_un1_dp0_ud0	132	2	772dfa30393969bd
discard_un1_dp0_ud0	133	3	57a7d8f297502b08
discard_un1_dp0_ud0	134	6	a9a82c80687fed98
discard_un1_dp0_ud0	135	2	941e09cb949631cf
discard_un1_dp0_ud0	136	32	36cb8b609136c8a0
discard_un1_dp0_ud0	137	3	7e500d3ae150eb93
discard_un1_dp0_ud0	138	2	d9ad519b8157fdde
discard_un1_dp0_ud0	139	84	5a99c76bff94944b
discard_un1_dp0_ud0	140	11	3f9d06880884f508
discard_un1_dp0_ud0	141	3	68e7a3506a58ef5e
discard_un1_dp0_ud0	142	3	3322d0766ce929ad
discard_un1_dp0_ud0	143	2	298a89e57461e50c
discard_un1_dp0_ud0	144	3	ea270ba25ca85221
discard_un1_dp0_ud0	145	206	bb756f5273fe4086
discard_un1_dp0_ud0	146	11	7efd9b3547914970
discard_un1_dp0_ud0	147	14	1e19e73f873dfa61
discard_un1_dp0_ud0	148	31	049643302847c7ac
discard_un1_dp0_ud0	149	3	7e08f46c96d06662
discard_un1_dp0_ud0	150	11	45b7c84a98e8a4e8
discard_un1_dp0_ud0	151	11	8d0f6842c70974bf
discard_un1_dp0_ud0	152	224	49ae08181ca44b90
discard_un1_dp0_ud0	153	209	84141266f87c7b8a
discard_un1_dp0_ud0	154	82	ffc0125b87d29df7
discard_un1_dp0_ud0	155	6	1394d9a26584762f
discard_un1_dp0_ud0	156	12	32ca6b71ae8c9ebd
discard_un1_dp0_ud0	157	3	84ff130cb727e9ef
discard_un1_dp0_ud0	158	81	2f716691dfa9c669
discard_un1_dp0_ud0	159	3	4c6caabc6fb12605
discard_un1_dp0_ud0	160	2	f0cfc8cbf5d9d664
discard_un1_dp0_ud0	161	92	66afa9013d9b8464
discard_un1_dp0_ud0	162	208	88e0b6862af5362e
discard_un1_dp0_ud0	163	212	965ccaed1dd8dd46
discard_un1_dp0_ud0	164	6	483504a5e4303754
discard_un1_dp0_ud0	165	86	db5140ac02e8116e
discard_un1_dp0_ud0	166	87	b4c5e003d44f0cf3
discard_un1_dp0_ud0	167	6	520857c186fa18ed
discard_un1_dp0_ud0	168	6	b6a5da9829977912
discard_un1_dp0_ud0	169	3	49db5b357d7c0ad4
discard_un1_dp0_ud0	170	11	cd860637f0807607
discard_un1_dp0_ud0	171	3	b7721d95e9b24aca
discard_un1_dp0_ud0	172	2	8c8ae7020cbb4c49
discard_un1_dp0_ud0	173	91	ab84b3121891e043
discard_un1_dp0_ud0	174	34	249d57260c31ae54
discard_un1_dp0_ud0	175	31	18bf30f9946b9ad3
discard_un1_dp0_ud0	176	3	ac1715977e982a17
discard_un1_dp0_ud0	177	3	9704eacc8671e534
discard_un1_dp0_ud0	178	203	c15bcc66d6c48816
discard_un1_dp0_ud0	179	32	254db62d84cfbec7
discard_un1_dp0_ud0	180	3	a4f2be37f17ecd20
discard_un1_dp0_ud0	181	9	28288d6914289a37
discard_un1_dp0_ud0	182	2	8e49ea15371e1c8f
discard_un1_dp0_ud0	183	11	8321d16715cd44c5
discard_un1_dp0_ud0	184	33	2a3026dc6fc21fb7
discard_un1_dp0_ud0	185	6	d5b7a887b93f872d
discard_un1_dp0_ud0	186	6	e6929bccd0fff5a7
discard_un1_dp0_ud0	187	11	f976fbd37521ba3f
discard_un1_dp0_ud0	188	6	f97a28d5f8ed7ab3
discard_un1_dp0_ud0	189	10	be4c5cf839d0bf83
discard_un1_dp0_ud0	190	6	2a03604c07ada8b2
discard_un1_dp0_ud0	191	2	ed6b2cfae63a523f
discard_un1_dp0_ud0	192	2	43c05b7ef01c7494
discard_un1_dp0_ud0	193	2	58c45d16565eb0d0
discard_un1_dp0_ud0	194	11	599f46800c949268
discard_un1_dp0_ud0	195	12	f691e61f8ab69c65
discard_un1_dp0_ud0	196	35	a6ef14c369eb4d4a
discard_un1_dp0_ud0	197	81	0b8283b0f179827a
discard_un1_dp0_ud0	198	216	27620b8aaa944695
discard_un1_dp0_ud0	199	84	e38d7a27021ce87d
discard_un1_dp0_ud0	200	33	a8e116ec0eb0188a
discard_un1_dp0_ud0	201	99	83e9b566047c6141
discard_un1_dp0_ud0	202	32	97088c6c3062dcf0
discard_un1_dp0_ud0	203	212	433d67dd22a659ad
discard_un1_dp0_ud0	204	209	8df903805be71fc1
discard_un1_dp0_ud0	205	81	1ae188e3e167f0c3
discard_un1_dp0_ud0	206	3	8961c43dbfc500cc
discard_un1_dp0_ud0	207	2	03bd747c6229706a
discard_un1_dp0_ud0	208	41	2d27bd5ea9df3c58
discard_un1_dp0_ud0	209	11	b80a8741b42045dd
discard_un1_dp0_ud0	210	205	9b6259f4b147e646
discard_un1_dp0_ud0	211	88	f5245ed45362e357
discard_un1_dp0_ud0	212	6	ec2567031cc6487a
discard_un1_dp0_ud0	213	11	947a291a6f11b6f9
discard_un1_dp0_ud0	214	87	4a57e3253f925ebe
discard_un1_dp0_ud0	215	3	a72adc3383340d17
discard_un1_dp0_ud0	216	3	f0a307edf1c68b8e
discard_un1_dp0_ud0	217	212	a5818ba82cc37478
discard_un1_dp0_ud0	218	3	4b0a23e872d8aa56
discard_un1_dp0_ud0	219	35	18528ef5c9ae0231
discard_un1_dp0_ud0	220	89	53dc4e05fac919b9
discard_un1_dp0_ud0	221	37	48fb3f7dfddf9302
discard_un1_dp0_ud0	222	215	6164fd428d545b38
discard_un1_dp0_ud0	223	2	68416f9a82cbadaa
discard_un1_dp0_ud0	224	81	e5a1729f54544fbb
discard_un1_dp0_ud0	225	207	e1dbd2c43f98fc18
discard_un1_dp0_ud0	226	36	8827561bbedf0781
discard_un1_dp0_ud0	227	217	06f970a2c1b26779
discard_un1_dp0_ud0	228	2	9766b38daae9dfd5
discard_un1_dp0_ud0	229	12	f3d8d76004918bc5
discard_un1_dp0_ud0	230	84	ef61ab35f49ebc03
discard_un1_dp0_ud0	231	3	5940c7ed5f050a32
discard_un1_dp0_ud0	232	6	0165826166f1b11a
discard_un1_dp0_ud0	233	6	4b3e03d41cc833b5
discard_un1_dp0_ud0	234	31	9a1bc2d7d243ccb6
discard_un1_dp0_ud0	235	6	b94af4ed94866980
discard_un1_dp0_ud0	236	6	34bd5dae9eea5b43
discard_un1_dp0_ud0	237	6	dc306328376a25ec
discard_un1_dp0_ud0	238	215	0d176efdaa284c2f
discard_un1_dp0_ud0	239	2	827e1db205c296da
discard_un1_dp0_ud0	240	85	6b2e328ff147d0ed
discard_un1_dp0_ud0	241	6	fdf33154b624bab4
discard_un1_dp0_ud0	242	3	b678894b48c1bf4c
discard_un1_dp0_ud0	243	84	2e9b89c1a8510c18
discard_un1_dp0_ud0	244	11	d8ab72979fef05f5
discard_un1_dp0_ud0	245	213	443e30c04d6d6647
discard_un1_dp0_ud0	246	82	0fe2955445b49c72
discard_un1_dp0_ud0	247	34	c2a56c040657f155
discard_un1_dp0_ud0	248	31	90d6b66eb8544d48
discard_un1_dp0_ud0	249	93	6aa312b040a7009b
discard_un1_dp0_ud0	250	12	e17f748a35f4caff
discard_un1_dp0_ud0	251	217	05592ec737c0548a
discard_un1_dp0_ud0	252	11	a8039fe6e548db35
discard_un1_dp0_ud0	253	226	c6a912902560de8b
discard_un1_dp0_ud0	254	13	410b15dbfb12ea0c
discard_un1_dp0_ud0	255	3	934d324711f9585b
discard_un1_dp0_ud0	256	87	aec28c7c6a34e1f0
discard_un1_dp0_ud0	257	86	d558929dba3e4f2d
discard_un1_dp0_ud0	258	86	41875883a91078bd
discard_un1_dp0_ud0	259	212	b90ac2de533f427a
discard_un1_dp0_ud0	260	31	c208d460ddfee913
discard_un1_dp0_ud0	261	3	0f1482c8b99467fd
discard_un1_dp0_ud0	262	91	b29624a18bdd342e
discard_un1_dp0_ud0	263	3	80cdcdf0586b4285
discard_un1_dp0_ud0	264	6	c4f7040b337dca80
discard_un1_dp0_ud0	265	3	224de7e355dc79ca
discard_un1_dp0_ud0	266	94	8bf38395eb099ebc
discard_un1_dp0_ud0	267	206	90e24f53ac5c128b
discard_un1_dp0_ud0	268	34	987c5c3d40c37d3f
discard_un1_dp0_ud0	269	85	e5d759ef4379bcaf
discard_un1_dp0_ud0	270	6	be743daabfe6bd06
discard_un1_dp0_ud0	271	31	aacf9af1189d236c
discard_un1_dp0_ud0	272	11	a934979235230b39
discard_un1_dp0_ud0	273	3	a3eb2bf05c1c2b6f
discard_un1_dp0_ud0	274	6	f35300b5b096f9bb
discard_un1_dp0_ud0	275	2	a5a6c52ac89a2e26
discard_un1_dp0_ud0	276	32	bfbb1eed2f4bf2ff
discard_un1_dp0_ud0	277	2	bfbaed8002ec6a28
discard_un1_dp0_ud0	278	207	ac8d602efb94fa32
discard_un1_dp0_ud0	279	12	4e159c38c0e07cfd
discard_un1_dp0_ud0	280	6	a7c0a31423ad82d2
discard_un1_dp0_ud0	281	3	4271405f816e339d
discard_un1_dp0_ud0	282	7	8747e48584256510
discard_un1_dp0_ud0	283	11	8fe397d767769f73
discard_un1_dp0_ud0	284	31	1ec10f5c1aa6e9d6
discard_un1_dp0_ud0	285	218	75c2658ac72bf2ec
discard_un1_dp0_ud0	286	16	ece3cc7d42a202a8
discard_un1_dp0_ud0	287	3	36ea76d2d4a16446
discard_un1_dp0_ud0	288	32	b1b87065c681b38b
discard_un1_dp0_ud0	289	82	8e74e7c3bfa49308
discard_un1_dp0_ud0	290	11	f3de9b5877ac0d08
discard_un1_dp0_ud0	291	85	550be58d89e9292b
discard_un1_dp0_ud0	292	2	a0e08f9da8d4ad1f
discard_un1_dp0_ud0	293	35	3b52ca6c0a280b16
discard_un1_dp0_ud0	294	2	e92aa8fb21e21ba4
discard_un1_dp0_ud0	295	3	ffb1d7bc4a7f1eb7
discard_un1_dp0_ud0	296	36	59f8df02cab937cc
discard_un1_dp0_ud0	297	6	806b830bfa5ee806
discard_un1_dp0_ud0	298	11	90ae7599214a3aa3
discard_un1_dp0_ud0	299	83	ac15b2f39965e787
discard_un1_dp0_ud0	300	32	64add86a3c1a0789
discard_un1_dp0_ud0	301	3	7ee06c10b69c983c
discard_un1_dp0_ud0	302	2	d86e9b7a0a82223f
discard_un1_dp0_ud0	303	2	9ffa96ea53f5d65f
discard_un1_dp0_ud0	304	37	975cd4b93ad3d029
discard_un1_dp0_ud0	305	210	198bbb358b8668c7
discard_un1_dp0_ud0	306	11	ae2117fa82e549ab
discard_un1_dp0_ud0	307	31	259446281e2f3711
discard_un1_dp0_ud0	308	212	6059e082539347e9
discard_un1_dp0_ud0	309	3	5cfa33958ecdf350
discard_un1_dp0_ud0	310	208	5cd73c00831aa21e
discard_un1_dp0_ud0	311	3	a9c08f8c8fbe7b7a
discard_un1_dp0_ud0	312	32	48023a277b74486e
discard_un1_dp0_ud0	313	219	a26115e9a258991f
discard_un1_dp0_ud0	314	213	2c7ca8367eb8f5ef
discard_un1_dp0_ud0	315	6	53a180b826eba42b
discard_un1_dp0_ud0	316	217	461685b5e6f8fe82
discard_un1_dp0_ud0	317	214	9002a72d6ab397cf
discard_un1_dp0_ud0	318	85	ecf2f5fedd6381fb
discard_un1_dp0_ud0	319	6	0f3078df9ed71dd0
discard_un1_dp0_ud0	320	86	1bd448ba58692a9f
discard_un1_dp0_ud0	321	7	97458e0ddb328b7e
discard_un1_dp0_ud0	322	6	c5fc25c3bd920e96
discard_un1_dp0_ud0	323	6	cd09f11ff3c07725
discard_un1_dp0_ud0	324	86	3ff8c92a1ea80200
discard_un1_dp0_ud0	325	222	59c4c6e9c65e9e30
discard_un1_dp0_ud0	326	11	bcd4183d02cb0563
discard_un1_dp0_ud0	327	32	a8a6785d73662d34
discard_un1_dp0_ud0	328	11	cde78583cddd1571
discard_un1_dp0_ud0	329	2	a45aebe53f6c2864
discard_un1_dp0_ud0	330	213	6696aff9c70e26c9
discard_un1_dp0_ud0	331	6	d79f642e5e915dcb
discard_un1_dp0_ud0	332	14	bb053ebef5c9c4de
discard_un1_dp0_ud0	333	11	b33e1a1c18b0ede6
discard_un1_dp0_ud0	334	4	e9bb57bf8b4818e5
discard_un1_dp0_ud0	335	34	ad8be1605b6fb289
discard_un1_dp0_ud0	336	6	e5ac34f092a333c1
discard_un1_dp0_ud0	337	11	9c427b0c80fa0e0d
discard_un1_dp0_ud0	338	2	fff507f48f450cc2
discard_un1_dp0_ud0	339	2	8b28c6538413ee55
discard_un1_dp0_ud0	340	11	a36e26100de424ca
discard_un1_dp0_ud0	341	3	e4d8b755b32875ba
discard_un1_dp0_ud0	342	2	585dc3e49905c661
discard_un1_dp0_ud0	343	2	28a11183598e5824
discard_un1_dp0_ud0	344	3	998edbd3e3c0852d
discard_un1_dp0_ud0	345	31	29948644ef2d7f10
discard_un1_dp0_ud0	346	6	07b8b47e4f6fde7a
discard_un1_dp0_ud0	347	15	c7f2af2f943bedb8
discard_un1_dp0_ud0	348	11	75bf41aeb0677853
discard_un1_dp0_ud0	349	215	691e69949c8a5852
discard_un1_dp0_ud0	350	36	19f3c58f4bcc1569
discard_un1_dp0_ud0	351	214	72f09ed28661866b
discard_un1_dp0_ud0	352	12	b02ad1ec1bbd792e
discard_un1_dp0_ud0	353	83	bc412a164a073cb2
discard_un1_dp0_ud0	354	214	8cadff3dd31613f7
discard_un1_dp0_ud0	355	85	5717030b506affbd
discard_un1_dp0_ud0	356	2	fd20bd056e0c46a4
discard_un1_dp0_ud0	357	207	8db9fc7456a39292
discard_un1_dp0_ud0	358	2	32c4420f50182d9b
discard_un1_dp0_ud0	359	12	7ed4a4babae568f1
discard_un1_dp0_ud0	360	212	92c2cfb49a8f06cf
discard_un1_dp0_ud0	361	6	aa7c864b6a779ca9
discard_un1_dp0_ud0	362	212	75bbf22ca47c108e
discard_un1_dp0_ud0	363	12	6f53465f3ba460ec
discard_un1_dp0_ud0	364	2	3322804f769107bc
discard_un1_dp0_ud0	365	83	168560ea2cb44c38
discard_un1_dp0_ud0	366	3	76f5bd7c590e252c
discard_un1_dp0_ud0	367	11	a1214ca1901ff8fa
discard_un1_dp0_ud0	368	6	19466466f3ca4d66
discard_un1_dp0_ud0	369	6	1d0076f83333c40d
discard_un1_dp0_ud0	370	3	4d4c4fd84fe71a4f
discard_un1_dp0_ud0	371	2	5acc42448f3a7df6
discard_un1_dp0_ud0	372	31	4b1b0d24a4b4c187
discard_un1_dp0_ud0	373	34	c1f8ca5ede58c47e
discard_un1_dp0_ud0	374	213	6c2afa3685add6cc
discard_un1_dp0_ud0	375	219	5dc3346af2caad5f
discard_un1_dp0_ud0	376	87	2a29f31e0a9bb5f7
discard_un1_dp0_ud0	377	2	f23bb38d32758f79
discard_un1_dp0_ud0	378	83	0b59993c51a2e9c5
discard_un1_dp0_ud0	379	214	9b42269eacc03828
discard_un1_dp0_ud0	380	210	5b639250e737f946
discard_un1_dp0_ud0	381	3	73adcfaf266b2036
discard_un1_dp0_ud0	382	224	b055a76cad49887f
discard_un1_dp0_ud0	383	11	e95847f37e4a6332
discard_un1_dp0_ud0	384	32	3e5154825e97a306
discard_un1_dp0_ud0	385	36	1ae6d76081214531
discard_un1_dp0_ud0	386	6	aab659e9440f4158
discard_un1_dp0_ud0	387	11	3885576ccdd0e0a3
discard_un1_dp0_ud0	388	2	164d0711da73b9ac
discard_un1_dp0_ud0	389	220	b0caa0ddf85a97a7
discard_un1_dp0_ud0	390	90	e64cd159d7892824
discard_un1_dp0_ud0	391	11	c2a61aadef1c8e2a
discard_un1_dp0_ud0	392	2	544186fb653549de
discard_un1_dp0_ud0	393	84	4b3946d1bdda01b5
discard_un1_dp0_ud0	394	2	7b54cc189836e996
discard_un1_dp0_ud0	395	11	182ad94d63779fc4
discard_un1_dp0_ud0	396	32	18bb4e74426ca971
discard_un1_dp0_ud0	397	3	8ca2f83ef350d7dc
discard_un1_dp0_ud0	398	3	341f85f6c394ebae
discard_un1_dp0_ud0	399	84	9dd741a3bac13c9d
discard_un1_dp0_ud1	0	211	149da7dd0e531199
discard_un1_dp0_ud1	1	3	a4a8d635a6bd3203
discard_un1_dp0_ud1	2	214	1bcf6c09ea9f9f15
discard_un1_dp0_ud1	3	2	71f056e10d51d81c
discard_un1_dp0_ud1	4	81	abde5f585ead28be
discard_un1_dp0_ud1	5	12	7aec5b8be84251b2
discard_un1_dp0_ud1	6	2	3a25daa9a10d2b61
discard_un1_dp0_ud1	7	86	496a9ce297a112a3
discard_un1_dp0_ud1	8	6	13373bfed69b2900
discard_un1_dp0_ud1	9	3	b8460e03e7562a1c
discard_un1_dp0_ud1	10	223	82e78af8ed89f810
discard_un1_dp0_ud1	11	11	3009acb7631564c1
discard_un1_dp0_ud1	12	2	1e4531718b24dcf3
discard_un1_dp0_ud1	13	11	61ee04df7934d68b
discard_un1_dp0_ud1	14	31	d520f3f96db664fa
discard_un1_dp0_ud1	15	207	3e0dc2d7e672dec3
discard_un1_dp0_ud1	16	9	33d4c579ad6b1a1c
discard_un1_dp0_ud1	17	2	d430f30042c94162
discard_un1_dp0_ud1	18	6	e6929c729e10c6b7
discard_un1_dp0_ud1	19	91	cfd309bf3011c680
discard_un1_dp0_ud1	20	218	a7120e89d74eeaf7
discard_un1_dp0_ud1	21	36	f4d6225c5a617b5d
discard_un1_dp0_ud1	22	31	7903520fc8ec3866
discard_un1_dp0_ud1	23	6	436d3b0e0b025c2e
discard_un1_dp0_ud1	24	32	c7bb24f37571598b
discard_un1_dp0_ud1	25	6	815b9c2fb7525529
discard_un1_dp0_ud1	26	208	68e33baaa1b2e24a
discard_un1_dp0_ud1	27	2	251a16df712d4096
discard_un1_dp0_ud1	28	213	52e6b76353628297
discard_un1_dp0_ud1	29	32	6c4a76140798f54c
discard_un1_dp0_ud1	30	11	ecfb19352ff24ca7
discard_un1_dp0_ud1	31	6	7ac2f41f9d1bc11f
discard_un1_dp0_ud1	32	11	0a52a3d404acfc8a
discard_un1_dp0_ud1	33	6	8f858bf68b375ee6
discard_un1_dp0_ud1	34	95	472619edd8eec6d2
discard_un1_dp0_ud1	35	212	5dce595758cf804a
discard_un1_dp0_ud1	36	2	bdf75673c2b7b9af
discard_un1_dp0_ud1	37	33	353d0c991e679235
discard_un1_dp0_ud1	38	32	de7383aaddf8f5da
discard_un1_dp0_ud1	39	84	2415c4fb338b7d63
discard_un1_dp0_ud1	40	3	9bf9d5567f90a850
discard_un1_dp0_ud1	41	3	2d6da186be3f4591
discard_un1_dp0_ud1	42	31	8a8a71cf22a27844
discard_un1_dp0_ud1	43	6	1f02078b6bde6906
discard_un1_dp0_ud1	44	32	426950c06eaee291
discard_un1_dp0_ud1	45	3	1504117fb2aa7b3b
discard_un1_dp0_ud1	46	81	02ca245c9e3207ec
discard_un1_dp0_ud1	47	12	3bed518d062e7f7b
discard_un1_dp0_ud1	48	82	cf877be61f308c00
discard_un1_dp0_ud1	49	3	ace4d14f90e4b1c6
discard_un1_dp0_ud1	50	86	851803062dbbc903
discard_un1_dp0_ud1	51	2	3b3ad4084fecb045
discard_un1_dp0_ud1	52	6	03360de26eb444b4
discard_un1_dp0_ud1	53	38	25df0f57c73b421c
discard_un1_dp0_ud1	54	32	f643c76c3859e7c6
discard_un1_dp0_ud1	55	2	36161c1323171749
discard_un1_dp0_ud1	56	2	ceea2d1dad1faae2
discard_un1_dp0_ud1	57	6	0bc283e63a66db5e
discard_un1_dp0_ud1	58	100	17d4887b9a18b3b5
discard_un1_dp0_ud1	59	30	9417dda02379241e
discard_un1_dp0_ud1	60	87	bb5fd779e26a4ae9
discard_un1_dp0_ud1	61	3	e3fd35e5176c5025
discard_un1_dp0_ud1	62	216	f5367425cd97bb14
discard_un1_dp0_ud1	63	214	c1fd01a06441bf7c
discard_un1_dp0_ud1	64	31	9047283a59688100
discard_un1_dp0_ud1	65	31	b0c6e8025eed5b5f
discard_un1_dp0_ud1	66	6	5e52bad3bf5624bd
discard_un1_dp0_ud1	67	2	b6ebb98793bef7b4
discard_un1_dp0_ud1	68	13	14898106d7cfd919
discard_un1_dp0_ud1	69	212	718375a6603a3107
discard_un1_dp0_ud1	70	2	c4ed1c872a344364
discard_un1_dp0_ud1	71	2	64b540c0f13a4416
discard_un1_dp0_ud1	72	3	97a76c55286e5b2b
discard_un1_dp0_ud1	73	11	c6e800dcc10a6150
discard_un1_dp0_ud1	74	207	8cd085150da2ceac
discard_un1_dp0_ud1	75	33	ebe5fc1f0bf28ede
discard_un1_dp0_ud1	76	30	aa72037b7a775ccc
discard_un1_dp0_ud1	77	31	7dc3f896105cf59a
discard_un1_dp0_ud1	78	217	9a8343cf6bdf29af
discard_un1_dp0_ud1	79	11	3c10e47bbaa2eaee
discard_un1_dp0_ud1	80	86	d84df923f709ed31
discard_un1_dp0_ud1	81	6	285419f8cce53156
discard_un1_dp0_ud1	82	81	368ed03f1ae6a34a
discard_un1_dp0_ud1	83	221	c99bb1e9e5ce3cea
discard_un1_dp0_ud1	84	231	4d0d1050340bca08
discard_un1_dp0_ud1	85	84	6f5d575f13f42df6
discard_un1_dp0_ud1	86	3	a675fdb04c9bb1c9
discard_un1_dp0_ud1	87	2	1b171a1f9329a579
discard_un1_dp0_ud1	88	2	06d064a5b6119cec
discard_un1_dp0_ud1	89	3	9d82ab23bf0420ee
discard_un1_dp0_ud1	90	3	9b1758722127abcf
discard_un1_dp0_ud1	91	3	50a4311e91c6ecd5
discard_un1_dp0_ud1	92	11	80c171d04d755565
discard_un1_dp0_ud1	93	3	e1862e7d53e78bad
discard_un1_dp0_ud1	94	31	fd605d7b4be86a12
discard_un1_dp0_ud1	95	2	5507e3ef2d1f9c0a
discard_un1_dp0_ud1	96	3	567142b0bd1ecae2
discard_un1_dp0_ud1	97	32	52a19bae8d80bbda
discard_un1_dp0_ud1	98	11	c1c16e94e25be3ed
discard_un1_dp0_ud1	99	86	3e8c0489121078b3
discard_un1_dp0_ud1	100	31	5708a32fc4eddf24
discard_un1_dp0_ud1	101	82	b2542ff6666da27b
discard_un1_dp0_ud1	102	2	2b77f36acc401545
discard_un1_dp0_ud1	103	6	67cc864fd283d0d5
discard_un1_dp0_ud1	104	3	eacfe96e26f6497a
discard_un1_dp0_ud1	105	212	ede5fc99a15e488c
discard_un1_dp0_ud1	106	2	9550a3e580e246e7
discard_un1_dp0_ud1	107	2	111a8c670f1b7eb3
discard_un1_dp0_ud1	108	3	c3b3f33960192937
discard_un1_dp0_ud1	109	33	3c4b5656f45f64ef
discard_un1_dp0_ud1	110	2	56f2119843262bd8
discard_un1_dp0_ud1	111	2	d756fbc0a19f6f57
discard_un1_dp0_ud1	112	2	5d3ba4edb71b9695
discard_un1_dp0_ud1	113	211	68ba6e6b1f4452a0
discard_un1_dp0_ud1	114	219	f37e731413d86cf8
discard_un1_dp0_ud1	115	36	c75c2d03ba4e22f9
discard_un1_dp0_ud1	116	11	4bc1adf433acad4d
discard_un1_dp0_ud1	117	3	3e4e83fe9cab5783
discard_un1_dp0_ud1	118	6	b0c6fe00bfb47b14
discard_un1_dp0_ud1	119	210	7bac21dc961a92e8
discard_un1_dp0_ud1	120	6	354ec8f0f001b56b
discard_un1_dp0_ud1	121	9	f42c596cb9b92eff
discard_un1_dp0_ud1	122	6	22dffe9389bf5b6c
discard_un1_dp0_ud1	123	2	ef5225248d173fa3
discard_un1_dp0_ud1	124	3	134005e152d45e38
discard_un1_dp0_ud1	125	2	05f1cdd391b2c50d
discard_un1_dp0_ud1	126	14	d1505bd7aed88d40
discard_un1_dp0_ud1	127	11	05566680a9ca2e41
discard_un1_dp0_ud1	128	2	63088dade7e2c78b
discard_un1_dp0_ud1	129	211	1fd40f5aeca87867
discard_un1_dp0_ud1	130	89	805312e7ec489289
discard_un1_dp0_ud1	131	208	2d6ada06bb0cbb0f
discard_un1_dp0_ud1	132	2	772dfa30393969bd
discard_un1_dp0_ud1	133	3	57a7d8f297502b08
discard_un1_dp0_ud1	134	6	a9a82c80687fed98
discard_un1_dp0_ud1	135	2	941e09cb949631cf
discard_un1_dp0_ud1	136	32	c6ab0662598d6148
discard_un1_dp0_ud1	137	3	7e500d3ae150eb93
discard_un1_dp0_ud1	138	2	d9ad519b8157fdde
discard_un1_dp0_ud1	139	84	292b8fcead19c6ed
discard_un1_dp0_ud1	140	11	3f9d06880884f508
discard_un1_dp0_ud1	141	3	68e7a3506a58ef5e
discard_un1_dp0_ud1	142	3	3322d0766ce929ad
discard_un1_dp0_ud1	143	2	298a89e57461e50c
discard_un1_dp0_ud1	144	3	ea270ba25ca85221
discard_un1_dp0_ud1	145	206	bb756f5273fe4086
discard_un1_dp0_ud1	146	11	7efd9b3547914970
discard_un1_dp0_ud1	147	14	1e19e73f873dfa61
discard_un1_dp0_ud1	148	31	049643302847c7ac
discard_un1_dp0_ud1	149	3	7e08f46c96d06662
discard_un1_dp0_ud1	150	11	45b7c84a98e8a4e8
discard_un1_dp0_ud1	151	11	8d0f6842c70974bf
discard_un1_dp0_ud1	152	224	49ae08181ca44b90
discard_un1_dp0_ud1	153	209	87cd301931ab3382
discard_un1_dp0_ud1	154	82	ffc0125b87d29df7
discard_un1_dp0_ud1	155	6	1394d9a26584762f
discard_un1_dp0_ud1	156	12	32ca6b71ae8c9ebd
discard_un1_dp0_ud1	157	3	84ff130cb727e9ef
discard_un1_dp0_ud1	158	81	2f716691dfa9c669
discard_un1_dp0_ud1	159	3	4c6caabc6fb12605
discard_un1_dp0_ud1	160	2	f0cfc8cbf5d9d664
discard_un1_dp0_ud1	161	92	66afa9013d9b8464
discard_un1_dp0_ud1	162	208	88e0b6862af5362e
discard_un1_dp0_ud1	163	211	88ec7a17c9ecacd4
discard_un1_dp0_ud1	164	6	483504a5e4303754
discard_un1_dp0_ud1	165	85	39c4e7f32b778a90
discard_un1_dp0_ud1	166	87	b4c5e003d44f0cf3
discard_un1_dp0_ud1	167	6	520857c186fa18ed
discard_un1_dp0_ud1	168	6	b6a5da9829977912
discard_un1_dp0_ud1	169	3	49db5b357d7c0ad4
discard_un1_dp0_ud1	170	11	cd860637f0807607
discard_un1_dp0_ud1	171	3	b7721d95e9b24aca
discard_un1_dp0_ud1	172	2	8c8ae7020cbb4c49
discard_un1_dp0_ud1	173	91	ab84b3121891e043
discard_un1_dp0_ud1	174	34	249d57260c31ae54
discard_un1_dp0_ud1	175	31	18bf30f9946b9ad3
discard_un1_dp0_ud1	176	3	ac1715977e982a17
discard_un1_dp0_ud1	177	3	9704eacc8671e534
discard_un1_dp0_ud1	178	203	c15bcc66d6c48816
discard_un1_dp0_ud1	179	32	254db62d84cfbec7
discard_un1_dp0_ud1	180	3	a4f2be37f17ecd20
discard_un1_dp0_ud1	181	9	28288d6914289a37
discard_un1_dp0_ud1	182	2	8e49ea15371e1c8f
discard_un1_dp0_ud1	183	11	8321d16715cd44c5
discard_un1_dp0_ud1	184	33	2a3026dc6fc21fb7
discard_un1_dp0_ud1	185	6	d5b7a887b93f872d
discard_un1_dp0_ud1	186	6	e6929bccd0fff5a7
discard_un1_dp0_ud1	187	11	f976fbd37521ba3f
discard_un1_dp0_ud1	188	6	f97a28d5f8ed7ab3
discard_un1_dp0_ud1	189	10	be4c5cf839d0bf83
discard_un1_dp0_ud1	190	6	2a03604c07ada8b2
discard_un1_dp0_ud1	191	2	ed6b2cfae63a523f
discard_un1_dp0_ud1	192	2	43c05b7ef01c7494
discard_un1_dp0_ud1	193	2	58c45d16565eb0d0
discard_un1_dp0_ud1	194	11	599f46800c949268
discard_un1_dp0_ud1	195	12	f6601578886f57ed
discard_un1_dp0_ud1	196	35	a6ef14c369eb4d4a
discard_un1_dp0_ud1	197	81	0b8283b0f179827a
discard_un1_dp0_ud1	198	214	45c60e44a4b58bfc
discard_un1_dp0_ud1	199	84	e38d7a27021ce87d
discard_un1_dp0_ud1	200	33	44247a35ac2d1360
discard_un1_dp0_ud1	201	99	83e9b566047c6141
discard_un1_dp0_ud1	202	32	97088c6c3062dcf0
discard_un1_dp0_ud1	203	212	433d67dd22a659ad
discard_un1_dp0_ud1	204	209	8df903805be71fc1
discard_un1_dp0_ud1	205	81	1ae188e3e167f0c3
discard_un1_dp0_ud1	206	3	8961c43dbfc500cc
discard_un1_dp0_ud1	207	2	03bd747c6229706a
discard_un1_dp0_ud1	208	41	2d27bd5ea9df3c58
discard_un1_dp0_ud1	209	11	b80a8741b42045dd
discard_un1_dp0_ud1	210	204	2ea109ebe7c0626f
discard_un1_dp0_ud1	211	88	f5245ed45362e357
discard_un1_dp0_ud1	212	6	ec2567031cc6487a
discard_un1_dp0_ud1	213	11	947a291a6f11b6f9
discard_un1_dp0_ud1	214	87	4a57e3253f925ebe
discard_un1_dp0_ud1	215	3	a72adc3383340d17
discard_un1_dp0_ud1	216	3	f0a307edf1c68b8e
discard_un1_dp0_ud1	217	212	1992fd1718d6ff8e
discard_un1_dp0_ud1	218	3	4b0a23e872d8aa56
discard_un1_dp0_ud1	219	35	18528ef5c9ae0231
discard_un1_dp0_ud1	220	89	53dc4e05fac919b9
discard_un1_dp0_ud1	221	37	2fec39f1a30e5392
discard_un1_dp0_ud1	222	212	85e176c2d20de890
discard_un1_dp0_ud1	223	2	68416f9a82cbadaa
discard_un1_dp0_ud1	224	81	e5a1729f54544fbb
discard_un1_dp0_ud1	225	207	8285f0f79035775c
discard_un1_dp0_ud1	226	36	9947be6574b4a41b
discard_un1_dp0_ud1	227	217	de53868397166b39
discard_un1_dp0_ud1	228	2	9766b38daae9dfd5
discard_un1_dp0_ud1	229	12	f3d8d76004918bc5
discard_un1_dp0_ud1	230	84	ef61ab35f49ebc03
discard_un1_dp0_ud1	231	3	5940c7ed5f050a32
discard_un1_dp0_ud1	232	6	0165826166f1b11a
discard_un1_dp0_ud1	233	6	4b3e03d41cc833b5
discard_un1_dp0_ud1	234	31	9a1bc2d7d243ccb6
discard_un1_dp0_ud1	235	6	b94af4ed94866980
discard_un1_dp0_ud1	236	6	34bd5dae9eea5b43
discard_un1_dp0_ud1	237	6	dc306328376a25ec
discard_un1_dp0_ud1	238	215	0d176efdaa284c2f
discard_un1_dp0_ud1	239	2	827e1db205c296da
discard_un1_dp0_ud1	240	85	6b2e328ff147d0ed
discard_un1_dp0_ud1	241	6	fdf33154b624bab4
discard_un1_dp0_ud1	242	3	b678894b48c1bf4c
discard_un1_dp0_ud1	243	84	2e9b89c1a8510c18
discard_un1_dp0_ud1	244	11	d8ab72979fef05f5
discard_un1_dp0_ud1	245	213	46e14c9fa473e04d
discard_un1_dp0_ud1	246	82	ab1dc68a2612020a
discard_un1_dp0_ud1	247	34	c2a56c040657f155
discard_un1_dp0_ud1	248	31	90d6b66eb8544d48
discard_un1_dp0_ud1	249	93	6aa312b040a7009b
discard_un1_dp0_ud1	250	12	e17f748a35f4caff
discard_un1_dp0_ud1	251	216	50097bdacd716563
discard_un1_dp0_ud1	252	11	a8039fe6e548db35
discard_un1_dp0_ud1	253	225	1743223f2be1f4c7
discard_un1_dp0_ud1	254	13	410b15dbfb12ea0c
discard_un1_dp0_ud1	255	3	934d324711f9585b
discard_un1_dp0_ud1	256	87	aec28c7c6a34e1f0
discard_un1_dp0_ud1	257	86	d558929dba3e4f2d
discard_un1_dp0_ud1	258	86	41875883a91078bd
discard_un1_dp0_ud1	259	212	b90ac2de533f427a
discard_un1_dp0_ud1	260	31	c208d460ddfee913
discard_un1_dp0_ud1	261	3	0f1482c8b99467fd
discard_un1_dp0_ud1	262	91	285e801f03ba4916
discard_un1_dp0_ud1	263	3	80cdcdf0586b4285
discard_un1_dp0_ud1	264	6	c4f7040b337dca80
discard_un1_dp0_ud1	265	2	f860f25b5dfae3df
discard_un1_dp0_ud1	266	94	a7946b02a25dfe14
discard_un1_dp0_ud1	267	206	31649ceb6975e7ab
discard_un1_dp0_ud1	268	34	987c5c3d40c37d3f
discard_un1_dp0_ud1	269	85	e5d759ef4379bcaf
discard_un1_dp0_ud1	270	6	be743daabfe6bd06
discard_un1_dp0_ud1	271	31	aacf9af1189d236c
discard_un1_dp0_ud1	272	11	a934979235230b39
discard_un1_dp0_ud1	273	3	a3eb2bf05c1c2b6f
discard_un1_dp0_ud1	274	6	f35300b5b096f9bb
discard_un1_dp0_ud1	275	2	a5a6c52ac89a2e26
discard_un1_dp0_ud1	276	32	bfbb1eed2f4bf2ff
discard_un1_dp0_ud1	277	2	bfbaed8002ec6a28
discard_un1_dp0_ud1	278	207	ac8d602efb94fa32
discard_un1_dp0_ud1	279	11	9e54864ce03a2359
discard_un1_dp0_ud1	280	6	a7c0a31423ad82d2
discard_un1_dp0_ud1	281	3	4271405f816e339d
discard_un1_dp0_ud1	282	7	8747e48584256510
discard_un1_dp0_ud1	283	11	8fe397d767769f73
discard_un1_dp0_ud1	284	31	1ec10f5c1aa6e9d6
discard_un1_dp0_ud1	285	218	ef5fee76b19a0338
discard_un1_dp0_ud1	286	16	ece3cc7d42a202a8
discard_un1_dp0_ud1	287	3	36ea76d2d4a16446
discard_un1_dp0_ud1	288	32	b1b87065c681b38b
discard_un1_dp0_ud1	289	82	8e74e7c3bfa49308
discard_un1_dp0_ud1	290	11	f3de9b5877ac0d08
discard_un1_dp0_ud1	291	85	550be58d89e9292b
discard_un1_dp0_ud1	292	2	a0e08f9da8d4ad1f
discard_un1_dp0_ud1	293	35	3b52ca6c0a280b16
discard_un1_dp0_ud1	294	2	e92aa8fb21e21ba4
discard_un1_dp0_ud1	295	3	a247d93961ba0a35
discard_un1_dp0_ud1	296	36	59f8df02cab937cc
discard_un1_dp0_ud1	297	6	806b830bfa5ee806
discard_un1_dp0_ud1	298	11	90ae7599214a3aa3
discard_un1_dp0_ud1	299	83	ac15b2f39965e787
discard_un1_dp0_ud1	300	31	34c706a48d97ae56
discard_un1_dp0_ud1	301	3	7ee06c10b69c983c
discard_un1_dp0_ud1	302	2	d86e9b7a0a82223f
discard_un1_dp0_ud1	303	2	9ffa96ea53f5d65f
discard_un1_dp0_ud1	304	37	975cd4b93ad3d029
discard_un1_dp0_ud1	305	210	198bbb358b8668c7
discard_un1_dp0_ud1	306	11	ae2117fa82e549ab
discard_un1_dp0_ud1	307	31	259446281e2f3711
discard_un1_dp0_ud1	308	211	4f7694ca161f874c
discard_un1_dp0_ud1	309	3	5cfa33958ecdf350
discard_un1_dp0_ud1	310	208	5cd73c00831aa21e
discard_un1_dp0_ud1	311	3	a9c08f8c8fbe7b7a
discard_un1_dp0_ud1	312	31	25b783e7c1e0dcb6
discard_un1_dp0_ud1	313	218	f50a6f08c4091882
discard_un1_dp0_ud1	314	213	84332ebf9f79d17f
discard_un1_dp0_ud1	315	6	53a180b826eba42b
discard_un1_dp0_ud1	316	217	461685b5e6f8fe82
discard_un1_dp0_ud1	317	214	39b97cb1219a9063
discard_un1_dp0_ud1	318	85	ecf2f5fedd6381fb
discard_un1_dp0_ud1	319	6	0f3078df9ed71dd0
discard_un1_dp0_ud1	320	85	2a960a0d951debf8
discard_un1_dp0_ud1	321	7	97458e0ddb328b7e
discard_un1_dp0_ud1	322	6	c5fc25c3bd920e96
discard_un1_dp0_ud1	323	6	cd09f11ff3c07725
discard_un1_dp0_ud1	324	86	3ff8c92a1ea80200
discard_un1_dp0_ud1	325	222	59c4c6e9c65e9e30
discard_un1_dp0_ud1	326	11	bcd4183d02cb0563
discard_un1_dp0_ud1	327	31	1f5068ae6f582440
discard_un1_dp0_ud1	328	11	cde78583cddd1571
discard_un1_dp0_ud1	329	2	a45aebe53f6c2864
discard_un1_dp0_ud1	330	213	e9268df818b6a03d
discard_un1_dp0_ud1	331	6	d79f642e5e915dcb
discard_un1_dp0_ud1	332	14	bb053ebef5c9c4de
discard_un1_dp0_ud1	333	11	b33e1a1c18b0ede6
discard_un1_dp0_ud1	334	4	e9bb57bf8b4818e5
discard_un1_dp0_ud1	335	34	ad8be1605b6fb289
discard_un1_dp0_ud1	336	6	e5ac34f092a333c1
discard_un1_dp0_ud1	337	11	9c427b0c80fa0e0d
discard_un1_dp0_ud1	338	2	fff507f48f450cc2
discard_un1_dp0_ud1	339	2	8b28c6538413ee55
discard_un1_dp0_ud1	340	11	a36e26100de424ca
discard_un1_dp0_ud1	341	3	e4d8b755b32875ba
discard_un1_dp0_ud1	342	2	585dc3e49905c661
discard_un1_dp0_ud1	343	2	28a11183598e5824
discard_un1_dp0_ud1	344	3	998edbd3e3c0852d
discard_un1_dp0_ud1	345	31	29948644ef2d7f10
discard_un1_dp0_ud1	346	6	07b8b47e4f6fde7a
discard_un1_dp0_ud1	347	15	c7f2af2f943bedb8
discard_un1_dp0_ud1	348	11	75bf41aeb0677853
discard_un1_dp0_ud1	349	215	691e69949c8a5852
discard_un1_dp0_ud1	350	36	19f3c58f4bcc1569
discard_un1_dp0_ud1	351	213	aa0c36136e149fc2
discard_un1_dp0_ud1	352	11	a1c30839a1c2a2d2
discard_un1_dp0_ud1	353	83	bc412a164a073cb2
discard_un1_dp0_ud1	354	214	8cadff3dd31613f7
discard_un1_dp0_ud1	355	85	5717030b506affbd
discard_un1_dp0_ud1	356	2	fd20bd056e0c46a4
discard_un1_dp0_ud1	357	206	799e2727045a3665
discard_un1_dp0_ud1	358	2	32c4420f50182d9b
discard_un1_dp0_ud1	359	12	7ed4a4babae568f1
discard_un1_dp0_ud1	360	212	92c2cfb49a8f06cf
discard_un1_dp0_ud1	361	6	aa7c864b6a779ca9
discard_un1_dp0_ud1	362	211	44a3ff87e63f09af
discard_un1_dp0_ud1	363	12	6f53465f3ba460ec
discard_un1_dp0_ud1	364	2	3322804f769107bc
discard_un1_dp0_ud1	365	83	168560ea2cb44c38
discard_un1_dp0_ud1	366	3	76f5bd7c590e252c
discard_un1_dp0_ud1	367	11	a1214ca1901ff8fa
discard_un1_dp0_ud1	368	6	19466466f3ca4d66
discard_un1_dp0_ud1	369	6	1d0076f83333c40d
discard_un1_dp0_ud1	370	3	4d4c4fd84fe71a4f
discard_un1_dp0_ud1	371	2	5acc42448f3a7df6
discard_un1_dp0_ud1	372	31	4b1b0d24a4b4c187
discard_un1_dp0_ud1	373	33	87b07aeb10541875
discard_un1_dp0_ud1	374	213	6c2afa3685add6cc
discard_un1_dp0_ud1	375	219	5dc3346af2caad5f
discard_un1_dp0_ud1	376	87	e423a6542e9c6477
discard_un1_dp0_ud1	377	2	f23bb38d32758f79
discard_un1_dp0_ud1	378	83	0b59993c51a2e9c5
discard_un1_dp0_ud1	379	214	2898517328d20bb8
discard_un1_dp0_ud1	380	210	ca16188281650c8a
discard_un1_dp0_ud1	381	3	73adcfaf266b2036
discard_un1_dp0_ud1	382	224	b055a76cad49887f
discard_un1_dp0_ud1	383	11	e95847f37e4a6332
discard_un1_dp0_ud1	384	32	3e5154825e97a306
discard_un1_dp0_ud1	385	36	1ae6d76081214531
discard_un1_dp0_ud1	386	6	aab659e9440f4158
discard_un1_dp0_ud1	387	11	3885576ccdd0e0a3
discard_un1_dp0_ud1	388	2	164d0711da73b9ac
discard_un1_dp0_ud1	389	219	900e5346d36ae92b
discard_un1_dp0_ud1	390	90	e64cd159d7892824
discard_un1_dp0_ud1	391	11	c2a61aadef1c8e2a
discard_un1_dp0_ud1	392	2	544186fb653549de
discard_un1_dp0_ud1	393	84	4b3946d1bdda01b5
discard_un1_dp0_ud1	394	2	7b54cc189836e996
discard_un1_dp0_ud1	395	11	182ad94d63779fc4
discard_un1_dp0_ud1	396	32	18bb4e74426ca971
discard_un1_dp0_ud1	397	3	8ca2f83ef350d7dc
discard_un1_dp0_ud1	398	3	341f85f6c394ebae
discard_un1_dp0_ud1	399	84	9dd741a3bac13c9d
mixed_un0_dp1_ud0	0	149	793707e19b087157
mixed_un0_dp1_ud0	1	3	a4a8d635a6bd3203
mixed_un0_dp1_ud0	2	136	020e4996c64b4559
mixed_un0_dp1_ud0	3	1	fd7eb19d87bdb145
mixed_un0_dp1_ud0	4	57	4a1aafb53b0846eb
mixed_un0_dp1_ud0	5	10	34afe5cae68b0ba5
mixed_un0_dp1_ud0	6	2	3a25daa9a10d2b61
mixed_un0_dp1_ud0	7	59	c8d2385d45e3f24f
mixed_un0_dp1_ud0	8	4	67bdd814412f1dde
mixed_un0_dp1_ud0	9	3	7093f70a2a4688d0
mixed_un0_dp1_ud0	10	144	d2809d23f23d1645
mixed_un0_dp1_ud0	11	9	4db4143512517b6b
mixed_un0_dp1_ud0	12	1	650e3e7399c36e01
mixed_un0_dp1_ud0	13	7	2efe4b2c40fe14bb
mixed_un0_dp1_ud0	14	22	cd670546c22702d7
mixed_un0_dp1_ud0	15	141	17a0f52103cc227c
mixed_un0_dp1_ud0	16	5	e42cb7059414cd8c
mixed_un0_dp1_ud0	17	2	5dea7bc0142c7c9c
mixed_un0_dp1_ud0	18	5	487b934176ac0550
mixed_un0_dp1_ud0	19	67	d3504f069d6abab6
mixed_un0_dp1_ud0	20	144	1b5498630f427e75
mixed_un0_dp1_ud0	21	23	cd4ddd2afec1e776
mixed_un0_dp1_ud0	22	18	c19b6716d834ef1e
mixed_un0_dp1_ud0	23	5	05335a03a058d403
mixed_un0_dp1_ud0	24	18	dc7d46af00f61f5c
mixed_un0_dp1_ud0	25	6	fcf8ea2c738bf0bb
mixed_un0_dp1_ud0	26	148	c5d1195c0f1fd14f
mixed_un0_dp1_ud0	27	2	d930a8388fecfd6c
mixed_un0_dp1_ud0	28	144	838fd2aeca47f8d2
mixed_un0_dp1_ud0	29	23	f6d332ef8e9aa8d2
mixed_un0_dp1_ud0	30	7	f94d8d79306fabaf
mixed_un0_dp1_ud0	31	4	f9996414777818ed
mixed_un0_dp1_ud0	32	10	f191a51bbee1914d
mixed_un0_dp1_ud0	33	3	cd4643ce0d7ef52f
mixed_un0_dp1_ud0	34	63	f9d1ddde07ec5ad0
mixed_un0_dp1_ud0	35	137	ebb24fee8d89d009
mixed_un0_dp1_ud0	36	2	bdf75673c2b7b9af
mixed_un0_dp1_ud0	37	26	13c75a9158a9f09b
mixed_un0_dp1_ud0	38	18	6484981a03f87e2a
mixed_un0_dp1_ud0	39	50	16e4c3e0440c67f0
mixed_un0_dp1_ud0	40	2	af40cfe1ee643152
mixed_un0_dp1_ud0	41	2	79cd6e5251694ba5
mixed_un0_dp1_ud0	42	21	c543f43502cc9509
mixed_un0_dp1_ud0	43	5	a5172c29fe09f2f5
mixed_un0_dp1_ud0	44	23	59fc07f1243a1b34
mixed_un0_dp1_ud0	45	3	c96a694de46626b9
mixed_un0_dp1_ud0	46	58	c28d3797d77953bb
mixed_un0_dp1_ud0	47	10	415511516fab9849
mixed_un0_dp1_ud0	48	54	683b2a7813ac1f28
mixed_un0_dp1_ud0	49	3	961410dbcb8aba28
mixed_un0_dp1_ud0	50	65	0a63fcc7e4a81b84
mixed_un0_dp1_ud0	51	2	3b3ad4084fecb045
mixed_un0_dp1_ud0	52	4	8f37cc879e6f8592
mixed_un0_dp1_ud0	53	27	037f5332be125312
mixed_un0_dp1_ud0	54	23	22efec98bd55c204
mixed_un0_dp1_ud0	55	2	ae7493fc3e487f8f
mixed_un0_dp1_ud0	56	2	b840659fd1c80e1a
mixed_un0_dp1_ud0	57	4	ab55322d27896d8b
mixed_un0_dp1_ud0	58	71	460952353ea68dcd
mixed_un0_dp1_ud0	59	20	2fe3b658cd069beb
mixed_un0_dp1_ud0	60	57	d247f2f9634fd5d0
mixed_un0_dp1_ud0	61	3	42d3ba7856ba938f
mixed_un0_dp1_ud0	62	138	a86fc96f4d2a63c5
mixed_un0_dp1_ud0	63	136	686b9c85eaacc262
mixed_un0_dp1_ud0	64	24	b663ba929ad5796e
mixed_un0_dp1_ud0	65	23	9b8b016e81db8ed7
mixed_un0_dp1_ud0	66	5	38aa06f18167064e
mixed_un0_dp1_ud0	67	2	ec68d3e3732336cc
mixed_un0_dp1_ud0	68	11	6e64199533a5499b
mixed_un0_dp1_ud0	69	145	21136f8280e02eb1
mixed_un0_dp1_ud0	70	2	62767a9099eb7b5c
mixed_un0_dp1_ud0	71	2	3c171071acbaa196
mixed_un0_dp1_ud0	72	2	ab24dd8831df41c1
mixed_un0_dp1_ud0	73	10	399f76c44387a134
mixed_un0_dp1_ud0	74	140	150af065c950dac6
mixed_un0_dp1_ud0	75	20	4d536fbd4b55e2a0
mixed_un0_dp1_ud0	76	13	f07beeb0b34a8cde
mixed_un0_dp1_ud0	77	18	0deb29d614e89423
mixed_un0_dp1_ud0	78	145	7276092505defa70
mixed_un0_dp1_ud0	79	11	c4d6297f78289176
mixed_un0_dp1_ud0	80	63	39ae787f5e0953a1
mixed_un0_dp1_ud0	81	4	21cd00c134a171c2
mixed_un0_dp1_ud0	82	59	9d9f3e28725373a9
mixed_un0_dp1_ud0	83	138	8203081f674ac2cc
mixed_un0_dp1_ud0	84	150	53f56c4153c1919b
mixed_un0_dp1_ud0	85	60	1daff257186bdcea
mixed_un0_dp1_ud0	86	2	bf20e2803ad9a403
mixed_un0_dp1_ud0	87	2	1b171a1f9329a579
mixed_un0_dp1_ud0	88	1	db8949f62c2bf91e
mixed_un0_dp1_ud0	89	2	13dc9fd5928491eb
mixed_un0_dp1_ud0	90	2	dcdf70169f0a98c8
mixed_un0_dp1_ud0	91	3	01ae6e117acd6e37
mixed_un0_dp1_ud0	92	5	1c7feeb658982d9a
mixed_un0_dp1_ud0	93	3	e1862e7d53e78bad
mixed_un0_dp1_ud0	94	22	44901d04dc1e003d
mixed_un0_dp1_ud0	95	2	7aad0b9e1226bef0
mixed_un0_dp1_ud0	96	3	6dcbe1cf42f5ca02
mixed_un0_dp1_ud0	97	19	9e355654785e0b76
mixed_un0_dp1_ud0	98	6	e93d3ab1f7221b77
mixed_un0_dp1_ud0	99	60	e599fcb544f2f605
mixed_un0_dp1_ud0	100	23	410125c3585f389d
mixed_un0_dp1_ud0	101	59	1674242469e55dd0
mixed_un0_dp1_ud0	102	2	9381c1799561e673
mixed_un0_dp1_ud0	103	4	ed7cde8bd442e515
mixed_un0_dp1_ud0	104	2	773b5f0b66b030ba
mixed_un0_dp1_ud0	105	150	39c7d422c00b303a
mixed_un0_dp1_ud0	106	2	31250925694a9be5
mixed_un0_dp1_ud0	107	2	111a8c670f1b7eb3
mixed_un0_dp1_ud0	108	2	48f2d50e850d1972
mixed_un0_dp1_ud0	109	24	a49269c6b9679776
mixed_un0_dp1_ud0	110	2	56f2119843262bd8
mixed_un0_dp1_ud0	111	2	d756fbc0a19f6f57
mixed_un0_dp1_ud0	112	2	5d3ba4edb71b9695
mixed_un0_dp1_ud0	113	148	2e922337b79ed9bd
mixed_un0_dp1_ud0	114	132	be955f6f8184713a
mixed_un0_dp1_ud0	115	23	653470c157baca91
mixed_un0_dp1_ud0	116	9	e1f81ca923135a74
mixed_un0_dp1_ud0	117	3	b64c0d7d7ea7ea65
mixed_un0_dp1_ud0	118	4	9fe40423ca5a4567
mixed_un0_dp1_ud0	119	135	1afa2b85bc88877e
mixed_un0_dp1_ud0	120	3	64560fb0530e8537
mixed_un0_dp1_ud0	121	4	7ce3e99bb3dadcf3
mixed_un0_dp1_ud0	122	5	5337ddc40f6d64e1
mixed_un0_dp1_ud0	123	2	ef5225248d173fa3
mixed_un0_dp1_ud0	124	3	4b6376bf607b3594
mixed_un0_dp1_ud0	125	2	5c3c0951b23679f5
mixed_un0_dp1_ud0	126	12	214cb40db3a8f930
mixed_un0_dp1_ud0	127	6	2dd3e459c8591b41
mixed_un0_dp1_ud0	128	2	63088dade7e2c78b
mixed_un0_dp1_ud0	129	147	4aaefeaf2ed3dbd9
mixed_un0_dp1_ud0	130	56	b2f8a95197be51e8
mixed_un0_dp1_ud0	131	138	bded198a6cbd28df
mixed_un0_dp1_ud0	132	1	30edf852148dbe9a
mixed_un0_dp1_ud0	133	2	a36e1b41011714ea
mixed_un0_dp1_ud0	134	3	08c0f738a4247ef5
mixed_un0_dp1_ud0	135	2	941e09cb949631cf
mixed_un0_dp1_ud0	136	26	9941130d92dc6eae
mixed_un0_dp1_ud0	137	2	a16807fd85085096
mixed_un0_dp1_ud0	138	2	d9ad519b8157fdde
mixed_un0_dp1_ud0	139	58	02af8f591555b018
mixed_un0_dp1_ud0	140	7	76143b16d7ef00e1
mixed_un0_dp1_ud0	141	2	3ed2a5ee559b0584
mixed_un0_dp1_ud0	142	2	222374bad4cb051d
mixed_un0_dp1_ud0	143	2	e120c7dc005a72a2
mixed_un0_dp1_ud0	144	3	0b018104431c67db
mixed_un0_dp1_ud0	145	144	ca8a26e524e8417c
mixed_un0_dp1_ud0	146	8	df94af3bf2212922
mixed_un0_dp1_ud0	147	6	a0826ecd71eadba1
mixed_un0_dp1_ud0	148	20	3904f72adea5c2c8
mixed_un0_dp1_ud0	149	3	dd79dcf066be6ccc
mixed_un0_dp1_ud0	150	9	2c2dbaa23400915f
mixed_un0_dp1_ud0	151	8	c12d0c207dc4e3d0
mixed_un0_dp1_ud0	152	138	038d128df379b9cd
mixed_un0_dp1_ud0	153	148	83020b5d6f90f715
mixed_un0_dp1_ud0	154	51	1c4de109c32e0cc1
mixed_un0_dp1_ud0	155	5	9a0a173078bcb4e6
mixed_un0_dp1_ud0	156	9	0976785645e644e4
mixed_un0_dp1_ud0	157	2	0817b18e57d4b4ac
mixed_un0_dp1_ud0	158	54	b6fc281aeac10818
mixed_un0_dp1_ud0	159	3	e04ae1029f20c2c1
mixed_un0_dp1_ud0	160	1	1a88677fbca4aa25
mixed_un0_dp1_ud0	161	64	9f6129432ab947b4
mixed_un0_dp1_ud0	162	140	73290988f2bc45ee
mixed_un0_dp1_ud0	163	149	1fb58b1d78f97c47
mixed_un0_dp1_ud0	164	4	ee9c7dffe47c1751
mixed_un0_dp1_ud0	165	53	e368cac803531fcd
mixed_un0_dp1_ud0	166	58	684a6fcfe577e02e
mixed_un0_dp1_ud0	167	4	cd150f8676787289
mixed_un0_dp1_ud0	168	4	915ed96043bb354f
mixed_un0_dp1_ud0	169	3	686074a5510e2546
mixed_un0_dp1_ud0	170	9	2b34907676a8c2a7
mixed_un0_dp1_ud0	171	2	48d89eea8bef88cc
mixed_un0_dp1_ud0	172	2	8c8ae7020cbb4c49
mixed_un0_dp1_ud0	173	62	688214dfd40be8d7
mixed_un0_dp1_ud0	174	19	f88661a481abc240
mixed_un0_dp1_ud0	175	21	6faf3d0127c68786
mixed_un0_dp1_ud0	176	2	a2759bcf314f0f24
mixed_un0_dp1_ud0	177	1	882a78053a3b54b1
mixed_un0_dp1_ud0	178	138	fa0956876d35008b
mixed_un0_dp1_ud0	179	22	34540a64ca794810
mixed_un0_dp1_ud0	180	2	4e42d7ec03f8ebe6
mixed_un0_dp1_ud0	181	4	31005461bba5b332
mixed_un0_dp1_ud0	182	2	3bcd136472d8ebbf
mixed_un0_dp1_ud0	183	7	670e93596cc48a17
mixed_un0_dp1_ud0	184	27	0aaa239b28bdafcc
mixed_un0_dp1_ud0	185	4	1c9f7153558062a0
mixed_un0_dp1_ud0	186	3	f4e36ce22dcd03cc
mixed_un0_dp1_ud0	187	7	c4f1ae2e0f41d2ea
mixed_un0_dp1_ud0	188	5	2efc6374a99facf5
mixed_un0_dp1_ud0	189	8	913d70c49e9881d9
mixed_un0_dp1_ud0	190	4	55797a58230b2ee0
mixed_un0_dp1_ud0	191	2	653cbfa4e25966ef
mixed_un0_dp1_ud0	192	1	6b72b37aa2a1e3a0
mixed_un0_dp1_ud0	193	2	58c45d16565eb0d0
mixed_un0_dp1_ud0	194	6	68d93a49da8467a6
mixed_un0_dp1_ud0	195	10	2707262d4cf4a3fc
mixed_un0_dp1_ud0	196	27	df9aa4c593c39ba0
mixed_un0_dp1_ud0	197	53	9eb6bb982cf0f3f7
mixed_un0_dp1_ud0	198	148	e73d4b62f91a3c99
mixed_un0_dp1_ud0	199	51	5cb64e0987f5bb6d
mixed_un0_dp1_ud0	200	22	a4150abd8163491c
mixed_un0_dp1_ud0	201	62	b0f403bc27941ffd
mixed_un0_dp1_ud0	202	22	e58496a5c6e3d102
mixed_un0_dp1_ud0	203	150	42897d9933edb960
mixed_un0_dp1_ud0	204	147	2614f442caa3f3ea
mixed_un0_dp1_ud0	205	51	35168ccc1d6831a5
mixed_un0_dp1_ud0	206	3	a081e17343101e56
mixed_un0_dp1_ud0	207	2	03bd747c6229706a
mixed_un0_dp1_ud0	208	19	feaaa53bee710928
mixed_un0_dp1_ud0	209	6	91bc0c85320d0e87
mixed_un0_dp1_ud0	210	144	8a8ba796b8c013a8
mixed_un0_dp1_ud0	211	69	2e389fc0d43d92e8
mixed_un0_dp1_ud0	212	5	b4be965f0ea3c7f1
mixed_un0_dp1_ud0	213	8	f97d4eb1102df81c
mixed_un0_dp1_ud0	214	56	77fbc08ee5fd3d82
mixed_un0_dp1_ud0	215	2	0b1d3a222247d3ee
mixed_un0_dp1_ud0	216	3	72ba45154468a49e
mixed_un0_dp1_ud0	217	149	7c41cacc7439d3e6
mixed_un0_dp1_ud0	218	3	39b47d1f935ab50e
mixed_un0_dp1_ud0	219	26	85c9c38e20a87425
mixed_un0_dp1_ud0	220	66	29ca96af74184889
mixed_un0_dp1_ud0	221	32	7d55b9e6e162ea01
mixed_un0_dp1_ud0	222	148	fdf7b808556dbb5c
mixed_un0_dp1_ud0	223	2	68416f9a82cbadaa
mixed_un0_dp1_ud0	224	57	2a45a60d0467e434
mixed_un0_dp1_ud0	225	144	a15274f77468ad35
mixed_un0_dp1_ud0	226	26	7aea952ddf14a47f
mixed_un0_dp1_ud0	227	145	1b81760478e215a2
mixed_un0_dp1_ud0	228	2	1ed62d452c06032d
mixed_un0_dp1_ud0	229	12	6093147242f47eb1
mixed_un0_dp1_ud0	230	59	31c6c28d6bea0dcc
mixed_un0_dp1_ud0	231	2	4b87cb766e6c2d59
mixed_un0_dp1_ud0	232	5	08b8d6aee55ba13c
mixed_un0_dp1_ud0	233	5	0d3e65144ef91ca5
mixed_un0_dp1_ud0	234	24	04a21528988f2bb4
mixed_un0_dp1_ud0	235	3	2a0fd66904abc7c8
mixed_un0_dp1_ud0	236	4	9622c2ba2249aa1b
mixed_un0_dp1_ud0	237	2	e7f3ccc34d695499
mixed_un0_dp1_ud0	238	136	63dcc9909785ad2c
mixed_un0_dp1_ud0	239	2	51440365f7228782
mixed_un0_dp1_ud0	240	53	2525f7235500291e
mixed_un0_dp1_ud0	241	5	2935f8374ffedeb7
mixed_un0_dp1_ud0	242	2	e0cb733b7977396e
mixed_un0_dp1_ud0	243	65	855c2511c7cd2d46
mixed_un0_dp1_ud0	244	10	34af50882703447e
mixed_un0_dp1_ud0	245	135	635b88f77be21325
mixed_un0_dp1_ud0	246	55	5404e8509d4a546c
mixed_un0_dp1_ud0	247	19	40ac85f7708f8b9f
mixed_un0_dp1_ud0	248	21	d788e2528dc145ce
mixed_un0_dp1_ud0	249	65	62173a2f5f11d456
mixed_un0_dp1_ud0	250	10	29a6fd35e38dd258
mixed_un0_dp1_ud0	251	145	04d45d99faa06001
mixed_un0_dp1_ud0	252	8	c4bf0066ae3ed625
mixed_un0_dp1_ud0	253	161	c780e5f1243c78ae
mixed_un0_dp1_ud0	254	9	794ab559869ebf4f
mixed_un0_dp1_ud0	255	3	934d324711f9585b
mixed_un0_dp1_ud0	256	52	db9ca412e6926789
mixed_un0_dp1_ud0	257	59	ff9e1769f9a3a295
mixed_un0_dp1_ud0	258	58	c36a6ce59f4e77f1
mixed_un0_dp1_ud0	259	137	a53a974007b446b8
mixed_un0_dp1_ud0	260	23	fb5bd6f21ed4968e
mixed_un0_dp1_ud0	261	2	924504afcda1cfd2
mixed_un0_dp1_ud0	262	60	23482ddfab54d831
mixed_un0_dp1_ud0	263	2	05c83f34919bd568
mixed_un0_dp1_ud0	264	2	f29257b6bf7a4c6d
mixed_un0_dp1_ud0	265	4	69728ad28bee1909
mixed_un0_dp1_ud0	266	63	831f066aa1b0cfc3
mixed_un0_dp1_ud0	267	132	e2f7c582e230f0fc
mixed_un0_dp1_ud0	268	16	448e88025fb7e6bb
mixed_un0_dp1_ud0	269	59	3e8a23d66232bb4a
mixed_un0_dp1_ud0	270	5	99be24770957133d
mixed_un0_dp1_ud0	271	19	fe29b1ad562f3afe
mixed_un0_dp1_ud0	272	6	6f919b95e8983386
mixed_un0_dp1_ud0	273	3	7e8b3bc6e0ff49f7
mixed_un0_dp1_ud0	274	4	493016d30db2cc4a
mixed_un0_dp1_ud0	275	2	a5a6c52ac89a2e26
mixed_un0_dp1_ud0	276	22	2f950323de1686da
mixed_un0_dp1_ud0	277	1	2ddd594f75bc7a04
mixed_un0_dp1_ud0	278	147	39a06c3af59b6fa8
mixed_un0_dp1_ud0	279	9	5468a2518438eedf
mixed_un0_dp1_ud0	280	4	aa6e320823fcf0e5
mixed_un0_dp1_ud0	281	2	a94a05f30f6f505b
mixed_un0_dp1_ud0	282	6	87834cd6318c0abc
mixed_un0_dp1_ud0	283	6	1e6becef23f1e4cd
mixed_un0_dp1_ud0	284	21	6eb83ff5e434d3bb
mixed_un0_dp1_ud0	285	138	a00b3e4412f3125a
mixed_un0_dp1_ud0	286	8	e9d299593dd18b95
mixed_un0_dp1_ud0	287	2	4512339cf40b5163
mixed_un0_dp1_ud0	288	23	43c1bb748a49035e
mixed_un0_dp1_ud0	289	56	07ebb4280283d548
mixed_un0_dp1_ud0	290	6	2571846923378c8e
mixed_un0_dp1_ud0	291	60	4ed0668b20084d78
mixed_un0_dp1_ud0	292	2	0a207cc2286b47b9
mixed_un0_dp1_ud0	293	22	b8d7b702ba1104b8
mixed_un0_dp1_ud0	294	2	e92aa8fb21e21ba4
mixed_un0_dp1_ud0	295	3	ffb1d7bc4a7f1eb7
mixed_un0_dp1_ud0	296	21	b0317602e87ecaf7
mixed_un0_dp1_ud0	297	5	44041a7814c6ed16
mixed_un0_dp1_ud0	298	8	06dc63c8ef437398
mixed_un0_dp1_ud0	299	49	18c830fd830ba429
mixed_un0_dp1_ud0	300	20	8d4a6354aac39e78
mixed_un0_dp1_ud0	301	2	a897b29e1f3cb5ab
mixed_un0_dp1_ud0	302	2	d86e9b7a0a82223f
mixed_un0_dp1_ud0	303	2	9ffa96ea53f5d65f
mixed_un0_dp1_ud0	304	23	a522f9c3723d6338
mixed_un0_dp1_ud0	305	144	606164917b93c651
mixed_un0_dp1_ud0	306	8	4424b92581b1c564
mixed_un0_dp1_ud0	307	19	57433608f7db00fd
mixed_un0_dp1_ud0	308	143	cfa058b0d0fe068d
mixed_un0_dp1_ud0	309	1	d768b68099eade96
mixed_un0_dp1_ud0	310	138	4912dd3f64c0e968
mixed_un0_dp1_ud0	311	3	a9c08f8c8fbe7b7a
mixed_un0_dp1_ud0	312	22	c89df8c0b571a76c
mixed_un0_dp1_ud0	313	139	43b5607e24bcc751
mixed_un0_dp1_ud0	314	133	a2c0b42198b6ddb0
mixed_un0_dp1_ud0	315	4	b47ff0c8de71b612
mixed_un0_dp1_ud0	316	140	a274f402e96699f7
mixed_un0_dp1_ud0	317	136	9dfa7f06170b8912
mixed_un0_dp1_ud0	318	59	03e54f1e14ca3713
mixed_un0_dp1_ud0	319	4	48a062b0138b0f26
mixed_un0_dp1_ud0	320	60	da37751707dc2f06
mixed_un0_dp1_ud0	321	6	53076c4ad9635ee3
mixed_un0_dp1_ud0	322	4	5137eb0456042c35
mixed_un0_dp1_ud0	323	5	46f832671e6be81c
mixed_un0_dp1_ud0	324	57	6407a3d6bbf68fb0
mixed_un0_dp1_ud0	325	157	6c75da87798f5c77
mixed_un0_dp1_ud0	326	9	2622ae69ba85f33c
mixed_un0_dp1_ud0	327	21	5031b837bfe9d0b6
mixed_un0_dp1_ud0	328	5	2fae1ee4d46126b4
mixed_un0_dp1_ud0	329	2	a6bb84b7a575f8ec
mixed_un0_dp1_ud0	330	141	c05eb56f965a2b17
mixed_un0_dp1_ud0	331	6	6106de746f210c0d
mixed_un0_dp1_ud0	332	13	96b94616f8a1ce16
mixed_un0_dp1_ud0	333	10	3df81dc05cc0d8e3
mixed_un0_dp1_ud0	334	5	6def5d6e3df65105
mixed_un0_dp1_ud0	335	26	c9fc4a8ed096bf52
mixed_un0_dp1_ud0	336	6	1e317ebcdbe551c5
mixed_un0_dp1_ud0	337	7	d49c79172ea77fc4
mixed_un0_dp1_ud0	338	2	52433b8379f9ccc2
mixed_un0_dp1_ud0	339	2	d7cbbca2e0d29c5f
mixed_un0_dp1_ud0	340	7	f61b0925c5d68178
mixed_un0_dp1_ud0	341	3	1f3aa361034ebfba
mixed_un0_dp1_ud0	342	2	585dc3e49905c661
mixed_un0_dp1_ud0	343	2	28a11183598e5824
mixed_un0_dp1_ud0	344	1	086bd518f6b8b79d
mixed_un0_dp1_ud0	345	18	a98692b53ddac235
mixed_un0_dp1_ud0	346	6	d76b0be5855094ec
mixed_un0_dp1_ud0	347	11	d510f2c540c468ca
mixed_un0_dp1_ud0	348	5	f031ac6950088d80
mixed_un0_dp1_ud0	349	149	f45e577b390c1cfc
mixed_un0_dp1_ud0	350	24	2178538255cf7656
mixed_un0_dp1_ud0	351	137	f07b1cc82b2a67a3
mixed_un0_dp1_ud0	352	10	dba71c0ec2ac5b54
mixed_un0_dp1_ud0	353	58	717a01b948f173b0
mixed_un0_dp1_ud0	354	140	924e9ab26a946641
mixed_un0_dp1_ud0	355	58	68c30effa33a5af9
mixed_un0_dp1_ud0	356	2	fd20bd056e0c46a4
mixed_un0_dp1_ud0	357	143	08d9e7d0e4e9d155
mixed_un0_dp1_ud0	358	2	32c4420f50182d9b
mixed_un0_dp1_ud0	359	10	febc747f398d036a
mixed_un0_dp1_ud0	360	137	9c9e53b9f35cf0b8
mixed_un0_dp1_ud0	361	5	4c862c1bd8a5a450
mixed_un0_dp1_ud0	362	128	a2d1d074814cce4a
mixed_un0_dp1_ud0	363	5	e07d509b4206e920
mixed_un0_dp1_ud0	364	2	3322804f769107bc
mixed_un0_dp1_ud0	365	62	a68f4b940cde4bd3
mixed_un0_dp1_ud0	366	2	74b2f15853d403ad
mixed_un0_dp1_ud0	367	6	cf174ba6543f265b
mixed_un0_dp1_ud0	368	4	5e04d8159b8494d8
mixed_un0_dp1_ud0	369	4	78d378e2e290bba2
mixed_un0_dp1_ud0	370	3	ebd961710316a4e5
mixed_un0_dp1_ud0	371	2	5acc42448f3a7df6
mixed_un0_dp1_ud0	372	19	a494db22f0faa7ea
mixed_un0_dp1_ud0	373	29	fe41fbc65971e8fd
mixed_un0_dp1_ud0	374	134	f12abef1860b2a56
mixed_un0_dp1_ud0	375	145	d21cd84065544345
mixed_un0_dp1_ud0	376	60	0b0126141e5dae66
mixed_un0_dp1_ud0	377	1	9efb220ab1756c9b
mixed_un0_dp1_ud0	378	66	d6f31f878669e2f1
mixed_un0_dp1_ud0	379	164	308c978052208b40
mixed_un0_dp1_ud0	380	160	bea5fe8a744969a6
mixed_un0_dp1_ud0	381	2	0737efd232706575
mixed_un0_dp1_ud0	382	137	c384828db4c39ac3
mixed_un0_dp1_ud0	383	7	949719fd8505d430
mixed_un0_dp1_ud0	384	25	47d2eb91248fc83f
mixed_un0_dp1_ud0	385	26	e39400098c056852
mixed_un0_dp1_ud0	386	3	cf1550a9bbb1fef1
mixed_un0_dp1_ud0	387	7	a4b63e88af6f3bd7
mixed_un0_dp1_ud0	388	2	aa1e60ba1401abea
mixed_un0_dp1_ud0	389	161	9827db14c9c2bf66
mixed_un0_dp1_ud0	390	58	a31a98b8ae11326c
mixed_un0_dp1_ud0	391	7	e5548f54f91d3609
mixed_un0_dp1_ud0	392	1	02af48d37eaa75de
mixed_un0_dp1_ud0	393	58	0f786aa935ae2efa
mixed_un0_dp1_ud0	394	2	afc759b4113c25e6
mixed_un0_dp1_ud0	395	7	04919ff7d9b632d0
mixed_un0_dp1_ud0	396	23	a303c55f0d36a058
mixed_un0_dp1_ud0	397	2	3e546b7553d13d25
mixed_un0_dp1_ud0	398	2	aaed56b482f98c50
mixed_un0_dp1_ud0	399	63	42b21fe6df74d351
mixed_un0_dp1_ud1	0	149	793707e19b087157
mixed_un0_dp1_ud1	1	3	a4a8d635a6bd3203
mixed_un0_dp1_ud1	2	136	020e4996c64b4559
mixed_un0_dp1_ud1	3	1	fd7eb19d87bdb145
mixed_un0_dp1_ud1	4	57	4a1aafb53b0846eb
mixed_un0_dp1_ud1	5	10	34afe5cae68b0ba5
mixed_un0_dp1_ud1	6	2	3a25daa9a10d2b61
mixed_un0_dp1_ud1	7	59	c8d2385d45e3f24f
mixed_un0_dp1_ud1	8	4	67bdd814412f1dde
mixed_un0_dp1_ud1	9	3	7093f70a2a4688d0
mixed_un0_dp1_ud1	10	144	d2809d23f23d1645
mixed_un0_dp1_ud1	11	9	4db4143512517b6b
mixed_un0_dp1_ud1	12	1	650e3e7399c36e01
mixed_un0_dp1_ud1	13	7	2efe4b2c40fe14bb
mixed_un0_dp1_ud1	14	22	cd670546c22702d7
mixed_un0_dp1_ud1	15	141	631d50e6bbb820f7
mixed_un0_dp1_ud1	16	5	e42cb7059414cd8c
mixed_un0_dp1_ud1	17	2	5dea7bc0142c7c9c
mixed_un0_dp1_ud1	18	5	487b934176ac0550
mixed_un0_dp1_ud1	19	67	d3504f069d6abab6
mixed_un0_dp1_ud1	20	146	dc998d8da7e46fae
mixed_un0_dp1_ud1	21	24	a208ca2cf2e6f8c2
mixed_un0_dp1_ud1	22	18	c19b6716d834ef1e
mixed_un0_dp1_ud1	23	5	05335a03a058d403
mixed_un0_dp1_ud1	24	18	dc7d46af00f61f5c
mixed_un0_dp1_ud1	25	6	fcf8ea2c738bf0bb
mixed_un0_dp1_ud1	26	148	c5d1195c0f1fd14f
mixed_un0_dp1_ud1	27	2	d930a8388fecfd6c
mixed_un0_dp1_ud1	28	144	30f4c50a223f6a45
mixed_un0_dp1_ud1	29	23	f6d332ef8e9aa8d2
mixed_un0_dp1_ud1	30	7	f94d8d79306fabaf
mixed_un0_dp1_ud1	31	4	f9996414777818ed
mixed_un0_dp1_ud1	32	10	f191a51bbee1914d
mixed_un0_dp1_ud1	33	3	cd4643ce0d7ef52f
mixed_un0_dp1_ud1	34	61	063c151899a1662c
mixed_un0_dp1_ud1	35	137	f335dc8437f4bd32
mixed_un0_dp1_ud1	36	2	bdf75673c2b7b9af
mixed_un0_dp1_ud1	37	26	d9aa64b7ad2cd7a4
mixed_un0_dp1_ud1	38	18	6484981a03f87e2a
mixed_un0_dp1_ud1	39	50	16e4c3e0440c67f0
mixed_un0_dp1_ud1	40	2	af40cfe1ee643152
mixed_un0_dp1_ud1	41	2	79cd6e5251694ba5
mixed_un0_dp1_ud1	42	21	c543f43502cc9509
mixed_un0_dp1_ud1	43	5	a5172c29fe09f2f5
mixed_un0_dp1_ud1	44	23	59fc07f1243a1b34
mixed_un0_dp1_ud1	45	3	c96a694de46626b9
mixed_un0_dp1_ud1	46	58	c28d3797d77953bb
mixed_un0_dp1_ud1	47	10	415511516fab9849
mixed_un0_dp1_ud1	48	54	683b2a7813ac1f28
mixed_un0_dp1_ud1	49	3	961410dbcb8aba28
mixed_un0_dp1_ud1	50	65	0a63fcc7e4a81b84
mixed_un0_dp1_ud1	51	2	3b3ad4084fecb045
mixed_un0_dp1_ud1	52	4	8f37cc879e6f8592
mixed_un0_dp1_ud1	53	27	037f5332be125312
mixed_un0_dp1_ud1	54	24	0ccffaf00e8c8eee
mixed_un0_dp1_ud1	55	2	ae7493fc3e487f8f
mixed_un0_dp1_ud1	56	2	b840659fd1c80e1a
mixed_un0_dp1_ud1	57	4	ab55322d27896d8b
mixed_un0_dp1_ud1	58	69	4515962d6bf052cb
mixed_un0_dp1_ud1	59	20	2fe3b658cd069beb
mixed_un0_dp1_ud1	60	57	d247f2f9634fd5d0
mixed_un0_dp1_ud1	61	3	42d3ba7856ba938f
mixed_un0_dp1_ud1	62	138	a86fc96f4d2a63c5
mixed_un0_dp1_ud1	63	136	686b9c85eaacc262
mixed_un0_dp1_ud1	64	24	b663ba929ad5796e
mixed_un0_dp1_ud1	65	23	9b8b016e81db8ed7
mixed_un0_dp1_ud1	66	5	38aa06f18167064e
mixed_un0_dp1_ud1	67	2	ec68d3e3732336cc
mixed_un0_dp1_ud1	68	11	18bbd9b7c8bfbae6
mixed_un0_dp1_ud1	69	145	21136f8280e02eb1
mixed_un0_dp1_ud1	70	2	62767a9099eb7b5c
mixed_un0_dp1_ud1	71	2	3c171071acbaa196
mixed_un0_dp1_ud1	72	2	ab24dd8831df41c1
mixed_un0_dp1_ud1	73	10	399f76c44387a134
mixed_un0_dp1_ud1	74	140	150af065c950dac6
mixed_un0_dp1_ud1	75	20	4d536fbd4b55e2a0
mixed_un0_dp1_ud1	76	13	f07beeb0b34a8cde
mixed_un0_dp1_ud1	77	18	0deb29d614e89423
mixed_un0_dp1_ud1	78	146	986b25bb9ac87e5a
mixed_un0_dp1_ud1	79	11	c4d6297f78289176
mixed_un0_dp1_ud1	80	61	97b57e51bcf0075a
mixed_un0_dp1_ud1	81	4	21cd00c134a171c2
mixed_un0_dp1_ud1	82	59	12e11999b380eea6
mixed_un0_dp1_ud1	83	138	8203081f674ac2cc
mixed_un0_dp1_ud1	84	150	9582dde81dcf0662
mixed_un0_dp1_ud1	85	60	8a5196687e606a7b
mixed_un0_dp1_ud1	86	2	bf20e2803ad9a403
mixed_un0_dp1_ud1	87	2	1b171a1f9329a579
mixed_un0_dp1_ud1	88	1	db8949f62c2bf91e
mixed_un0_dp1_ud1	89	2	13dc9fd5928491eb
mixed_un0_dp1_ud1	90	2	dcdf70169f0a98c8
mixed_un0_dp1_ud1	91	4	48eb61554ebd943a
mixed_un0_dp1_ud1	92	5	1c7feeb658982d9a
mixed_un0_dp1_ud1	93	3	e1862e7d53e78bad
mixed_un0_dp1_ud1	94	22	44901d04dc1e003d
mixed_un0_dp1_ud1	95	2	7aad0b9e1226bef0
mixed_un0_dp1_ud1	96	3	6dcbe1cf42f5ca02
mixed_un0_dp1_ud1	97	19	9e355654785e0b76
mixed_un0_dp1_ud1	98	6	e93d3ab1f7221b77
mixed_un0_dp1_ud1	99	60	e599fcb544f2f605
mixed_un0_dp1_ud1	100	23	410125c3585f389d
mixed_un0_dp1_ud1	101	59	1674242469e55dd0
mixed_un0_dp1_ud1	102	2	9381c1799561e673
mixed_un0_dp1_ud1	103	4	ed7cde8bd442e515
mixed_un0_dp1_ud1	104	2	773b5f0b66b030ba
mixed_un0_dp1_ud1	105	149	da09289aba77c845
mixed_un0_dp1_ud1	106	2	31250925694a9be5
mixed_un0_dp1_ud1	107	2	111a8c670f1b7eb3
mixed_un0_dp1_ud1	108	2	48f2d50e850d1972
mixed_un0_dp1_ud1	109	24	a49269c6b9679776
mixed_un0_dp1_ud1	110	2	56f2119843262bd8
mixed_un0_dp1_ud1	111	2	d756fbc0a19f6f57
mixed_un0_dp1_ud1	112	2	5d3ba4edb71b9695
mixed_un0_dp1_ud1	113	146	f0bd74e604670a0c
mixed_un0_dp1_ud1	114	133	190f9a941ef3517c
mixed_un0_dp1_ud1	115	23	653470c157baca91
mixed_un0_dp1_ud1	116	9	e1f81ca923135a74
mixed_un0_dp1_ud1	117	3	b64c0d7d7ea7ea65
mixed_un0_dp1_ud1	118	4	9fe40423ca5a4567
mixed_un0_dp1_ud1	119	133	00e99c240015bc6e
mixed_un0_dp1_ud1	120	3	64560fb0530e8537
mixed_un0_dp1_ud1	121	4	7ce3e99bb3dadcf3
mixed_un0_dp1_ud1	122	5	5337ddc40f6d64e1
mixed_un0_dp1_ud1	123	2	ef5225248d173fa3
mixed_un0_dp1_ud1	124	3	4b6376bf607b3594
mixed_un0_dp1_ud1	125	2	5c3c0951b23679f5
mixed_un0_dp1_ud1	126	12	214cb40db3a8f930
mixed_un0_dp1_ud1	127	6	2dd3e459c8591b41
mixed_un0_dp1_ud1	128	2	63088dade7e2c78b
mixed_un0_dp1_ud1	129	147	2e436ba809565004
mixed_un0_dp1_ud1	130	56	b2f8a95197be51e8
mixed_un0_dp1_ud1	131	138	d07b5802f6065d54
mixed_un0_dp1_ud1	132	1	30edf852148dbe9a
mixed_un0_dp1_ud1	133	2	a36e1b41011714ea
mixed_un0_dp1_ud1	134	3	08c0f738a4247ef5
mixed_un0_dp1_ud1	135	2	941e09cb949631cf
mixed_un0_dp1_ud1	136	26	014bebfd9b29e133
mixed_un0_dp1_ud1	137	2	a16807fd85085096
mixed_un0_dp1_ud1	138	2	d9ad519b8157fdde
mixed_un0_dp1_ud1	139	59	828e3f3027bcd871
mixed_un0_dp1_ud1	140	7	76143b16d7ef00e1
mixed_un0_dp1_ud1	141	2	3ed2a5ee559b0584
mixed_un0_dp1_ud1	142	2	222374bad4cb051d
mixed_un0_dp1_ud1	143	2	e120c7dc005a72a2
mixed_un0_dp1_ud1	144	3	0b018104431c67db
mixed_un0_dp1_ud1	145	144	ca8a26e524e8417c
mixed_un0_dp1_ud1	146	8	df94af3bf2212922
mixed_un0_dp1_ud1	147	6	a0826ecd71eadba1
mixed_un0_dp1_ud1	148	20	3904f72adea5c2c8
mixed_un0_dp1_ud1	149	3	dd79dcf066be6ccc
mixed_un0_dp1_ud1	150	9	2c2dbaa23400915f
mixed_un0_dp1_ud1	151	8	c12d0c207dc4e3d0
mixed_un0_dp1_ud1	152	138	038d128df379b9cd
mixed_un0_dp1_ud1	153	148	ce466817ad7f8134
mixed_un0_dp1_ud1	154	51	1c4de109c32e0cc1
mixed_un0_dp1_ud1	155	5	9a0a173078bcb4e6
mixed_un0_dp1_ud1	156	9	0976785645e644e4
mixed_un0_dp1_ud1	157	2	0817b18e57d4b4ac
mixed_un0_dp1_ud1	158	54	b6fc281aeac10818
mixed_un0_dp1_ud1	159	3	e04ae1029f20c2c1
mixed_un0_dp1_ud1	160	1	1a88677fbca4aa25
mixed_un0_dp1_ud1	161	64	9f6129432ab947b4
mixed_un0_dp1_ud1	162	140	73290988f2bc45ee
mixed_un0_dp1_ud1	163	148	662d32e55aca6767
mixed_un0_dp1_ud1	164	4	ee9c7dffe47c1751
mixed_un0_dp1_ud1	165	51	acdccc4e2995e60d
mixed_un0_dp1_ud1	166	58	684a6fcfe577e02e
mixed_un0_dp1_ud1	167	4	cd150f8676787289
mixed_un0_dp1_ud1	168	4	915ed96043bb354f
mixed_un0_dp1_ud1	169	3	686074a5510e2546
mixed_un0_dp1_ud1	170	9	2b34907676a8c2a7
mixed_un0_dp1_ud1	171	2	48d89eea8bef88cc
mixed_un0_dp1_ud1	172	2	8c8ae7020cbb4c49
mixed_un0_dp1_ud1	173	62	688214dfd40be8d7
mixed_un0_dp1_ud1	174	19	f88661a481abc240
mixed_un0_dp1_ud1	175	21	6faf3d0127c68786
mixed_un0_dp1_ud1	176	2	a2759bcf314f0f24
mixed_un0_dp1_ud1	177	1	882a78053a3b54b1
mixed_un0_dp1_ud1	178	138	fa0956876d35008b
mixed_un0_dp1_ud1	179	22	34540a64ca794810
mixed_un0_dp1_ud1	180	2	4e42d7ec03f8ebe6
mixed_un0_dp1_ud1	181	4	31005461bba5b332
mixed_un0_dp1_ud1	182	2	3bcd136472d8ebbf
mixed_un0_dp1_ud1	183	7	670e93596cc48a17
mixed_un0_dp1_ud1	184	27	0aaa239b28bdafcc
mixed_un0_dp1_ud1	185	4	1c9f7153558062a0
mixed_un0_dp1_ud1	186	3	f4e36ce22dcd03cc
mixed_un0_dp1_ud1	187	7	c4f1ae2e0f41d2ea
mixed_un0_dp1_ud1	188	5	2efc6374a99facf5
mixed_un0_dp1_ud1	189	8	913d70c49e9881d9
mixed_un0_dp1_ud1	190	4	55797a58230b2ee0
mixed_un0_dp1_ud1	191	2	653cbfa4e25966ef
mixed_un0_dp1_ud1	192	1	6b72b37aa2a1e3a0
mixed_un0_dp1_ud1	193	2	58c45d16565eb0d0
mixed_un0_dp1_ud1	194	6	68d93a49da8467a6
mixed_un0_dp1_ud1	195	10	4f113b8473d0d381
mixed_un0_dp1_ud1	196	27	df9aa4c593c39ba0
mixed_un0_dp1_ud1	197	53	9eb6bb982cf0f3f7
mixed_un0_dp1_ud1	198	146	2ebe42320d820dfa
mixed_un0_dp1_ud1	199	51	5cb64e0987f5bb6d
mixed_un0_dp1_ud1	200	23	97aaeb728a4f4dc3
mixed_un0_dp1_ud1	201	62	b0f403bc27941ffd
mixed_un0_dp1_ud1	202	22	e58496a5c6e3d102
mixed_un0_dp1_ud1	203	150	42897d9933edb960
mixed_un0_dp1_ud1	204	147	2614f442caa3f3ea
mixed_un0_dp1_ud1	205	51	35168ccc1d6831a5
mixed_un0_dp1_ud1	206	3	a081e17343101e56
mixed_un0_dp1_ud1	207	2	03bd747c6229706a
mixed_un0_dp1_ud1	208	19	feaaa53bee710928
mixed_un0_dp1_ud1	209	6	91bc0c85320d0e87
mixed_un0_dp1_ud1	210	142	3292f92ece233d3f
mixed_un0_dp1_ud1	211	69	2e389fc0d43d92e8
mixed_un0_dp1_ud1	212	5	b4be965f0ea3c7f1
mixed_un0_dp1_ud1	213	8	f97d4eb1102df81c
mixed_un0_dp1_ud1	214	56	77fbc08ee5fd3d82
mixed_un0_dp1_ud1	215	2	0b1d3a222247d3ee
mixed_un0_dp1_ud1	216	3	72ba45154468a49e
mixed_un0_dp1_ud1	217	150	67cc8069d2342a0f
mixed_un0_dp1_ud1	218	3	39b47d1f935ab50e
mixed_un0_dp1_ud1	219	26	85c9c38e20a87425
mixed_un0_dp1_ud1	220	66	29ca96af74184889
mixed_un0_dp1_ud1	221	32	451902d8be58e8c0
mixed_un0_dp1_ud1	222	143	91a79382409628e6
mixed_un0_dp1_ud1	223	2	68416f9a82cbadaa
mixed_un0_dp1_ud1	224	57	2a45a60d0467e434
mixed_un0_dp1_ud1	225	145	9cdda1c248fc0155
mixed_un0_dp1_ud1	226	27	1d6e59754ea4a88c
mixed_un0_dp1_ud1	227	145	70a2529e122abd35
mixed_un0_dp1_ud1	228	2	1ed62d452c06032d
mixed_un0_dp1_ud1	229	12	6093147242f47eb1
mixed_un0_dp1_ud1	230	59	31c6c28d6bea0dcc
mixed_un0_dp1_ud1	231	2	4b87cb766e6c2d59
mixed_un0_dp1_ud1	232	5	08b8d6aee55ba13c
mixed_un0_dp1_ud1	233	5	0d3e65144ef91ca5
mixed_un0_dp1_ud1	234	24	04a21528988f2bb4
mixed_un0_dp1_ud1	235	3	2a0fd66904abc7c8
mixed_un0_dp1_ud1	236	4	9622c2ba2249aa1b
mixed_un0_dp1_ud1	237	2	e7f3ccc34d695499
mixed_un0_dp1_ud1	238	136	63dcc9909785ad2c
mixed_un0_dp1_ud1	239	2	51440365f7228782
mixed_un0_dp1_ud1	240	53	2525f7235500291e
mixed_un0_dp1_ud1	241	5	2935f8374ffedeb7
mixed_un0_dp1_ud1	242	2	e0cb733b7977396e
mixed_un0_dp1_ud1	243	65	855c2511c7cd2d46
mixed_un0_dp1_ud1	244	10	34af50882703447e
mixed_un0_dp1_ud1	245	136	86a57f639da4f284
mixed_un0_dp1_ud1	246	55	8ed4c3a29433cf69
mixed_un0_dp1_ud1	247	19	40ac85f7708f8b9f
mixed_un0_dp1_ud1	248	21	d788e2528dc145ce
mixed_un0_dp1_ud1	249	65	62173a2f5f11d456
mixed_un0_dp1_ud1	250	10	29a6fd35e38dd258
mixed_un0_dp1_ud1	251	145	d3a661338e196119
mixed_un0_dp1_ud1	252	8	c4bf0066ae3ed625
mixed_un0_dp1_ud1	253	159	d8ee8c87646ecff3
mixed_un0_dp1_ud1	254	9	794ab559869ebf4f
mixed_un0_dp1_ud1	255	3	934d324711f9585b
mixed_un0_dp1_ud1	256	52	db9ca412e6926789
mixed_un0_dp1_ud1	257	59	ff9e1769f9a3a295
mixed_un0_dp1_ud1	258	58	c36a6ce59f4e77f1
mixed_un0_dp1_ud1	259	137	a53a974007b446b8
mixed_un0_dp1_ud1	260	23	fb5bd6f21ed4968e
mixed_un0_dp1_ud1	261	2	924504afcda1cfd2
mixed_un0_dp1_ud1	262	60	2eed15e0b10d9f94
mixed_un0_dp1_ud1	263	2	05c83f34919bd568
mixed_un0_dp1_ud1	264	2	f29257b6bf7a4c6d
mixed_un0_dp1_ud1	265	2	f860f25b5dfae3df
mixed_un0_dp1_ud1	266	63	4819390ea194e9bc
mixed_un0_dp1_ud1	267	133	20a1f44a1cf1a61e
mixed_un0_dp1_ud1	268	16	448e88025fb7e6bb
mixed_un0_dp1_ud1	269	59	3e8a23d66232bb4a
mixed_un0_dp1_ud1	270	5	99be24770957133d
mixed_un0_dp1_ud1	271	19	fe29b1ad562f3afe
mixed_un0_dp1_ud1	272	6	6f919b95e8983386
mixed_un0_dp1_ud1	273	3	7e8b3bc6e0ff49f7
mixed_un0_dp1_ud1	274	4	493016d30db2cc4a
mixed_un0_dp1_ud1	275	2	a5a6c52ac89a2e26
mixed_un0_dp1_ud1	276	22	2f950323de1686da
mixed_un0_dp1_ud1	277	1	2ddd594f75bc7a04
mixed_un0_dp1_ud1	278	147	39a06c3af59b6fa8
mixed_un0_dp1_ud1	279	7	12fd6cdb5c930853
mixed_un0_dp1_ud1	280	4	aa6e320823fcf0e5
mixed_un0_dp1_ud1	281	2	a94a05f30f6f505b
mixed_un0_dp1_ud1	282	6	87834cd6318c0abc
mixed_un0_dp1_ud1	283	6	1e6becef23f1e4cd
mixed_un0_dp1_ud1	284	21	6eb83ff5e434d3bb
mixed_un0_dp1_ud1	285	139	1d570481602b421b
mixed_un0_dp1_ud1	286	8	e9d299593dd18b95
mixed_un0_dp1_ud1	287	2	4512339cf40b5163
mixed_un0_dp1_ud1	288	23	43c1bb748a49035e
mixed_un0_dp1_ud1	289	56	07ebb4280283d548
mixed_un0_dp1_ud1	290	6	2571846923378c8e
mixed_un0_dp1_ud1	291	60	4ed0668b20084d78
mixed_un0_dp1_ud1	292	2	0a207cc2286b47b9
mixed_un0_dp1_ud1	293	22	b8d7b702ba1104b8
mixed_un0_dp1_ud1	294	2	e92aa8fb21e21ba4
mixed_un0_dp1_ud1	295	4	207f0800c75ad8c0
mixed_un0_dp1_ud1	296	21	b0317602e87ecaf7
mixed_un0_dp1_ud1	297	5	44041a7814c6ed16
mixed_un0_dp1_ud1	298	8	06dc63c8ef437398
mixed_un0_dp1_ud1	299	49	18c830fd830ba429
mixed_un0_dp1_ud1	300	18	0811823527013b6e
mixed_un0_dp1_ud1	301	2	a897b29e1f3cb5ab
mixed_un0_dp1_ud1	302	2	d86e9b7a0a82223f
mixed_un0_dp1_ud1	303	2	9ffa96ea53f5d65f
mixed_un0_dp1_ud1	304	23	a522f9c3723d6338
mixed_un0_dp1_ud1	305	144	606164917b93c651
mixed_un0_dp1_ud1	306	8	4424b92581b1c564
mixed_un0_dp1_ud1	307	19	57433608f7db00fd
mixed_un0_dp1_ud1	308	141	2530ca24e5dbefa2
mixed_un0_dp1_ud1	309	1	d768b68099eade96
mixed_un0_dp1_ud1	310	138	4912dd3f64c0e968
mixed_un0_dp1_ud1	311	3	a9c08f8c8fbe7b7a
mixed_un0_dp1_ud1	312	20	75e80777ee7372c8
mixed_un0_dp1_ud1	313	137	8074dbcf6882779b
mixed_un0_dp1_ud1	314	134	a492f2e707c62782
mixed_un0_dp1_ud1	315	4	b47ff0c8de71b612
mixed_un0_dp1_ud1	316	140	a274f402e96699f7
mixed_un0_dp1_ud1	317	138	3c5a9bb31a142ff0
mixed_un0_dp1_ud1	318	59	03e54f1e14ca3713
mixed_un0_dp1_ud1	319	4	48a062b0138b0f26
mixed_un0_dp1_ud1	320	58	3468aea44c658ea1
mixed_un0_dp1_ud1	321	6	53076c4ad9635ee3
mixed_un0_dp1_ud1	322	4	5137eb0456042c35
mixed_un0_dp1_ud1	323	5	46f832671e6be81c
mixed_un0_dp1_ud1	324	57	6407a3d6bbf68fb0
mixed_un0_dp1_ud1	325	157	6c75da87798f5c77
mixed_un0_dp1_ud1	326	9	2622ae69ba85f33c
mixed_un0_dp1_ud1	327	19	ba0a0a912ea4834a
mixed_un0_dp1_ud1	328	5	2fae1ee4d46126b4
mixed_un0_dp1_ud1	329	2	a6bb84b7a575f8ec
mixed_un0_dp1_ud1	330	142	2acbccf06888b069
mixed_un0_dp1_ud1	331	6	6106de746f210c0d
mixed_un0_dp1_ud1	332	13	96b94616f8a1ce16
mixed_un0_dp1_ud1	333	10	3df81dc05cc0d8e3
mixed_un0_dp1_ud1	334	5	6def5d6e3df65105
mixed_un0_dp1_ud1	335	26	c9fc4a8ed096bf52
mixed_un0_dp1_ud1	336	6	1e317ebcdbe551c5
mixed_un0_dp1_ud1	337	7	d49c79172ea77fc4
mixed_un0_dp1_ud1	338	2	52433b8379f9ccc2
mixed_un0_dp1_ud1	339	2	d7cbbca2e0d29c5f
mixed_un0_dp1_ud1	340	7	f61b0925c5d68178
mixed_un0_dp1_ud1	341	3	1f3aa361034ebfba
mixed_un0_dp1_ud1	342	2	585dc3e49905c661
mixed_un0_dp1_ud1	343	2	28a11183598e5824
mixed_un0_dp1_ud1	344	1	086bd518f6b8b79d
mixed_un0_dp1_ud1	345	18	a98692b53ddac235
mixed_un0_dp1_ud1	346	6	d76b0be5855094ec
mixed_un0_dp1_ud1	347	11	d510f2c540c468ca
mixed_un0_dp1_ud1	348	5	f031ac6950088d80
mixed_un0_dp1_ud1	349	149	f45e577b390c1cfc
mixed_un0_dp1_ud1	350	24	2178538255cf7656
mixed_un0_dp1_ud1	351	135	cc82df06677f7306
mixed_un0_dp1_ud1	352	8	0039b4c5a2e28990
mixed_un0_dp1_ud1	353	58	717a01b948f173b0
mixed_un0_dp1_ud1	354	140	924e9ab26a946641
mixed_un0_dp1_ud1	355	58	68c30effa33a5af9
mixed_un0_dp1_ud1	356	2	fd20bd056e0c46a4
mixed_un0_dp1_ud1	357	141	333eb172115be017
mixed_un0_dp1_ud1	358	2	32c4420f50182d9b
mixed_un0_dp1_ud1	359	10	febc747f398d036a
mixed_un0_dp1_ud1	360	137	9c9e53b9f35cf0b8
mixed_un0_dp1_ud1	361	5	4c862c1bd8a5a450
mixed_un0_dp1_ud1	362	126	be9f702b1b996038
mixed_un0_dp1_ud1	363	5	e07d509b4206e920
mixed_un0_dp1_ud1	364	2	3322804f769107bc
mixed_un0_dp1_ud1	365	62	a68f4b940cde4bd3
mixed_un0_dp1_ud1	366	2	74b2f15853d403ad
mixed_un0_dp1_ud1	367	6	cf174ba6543f265b
mixed_un0_dp1_ud1	368	4	5e04d8159b8494d8
mixed_un0_dp1_ud1	369	4	78d378e2e290bba2
mixed_un0_dp1_ud1	370	3	ebd961710316a4e5
mixed_un0_dp1_ud1	371	2	5acc42448f3a7df6
mixed_un0_dp1_ud1	372	19	a494db22f0faa7ea
mixed_un0_dp1_ud1	373	27	49343640df3441b3
mixed_un0_dp1_ud1	374	134	f12abef1860b2a56
mixed_un0_dp1_ud1	375	145	d21cd84065544345
mixed_un0_dp1_ud1	376	60	1c12c803d8a50831
mixed_un0_dp1_ud1	377	1	9efb220ab1756c9b
mixed_un0_dp1_ud1	378	66	d6f31f878669e2f1
mixed_un0_dp1_ud1	379	164	6fca1eb1438c59c5
mixed_un0_dp1_ud1	380	161	086d6f1344cc413b
mixed_un0_dp1_ud1	381	2	0737efd232706575
mixed_un0_dp1_ud1	382	137	c384828db4c39ac3
mixed_un0_dp1_ud1	383	7	949719fd8505d430
mixed_un0_dp1_ud1	384	25	47d2eb91248fc83f
mixed_un0_dp1_ud1	385	26	e39400098c056852
mixed_un0_dp1_ud1	386	3	cf1550a9bbb1fef1
mixed_un0_dp1_ud1	387	7	a4b63e88af6f3bd7
mixed_un0_dp1_ud1	388	2	aa1e60ba1401abea
mixed_un0_dp1_ud1	389	159	96cee3296516e375
mixed_un0_dp1_ud1	390	58	a31a98b8ae11326c
mixed_un0_dp1_ud1	391	7	e5548f54f91d3609
mixed_un0_dp1_ud1	392	1	02af48d37eaa75de
mixed_un0_dp1_ud1	393	58	0f786aa935ae2efa
mixed_un0_dp1_ud1	394	2	afc759b4113c25e6
mixed_un0_dp1_ud1	395	7	04919ff7d9b632d0
mixed_un0_dp1_ud1	396	23	a303c55f0d36a058
mixed_un0_dp1_ud1	397	2	3e546b7553d13d25
mixed_un0_dp1_ud1	398	2	aaed56b482f98c50
mixed_un0_dp1_ud1	399	63	42b21fe6df74d351
mixed_un0_dp0_ud0	0	188	d45a473e6e4f65c0
mixed_un0_dp0_ud0	1	3	a4a8d635a6bd3203
mixed_un0_dp0_ud0	2	185	b3055546966af405
mixed_un0_dp0_ud0	3	2	48af54fbccd258d8
mixed_un0_dp0_ud0	4	69	213c283d9f44a488
mixed_un0_dp0_ud0	5	11	786883a831e4ff77
mixed_un0_dp0_ud0	6	2	3a25daa9a10d2b61
mixed_un0_dp0_ud0	7	78	f11f72afc349db16
mixed_un0_dp0_ud0	8	5	242653f5bbb3c8c2
mixed_un0_dp0_ud0	9	3	7093f70a2a4688d0
mixed_un0_dp0_ud0	10	189	1ee69ddc81d7ce44
mixed_un0_dp0_ud0	11	11	fbcb8aa6981dc3af
mixed_un0_dp0_ud0	12	2	1e4531718b24dcf3
mixed_un0_dp0_ud0	13	11	1b622aee2fad13c5
mixed_un0_dp0_ud0	14	31	5ca9ddcf03d25244
mixed_un0_dp0_ud0	15	178	80b0994f137a6208
mixed_un0_dp0_ud0	16	6	25fa0982b745d4df
mixed_un0_dp0_ud0	17	2	5dea7bc0142c7c9c
mixed_un0_dp0_ud0	18	5	487b934176ac0550
mixed_un0_dp0_ud0	19	82	047357b11ae0139c
mixed_un0_dp0_ud0	20	187	e534ef9e02016a67
mixed_un0_dp0_ud0	21	29	c80fbe0b6624ade6
mixed_un0_dp0_ud0	22	24	b797ee188d6287d0
mixed_un0_dp0_ud0	23	6	13309ee916c551bc
mixed_un0_dp0_ud0	24	28	5d4594d33f77a62f
mixed_un0_dp0_ud0	25	6	fcf8ea2c738bf0bb
mixed_un0_dp0_ud0	26	185	d3ce0fffb42dc8bd
mixed_un0_dp0_ud0	27	2	d930a8388fecfd6c
mixed_un0_dp0_ud0	28	185	8beededf0222f4b5
mixed_un0_dp0_ud0	29	29	54ba87cb2f515487
mixed_un0_dp0_ud0	30	10	43cd0d81f89a67ec
mixed_un0_dp0_ud0	31	6	7abb25e93cf412df
mixed_un0_dp0_ud0	32	11	7aecf32249a7c842
mixed_un0_dp0_ud0	33	6	0a03e47f384ef872
mixed_un0_dp0_ud0	34	79	83305e44b897a6be
mixed_un0_dp0_ud0	35	179	51093ca16bdf3f86
mixed_un0_dp0_ud0	36	2	bdf75673c2b7b9af
mixed_un0_dp0_ud0	37	30	5f789545e83fd917
mixed_un0_dp0_ud0	38	25	5ae53b3bbe9f8219
mixed_un0_dp0_ud0	39	73	305fb252a8870851
mixed_un0_dp0_ud0	40	3	9bf9d5567f90a850
mixed_un0_dp0_ud0	41	3	e8ef047b9b78f799
mixed_un0_dp0_ud0	42	27	f4a09d14b40e54fe
mixed_un0_dp0_ud0	43	5	a5172c29fe09f2f5
mixed_un0_dp0_ud0	44	29	8aca9239ea38a123
mixed_un0_dp0_ud0	45	3	c96a694de46626b9
mixed_un0_dp0_ud0	46	70	90608ad82259cd68
mixed_un0_dp0_ud0	47	11	55dae13308c89228
mixed_un0_dp0_ud0	48	71	18b95714c662f2c6
mixed_un0_dp0_ud0	49	3	961410dbcb8aba28
mixed_un0_dp0_ud0	50	77	979cf3a10a86d55d
mixed_un0_dp0_ud0	51	2	3b3ad4084fecb045
mixed_un0_dp0_ud0	52	6	72c09cc6f7e0219c
mixed_un0_dp0_ud0	53	34	b253ae4c4a09a97a
mixed_un0_dp0_ud0	54	30	e96c423f85a7e6fe
mixed_un0_dp0_ud0	55	2	ae7493fc3e487f8f
mixed_un0_dp0_ud0	56	2	b840659fd1c80e1a
mixed_un0_dp0_ud0	57	5	faab5e06249bd3c4
mixed_un0_dp0_ud0	58	81	41c03b3ed4015c39
mixed_un0_dp0_ud0	59	29	7d9acd389bc96400
mixed_un0_dp0_ud0	60	67	c48391ba794c24a1
mixed_un0_dp0_ud0	61	3	42d3ba7856ba938f
mixed_un0_dp0_ud0	62	183	bc602cbbaa667b74
mixed_un0_dp0_ud0	63	188	a8294f96a80d44f7
mixed_un0_dp0_ud0	64	31	acafe0fad0842692
mixed_un0_dp0_ud0	65	29	efa887d39aca3139
mixed_un0_dp0_ud0	66	6	fac59d0535630167
mixed_un0_dp0_ud0	67	2	ec68d3e3732336cc
mixed_un0_dp0_ud0	68	13	7c210f558c0fcd69
mixed_un0_dp0_ud0	69	181	903cce1ee2369b88
mixed_un0_dp0_ud0	70	2	62767a9099eb7b5c
mixed_un0_dp0_ud0	71	2	3c171071acbaa196
mixed_un0_dp0_ud0	72	3	c9813505cf83b235
mixed_un0_dp0_ud0	73	11	fe78a09ccaafe926
mixed_un0_dp0_ud0	74	178	7c6a089202eda32c
mixed_un0_dp0_ud0	75	25	952e25bd9f07b206
mixed_un0_dp0_ud0	76	27	d8012f15d298c183
mixed_un0_dp0_ud0	77	29	8684a8ecff0949ca
mixed_un0_dp0_ud0	78	190	fda8a7474feb17a6
mixed_un0_dp0_ud0	79	11	c4d6297f78289176
mixed_un0_dp0_ud0	80	76	73a5cc24adc00bbc
mixed_un0_dp0_ud0	81	4	21cd00c134a171c2
mixed_un0_dp0_ud0	82	80	aa18a632e08bbd2e
mixed_un0_dp0_ud0	83	176	8f19deb84ae9eacf
mixed_un0_dp0_ud0	84	190	a7d4f69b7403d537
mixed_un0_dp0_ud0	85	74	4f3f49096d985146
mixed_un0_dp0_ud0	86	3	13dfaf4273396119
mixed_un0_dp0_ud0	87	2	1b171a1f9329a579
mixed_un0_dp0_ud0	88	2	06d064a5b6119cec
mixed_un0_dp0_ud0	89	2	13dc9fd5928491eb
mixed_un0_dp0_ud0	90	3	f122e80153e1e8f3
mixed_un0_dp0_ud0	91	3	01ae6e117acd6e37
mixed_un0_dp0_ud0	92	9	fed9fa9393283d73
mixed_un0_dp0_ud0	93	3	e1862e7d53e78bad
mixed_un0_dp0_ud0	94	31	d96c67d81e7f6f54
mixed_un0_dp0_ud0	95	2	7aad0b9e1226bef0
mixed_un0_dp0_ud0	96	3	6dcbe1cf42f5ca02
mixed_un0_dp0_ud0	97	25	30577d29accea010
mixed_un0_dp0_ud0	98	10	237901dbbb51621e
mixed_un0_dp0_ud0	99	75	68a2b8332cd71633
mixed_un0_dp0_ud0	100	30	867a6687b39eea7f
mixed_un0_dp0_ud0	101	72	47fef1ffd064d9db
mixed_un0_dp0_ud0	102	2	9381c1799561e673
mixed_un0_dp0_ud0	103	4	ed7cde8bd442e515
mixed_un0_dp0_ud0	104	3	eacfe96e26f6497a
mixed_un0_dp0_ud0	105	186	2d349957bfe7fea1
mixed_un0_dp0_ud0	106	2	31250925694a9be5
mixed_un0_dp0_ud0	107	2	111a8c670f1b7eb3
mixed_un0_dp0_ud0	108	2	48f2d50e850d1972
mixed_un0_dp0_ud0	109	30	0dd5f273d5950857
mixed_un0_dp0_ud0	110	2	56f2119843262bd8
mixed_un0_dp0_ud0	111	2	d756fbc0a19f6f57
mixed_un0_dp0_ud0	112	2	5d3ba4edb71b9695
mixed_un0_dp0_ud0	113	189	8d4fafc1eef71763
mixed_un0_dp0_ud0	114	176	c37bf082c9157ad5
mixed_un0_dp0_ud0	115	29	63e93b13345dff4c
mixed_un0_dp0_ud0	116	11	ce451d6f9aee769b
mixed_un0_dp0_ud0	117	3	b64c0d7d7ea7ea65
mixed_un0_dp0_ud0	118	6	f00ae3ccfbc7ca0c
mixed_un0_dp0_ud0	119	170	dd91b907bfd216e8
mixed_un0_dp0_ud0	120	5	d01f4deeacb6a884
mixed_un0_dp0_ud0	121	5	59acd0851566c6cf
mixed_un0_dp0_ud0	122	6	a881692237cb9568
mixed_un0_dp0_ud0	123	2	ef5225248d173fa3
mixed_un0_dp0_ud0	124	3	4b6376bf607b3594
mixed_un0_dp0_ud0	125	2	5c3c0951b23679f5
mixed_un0_dp0_ud0	126	14	63b23d7d840159e4
mixed_un0_dp0_ud0	127	9	d4f634d018ee0f6b
mixed_un0_dp0_ud0	128	2	63088dade7e2c78b
mixed_un0_dp0_ud0	129	185	748f04c53f55d15a
mixed_un0_dp0_ud0	130	72	dbbead6ccaa17cbf
mixed_un0_dp0_ud0	131	191	d640d2f226d52cff
mixed_un0_dp0_ud0	132	2	772dfa30393969bd
mixed_un0_dp0_ud0	133	3	d23414d8415ee830
mixed_un0_dp0_ud0	134	6	8d34a9073653849c
mixed_un0_dp0_ud0	135	2	941e09cb949631cf
mixed_un0_dp0_ud0	136	30	ddbe405444a4714b
mixed_un0_dp0_ud0	137	3	7e500d3ae150eb93
mixed_un0_dp0_ud0	138	2	d9ad519b8157fdde
mixed_un0_dp0_ud0	139	71	c5ee62191bb444ce
mixed_un0_dp0_ud0	140	9	58f8521aca45c5e4
mixed_un0_dp0_ud0	141	2	3ed2a5ee559b0584
mixed_un0_dp0_ud0	142	3	9fbb348d5d8a2a2d
mixed_un0_dp0_ud0	143	2	e120c7dc005a72a2
mixed_un0_dp0_ud0	144	3	0b018104431c67db
mixed_un0_dp0_ud0	145	188	d113d1ade9065b7a
mixed_un0_dp0_ud0	146	10	55904dbb2809837b
mixed_un0_dp0_ud0	147	9	cc5d595c48fef01d
mixed_un0_dp0_ud0	148	25	b5c995e8412a6924
mixed_un0_dp0_ud0	149	3	dd79dcf066be6ccc
mixed_un0_dp0_ud0	150	10	63bc49d1bf2c052c
mixed_un0_dp0_ud0	151	9	9498ba2ec585c079
mixed_un0_dp0_ud0	152	187	09cf48a956d44de0
mixed_un0_dp0_ud0	153	181	6224b47b6d506352
mixed_un0_dp0_ud0	154	72	95dd086418222809
mixed_un0_dp0_ud0	155	5	9a0a173078bcb4e6
mixed_un0_dp0_ud0	156	12	245b4e8e6172bd97
mixed_un0_dp0_ud0	157	3	9f6f2fb5c0fc134d
mixed_un0_dp0_ud0	158	75	39a7622666cd13a7
mixed_un0_dp0_ud0	159	3	e04ae1029f20c2c1
mixed_un0_dp0_ud0	160	2	f0cfc8cbf5d9d664
mixed_un0_dp0_ud0	161	80	c2d2fac336e093d3
mixed_un0_dp0_ud0	162	181	d69f2be340560fff
mixed_un0_dp0_ud0	163	186	2284493192142453
mixed_un0_dp0_ud0	164	6	9b522109f5783f9c
mixed_un0_dp0_ud0	165	72	9186a8a4a6f48b4a
mixed_un0_dp0_ud0	166	76	79a9d84a816e1ada
mixed_un0_dp0_ud0	167	6	16c400e79ef135df
mixed_un0_dp0_ud0	168	5	9e271065c422a63f
mixed_un0_dp0_ud0	169	3	686074a5510e2546
mixed_un0_dp0_ud0	170	11	9187a856689dc40f
mixed_un0_dp0_ud0	171	3	70a1e85204e4d72e
mixed_un0_dp0_ud0	172	2	8c8ae7020cbb4c49
mixed_un0_dp0_ud0	173	78	0f887f81778eb700
mixed_un0_dp0_ud0	174	25	3076b68a9795e6ee
mixed_un0_dp0_ud0	175	27	c12b4b84f8f9d295
mixed_un0_dp0_ud0	176	3	8d714cc487cac3bf
mixed_un0_dp0_ud0	177	3	7d6c7c1671067db4
mixed_un0_dp0_ud0	178	184	31a2b96846a2ccb9
mixed_un0_dp0_ud0	179	28	5fa4bd84c9d4e565
mixed_un0_dp0_ud0	180	3	657f0828eb8b259a
mixed_un0_dp0_ud0	181	5	1d402fa1e25a705b
mixed_un0_dp0_ud0	182	2	3bcd136472d8ebbf
mixed_un0_dp0_ud0	183	10	82db7063c7e155c7
mixed_un0_dp0_ud0	184	34	0a4c22fd7f387504
mixed_un0_dp0_ud0	185	6	0e865e2f1690f9ad
mixed_un0_dp0_ud0	186	6	84af25b1df9b5a39
mixed_un0_dp0_ud0	187	9	3e4dc9b436746087
mixed_un0_dp0_ud0	188	6	5f16a728c91275cf
mixed_un0_dp0_ud0	189	10	bddb1fcd2afe9e1d
mixed_un0_dp0_ud0	190	5	3fa68b6c0ac9d6be
mixed_un0_dp0_ud0	191	2	653cbfa4e25966ef
mixed_un0_dp0_ud0	192	2	43c05b7ef01c7494
mixed_un0_dp0_ud0	193	2	58c45d16565eb0d0
mixed_un0_dp0_ud0	194	10	14262a505f06a068
mixed_un0_dp0_ud0	195	12	c22bd0bc0c4cb61b
mixed_un0_dp0_ud0	196	30	693db0b51bda889e
mixed_un0_dp0_ud0	197	73	a766aa0ce1c51f8c
mixed_un0_dp0_ud0	198	181	e59998b7fea3bf66
mixed_un0_dp0_ud0	199	68	a6d7d971f9860d95
mixed_un0_dp0_ud0	200	27	15e7c096e44a2650
mixed_un0_dp0_ud0	201	73	cc075019e35f9b31
mixed_un0_dp0_ud0	202	30	7b2b8c243a5be17c
mixed_un0_dp0_ud0	203	186	3367bc5f3274243c
mixed_un0_dp0_ud0	204	192	4873e3cce35cc15b
mixed_un0_dp0_ud0	205	71	880965d277c2493b
mixed_un0_dp0_ud0	206	3	a081e17343101e56
mixed_un0_dp0_ud0	207	2	03bd747c6229706a
mixed_un0_dp0_ud0	208	28	1e3fa4de42664266
mixed_un0_dp0_ud0	209	10	9228e199660c6324
mixed_un0_dp0_ud0	210	190	fbf1e76d0dc865ba
mixed_un0_dp0_ud0	211	84	4b876280aba0a0c6
mixed_un0_dp0_ud0	212	5	b4be965f0ea3c7f1
mixed_un0_dp0_ud0	213	10	3c36e3f135869833
mixed_un0_dp0_ud0	214	75	98d1aeec16f9a97a
mixed_un0_dp0_ud0	215	3	0672da7704845a4b
mixed_un0_dp0_ud0	216	3	72ba45154468a49e
mixed_un0_dp0_ud0	217	189	b54a95a6d163fcf8
mixed_un0_dp0_ud0	218	3	39b47d1f935ab50e
mixed_un0_dp0_ud0	219	31	7dea96e95d59cb75
mixed_un0_dp0_ud0	220	83	5f4bede5df494be6
mixed_un0_dp0_ud0	221	37	4a68ef89a130b9d1
mixed_un0_dp0_ud0	222	194	d2fe0b4b3842f2dd
mixed_un0_dp0_ud0	223	2	68416f9a82cbadaa
mixed_un0_dp0_ud0	224	75	ee16b99e2467c7f5
mixed_un0_dp0_ud0	225	173	29081bcbc3ac4b24
mixed_un0_dp0_ud0	226	34	fd870cd1f7818163
mixed_un0_dp0_ud0	227	186	4faf70ca5475c5b1
mixed_un0_dp0_ud0	228	2	1ed62d452c06032d
mixed_un0_dp0_ud0	229	12	6093147242f47eb1
mixed_un0_dp0_ud0	230	72	aa76b0e258e2fc01
mixed_un0_dp0_ud0	231	3	77e4a054c5c3acbe
mixed_un0_dp0_ud0	232	6	4acfe3057f18bad6
mixed_un0_dp0_ud0	233	6	d6abae7b8a305a0f
mixed_un0_dp0_ud0	234	29	58761d92f01bfadc
mixed_un0_dp0_ud0	235	5	5c1af7797a86a816
mixed_un0_dp0_ud0	236	6	34bd5dae9eea5b43
mixed_un0_dp0_ud0	237	5	7d7414d8dabf0228
mixed_un0_dp0_ud0	238	179	1acb3e498277d414
mixed_un0_dp0_ud0	239	2	51440365f7228782
mixed_un0_dp0_ud0	240	71	ff23c6481197a511
mixed_un0_dp0_ud0	241	5	2935f8374ffedeb7
mixed_un0_dp0_ud0	242	2	e0cb733b7977396e
mixed_un0_dp0_ud0	243	70	140701db9e0a157c
mixed_un0_dp0_ud0	244	11	77b4cd37c698dfb7
mixed_un0_dp0_ud0	245	186	8971b51cf3e39afa
mixed_un0_dp0_ud0	246	69	32b8c551088a95d6
mixed_un0_dp0_ud0	247	25	de4512f7790460fe
mixed_un0_dp0_ud0	248	28	3c4b130cce610436
mixed_un0_dp0_ud0	249	78	8c71fff2877ff649
mixed_un0_dp0_ud0	250	11	3899cd1664c00dfc
mixed_un0_dp0_ud0	251	192	a893720dc5df4e03
mixed_un0_dp0_ud0	252	9	ac40e7905cb7f1b9
mixed_un0_dp0_ud0	253	203	f5e0072c6de71695
mixed_un0_dp0_ud0	254	11	e7311d6b80810e88
mixed_un0_dp0_ud0	255	3	934d324711f9585b
mixed_un0_dp0_ud0	256	72	df469713d7455fbb
mixed_un0_dp0_ud0	257	73	984abd13144e2f29
mixed_un0_dp0_ud0	258	72	acf6574811abc469
mixed_un0_dp0_ud0	259	182	0db20cad94d952dc
mixed_un0_dp0_ud0	260	29	6ca1869840a7035b
mixed_un0_dp0_ud0	261	3	3cc8a407e12c3f4f
mixed_un0_dp0_ud0	262	78	e3c78e9703e16f5a
mixed_un0_dp0_ud0	263	3	78f2396bf6463765
mixed_un0_dp0_ud0	264	6	24d4e5954fd260a4
mixed_un0_dp0_ud0	265	4	69728ad28bee1909
mixed_un0_dp0_ud0	266	79	49dfd981e380ae58
mixed_un0_dp0_ud0	267	182	ae1048a4a8b6b1da
mixed_un0_dp0_ud0	268	25	386947f6f21f6f15
mixed_un0_dp0_ud0	269	76	92b4f319ca4ac940
mixed_un0_dp0_ud0	270	6	370c4d58649925e0
mixed_un0_dp0_ud0	271	23	13a0df846a7b9b70
mixed_un0_dp0_ud0	272	8	02d115de38c5f2e4
mixed_un0_dp0_ud0	273	3	7e8b3bc6e0ff49f7
mixed_un0_dp0_ud0	274	6	ad85495f018a11c1
mixed_un0_dp0_ud0	275	2	a5a6c52ac89a2e26
mixed_un0_dp0_ud0	276	27	b9394d4d0050bcb2
mixed_un0_dp0_ud0	277	2	bfbaed8002ec6a28
mixed_un0_dp0_ud0	278	187	b8a4a9a3bbfcbf58
mixed_un0_dp0_ud0	279	12	f71f20b861510b55
mixed_un0_dp0_ud0	280	6	4078e50d1544d35e
mixed_un0_dp0_ud0	281	3	6675a2b038a72743
mixed_un0_dp0_ud0	282	6	87834cd6318c0abc
mixed_un0_dp0_ud0	283	10	d9feeed6b339b670
mixed_un0_dp0_ud0	284	27	35d332fa9f292d5c
mixed_un0_dp0_ud0	285	181	3b93fe35d4f08104
mixed_un0_dp0_ud0	286	9	dc045866ac25a4fc
mixed_un0_dp0_ud0	287	2	4512339cf40b5163
mixed_un0_dp0_ud0	288	30	116c9a166d9047df
mixed_un0_dp0_ud0	289	69	2558f3e30369f715
mixed_un0_dp0_ud0	290	8	93bad9f016f29f15
mixed_un0_dp0_ud0	291	80	14f375913408fce2
mixed_un0_dp0_ud0	292	2	0a207cc2286b47b9
mixed_un0_dp0_ud0	293	26	c9631322996e2dcc
mixed_un0_dp0_ud0	294	2	e92aa8fb21e21ba4
mixed_un0_dp0_ud0	295	3	ffb1d7bc4a7f1eb7
mixed_un0_dp0_ud0	296	28	8daf42a4f723d928
mixed_un0_dp0_ud0	297	6	3a26cbe7424f541e
mixed_un0_dp0_ud0	298	11	49ea0cb158ca870f
mixed_un0_dp0_ud0	299	65	0ac303dfe1bc755b
mixed_un0_dp0_ud0	300	31	1ce188833e61a8fa
mixed_un0_dp0_ud0	301	3	30f2d1bab1a40b34
mixed_un0_dp0_ud0	302	2	d86e9b7a0a82223f
mixed_un0_dp0_ud0	303	2	9ffa96ea53f5d65f
mixed_un0_dp0_ud0	304	28	96c5f65346ca3864
mixed_un0_dp0_ud0	305	187	4a162f3329e781c1
mixed_un0_dp0_ud0	306	9	792b148bdd0ae1af
mixed_un0_dp0_ud0	307	28	dd2c6c403b945c5b
mixed_un0_dp0_ud0	308	188	f8de542b5fe88bf4
mixed_un0_dp0_ud0	309	2	e593167dbe740168
mixed_un0_dp0_ud0	310	186	46a8c76cd58a529d
mixed_un0_dp0_ud0	311	3	a9c08f8c8fbe7b7a
mixed_un0_dp0_ud0	312	29	7433f1b0f85228aa
mixed_un0_dp0_ud0	313	181	331993cdd19a56e4
mixed_un0_dp0_ud0	314	181	9b44bcd6d49518de
mixed_un0_dp0_ud0	315	6	d6fa7c4c226cb10f
mixed_un0_dp0_ud0	316	181	616cdf8770634df7
mixed_un0_dp0_ud0	317	174	0e4555c237c11683
mixed_un0_dp0_ud0	318	66	17a0294534dcf409
mixed_un0_dp0_ud0	319	6	898130edd1d53658
mixed_un0_dp0_ud0	320	77	64da71adcd618f89
mixed_un0_dp0_ud0	321	7	abe8e7888f48affe
mixed_un0_dp0_ud0	322	6	425402bb15b2a6de
mixed_un0_dp0_ud0	323	6	5de5e041be96da6d
mixed_un0_dp0_ud0	324	73	a72d90f3e4c5c873
mixed_un0_dp0_ud0	325	194	549dad1ea7282784
mixed_un0_dp0_ud0	326	10	c6e8a2a354b9c3b6
mixed_un0_dp0_ud0	327	31	ce95154d77ffbd6a
mixed_un0_dp0_ud0	328	10	2a9b4e75f8f49490
mixed_un0_dp0_ud0	329	2	a6bb84b7a575f8ec
mixed_un0_dp0_ud0	330	185	b9b88c5dcacce275
mixed_un0_dp0_ud0	331	6	6106de746f210c0d
mixed_un0_dp0_ud0	332	15	881460a976d7d05d
mixed_un0_dp0_ud0	333	10	3df81dc05cc0d8e3
mixed_un0_dp0_ud0	334	5	6def5d6e3df65105
mixed_un0_dp0_ud0	335	33	5cecff2d1aa21af6
mixed_un0_dp0_ud0	336	6	1e317ebcdbe551c5
mixed_un0_dp0_ud0	337	11	0a664ea21d41bf05
mixed_un0_dp0_ud0	338	2	52433b8379f9ccc2
mixed_un0_dp0_ud0	339	2	d7cbbca2e0d29c5f
mixed_un0_dp0_ud0	340	11	9e0615c777c8ad42
mixed_un0_dp0_ud0	341	3	1f3aa361034ebfba
mixed_un0_dp0_ud0	342	2	585dc3e49905c661
mixed_un0_dp0_ud0	343	2	28a11183598e5824
mixed_un0_dp0_ud0	344	3	998edbd3e3c0852d
mixed_un0_dp0_ud0	345	29	9eb27aa30f4b384c
mixed_un0_dp0_ud0	346	6	d76b0be5855094ec
mixed_un0_dp0_ud0	347	11	d510f2c540c468ca
mixed_un0_dp0_ud0	348	6	75d0836c930c6718
mixed_un0_dp0_ud0	349	191	7041f39385a7b9ad
mixed_un0_dp0_ud0	350	27	3f7ce3bbc4c49bf9
mixed_un0_dp0_ud0	351	178	9996da2a65e74401
mixed_un0_dp0_ud0	352	12	fc2f9282b650c020
mixed_un0_dp0_ud0	353	74	b6392e25f08f4433
mixed_un0_dp0_ud0	354	181	f1bd6d7577849646
mixed_un0_dp0_ud0	355	73	dfa4ab2d4530fc43
mixed_un0_dp0_ud0	356	2	fd20bd056e0c46a4
mixed_un0_dp0_ud0	357	185	2962abf3c70c094a
mixed_un0_dp0_ud0	358	2	32c4420f50182d9b
mixed_un0_dp0_ud0	359	12	39f872ca1c1b6fdf
mixed_un0_dp0_ud0	360	179	76917e7703372136
mixed_un0_dp0_ud0	361	6	3e3f94f2e62d42e9
mixed_un0_dp0_ud0	362	175	2772cdacac53863f
mixed_un0_dp0_ud0	363	8	f78e929ae96b8760
mixed_un0_dp0_ud0	364	2	3322804f769107bc
mixed_un0_dp0_ud0	365	78	b1a80dd031dcf298
mixed_un0_dp0_ud0	366	3	76f5bd7c590e252c
mixed_un0_dp0_ud0	367	10	4768900bfdb3dafe
mixed_un0_dp0_ud0	368	6	c3d7ae21bc2491ec
mixed_un0_dp0_ud0	369	6	d3594f17b3a6e465
mixed_un0_dp0_ud0	370	3	ebd961710316a4e5
mixed_un0_dp0_ud0	371	2	5acc42448f3a7df6
mixed_un0_dp0_ud0	372	25	240cd58e92b276dd
mixed_un0_dp0_ud0	373	33	cf21d562dbe27592
mixed_un0_dp0_ud0	374	175	10039724738514d6
mixed_un0_dp0_ud0	375	183	9af8967a138ed1c3
mixed_un0_dp0_ud0	376	77	41c5b018bf181204
mixed_un0_dp0_ud0	377	2	8651213e2bb36b49
mixed_un0_dp0_ud0	378	81	cbc7cc772e4d529e
mixed_un0_dp0_ud0	379	195	23a4267c1c998332
mixed_un0_dp0_ud0	380	193	63eff70a40eda054
mixed_un0_dp0_ud0	381	3	73adcfaf266b2036
mixed_un0_dp0_ud0	382	183	7fe0e2e88db02284
mixed_un0_dp0_ud0	383	10	7521b9eb150893e0
mixed_un0_dp0_ud0	384	28	83deb17ac352c6a2
mixed_un0_dp0_ud0	385	31	987b47fd287a31f7
mixed_un0_dp0_ud0	386	5	20bd48632fbb41c1
mixed_un0_dp0_ud0	387	10	6744c104af534ec9
mixed_un0_dp0_ud0	388	2	aa1e60ba1401abea
mixed_un0_dp0_ud0	389	199	518d162bd8c13566
mixed_un0_dp0_ud0	390	81	7159963028c7cb05
mixed_un0_dp0_ud0	391	8	ceed52aff0bc13ed
mixed_un0_dp0_ud0	392	2	544186fb653549de
mixed_un0_dp0_ud0	393	74	cfb3c8e3bb03a0c7
mixed_un0_dp0_ud0	394	2	afc759b4113c25e6
mixed_un0_dp0_ud0	395	11	9ef980280418cc7e
mixed_un0_dp0_ud0	396	30	a0e361c606059407
mixed_un0_dp0_ud0	397	3	781b29574154c676
mixed_un0_dp0_ud0	398	3	9b9b233700a70666
mixed_un0_dp0_ud0	399	77	8b2ba17bec428b36
mixed_un0_dp0_ud1	0	188	d45a473e6e4f65c0
mixed_un0_dp0_ud1	1	3	a4a8d635a6bd3203
mixed_un0_dp0_ud1	2	185	b3055546966af405
mixed_un0_dp0_ud1	3	2	48af54fbccd258d8
mixed_un0_dp0_ud1	4	69	213c283d9f44a488
mixed_un0_dp0_ud1	5	11	786883a831e4ff77
mixed_un0_dp0_ud1	6	2	3a25daa9a10d2b61
mixed_un0_dp0_ud1	7	78	f11f72afc349db16
mixed_un0_dp0_ud1	8	5	242653f5bbb3c8c2
mixed_un0_dp0_ud1	9	3	7093f70a2a4688d0
mixed_un0_dp0_ud1	10	189	1ee69ddc81d7ce44
mixed_un0_dp0_ud1	11	11	fbcb8aa6981dc3af
mixed_un0_dp0_ud1	12	2	1e4531718b24dcf3
mixed_un0_dp0_ud1	13	11	1b622aee2fad13c5
mixed_un0_dp0_ud1	14	31	5ca9ddcf03d25244
mixed_un0_dp0_ud1	15	178	d7c0c5748be785b5
mixed_un0_dp0_ud1	16	6	25fa0982b745d4df
mixed_un0_dp0_ud1	17	2	5dea7bc0142c7c9c
mixed_un0_dp0_ud1	18	5	487b934176ac0550
mixed_un0_dp0_ud1	19	82	047357b11ae0139c
mixed_un0_dp0_ud1	20	189	45666414215ebf56
mixed_un0_dp0_ud1	21	30	af91e4cbfa91905a
mixed_un0_dp0_ud1	22	24	b797ee188d6287d0
mixed_un0_dp0_ud1	23	6	13309ee916c551bc
mixed_un0_dp0_ud1	24	28	5d4594d33f77a62f
mixed_un0_dp0_ud1	25	6	fcf8ea2c738bf0bb
mixed_un0_dp0_ud1	26	185	d3ce0fffb42dc8bd
mixed_un0_dp0_ud1	27	2	d930a8388fecfd6c
mixed_un0_dp0_ud1	28	185	ce82378149cb66a0
mixed_un0_dp0_ud1	29	29	54ba87cb2f515487
mixed_un0_dp0_ud1	30	10	43cd0d81f89a67ec
mixed_un0_dp0_ud1	31	6	7abb25e93cf412df
mixed_un0_dp0_ud1	32	11	7aecf32249a7c842
mixed_un0_dp0_ud1	33	6	0a03e47f384ef872
mixed_un0_dp0_ud1	34	77	1971d740ca7a95c2
mixed_un0_dp0_ud1	35	179	97ef6b46c741414d
mixed_un0_dp0_ud1	36	2	bdf75673c2b7b9af
mixed_un0_dp0_ud1	37	30	53ded22e05dea4c2
mixed_un0_dp0_ud1	38	25	5ae53b3bbe9f8219
mixed_un0_dp0_ud1	39	73	305fb252a8870851
mixed_un0_dp0_ud1	40	3	9bf9d5567f90a850
mixed_un0_dp0_ud1	41	3	e8ef047b9b78f799
mixed_un0_dp0_ud1	42	27	f4a09d14b40e54fe
mixed_un0_dp0_ud1	43	5	a5172c29fe09f2f5
mixed_un0_dp0_ud1	44	29	8aca9239ea38a123
mixed_un0_dp0_ud1	45	3	c96a694de46626b9
mixed_un0_dp0_ud1	46	70	90608ad82259cd68
mixed_un0_dp0_ud1	47	11	55dae13308c89228
mixed_un0_dp0_ud1	48	71	18b95714c662f2c6
mixed_un0_dp0_ud1	49	3	961410dbcb8aba28
mixed_un0_dp0_ud1	50	77	979cf3a10a86d55d
mixed_un0_dp0_ud1	51	2	3b3ad4084fecb045
mixed_un0_dp0_ud1	52	6	72c09cc6f7e0219c
mixed_un0_dp0_ud1	53	34	b253ae4c4a09a97a
mixed_un0_dp0_ud1	54	31	38eca1a70ca92ea8
mixed_un0_dp0_ud1	55	2	ae7493fc3e487f8f
mixed_un0_dp0_ud1	56	2	b840659fd1c80e1a
mixed_un0_dp0_ud1	57	5	faab5e06249bd3c4
mixed_un0_dp0_ud1	58	79	b8453b4fd37eaa9b
mixed_un0_dp0_ud1	59	29	7d9acd389bc96400
mixed_un0_dp0_ud1	60	67	c48391ba794c24a1
mixed_un0_dp0_ud1	61	3	42d3ba7856ba938f
mixed_un0_dp0_ud1	62	183	bc602cbbaa667b74
mixed_un0_dp0_ud1	63	188	a8294f96a80d44f7
mixed_un0_dp0_ud1	64	31	acafe0fad0842692
mixed_un0_dp0_ud1	65	29	efa887d39aca3139
mixed_un0_dp0_ud1	66	6	fac59d0535630167
mixed_un0_dp0_ud1	67	2	ec68d3e3732336cc
mixed_un0_dp0_ud1	68	13	f9ba023c78832ea0
mixed_un0_dp0_ud1	69	181	903cce1ee2369b88
mixed_un0_dp0_ud1	70	2	62767a9099eb7b5c
mixed_un0_dp0_ud1	71	2	3c171071acbaa196
mixed_un0_dp0_ud1	72	3	c9813505cf83b235
mixed_un0_dp0_ud1	73	11	fe78a09ccaafe926
mixed_un0_dp0_ud1	74	178	7c6a089202eda32c
mixed_un0_dp0_ud1	75	25	952e25bd9f07b206
mixed_un0_dp0_ud1	76	27	d8012f15d298c183
mixed_un0_dp0_ud1	77	29	8684a8ecff0949ca
mixed_un0_dp0_ud1	78	191	196a67d2c23fa518
mixed_un0_dp0_ud1	79	11	c4d6297f78289176
mixed_un0_dp0_ud1	80	74	3e69ebf2747af8fd
mixed_un0_dp0_ud1	81	4	21cd00c134a171c2
mixed_un0_dp0_ud1	82	80	d02a3cd504bc4057
mixed_un0_dp0_ud1	83	176	8f19deb84ae9eacf
mixed_un0_dp0_ud1	84	190	c8e0cac89a2c2b14
mixed_un0_dp0_ud1	85	74	32d77f57c5c1da37
mixed_un0_dp0_ud1	86	3	13dfaf4273396119
mixed_un0_dp0_ud1	87	2	1b171a1f9329a579
mixed_un0_dp0_ud1	88	2	06d064a5b6119cec
mixed_un0_dp0_ud1	89	2	13dc9fd5928491eb
mixed_un0_dp0_ud1	90	3	f122e80153e1e8f3
mixed_un0_dp0_ud1	91	4	48eb61554ebd943a
mixed_un0_dp0_ud1	92	9	fed9fa9393283d73
mixed_un0_dp0_ud1	93	3	e1862e7d53e78bad
mixed_un0_dp0_ud1	94	31	d96c67d81e7f6f54
mixed_un0_dp0_ud1	95	2	7aad0b9e1226bef0
mixed_un0_dp0_ud1	96	3	6dcbe1cf42f5ca02
mixed_un0_dp0_ud1	97	25	30577d29accea010
mixed_un0_dp0_ud1	98	10	237901dbbb51621e
mixed_un0_dp0_ud1	99	75	68a2b8332cd71633
mixed_un0_dp0_ud1	100	30	867a6687b39eea7f
mixed_un0_dp0_ud1	101	72	47fef1ffd064d9db
mixed_un0_dp0_ud1	102	2	9381c1799561e673
mixed_un0_dp0_ud1	103	4	ed7cde8bd442e515
mixed_un0_dp0_ud1	104	3	eacfe96e26f6497a
mixed_un0_dp0_ud1	105	185	d68ab899eb567682
mixed_un0_dp0_ud1	106	2	31250925694a9be5
mixed_un0_dp0_ud1	107	2	111a8c670f1b7eb3
mixed_un0_dp0_ud1	108	2	48f2d50e850d1972
mixed_un0_dp0_ud1	109	30	0dd5f273d5950857
mixed_un0_dp0_ud1	110	2	56f2119843262bd8
mixed_un0_dp0_ud1	111	2	d756fbc0a19f6f57
mixed_un0_dp0_ud1	112	2	5d3ba4edb71b9695
mixed_un0_dp0_ud1	113	187	f41d932c1c64278c
mixed_un0_dp0_ud1	114	177	2a4e840f385229dd
mixed_un0_dp0_ud1	115	29	63e93b13345dff4c
mixed_un0_dp0_ud1	116	11	ce451d6f9aee769b
mixed_un0_dp0_ud1	117	3	b64c0d7d7ea7ea65
mixed_un0_dp0_ud1	118	6	f00ae3ccfbc7ca0c
mixed_un0_dp0_ud1	119	168	df7ebf1f7cc8c178
mixed_un0_dp0_ud1	120	5	d01f4deeacb6a884
mixed_un0_dp0_ud1	121	5	59acd0851566c6cf
mixed_un0_dp0_ud1	122	6	a881692237cb9568
mixed_un0_dp0_ud1	123	2	ef5225248d173fa3
mixed_un0_dp0_ud1	124	3	4b6376bf607b3594
mixed_un0_dp0_ud1	125	2	5c3c0951b23679f5
mixed_un0_dp0_ud1	126	14	63b23d7d840159e4
mixed_un0_dp0_ud1	127	9	d4f634d018ee0f6b
mixed_un0_dp0_ud1	128	2	63088dade7e2c78b
mixed_un0_dp0_ud1	129	185	092a7a095bf03327
mixed_un0_dp0_ud1	130	72	dbbead6ccaa17cbf
mixed_un0_dp0_ud1	131	191	fef1ef03b24cbd76
mixed_un0_dp0_ud1	132	2	772dfa30393969bd
mixed_un0_dp0_ud1	133	3	d23414d8415ee830
mixed_un0_dp0_ud1	134	6	8d34a9073653849c
mixed_un0_dp0_ud1	135	2	941e09cb949631cf
mixed_un0_dp0_ud1	136	30	089c54fe57093df6
mixed_un0_dp0_ud1	137	3	7e500d3ae150eb93
mixed_un0_dp0_ud1	138	2	d9ad519b8157fdde
mixed_un0_dp0_ud1	139	72	6c1b0f8ed667fa6d
mixed_un0_dp0_ud1	140	9	58f8521aca45c5e4
mixed_un0_dp0_ud1	141	2	3ed2a5ee559b0584
mixed_un0_dp0_ud1	142	3	9fbb348d5d8a2a2d
mixed_un0_dp0_ud1	143	2	e120c7dc005a72a2
mixed_un0_dp0_ud1	144	3	0b018104431c67db
mixed_un0_dp0_ud1	145	188	d113d1ade9065b7a
mixed_un0_dp0_ud1	146	10	55904dbb2809837b
mixed_un0_dp0_ud1	147	9	cc5d595c48fef01d
mixed_un0_dp0_ud1	148	25	b5c995e8412a6924
mixed_un0_dp0_ud1	149	3	dd79dcf066be6ccc
mixed_un0_dp0_ud1	150	10	63bc49d1bf2c052c
mixed_un0_dp0_ud1	151	9	9498ba2ec585c079
mixed_un0_dp0_ud1	152	187	09cf48a956d44de0
mixed_un0_dp0_ud1	153	181	ec78877f8ce54665
mixed_un0_dp0_ud1	154	72	95dd086418222809
mixed_un0_dp0_ud1	155	5	9a0a173078bcb4e6
mixed_un0_dp0_ud1	156	12	245b4e8e6172bd97
mixed_un0_dp0_ud1	157	3	9f6f2fb5c0fc134d
mixed_un0_dp0_ud1	158	75	39a7622666cd13a7
mixed_un0_dp0_ud1	159	3	e04ae1029f20c2c1
mixed_un0_dp0_ud1	160	2	f0cfc8cbf5d9d664
mixed_un0_dp0_ud1	161	80	c2d2fac336e093d3
mixed_un0_dp0_ud1	162	181	d69f2be340560fff
mixed_un0_dp0_ud1	163	185	5e4daae24274c64b
mixed_un0_dp0_ud1	164	6	9b522109f5783f9c
mixed_un0_dp0_ud1	165	70	80bfc79b752ed628
mixed_un0_dp0_ud1	166	76	79a9d84a816e1ada
mixed_un0_dp0_ud1	167	6	16c400e79ef135df
mixed_un0_dp0_ud1	168	5	9e271065c422a63f
mixed_un0_dp0_ud1	169	3	686074a5510e2546
mixed_un0_dp0_ud1	170	11	9187a856689dc40f
mixed_un0_dp0_ud1	171	3	70a1e85204e4d72e
mixed_un0_dp0_ud1	172	2	8c8ae7020cbb4c49
mixed_un0_dp0_ud1	173	78	0f887f81778eb700
mixed_un0_dp0_ud1	174	25	3076b68a9795e6ee
mixed_un0_dp0_ud1	175	27	c12b4b84f8f9d295
mixed_un0_dp0_ud1	176	3	8d714cc487cac3bf
mixed_un0_dp0_ud1	177	3	7d6c7c1671067db4
mixed_un0_dp0_ud1	178	184	31a2b96846a2ccb9
mixed_un0_dp0_ud1	179	28	5fa4bd84c9d4e565
mixed_un0_dp0_ud1	180	3	657f0828eb8b259a
mixed_un0_dp0_ud1	181	5	1d402fa1e25a705b
mixed_un0_dp0_ud1	182	2	3bcd136472d8ebbf
mixed_un0_dp0_ud1	183	10	82db7063c7e155c7
mixed_un0_dp0_ud1	184	34	0a4c22fd7f387504
mixed_un0_dp0_ud1	185	6	0e865e2f1690f9ad
mixed_un0_dp0_ud1	186	6	84af25b1df9b5a39
mixed_un0_dp0_ud1	187	9	3e4dc9b436746087
mixed_un0_dp0_ud1	188	6	5f16a728c91275cf
mixed_un0_dp0_ud1	189	10	bddb1fcd2afe9e1d
mixed_un0_dp0_ud1	190	5	3fa68b6c0ac9d6be
mixed_un0_dp0_ud1	191	2	653cbfa4e25966ef
mixed_un0_dp0_ud1	192	2	43c05b7ef01c7494
mixed_un0_dp0_ud1	193	2	58c45d16565eb0d0
mixed_un0_dp0_ud1	194	10	14262a505f06a068
mixed_un0_dp0_ud1	195	12	caaffce1f9a394c6
mixed_un0_dp0_ud1	196	30	693db0b51bda889e
mixed_un0_dp0_ud1	197	73	a766aa0ce1c51f8c
mixed_un0_dp0_ud1	198	179	58a6ab461133e163
mixed_un0_dp0_ud1	199	68	a6d7d971f9860d95
mixed_un0_dp0_ud1	200	28	92c327d256d20f1f
mixed_un0_dp0_ud1	201	73	cc075019e35f9b31
mixed_un0_dp0_ud1	202	30	7b2b8c243a5be17c
mixed_un0_dp0_ud1	203	186	3367bc5f3274243c
mixed_un0_dp0_ud1	204	192	4873e3cce35cc15b
mixed_un0_dp0_ud1	205	71	880965d277c2493b
mixed_un0_dp0_ud1	206	3	a081e17343101e56
mixed_un0_dp0_ud1	207	2	03bd747c6229706a
mixed_un0_dp0_ud1	208	28	1e3fa4de42664266
mixed_un0_dp0_ud1	209	10	9228e199660c6324
mixed_un0_dp0_ud1	210	188	b3ab47a0e8c853df
mixed_un0_dp0_ud1	211	84	4b876280aba0a0c6
mixed_un0_dp0_ud1	212	5	b4be965f0ea3c7f1
mixed_un0_dp0_ud1	213	10	3c36e3f135869833
mixed_un0_dp0_ud1	214	75	98d1aeec16f9a97a
mixed_un0_dp0_ud1	215	3	0672da7704845a4b
mixed_un0_dp0_ud1	216	3	72ba45154468a49e
mixed_un0_dp0_ud1	217	190	070c341df633d51f
mixed_un0_dp0_ud1	218	3	39b47d1f935ab50e
mixed_un0_dp0_ud1	219	31	7dea96e95d59cb75
mixed_un0_dp0_ud1	220	83	5f4bede5df494be6
mixed_un0_dp0_ud1	221	37	540988c8b7117946
mixed_un0_dp0_ud1	222	189	6bc2251dcf56f075
mixed_un0_dp0_ud1	223	2	68416f9a82cbadaa
mixed_un0_dp0_ud1	224	75	ee16b99e2467c7f5
mixed_un0_dp0_ud1	225	174	77c854b626d2ba96
mixed_un0_dp0_ud1	226	35	af8b4c35d2a95880
mixed_un0_dp0_ud1	227	186	88a2e4ea35d8d97e
mixed_un0_dp0_ud1	228	2	1ed62d452c06032d
mixed_un0_dp0_ud1	229	12	6093147242f47eb1
mixed_un0_dp0_ud1	230	72	aa76b0e258e2fc01
mixed_un0_dp0_ud1	231	3	77e4a054c5c3acbe
mixed_un0_dp0_ud1	232	6	4acfe3057f18bad6
mixed_un0_dp0_ud1	233	6	d6abae7b8a305a0f
mixed_un0_dp0_ud1	234	29	58761d92f01bfadc
mixed_un0_dp0_ud1	235	5	5c1af7797a86a816
mixed_un0_dp0_ud1	236	6	34bd5dae9eea5b43
mixed_un0_dp0_ud1	237	5	7d7414d8dabf0228
mixed_un0_dp0_ud1	238	179	1acb3e498277d414
mixed_un0_dp0_ud1	239	2	51440365f7228782
mixed_un0_dp0_ud1	240	71	ff23c6481197a511
mixed_un0_dp0_ud1	241	5	2935f8374ffedeb7
mixed_un0_dp0_ud1	242	2	e0cb733b7977396e
mixed_un0_dp0_ud1	243	70	140701db9e0a157c
mixed_un0_dp0_ud1	244	11	77b4cd37c698dfb7
mixed_un0_dp0_ud1	245	187	c7cf2b502f250909
mixed_un0_dp0_ud1	246	69	519f43b5d4a2854f
mixed_un0_dp0_ud1	247	25	de4512f7790460fe
mixed_un0_dp0_ud1	248	28	3c4b130cce610436
mixed_un0_dp0_ud1	249	78	8c71fff2877ff649
mixed_un0_dp0_ud1	250	11	3899cd1664c00dfc
mixed_un0_dp0_ud1	251	192	40925846b4381dc7
mixed_un0_dp0_ud1	252	9	ac40e7905cb7f1b9
mixed_un0_dp0_ud1	253	201	ada48737f79cffd8
mixed_un0_dp0_ud1	254	11	e7311d6b80810e88
mixed_un0_dp0_ud1	255	3	934d324711f9585b
mixed_un0_dp0_ud1	256	72	df469713d7455fbb
mixed_un0_dp0_ud1	257	73	984abd13144e2f29
mixed_un0_dp0_ud1	258	72	acf6574811abc469
mixed_un0_dp0_ud1	259	182	0db20cad94d952dc
mixed_un0_dp0_ud1	260	29	6ca1869840a7035b
mixed_un0_dp0_ud1	261	3	3cc8a407e12c3f4f
mixed_un0_dp0_ud1	262	78	98bc20ebda92c231
mixed_un0_dp0_ud1	263	3	78f2396bf6463765
mixed_un0_dp0_ud1	264	6	24d4e5954fd260a4
mixed_un0_dp0_ud1	265	2	f860f25b5dfae3df
mixed_un0_dp0_ud1	266	79	69bd220cb1ba3edf
mixed_un0_dp0_ud1	267	183	8b9c597ae89238ca
mixed_un0_dp0_ud1	268	25	386947f6f21f6f15
mixed_un0_dp0_ud1	269	76	92b4f319ca4ac940
mixed_un0_dp0_ud1	270	6	370c4d58649925e0
mixed_un0_dp0_ud1	271	23	13a0df846a7b9b70
mixed_un0_dp0_ud1	272	8	02d115de38c5f2e4
mixed_un0_dp0_ud1	273	3	7e8b3bc6e0ff49f7
mixed_un0_dp0_ud1	274	6	ad85495f018a11c1
mixed_un0_dp0_ud1	275	2	a5a6c52ac89a2e26
mixed_un0_dp0_ud1	276	27	b9394d4d0050bcb2
mixed_un0_dp0_ud1	277	2	bfbaed8002ec6a28
mixed_un0_dp0_ud1	278	187	b8a4a9a3bbfcbf58
mixed_un0_dp0_ud1	279	10	89b7ffd49d8ab351
mixed_un0_dp0_ud1	280	6	4078e50d1544d35e
mixed_un0_dp0_ud1	281	3	6675a2b038a72743
mixed_un0_dp0_ud1	282	6	87834cd6318c0abc
mixed_un0_dp0_ud1	283	10	d9feeed6b339b670
mixed_un0_dp0_ud1	284	27	35d332fa9f292d5c
mixed_un0_dp0_ud1	285	182	0a31028b90a91fcb
mixed_un0_dp0_ud1	286	9	dc045866ac25a4fc
mixed_un0_dp0_ud1	287	2	4512339cf40b5163
mixed_un0_dp0_ud1	288	30	116c9a166d9047df
mixed_un0_dp0_ud1	289	69	2558f3e30369f715
mixed_un0_dp0_ud1	290	8	93bad9f016f29f15
mixed_un0_dp0_ud1	291	80	14f375913408fce2
mixed_un0_dp0_ud1	292	2	0a207cc2286b47b9
mixed_un0_dp0_ud1	293	26	c9631322996e2dcc
mixed_un0_dp0_ud1	294	2	e92aa8fb21e21ba4
mixed_un0_dp0_ud1	295	4	207f0800c75ad8c0
mixed_un0_dp0_ud1	296	28	8daf42a4f723d928
mixed_un0_dp0_ud1	297	6	3a26cbe7424f541e
mixed_un0_dp0_ud1	298	11	49ea0cb158ca870f
mixed_un0_dp0_ud1	299	65	0ac303dfe1bc755b
mixed_un0_dp0_ud1	300	29	7c00bbf0a3f3438e
mixed_un0_dp0_ud1	301	3	30f2d1bab1a40b34
mixed_un0_dp0_ud1	302	2	d86e9b7a0a82223f
mixed_un0_dp0_ud1	303	2	9ffa96ea53f5d65f
mixed_un0_dp0_ud1	304	28	96c5f65346ca3864
mixed_un0_dp0_ud1	305	187	4a162f3329e781c1
mixed_un0_dp0_ud1	306	9	792b148bdd0ae1af
mixed_un0_dp0_ud1	307	28	dd2c6c403b945c5b
mixed_un0_dp0_ud1	308	186	025b1223e86290f7
mixed_un0_dp0_ud1	309	2	e593167dbe740168
mixed_un0_dp0_ud1	310	186	46a8c76cd58a529d
mixed_un0_dp0_ud1	311	3	a9c08f8c8fbe7b7a
mixed_un0_dp0_ud1	312	27	907848372c1c70be
mixed_un0_dp0_ud1	313	179	e21f20c9f3672fde
mixed_un0_dp0_ud1	314	182	71dab7af0b342b9a
mixed_un0_dp0_ud1	315	6	d6fa7c4c226cb10f
mixed_un0_dp0_ud1	316	181	616cdf8770634df7
mixed_un0_dp0_ud1	317	176	d179ed6e86fbc901
mixed_un0_dp0_ud1	318	66	17a0294534dcf409
mixed_un0_dp0_ud1	319	6	898130edd1d53658
mixed_un0_dp0_ud1	320	75	3a19a770fe8b6838
mixed_un0_dp0_ud1	321	7	abe8e7888f48affe
mixed_un0_dp0_ud1	322	6	425402bb15b2a6de
mixed_un0_dp0_ud1	323	6	5de5e041be96da6d
mixed_un0_dp0_ud1	324	73	a72d90f3e4c5c873
mixed_un0_dp0_ud1	325	194	549dad1ea7282784
mixed_un0_dp0_ud1	326	10	c6e8a2a354b9c3b6
mixed_un0_dp0_ud1	327	29	c3892014dfd070ae
mixed_un0_dp0_ud1	328	10	2a9b4e75f8f49490
mixed_un0_dp0_ud1	329	2	a6bb84b7a575f8ec
mixed_un0_dp0_ud1	330	186	4b33ffb774ab34e1
mixed_un0_dp0_ud1	331	6	6106de746f210c0d
mixed_un0_dp0_ud1	332	15	881460a976d7d05d
mixed_un0_dp0_ud1	333	10	3df81dc05cc0d8e3
mixed_un0_dp0_ud1	334	5	6def5d6e3df65105
mixed_un0_dp0_ud1	335	33	5cecff2d1aa21af6
mixed_un0_dp0_ud1	336	6	1e317ebcdbe551c5
mixed_un0_dp0_ud1	337	11	0a664ea21d41bf05
mixed_un0_dp0_ud1	338	2	52433b8379f9ccc2
mixed_un0_dp0_ud1	339	2	d7cbbca2e0d29c5f
mixed_un0_dp0_ud1	340	11	9e0615c777c8ad42
mixed_un0_dp0_ud1	341	3	1f3aa361034ebfba
mixed_un0_dp0_ud1	342	2	585dc3e49905c661
mixed_un0_dp0_ud1	343	2	28a11183598e5824
mixed_un0_dp0_ud1	344	3	998edbd3e3c0852d
mixed_un0_dp0_ud1	345	29	9eb27aa30f4b384c
mixed_un0_dp0_ud1	346	6	d76b0be5855094ec
mixed_un0_dp0_ud1	347	11	d510f2c540c468ca
mixed_un0_dp0_ud1	348	6	75d0836c930c6718
mixed_un0_dp0_ud1	349	191	7041f39385a7b9ad
mixed_un0_dp0_ud1	350	27	3f7ce3bbc4c49bf9
mixed_un0_dp0_ud1	351	176	8d102d1d391c8aba
mixed_un0_dp0_ud1	352	10	f881f07bca32a35c
mixed_un0_dp0_ud1	353	74	b6392e25f08f4433
mixed_un0_dp0_ud1	354	181	f1bd6d7577849646
mixed_un0_dp0_ud1	355	73	dfa4ab2d4530fc43
mixed_un0_dp0_ud1	356	2	fd20bd056e0c46a4
mixed_un0_dp0_ud1	357	183	2d62ef43a169e6fa
mixed_un0_dp0_ud1	358	2	32c4420f50182d9b
mixed_un0_dp0_ud1	359	12	39f872ca1c1b6fdf
mixed_un0_dp0_ud1	360	179	76917e7703372136
mixed_un0_dp0_ud1	361	6	3e3f94f2e62d42e9
mixed_un0_dp0_ud1	362	173	16ae38da31da2451
mixed_un0_dp0_ud1	363	8	f78e929ae96b8760
mixed_un0_dp0_ud1	364	2	3322804f769107bc
mixed_un0_dp0_ud1	365	78	b1a80dd031dcf298
mixed_un0_dp0_ud1	366	3	76f5bd7c590e252c
mixed_un0_dp0_ud1	367	10	4768900bfdb3dafe
mixed_un0_dp0_ud1	368	6	c3d7ae21bc2491ec
mixed_un0_dp0_ud1	369	6	d3594f17b3a6e465
mixed_un0_dp0_ud1	370	3	ebd961710316a4e5
mixed_un0_dp0_ud1	371	2	5acc42448f3a7df6
mixed_un0_dp0_ud1	372	25	240cd58e92b276dd
mixed_un0_dp0_ud1	373	31	d2a2aead0d31d910
mixed_un0_dp0_ud1	374	175	10039724738514d6
mixed_un0_dp0_ud1	375	183	9af8967a138ed1c3
mixed_un0_dp0_ud1	376	77	be61c36ef14b532d
mixed_un0_dp0_ud1	377	2	8651213e2bb36b49
mixed_un0_dp0_ud1	378	81	cbc7cc772e4d529e
mixed_un0_dp0_ud1	379	195	343482909633f137
mixed_un0_dp0_ud1	380	194	a48ed6f67f88ec07
mixed_un0_dp0_ud1	381	3	73adcfaf266b2036
mixed_un0_dp0_ud1	382	183	7fe0e2e88db02284
mixed_un0_dp0_ud1	383	10	7521b9eb150893e0
mixed_un0_dp0_ud1	384	28	83deb17ac352c6a2
mixed_un0_dp0_ud1	385	31	987b47fd287a31f7
mixed_un0_dp0_ud1	386	5	20bd48632fbb41c1
mixed_un0_dp0_ud1	387	10	6744c104af534ec9
mixed_un0_dp0_ud1	388	2	aa1e60ba1401abea
mixed_un0_dp0_ud1	389	197	5b308477fe7596ed
mixed_un0_dp0_ud1	390	81	7159963028c7cb05
mixed_un0_dp0_ud1	391	8	ceed52aff0bc13ed
mixed_un0_dp0_ud1	392	2	544186fb653549de
mixed_un0_dp0_ud1	393	74	cfb3c8e3bb03a0c7
mixed_un0_dp0_ud1	394	2	afc759b4113c25e6
mixed_un0_dp0_ud1	395	11	9ef980280418cc7e
mixed_un0_dp0_ud1	396	30	a0e361c606059407
mixed_un0_dp0_ud1	397	3	781b29574154c676
mixed_un0_dp0_ud1	398	3	9b9b233700a70666
mixed_un0_dp0_ud1	399	77	8b2ba17bec428b36
mixed_un1_dp1_ud0	0	208	5e09bf02c96cf1aa
mixed_un1_dp1_ud0	1	3	a4a8d635a6bd3203
mixed_un1_dp1_ud0	2	206	aa221a957947baa2
mixed_un1_dp1_ud0	3	2	71f056e10d51d81c
mixed_un1_dp1_ud0	4	78	785d4801d42f658c
mixed_un1_dp1_ud0	5	11	2aeafeb7f0dd846c
mixed_un1_dp1_ud0	6	2	3a25daa9a10d2b61
mixed_un1_dp1_ud0	7	84	835b6e49f982113a
mixed_un1_dp1_ud0	8	6	13373bfed69b2900
mixed_un1_dp1_ud0	9	3	b8460e03e7562a1c
mixed_un1_dp1_ud0	10	215	3877b68dc1881574
mixed_un1_dp1_ud0	11	9	9c4ae55c56deb305
mixed_un1_dp1_ud0	12	2	1e4531718b24dcf3
mixed_un1_dp1_ud0	13	10	e9ce19931b9951a2
mixed_un1_dp1_ud0	14	31	d520f3f96db664fa
mixed_un1_dp1_ud0	15	207	61f64a1875341ac1
mixed_un1_dp1_ud0	16	9	33d4c579ad6b1a1c
mixed_un1_dp1_ud0	17	2	d430f30042c94162
mixed_un1_dp1_ud0	18	6	e6929c729e10c6b7
mixed_un1_dp1_ud0	19	89	9a4d47985998691f
mixed_un1_dp1_ud0	20	212	c18b7eaa7b795caa
mixed_un1_dp1_ud0	21	36	78f1c4bc48b422c9
mixed_un1_dp1_ud0	22	30	c6cbc7fe820d322b
mixed_un1_dp1_ud0	23	6	436d3b0e0b025c2e
mixed_un1_dp1_ud0	24	30	8e071879e8426b5b
mixed_un1_dp1_ud0	25	6	815b9c2fb7525529
mixed_un1_dp1_ud0	26	210	6441509fc5f6e5d9
mixed_un1_dp1_ud0	27	2	251a16df712d4096
mixed_un1_dp1_ud0	28	209	ff22fd8e3a875bb1
mixed_un1_dp1_ud0	29	31	f6d8ddf80bb12e76
mixed_un1_dp1_ud0	30	11	ecfb19352ff24ca7
mixed_un1_dp1_ud0	31	6	7ac2f41f9d1bc11f
mixed_un1_dp1_ud0	32	11	0a52a3d404acfc8a
mixed_un1_dp1_ud0	33	5	c53488081fdf0895
mixed_un1_dp1_ud0	34	94	74d42ad1630b5b84
mixed_un1_dp1_ud0	35	206	2313df316bfc0753
mixed_un1_dp1_ud0	36	2	bdf75673c2b7b9af
mixed_un1_dp1_ud0	37	32	dba652af5e2ef714
mixed_un1_dp1_ud0	38	30	59ad94a73335af48
mixed_un1_dp1_ud0	39	83	07cfddaf18ad856b
mixed_un1_dp1_ud0	40	3	9bf9d5567f90a850
mixed_un1_dp1_ud0	41	3	2d6da186be3f4591
mixed_un1_dp1_ud0	42	30	9b1bb71b05c919de
mixed_un1_dp1_ud0	43	6	1f02078b6bde6906
mixed_un1_dp1_ud0	44	31	54ae3b20ddfa4b26
mixed_un1_dp1_ud0	45	3	1504117fb2aa7b3b
mixed_un1_dp1_ud0	46	77	66185d2e6efc24e2
mixed_un1_dp1_ud0	47	12	3bed518d062e7f7b
mixed_un1_dp1_ud0	48	81	bdbc61f44ca901db
mixed_un1_dp1_ud0	49	3	ace4d14f90e4b1c6
mixed_un1_dp1_ud0	50	84	41564451aeeccd36
mixed_un1_dp1_ud0	51	2	3b3ad4084fecb045
mixed_un1_dp1_ud0	52	6	03360de26eb444b4
mixed_un1_dp1_ud0	53	36	6d0f8f0c87e87b5b
mixed_un1_dp1_ud0	54	30	021e888316e2af10
mixed_un1_dp1_ud0	55	2	36161c1323171749
mixed_un1_dp1_ud0	56	2	ceea2d1dad1faae2
mixed_un1_dp1_ud0	57	5	15240a6b0d878bdf
mixed_un1_dp1_ud0	58	102	33072d972bcf490e
mixed_un1_dp1_ud0	59	30	9417dda02379241e
mixed_un1_dp1_ud0	60	86	454671c4aed6d0e7
mixed_un1_dp1_ud0	61	3	e3fd35e5176c5025
mixed_un1_dp1_ud0	62	212	68b854b16964eb2b
mixed_un1_dp1_ud0	63	208	1cf9eb43426c6ac9
mixed_un1_dp1_ud0	64	27	5f50f84784ee3ea7
mixed_un1_dp1_ud0	65	31	b0c6e8025eed5b5f
mixed_un1_dp1_ud0	66	6	5e52bad3bf5624bd
mixed_un1_dp1_ud0	67	2	b6ebb98793bef7b4
mixed_un1_dp1_ud0	68	13	29ec54f795eda2ac
mixed_un1_dp1_ud0	69	208	56ebf0965243b2c1
mixed_un1_dp1_ud0	70	2	c4ed1c872a344364
mixed_un1_dp1_ud0	71	2	64b540c0f13a4416
mixed_un1_dp1_ud0	72	3	97a76c55286e5b2b
mixed_un1_dp1_ud0	73	11	c6e800dcc10a6150
mixed_un1_dp1_ud0	74	202	a3e5da96bdce3a99
mixed_un1_dp1_ud0	75	33	ebe5fc1f0bf28ede
mixed_un1_dp1_ud0	76	26	220e677c479ef491
mixed_un1_dp1_ud0	77	31	7dc3f896105cf59a
mixed_un1_dp1_ud0	78	214	2db047015c5057fd
mixed_un1_dp1_ud0	79	11	3c10e47bbaa2eaee
mixed_un1_dp1_ud0	80	84	0a45bc8deb28e7bc
mixed_un1_dp1_ud0	81	6	285419f8cce53156
mixed_un1_dp1_ud0	82	80	0b821604c72a3b55
mixed_un1_dp1_ud0	83	219	c78d3a67bc05231d
mixed_un1_dp1_ud0	84	229	7bd54419e9941a24
mixed_un1_dp1_ud0	85	84	69a7dad3853f36e9
mixed_un1_dp1_ud0	86	3	a675fdb04c9bb1c9
mixed_un1_dp1_ud0	87	2	1b171a1f9329a579
mixed_un1_dp1_ud0	88	2	06d064a5b6119cec
mixed_un1_dp1_ud0	89	3	9d82ab23bf0420ee
mixed_un1_dp1_ud0	90	3	9b1758722127abcf
mixed_un1_dp1_ud0	91	3	01ae6e117acd6e37
mixed_un1_dp1_ud0	92	11	80c171d04d755565
mixed_un1_dp1_ud0	93	3	e1862e7d53e78bad
mixed_un1_dp1_ud0	94	30	5f4a6f5d94b995d6
mixed_un1_dp1_ud0	95	2	5507e3ef2d1f9c0a
mixed_un1_dp1_ud0	96	3	567142b0bd1ecae2
mixed_un1_dp1_ud0	97	30	ce8013b609f82757
mixed_un1_dp1_ud0	98	11	c1c16e94e25be3ed
mixed_un1_dp1_ud0	99	84	8444fdeb234def19
mixed_un1_dp1_ud0	100	30	8433646ff32f927c
mixed_un1_dp1_ud0	101	80	fb21657d9c356165
mixed_un1_dp1_ud0	102	2	2b77f36acc401545
mixed_un1_dp1_ud0	103	6	67cc864fd283d0d5
mixed_un1_dp1_ud0	104	3	eacfe96e26f6497a
mixed_un1_dp1_ud0	105	213	276a21d953a92ae4
mixed_un1_dp1_ud0	106	2	9550a3e580e246e7
mixed_un1_dp1_ud0	107	2	111a8c670f1b7eb3
mixed_un1_dp1_ud0	108	3	c3b3f33960192937
mixed_un1_dp1_ud0	109	33	3c4b5656f45f64ef
mixed_un1_dp1_ud0	110	2	56f2119843262bd8
mixed_un1_dp1_ud0	111	2	d756fbc0a19f6f57
mixed_un1_dp1_ud0	112	2	5d3ba4edb71b9695
mixed_un1_dp1_ud0	113	205	3fc8a36f29169b06
mixed_un1_dp1_ud0	114	212	525aa2aa115e4988
mixed_un1_dp1_ud0	115	35	e82302f31c5b82bf
mixed_un1_dp1_ud0	116	10	e9f3b394899e211d
mixed_un1_dp1_ud0	117	3	3e4e83fe9cab5783
mixed_un1_dp1_ud0	118	6	b0c6fe00bfb47b14
mixed_un1_dp1_ud0	119	209	fb05a0f7877bf846
mixed_un1_dp1_ud0	120	6	354ec8f0f001b56b
mixed_un1_dp1_ud0	121	9	f42c596cb9b92eff
mixed_un1_dp1_ud0	122	6	22dffe9389bf5b6c
mixed_un1_dp1_ud0	123	2	ef5225248d173fa3
mixed_un1_dp1_ud0	124	3	134005e152d45e38
mixed_un1_dp1_ud0	125	2	05f1cdd391b2c50d
mixed_un1_dp1_ud0	126	14	d1505bd7aed88d40
mixed_un1_dp1_ud0	127	10	ba271ff3dd32f515
mixed_un1_dp1_ud0	128	2	63088dade7e2c78b
mixed_un1_dp1_ud0	129	209	ceb027a825f3ba85
mixed_un1_dp1_ud0	130	84	d948ab1391de9f33
mixed_un1_dp1_ud0	131	201	fb7fac49d268f43d
mixed_un1_dp1_ud0	132	2	772dfa30393969bd
mixed_un1_dp1_ud0	133	3	57a7d8f297502b08
mixed_un1_dp1_ud0	134	5	ff2cffe539675d97
mixed_un1_dp1_ud0	135	2	941e09cb949631cf
mixed_un1_dp1_ud0	136	32	b85baddf2b119bc7
mixed_un1_dp1_ud0	137	3	7e500d3ae150eb93
mixed_un1_dp1_ud0	138	2	d9ad519b8157fdde
mixed_un1_dp1_ud0	139	84	5a99c76bff94944b
mixed_un1_dp1_ud0	140	11	3f9d06880884f508
mixed_un1_dp1_ud0	141	3	68e7a3506a58ef5e
mixed_un1_dp1_ud0	142	3	3322d0766ce929ad
mixed_un1_dp1_ud0	143	2	298a89e57461e50c
mixed_un1_dp1_ud0	144	3	ea270ba25ca85221
mixed_un1_dp1_ud0	145	199	3fb0dbfdb2f0411a
mixed_un1_dp1_ud0	146	11	7efd9b3547914970
mixed_un1_dp1_ud0	147	14	1e19e73f873dfa61
mixed_un1_dp1_ud0	148	31	049643302847c7ac
mixed_un1_dp1_ud0	149	3	7e08f46c96d06662
mixed_un1_dp1_ud0	150	11	45b7c84a98e8a4e8
mixed_un1_dp1_ud0	151	11	8d0f6842c70974bf
mixed_un1_dp1_ud0	152	218	f1a9a403c95a936f
mixed_un1_dp1_ud0	153	207	cb2e4f31b0187a48
mixed_un1_dp1_ud0	154	79	3b487db22d204062
mixed_un1_dp1_ud0	155	6	1394d9a26584762f
mixed_un1_dp1_ud0	156	12	32ca6b71ae8c9ebd
mixed_un1_dp1_ud0	157	3	84ff130cb727e9ef
mixed_un1_dp1_ud0	158	79	5bc993741b9384ec
mixed_un1_dp1_ud0	159	3	4c6caabc6fb12605
mixed_un1_dp1_ud0	160	2	f0cfc8cbf5d9d664
mixed_un1_dp1_ud0	161	90	05ffa25cee9381c6
mixed_un1_dp1_ud0	162	207	2ee49b1f990fb658
mixed_un1_dp1_ud0	163	207	38f392271d533515
mixed_un1_dp1_ud0	164	5	0cbe59e8f9260788
mixed_un1_dp1_ud0	165	84	bf80ff611f000632
mixed_un1_dp1_ud0	166	87	6760b0149b787970
mixed_un1_dp1_ud0	167	6	520857c186fa18ed
mixed_un1_dp1_ud0	168	6	b6a5da9829977912
mixed_un1_dp1_ud0	169	3	49db5b357d7c0ad4
mixed_un1_dp1_ud0	170	10	8c84f6a4ac8fc338
mixed_un1_dp1_ud0	171	3	b7721d95e9b24aca
mixed_un1_dp1_ud0	172	2	8c8ae7020cbb4c49
mixed_un1_dp1_ud0	173	89	14dbc0dd2ff51143
mixed_un1_dp1_ud0	174	32	65950fc008504220
mixed_un1_dp1_ud0	175	30	a83d733dbcc51b44
mixed_un1_dp1_ud0	176	3	ac1715977e982a17
mixed_un1_dp1_ud0	177	3	9704eacc8671e534
mixed_un1_dp1_ud0	178	195	3daeb1096434944d
mixed_un1_dp1_ud0	179	30	3b1105fef5294eb3
mixed_un1_dp1_ud0	180	3	a4f2be37f17ecd20
mixed_un1_dp1_ud0	181	9	28288d6914289a37
mixed_un1_dp1_ud0	182	2	8e49ea15371e1c8f
mixed_un1_dp1_ud0	183	11	8321d16715cd44c5
mixed_un1_dp1_ud0	184	34	109185791b38f4ba
mixed_un1_dp1_ud0	185	6	d5b7a887b93f872d
mixed_un1_dp1_ud0	186	5	eaf9ab020ff3deb1
mixed_un1_dp1_ud0	187	11	f976fbd37521ba3f
mixed_un1_dp1_ud0	188	6	f97a28d5f8ed7ab3
mixed_un1_dp1_ud0	189	10	be4c5cf839d0bf83
mixed_un1_dp1_ud0	190	6	2a03604c07ada8b2
mixed_un1_dp1_ud0	191	2	ed6b2cfae63a523f
mixed_un1_dp1_ud0	192	2	43c05b7ef01c7494
mixed_un1_dp1_ud0	193	2	58c45d16565eb0d0
mixed_un1_dp1_ud0	194	10	79ceaf05477d82e4
mixed_un1_dp1_ud0	195	13	ba8eb5bb3a25b286
mixed_un1_dp1_ud0	196	34	6ba4bbcd9cd6b3b9
mixed_un1_dp1_ud0	197	80	8b4ca4129184793e
mixed_un1_dp1_ud0	198	213	612b1f7b0bd4ee10
mixed_un1_dp1_ud0	199	80	23fc0dc9b0572c2b
mixed_un1_dp1_ud0	200	33	a8e116ec0eb0188a
mixed_un1_dp1_ud0	201	98	25745096ed3eb6c9
mixed_un1_dp1_ud0	202	28	52b13eac0314d50e
mixed_un1_dp1_ud0	203	205	01e81feadbdfe3c6
mixed_un1_dp1_ud0	204	205	b8a881230e71af7c
mixed_un1_dp1_ud0	205	76	3a6fe5f5ffa29107
mixed_un1_dp1_ud0	206	3	8961c43dbfc500cc
mixed_un1_dp1_ud0	207	2	03bd747c6229706a
mixed_un1_dp1_ud0	208	41	2d27bd5ea9df3c58
mixed_un1_dp1_ud0	209	11	b80a8741b42045dd
mixed_un1_dp1_ud0	210	199	2b28b806d5b20491
mixed_un1_dp1_ud0	211	89	a6fe498a1f248878
mixed_un1_dp1_ud0	212	6	ec2567031cc6487a
mixed_un1_dp1_ud0	213	10	8223c4d456f34004
mixed_un1_dp1_ud0	214	84	fe3b53641ce61803
mixed_un1_dp1_ud0	215	3	a72adc3383340d17
mixed_un1_dp1_ud0	216	3	f0a307edf1c68b8e
mixed_un1_dp1_ud0	217	210	171610d22a9acd3a
mixed_un1_dp1_ud0	218	3	4b0a23e872d8aa56
mixed_un1_dp1_ud0	219	34	03f68420a566a7b6
mixed_un1_dp1_ud0	220	86	fdcab6e42b8fd8dc
mixed_un1_dp1_ud0	221	38	e0687b2742a64dc2
mixed_un1_dp1_ud0	222	211	a753d7a1966c2b5d
mixed_un1_dp1_ud0	223	2	68416f9a82cbadaa
mixed_un1_dp1_ud0	224	79	53a4c442bdad4ebe
mixed_un1_dp1_ud0	225	204	438a714120c72cfe
mixed_un1_dp1_ud0	226	32	749d0768cc10df9d
mixed_un1_dp1_ud0	227	215	a03e236b7307e7ad
mixed_un1_dp1_ud0	228	2	9766b38daae9dfd5
mixed_un1_dp1_ud0	229	12	f3d8d76004918bc5
mixed_un1_dp1_ud0	230	82	4bfbbfb8bcdac365
mixed_un1_dp1_ud0	231	3	5940c7ed5f050a32
mixed_un1_dp1_ud0	232	6	0165826166f1b11a
mixed_un1_dp1_ud0	233	6	4b3e03d41cc833b5
mixed_un1_dp1_ud0	234	31	9a1bc2d7d243ccb6
mixed_un1_dp1_ud0	235	6	b94af4ed94866980
mixed_un1_dp1_ud0	236	6	34bd5dae9eea5b43
mixed_un1_dp1_ud0	237	6	dc306328376a25ec
mixed_un1_dp1_ud0	238	212	b66d68f1738ca91e
mixed_un1_dp1_ud0	239	2	827e1db205c296da
mixed_un1_dp1_ud0	240	85	6b2e328ff147d0ed
mixed_un1_dp1_ud0	241	6	fdf33154b624bab4
mixed_un1_dp1_ud0	242	3	b678894b48c1bf4c
mixed_un1_dp1_ud0	243	84	2e9b89c1a8510c18
mixed_un1_dp1_ud0	244	11	d8ab72979fef05f5
mixed_un1_dp1_ud0	245	204	ad92ccce5cd22741
mixed_un1_dp1_ud0	246	79	9df169624c7a0145
mixed_un1_dp1_ud0	247	34	c2a56c040657f155
mixed_un1_dp1_ud0	248	30	80cf8847a6b8c4a9
mixed_un1_dp1_ud0	249	93	6013ea6ed3b75d26
mixed_un1_dp1_ud0	250	12	e17f748a35f4caff
mixed_un1_dp1_ud0	251	213	dd3059b9e85cd87d
mixed_un1_dp1_ud0	252	11	a8039fe6e548db35
mixed_un1_dp1_ud0	253	227	f1b5ef055c0af76e
mixed_un1_dp1_ud0	254	13	410b15dbfb12ea0c
mixed_un1_dp1_ud0	255	3	934d324711f9585b
mixed_un1_dp1_ud0	256	86	a78f1adde4994341
mixed_un1_dp1_ud0	257	86	96530e6c413dd842
mixed_un1_dp1_ud0	258	82	94410c791554f176
mixed_un1_dp1_ud0	259	200	34be5cba2194a3f6
mixed_un1_dp1_ud0	260	31	c208d460ddfee913
mixed_un1_dp1_ud0	261	2	df0273dfc6a5bb48
mixed_un1_dp1_ud0	262	90	d0cd146d54914498
mixed_un1_dp1_ud0	263	3	80cdcdf0586b4285
mixed_un1_dp1_ud0	264	5	383b987635df338f
mixed_un1_dp1_ud0	265	4	69728ad28bee1909
mixed_un1_dp1_ud0	266	95	3dc697d385f70ed9
mixed_un1_dp1_ud0	267	199	0f52690a7a3e2554
mixed_un1_dp1_ud0	268	33	f6e8a046a1992063
mixed_un1_dp1_ud0	269	83	da0df81e3cbb04a9
mixed_un1_dp1_ud0	270	6	be743daabfe6bd06
mixed_un1_dp1_ud0	271	31	aacf9af1189d236c
mixed_un1_dp1_ud0	272	11	a934979235230b39
mixed_un1_dp1_ud0	273	3	a3eb2bf05c1c2b6f
mixed_un1_dp1_ud0	274	6	f35300b5b096f9bb
mixed_un1_dp1_ud0	275	2	a5a6c52ac89a2e26
mixed_un1_dp1_ud0	276	32	bfbb1eed2f4bf2ff
mixed_un1_dp1_ud0	277	2	bfbaed8002ec6a28
mixed_un1_dp1_ud0	278	204	19f4368a88930a3a
mixed_un1_dp1_ud0	279	12	349d5153f15b24df
mixed_un1_dp1_ud0	280	6	a7c0a31423ad82d2
mixed_un1_dp1_ud0	281	2	3fb86b3cb3991095
mixed_un1_dp1_ud0	282	7	8747e48584256510
mixed_un1_dp1_ud0	283	11	8fe397d767769f73
mixed_un1_dp1_ud0	284	29	52d6fee1a8e1c6ed
mixed_un1_dp1_ud0	285	211	b1950549ff3f2a36
mixed_un1_dp1_ud0	286	16	ece3cc7d42a202a8
mixed_un1_dp1_ud0	287	3	36ea76d2d4a16446
mixed_un1_dp1_ud0	288	30	5afa3718bb3c2a0c
mixed_un1_dp1_ud0	289	80	121cb444400aea8d
mixed_un1_dp1_ud0	290	11	f3de9b5877ac0d08
mixed_un1_dp1_ud0	291	83	715e88ec6c52684a
mixed_un1_dp1_ud0	292	2	a0e08f9da8d4ad1f
mixed_un1_dp1_ud0	293	35	3b52ca6c0a280b16
mixed_un1_dp1_ud0	294	2	e92aa8fb21e21ba4
mixed_un1_dp1_ud0	295	3	ffb1d7bc4a7f1eb7
mixed_un1_dp1_ud0	296	35	0abff9e224594c9e
mixed_un1_dp1_ud0	297	6	806b830bfa5ee806
mixed_un1_dp1_ud0	298	10	52eeff390b697d74
mixed_un1_dp1_ud0	299	82	6a6e3a91e2331728
mixed_un1_dp1_ud0	300	30	1bb757e8d97859bf
mixed_un1_dp1_ud0	301	3	7ee06c10b69c983c
mixed_un1_dp1_ud0	302	2	d86e9b7a0a82223f
mixed_un1_dp1_ud0	303	2	9ffa96ea53f5d65f
mixed_un1_dp1_ud0	304	34	7a0485eaf0bf4ab2
mixed_un1_dp1_ud0	305	206	2a18a4f5089a9b85
mixed_un1_dp1_ud0	306	11	ae2117fa82e549ab
mixed_un1_dp1_ud0	307	30	7dc8b5d4e2e63fc6
mixed_un1_dp1_ud0	308	209	35a7febcacae1b20
mixed_un1_dp1_ud0	309	3	5cfa33958ecdf350
mixed_un1_dp1_ud0	310	203	4b612475704b52d7
mixed_un1_dp1_ud0	311	3	a9c08f8c8fbe7b7a
mixed_un1_dp1_ud0	312	33	f90c896b90499432
mixed_un1_dp1_ud0	313	216	82507c7dc8441552
mixed_un1_dp1_ud0	314	203	7b611edf0b655320
mixed_un1_dp1_ud0	315	6	53a180b826eba42b
mixed_un1_dp1_ud0	316	206	64f05bffc867d84e
mixed_un1_dp1_ud0	317	208	4f2fb274a57a8ac6
mixed_un1_dp1_ud0	318	83	9d9d626d928e015d
mixed_un1_dp1_ud0	319	5	e2d38e753d4aa081
mixed_un1_dp1_ud0	320	86	c3bec167744731b9
mixed_un1_dp1_ud0	321	7	97458e0ddb328b7e
mixed_un1_dp1_ud0	322	6	c5fc25c3bd920e96
mixed_un1_dp1_ud0	323	6	cd09f11ff3c07725
mixed_un1_dp1_ud0	324	83	e5366e2adee317ba
mixed_un1_dp1_ud0	325	216	367ae5973df59ee7
mixed_un1_dp1_ud0	326	11	bcd4183d02cb0563
mixed_un1_dp1_ud0	327	32	1f48e6ceacb4bd8c
mixed_un1_dp1_ud0	328	10	e0f3dc39f2d0804c
mixed_un1_dp1_ud0	329	2	a45aebe53f6c2864
mixed_un1_dp1_ud0	330	206	707aa5ff8ee301fd
mixed_un1_dp1_ud0	331	6	d79f642e5e915dcb
mixed_un1_dp1_ud0	332	13	addd5d9fbfbdc502
mixed_un1_dp1_ud0	333	11	b33e1a1c18b0ede6
mixed_un1_dp1_ud0	334	5	dfc986e6dfb303b5
mixed_un1_dp1_ud0	335	33	310662af241894d8
mixed_un1_dp1_ud0	336	6	e5ac34f092a333c1
mixed_un1_dp1_ud0	337	10	05d075707f33da5e
mixed_un1_dp1_ud0	338	2	fff507f48f450cc2
mixed_un1_dp1_ud0	339	2	8b28c6538413ee55
mixed_un1_dp1_ud0	340	9	27db895379c8d015
mixed_un1_dp1_ud0	341	3	e4d8b755b32875ba
mixed_un1_dp1_ud0	342	2	585dc3e49905c661
mixed_un1_dp1_ud0	343	2	28a11183598e5824
mixed_un1_dp1_ud0	344	2	bc9ee5fc82ceb6ae
mixed_un1_dp1_ud0	345	31	29948644ef2d7f10
mixed_un1_dp1_ud0	346	6	07b8b47e4f6fde7a
mixed_un1_dp1_ud0	347	15	c7f2af2f943bedb8
mixed_un1_dp1_ud0	348	11	75bf41aeb0677853
mixed_un1_dp1_ud0	349	208	03fe984523afa69c
mixed_un1_dp1_ud0	350	37	9171c5a18b7e9bff
mixed_un1_dp1_ud0	351	207	b521a83a55219236
mixed_un1_dp1_ud0	352	13	92585ba293a882ee
mixed_un1_dp1_ud0	353	82	9907cca334247b3a
mixed_un1_dp1_ud0	354	206	75ca150d7ae6a69d
mixed_un1_dp1_ud0	355	82	6ddf10df43f50db0
mixed_un1_dp1_ud0	356	2	fd20bd056e0c46a4
mixed_un1_dp1_ud0	357	205	cb88a27f3d2f8d69
mixed_un1_dp1_ud0	358	2	32c4420f50182d9b
mixed_un1_dp1_ud0	359	11	583254ccf2d71385
mixed_un1_dp1_ud0	360	211	83604ec65292d84d
mixed_un1_dp1_ud0	361	6	aa7c864b6a779ca9
mixed_un1_dp1_ud0	362	204	4037c8253ccce891
mixed_un1_dp1_ud0	363	11	7ab9304bfaa08945
mixed_un1_dp1_ud0	364	2	3322804f769107bc
mixed_un1_dp1_ud0	365	83	2498bad73bcd3fdf
mixed_un1_dp1_ud0	366	3	76f5bd7c590e252c
mixed_un1_dp1_ud0	367	11	a1214ca1901ff8fa
mixed_un1_dp1_ud0	368	6	19466466f3ca4d66
mixed_un1_dp1_ud0	369	5	055510b37d3e088e
mixed_un1_dp1_ud0	370	3	4d4c4fd84fe71a4f
mixed_un1_dp1_ud0	371	2	5acc42448f3a7df6
mixed_un1_dp1_ud0	372	31	4b1b0d24a4b4c187
mixed_un1_dp1_ud0	373	34	3fb3af5b3e148982
mixed_un1_dp1_ud0	374	208	efc28e864a0b3cda
mixed_un1_dp1_ud0	375	213	80992caf0fc5242b
mixed_un1_dp1_ud0	376	83	21c136322f16029f
mixed_un1_dp1_ud0	377	2	f23bb38d32758f79
mixed_un1_dp1_ud0	378	83	556a2a38b31ada81
mixed_un1_dp1_ud0	379	210	6962f5442e0d9dbc
mixed_un1_dp1_ud0	380	205	7566f0391d0e0ec6
mixed_un1_dp1_ud0	381	2	0737efd232706575
mixed_un1_dp1_ud0	382	221	eca6b601563c03dc
mixed_un1_dp1_ud0	383	10	7e56d848b1002322
mixed_un1_dp1_ud0	384	32	3e5154825e97a306
mixed_un1_dp1_ud0	385	35	0f23f1784e30d885
mixed_un1_dp1_ud0	386	5	3c497432cee29b1c
mixed_un1_dp1_ud0	387	10	10cd1a85cdf8f93c
mixed_un1_dp1_ud0	388	2	164d0711da73b9ac
mixed_un1_dp1_ud0	389	218	ae005fb400f78d69
mixed_un1_dp1_ud0	390	89	99dbe5705cf3569c
mixed_un1_dp1_ud0	391	11	c2a61aadef1c8e2a
mixed_un1_dp1_ud0	392	2	544186fb653549de
mixed_un1_dp1_ud0	393	81	0185f0ce01ffd90d
mixed_un1_dp1_ud0	394	2	7b54cc189836e996
mixed_un1_dp1_ud0	395	10	0a2d1f8589fa0f14
mixed_un1_dp1_ud0	396	30	6f9dc059f3194874
mixed_un1_dp1_ud0	397	3	8ca2f83ef350d7dc
mixed_un1_dp1_ud0	398	3	341f85f6c394ebae
mixed_un1_dp1_ud0	399	80	c1e0872b0ddc9280
mixed_un1_dp1_ud1	0	208	5e09bf02c96cf1aa
mixed_un1_dp1_ud1	1	3	a4a8d635a6bd3203
mixed_un1_dp1_ud1	2	206	aa221a957947baa2
mixed_un1_dp1_ud1	3	2	71f056e10d51d81c
mixed_un1_dp1_ud1	4	78	785d4801d42f658c
mixed_un1_dp1_ud1	5	11	2aeafeb7f0dd846c
mixed_un1_dp1_ud1	6	2	3a25daa9a10d2b61
mixed_un1_dp1_ud1	7	84	835b6e49f982113a
mixed_un1_dp1_ud1	8	6	13373bfed69b2900
mixed_un1_dp1_ud1	9	3	b8460e03e7562a1c
mixed_un1_dp1_ud1	10	215	3877b68dc1881574
mixed_un1_dp1_ud1	11	9	9c4ae55c56deb305
mixed_un1_dp1_ud1	12	2	1e4531718b24dcf3
mixed_un1_dp1_ud1	13	10	e9ce19931b9951a2
mixed_un1_dp1_ud1	14	31	d520f3f96db664fa
mixed_un1_dp1_ud1	15	207	f83afb4908c9765e
mixed_un1_dp1_ud1	16	9	33d4c579ad6b1a1c
mixed_un1_dp1_ud1	17	2	d430f30042c94162
mixed_un1_dp1_ud1	18	6	e6929c729e10c6b7
mixed_un1_dp1_ud1	19	89	9a4d47985998691f
mixed_un1_dp1_ud1	20	214	baa61dd02c0fb143
mixed_un1_dp1_ud1	21	37	54f3573eb9cb9215
mixed_un1_dp1_ud1	22	30	c6cbc7fe820d322b
mixed_un1_dp1_ud1	23	6	436d3b0e0b025c2e
mixed_un1_dp1_ud1	24	30	8e071879e8426b5b
mixed_un1_dp1_ud1	25	6	815b9c2fb7525529
mixed_un1_dp1_ud1	26	210	6441509fc5f6e5d9
mixed_un1_dp1_ud1	27	2	251a16df712d4096
mixed_un1_dp1_ud1	28	209	8149191acfd8f26c
mixed_un1_dp1_ud1	29	31	f6d8ddf80bb12e76
mixed_un1_dp1_ud1	30	11	ecfb19352ff24ca7
mixed_un1_dp1_ud1	31	6	7ac2f41f9d1bc11f
mixed_un1_dp1_ud1	32	11	0a52a3d404acfc8a
mixed_un1_dp1_ud1	33	5	c53488081fdf0895
mixed_un1_dp1_ud1	34	92	d825fce42f253b78
mixed_un1_dp1_ud1	35	206	c7b99a50eeb2928c
mixed_un1_dp1_ud1	36	2	bdf75673c2b7b9af
mixed_un1_dp1_ud1	37	32	9af3e81ceecfe513
mixed_un1_dp1_ud1	38	30	59ad94a73335af48
mixed_un1_dp1_ud1	39	83	07cfddaf18ad856b
mixed_un1_dp1_ud1	40	3	9bf9d5567f90a850
mixed_un1_dp1_ud1	41	3	2d6da186be3f4591
mixed_un1_dp1_ud1	42	30	9b1bb71b05c919de
mixed_un1_dp1_ud1	43	6	1f02078b6bde6906
mixed_un1_dp1_ud1	44	31	54ae3b20ddfa4b26
mixed_un1_dp1_ud1	45	3	1504117fb2aa7b3b
mixed_un1_dp1_ud1	46	77	66185d2e6efc24e2
mixed_un1_dp1_ud1	47	12	3bed518d062e7f7b
mixed_un1_dp1_ud1	48	81	bdbc61f44ca901db
mixed_un1_dp1_ud1	49	3	ace4d14f90e4b1c6
mixed_un1_dp1_ud1	50	84	41564451aeeccd36
mixed_un1_dp1_ud1	51	2	3b3ad4084fecb045
mixed_un1_dp1_ud1	52	6	03360de26eb444b4
mixed_un1_dp1_ud1	53	36	6d0f8f0c87e87b5b
mixed_un1_dp1_ud1	54	31	09767379e96cd13a
mixed_un1_dp1_ud1	55	2	36161c1323171749
mixed_un1_dp1_ud1	56	2	ceea2d1dad1faae2
mixed_un1_dp1_ud1	57	5	15240a6b0d878bdf
mixed_un1_dp1_ud1	58	100	7a57a3ac65cfa38c
mixed_un1_dp1_ud1	59	30	9417dda02379241e
mixed_un1_dp1_ud1	60	86	454671c4aed6d0e7
mixed_un1_dp1_ud1	61	3	e3fd35e5176c5025
mixed_un1_dp1_ud1	62	212	68b854b16964eb2b
mixed_un1_dp1_ud1	63	208	1cf9eb43426c6ac9
mixed_un1_dp1_ud1	64	27	5f50f84784ee3ea7
mixed_un1_dp1_ud1	65	31	b0c6e8025eed5b5f
mixed_un1_dp1_ud1	66	6	5e52bad3bf5624bd
mixed_un1_dp1_ud1	67	2	b6ebb98793bef7b4
mixed_un1_dp1_ud1	68	13	f6f9d2925415a8c3
mixed_un1_dp1_ud1	69	208	56ebf0965243b2c1
mixed_un1_dp1_ud1	70	2	c4ed1c872a344364
mixed_un1_dp1_ud1	71	2	64b540c0f13a4416
mixed_un1_dp1_ud1	72	3	97a76c55286e5b2b
mixed_un1_dp1_ud1	73	11	c6e800dcc10a6150
mixed_un1_dp1_ud1	74	202	a3e5da96bdce3a99
mixed_un1_dp1_ud1	75	33	ebe5fc1f0bf28ede
mixed_un1_dp1_ud1	76	26	220e677c479ef491
mixed_un1_dp1_ud1	77	31	7dc3f896105cf59a
mixed_un1_dp1_ud1	78	215	73ee2f9def78184d
mixed_un1_dp1_ud1	79	11	3c10e47bbaa2eaee
mixed_un1_dp1_ud1	80	82	d12d126444855a5f
mixed_un1_dp1_ud1	81	6	285419f8cce53156
mixed_un1_dp1_ud1	82	80	7c703b8f637ce778
mixed_un1_dp1_ud1	83	219	c78d3a67bc05231d
mixed_un1_dp1_ud1	84	229	c60d59cec91fae99
mixed_un1_dp1_ud1	85	84	b8631643b9abf6da
mixed_un1_dp1_ud1	86	3	a675fdb04c9bb1c9
mixed_un1_dp1_ud1	87	2	1b171a1f9329a579
mixed_un1_dp1_ud1	88	2	06d064a5b6119cec
mixed_un1_dp1_ud1	89	3	9d82ab23bf0420ee
mixed_un1_dp1_ud1	90	3	9b1758722127abcf
mixed_un1_dp1_ud1	91	4	48eb61554ebd943a
mixed_un1_dp1_ud1	92	11	80c171d04d755565
mixed_un1_dp1_ud1	93	3	e1862e7d53e78bad
mixed_un1_dp1_ud1	94	30	5f4a6f5d94b995d6
mixed_un1_dp1_ud1	95	2	5507e3ef2d1f9c0a
mixed_un1_dp1_ud1	96	3	567142b0bd1ecae2
mixed_un1_dp1_ud1	97	30	ce8013b609f82757
mixed_un1_dp1_ud1	98	11	c1c16e94e25be3ed
mixed_un1_dp1_ud1	99	84	8444fdeb234def19
mixed_un1_dp1_ud1	100	30	8433646ff32f927c
mixed_un1_dp1_ud1	101	80	fb21657d9c356165
mixed_un1_dp1_ud1	102	2	2b77f36acc401545
mixed_un1_dp1_ud1	103	6	67cc864fd283d0d5
mixed_un1_dp1_ud1	104	3	eacfe96e26f6497a
mixed_un1_dp1_ud1	105	212	5a886569322f0307
mixed_un1_dp1_ud1	106	2	9550a3e580e246e7
mixed_un1_dp1_ud1	107	2	111a8c670f1b7eb3
mixed_un1_dp1_ud1	108	3	c3b3f33960192937
mixed_un1_dp1_ud1	109	33	3c4b5656f45f64ef
mixed_un1_dp1_ud1	110	2	56f2119843262bd8
mixed_un1_dp1_ud1	111	2	d756fbc0a19f6f57
mixed_un1_dp1_ud1	112	2	5d3ba4edb71b9695
mixed_un1_dp1_ud1	113	203	99b236f532ab270b
mixed_un1_dp1_ud1	114	213	67e8dc67ed7be0fa
mixed_un1_dp1_ud1	115	35	e82302f31c5b82bf
mixed_un1_dp1_ud1	116	10	e9f3b394899e211d
mixed_un1_dp1_ud1	117	3	3e4e83fe9cab5783
mixed_un1_dp1_ud1	118	6	b0c6fe00bfb47b14
mixed_un1_dp1_ud1	119	207	ad5e447c7d31a6d6
mixed_un1_dp1_ud1	120	6	354ec8f0f001b56b
mixed_un1_dp1_ud1	121	9	f42c596cb9b92eff
mixed_un1_dp1_ud1	122	6	22dffe9389bf5b6c
mixed_un1_dp1_ud1	123	2	ef5225248d173fa3
mixed_un1_dp1_ud1	124	3	134005e152d45e38
mixed_un1_dp1_ud1	125	2	05f1cdd391b2c50d
mixed_un1_dp1_ud1	126	14	d1505bd7aed88d40
mixed_un1_dp1_ud1	127	10	ba271ff3dd32f515
mixed_un1_dp1_ud1	128	2	63088dade7e2c78b
mixed_un1_dp1_ud1	129	209	6e98d75f5ddd7c82
mixed_un1_dp1_ud1	130	84	d948ab1391de9f33
mixed_un1_dp1_ud1	131	201	608a37ea0a84b5ea
mixed_un1_dp1_ud1	132	2	772dfa30393969bd
mixed_un1_dp1_ud1	133	3	57a7d8f297502b08
mixed_un1_dp1_ud1	134	5	ff2cffe539675d97
mixed_un1_dp1_ud1	135	2	941e09cb949631cf
mixed_un1_dp1_ud1	136	32	b6e3c3ae47ab0bc8
mixed_un1_dp1_ud1	137	3	7e500d3ae150eb93
mixed_un1_dp1_ud1	138	2	d9ad519b8157fdde
mixed_un1_dp1_ud1	139	85	c7c2747e520d7cf4
mixed_un1_dp1_ud1	140	11	3f9d06880884f508
mixed_un1_dp1_ud1	141	3	68e7a3506a58ef5e
mixed_un1_dp1_ud1	142	3	3322d0766ce929ad
mixed_un1_dp1_ud1	143	2	298a89e57461e50c
mixed_un1_dp1_ud1	144	3	ea270ba25ca85221
mixed_un1_dp1_ud1	145	199	3fb0dbfdb2f0411a
mixed_un1_dp1_ud1	146	11	7efd9b3547914970
mixed_un1_dp1_ud1	147	14	1e19e73f873dfa61
mixed_un1_dp1_ud1	148	31	049643302847c7ac
mixed_un1_dp1_ud1	149	3	7e08f46c96d06662
mixed_un1_dp1_ud1	150	11	45b7c84a98e8a4e8
mixed_un1_dp1_ud1	151	11	8d0f6842c70974bf
mixed_un1_dp1_ud1	152	218	f1a9a403c95a936f
mixed_un1_dp1_ud1	153	207	7ea466737e7c1f41
mixed_un1_dp1_ud1	154	79	3b487db22d204062
mixed_un1_dp1_ud1	155	6	1394d9a26584762f
mixed_un1_dp1_ud1	156	12	32ca6b71ae8c9ebd
mixed_un1_dp1_ud1	157	3	84ff130cb727e9ef
mixed_un1_dp1_ud1	158	79	5bc993741b9384ec
mixed_un1_dp1_ud1	159	3	4c6caabc6fb12605
mixed_un1_dp1_ud1	160	2	f0cfc8cbf5d9d664
mixed_un1_dp1_ud1	161	90	05ffa25cee9381c6
mixed_un1_dp1_ud1	162	207	2ee49b1f990fb658
mixed_un1_dp1_ud1	163	206	14f64ff0aa7ba749
mixed_un1_dp1_ud1	164	5	0cbe59e8f9260788
mixed_un1_dp1_ud1	165	82	7483a9bbac1963ea
mixed_un1_dp1_ud1	166	87	6760b0149b787970
mixed_un1_dp1_ud1	167	6	520857c186fa18ed
mixed_un1_dp1_ud1	168	6	b6a5da9829977912
mixed_un1_dp1_ud1	169	3	49db5b357d7c0ad4
mixed_un1_dp1_ud1	170	10	8c84f6a4ac8fc338
mixed_un1_dp1_ud1	171	3	b7721d95e9b24aca
mixed_un1_dp1_ud1	172	2	8c8ae7020cbb4c49
mixed_un1_dp1_ud1	173	89	14dbc0dd2ff51143
mixed_un1_dp1_ud1	174	32	65950fc008504220
mixed_un1_dp1_ud1	175	30	a83d733dbcc51b44
mixed_un1_dp1_ud1	176	3	ac1715977e982a17
mixed_un1_dp1_ud1	177	3	9704eacc8671e534
mixed_un1_dp1_ud1	178	195	3daeb1096434944d
mixed_un1_dp1_ud1	179	30	3b1105fef5294eb3
mixed_un1_dp1_ud1	180	3	a4f2be37f17ecd20
mixed_un1_dp1_ud1	181	9	28288d6914289a37
mixed_un1_dp1_ud1	182	2	8e49ea15371e1c8f
mixed_un1_dp1_ud1	183	11	8321d16715cd44c5
mixed_un1_dp1_ud1	184	34	109185791b38f4ba
mixed_un1_dp1_ud1	185	6	d5b7a887b93f872d
mixed_un1_dp1_ud1	186	5	eaf9ab020ff3deb1
mixed_un1_dp1_ud1	187	11	f976fbd37521ba3f
mixed_un1_dp1_ud1	188	6	f97a28d5f8ed7ab3
mixed_un1_dp1_ud1	189	10	be4c5cf839d0bf83
mixed_un1_dp1_ud1	190	6	2a03604c07ada8b2
mixed_un1_dp1_ud1	191	2	ed6b2cfae63a523f
mixed_un1_dp1_ud1	192	2	43c05b7ef01c7494
mixed_un1_dp1_ud1	193	2	58c45d16565eb0d0
mixed_un1_dp1_ud1	194	10	79ceaf05477d82e4
mixed_un1_dp1_ud1	195	13	9281923694dbdd87
mixed_un1_dp1_ud1	196	34	6ba4bbcd9cd6b3b9
mixed_un1_dp1_ud1	197	80	8b4ca4129184793e
mixed_un1_dp1_ud1	198	211	5e64078d0011fee3
mixed_un1_dp1_ud1	199	80	23fc0dc9b0572c2b
mixed_un1_dp1_ud1	200	34	a5e5b2a1647471c9
mixed_un1_dp1_ud1	201	98	25745096ed3eb6c9
mixed_un1_dp1_ud1	202	28	52b13eac0314d50e
mixed_un1_dp1_ud1	203	205	01e81feadbdfe3c6
mixed_un1_dp1_ud1	204	205	b8a881230e71af7c
mixed_un1_dp1_ud1	205	76	3a6fe5f5ffa29107
mixed_un1_dp1_ud1	206	3	8961c43dbfc500cc
mixed_un1_dp1_ud1	207	2	03bd747c6229706a
mixed_un1_dp1_ud1	208	41	2d27bd5ea9df3c58
mixed_un1_dp1_ud1	209	11	b80a8741b42045dd
mixed_un1_dp1_ud1	210	197	7f9672cea2b89582
mixed_un1_dp1_ud1	211	89	a6fe498a1f248878
mixed_un1_dp1_ud1	212	6	ec2567031cc6487a
mixed_un1_dp1_ud1	213	10	8223c4d456f34004
mixed_un1_dp1_ud1	214	84	fe3b53641ce61803
mixed_un1_dp1_ud1	215	3	a72adc3383340d17
mixed_un1_dp1_ud1	216	3	f0a307edf1c68b8e
mixed_un1_dp1_ud1	217	211	6412711608776141
mixed_un1_dp1_ud1	218	3	4b0a23e872d8aa56
mixed_un1_dp1_ud1	219	34	03f68420a566a7b6
mixed_un1_dp1_ud1	220	86	fdcab6e42b8fd8dc
mixed_un1_dp1_ud1	221	38	95dfb4e44f3d7b4f
mixed_un1_dp1_ud1	222	206	23d528d4012726f9
mixed_un1_dp1_ud1	223	2	68416f9a82cbadaa
mixed_un1_dp1_ud1	224	79	53a4c442bdad4ebe
mixed_un1_dp1_ud1	225	205	b7bc85b3f2575c9e
mixed_un1_dp1_ud1	226	34	fbc43d0853b5992e
mixed_un1_dp1_ud1	227	215	e39ade49883adc7e
mixed_un1_dp1_ud1	228	2	9766b38daae9dfd5
mixed_un1_dp1_ud1	229	12	f3d8d76004918bc5
mixed_un1_dp1_ud1	230	82	4bfbbfb8bcdac365
mixed_un1_dp1_ud1	231	3	5940c7ed5f050a32
mixed_un1_dp1_ud1	232	6	0165826166f1b11a
mixed_un1_dp1_ud1	233	6	4b3e03d41cc833b5
mixed_un1_dp1_ud1	234	31	9a1bc2d7d243ccb6
mixed_un1_dp1_ud1	235	6	b94af4ed94866980
mixed_un1_dp1_ud1	236	6	34bd5dae9eea5b43
mixed_un1_dp1_ud1	237	6	dc306328376a25ec
mixed_un1_dp1_ud1	238	212	b66d68f1738ca91e
mixed_un1_dp1_ud1	239	2	827e1db205c296da
mixed_un1_dp1_ud1	240	85	6b2e328ff147d0ed
mixed_un1_dp1_ud1	241	6	fdf33154b624bab4
mixed_un1_dp1_ud1	242	3	b678894b48c1bf4c
mixed_un1_dp1_ud1	243	84	2e9b89c1a8510c18
mixed_un1_dp1_ud1	244	11	d8ab72979fef05f5
mixed_un1_dp1_ud1	245	205	f93756550b9540be
mixed_un1_dp1_ud1	246	79	c8975a960bcb17ba
mixed_un1_dp1_ud1	247	34	c2a56c040657f155
mixed_un1_dp1_ud1	248	30	80cf8847a6b8c4a9
mixed_un1_dp1_ud1	249	93	6013ea6ed3b75d26
mixed_un1_dp1_ud1	250	12	e17f748a35f4caff
mixed_un1_dp1_ud1	251	213	1b562a5f1593ec3d
mixed_un1_dp1_ud1	252	11	a8039fe6e548db35
mixed_un1_dp1_ud1	253	225	173577bf8032d801
mixed_un1_dp1_ud1	254	13	410b15dbfb12ea0c
mixed_un1_dp1_ud1	255	3	934d324711f9585b
mixed_un1_dp1_ud1	256	86	a78f1adde4994341
mixed_un1_dp1_ud1	257	86	96530e6c413dd842
mixed_un1_dp1_ud1	258	82	94410c791554f176
mixed_un1_dp1_ud1	259	200	34be5cba2194a3f6
mixed_un1_dp1_ud1	260	31	c208d460ddfee913
mixed_un1_dp1_ud1	261	2	df0273dfc6a5bb48
mixed_un1_dp1_ud1	262	90	73f633f03d702973
mixed_un1_dp1_ud1	263	3	80cdcdf0586b4285
mixed_un1_dp1_ud1	264	5	383b987635df338f
mixed_un1_dp1_ud1	265	2	f860f25b5dfae3df
mixed_un1_dp1_ud1	266	95	325b1ed30f3264c4
mixed_un1_dp1_ud1	267	200	888f61bb199b02e0
mixed_un1_dp1_ud1	268	33	f6e8a046a1992063
mixed_un1_dp1_ud1	269	83	da0df81e3cbb04a9
mixed_un1_dp1_ud1	270	6	be743daabfe6bd06
mixed_un1_dp1_ud1	271	31	aacf9af1189d236c
mixed_un1_dp1_ud1	272	11	a934979235230b39
mixed_un1_dp1_ud1	273	3	a3eb2bf05c1c2b6f
mixed_un1_dp1_ud1	274	6	f35300b5b096f9bb
mixed_un1_dp1_ud1	275	2	a5a6c52ac89a2e26
mixed_un1_dp1_ud1	276	32	bfbb1eed2f4bf2ff
mixed_un1_dp1_ud1	277	2	bfbaed8002ec6a28
mixed_un1_dp1_ud1	278	204	19f4368a88930a3a
mixed_un1_dp1_ud1	279	10	8293bb95a795093b
mixed_un1_dp1_ud1	280	6	a7c0a31423ad82d2
mixed_un1_dp1_ud1	281	2	3fb86b3cb3991095
mixed_un1_dp1_ud1	282	7	8747e48584256510
mixed_un1_dp1_ud1	283	11	8fe397d767769f73
mixed_un1_dp1_ud1	284	29	52d6fee1a8e1c6ed
mixed_un1_dp1_ud1	285	212	3184a7732a766e23
mixed_un1_dp1_ud1	286	16	ece3cc7d42a202a8
mixed_un1_dp1_ud1	287	3	36ea76d2d4a16446
mixed_un1_dp1_ud1	288	30	5afa3718bb3c2a0c
mixed_un1_dp1_ud1	289	80	121cb444400aea8d
mixed_un1_dp1_ud1	290	11	f3de9b5877ac0d08
mixed_un1_dp1_ud1	291	83	715e88ec6c52684a
mixed_un1_dp1_ud1	292	2	a0e08f9da8d4ad1f
mixed_un1_dp1_ud1	293	35	3b52ca6c0a280b16
mixed_un1_dp1_ud1	294	2	e92aa8fb21e21ba4
mixed_un1_dp1_ud1	295	4	207f0800c75ad8c0
mixed_un1_dp1_ud1	296	35	0abff9e224594c9e
mixed_un1_dp1_ud1	297	6	806b830bfa5ee806
mixed_un1_dp1_ud1	298	10	52eeff390b697d74
mixed_un1_dp1_ud1	299	82	6a6e3a91e2331728
mixed_un1_dp1_ud1	300	28	cbd27b0212d8dd43
mixed_un1_dp1_ud1	301	3	7ee06c10b69c983c
mixed_un1_dp1_ud1	302	2	d86e9b7a0a82223f
mixed_un1_dp1_ud1	303	2	9ffa96ea53f5d65f
mixed_un1_dp1_ud1	304	34	7a0485eaf0bf4ab2
mixed_un1_dp1_ud1	305	206	2a18a4f5089a9b85
mixed_un1_dp1_ud1	306	11	ae2117fa82e549ab
mixed_un1_dp1_ud1	307	30	7dc8b5d4e2e63fc6
mixed_un1_dp1_ud1	308	207	26a7f136ed969a43
mixed_un1_dp1_ud1	309	3	5cfa33958ecdf350
mixed_un1_dp1_ud1	310	203	4b612475704b52d7
mixed_un1_dp1_ud1	311	3	a9c08f8c8fbe7b7a
mixed_un1_dp1_ud1	312	31	25b783e7c1e0dcb6
mixed_un1_dp1_ud1	313	214	847f000bed68dcd0
mixed_un1_dp1_ud1	314	204	06ddbd8edad99dc8
mixed_un1_dp1_ud1	315	6	53a180b826eba42b
mixed_un1_dp1_ud1	316	206	64f05bffc867d84e
mixed_un1_dp1_ud1	317	210	a8fe40e2ce89cbd4
mixed_un1_dp1_ud1	318	83	9d9d626d928e015d
mixed_un1_dp1_ud1	319	5	e2d38e753d4aa081
mixed_un1_dp1_ud1	320	84	d663b979aab3de72
mixed_un1_dp1_ud1	321	7	97458e0ddb328b7e
mixed_un1_dp1_ud1	322	6	c5fc25c3bd920e96
mixed_un1_dp1_ud1	323	6	cd09f11ff3c07725
mixed_un1_dp1_ud1	324	83	e5366e2adee317ba
mixed_un1_dp1_ud1	325	216	367ae5973df59ee7
mixed_un1_dp1_ud1	326	11	bcd4183d02cb0563
mixed_un1_dp1_ud1	327	30	1c3cf4115fec74b0
mixed_un1_dp1_ud1	328	10	e0f3dc39f2d0804c
mixed_un1_dp1_ud1	329	2	a45aebe53f6c2864
mixed_un1_dp1_ud1	330	207	1496a0617664668b
mixed_un1_dp1_ud1	331	6	d79f642e5e915dcb
mixed_un1_dp1_ud1	332	13	addd5d9fbfbdc502
mixed_un1_dp1_ud1	333	11	b33e1a1c18b0ede6
mixed_un1_dp1_ud1	334	5	dfc986e6dfb303b5
mixed_un1_dp1_ud1	335	33	310662af241894d8
mixed_un1_dp1_ud1	336	6	e5ac34f092a333c1
mixed_un1_dp1_ud1	337	10	05d075707f33da5e
mixed_un1_dp1_ud1	338	2	fff507f48f450cc2
mixed_un1_dp1_ud1	339	2	8b28c6538413ee55
mixed_un1_dp1_ud1	340	9	27db895379c8d015
mixed_un1_dp1_ud1	341	3	e4d8b755b32875ba
mixed_un1_dp1_ud1	342	2	585dc3e49905c661
mixed_un1_dp1_ud1	343	2	28a11183598e5824
mixed_un1_dp1_ud1	344	2	bc9ee5fc82ceb6ae
mixed_un1_dp1_ud1	345	31	29948644ef2d7f10
mixed_un1_dp1_ud1	346	6	07b8b47e4f6fde7a
mixed_un1_dp1_ud1	347	15	c7f2af2f943bedb8
mixed_un1_dp1_ud1	348	11	75bf41aeb0677853
mixed_un1_dp1_ud1	349	208	03fe984523afa69c
mixed_un1_dp1_ud1	350	37	9171c5a18b7e9bff
mixed_un1_dp1_ud1	351	205	0a077781d2cf5083
mixed_un1_dp1_ud1	352	11	a1c30839a1c2a2d2
mixed_un1_dp1_ud1	353	82	9907cca334247b3a
mixed_un1_dp1_ud1	354	206	75ca150d7ae6a69d
mixed_un1_dp1_ud1	355	82	6ddf10df43f50db0
mixed_un1_dp1_ud1	356	2	fd20bd056e0c46a4
mixed_un1_dp1_ud1	357	203	4804460816c58b29
mixed_un1_dp1_ud1	358	2	32c4420f50182d9b
mixed_un1_dp1_ud1	359	11	583254ccf2d71385
mixed_un1_dp1_ud1	360	211	83604ec65292d84d
mixed_un1_dp1_ud1	361	6	aa7c864b6a779ca9
mixed_un1_dp1_ud1	362	202	292a5574ae64ea4b
mixed_un1_dp1_ud1	363	11	7ab9304bfaa08945
mixed_un1_dp1_ud1	364	2	3322804f769107bc
mixed_un1_dp1_ud1	365	83	2498bad73bcd3fdf
mixed_un1_dp1_ud1	366	3	76f5bd7c590e252c
mixed_un1_dp1_ud1	367	11	a1214ca1901ff8fa
mixed_un1_dp1_ud1	368	6	19466466f3ca4d66
mixed_un1_dp1_ud1	369	5	055510b37d3e088e
mixed_un1_dp1_ud1	370	3	4d4c4fd84fe71a4f
mixed_un1_dp1_ud1	371	2	5acc42448f3a7df6
mixed_un1_dp1_ud1	372	31	4b1b0d24a4b4c187
mixed_un1_dp1_ud1	373	32	1f9323a35aac7278
mixed_un1_dp1_ud1	374	208	efc28e864a0b3cda
mixed_un1_dp1_ud1	375	213	80992caf0fc5242b
mixed_un1_dp1_ud1	376	83	45ed20c2be0af686
mixed_un1_dp1_ud1	377	2	f23bb38d32758f79
mixed_un1_dp1_ud1	378	83	556a2a38b31ada81
mixed_un1_dp1_ud1	379	210	ba85f091644b8a27
mixed_un1_dp1_ud1	380	206	a8b812aa129702f1
mixed_un1_dp1_ud1	381	2	0737efd232706575
mixed_un1_dp1_ud1	382	221	eca6b601563c03dc
mixed_un1_dp1_ud1	383	10	7e56d848b1002322
mixed_un1_dp1_ud1	384	32	3e5154825e97a306
mixed_un1_dp1_ud1	385	35	0f23f1784e30d885
mixed_un1_dp1_ud1	386	5	3c497432cee29b1c
mixed_un1_dp1_ud1	387	10	10cd1a85cdf8f93c
mixed_un1_dp1_ud1	388	2	164d0711da73b9ac
mixed_un1_dp1_ud1	389	216	e59b9d4f8aa50b1c
mixed_un1_dp1_ud1	390	89	99dbe5705cf3569c
mixed_un1_dp1_ud1	391	11	c2a61aadef1c8e2a
mixed_un1_dp1_ud1	392	2	544186fb653549de
mixed_un1_dp1_ud1	393	81	0185f0ce01ffd90d
mixed_un1_dp1_ud1	394	2	7b54cc189836e996
mixed_un1_dp1_ud1	395	10	0a2d1f8589fa0f14
mixed_un1_dp1_ud1	396	30	6f9dc059f3194874
mixed_un1_dp1_ud1	397	3	8ca2f83ef350d7dc
mixed_un1_dp1_ud1	398	3	341f85f6c394ebae
mixed_un1_dp1_ud1	399	80	c1e0872b0ddc9280
mixed_un1_dp0_ud0	0	212	278f865ad523b3c4
mixed_un1_dp0_ud0	1	3	a4a8d635a6bd3203
mixed_un1_dp0_ud0	2	214	1bcf6c09ea9f9f15
mixed_un1_dp0_ud0	3	2	71f056e10d51d81c
mixed_un1_dp0_ud0	4	81	abde5f585ead28be
mixed_un1_dp0_ud0	5	12	7aec5b8be84251b2
mixed_un1_dp0_ud0	6	2	3a25daa9a10d2b61
mixed_un1_dp0_ud0	7	87	07f442f3689d3681
mixed_un1_dp0_ud0	8	6	13373bfed69b2900
mixed_un1_dp0_ud0	9	3	b8460e03e7562a1c
mixed_un1_dp0_ud0	10	225	cf7542c5b4260bd6
mixed_un1_dp0_ud0	11	11	3009acb7631564c1
mixed_un1_dp0_ud0	12	2	1e4531718b24dcf3
mixed_un1_dp0_ud0	13	11	61ee04df7934d68b
mixed_un1_dp0_ud0	14	31	d520f3f96db664fa
mixed_un1_dp0_ud0	15	210	2fe9e773ee3a3370
mixed_un1_dp0_ud0	16	9	33d4c579ad6b1a1c
mixed_un1_dp0_ud0	17	2	d430f30042c94162
mixed_un1_dp0_ud0	18	6	e6929c729e10c6b7
mixed_un1_dp0_ud0	19	91	cfd309bf3011c680
mixed_un1_dp0_ud0	20	218	54c5f7650eb9882d
mixed_un1_dp0_ud0	21	36	78f1c4bc48b422c9
mixed_un1_dp0_ud0	22	31	7903520fc8ec3866
mixed_un1_dp0_ud0	23	6	436d3b0e0b025c2e
mixed_un1_dp0_ud0	24	32	c7bb24f37571598b
mixed_un1_dp0_ud0	25	6	815b9c2fb7525529
mixed_un1_dp0_ud0	26	211	1877a89e427335c1
mixed_un1_dp0_ud0	27	2	251a16df712d4096
mixed_un1_dp0_ud0	28	214	568c01db6e2274c5
mixed_un1_dp0_ud0	29	32	6c4a76140798f54c
mixed_un1_dp0_ud0	30	11	ecfb19352ff24ca7
mixed_un1_dp0_ud0	31	6	7ac2f41f9d1bc11f
mixed_un1_dp0_ud0	32	11	0a52a3d404acfc8a
mixed_un1_dp0_ud0	33	6	8f858bf68b375ee6
mixed_un1_dp0_ud0	34	97	903a1c37bbcd039e
mixed_un1_dp0_ud0	35	213	de495d77c4072fda
mixed_un1_dp0_ud0	36	2	bdf75673c2b7b9af
mixed_un1_dp0_ud0	37	34	60acc30d23aaeac9
mixed_un1_dp0_ud0	38	32	de7383aaddf8f5da
mixed_un1_dp0_ud0	39	84	2415c4fb338b7d63
mixed_un1_dp0_ud0	40	3	9bf9d5567f90a850
mixed_un1_dp0_ud0	41	3	2d6da186be3f4591
mixed_un1_dp0_ud0	42	31	8a8a71cf22a27844
mixed_un1_dp0_ud0	43	6	1f02078b6bde6906
mixed_un1_dp0_ud0	44	32	426950c06eaee291
mixed_un1_dp0_ud0	45	3	1504117fb2aa7b3b
mixed_un1_dp0_ud0	46	81	02ca245c9e3207ec
mixed_un1_dp0_ud0	47	12	3bed518d062e7f7b
mixed_un1_dp0_ud0	48	82	cf877be61f308c00
mixed_un1_dp0_ud0	49	3	ace4d14f90e4b1c6
mixed_un1_dp0_ud0	50	88	b284cc28708a7ee6
mixed_un1_dp0_ud0	51	2	3b3ad4084fecb045
mixed_un1_dp0_ud0	52	6	03360de26eb444b4
mixed_un1_dp0_ud0	53	38	25df0f57c73b421c
mixed_un1_dp0_ud0	54	32	63e4a4d6d91bdfd6
mixed_un1_dp0_ud0	55	2	36161c1323171749
mixed_un1_dp0_ud0	56	2	ceea2d1dad1faae2
mixed_un1_dp0_ud0	57	6	0bc283e63a66db5e
mixed_un1_dp0_ud0	58	103	19cd01e146c8a9b3
mixed_un1_dp0_ud0	59	30	9417dda02379241e
mixed_un1_dp0_ud0	60	87	bb5fd779e26a4ae9
mixed_un1_dp0_ud0	61	3	e3fd35e5176c5025
mixed_un1_dp0_ud0	62	216	f5367425cd97bb14
mixed_un1_dp0_ud0	63	216	b0e0a48714e3fd83
mixed_un1_dp0_ud0	64	31	9047283a59688100
mixed_un1_dp0_ud0	65	31	b0c6e8025eed5b5f
mixed_un1_dp0_ud0	66	6	5e52bad3bf5624bd
mixed_un1_dp0_ud0	67	2	b6ebb98793bef7b4
mixed_un1_dp0_ud0	68	14	bf604bd619e801ab
mixed_un1_dp0_ud0	69	213	42292f3d396628bc
mixed_un1_dp0_ud0	70	2	c4ed1c872a344364
mixed_un1_dp0_ud0	71	2	64b540c0f13a4416
mixed_un1_dp0_ud0	72	3	97a76c55286e5b2b
mixed_un1_dp0_ud0	73	11	c6e800dcc10a6150
mixed_un1_dp0_ud0	74	209	997b45b50f73fd8d
mixed_un1_dp0_ud0	75	33	ebe5fc1f0bf28ede
mixed_un1_dp0_ud0	76	30	aa72037b7a775ccc
mixed_un1_dp0_ud0	77	31	7dc3f896105cf59a
mixed_un1_dp0_ud0	78	221	34c6a29d2afabfdd
mixed_un1_dp0_ud0	79	11	3c10e47bbaa2eaee
mixed_un1_dp0_ud0	80	88	e000b6dcc794b6ac
mixed_un1_dp0_ud0	81	6	285419f8cce53156
mixed_un1_dp0_ud0	82	82	9e0a0cc844f2a820
mixed_un1_dp0_ud0	83	222	6dd6df955fadc10f
mixed_un1_dp0_ud0	84	232	838fcf8e452fe719
mixed_un1_dp0_ud0	85	86	334a7704b6caf954
mixed_un1_dp0_ud0	86	3	a675fdb04c9bb1c9
mixed_un1_dp0_ud0	87	2	1b171a1f9329a579
mixed_un1_dp0_ud0	88	2	06d064a5b6119cec
mixed_un1_dp0_ud0	89	3	9d82ab23bf0420ee
mixed_un1_dp0_ud0	90	3	9b1758722127abcf
mixed_un1_dp0_ud0	91	3	01ae6e117acd6e37
mixed_un1_dp0_ud0	92	11	80c171d04d755565
mixed_un1_dp0_ud0	93	3	e1862e7d53e78bad
mixed_un1_dp0_ud0	94	31	fd605d7b4be86a12
mixed_un1_dp0_ud0	95	2	5507e3ef2d1f9c0a
mixed_un1_dp0_ud0	96	3	567142b0bd1ecae2
mixed_un1_dp0_ud0	97	32	52a19bae8d80bbda
mixed_un1_dp0_ud0	98	11	c1c16e94e25be3ed
mixed_un1_dp0_ud0	99	86	3e8c0489121078b3
mixed_un1_dp0_ud0	100	31	5708a32fc4eddf24
mixed_un1_dp0_ud0	101	82	b2542ff6666da27b
mixed_un1_dp0_ud0	102	2	2b77f36acc401545
mixed_un1_dp0_ud0	103	6	67cc864fd283d0d5
mixed_un1_dp0_ud0	104	3	eacfe96e26f6497a
mixed_un1_dp0_ud0	105	216	8697d72498bcb97d
mixed_un1_dp0_ud0	106	2	9550a3e580e246e7
mixed_un1_dp0_ud0	107	2	111a8c670f1b7eb3
mixed_un1_dp0_ud0	108	3	c3b3f33960192937
mixed_un1_dp0_ud0	109	33	3c4b5656f45f64ef
mixed_un1_dp0_ud0	110	2	56f2119843262bd8
mixed_un1_dp0_ud0	111	2	d756fbc0a19f6f57
mixed_un1_dp0_ud0	112	2	5d3ba4edb71b9695
mixed_un1_dp0_ud0	113	213	73c8f0b78e966015
mixed_un1_dp0_ud0	114	220	025ebc40b17c40f3
mixed_un1_dp0_ud0	115	36	c75c2d03ba4e22f9
mixed_un1_dp0_ud0	116	11	4bc1adf433acad4d
mixed_un1_dp0_ud0	117	3	3e4e83fe9cab5783
mixed_un1_dp0_ud0	118	6	b0c6fe00bfb47b14
mixed_un1_dp0_ud0	119	213	9a7a2a2c2cd5127b
mixed_un1_dp0_ud0	120	6	354ec8f0f001b56b
mixed_un1_dp0_ud0	121	9	f42c596cb9b92eff
mixed_un1_dp0_ud0	122	6	22dffe9389bf5b6c
mixed_un1_dp0_ud0	123	2	ef5225248d173fa3
mixed_un1_dp0_ud0	124	3	134005e152d45e38
mixed_un1_dp0_ud0	125	2	05f1cdd391b2c50d
mixed_un1_dp0_ud0	126	14	d1505bd7aed88d40
mixed_un1_dp0_ud0	127	11	05566680a9ca2e41
mixed_un1_dp0_ud0	128	2	63088dade7e2c78b
mixed_un1_dp0_ud0	129	213	06f3d33658167e08
mixed_un1_dp0_ud0	130	89	805312e7ec489289
mixed_un1_dp0_ud0	131	210	9efb3f90164cbade
mixed_un1_dp0_ud0	132	2	772dfa30393969bd
mixed_un1_dp0_ud0	133	3	57a7d8f297502b08
mixed_un1_dp0_ud0	134	6	a9a82c80687fed98
mixed_un1_dp0_ud0	135	2	941e09cb949631cf
mixed_un1_dp0_ud0	136	33	63cd671f0a9919bb
mixed_un1_dp0_ud0	137	3	7e500d3ae150eb93
mixed_un1_dp0_ud0	138	2	d9ad519b8157fdde
mixed_un1_dp0_ud0	139	84	5a99c76bff94944b
mixed_un1_dp0_ud0	140	11	3f9d06880884f508
mixed_un1_dp0_ud0	141	3	68e7a3506a58ef5e
mixed_un1_dp0_ud0	142	3	3322d0766ce929ad
mixed_un1_dp0_ud0	143	2	298a89e57461e50c
mixed_un1_dp0_ud0	144	3	ea270ba25ca85221
mixed_un1_dp0_ud0	145	209	adb393212ef71c5c
mixed_un1_dp0_ud0	146	11	7efd9b3547914970
mixed_un1_dp0_ud0	147	14	1e19e73f873dfa61
mixed_un1_dp0_ud0	148	31	049643302847c7ac
mixed_un1_dp0_ud0	149	3	7e08f46c96d06662
mixed_un1_dp0_ud0	150	11	45b7c84a98e8a4e8
mixed_un1_dp0_ud0	151	11	8d0f6842c70974bf
mixed_un1_dp0_ud0	152	225	a7cd37124c4d767e
mixed_un1_dp0_ud0	153	211	e65c358b13673b28
mixed_un1_dp0_ud0	154	82	ffc0125b87d29df7
mixed_un1_dp0_ud0	155	6	1394d9a26584762f
mixed_un1_dp0_ud0	156	12	32ca6b71ae8c9ebd
mixed_un1_dp0_ud0	157	3	84ff130cb727e9ef
mixed_un1_dp0_ud0	158	81	2f716691dfa9c669
mixed_un1_dp0_ud0	159	3	4c6caabc6fb12605
mixed_un1_dp0_ud0	160	2	f0cfc8cbf5d9d664
mixed_un1_dp0_ud0	161	93	f641512b77983453
mixed_un1_dp0_ud0	162	210	4e8110dbbe5f5bc4
mixed_un1_dp0_ud0	163	213	cd8ca42816eacbe1
mixed_un1_dp0_ud0	164	6	483504a5e4303754
mixed_un1_dp0_ud0	165	87	97b53638e439f52a
mixed_un1_dp0_ud0	166	88	e7c25450832a9a44
mixed_un1_dp0_ud0	167	6	520857c186fa18ed
mixed_un1_dp0_ud0	168	6	b6a5da9829977912
mixed_un1_dp0_ud0	169	3	49db5b357d7c0ad4
mixed_un1_dp0_ud0	170	11	cd860637f0807607
mixed_un1_dp0_ud0	171	3	b7721d95e9b24aca
mixed_un1_dp0_ud0	172	2	8c8ae7020cbb4c49
mixed_un1_dp0_ud0	173	91	ab84b3121891e043
mixed_un1_dp0_ud0	174	34	249d57260c31ae54
mixed_un1_dp0_ud0	175	31	18bf30f9946b9ad3
mixed_un1_dp0_ud0	176	3	ac1715977e982a17
mixed_un1_dp0_ud0	177	3	9704eacc8671e534
mixed_un1_dp0_ud0	178	204	77671c0390e4877b
mixed_un1_dp0_ud0	179	32	254db62d84cfbec7
mixed_un1_dp0_ud0	180	3	a4f2be37f17ecd20
mixed_un1_dp0_ud0	181	9	28288d6914289a37
mixed_un1_dp0_ud0	182	2	8e49ea15371e1c8f
mixed_un1_dp0_ud0	183	11	8321d16715cd44c5
mixed_un1_dp0_ud0	184	34	109185791b38f4ba
mixed_un1_dp0_ud0	185	6	d5b7a887b93f872d
mixed_un1_dp0_ud0	186	6	e6929bccd0fff5a7
mixed_un1_dp0_ud0	187	11	f976fbd37521ba3f
mixed_un1_dp0_ud0	188	6	f97a28d5f8ed7ab3
mixed_un1_dp0_ud0	189	10	be4c5cf839d0bf83
mixed_un1_dp0_ud0	190	6	2a03604c07ada8b2
mixed_un1_dp0_ud0	191	2	ed6b2cfae63a523f
mixed_un1_dp0_ud0	192	2	43c05b7ef01c7494
mixed_un1_dp0_ud0	193	2	58c45d16565eb0d0
mixed_un1_dp0_ud0	194	11	599f46800c949268
mixed_un1_dp0_ud0	195	13	ba8eb5bb3a25b286
mixed_un1_dp0_ud0	196	35	a6ef14c369eb4d4a
mixed_un1_dp0_ud0	197	81	0b8283b0f179827a
mixed_un1_dp0_ud0	198	217	f0e8fdfea3d07794
mixed_un1_dp0_ud0	199	84	e38d7a27021ce87d
mixed_un1_dp0_ud0	200	33	a8e116ec0eb0188a
mixed_un1_dp0_ud0	201	99	83e9b566047c6141
mixed_un1_dp0_ud0	202	32	97088c6c3062dcf0
mixed_un1_dp0_ud0	203	213	671df1dbb60c0399
mixed_un1_dp0_ud0	204	211	916a99b6cb37c53b
mixed_un1_dp0_ud0	205	81	1ae188e3e167f0c3
mixed_un1_dp0_ud0	206	3	8961c43dbfc500cc
mixed_un1_dp0_ud0	207	2	03bd747c6229706a
mixed_un1_dp0_ud0	208	41	2d27bd5ea9df3c58
mixed_un1_dp0_ud0	209	11	b80a8741b42045dd
mixed_un1_dp0_ud0	210	206	11ecceaad22f0f56
mixed_un1_dp0_ud0	211	90	028ce2e90a83b1de
mixed_un1_dp0_ud0	212	6	ec2567031cc6487a
mixed_un1_dp0_ud0	213	11	947a291a6f11b6f9
mixed_un1_dp0_ud0	214	87	4a57e3253f925ebe
mixed_un1_dp0_ud0	215	3	a72adc3383340d17
mixed_un1_dp0_ud0	216	3	f0a307edf1c68b8e
mixed_un1_dp0_ud0	217	213	cf5d57811acb88ba
mixed_un1_dp0_ud0	218	3	4b0a23e872d8aa56
mixed_un1_dp0_ud0	219	35	18528ef5c9ae0231
mixed_un1_dp0_ud0	220	92	c55432d999c44d7e
mixed_un1_dp0_ud0	221	39	922923ed09b65d2f
mixed_un1_dp0_ud0	222	218	56fc87d8bce38911
mixed_un1_dp0_ud0	223	2	68416f9a82cbadaa
mixed_un1_dp0_ud0	224	81	e5a1729f54544fbb
mixed_un1_dp0_ud0	225	207	e1dbd2c43f98fc18
mixed_un1_dp0_ud0	226	36	8827561bbedf0781
mixed_un1_dp0_ud0	227	220	14cef4f5db4a84eb
mixed_un1_dp0_ud0	228	2	9766b38daae9dfd5
mixed_un1_dp0_ud0	229	12	f3d8d76004918bc5
mixed_un1_dp0_ud0	230	84	ef61ab35f49ebc03
mixed_un1_dp0_ud0	231	3	5940c7ed5f050a32
mixed_un1_dp0_ud0	232	6	0165826166f1b11a
mixed_un1_dp0_ud0	233	6	4b3e03d41cc833b5
mixed_un1_dp0_ud0	234	31	9a1bc2d7d243ccb6
mixed_un1_dp0_ud0	235	6	b94af4ed94866980
mixed_un1_dp0_ud0	236	6	34bd5dae9eea5b43
mixed_un1_dp0_ud0	237	6	dc306328376a25ec
mixed_un1_dp0_ud0	238	217	a1852d423e9e88fc
mixed_un1_dp0_ud0	239	2	827e1db205c296da
mixed_un1_dp0_ud0	240	85	6b2e328ff147d0ed
mixed_un1_dp0_ud0	241	6	fdf33154b624bab4
mixed_un1_dp0_ud0	242	3	b678894b48c1bf4c
mixed_un1_dp0_ud0	243	84	2e9b89c1a8510c18
mixed_un1_dp0_ud0	244	11	d8ab72979fef05f5
mixed_un1_dp0_ud0	245	214	d6db85e50a28be4c
mixed_un1_dp0_ud0	246	83	d22c884068b97074
mixed_un1_dp0_ud0	247	34	c2a56c040657f155
mixed_un1_dp0_ud0	248	31	90d6b66eb8544d48
mixed_un1_dp0_ud0	249	94	ac49246b3345a8c5
mixed_un1_dp0_ud0	250	12	e17f748a35f4caff
mixed_un1_dp0_ud0	251	220	f394258a0314135d
mixed_un1_dp0_ud0	252	11	a8039fe6e548db35
mixed_un1_dp0_ud0	253	232	d423ad8c40e5ecd3
mixed_un1_dp0_ud0	254	13	410b15dbfb12ea0c
mixed_un1_dp0_ud0	255	3	934d324711f9585b
mixed_un1_dp0_ud0	256	87	aec28c7c6a34e1f0
mixed_un1_dp0_ud0	257	88	348fc8ebe190ff33
mixed_un1_dp0_ud0	258	86	41875883a91078bd
mixed_un1_dp0_ud0	259	212	b90ac2de533f427a
mixed_un1_dp0_ud0	260	31	c208d460ddfee913
mixed_un1_dp0_ud0	261	3	0f1482c8b99467fd
mixed_un1_dp0_ud0	262	92	f5cbc55e8ecc132e
mixed_un1_dp0_ud0	263	3	80cdcdf0586b4285
mixed_un1_dp0_ud0	264	6	c4f7040b337dca80
mixed_un1_dp0_ud0	265	4	69728ad28bee1909
mixed_un1_dp0_ud0	266	96	15d43d05a652e418
mixed_un1_dp0_ud0	267	207	3c89d53119c18041
mixed_un1_dp0_ud0	268	34	987c5c3d40c37d3f
mixed_un1_dp0_ud0	269	85	e5d759ef4379bcaf
mixed_un1_dp0_ud0	270	6	be743daabfe6bd06
mixed_un1_dp0_ud0	271	31	aacf9af1189d236c
mixed_un1_dp0_ud0	272	11	a934979235230b39
mixed_un1_dp0_ud0	273	3	a3eb2bf05c1c2b6f
mixed_un1_dp0_ud0	274	6	f35300b5b096f9bb
mixed_un1_dp0_ud0	275	2	a5a6c52ac89a2e26
mixed_un1_dp0_ud0	276	32	bfbb1eed2f4bf2ff
mixed_un1_dp0_ud0	277	2	bfbaed8002ec6a28
mixed_un1_dp0_ud0	278	209	743fc9813e52449e
mixed_un1_dp0_ud0	279	13	53f87dcf46ee033d
mixed_un1_dp0_ud0	280	6	a7c0a31423ad82d2
mixed_un1_dp0_ud0	281	3	4271405f816e339d
mixed_un1_dp0_ud0	282	7	8747e48584256510
mixed_un1_dp0_ud0	283	11	8fe397d767769f73
mixed_un1_dp0_ud0	284	31	1ec10f5c1aa6e9d6
mixed_un1_dp0_ud0	285	220	9132bc933cd864d5
mixed_un1_dp0_ud0	286	16	ece3cc7d42a202a8
mixed_un1_dp0_ud0	287	3	36ea76d2d4a16446
mixed_un1_dp0_ud0	288	32	b1b87065c681b38b
mixed_un1_dp0_ud0	289	82	8e74e7c3bfa49308
mixed_un1_dp0_ud0	290	11	f3de9b5877ac0d08
mixed_un1_dp0_ud0	291	87	e044af575dd3ff9e
mixed_un1_dp0_ud0	292	2	a0e08f9da8d4ad1f
mixed_un1_dp0_ud0	293	35	3b52ca6c0a280b16
mixed_un1_dp0_ud0	294	2	e92aa8fb21e21ba4
mixed_un1_dp0_ud0	295	3	ffb1d7bc4a7f1eb7
mixed_un1_dp0_ud0	296	36	59f8df02cab937cc
mixed_un1_dp0_ud0	297	6	806b830bfa5ee806
mixed_un1_dp0_ud0	298	11	90ae7599214a3aa3
mixed_un1_dp0_ud0	299	83	ac15b2f39965e787
mixed_un1_dp0_ud0	300	33	ad69c8949f95bc20
mixed_un1_dp0_ud0	301	3	7ee06c10b69c983c
mixed_un1_dp0_ud0	302	2	d86e9b7a0a82223f
mixed_un1_dp0_ud0	303	2	9ffa96ea53f5d65f
mixed_un1_dp0_ud0	304	37	975cd4b93ad3d029
mixed_un1_dp0_ud0	305	212	b9f3b64fa427b1e9
mixed_un1_dp0_ud0	306	11	ae2117fa82e549ab
mixed_un1_dp0_ud0	307	31	259446281e2f3711
mixed_un1_dp0_ud0	308	216	2d2352a679805e1e
mixed_un1_dp0_ud0	309	3	5cfa33958ecdf350
mixed_un1_dp0_ud0	310	209	f513059cbcb4823d
mixed_un1_dp0_ud0	311	3	a9c08f8c8fbe7b7a
mixed_un1_dp0_ud0	312	33	f90c896b90499432
mixed_un1_dp0_ud0	313	221	7dce0218c25ce280
mixed_un1_dp0_ud0	314	214	ba7c434d5bc094d0
mixed_un1_dp0_ud0	315	6	53a180b826eba42b
mixed_un1_dp0_ud0	316	218	c7e1f06ded84d9b9
mixed_un1_dp0_ud0	317	214	9002a72d6ab397cf
mixed_un1_dp0_ud0	318	85	ecf2f5fedd6381fb
mixed_un1_dp0_ud0	319	6	0f3078df9ed71dd0
mixed_un1_dp0_ud0	320	87	1d1327df21caa267
mixed_un1_dp0_ud0	321	7	97458e0ddb328b7e
mixed_un1_dp0_ud0	322	6	c5fc25c3bd920e96
mixed_un1_dp0_ud0	323	6	cd09f11ff3c07725
mixed_un1_dp0_ud0	324	86	3ff8c92a1ea80200
mixed_un1_dp0_ud0	325	224	ecabe1d0c0fe8860
mixed_un1_dp0_ud0	326	11	bcd4183d02cb0563
mixed_un1_dp0_ud0	327	33	ac22437ad428653c
mixed_un1_dp0_ud0	328	11	cde78583cddd1571
mixed_un1_dp0_ud0	329	2	a45aebe53f6c2864
mixed_un1_dp0_ud0	330	213	6696aff9c70e26c9
mixed_un1_dp0_ud0	331	6	d79f642e5e915dcb
mixed_un1_dp0_ud0	332	15	5c50deaab011af05
mixed_un1_dp0_ud0	333	11	b33e1a1c18b0ede6
mixed_un1_dp0_ud0	334	5	dfc986e6dfb303b5
mixed_un1_dp0_ud0	335	34	ad8be1605b6fb289
mixed_un1_dp0_ud0	336	6	e5ac34f092a333c1
mixed_un1_dp0_ud0	337	11	9c427b0c80fa0e0d
mixed_un1_dp0_ud0	338	2	fff507f48f450cc2
mixed_un1_dp0_ud0	339	2	8b28c6538413ee55
mixed_un1_dp0_ud0	340	11	a36e26100de424ca
mixed_un1_dp0_ud0	341	3	e4d8b755b32875ba
mixed_un1_dp0_ud0	342	2	585dc3e49905c661
mixed_un1_dp0_ud0	343	2	28a11183598e5824
mixed_un1_dp0_ud0	344	3	998edbd3e3c0852d
mixed_un1_dp0_ud0	345	31	29948644ef2d7f10
mixed_un1_dp0_ud0	346	6	07b8b47e4f6fde7a
mixed_un1_dp0_ud0	347	15	c7f2af2f943bedb8
mixed_un1_dp0_ud0	348	11	75bf41aeb0677853
mixed_un1_dp0_ud0	349	216	3d46bc4b8761ff83
mixed_un1_dp0_ud0	350	37	9171c5a18b7e9bff
mixed_un1_dp0_ud0	351	216	0888f36915902b0d
mixed_un1_dp0_ud0	352	13	92585ba293a882ee
mixed_un1_dp0_ud0	353	83	bc412a164a073cb2
mixed_un1_dp0_ud0	354	215	c76719c926ee78c8
mixed_un1_dp0_ud0	355	85	5717030b506affbd
mixed_un1_dp0_ud0	356	2	fd20bd056e0c46a4
mixed_un1_dp0_ud0	357	209	f05db0efbae3879a
mixed_un1_dp0_ud0	358	2	32c4420f50182d9b
mixed_un1_dp0_ud0	359	12	7ed4a4babae568f1
mixed_un1_dp0_ud0	360	212	92c2cfb49a8f06cf
mixed_un1_dp0_ud0	361	6	aa7c864b6a779ca9
mixed_un1_dp0_ud0	362	213	edc8458a359b8d17
mixed_un1_dp0_ud0	363	12	6f53465f3ba460ec
mixed_un1_dp0_ud0	364	2	3322804f769107bc
mixed_un1_dp0_ud0	365	84	aabea7efed1d5f72
mixed_un1_dp0_ud0	366	3	76f5bd7c590e252c
mixed_un1_dp0_ud0	367	11	a1214ca1901ff8fa
mixed_un1_dp0_ud0	368	6	19466466f3ca4d66
mixed_un1_dp0_ud0	369	6	1d0076f83333c40d
mixed_un1_dp0_ud0	370	3	4d4c4fd84fe71a4f
mixed_un1_dp0_ud0	371	2	5acc42448f3a7df6
mixed_un1_dp0_ud0	372	31	4b1b0d24a4b4c187
mixed_un1_dp0_ud0	373	36	1f24c1882fb8da0f
mixed_un1_dp0_ud0	374	213	6c2afa3685add6cc
mixed_un1_dp0_ud0	375	221	41367b1c34988219
mixed_un1_dp0_ud0	376	89	e78298a98ec5f6f4
mixed_un1_dp0_ud0	377	2	f23bb38d32758f79
mixed_un1_dp0_ud0	378	84	8b522a8eec424dc8
mixed_un1_dp0_ud0	379	218	7ebb89fab4e33651
mixed_un1_dp0_ud0	380	213	833d42543fd1ef62
mixed_un1_dp0_ud0	381	3	73adcfaf266b2036
mixed_un1_dp0_ud0	382	224	b055a76cad49887f
mixed_un1_dp0_ud0	383	11	e95847f37e4a6332
mixed_un1_dp0_ud0	384	32	3e5154825e97a306
mixed_un1_dp0_ud0	385	37	217e89746f475493
mixed_un1_dp0_ud0	386	6	aab659e9440f4158
mixed_un1_dp0_ud0	387	11	3885576ccdd0e0a3
mixed_un1_dp0_ud0	388	2	164d0711da73b9ac
mixed_un1_dp0_ud0	389	222	b1ff101946731c26
mixed_un1_dp0_ud0	390	91	9ff0cb003bdde2c9
mixed_un1_dp0_ud0	391	11	c2a61aadef1c8e2a
mixed_un1_dp0_ud0	392	2	544186fb653549de
mixed_un1_dp0_ud0	393	84	4b3946d1bdda01b5
mixed_un1_dp0_ud0	394	2	7b54cc189836e996
mixed_un1_dp0_ud0	395	11	182ad94d63779fc4
mixed_un1_dp0_ud0	396	32	18bb4e74426ca971
mixed_un1_dp0_ud0	397	3	8ca2f83ef350d7dc
mixed_un1_dp0_ud0	398	3	341f85f6c394ebae
mixed_un1_dp0_ud0	399	84	9dd741a3bac13c9d
mixed_un1_dp0_ud1	0	212	278f865ad523b3c4
mixed_un1_dp0_ud1	1	3	a4a8d635a6bd3203
mixed_un1_dp0_ud1	2	214	1bcf6c09ea9f9f15
mixed_un1_dp0_ud1	3	2	71f056e10d51d81c
mixed_un1_dp0_ud1	4	81	abde5f585ead28be
mixed_un1_dp0_ud1	5	12	7aec5b8be84251b2
mixed_un1_dp0_ud1	6	2	3a25daa9a10d2b61
mixed_un1_dp0_ud1	7	87	07f442f3689d3681
mixed_un1_dp0_ud1	8	6	13373bfed69b2900
mixed_un1_dp0_ud1	9	3	b8460e03e7562a1c
mixed_un1_dp0_ud1	10	225	cf7542c5b4260bd6
mixed_un1_dp0_ud1	11	11	3009acb7631564c1
mixed_un1_dp0_ud1	12	2	1e4531718b24dcf3
mixed_un1_dp0_ud1	13	11	61ee04df7934d68b
mixed_un1_dp0_ud1	14	31	d520f3f96db664fa
mixed_un1_dp0_ud1	15	210	90367fb25944b6ef
mixed_un1_dp0_ud1	16	9	33d4c579ad6b1a1c
mixed_un1_dp0_ud1	17	2	d430f30042c94162
mixed_un1_dp0_ud1	18	6	e6929c729e10c6b7
mixed_un1_dp0_ud1	19	91	cfd309bf3011c680
mixed_un1_dp0_ud1	20	220	151aca0248c8a3fc
mixed_un1_dp0_ud1	21	37	54f3573eb9cb9215
mixed_un1_dp0_ud1	22	31	7903520fc8ec3866
mixed_un1_dp0_ud1	23	6	436d3b0e0b025c2e
mixed_un1_dp0_ud1	24	32	c7bb24f37571598b
mixed_un1_dp0_ud1	25	6	815b9c2fb7525529
mixed_un1_dp0_ud1	26	211	1877a89e427335c1
mixed_un1_dp0_ud1	27	2	251a16df712d4096
mixed_un1_dp0_ud1	28	214	4e37149e7fb9ca58
mixed_un1_dp0_ud1	29	32	6c4a76140798f54c
mixed_un1_dp0_ud1	30	11	ecfb19352ff24ca7
mixed_un1_dp0_ud1	31	6	7ac2f41f9d1bc11f
mixed_un1_dp0_ud1	32	11	0a52a3d404acfc8a
mixed_un1_dp0_ud1	33	6	8f858bf68b375ee6
mixed_un1_dp0_ud1	34	95	472619edd8eec6d2
mixed_un1_dp0_ud1	35	213	59293a20bc9290b5
mixed_un1_dp0_ud1	36	2	bdf75673c2b7b9af
mixed_un1_dp0_ud1	37	34	bb4da86926d4d2ce
mixed_un1_dp0_ud1	38	32	de7383aaddf8f5da
mixed_un1_dp0_ud1	39	84	2415c4fb338b7d63
mixed_un1_dp0_ud1	40	3	9bf9d5567f90a850
mixed_un1_dp0_ud1	41	3	2d6da186be3f4591
mixed_un1_dp0_ud1	42	31	8a8a71cf22a27844
mixed_un1_dp0_ud1	43	6	1f02078b6bde6906
mixed_un1_dp0_ud1	44	32	426950c06eaee291
mixed_un1_dp0_ud1	45	3	1504117fb2aa7b3b
mixed_un1_dp0_ud1	46	81	02ca245c9e3207ec
mixed_un1_dp0_ud1	47	12	3bed518d062e7f7b
mixed_un1_dp0_ud1	48	82	cf877be61f308c00
mixed_un1_dp0_ud1	49	3	ace4d14f90e4b1c6
mixed_un1_dp0_ud1	50	88	b284cc28708a7ee6
mixed_un1_dp0_ud1	51	2	3b3ad4084fecb045
mixed_un1_dp0_ud1	52	6	03360de26eb444b4
mixed_un1_dp0_ud1	53	38	25df0f57c73b421c
mixed_un1_dp0_ud1	54	33	9806bdec573d6ba0
mixed_un1_dp0_ud1	55	2	36161c1323171749
mixed_un1_dp0_ud1	56	2	ceea2d1dad1faae2
mixed_un1_dp0_ud1	57	6	0bc283e63a66db5e
mixed_un1_dp0_ud1	58	101	a8c45051822747dd
mixed_un1_dp0_ud1	59	30	9417dda02379241e
mixed_un1_dp0_ud1	60	87	bb5fd779e26a4ae9
mixed_un1_dp0_ud1	61	3	e3fd35e5176c5025
mixed_un1_dp0_ud1	62	216	f5367425cd97bb14
mixed_un1_dp0_ud1	63	216	b0e0a48714e3fd83
mixed_un1_dp0_ud1	64	31	9047283a59688100
mixed_un1_dp0_ud1	65	31	b0c6e8025eed5b5f
mixed_un1_dp0_ud1	66	6	5e52bad3bf5624bd
mixed_un1_dp0_ud1	67	2	b6ebb98793bef7b4
mixed_un1_dp0_ud1	68	14	029eb6549942af34
mixed_un1_dp0_ud1	69	213	42292f3d396628bc
mixed_un1_dp0_ud1	70	2	c4ed1c872a344364
mixed_un1_dp0_ud1	71	2	64b540c0f13a4416
mixed_un1_dp0_ud1	72	3	97a76c55286e5b2b
mixed_un1_dp0_ud1	73	11	c6e800dcc10a6150
mixed_un1_dp0_ud1	74	209	997b45b50f73fd8d
mixed_un1_dp0_ud1	75	33	ebe5fc1f0bf28ede
mixed_un1_dp0_ud1	76	30	aa72037b7a775ccc
mixed_un1_dp0_ud1	77	31	7dc3f896105cf59a
mixed_un1_dp0_ud1	78	222	7f3165191dcd733b
mixed_un1_dp0_ud1	79	11	3c10e47bbaa2eaee
mixed_un1_dp0_ud1	80	86	d84df923f709ed31
mixed_un1_dp0_ud1	81	6	285419f8cce53156
mixed_un1_dp0_ud1	82	82	6e9e602d1f3fada7
mixed_un1_dp0_ud1	83	222	6dd6df955fadc10f
mixed_un1_dp0_ud1	84	232	9b5f6109dccffcde
mixed_un1_dp0_ud1	85	86	c839110de8e35cf9
mixed_un1_dp0_ud1	86	3	a675fdb04c9bb1c9
mixed_un1_dp0_ud1	87	2	1b171a1f9329a579
mixed_un1_dp0_ud1	88	2	06d064a5b6119cec
mixed_un1_dp0_ud1	89	3	9d82ab23bf0420ee
mixed_un1_dp0_ud1	90	3	9b1758722127abcf
mixed_un1_dp0_ud1	91	4	48eb61554ebd943a
mixed_un1_dp0_ud1	92	11	80c171d04d755565
mixed_un1_dp0_ud1	93	3	e1862e7d53e78bad
mixed_un1_dp0_ud1	94	31	fd605d7b4be86a12
mixed_un1_dp0_ud1	95	2	5507e3ef2d1f9c0a
mixed_un1_dp0_ud1	96	3	567142b0bd1ecae2
mixed_un1_dp0_ud1	97	32	52a19bae8d80bbda
mixed_un1_dp0_ud1	98	11	c1c16e94e25be3ed
mixed_un1_dp0_ud1	99	86	3e8c0489121078b3
mixed_un1_dp0_ud1	100	31	5708a32fc4eddf24
mixed_un1_dp0_ud1	101	82	b2542ff6666da27b
mixed_un1_dp0_ud1	102	2	2b77f36acc401545
mixed_un1_dp0_ud1	103	6	67cc864fd283d0d5
mixed_un1_dp0_ud1	104	3	eacfe96e26f6497a
mixed_un1_dp0_ud1	105	215	eb6ce3f0404d1a46
mixed_un1_dp0_ud1	106	2	9550a3e580e246e7
mixed_un1_dp0_ud1	107	2	111a8c670f1b7eb3
mixed_un1_dp0_ud1	108	3	c3b3f33960192937
mixed_un1_dp0_ud1	109	33	3c4b5656f45f64ef
mixed_un1_dp0_ud1	110	2	56f2119843262bd8
mixed_un1_dp0_ud1	111	2	d756fbc0a19f6f57
mixed_un1_dp0_ud1	112	2	5d3ba4edb71b9695
mixed_un1_dp0_ud1	113	211	68ba6e6b1f4452a0
mixed_un1_dp0_ud1	114	221	1230b7d36ef92a6f
mixed_un1_dp0_ud1	115	36	c75c2d03ba4e22f9
mixed_un1_dp0_ud1	116	11	4bc1adf433acad4d
mixed_un1_dp0_ud1	117	3	3e4e83fe9cab5783
mixed_un1_dp0_ud1	118	6	b0c6fe00bfb47b14
mixed_un1_dp0_ud1	119	211	3e67280f21892feb
mixed_un1_dp0_ud1	120	6	354ec8f0f001b56b
mixed_un1_dp0_ud1	121	9	f42c596cb9b92eff
mixed_un1_dp0_ud1	122	6	22dffe9389bf5b6c
mixed_un1_dp0_ud1	123	2	ef5225248d173fa3
mixed_un1_dp0_ud1	124	3	134005e152d45e38
mixed_un1_dp0_ud1	125	2	05f1cdd391b2c50d
mixed_un1_dp0_ud1	126	14	d1505bd7aed88d40
mixed_un1_dp0_ud1	127	11	05566680a9ca2e41
mixed_un1_dp0_ud1	128	2	63088dade7e2c78b
mixed_un1_dp0_ud1	129	213	023a4f8b781193d5
mixed_un1_dp0_ud1	130	89	805312e7ec489289
mixed_un1_dp0_ud1	131	210	be8f0a9978b51ebf
mixed_un1_dp0_ud1	132	2	772dfa30393969bd
mixed_un1_dp0_ud1	133	3	57a7d8f297502b08
mixed_un1_dp0_ud1	134	6	a9a82c80687fed98
mixed_un1_dp0_ud1	135	2	941e09cb949631cf
mixed_un1_dp0_ud1	136	33	9b8b192d37b15da6
mixed_un1_dp0_ud1	137	3	7e500d3ae150eb93
mixed_un1_dp0_ud1	138	2	d9ad519b8157fdde
mixed_un1_dp0_ud1	139	85	c7c2747e520d7cf4
mixed_un1_dp0_ud1	140	11	3f9d06880884f508
mixed_un1_dp0_ud1	141	3	68e7a3506a58ef5e
mixed_un1_dp0_ud1	142	3	3322d0766ce929ad
mixed_un1_dp0_ud1	143	2	298a89e57461e50c
mixed_un1_dp0_ud1	144	3	ea270ba25ca85221
mixed_un1_dp0_ud1	145	209	adb393212ef71c5c
mixed_un1_dp0_ud1	146	11	7efd9b3547914970
mixed_un1_dp0_ud1	147	14	1e19e73f873dfa61
mixed_un1_dp0_ud1	148	31	049643302847c7ac
mixed_un1_dp0_ud1	149	3	7e08f46c96d06662
mixed_un1_dp0_ud1	150	11	45b7c84a98e8a4e8
mixed_un1_dp0_ud1	151	11	8d0f6842c70974bf
mixed_un1_dp0_ud1	152	225	a7cd37124c4d767e
mixed_un1_dp0_ud1	153	211	2d2fab92f48aa621
mixed_un1_dp0_ud1	154	82	ffc0125b87d29df7
mixed_un1_dp0_ud1	155	6	1394d9a26584762f
mixed_un1_dp0_ud1	156	12	32ca6b71ae8c9ebd
mixed_un1_dp0_ud1	157	3	84ff130cb727e9ef
mixed_un1_dp0_ud1	158	81	2f716691dfa9c669
mixed_un1_dp0_ud1	159	3	4c6caabc6fb12605
mixed_un1_dp0_ud1	160	2	f0cfc8cbf5d9d664
mixed_un1_dp0_ud1	161	93	f641512b77983453
mixed_un1_dp0_ud1	162	210	4e8110dbbe5f5bc4
mixed_un1_dp0_ud1	163	212	099030d439406ed1
mixed_un1_dp0_ud1	164	6	483504a5e4303754
mixed_un1_dp0_ud1	165	85	39c4e7f32b778a90
mixed_un1_dp0_ud1	166	88	e7c25450832a9a44
mixed_un1_dp0_ud1	167	6	520857c186fa18ed
mixed_un1_dp0_ud1	168	6	b6a5da9829977912
mixed_un1_dp0_ud1	169	3	49db5b357d7c0ad4
mixed_un1_dp0_ud1	170	11	cd860637f0807607
mixed_un1_dp0_ud1	171	3	b7721d95e9b24aca
mixed_un1_dp0_ud1	172	2	8c8ae7020cbb4c49
mixed_un1_dp0_ud1	173	91	ab84b3121891e043
mixed_un1_dp0_ud1	174	34	249d57260c31ae54
mixed_un1_dp0_ud1	175	31	18bf30f9946b9ad3
mixed_un1_dp0_ud1	176	3	ac1715977e982a17
mixed_un1_dp0_ud1	177	3	9704eacc8671e534
mixed_un1_dp0_ud1	178	204	77671c0390e4877b
mixed_un1_dp0_ud1	179	32	254db62d84cfbec7
mixed_un1_dp0_ud1	180	3	a4f2be37f17ecd20
mixed_un1_dp0_ud1	181	9	28288d6914289a37
mixed_un1_dp0_ud1	182	2	8e49ea15371e1c8f
mixed_un1_dp0_ud1	183	11	8321d16715cd44c5
mixed_un1_dp0_ud1	184	34	109185791b38f4ba
mixed_un1_dp0_ud1	185	6	d5b7a887b93f872d
mixed_un1_dp0_ud1	186	6	e6929bccd0fff5a7
mixed_un1_dp0_ud1	187	11	f976fbd37521ba3f
mixed_un1_dp0_ud1	188	6	f97a28d5f8ed7ab3
mixed_un1_dp0_ud1	189	10	be4c5cf839d0bf83
mixed_un1_dp0_ud1	190	6	2a03604c07ada8b2
mixed_un1_dp0_ud1	191	2	ed6b2cfae63a523f
mixed_un1_dp0_ud1	192	2	43c05b7ef01c7494
mixed_un1_dp0_ud1	193	2	58c45d16565eb0d0
mixed_un1_dp0_ud1	194	11	599f46800c949268
mixed_un1_dp0_ud1	195	13	9281923694dbdd87
mixed_un1_dp0_ud1	196	35	a6ef14c369eb4d4a
mixed_un1_dp0_ud1	197	81	0b8283b0f179827a
mixed_un1_dp0_ud1	198	215	a0a904d32a7d86e5
mixed_un1_dp0_ud1	199	84	e38d7a27021ce87d
mixed_un1_dp0_ud1	200	34	a5e5b2a1647471c9
mixed_un1_dp0_ud1	201	99	83e9b566047c6141
mixed_un1_dp0_ud1	202	32	97088c6c3062dcf0
mixed_un1_dp0_ud1	203	213	671df1dbb60c0399
mixed_un1_dp0_ud1	204	211	916a99b6cb37c53b
mixed_un1_dp0_ud1	205	81	1ae188e3e167f0c3
mixed_un1_dp0_ud1	206	3	8961c43dbfc500cc
mixed_un1_dp0_ud1	207	2	03bd747c6229706a
mixed_un1_dp0_ud1	208	41	2d27bd5ea9df3c58
mixed_un1_dp0_ud1	209	11	b80a8741b42045dd
mixed_un1_dp0_ud1	210	204	2ea109ebe7c0626f
mixed_un1_dp0_ud1	211	90	028ce2e90a83b1de
mixed_un1_dp0_ud1	212	6	ec2567031cc6487a
mixed_un1_dp0_ud1	213	11	947a291a6f11b6f9
mixed_un1_dp0_ud1	214	87	4a57e3253f925ebe
mixed_un1_dp0_ud1	215	3	a72adc3383340d17
mixed_un1_dp0_ud1	216	3	f0a307edf1c68b8e
mixed_un1_dp0_ud1	217	214	7625f5c01269edc1
mixed_un1_dp0_ud1	218	3	4b0a23e872d8aa56
mixed_un1_dp0_ud1	219	35	18528ef5c9ae0231
mixed_un1_dp0_ud1	220	92	c55432d999c44d7e
mixed_un1_dp0_ud1	221	39	53c7658fb4dbfa74
mixed_un1_dp0_ud1	222	213	ba54f72cb57467ed
mixed_un1_dp0_ud1	223	2	68416f9a82cbadaa
mixed_un1_dp0_ud1	224	81	e5a1729f54544fbb
mixed_un1_dp0_ud1	225	208	d00f0838abfa6488
mixed_un1_dp0_ud1	226	37	b0665cbc76c2c06e
mixed_un1_dp0_ud1	227	220	1fdf0a11edf0f8c4
mixed_un1_dp0_ud1	228	2	9766b38daae9dfd5
mixed_un1_dp0_ud1	229	12	f3d8d76004918bc5
mixed_un1_dp0_ud1	230	84	ef61ab35f49ebc03
mixed_un1_dp0_ud1	231	3	5940c7ed5f050a32
mixed_un1_dp0_ud1	232	6	0165826166f1b11a
mixed_un1_dp0_ud1	233	6	4b3e03d41cc833b5
mixed_un1_dp0_ud1	234	31	9a1bc2d7d243ccb6
mixed_un1_dp0_ud1	235	6	b94af4ed94866980
mixed_un1_dp0_ud1	236	6	34bd5dae9eea5b43
mixed_un1_dp0_ud1	237	6	dc306328376a25ec
mixed_un1_dp0_ud1	238	217	a1852d423e9e88fc
mixed_un1_dp0_ud1	239	2	827e1db205c296da
mixed_un1_dp0_ud1	240	85	6b2e328ff147d0ed
mixed_un1_dp0_ud1	241	6	fdf33154b624bab4
mixed_un1_dp0_ud1	242	3	b678894b48c1bf4c
mixed_un1_dp0_ud1	243	84	2e9b89c1a8510c18
mixed_un1_dp0_ud1	244	11	d8ab72979fef05f5
mixed_un1_dp0_ud1	245	215	9ec3f90eada7c4f9
mixed_un1_dp0_ud1	246	83	a0fb68d47bead375
mixed_un1_dp0_ud1	247	34	c2a56c040657f155
mixed_un1_dp0_ud1	248	31	90d6b66eb8544d48
mixed_un1_dp0_ud1	249	94	ac49246b3345a8c5
mixed_un1_dp0_ud1	250	12	e17f748a35f4caff
mixed_un1_dp0_ud1	251	220	beb066ce918f5969
mixed_un1_dp0_ud1	252	11	a8039fe6e548db35
mixed_un1_dp0_ud1	253	230	64691ff3c59dc102
mixed_un1_dp0_ud1	254	13	410b15dbfb12ea0c
mixed_un1_dp0_ud1	255	3	934d324711f9585b
mixed_un1_dp0_ud1	256	87	aec28c7c6a34e1f0
mixed_un1_dp0_ud1	257	88	348fc8ebe190ff33
mixed_un1_dp0_ud1	258	86	41875883a91078bd
mixed_un1_dp0_ud1	259	212	b90ac2de533f427a
mixed_un1_dp0_ud1	260	31	c208d460ddfee913
mixed_un1_dp0_ud1	261	3	0f1482c8b99467fd
mixed_un1_dp0_ud1	262	92	dae3f37e4586ee85
mixed_un1_dp0_ud1	263	3	80cdcdf0586b4285
mixed_un1_dp0_ud1	264	6	c4f7040b337dca80
mixed_un1_dp0_ud1	265	2	f860f25b5dfae3df
mixed_un1_dp0_ud1	266	96	b16458e81c021d5f
mixed_un1_dp0_ud1	267	208	2cade2f2644b249b
mixed_un1_dp0_ud1	268	34	987c5c3d40c37d3f
mixed_un1_dp0_ud1	269	85	e5d759ef4379bcaf
mixed_un1_dp0_ud1	270	6	be743daabfe6bd06
mixed_un1_dp0_ud1	271	31	aacf9af1189d236c
mixed_un1_dp0_ud1	272	11	a934979235230b39
mixed_un1_dp0_ud1	273	3	a3eb2bf05c1c2b6f
mixed_un1_dp0_ud1	274	6	f35300b5b096f9bb
mixed_un1_dp0_ud1	275	2	a5a6c52ac89a2e26
mixed_un1_dp0_ud1	276	32	bfbb1eed2f4bf2ff
mixed_un1_dp0_ud1	277	2	bfbaed8002ec6a28
mixed_un1_dp0_ud1	278	209	743fc9813e52449e
mixed_un1_dp0_ud1	279	11	9e54864ce03a2359
mixed_un1_dp0_ud1	280	6	a7c0a31423ad82d2
mixed_un1_dp0_ud1	281	3	4271405f816e339d
mixed_un1_dp0_ud1	282	7	8747e48584256510
mixed_un1_dp0_ud1	283	11	8fe397d767769f73
mixed_un1_dp0_ud1	284	31	1ec10f5c1aa6e9d6
mixed_un1_dp0_ud1	285	221	41885d24978649ee
mixed_un1_dp0_ud1	286	16	ece3cc7d42a202a8
mixed_un1_dp0_ud1	287	3	36ea76d2d4a16446
mixed_un1_dp0_ud1	288	32	b1b87065c681b38b
mixed_un1_dp0_ud1	289	82	8e74e7c3bfa49308
mixed_un1_dp0_ud1	290	11	f3de9b5877ac0d08
mixed_un1_dp0_ud1	291	87	e044af575dd3ff9e
mixed_un1_dp0_ud1	292	2	a0e08f9da8d4ad1f
mixed_un1_dp0_ud1	293	35	3b52ca6c0a280b16
mixed_un1_dp0_ud1	294	2	e92aa8fb21e21ba4
mixed_un1_dp0_ud1	295	4	207f0800c75ad8c0
mixed_un1_dp0_ud1	296	36	59f8df02cab937cc
mixed_un1_dp0_ud1	297	6	806b830bfa5ee806
mixed_un1_dp0_ud1	298	11	90ae7599214a3aa3
mixed_un1_dp0_ud1	299	83	ac15b2f39965e787
mixed_un1_dp0_ud1	300	31	34c706a48d97ae56
mixed_un1_dp0_ud1	301	3	7ee06c10b69c983c
mixed_un1_dp0_ud1	302	2	d86e9b7a0a82223f
mixed_un1_dp0_ud1	303	2	9ffa96ea53f5d65f
mixed_un1_dp0_ud1	304	37	975cd4b93ad3d029
mixed_un1_dp0_ud1	305	212	b9f3b64fa427b1e9
mixed_un1_dp0_ud1	306	11	ae2117fa82e549ab
mixed_un1_dp0_ud1	307	31	259446281e2f3711
mixed_un1_dp0_ud1	308	214	f3d4e6512295dbe5
mixed_un1_dp0_ud1	309	3	5cfa33958ecdf350
mixed_un1_dp0_ud1	310	209	f513059cbcb4823d
mixed_un1_dp0_ud1	311	3	a9c08f8c8fbe7b7a
mixed_un1_dp0_ud1	312	31	25b783e7c1e0dcb6
mixed_un1_dp0_ud1	313	219	08b5b592d110d080
mixed_un1_dp0_ud1	314	215	1d8379f4b989c380
mixed_un1_dp0_ud1	315	6	53a180b826eba42b
mixed_un1_dp0_ud1	316	218	c7e1f06ded84d9b9
mixed_un1_dp0_ud1	317	216	063b9ade8641f2b9
mixed_un1_dp0_ud1	318	85	ecf2f5fedd6381fb
mixed_un1_dp0_ud1	319	6	0f3078df9ed71dd0
mixed_un1_dp0_ud1	320	85	2a960a0d951debf8
mixed_un1_dp0_ud1	321	7	97458e0ddb328b7e
mixed_un1_dp0_ud1	322	6	c5fc25c3bd920e96
mixed_un1_dp0_ud1	323	6	cd09f11ff3c07725
mixed_un1_dp0_ud1	324	86	3ff8c92a1ea80200
mixed_un1_dp0_ud1	325	224	ecabe1d0c0fe8860
mixed_un1_dp0_ud1	326	11	bcd4183d02cb0563
mixed_un1_dp0_ud1	327	31	1f5068ae6f582440
mixed_un1_dp0_ud1	328	11	cde78583cddd1571
mixed_un1_dp0_ud1	329	2	a45aebe53f6c2864
mixed_un1_dp0_ud1	330	214	799fd7bcd2e34f31
mixed_un1_dp0_ud1	331	6	d79f642e5e915dcb
mixed_un1_dp0_ud1	332	15	5c50deaab011af05
mixed_un1_dp0_ud1	333	11	b33e1a1c18b0ede6
mixed_un1_dp0_ud1	334	5	dfc986e6dfb303b5
mixed_un1_dp0_ud1	335	34	ad8be1605b6fb289
mixed_un1_dp0_ud1	336	6	e5ac34f092a333c1
mixed_un1_dp0_ud1	337	11	9c427b0c80fa0e0d
mixed_un1_dp0_ud1	338	2	fff507f48f450cc2
mixed_un1_dp0_ud1	339	2	8b28c6538413ee55
mixed_un1_dp0_ud1	340	11	a36e26100de424ca
mixed_un1_dp0_ud1	341	3	e4d8b755b32875ba
mixed_un1_dp0_ud1	342	2	585dc3e49905c661
mixed_un1_dp0_ud1	343	2	28a11183598e5824
mixed_un1_dp0_ud1	344	3	998edbd3e3c0852d
mixed_un1_dp0_ud1	345	31	29948644ef2d7f10
mixed_un1_dp0_ud1	346	6	07b8b47e4f6fde7a
mixed_un1_dp0_ud1	347	15	c7f2af2f943bedb8
mixed_un1_dp0_ud1	348	11	75bf41aeb0677853
mixed_un1_dp0_ud1	349	216	3d46bc4b8761ff83
mixed_un1_dp0_ud1	350	37	9171c5a18b7e9bff
mixed_un1_dp0_ud1	351	214	b2031950db5c8a8c
mixed_un1_dp0_ud1	352	11	a1c30839a1c2a2d2
mixed_un1_dp0_ud1	353	83	bc412a164a073cb2
mixed_un1_dp0_ud1	354	215	c76719c926ee78c8
mixed_un1_dp0_ud1	355	85	5717030b506affbd
mixed_un1_dp0_ud1	356	2	fd20bd056e0c46a4
mixed_un1_dp0_ud1	357	207	f840e9b8dda3e418
mixed_un1_dp0_ud1	358	2	32c4420f50182d9b
mixed_un1_dp0_ud1	359	12	7ed4a4babae568f1
mixed_un1_dp0_ud1	360	212	92c2cfb49a8f06cf
mixed_un1_dp0_ud1	361	6	aa7c864b6a779ca9
mixed_un1_dp0_ud1	362	211	44a3ff87e63f09af
mixed_un1_dp0_ud1	363	12	6f53465f3ba460ec
mixed_un1_dp0_ud1	364	2	3322804f769107bc
mixed_un1_dp0_ud1	365	84	aabea7efed1d5f72
mixed_un1_dp0_ud1	366	3	76f5bd7c590e252c
mixed_un1_dp0_ud1	367	11	a1214ca1901ff8fa
mixed_un1_dp0_ud1	368	6	19466466f3ca4d66
mixed_un1_dp0_ud1	369	6	1d0076f83333c40d
mixed_un1_dp0_ud1	370	3	4d4c4fd84fe71a4f
mixed_un1_dp0_ud1	371	2	5acc42448f3a7df6
mixed_un1_dp0_ud1	372	31	4b1b0d24a4b4c187
mixed_un1_dp0_ud1	373	34	3933c5e9fd6b45f5
mixed_un1_dp0_ud1	374	213	6c2afa3685add6cc
mixed_un1_dp0_ud1	375	221	41367b1c34988219
mixed_un1_dp0_ud1	376	89	5b63da7d08c96b8d
mixed_un1_dp0_ud1	377	2	f23bb38d32758f79
mixed_un1_dp0_ud1	378	84	8b522a8eec424dc8
mixed_un1_dp0_ud1	379	218	a0485bf7a7879278
mixed_un1_dp0_ud1	380	214	c2e73925a616d045
mixed_un1_dp0_ud1	381	3	73adcfaf266b2036
mixed_un1_dp0_ud1	382	224	b055a76cad49887f
mixed_un1_dp0_ud1	383	11	e95847f37e4a6332
mixed_un1_dp0_ud1	384	32	3e5154825e97a306
mixed_un1_dp0_ud1	385	37	217e89746f475493
mixed_un1_dp0_ud1	386	6	aab659e9440f4158
mixed_un1_dp0_ud1	387	11	3885576ccdd0e0a3
mixed_un1_dp0_ud1	388	2	164d0711da73b9ac
mixed_un1_dp0_ud1	389	220	54330aa86f4e9351
mixed_un1_dp0_ud1	390	91	9ff0cb003bdde2c9
mixed_un1_dp0_ud1	391	11	c2a61aadef1c8e2a
mixed_un1_dp0_ud1	392	2	544186fb653549de
mixed_un1_dp0_ud1	393	84	4b3946d1bdda01b5
mixed_un1_dp0_ud1	394	2	7b54cc189836e996
mixed_un1_dp0_ud1	395	11	182ad94d63779fc4
mixed_un1_dp0_ud1	396	32	18bb4e74426ca971
mixed_un1_dp0_ud1	397	3	8ca2f83ef350d7dc
mixed_un1_dp0_ud1	398	3	341f85f6c394ebae
mixed_un1_dp0_ud1	399	84	9dd741a3bac13c9d
