fq	int(i)	hits	71 9:421c0000,57:42180000,63:42180000,13:42140000,54:42140000,14:42100000,38:42100000,61:42100000,79:42040000,1:42000000,21:42000000,78:42000000,2:41e80000,16:41e80000,55:41e00000,77:41e00000,72:41d80000,36:41d00000,52:41d00000,35:41c80000,42:41c00000,12:41b80000,49:41b80000,6:41a80000,29:41a80000,48:41a00000,24:41880000,30:41880000,22:41800000,41:41800000,74:41800000,37:41700000,27:41600000,5:41400000,20:41400000,44:41400000,3:41200000,65:41200000,28:41100000,31:41000000,46:41000000,76:41000000,7:40c00000,33:40c00000,4:40a00000,15:40800000,17:40400000,68:40400000,0:0,8:0,10:0,11:0,18:0,19:0,23:0,25:0,26:0,39:0,45:0,47:0,50:0,51:0,58:0,60:0,62:0,64:0,69:0,70:0,71:0,73:0,75:0,
fq	int(i)	explain 0	0.0 = FunctionQuery(int(i)), product of:\n  0.0 = int(i)=0\n  1.0 = boost\n
fq	int(i)	explain 7	6.0 = FunctionQuery(int(i)), product of:\n  6.0 = int(i)=6\n  1.0 = boost\n
fq	int(i)	explain 29	21.0 = FunctionQuery(int(i)), product of:\n  21.0 = int(i)=21\n  1.0 = boost\n
fq	int(i)	explain 61	36.0 = FunctionQuery(int(i)), product of:\n  36.0 = int(i)=36\n  1.0 = boost\n
fqboost	int(i)	hits	71 9:42c30000,57:42be0000,63:42be0000,13:42b90000,54:42b90000,14:42b40000,38:42b40000,61:42b40000,79:42a50000,1:42a00000,21:42a00000,78:42a00000,2:42910000,16:42910000,55:428c0000,77:428c0000,72:42870000,36:42820000,52:42820000,35:427a0000,42:42700000,12:42660000,49:42660000,6:42520000,29:42520000,48:42480000,24:422a0000,30:422a0000,22:42200000,41:42200000,74:42200000,37:42160000,27:420c0000,5:41f00000,20:41f00000,44:41f00000,3:41c80000,65:41c80000,28:41b40000,31:41a00000,46:41a00000,76:41a00000,7:41700000,33:41700000,4:41480000,15:41200000,17:40f00000,68:40f00000,0:0,8:0,10:0,11:0,18:0,19:0,23:0,25:0,26:0,39:0,45:0,47:0,50:0,51:0,58:0,60:0,62:0,64:0,69:0,70:0,71:0,73:0,75:0,
fqboost	int(i)	explain 0	0.0 = FunctionQuery(int(i)), product of:\n  0.0 = int(i)=0\n  2.5 = boost\n
fqboost	int(i)	explain 7	15.0 = FunctionQuery(int(i)), product of:\n  6.0 = int(i)=6\n  2.5 = boost\n
fqboost	int(i)	explain 29	52.5 = FunctionQuery(int(i)), product of:\n  21.0 = int(i)=21\n  2.5 = boost\n
fqboost	int(i)	explain 61	90.0 = FunctionQuery(int(i)), product of:\n  36.0 = int(i)=36\n  2.5 = boost\n
fqbool	int(i)	hits	38 9:421decab,13:42152f03,14:4211a420,38:42115820,61:42115303,1:4200f9ee,2:41eb62d8,55:41e2dc6a,77:41e2dc6a,72:41d9cb9a,52:41d3795c,36:41d1cb9a,35:41ca5e06,42:41c30ea3,49:41bb795c,6:41ab0172,48:41a3c484,24:418ab03f,30:418aa607,41:4183795c,22:418223d8,5:41439734,65:412602e4,28:411447b0,31:41078908,76:4103e7b7,7:40ca981a,68:4059c88a,50:3eff864a,45:3ee444c4,39:3ec05c76,70:3eb71a68,0:3eac0fcf,75:3ea981a2,8:3e978177,18:3e978177,73:3e79edda,71:3e65ccf4,
fqbool	int(i)	explain 0	0.3360581 = sum of:\n  0.3360581 = weight(body:red in 0) [BM25Similarity], result of:\n    0.3360581 = score(freq=2.0), computed as boost * idf * tf from:\n      0.6687557 = idf, computed as log(1 + (N - n + 0.5) / (n + 0.5)) from:\n        41 = n, number of documents containing term\n        80 = N, total number of documents with field\n      0.5025125 = tf, computed as freq / (freq + k1 * (1 - b + b * dl / avgdl)) from:\n        2.0 = freq, occurrences of term within document\n        1.2 = k1, term saturation parameter\n        0.75 = b, length normalization parameter\n        7.0 = dl, length of field\n        3.75 = avgdl, average length of field\n  0.0 = FunctionQuery(int(i)), product of:\n    0.0 = int(i)=0\n    1.0 = boost\n
fqbool	int(i)	explain 7	6.331067 = sum of:\n  0.33106714 = weight(body:red in 7) [BM25Similarity], result of:\n    0.33106714 = score(freq=1.0), computed as boost * idf * tf from:\n      0.6687557 = idf, computed as log(1 + (N - n + 0.5) / (n + 0.5)) from:\n        41 = n, number of documents containing term\n        80 = N, total number of documents with field\n      0.49504948 = tf, computed as freq / (freq + k1 * (1 - b + b * dl / avgdl)) from:\n        1.0 = freq, occurrences of term within document\n        1.2 = k1, term saturation parameter\n        0.75 = b, length normalization parameter\n        3.0 = dl, length of field\n        3.75 = avgdl, average length of field\n  6.0 = FunctionQuery(int(i)), product of:\n    6.0 = int(i)=6\n    1.0 = boost\n
fqbool	int(i)	explain 29	0.0 = Failure to meet condition(s) of required/prohibited clause(s)\n  0.0 = no match on required clause (body:red)\n    0.0 = no matching term\n  21.0 = FunctionQuery(int(i)), product of:\n    21.0 = int(i)=21\n    1.0 = boost\n
fqbool	int(i)	explain 61	36.331066 = sum of:\n  0.33106714 = weight(body:red in 15) [BM25Similarity], result of:\n    0.33106714 = score(freq=1.0), computed as boost * idf * tf from:\n      0.6687557 = idf, computed as log(1 + (N - n + 0.5) / (n + 0.5)) from:\n        41 = n, number of documents containing term\n        80 = N, total number of documents with field\n      0.49504948 = tf, computed as freq / (freq + k1 * (1 - b + b * dl / avgdl)) from:\n        1.0 = freq, occurrences of term within document\n        1.2 = k1, term saturation parameter\n        0.75 = b, length normalization parameter\n        3.0 = dl, length of field\n        3.75 = avgdl, average length of field\n  36.0 = FunctionQuery(int(i)), product of:\n    36.0 = int(i)=36\n    1.0 = boost\n
fq	float(f)	hits	71 2:7f800000,4:7f800000,14:7f800000,51:418eb934,61:418a8362,38:4185d699,3:41810f50,5:41787d19,16:4176658b,13:41765c7b,79:4174b1e7,73:41720928,68:4169f6e8,30:4168bf74,18:41686ce0,71:41677f45,58:41611d75,1:415d7a43,64:4159a658,35:415815fb,55:41508ee3,12:4144ff51,31:4143ef77,23:414236e4,6:4134ada0,29:412d801a,37:4129e981,33:411088ba,60:410b271f,20:40fe0bb6,22:40f46acc,36:40ee15e1,46:40dd880e,78:40b3d466,19:40b28c05,63:40b1d765,42:40aa5101,17:409d3cef,62:408c778c,45:40892b00,52:40767c41,15:406582f2,28:403d9097,44:4006f63f,69:3f6252e9,21:3f6171c9,0:3e05c430,72:3dcadce8,7:0,8:0,9:0,11:0,24:0,25:0,26:0,27:0,39:0,41:0,47:0,48:0,49:0,50:0,54:0,57:0,65:0,70:0,74:0,75:0,76:0,77:0,10:80000000,
fq	float(f)	explain 0	0.13063121 = FunctionQuery(float(f)), product of:\n  0.13063121 = float(f)=0.13063121\n  1.0 = boost\n
fq	float(f)	explain 7	0.0 = FunctionQuery(float(f)), product of:\n  0.0 = float(f)=0.0\n  1.0 = boost\n
fq	float(f)	explain 29	10.843775 = FunctionQuery(float(f)), product of:\n  10.843775 = float(f)=10.843775\n  1.0 = boost\n
fq	float(f)	explain 61	17.314152 = FunctionQuery(float(f)), product of:\n  17.314152 = float(f)=17.314152\n  1.0 = boost\n
fqboost	float(f)	hits	71 2:7f800000,4:7f800000,14:7f800000,51:42326781,61:422d243a,38:42274c3f,3:42215324,5:421b4e30,16:4219ff77,13:4219f9cd,79:4218ef30,73:421745b9,68:42123a51,30:421177a8,18:4211440c,71:4210af8b,58:420cb269,1:420a6c6a,64:420807f7,35:42070dbd,55:4202594e,12:41f63f25,31:41f4eb55,23:41f2c49d,6:41e1d908,29:41d8e020,37:41d463e1,33:41b4aae8,60:41adf0e7,20:419ec752,22:4198c2c0,36:4194cdad,46:418a7509,78:4160c980,19:415f2f06,63:415e4d3e,42:4154e541,17:41448c2b,62:412f956f,45:412b75c0,52:411a0da9,15:410f71d7,28:40ecf4bd,44:40a8b3cf,69:400d73d2,21:400ce71e,0:3ea7353c,72:3e7d9422,7:0,8:0,9:0,11:0,24:0,25:0,26:0,27:0,39:0,41:0,47:0,48:0,49:0,50:0,54:0,57:0,65:0,70:0,74:0,75:0,76:0,77:0,10:80000000,
fqboost	float(f)	explain 0	0.32657802 = FunctionQuery(float(f)), product of:\n  0.13063121 = float(f)=0.13063121\n  2.5 = boost\n
fqboost	float(f)	explain 7	0.0 = FunctionQuery(float(f)), product of:\n  0.0 = float(f)=0.0\n  2.5 = boost\n
fqboost	float(f)	explain 29	27.109436 = FunctionQuery(float(f)), product of:\n  10.843775 = float(f)=10.843775\n  2.5 = boost\n
fqboost	float(f)	explain 61	43.285378 = FunctionQuery(float(f)), product of:\n  17.314152 = float(f)=17.314152\n  2.5 = boost\n
fqbool	float(f)	hits	38 2:7f800000,14:7f800000,61:418d2969,38:418886d8,5:417c144d,13:417b1887,73:4175f0df,68:4170690a,30:416e0b81,18:416d28ec,71:416b1679,1:416161fa,35:415cd207,55:415647b6,31:414b787f,6:413ab084,22:40fcfa2d,36:40f54449,42:40b68b8c,45:40976f4c,52:4089238f,28:404eaf59,50:3eff864a,9:3ef65542,48:3ef120fa,0:3eeef1e7,41:3ede56ee,49:3ede56ee,39:3ec05c76,65:3ec05c76,70:3eb71a68,77:3eb71a68,24:3eac0fcf,7:3ea981a2,75:3ea981a2,72:3ea59db4,8:3e978177,76:3e79edda,
fqbool	float(f)	explain 0	0.46668932 = sum of:\n  0.3360581 = weight(body:red in 0) [BM25Similarity], result of:\n    0.3360581 = score(freq=2.0), computed as boost * idf * tf from:\n      0.6687557 = idf, computed as log(1 + (N - n + 0.5) / (n + 0.5)) from:\n        41 = n, number of documents containing term\n        80 = N, total number of documents with field\n      0.5025125 = tf, computed as freq / (freq + k1 * (1 - b + b * dl / avgdl)) from:\n        2.0 = freq, occurrences of term within document\n        1.2 = k1, term saturation parameter\n        0.75 = b, length normalization parameter\n        7.0 = dl, length of field\n        3.75 = avgdl, average length of field\n  0.13063121 = FunctionQuery(float(f)), product of:\n    0.13063121 = float(f)=0.13063121\n    1.0 = boost\n
fqbool	float(f)	explain 7	0.33106714 = sum of:\n  0.33106714 = weight(body:red in 7) [BM25Similarity], result of:\n    0.33106714 = score(freq=1.0), computed as boost * idf * tf from:\n      0.6687557 = idf, computed as log(1 + (N - n + 0.5) / (n + 0.5)) from:\n        41 = n, number of documents containing term\n        80 = N, total number of documents with field\n      0.49504948 = tf, computed as freq / (freq + k1 * (1 - b + b * dl / avgdl)) from:\n        1.0 = freq, occurrences of term within document\n        1.2 = k1, term saturation parameter\n        0.75 = b, length normalization parameter\n        3.0 = dl, length of field\n        3.75 = avgdl, average length of field\n  0.0 = FunctionQuery(float(f)), product of:\n    0.0 = float(f)=0.0\n    1.0 = boost\n
fqbool	float(f)	explain 29	0.0 = Failure to meet condition(s) of required/prohibited clause(s)\n  0.0 = no match on required clause (body:red)\n    0.0 = no matching term\n  10.843775 = FunctionQuery(float(f)), product of:\n    10.843775 = float(f)=10.843775\n    1.0 = boost\n
fqbool	float(f)	explain 61	17.64522 = sum of:\n  0.33106714 = weight(body:red in 15) [BM25Similarity], result of:\n    0.33106714 = score(freq=1.0), computed as boost * idf * tf from:\n      0.6687557 = idf, computed as log(1 + (N - n + 0.5) / (n + 0.5)) from:\n        41 = n, number of documents containing term\n        80 = N, total number of documents with field\n      0.49504948 = tf, computed as freq / (freq + k1 * (1 - b + b * dl / avgdl)) from:\n        1.0 = freq, occurrences of term within document\n        1.2 = k1, term saturation parameter\n        0.75 = b, length normalization parameter\n        3.0 = dl, length of field\n        3.75 = avgdl, average length of field\n  17.314152 = FunctionQuery(float(f)), product of:\n    17.314152 = float(f)=17.314152\n    1.0 = boost\n
fq	double(d)	hits	71 22:7f800000,48:423a8197,19:4233ff38,31:422e23d6,29:422893d6,37:422831a3,74:42206d24,64:421dc5c5,12:421c836a,54:421b5b63,5:4219b27b,27:42155870,41:420bb5a5,69:41f6774f,63:41f5ef8f,51:41f5ade3,65:41de7093,71:41d91bd6,49:41d4738f,68:41c39a89,70:41b50839,28:419dfcc9,30:417eeecb,55:416e32a9,20:416ae77d,1:4168628b,79:41535685,46:414eb5cd,35:414aa9c0,44:4147f74c,6:413447ef,17:41322a20,72:412e40b0,7:41204247,75:411a47ae,45:41133fec,77:4104e76e,50:40f6beb8,52:40f43950,11:40ea5acc,4:40e49d03,58:40ce3090,39:40a775a6,33:3fd0677b,8:3f9b13d3,26:3f6eabd5,2:3f665ee8,0:0,3:0,9:0,10:0,13:0,14:0,15:0,16:0,18:0,21:0,23:0,24:0,25:0,36:0,38:0,42:0,47:0,57:0,60:0,61:0,62:0,73:0,76:0,78:0,
fq	double(d)	explain 0	0.0 = FunctionQuery(double(d)), product of:\n  -8.186437 = double(d)=-8.186436290782737\n  1.0 = boost\n
fq	double(d)	explain 7	10.016181 = FunctionQuery(double(d)), product of:\n  10.016181 = double(d)=10.016180756055151\n  1.0 = boost\n
fq	double(d)	explain 29	42.14437 = FunctionQuery(double(d)), product of:\n  42.14437 = double(d)=42.144372218335405\n  1.0 = boost\n
fq	double(d)	explain 61	0.0 = FunctionQuery(double(d)), product of:\n  0.0 = double(d)=0.0\n  1.0 = boost\n
fqboost	double(d)	hits	71 22:7f800000,48:42e921fd,19:42e0ff06,31:42d9accc,29:42d2b8cc,37:42d23e0c,74:42c8886d,64:42c53736,12:42c3a444,54:42c2323c,5:42c01f1a,27:42baae8c,41:42aea30e,69:429a0a91,63:4299b5b9,51:42998cae,65:428b065c,71:4287b166,49:4284c839,68:4274812b,70:42624a47,28:42457bfb,30:421f553f,55:4214dfaa,20:4212d0ae,1:42113d97,79:42041613,46:420131a0,35:41fd5430,44:41f9f51f,6:41e159eb,17:41deb4a8,72:41d9d0dc,7:41c852d9,75:41c0d99a,45:41b80fe7,77:41a6214a,50:419a3733,52:4198a3d2,11:419278c0,4:418ee222,58:4180de5a,39:41515310,33:408240ad,8:4041d8c8,26:40152b65,2:400ffb51,0:0,3:0,9:0,10:0,13:0,14:0,15:0,16:0,18:0,21:0,23:0,24:0,25:0,36:0,38:0,42:0,47:0,57:0,60:0,61:0,62:0,73:0,76:0,78:0,
fqboost	double(d)	explain 0	0.0 = FunctionQuery(double(d)), product of:\n  -8.186437 = double(d)=-8.186436290782737\n  2.5 = boost\n
fqboost	double(d)	explain 7	25.040453 = FunctionQuery(double(d)), product of:\n  10.016181 = double(d)=10.016180756055151\n  2.5 = boost\n
fqboost	double(d)	explain 29	105.36093 = FunctionQuery(double(d)), product of:\n  42.14437 = double(d)=42.144372218335405\n  2.5 = boost\n
fqboost	double(d)	explain 61	0.0 = FunctionQuery(double(d)), product of:\n  0.0 = double(d)=0.0\n  2.5 = boost\n
fqbool	double(d)	hits	38 22:7f800000,48:423c63d9,31:42300618,5:421a9848,41:420d7253,65:41e17205,71:41dae770,49:41d7eceb,68:41c6d39a,70:41b7e4a3,28:41a020a1,30:41821d6c,55:4173eb7c,1:416c4a42,35:414f65cc,6:413a4ad3,72:4131d7e4,7:41258e54,75:411f93bb,45:411a6212,77:410aa041,50:41035b8e,52:41010f5f,39:40b37b6d,8:3fc0f431,2:3fa95cf0,9:3ef65542,14:3ed2102b,42:3ec3a8a9,0:3eac0fcf,24:3eac0fcf,38:3eac0fcf,61:3ea981a2,13:3e978177,18:3e978177,73:3e79edda,76:3e79edda,36:3e65ccf4,
fqbool	double(d)	explain 0	0.3360581 = sum of:\n  0.3360581 = weight(body:red in 0) [BM25Similarity], result of:\n    0.3360581 = score(freq=2.0), computed as boost * idf * tf from:\n      0.6687557 = idf, computed as log(1 + (N - n + 0.5) / (n + 0.5)) from:\n        41 = n, number of documents containing term\n        80 = N, total number of documents with field\n      0.5025125 = tf, computed as freq / (freq + k1 * (1 - b + b * dl / avgdl)) from:\n        2.0 = freq, occurrences of term within document\n        1.2 = k1, term saturation parameter\n        0.75 = b, length normalization parameter\n        7.0 = dl, length of field\n        3.75 = avgdl, average length of field\n  0.0 = FunctionQuery(double(d)), product of:\n    -8.186437 = double(d)=-8.186436290782737\n    1.0 = boost\n
fqbool	double(d)	explain 7	10.347248 = sum of:\n  0.33106714 = weight(body:red in 7) [BM25Similarity], result of:\n    0.33106714 = score(freq=1.0), computed as boost * idf * tf from:\n      0.6687557 = idf, computed as log(1 + (N - n + 0.5) / (n + 0.5)) from:\n        41 = n, number of documents containing term\n        80 = N, total number of documents with field\n      0.49504948 = tf, computed as freq / (freq + k1 * (1 - b + b * dl / avgdl)) from:\n        1.0 = freq, occurrences of term within document\n        1.2 = k1, term saturation parameter\n        0.75 = b, length normalization parameter\n        3.0 = dl, length of field\n        3.75 = avgdl, average length of field\n  10.016181 = FunctionQuery(double(d)), product of:\n    10.016181 = double(d)=10.016180756055151\n    1.0 = boost\n
fqbool	double(d)	explain 29	0.0 = Failure to meet condition(s) of required/prohibited clause(s)\n  0.0 = no match on required clause (body:red)\n    0.0 = no matching term\n  42.14437 = FunctionQuery(double(d)), product of:\n    42.14437 = double(d)=42.144372218335405\n    1.0 = boost\n
fqbool	double(d)	explain 61	0.33106714 = sum of:\n  0.33106714 = weight(body:red in 15) [BM25Similarity], result of:\n    0.33106714 = score(freq=1.0), computed as boost * idf * tf from:\n      0.6687557 = idf, computed as log(1 + (N - n + 0.5) / (n + 0.5)) from:\n        41 = n, number of documents containing term\n        80 = N, total number of documents with field\n      0.49504948 = tf, computed as freq / (freq + k1 * (1 - b + b * dl / avgdl)) from:\n        1.0 = freq, occurrences of term within document\n        1.2 = k1, term saturation parameter\n        0.75 = b, length normalization parameter\n        3.0 = dl, length of field\n        3.75 = avgdl, average length of field\n  0.0 = FunctionQuery(double(d)), product of:\n    0.0 = double(d)=0.0\n    1.0 = boost\n
fq	sum(int(i),float(f),const(0.5))	hits	71 2:7f800000,4:7f800000,14:7f800000,61:425741b1,38:4254eb4c,13:4253971f,79:42432c7a,1:42395e91,16:42339963,63:42303aed,55:422623b9,35:421c057f,9:421af579,57:421a0000,78:42187a8d,12:420f3fd4,36:4207c2bc,21:420585c7,6:42032b68,29:42016006,54:42010802,30:42002fdd,52:41f2cf88,42:41ee9440,77:41e40000,5:41e03e8c,72:41dccadd,3:41d50f50,37:41d0f4c0,22:41c11ab3,49:41bc0000,31:41a5f7bc,48:41a40000,20:41a382ee,68:4190fb74,51:418ab934,33:417888ba,46:4176c407,18:41706ce0,71:416f7f45,44:4169bd90,58:41691d75,73:415a0928,64:4151a658,23:414a36e4,28:41476426,24:413b992c,41:41385dd2,27:41279b9f,60:4113271f,76:41080000,17:41069e78,15:410160bc,65:40f49d40,7:40d00000,19:40c28c05,62:409c778c,0:3f21710c,11:3f000000,25:3f000000,39:3f000000,75:3f000000,8:0,10:0,26:0,45:0,47:0,50:0,69:0,70:0,74:0,
fq	sum(int(i),float(f),const(0.5))	explain 0	0.6306312 = FunctionQuery(sum(int(i),float(f),const(0.5))), product of:\n  0.6306312 = sum(int(i)=0,float(f)=0.13063121,const(0.5))\n  1.0 = boost\n
fq	sum(int(i),float(f),const(0.5))	explain 7	6.5 = FunctionQuery(sum(int(i),float(f),const(0.5))), product of:\n  6.5 = sum(int(i)=6,float(f)=0.0,const(0.5))\n  1.0 = boost\n
fq	sum(int(i),float(f),const(0.5))	explain 29	32.343773 = FunctionQuery(sum(int(i),float(f),const(0.5))), product of:\n  32.343773 = sum(int(i)=21,float(f)=10.843775,const(0.5))\n  1.0 = boost\n
fq	sum(int(i),float(f),const(0.5))	explain 61	53.81415 = FunctionQuery(sum(int(i),float(f),const(0.5))), product of:\n  53.81415 = sum(int(i)=36,float(f)=17.314152,const(0.5))\n  1.0 = boost\n
fqboost	sum(int(i),float(f),const(0.5))	hits	71 2:7f800000,4:7f800000,14:7f800000,61:4306890f,38:43051310,13:43043e73,79:42f3f798,1:42e7b635,16:42e07fbc,63:42dc49a8,55:42cfaca7,35:42c306df,9:42c1b2d7,57:42c08000,78:42be9930,12:42b30fc9,36:42a9b36b,21:42a6e739,6:42a3f642,29:42a1b808,54:42a14a02,30:42a03bd4,52:4297c1b5,42:42951ca8,77:428e8000,5:428c2718,72:4289feca,3:42852992,37:428298f8,22:42716160,49:426b0000,31:424f75ab,48:424d0000,20:424c63aa,68:42353a51,51:422d6781,33:421b5574,46:421a3a84,18:4216440c,71:4215af8b,44:4212167a,58:4211b269,73:420845b9,64:420307f7,23:41fcc49d,28:41f93d30,24:41ea7f77,41:41e67546,27:41d18287,60:41b7f0e7,76:41aa0000,17:41a84616,15:41a1b8eb,65:4198e248,7:41820000,19:41732f06,62:4143956f,0:3fc9cd4f,11:3fa00000,25:3fa00000,39:3fa00000,75:3fa00000,8:0,10:0,26:0,45:0,47:0,50:0,69:0,70:0,74:0,
fqboost	sum(int(i),float(f),const(0.5))	explain 0	1.576578 = FunctionQuery(sum(int(i),float(f),const(0.5))), product of:\n  0.6306312 = sum(int(i)=0,float(f)=0.13063121,const(0.5))\n  2.5 = boost\n
fqboost	sum(int(i),float(f),const(0.5))	explain 7	16.25 = FunctionQuery(sum(int(i),float(f),const(0.5))), product of:\n  6.5 = sum(int(i)=6,float(f)=0.0,const(0.5))\n  2.5 = boost\n
fqboost	sum(int(i),float(f),const(0.5))	explain 29	80.859436 = FunctionQuery(sum(int(i),float(f),const(0.5))), product of:\n  32.343773 = sum(int(i)=21,float(f)=10.843775,const(0.5))\n  2.5 = boost\n
fqboost	sum(int(i),float(f),const(0.5))	explain 61	134.53539 = FunctionQuery(sum(int(i),float(f),const(0.5))), product of:\n  53.81415 = sum(int(i)=36,float(f)=17.314152,const(0.5))\n  2.5 = boost\n
fqbool	sum(int(i),float(f),const(0.5))	hits	38 2:7f800000,14:7f800000,61:425894b4,38:4256436c,13:4254c622,1:423a587f,55:422791ee,35:421d3482,9:421ce224,36:4208a889,6:4204ac21,30:420182e0,52:41f648e4,42:41f1a2e3,77:41e6dc6a,5:41e20a26,72:41de9677,22:41c33e8b,49:41bf795c,31:41a9bc40,48:41a7c484,68:41943485,18:417528ec,71:41731679,73:415df0df,28:414babd6,24:4140f9aa,41:413f5089,76:410be7b7,65:41005184,7:40da981a,0:3f7778f4,39:3f602e3b,75:3f54c0d1,50:3eff864a,45:3ee444c4,70:3eb71a68,8:3e978177,
fqbool	sum(int(i),float(f),const(0.5))	explain 0	0.96668935 = sum of:\n  0.3360581 = weight(body:red in 0) [BM25Similarity], result of:\n    0.3360581 = score(freq=2.0), computed as boost * idf * tf from:\n      0.6687557 = idf, computed as log(1 + (N - n + 0.5) / (n + 0.5)) from:\n        41 = n, number of documents containing term\n        80 = N, total number of documents with field\n      0.5025125 = tf, computed as freq / (freq + k1 * (1 - b + b * dl / avgdl)) from:\n        2.0 = freq, occurrences of term within document\n        1.2 = k1, term saturation parameter\n        0.75 = b, length normalization parameter\n        7.0 = dl, length of field\n        3.75 = avgdl, average length of field\n  0.6306312 = FunctionQuery(sum(int(i),float(f),const(0.5))), product of:\n    0.6306312 = sum(int(i)=0,float(f)=0.13063121,const(0.5))\n    1.0 = boost\n
fqbool	sum(int(i),float(f),const(0.5))	explain 7	6.831067 = sum of:\n  0.33106714 = weight(body:red in 7) [BM25Similarity], result of:\n    0.33106714 = score(freq=1.0), computed as boost * idf * tf from:\n      0.6687557 = idf, computed as log(1 + (N - n + 0.5) / (n + 0.5)) from:\n        41 = n, number of documents containing term\n        80 = N, total number of documents with field\n      0.49504948 = tf, computed as freq / (freq + k1 * (1 - b + b * dl / avgdl)) from:\n        1.0 = freq, occurrences of term within document\n        1.2 = k1, term saturation parameter\n        0.75 = b, length normalization parameter\n        3.0 = dl, length of field\n        3.75 = avgdl, average length of field\n  6.5 = FunctionQuery(sum(int(i),float(f),const(0.5))), product of:\n    6.5 = sum(int(i)=6,float(f)=0.0,const(0.5))\n    1.0 = boost\n
fqbool	sum(int(i),float(f),const(0.5))	explain 29	0.0 = Failure to meet condition(s) of required/prohibited clause(s)\n  0.0 = no match on required clause (body:red)\n    0.0 = no matching term\n  32.343773 = FunctionQuery(sum(int(i),float(f),const(0.5))), product of:\n    32.343773 = sum(int(i)=21,float(f)=10.843775,const(0.5))\n    1.0 = boost\n
fqbool	sum(int(i),float(f),const(0.5))	explain 61	54.145218 = sum of:\n  0.33106714 = weight(body:red in 15) [BM25Similarity], result of:\n    0.33106714 = score(freq=1.0), computed as boost * idf * tf from:\n      0.6687557 = idf, computed as log(1 + (N - n + 0.5) / (n + 0.5)) from:\n        41 = n, number of documents containing term\n        80 = N, total number of documents with field\n      0.49504948 = tf, computed as freq / (freq + k1 * (1 - b + b * dl / avgdl)) from:\n        1.0 = freq, occurrences of term within document\n        1.2 = k1, term saturation parameter\n        0.75 = b, length normalization parameter\n        3.0 = dl, length of field\n        3.75 = avgdl, average length of field\n  53.81415 = FunctionQuery(sum(int(i),float(f),const(0.5))), product of:\n    53.81415 = sum(int(i)=36,float(f)=17.314152,const(0.5))\n    1.0 = boost\n
fq	div(float(f),int(i))	hits	71 0:7f800000,2:7f800000,4:7f800000,14:7f800000,18:7f800000,19:7f800000,23:7f800000,58:7f800000,60:7f800000,62:7f800000,71:7f800000,68:409bf9f0,17:3fd1a694,3:3fce7ee6,31:3fc3ef77,33:3fc0b64d,5:3fa5a8bb,15:3f6582f2,46:3f5d880e,30:3f5b0e8b,37:3f353d56,20:3f295d24,35:3f0a4b82,6:3f09a8db,12:3f090aa8,16:3f07f167,29:3f0430d7,61:3ef63ee7,22:3ef46acc,55:3eee5a28,38:3eedef49,79:3eed47aa,1:3edd7a43,13:3ed511b6,28:3ea88086,36:3e92839e,42:3e6316ac,44:3e33f2ff,78:3e33d466,52:3e17aeed,63:3e15c2dc,21:3ce171c9,72:3b706e1c,7:0,8:0,9:0,10:0,11:0,24:0,25:0,26:0,27:0,39:0,41:0,45:0,47:0,48:0,49:0,51:0,54:0,57:0,64:0,65:0,69:0,70:0,73:0,74:0,75:0,76:0,77:0,50:80000000,
fq	div(float(f),int(i))	explain 0	Infinity = FunctionQuery(div(float(f),int(i))), product of:\n  Infinity = div(float(f)=0.13063121,int(i)=0)\n  1.0 = boost\n
fq	div(float(f),int(i))	explain 7	0.0 = FunctionQuery(div(float(f),int(i))), product of:\n  0.0 = div(float(f)=0.0,int(i)=6)\n  1.0 = boost\n
fq	div(float(f),int(i))	explain 29	0.51637024 = FunctionQuery(div(float(f),int(i))), product of:\n  0.51637024 = div(float(f)=10.843775,int(i)=21)\n  1.0 = boost\n
fq	div(float(f),int(i))	explain 61	0.48094866 = FunctionQuery(div(float(f),int(i))), product of:\n  0.48094866 = div(float(f)=17.314152,int(i)=36)\n  1.0 = boost\n
fqboost	div(float(f),int(i))	hits	71 0:7f800000,2:7f800000,4:7f800000,14:7f800000,18:7f800000,19:7f800000,23:7f800000,58:7f800000,60:7f800000,62:7f800000,71:7f800000,68:4142f86c,17:4083081c,3:40810f50,31:4074eb55,33:4070e3e0,5:404f12ea,15:400f71d7,46:400a7509,30:4008e917,37:3fe28cac,20:3fd3b46d,35:3facde62,6:3fac1312,12:3fab4d52,16:3fa9edc1,29:3fa53d0d,61:3f99e750,22:3f98c2c0,55:3f94f859,38:3f94b58e,79:3f944cca,1:3f8a6c6a,13:3f852b12,28:3f52a0a8,36:3f372486,42:3f0dee2c,44:3ee0efbf,78:3ee0c980,52:3ebd9aa8,63:3ebb3393,21:3d8ce71e,72:3c1644d2,7:0,8:0,9:0,10:0,11:0,24:0,25:0,26:0,27:0,39:0,41:0,45:0,47:0,48:0,49:0,51:0,54:0,57:0,64:0,65:0,69:0,70:0,73:0,74:0,75:0,76:0,77:0,50:80000000,
fqboost	div(float(f),int(i))	explain 0	Infinity = FunctionQuery(div(float(f),int(i))), product of:\n  Infinity = div(float(f)=0.13063121,int(i)=0)\n  2.5 = boost\n
fqboost	div(float(f),int(i))	explain 7	0.0 = FunctionQuery(div(float(f),int(i))), product of:\n  0.0 = div(float(f)=0.0,int(i)=6)\n  2.5 = boost\n
fqboost	div(float(f),int(i))	explain 29	1.2909256 = FunctionQuery(div(float(f),int(i))), product of:\n  0.51637024 = div(float(f)=10.843775,int(i)=21)\n  2.5 = boost\n
fqboost	div(float(f),int(i))	explain 61	1.2023716 = FunctionQuery(div(float(f),int(i))), product of:\n  0.48094866 = div(float(f)=17.314152,int(i)=36)\n  2.5 = boost\n
fqbool	div(float(f),int(i))	hits	38 0:7f800000,2:7f800000,14:7f800000,18:7f800000,71:7f800000,68:40a8de35,31:40001bdb,5:3fc2625a,30:3f97e7ae,6:3f69d716,35:3f560c3e,55:3f52ba48,61:3f4fe044,38:3f4cff8c,22:3f3eb06e,13:3f364996,1:3f2d3898,42:3f1a9a00,28:3f18bb4b,52:3f151732,36:3f02b50c,50:3eff864a,9:3ef65542,48:3ef120fa,45:3ee444c4,41:3ede56ee,49:3ede56ee,39:3ec05c76,65:3ec05c76,70:3eb71a68,77:3eb71a68,24:3eac0fcf,7:3ea981a2,75:3ea981a2,8:3e978177,73:3e79edda,76:3e79edda,72:3e698eac,
fqbool	div(float(f),int(i))	explain 0	Infinity = sum of:\n  0.3360581 = weight(body:red in 0) [BM25Similarity], result of:\n    0.3360581 = score(freq=2.0), computed as boost * idf * tf from:\n      0.6687557 = idf, computed as log(1 + (N - n + 0.5) / (n + 0.5)) from:\n        41 = n, number of documents containing term\n        80 = N, total number of documents with field\n      0.5025125 = tf, computed as freq / (freq + k1 * (1 - b + b * dl / avgdl)) from:\n        2.0 = freq, occurrences of term within document\n        1.2 = k1, term saturation parameter\n        0.75 = b, length normalization parameter\n        7.0 = dl, length of field\n        3.75 = avgdl, average length of field\n  Infinity = FunctionQuery(div(float(f),int(i))), product of:\n    Infinity = div(float(f)=0.13063121,int(i)=0)\n    1.0 = boost\n
fqbool	div(float(f),int(i))	explain 7	0.33106714 = sum of:\n  0.33106714 = weight(body:red in 7) [BM25Similarity], result of:\n    0.33106714 = score(freq=1.0), computed as boost * idf * tf from:\n      0.6687557 = idf, computed as log(1 + (N - n + 0.5) / (n + 0.5)) from:\n        41 = n, number of documents containing term\n        80 = N, total number of documents with field\n      0.49504948 = tf, computed as freq / (freq + k1 * (1 - b + b * dl / avgdl)) from:\n        1.0 = freq, occurrences of term within document\n        1.2 = k1, term saturation parameter\n        0.75 = b, length normalization parameter\n        3.0 = dl, length of field\n        3.75 = avgdl, average length of field\n  0.0 = FunctionQuery(div(float(f),int(i))), product of:\n    0.0 = div(float(f)=0.0,int(i)=6)\n    1.0 = boost\n
fqbool	div(float(f),int(i))	explain 29	0.0 = Failure to meet condition(s) of required/prohibited clause(s)\n  0.0 = no match on required clause (body:red)\n    0.0 = no matching term\n  0.51637024 = FunctionQuery(div(float(f),int(i))), product of:\n    0.51637024 = div(float(f)=10.843775,int(i)=21)\n    1.0 = boost\n
fqbool	div(float(f),int(i))	explain 61	0.8120158 = sum of:\n  0.33106714 = weight(body:red in 15) [BM25Similarity], result of:\n    0.33106714 = score(freq=1.0), computed as boost * idf * tf from:\n      0.6687557 = idf, computed as log(1 + (N - n + 0.5) / (n + 0.5)) from:\n        41 = n, number of documents containing term\n        80 = N, total number of documents with field\n      0.49504948 = tf, computed as freq / (freq + k1 * (1 - b + b * dl / avgdl)) from:\n        1.0 = freq, occurrences of term within document\n        1.2 = k1, term saturation parameter\n        0.75 = b, length normalization parameter\n        3.0 = dl, length of field\n        3.75 = avgdl, average length of field\n  0.48094866 = FunctionQuery(div(float(f),int(i))), product of:\n    0.48094866 = div(float(f)=17.314152,int(i)=36)\n    1.0 = boost\n
fq	linear(float(f),2.5,-1.0)	hits	71 2:7f800000,4:7f800000,14:7f800000,51:422e6781,61:4229243a,38:42234c3f,3:421d5324,5:42174e30,16:4215ff77,13:4215f9cd,79:4214ef30,73:421345b9,68:420e3a51,30:420d77a8,18:420d440c,71:420caf8b,58:4208b269,1:42066c6a,64:420407f7,35:42030dbd,55:41fcb29c,12:41ee3f25,31:41eceb55,23:41eac49d,6:41d9d908,29:41d0e020,37:41cc63e1,33:41acaae8,60:41a5f0e7,20:4196c752,22:4190c2c0,36:418ccdad,46:41827509,78:4150c980,19:414f2f06,63:414e4d3e,42:4144e541,17:41348c2b,62:411f956f,45:411b75c0,52:410a0da9,15:40fee3ae,28:40ccf4bd,44:4088b3cf,69:3f9ae7a4,21:3f99ce3c,0:0,7:0,8:0,9:0,10:0,11:0,24:0,25:0,26:0,27:0,39:0,41:0,47:0,48:0,49:0,50:0,54:0,57:0,65:0,70:0,72:0,74:0,75:0,76:0,77:0,
fq	linear(float(f),2.5,-1.0)	explain 0	0.0 = FunctionQuery(2.5*float(float(f))+-1.0), product of:\n  -0.673422 = 2.5*float(float(f)=0.13063121)+-1.0\n  1.0 = boost\n
fq	linear(float(f),2.5,-1.0)	explain 7	0.0 = FunctionQuery(2.5*float(float(f))+-1.0), product of:\n  -1.0 = 2.5*float(float(f)=0.0)+-1.0\n  1.0 = boost\n
fq	linear(float(f),2.5,-1.0)	explain 29	26.109436 = FunctionQuery(2.5*float(float(f))+-1.0), product of:\n  26.109436 = 2.5*float(float(f)=10.843775)+-1.0\n  1.0 = boost\n
fq	linear(float(f),2.5,-1.0)	explain 61	42.285378 = FunctionQuery(2.5*float(float(f))+-1.0), product of:\n  42.285378 = 2.5*float(float(f)=17.314152)+-1.0\n  1.0 = boost\n
fqboost	linear(float(f),2.5,-1.0)	hits	71 2:7f800000,4:7f800000,14:7f800000,51:42da0161,61:42d36d48,38:42cc1f4f,3:42c4a7ed,5:42bd21bc,16:42bb7f55,13:42bb7840,79:42ba2afc,73:42b81727,68:42b1c8e5,30:42b0d592,18:42b0950f,71:42afdb6e,58:42aadf03,1:42a80784,64:42a509f5,35:42a3d12c,55:429defa2,12:4294e777,31:42941315,23:4292bae2,6:428827a5,29:42828c14,37:427f7cd9,33:4257d5a2,60:424f6d21,20:423c7926,22:4234f370,36:42300118,46:4223124b,78:42027df0,19:42017d64,63:4200f047,42:41f61e91,17:41e1af36,62:41c77acb,45:41c25330,52:41ac9113,15:419f4e4d,28:418018f6,44:412ae0c3,69:4041a18d,21:404041cb,0:0,7:0,8:0,9:0,10:0,11:0,24:0,25:0,26:0,27:0,39:0,41:0,47:0,48:0,49:0,50:0,54:0,57:0,65:0,70:0,72:0,74:0,75:0,76:0,77:0,
fqboost	linear(float(f),2.5,-1.0)	explain 0	0.0 = FunctionQuery(2.5*float(float(f))+-1.0), product of:\n  -0.673422 = 2.5*float(float(f)=0.13063121)+-1.0\n  2.5 = boost\n
fqboost	linear(float(f),2.5,-1.0)	explain 7	0.0 = FunctionQuery(2.5*float(float(f))+-1.0), product of:\n  -1.0 = 2.5*float(float(f)=0.0)+-1.0\n  2.5 = boost\n
fqboost	linear(float(f),2.5,-1.0)	explain 29	65.27359 = FunctionQuery(2.5*float(float(f))+-1.0), product of:\n  26.109436 = 2.5*float(float(f)=10.843775)+-1.0\n  2.5 = boost\n
fqboost	linear(float(f),2.5,-1.0)	explain 61	105.71344 = FunctionQuery(2.5*float(float(f))+-1.0), product of:\n  42.285378 = 2.5*float(float(f)=17.314152)+-1.0\n  2.5 = boost\n
fqbool	linear(float(f),2.5,-1.0)	hits	38 2:7f800000,14:7f800000,61:422a773d,38:4224a45f,5:421833fd,13:421728d0,73:42143fa7,68:420fd6da,30:420ecaab,18:420e730f,71:420d9558,1:42076658,35:42043cc0,55:41ff8f06,31:41f0afd9,6:41dcda7a,22:4192e698,36:418e9947,42:414b0286,45:412297e6,52:41110060,28:40d5841e,50:3eff864a,9:3ef65542,48:3ef120fa,41:3ede56ee,49:3ede56ee,39:3ec05c76,65:3ec05c76,70:3eb71a68,77:3eb71a68,0:3eac0fcf,24:3eac0fcf,7:3ea981a2,75:3ea981a2,8:3e978177,76:3e79edda,72:3e65ccf4,
fqbool	linear(float(f),2.5,-1.0)	explain 0	0.3360581 = sum of:\n  0.3360581 = weight(body:red in 0) [BM25Similarity], result of:\n    0.3360581 = score(freq=2.0), computed as boost * idf * tf from:\n      0.6687557 = idf, computed as log(1 + (N - n + 0.5) / (n + 0.5)) from:\n        41 = n, number of documents containing term\n        80 = N, total number of documents with field\n      0.5025125 = tf, computed as freq / (freq + k1 * (1 - b + b * dl / avgdl)) from:\n        2.0 = freq, occurrences of term within document\n        1.2 = k1, term saturation parameter\n        0.75 = b, length normalization parameter\n        7.0 = dl, length of field\n        3.75 = avgdl, average length of field\n  0.0 = FunctionQuery(2.5*float(float(f))+-1.0), product of:\n    -0.673422 = 2.5*float(float(f)=0.13063121)+-1.0\n    1.0 = boost\n
fqbool	linear(float(f),2.5,-1.0)	explain 7	0.33106714 = sum of:\n  0.33106714 = weight(body:red in 7) [BM25Similarity], result of:\n    0.33106714 = score(freq=1.0), computed as boost * idf * tf from:\n      0.6687557 = idf, computed as log(1 + (N - n + 0.5) / (n + 0.5)) from:\n        41 = n, number of documents containing term\n        80 = N, total number of documents with field\n      0.49504948 = tf, computed as freq / (freq + k1 * (1 - b + b * dl / avgdl)) from:\n        1.0 = freq, occurrences of term within document\n        1.2 = k1, term saturation parameter\n        0.75 = b, length normalization parameter\n        3.0 = dl, length of field\n        3.75 = avgdl, average length of field\n  0.0 = FunctionQuery(2.5*float(float(f))+-1.0), product of:\n    -1.0 = 2.5*float(float(f)=0.0)+-1.0\n    1.0 = boost\n
fqbool	linear(float(f),2.5,-1.0)	explain 29	0.0 = Failure to meet condition(s) of required/prohibited clause(s)\n  0.0 = no match on required clause (body:red)\n    0.0 = no matching term\n  26.109436 = FunctionQuery(2.5*float(float(f))+-1.0), product of:\n    26.109436 = 2.5*float(float(f)=10.843775)+-1.0\n    1.0 = boost\n
fqbool	linear(float(f),2.5,-1.0)	explain 61	42.616444 = sum of:\n  0.33106714 = weight(body:red in 15) [BM25Similarity], result of:\n    0.33106714 = score(freq=1.0), computed as boost * idf * tf from:\n      0.6687557 = idf, computed as log(1 + (N - n + 0.5) / (n + 0.5)) from:\n        41 = n, number of documents containing term\n        80 = N, total number of documents with field\n      0.49504948 = tf, computed as freq / (freq + k1 * (1 - b + b * dl / avgdl)) from:\n        1.0 = freq, occurrences of term within document\n        1.2 = k1, term saturation parameter\n        0.75 = b, length normalization parameter\n        3.0 = dl, length of field\n        3.75 = avgdl, average length of field\n  42.285378 = FunctionQuery(2.5*float(float(f))+-1.0), product of:\n    42.285378 = 2.5*float(float(f)=17.314152)+-1.0\n    1.0 = boost\n
fq	max(int(i),float(f))	hits	71 2:7f800000,4:7f800000,14:7f800000,9:421c0000,57:42180000,63:42180000,13:42140000,54:42140000,38:42100000,61:42100000,79:42040000,1:42000000,21:42000000,78:42000000,16:41e80000,55:41e00000,77:41e00000,72:41d80000,36:41d00000,52:41d00000,35:41c80000,42:41c00000,12:41b80000,49:41b80000,6:41a80000,29:41a80000,48:41a00000,51:418eb934,24:41880000,30:41880000,3:41810f50,22:41800000,41:41800000,5:41787d19,73:41720928,37:41700000,68:4169f6e8,18:41686ce0,71:41677f45,58:41611d75,27:41600000,64:4159a658,31:4143ef77,23:414236e4,20:41400000,44:41400000,65:41200000,33:411088ba,28:41100000,60:410b271f,46:41000000,76:41000000,7:40c00000,19:40b28c05,17:409d3cef,62:408c778c,45:40892b00,15:40800000,69:3f6252e9,0:3e05c430,8:0,11:0,25:0,26:0,39:0,47:0,50:0,70:0,74:0,75:0,10:80000000,
fq	max(int(i),float(f))	explain 0	0.13063121 = FunctionQuery(max(int(i),float(f))), product of:\n  0.13063121 = max(int(i)=0,float(f)=0.13063121)\n  1.0 = boost\n
fq	max(int(i),float(f))	explain 7	6.0 = FunctionQuery(max(int(i),float(f))), product of:\n  6.0 = max(int(i)=6,float(f)=0.0)\n  1.0 = boost\n
fq	max(int(i),float(f))	explain 29	21.0 = FunctionQuery(max(int(i),float(f))), product of:\n  21.0 = max(int(i)=21,float(f)=10.843775)\n  1.0 = boost\n
fq	max(int(i),float(f))	explain 61	36.0 = FunctionQuery(max(int(i),float(f))), product of:\n  36.0 = max(int(i)=36,float(f)=17.314152)\n  1.0 = boost\n
fqboost	max(int(i),float(f))	hits	71 2:7f800000,4:7f800000,14:7f800000,9:42c30000,57:42be0000,63:42be0000,13:42b90000,54:42b90000,38:42b40000,61:42b40000,79:42a50000,1:42a00000,21:42a00000,78:42a00000,16:42910000,55:428c0000,77:428c0000,72:42870000,36:42820000,52:42820000,35:427a0000,42:42700000,12:42660000,49:42660000,6:42520000,29:42520000,48:42480000,51:42326781,24:422a0000,30:422a0000,3:42215324,22:42200000,41:42200000,5:421b4e30,73:421745b9,37:42160000,68:42123a51,18:4211440c,71:4210af8b,58:420cb269,27:420c0000,64:420807f7,31:41f4eb55,23:41f2c49d,20:41f00000,44:41f00000,65:41c80000,33:41b4aae8,28:41b40000,60:41adf0e7,46:41a00000,76:41a00000,7:41700000,19:415f2f06,17:41448c2b,62:412f956f,45:412b75c0,15:41200000,69:400d73d2,0:3ea7353c,8:0,11:0,25:0,26:0,39:0,47:0,50:0,70:0,74:0,75:0,10:80000000,
fqboost	max(int(i),float(f))	explain 0	0.32657802 = FunctionQuery(max(int(i),float(f))), product of:\n  0.13063121 = max(int(i)=0,float(f)=0.13063121)\n  2.5 = boost\n
fqboost	max(int(i),float(f))	explain 7	15.0 = FunctionQuery(max(int(i),float(f))), product of:\n  6.0 = max(int(i)=6,float(f)=0.0)\n  2.5 = boost\n
fqboost	max(int(i),float(f))	explain 29	52.5 = FunctionQuery(max(int(i),float(f))), product of:\n  21.0 = max(int(i)=21,float(f)=10.843775)\n  2.5 = boost\n
fqboost	max(int(i),float(f))	explain 61	90.0 = FunctionQuery(max(int(i),float(f))), product of:\n  36.0 = max(int(i)=36,float(f)=17.314152)\n  2.5 = boost\n
fqbool	max(int(i),float(f))	hits	38 2:7f800000,14:7f800000,9:421decab,13:42152f03,38:42115820,61:42115303,1:4200f9ee,55:41e2dc6a,77:41e2dc6a,72:41d9cb9a,52:41d3795c,36:41d1cb9a,35:41ca5e06,42:41c30ea3,49:41bb795c,6:41ab0172,48:41a3c484,24:418ab03f,30:418aa607,41:4183795c,22:418223d8,5:417c144d,73:4175f0df,68:4170690a,18:416d28ec,71:416b1679,31:414b787f,65:412602e4,28:411447b0,76:4103e7b7,7:40ca981a,45:40976f4c,50:3eff864a,0:3eeef1e7,39:3ec05c76,70:3eb71a68,75:3ea981a2,8:3e978177,
fqbool	max(int(i),float(f))	explain 0	0.46668932 = sum of:\n  0.3360581 = weight(body:red in 0) [BM25Similarity], result of:\n    0.3360581 = score(freq=2.0), computed as boost * idf * tf from:\n      0.6687557 = idf, computed as log(1 + (N - n + 0.5) / (n + 0.5)) from:\n        41 = n, number of documents containing term\n        80 = N, total number of documents with field\n      0.5025125 = tf, computed as freq / (freq + k1 * (1 - b + b * dl / avgdl)) from:\n        2.0 = freq, occurrences of term within document\n        1.2 = k1, term saturation parameter\n        0.75 = b, length normalization parameter\n        7.0 = dl, length of field\n        3.75 = avgdl, average length of field\n  0.13063121 = FunctionQuery(max(int(i),float(f))), product of:\n    0.13063121 = max(int(i)=0,float(f)=0.13063121)\n    1.0 = boost\n
fqbool	max(int(i),float(f))	explain 7	6.331067 = sum of:\n  0.33106714 = weight(body:red in 7) [BM25Similarity], result of:\n    0.33106714 = score(freq=1.0), computed as boost * idf * tf from:\n      0.6687557 = idf, computed as log(1 + (N - n + 0.5) / (n + 0.5)) from:\n        41 = n, number of documents containing term\n        80 = N, total number of documents with field\n      0.49504948 = tf, computed as freq / (freq + k1 * (1 - b + b * dl / avgdl)) from:\n        1.0 = freq, occurrences of term within document\n        1.2 = k1, term saturation parameter\n        0.75 = b, length normalization parameter\n        3.0 = dl, length of field\n        3.75 = avgdl, average length of field\n  6.0 = FunctionQuery(max(int(i),float(f))), product of:\n    6.0 = max(int(i)=6,float(f)=0.0)\n    1.0 = boost\n
fqbool	max(int(i),float(f))	explain 29	0.0 = Failure to meet condition(s) of required/prohibited clause(s)\n  0.0 = no match on required clause (body:red)\n    0.0 = no matching term\n  21.0 = FunctionQuery(max(int(i),float(f))), product of:\n    21.0 = max(int(i)=21,float(f)=10.843775)\n    1.0 = boost\n
fqbool	max(int(i),float(f))	explain 61	36.331066 = sum of:\n  0.33106714 = weight(body:red in 15) [BM25Similarity], result of:\n    0.33106714 = score(freq=1.0), computed as boost * idf * tf from:\n      0.6687557 = idf, computed as log(1 + (N - n + 0.5) / (n + 0.5)) from:\n        41 = n, number of documents containing term\n        80 = N, total number of documents with field\n      0.49504948 = tf, computed as freq / (freq + k1 * (1 - b + b * dl / avgdl)) from:\n        1.0 = freq, occurrences of term within document\n        1.2 = k1, term saturation parameter\n        0.75 = b, length normalization parameter\n        3.0 = dl, length of field\n        3.75 = avgdl, average length of field\n  36.0 = FunctionQuery(max(int(i),float(f))), product of:\n    36.0 = max(int(i)=36,float(f)=17.314152)\n    1.0 = boost\n
fq	scale(float(f),0.0,1.0)	hits	71 2:7f800000,4:7f800000,14:7f800000,51:3f800000,61:3f7a4b83,38:3f73f5d1,3:3f6d7c38,5:3f66f5c5,16:3f658aed,13:3f6584c9,79:3f6463c6,73:3f62968d,68:3f5d1ea0,30:3f5c4b9c,18:3f5c13a9,71:3f5b72ad,58:3f571fbc,1:3f54a8d6,64:3f5210eb,35:3f5101ab,55:3f4be806,12:3f4412d9,31:3f435aab,23:3f42302b,6:3f390462,29:3f34276c,37:3f31b90d,33:3f20875b,60:3f1ce200,20:3f14aa1f,22:3f11671c,36:3f0f4201,46:3f09a666,78:3ef70bd4,19:3ef62d58,63:3ef5b2f7,42:3ef099cc,17:3ee7bd6b,62:3edc608f,45:3eda245c,52:3ed0b516,15:3ecaf511,28:3ebd6ccb,44:3eaaed7d,69:3e906017,21:3e904d06,0:3e800a48,72:3e7eb60a,7:3e7a6a7c,10:3e7a6a7c,11:3e7a6a7c,25:3e7a6a7c,39:3e7a6a7c,48:3e7a6a7c,49:3e7a6a7c,50:3e7a6a7c,57:3e7a6a7c,75:3e7a6a7c,76:3e7a6a7c,77:3e7a6a7c,9:3e597302,26:3e58996e,47:3e1f8dd8,65:3dfd2b51,70:3dd1bed9,27:3d97d0fd,8:3d109a37,41:3d0a6933,54:3cb8ddc1,24:0,74:0,
fq	scale(float(f),0.0,1.0)	explain 0	0.25007844 = FunctionQuery(scale(float(f),0.0,1.0)), product of:\n  0.25007844 = scale(float(f)=0.13063121,toMin=0.0,toMax=1.0,fromMin=-5.7751045,fromMax=17.840431)\n  1.0 = boost\n
fq	scale(float(f),0.0,1.0)	explain 7	0.24454683 = FunctionQuery(scale(float(f),0.0,1.0)), product of:\n  0.24454683 = scale(float(f)=0.0,toMin=0.0,toMax=1.0,fromMin=-5.7751045,fromMax=17.840431)\n  1.0 = boost\n
fq	scale(float(f),0.0,1.0)	explain 29	0.70372653 = FunctionQuery(scale(float(f),0.0,1.0)), product of:\n  0.70372653 = scale(float(f)=10.843775,toMin=0.0,toMax=1.0,fromMin=-5.7751045,fromMax=17.840431)\n  1.0 = boost\n
fq	scale(float(f),0.0,1.0)	explain 61	0.9777147 = FunctionQuery(scale(float(f),0.0,1.0)), product of:\n  0.9777147 = scale(float(f)=17.314152,toMin=0.0,toMax=1.0,fromMin=-5.7751045,fromMax=17.840431)\n  1.0 = boost\n
fqboost	scale(float(f),0.0,1.0)	hits	71 2:7f800000,4:7f800000,14:7f800000,51:40200000,61:401c6f32,38:401879a3,3:40146da3,5:4010599b,16:400f76d4,13:400f72fe,79:400ebe5c,73:400d9e18,68:400a3324,30:4009af42,18:40098c4a,71:400927ac,58:400673d6,1:4004e986,64:40034a93,35:4002a10b,55:3ffee208,12:3ff5178f,31:3ff43156,23:3ff2bc36,6:3fe7457a,29:3fe13147,37:3fde2750,33:3fc8a932,60:3fc41a80,20:3fb9d4a7,22:3fb5c0e3,36:3fb31281,46:3fac1000,78:3f9a6764,19:3f99dc57,63:3f998fda,42:3f966020,17:3f90d663,62:3f89bc59,45:3f8856ba,52:3f82712e,15:3f7db255,28:3f6cc7fe,44:3f55a8dc,69:3f34781d,21:3f346048,0:3f200cda,72:3f1f31c6,7:3f1c828e,10:3f1c828e,11:3f1c828e,25:3f1c828e,39:3f1c828e,48:3f1c828e,49:3f1c828e,50:3f1c828e,57:3f1c828e,75:3f1c828e,76:3f1c828e,77:3f1c828e,9:3f07e7e1,26:3f075fe5,47:3ec7714e,65:3e9e3b13,70:3e831748,27:3e3dc53c,8:3db4c0c5,41:3dad0380,54:3d671531,24:0,74:0,
fqboost	scale(float(f),0.0,1.0)	explain 0	0.6251961 = FunctionQuery(scale(float(f),0.0,1.0)), product of:\n  0.25007844 = scale(float(f)=0.13063121,toMin=0.0,toMax=1.0,fromMin=-5.7751045,fromMax=17.840431)\n  2.5 = boost\n
fqboost	scale(float(f),0.0,1.0)	explain 7	0.6113671 = FunctionQuery(scale(float(f),0.0,1.0)), product of:\n  0.24454683 = scale(float(f)=0.0,toMin=0.0,toMax=1.0,fromMin=-5.7751045,fromMax=17.840431)\n  2.5 = boost\n
fqboost	scale(float(f),0.0,1.0)	explain 29	1.7593163 = FunctionQuery(scale(float(f),0.0,1.0)), product of:\n  0.70372653 = scale(float(f)=10.843775,toMin=0.0,toMax=1.0,fromMin=-5.7751045,fromMax=17.840431)\n  2.5 = boost\n
fqboost	scale(float(f),0.0,1.0)	explain 61	2.4442868 = FunctionQuery(scale(float(f),0.0,1.0)), product of:\n  0.9777147 = scale(float(f)=17.314152,toMin=0.0,toMax=1.0,fromMin=-5.7751045,fromMax=17.840431)\n  2.5 = boost\n
fqbool	scale(float(f),0.0,1.0)	hits	38 2:7f800000,14:7f800000,61:3fa7862a,38:3fa4fedc,68:3fa22064,31:3f9df594,13:3f98a2c2,30:3f988636,18:3f93ea32,55:3f93ba9d,73:3f908902,5:3f903481,35:3f8e6133,6:3f8c994e,71:3f8a72f5,1:3f899226,45:3f5f3490,42:3f5a213a,52:3f578602,22:3f55e224,36:3f48b53e,50:3f3e5dc4,48:3f372b1c,9:3f318762,49:3f2dc616,28:3f23316e,39:3f1ec8da,77:3f1a27d3,0:3f160d0c,7:3f135b70,75:3f135b70,65:3effa74a,76:3efa2c2b,72:3ef2417f,41:3eefa414,70:3eeb8a1e,24:3eac0fcf,8:3ea994be,
fqbool	scale(float(f),0.0,1.0)	explain 0	0.5861366 = sum of:\n  0.3360581 = weight(body:red in 0) [BM25Similarity], result of:\n    0.3360581 = score(freq=2.0), computed as boost * idf * tf from:\n      0.6687557 = idf, computed as log(1 + (N - n + 0.5) / (n + 0.5)) from:\n        41 = n, number of documents containing term\n        80 = N, total number of documents with field\n      0.5025125 = tf, computed as freq / (freq + k1 * (1 - b + b * dl / avgdl)) from:\n        2.0 = freq, occurrences of term within document\n        1.2 = k1, term saturation parameter\n        0.75 = b, length normalization parameter\n        7.0 = dl, length of field\n        3.75 = avgdl, average length of field\n  0.25007844 = FunctionQuery(scale(float(f),0.0,1.0)), product of:\n    0.25007844 = scale(float(f)=0.13063121,toMin=0.0,toMax=1.0,fromMin=-5.7751045,fromMax=17.840431)\n    1.0 = boost\n
fqbool	scale(float(f),0.0,1.0)	explain 7	0.575614 = sum of:\n  0.33106714 = weight(body:red in 7) [BM25Similarity], result of:\n    0.33106714 = score(freq=1.0), computed as boost * idf * tf from:\n      0.6687557 = idf, computed as log(1 + (N - n + 0.5) / (n + 0.5)) from:\n        41 = n, number of documents containing term\n        80 = N, total number of documents with field\n      0.49504948 = tf, computed as freq / (freq + k1 * (1 - b + b * dl / avgdl)) from:\n        1.0 = freq, occurrences of term within document\n        1.2 = k1, term saturation parameter\n        0.75 = b, length normalization parameter\n        3.0 = dl, length of field\n        3.75 = avgdl, average length of field\n  0.24454683 = FunctionQuery(scale(float(f),0.0,1.0)), product of:\n    0.24454683 = scale(float(f)=0.0,toMin=0.0,toMax=1.0,fromMin=-5.7751045,fromMax=17.840431)\n    1.0 = boost\n
fqbool	scale(float(f),0.0,1.0)	explain 29	0.0 = Failure to meet condition(s) of required/prohibited clause(s)\n  0.0 = no match on required clause (body:red)\n    0.0 = no matching term\n  0.70372653 = FunctionQuery(scale(float(f),0.0,1.0)), product of:\n    0.70372653 = scale(float(f)=10.843775,toMin=0.0,toMax=1.0,fromMin=-5.7751045,fromMax=17.840431)\n    1.0 = boost\n
fqbool	scale(float(f),0.0,1.0)	explain 61	1.3087819 = sum of:\n  0.33106714 = weight(body:red in 15) [BM25Similarity], result of:\n    0.33106714 = score(freq=1.0), computed as boost * idf * tf from:\n      0.6687557 = idf, computed as log(1 + (N - n + 0.5) / (n + 0.5)) from:\n        41 = n, number of documents containing term\n        80 = N, total number of documents with field\n      0.49504948 = tf, computed as freq / (freq + k1 * (1 - b + b * dl / avgdl)) from:\n        1.0 = freq, occurrences of term within document\n        1.2 = k1, term saturation parameter\n        0.75 = b, length normalization parameter\n        3.0 = dl, length of field\n        3.75 = avgdl, average length of field\n  0.9777147 = FunctionQuery(scale(float(f),0.0,1.0)), product of:\n    0.9777147 = scale(float(f)=17.314152,toMin=0.0,toMax=1.0,fromMin=-5.7751045,fromMax=17.840431)\n    1.0 = boost\n
fq	query(t:red,0.5)	hits	71 3:3f000000,4:3f000000,10:3f000000,11:3f000000,12:3f000000,15:3f000000,16:3f000000,17:3f000000,19:3f000000,20:3f000000,21:3f000000,23:3f000000,25:3f000000,26:3f000000,27:3f000000,29:3f000000,33:3f000000,37:3f000000,44:3f000000,46:3f000000,47:3f000000,51:3f000000,54:3f000000,57:3f000000,58:3f000000,60:3f000000,62:3f000000,63:3f000000,64:3f000000,69:3f000000,74:3f000000,78:3f000000,79:3f000000,50:3eff864a,9:3ef65542,31:3ef120fa,48:3ef120fa,45:3ee444c4,41:3ede56ee,49:3ede56ee,52:3ede56ee,2:3ed8b5f0,14:3ed2102b,68:3ece444e,42:3ec3a8a9,6:3ec05c76,39:3ec05c76,65:3ec05c76,55:3eb71a68,70:3eb71a68,77:3eb71a68,0:3eac0fcf,24:3eac0fcf,38:3eac0fcf,7:3ea981a2,30:3ea981a2,61:3ea981a2,75:3ea981a2,8:3e978177,13:3e978177,18:3e978177,35:3e978177,22:3e88f610,28:3e88f610,1:3e79edda,73:3e79edda,76:3e79edda,5:3e65ccf4,36:3e65ccf4,71:3e65ccf4,72:3e65ccf4,
fq	query(t:red,0.5)	explain 0	0.3360581 = FunctionQuery(query(body:red,def=0.5)), product of:\n  0.3360581 = query(body:red,def=0.5)=0.3360581\n  1.0 = boost\n
fq	query(t:red,0.5)	explain 7	0.33106714 = FunctionQuery(query(body:red,def=0.5)), product of:\n  0.33106714 = query(body:red,def=0.5)=0.33106714\n  1.0 = boost\n
fq	query(t:red,0.5)	explain 29	0.5 = FunctionQuery(query(body:red,def=0.5)), product of:\n  0.5 = query(body:red,def=0.5)=0.5\n  1.0 = boost\n
fq	query(t:red,0.5)	explain 61	0.33106714 = FunctionQuery(query(body:red,def=0.5)), product of:\n  0.33106714 = query(body:red,def=0.5)=0.33106714\n  1.0 = boost\n
fqboost	query(t:red,0.5)	hits	71 3:3fa00000,4:3fa00000,10:3fa00000,11:3fa00000,12:3fa00000,15:3fa00000,16:3fa00000,17:3fa00000,19:3fa00000,20:3fa00000,21:3fa00000,23:3fa00000,25:3fa00000,26:3fa00000,27:3fa00000,29:3fa00000,33:3fa00000,37:3fa00000,44:3fa00000,46:3fa00000,47:3fa00000,51:3fa00000,54:3fa00000,57:3fa00000,58:3fa00000,60:3fa00000,62:3fa00000,63:3fa00000,64:3fa00000,69:3fa00000,74:3fa00000,78:3fa00000,79:3fa00000,50:3f9fb3ee,9:3f99f549,31:3f96b49c,48:3f96b49c,45:3f8eaafa,41:3f8af655,49:3f8af655,52:3f8af655,2:3f8771b6,14:3f834a1b,68:3f80eab1,42:3f7492d3,6:3f707394,39:3f707394,65:3f707394,55:3f64e102,70:3f64e102,77:3f64e102,0:3f5713c3,24:3f5713c3,38:3f5713c3,7:3f53e20a,30:3f53e20a,61:3f53e20a,75:3f53e20a,8:3f3d61d5,13:3f3d61d5,18:3f3d61d5,35:3f3d61d5,22:3f2b3394,28:3f2b3394,1:3f1c34a8,73:3f1c34a8,76:3f1c34a8,5:3f0fa018,36:3f0fa018,71:3f0fa018,72:3f0fa018,
fqboost	query(t:red,0.5)	explain 0	0.8401453 = FunctionQuery(query(body:red,def=0.5)), product of:\n  0.3360581 = query(body:red,def=0.5)=0.3360581\n  2.5 = boost\n
fqboost	query(t:red,0.5)	explain 7	0.82766783 = FunctionQuery(query(body:red,def=0.5)), product of:\n  0.33106714 = query(body:red,def=0.5)=0.33106714\n  2.5 = boost\n
fqboost	query(t:red,0.5)	explain 29	1.25 = FunctionQuery(query(body:red,def=0.5)), product of:\n  0.5 = query(body:red,def=0.5)=0.5\n  2.5 = boost\n
fqboost	query(t:red,0.5)	explain 61	0.82766783 = FunctionQuery(query(body:red,def=0.5)), product of:\n  0.33106714 = query(body:red,def=0.5)=0.33106714\n  2.5 = boost\n
fqbool	query(t:red,0.5)	hits	38 50:3f7f864a,9:3f765542,31:3f7120fa,48:3f7120fa,45:3f6444c4,41:3f5e56ee,49:3f5e56ee,52:3f5e56ee,2:3f58b5f0,14:3f52102b,68:3f4e444e,42:3f43a8a9,6:3f405c76,39:3f405c76,65:3f405c76,55:3f371a68,70:3f371a68,77:3f371a68,0:3f2c0fcf,24:3f2c0fcf,38:3f2c0fcf,7:3f2981a2,30:3f2981a2,61:3f2981a2,75:3f2981a2,8:3f178177,13:3f178177,18:3f178177,35:3f178177,22:3f08f610,28:3f08f610,1:3ef9edda,73:3ef9edda,76:3ef9edda,5:3ee5ccf4,36:3ee5ccf4,71:3ee5ccf4,72:3ee5ccf4,
fqbool	query(t:red,0.5)	explain 0	0.6721162 = sum of:\n  0.3360581 = weight(body:red in 0) [BM25Similarity], result of:\n    0.3360581 = score(freq=2.0), computed as boost * idf * tf from:\n      0.6687557 = idf, computed as log(1 + (N - n + 0.5) / (n + 0.5)) from:\n        41 = n, number of documents containing term\n        80 = N, total number of documents with field\n      0.5025125 = tf, computed as freq / (freq + k1 * (1 - b + b * dl / avgdl)) from:\n        2.0 = freq, occurrences of term within document\n        1.2 = k1, term saturation parameter\n        0.75 = b, length normalization parameter\n        7.0 = dl, length of field\n        3.75 = avgdl, average length of field\n  0.3360581 = FunctionQuery(query(body:red,def=0.5)), product of:\n    0.3360581 = query(body:red,def=0.5)=0.3360581\n    1.0 = boost\n
fqbool	query(t:red,0.5)	explain 7	0.6621343 = sum of:\n  0.33106714 = weight(body:red in 7) [BM25Similarity], result of:\n    0.33106714 = score(freq=1.0), computed as boost * idf * tf from:\n      0.6687557 = idf, computed as log(1 + (N - n + 0.5) / (n + 0.5)) from:\n        41 = n, number of documents containing term\n        80 = N, total number of documents with field\n      0.49504948 = tf, computed as freq / (freq + k1 * (1 - b + b * dl / avgdl)) from:\n        1.0 = freq, occurrences of term within document\n        1.2 = k1, term saturation parameter\n        0.75 = b, length normalization parameter\n        3.0 = dl, length of field\n        3.75 = avgdl, average length of field\n  0.33106714 = FunctionQuery(query(body:red,def=0.5)), product of:\n    0.33106714 = query(body:red,def=0.5)=0.33106714\n    1.0 = boost\n
fqbool	query(t:red,0.5)	explain 29	0.0 = Failure to meet condition(s) of required/prohibited clause(s)\n  0.0 = no match on required clause (body:red)\n    0.0 = no matching term\n  0.5 = FunctionQuery(query(body:red,def=0.5)), product of:\n    0.5 = query(body:red,def=0.5)=0.5\n    1.0 = boost\n
fqbool	query(t:red,0.5)	explain 61	0.6621343 = sum of:\n  0.33106714 = weight(body:red in 15) [BM25Similarity], result of:\n    0.33106714 = score(freq=1.0), computed as boost * idf * tf from:\n      0.6687557 = idf, computed as log(1 + (N - n + 0.5) / (n + 0.5)) from:\n        41 = n, number of documents containing term\n        80 = N, total number of documents with field\n      0.49504948 = tf, computed as freq / (freq + k1 * (1 - b + b * dl / avgdl)) from:\n        1.0 = freq, occurrences of term within document\n        1.2 = k1, term saturation parameter\n        0.75 = b, length normalization parameter\n        3.0 = dl, length of field\n        3.75 = avgdl, average length of field\n  0.33106714 = FunctionQuery(query(body:red,def=0.5)), product of:\n    0.33106714 = query(body:red,def=0.5)=0.33106714\n    1.0 = boost\n
fq	termfreq(body,red)	hits	71 2:40400000,31:40400000,45:40400000,48:40400000,50:40400000,68:40400000,0:40000000,9:40000000,14:40000000,24:40000000,38:40000000,42:40000000,55:40000000,70:40000000,77:40000000,1:3f800000,5:3f800000,6:3f800000,7:3f800000,8:3f800000,13:3f800000,18:3f800000,22:3f800000,28:3f800000,30:3f800000,35:3f800000,36:3f800000,39:3f800000,41:3f800000,49:3f800000,52:3f800000,61:3f800000,65:3f800000,71:3f800000,72:3f800000,73:3f800000,75:3f800000,76:3f800000,3:0,4:0,10:0,11:0,12:0,15:0,16:0,17:0,19:0,20:0,21:0,23:0,25:0,26:0,27:0,29:0,33:0,37:0,44:0,46:0,47:0,51:0,54:0,57:0,58:0,60:0,62:0,63:0,64:0,69:0,74:0,78:0,79:0,
fq	termfreq(body,red)	explain 0	2.0 = FunctionQuery(termfreq(body,red)), product of:\n  2.0 = termfreq(body,red)=2\n  1.0 = boost\n
fq	termfreq(body,red)	explain 7	1.0 = FunctionQuery(termfreq(body,red)), product of:\n  1.0 = termfreq(body,red)=1\n  1.0 = boost\n
fq	termfreq(body,red)	explain 29	0.0 = FunctionQuery(termfreq(body,red)), product of:\n  0.0 = termfreq(body,red)=0\n  1.0 = boost\n
fq	termfreq(body,red)	explain 61	1.0 = FunctionQuery(termfreq(body,red)), product of:\n  1.0 = termfreq(body,red)=1\n  1.0 = boost\n
fqboost	termfreq(body,red)	hits	71 2:40f00000,31:40f00000,45:40f00000,48:40f00000,50:40f00000,68:40f00000,0:40a00000,9:40a00000,14:40a00000,24:40a00000,38:40a00000,42:40a00000,55:40a00000,70:40a00000,77:40a00000,1:40200000,5:40200000,6:40200000,7:40200000,8:40200000,13:40200000,18:40200000,22:40200000,28:40200000,30:40200000,35:40200000,36:40200000,39:40200000,41:40200000,49:40200000,52:40200000,61:40200000,65:40200000,71:40200000,72:40200000,73:40200000,75:40200000,76:40200000,3:0,4:0,10:0,11:0,12:0,15:0,16:0,17:0,19:0,20:0,21:0,23:0,25:0,26:0,27:0,29:0,33:0,37:0,44:0,46:0,47:0,51:0,54:0,57:0,58:0,60:0,62:0,63:0,64:0,69:0,74:0,78:0,79:0,
fqboost	termfreq(body,red)	explain 0	5.0 = FunctionQuery(termfreq(body,red)), product of:\n  2.0 = termfreq(body,red)=2\n  2.5 = boost\n
fqboost	termfreq(body,red)	explain 7	2.5 = FunctionQuery(termfreq(body,red)), product of:\n  1.0 = termfreq(body,red)=1\n  2.5 = boost\n
fqboost	termfreq(body,red)	explain 29	0.0 = FunctionQuery(termfreq(body,red)), product of:\n  0.0 = termfreq(body,red)=0\n  2.5 = boost\n
fqboost	termfreq(body,red)	explain 61	2.5 = FunctionQuery(termfreq(body,red)), product of:\n  1.0 = termfreq(body,red)=1\n  2.5 = boost\n
fqbool	termfreq(body,red)	hits	38 50:405ff0c9,31:405e241f,48:405e241f,45:405c8898,2:405b16be,68:4059c88a,9:401ecaa8,14:401a4205,42:40187515,55:4016e34d,70:4016e34d,77:4016e34d,0:401581fa,24:401581fa,38:401581fa,41:3fb795bc,49:3fb795bc,52:3fb795bc,6:3fb0171e,39:3fb0171e,65:3fb0171e,7:3faa6068,30:3faa6068,61:3faa6068,75:3faa6068,8:3fa5e05e,13:3fa5e05e,18:3fa5e05e,35:3fa5e05e,22:3fa23d84,28:3fa23d84,1:3f9f3dbb,73:3f9f3dbb,76:3f9f3dbb,5:3f9cb99e,36:3f9cb99e,71:3f9cb99e,72:3f9cb99e,
fqbool	termfreq(body,red)	explain 0	2.3360581 = sum of:\n  0.3360581 = weight(body:red in 0) [BM25Similarity], result of:\n    0.3360581 = score(freq=2.0), computed as boost * idf * tf from:\n      0.6687557 = idf, computed as log(1 + (N - n + 0.5) / (n + 0.5)) from:\n        41 = n, number of documents containing term\n        80 = N, total number of documents with field\n      0.5025125 = tf, computed as freq / (freq + k1 * (1 - b + b * dl / avgdl)) from:\n        2.0 = freq, occurrences of term within document\n        1.2 = k1, term saturation parameter\n        0.75 = b, length normalization parameter\n        7.0 = dl, length of field\n        3.75 = avgdl, average length of field\n  2.0 = FunctionQuery(termfreq(body,red)), product of:\n    2.0 = termfreq(body,red)=2\n    1.0 = boost\n
fqbool	termfreq(body,red)	explain 7	1.3310671 = sum of:\n  0.33106714 = weight(body:red in 7) [BM25Similarity], result of:\n    0.33106714 = score(freq=1.0), computed as boost * idf * tf from:\n      0.6687557 = idf, computed as log(1 + (N - n + 0.5) / (n + 0.5)) from:\n        41 = n, number of documents containing term\n        80 = N, total number of documents with field\n      0.49504948 = tf, computed as freq / (freq + k1 * (1 - b + b * dl / avgdl)) from:\n        1.0 = freq, occurrences of term within document\n        1.2 = k1, term saturation parameter\n        0.75 = b, length normalization parameter\n        3.0 = dl, length of field\n        3.75 = avgdl, average length of field\n  1.0 = FunctionQuery(termfreq(body,red)), product of:\n    1.0 = termfreq(body,red)=1\n    1.0 = boost\n
fqbool	termfreq(body,red)	explain 29	0.0 = Failure to meet condition(s) of required/prohibited clause(s)\n  0.0 = no match on required clause (body:red)\n    0.0 = no matching term\n  0.0 = FunctionQuery(termfreq(body,red)), product of:\n    0.0 = termfreq(body,red)=0\n    1.0 = boost\n
fqbool	termfreq(body,red)	explain 61	1.3310671 = sum of:\n  0.33106714 = weight(body:red in 15) [BM25Similarity], result of:\n    0.33106714 = score(freq=1.0), computed as boost * idf * tf from:\n      0.6687557 = idf, computed as log(1 + (N - n + 0.5) / (n + 0.5)) from:\n        41 = n, number of documents containing term\n        80 = N, total number of documents with field\n      0.49504948 = tf, computed as freq / (freq + k1 * (1 - b + b * dl / avgdl)) from:\n        1.0 = freq, occurrences of term within document\n        1.2 = k1, term saturation parameter\n        0.75 = b, length normalization parameter\n        3.0 = dl, length of field\n        3.75 = avgdl, average length of field\n  1.0 = FunctionQuery(termfreq(body,red)), product of:\n    1.0 = termfreq(body,red)=1\n    1.0 = boost\n
fq	docfreq(body,blue)	hits	71 0:42080000,1:42080000,2:42080000,3:42080000,4:42080000,5:42080000,6:42080000,7:42080000,8:42080000,9:42080000,10:42080000,11:42080000,12:42080000,13:42080000,14:42080000,15:42080000,16:42080000,17:42080000,18:42080000,19:42080000,20:42080000,21:42080000,22:42080000,23:42080000,24:42080000,25:42080000,26:42080000,27:42080000,28:42080000,29:42080000,30:42080000,31:42080000,33:42080000,35:42080000,36:42080000,37:42080000,38:42080000,39:42080000,41:42080000,42:42080000,44:42080000,45:42080000,46:42080000,47:42080000,48:42080000,49:42080000,50:42080000,51:42080000,52:42080000,54:42080000,55:42080000,57:42080000,58:42080000,60:42080000,61:42080000,62:42080000,63:42080000,64:42080000,65:42080000,68:42080000,69:42080000,70:42080000,71:42080000,72:42080000,73:42080000,74:42080000,75:42080000,76:42080000,77:42080000,78:42080000,79:42080000,
fq	docfreq(body,blue)	explain 0	34.0 = FunctionQuery(docfreq(body,blue)), product of:\n  34.0 = docfreq(body,blue)=34\n  1.0 = boost\n
fq	docfreq(body,blue)	explain 7	34.0 = FunctionQuery(docfreq(body,blue)), product of:\n  34.0 = docfreq(body,blue)=34\n  1.0 = boost\n
fq	docfreq(body,blue)	explain 29	34.0 = FunctionQuery(docfreq(body,blue)), product of:\n  34.0 = docfreq(body,blue)=34\n  1.0 = boost\n
fq	docfreq(body,blue)	explain 61	34.0 = FunctionQuery(docfreq(body,blue)), product of:\n  34.0 = docfreq(body,blue)=34\n  1.0 = boost\n
fqboost	docfreq(body,blue)	hits	71 0:42aa0000,1:42aa0000,2:42aa0000,3:42aa0000,4:42aa0000,5:42aa0000,6:42aa0000,7:42aa0000,8:42aa0000,9:42aa0000,10:42aa0000,11:42aa0000,12:42aa0000,13:42aa0000,14:42aa0000,15:42aa0000,16:42aa0000,17:42aa0000,18:42aa0000,19:42aa0000,20:42aa0000,21:42aa0000,22:42aa0000,23:42aa0000,24:42aa0000,25:42aa0000,26:42aa0000,27:42aa0000,28:42aa0000,29:42aa0000,30:42aa0000,31:42aa0000,33:42aa0000,35:42aa0000,36:42aa0000,37:42aa0000,38:42aa0000,39:42aa0000,41:42aa0000,42:42aa0000,44:42aa0000,45:42aa0000,46:42aa0000,47:42aa0000,48:42aa0000,49:42aa0000,50:42aa0000,51:42aa0000,52:42aa0000,54:42aa0000,55:42aa0000,57:42aa0000,58:42aa0000,60:42aa0000,61:42aa0000,62:42aa0000,63:42aa0000,64:42aa0000,65:42aa0000,68:42aa0000,69:42aa0000,70:42aa0000,71:42aa0000,72:42aa0000,73:42aa0000,74:42aa0000,75:42aa0000,76:42aa0000,77:42aa0000,78:42aa0000,79:42aa0000,
fqboost	docfreq(body,blue)	explain 0	85.0 = FunctionQuery(docfreq(body,blue)), product of:\n  34.0 = docfreq(body,blue)=34\n  2.5 = boost\n
fqboost	docfreq(body,blue)	explain 7	85.0 = FunctionQuery(docfreq(body,blue)), product of:\n  34.0 = docfreq(body,blue)=34\n  2.5 = boost\n
fqboost	docfreq(body,blue)	explain 29	85.0 = FunctionQuery(docfreq(body,blue)), product of:\n  34.0 = docfreq(body,blue)=34\n  2.5 = boost\n
fqboost	docfreq(body,blue)	explain 61	85.0 = FunctionQuery(docfreq(body,blue)), product of:\n  34.0 = docfreq(body,blue)=34\n  2.5 = boost\n
fqbool	docfreq(body,blue)	hits	38 50:4209ff0d,9:4209ecab,31:4209e242,48:4209e242,45:4209c88a,41:4209bcae,49:4209bcae,52:4209bcae,2:4209b16c,14:4209a420,68:42099c89,42:42098751,6:420980b9,39:420980b9,65:420980b9,55:42096e35,70:42096e35,77:42096e35,0:42095820,24:42095820,38:42095820,7:42095303,30:42095303,61:42095303,75:42095303,8:42092f03,13:42092f03,18:42092f03,35:42092f03,22:420911ec,28:420911ec,1:4208f9ee,73:4208f9ee,76:4208f9ee,5:4208e5cd,36:4208e5cd,71:4208e5cd,72:4208e5cd,
fqbool	docfreq(body,blue)	explain 0	34.33606 = sum of:\n  0.3360581 = weight(body:red in 0) [BM25Similarity], result of:\n    0.3360581 = score(freq=2.0), computed as boost * idf * tf from:\n      0.6687557 = idf, computed as log(1 + (N - n + 0.5) / (n + 0.5)) from:\n        41 = n, number of documents containing term\n        80 = N, total number of documents with field\n      0.5025125 = tf, computed as freq / (freq + k1 * (1 - b + b * dl / avgdl)) from:\n        2.0 = freq, occurrences of term within document\n        1.2 = k1, term saturation parameter\n        0.75 = b, length normalization parameter\n        7.0 = dl, length of field\n        3.75 = avgdl, average length of field\n  34.0 = FunctionQuery(docfreq(body,blue)), product of:\n    34.0 = docfreq(body,blue)=34\n    1.0 = boost\n
fqbool	docfreq(body,blue)	explain 7	34.331066 = sum of:\n  0.33106714 = weight(body:red in 7) [BM25Similarity], result of:\n    0.33106714 = score(freq=1.0), computed as boost * idf * tf from:\n      0.6687557 = idf, computed as log(1 + (N - n + 0.5) / (n + 0.5)) from:\n        41 = n, number of documents containing term\n        80 = N, total number of documents with field\n      0.49504948 = tf, computed as freq / (freq + k1 * (1 - b + b * dl / avgdl)) from:\n        1.0 = freq, occurrences of term within document\n        1.2 = k1, term saturation parameter\n        0.75 = b, length normalization parameter\n        3.0 = dl, length of field\n        3.75 = avgdl, average length of field\n  34.0 = FunctionQuery(docfreq(body,blue)), product of:\n    34.0 = docfreq(body,blue)=34\n    1.0 = boost\n
fqbool	docfreq(body,blue)	explain 29	0.0 = Failure to meet condition(s) of required/prohibited clause(s)\n  0.0 = no match on required clause (body:red)\n    0.0 = no matching term\n  34.0 = FunctionQuery(docfreq(body,blue)), product of:\n    34.0 = docfreq(body,blue)=34\n    1.0 = boost\n
fqbool	docfreq(body,blue)	explain 61	34.331066 = sum of:\n  0.33106714 = weight(body:red in 15) [BM25Similarity], result of:\n    0.33106714 = score(freq=1.0), computed as boost * idf * tf from:\n      0.6687557 = idf, computed as log(1 + (N - n + 0.5) / (n + 0.5)) from:\n        41 = n, number of documents containing term\n        80 = N, total number of documents with field\n      0.49504948 = tf, computed as freq / (freq + k1 * (1 - b + b * dl / avgdl)) from:\n        1.0 = freq, occurrences of term within document\n        1.2 = k1, term saturation parameter\n        0.75 = b, length normalization parameter\n        3.0 = dl, length of field\n        3.75 = avgdl, average length of field\n  34.0 = FunctionQuery(docfreq(body,blue)), product of:\n    34.0 = docfreq(body,blue)=34\n    1.0 = boost\n
fq	pow(int(i),const(2.5))	hits	71 9:46146a91,57:460b15a8,63:460b15a8,13:46021d35,54:46021d35,14:45f30000,38:45f30000,61:45f30000,79:45c37ea1,1:45b504f3,21:45b504f3,78:45b504f3,2:458d8764,16:458d8764,55:4581a44e,77:4581a44e,72:456cbfec,36:45576eff,52:45576eff,35:45435000,42:45305cff,12:451e8feb,49:451e8feb,6:44fc9d4f,29:44fc9d4f,48:44df9b57,24:4494f27b,30:4494f27b,22:44800000,41:44800000,74:44800000,37:4459daf6,27:4437575a,5:43f96a52,20:43f96a52,44:43f96a52,3:439e1d27,65:439e1d27,28:43730000,31:433504f3,46:433504f3,76:433504f3,7:42b05cff,33:42b05cff,4:425f9b57,15:42000000,17:41796a52,68:41796a52,0:0,8:0,10:0,11:0,18:0,19:0,23:0,25:0,26:0,39:0,45:0,47:0,50:0,51:0,58:0,60:0,62:0,64:0,69:0,70:0,71:0,73:0,75:0,
fq	pow(int(i),const(2.5))	explain 0	0.0 = FunctionQuery(pow(int(i),const(2.5))), product of:\n  0.0 = pow(int(i)=0,const(2.5))\n  1.0 = boost\n
fq	pow(int(i),const(2.5))	explain 7	88.18163 = FunctionQuery(pow(int(i),const(2.5))), product of:\n  88.18163 = pow(int(i)=6,const(2.5))\n  1.0 = boost\n
fq	pow(int(i),const(2.5))	explain 29	2020.9159 = FunctionQuery(pow(int(i),const(2.5))), product of:\n  2020.9159 = pow(int(i)=21,const(2.5))\n  1.0 = boost\n
fq	pow(int(i),const(2.5))	explain 61	7776.0 = FunctionQuery(pow(int(i),const(2.5))), product of:\n  7776.0 = pow(int(i)=36,const(2.5))\n  1.0 = boost\n
fqboost	pow(int(i),const(2.5))	hits	71 9:46b98535,57:46addb12,63:46addb12,13:46a2a482,54:46a2a482,14:4697e000,38:4697e000,61:4697e000,79:46745e49,1:46624630,21:46624630,78:46624630,2:4630e93d,16:4630e93d,55:46220d62,77:46220d62,72:4613f7f4,36:4606a55f,52:4606a55f,35:45f42400,42:45dc743f,12:45c633e6,49:45c633e6,6:459de251,29:459de251,48:458bc116,24:453a2f1a,30:453a2f1a,22:45200000,41:45200000,74:45200000,37:450828da,27:44e52d30,5:449be273,20:449be273,44:449be273,3:4445a471,65:4445a471,28:4417e000,31:43e24630,46:43e24630,76:43e24630,7:435c743f,33:435c743f,4:430bc116,15:42a00000,17:421be273,68:421be273,0:0,8:0,10:0,11:0,18:0,19:0,23:0,25:0,26:0,39:0,45:0,47:0,50:0,51:0,58:0,60:0,62:0,64:0,69:0,70:0,71:0,73:0,75:0,
fqboost	pow(int(i),const(2.5))	explain 0	0.0 = FunctionQuery(pow(int(i),const(2.5))), product of:\n  0.0 = pow(int(i)=0,const(2.5))\n  2.5 = boost\n
fqboost	pow(int(i),const(2.5))	explain 7	220.45409 = FunctionQuery(pow(int(i),const(2.5))), product of:\n  88.18163 = pow(int(i)=6,const(2.5))\n  2.5 = boost\n
fqboost	pow(int(i),const(2.5))	explain 29	5052.2896 = FunctionQuery(pow(int(i),const(2.5))), product of:\n  2020.9159 = pow(int(i)=21,const(2.5))\n  2.5 = boost\n
fqboost	pow(int(i),const(2.5))	explain 61	19440.0 = FunctionQuery(pow(int(i),const(2.5))), product of:\n  7776.0 = pow(int(i)=36,const(2.5))\n  2.5 = boost\n
fqbool	pow(int(i),const(2.5))	hits	38 9:46146c7e,13:46021e64,14:45f30348,38:45f302b0,61:45f302a6,1:45b506e7,2:458d8ac7,55:4581a72a,77:4581a72a,72:456cc383,52:455775f2,36:45577296,35:454354bc,42:4530631c,49:451e96de,6:44fca955,48:44dfaa69,24:4494fd3c,30:4494fd13,41:44800de5,22:4480088f,5:43f9870c,65:439e4d3e,28:4373447b,31:43357d83,76:4335436e,7:42b10681,68:417fdc74,50:3eff864a,45:3ee444c4,39:3ec05c76,70:3eb71a68,0:3eac0fcf,75:3ea981a2,8:3e978177,18:3e978177,73:3e79edda,71:3e65ccf4,
fqbool	pow(int(i),const(2.5))	explain 0	0.3360581 = sum of:\n  0.3360581 = weight(body:red in 0) [BM25Similarity], result of:\n    0.3360581 = score(freq=2.0), computed as boost * idf * tf from:\n      0.6687557 = idf, computed as log(1 + (N - n + 0.5) / (n + 0.5)) from:\n        41 = n, number of documents containing term\n        80 = N, total number of documents with field\n      0.5025125 = tf, computed as freq / (freq + k1 * (1 - b + b * dl / avgdl)) from:\n        2.0 = freq, occurrences of term within document\n        1.2 = k1, term saturation parameter\n        0.75 = b, length normalization parameter\n        7.0 = dl, length of field\n        3.75 = avgdl, average length of field\n  0.0 = FunctionQuery(pow(int(i),const(2.5))), product of:\n    0.0 = pow(int(i)=0,const(2.5))\n    1.0 = boost\n
fqbool	pow(int(i),const(2.5))	explain 7	88.5127 = sum of:\n  0.33106714 = weight(body:red in 7) [BM25Similarity], result of:\n    0.33106714 = score(freq=1.0), computed as boost * idf * tf from:\n      0.6687557 = idf, computed as log(1 + (N - n + 0.5) / (n + 0.5)) from:\n        41 = n, number of documents containing term\n        80 = N, total number of documents with field\n      0.49504948 = tf, computed as freq / (freq + k1 * (1 - b + b * dl / avgdl)) from:\n        1.0 = freq, occurrences of term within document\n        1.2 = k1, term saturation parameter\n        0.75 = b, length normalization parameter\n        3.0 = dl, length of field\n        3.75 = avgdl, average length of field\n  88.18163 = FunctionQuery(pow(int(i),const(2.5))), product of:\n    88.18163 = pow(int(i)=6,const(2.5))\n    1.0 = boost\n
fqbool	pow(int(i),const(2.5))	explain 29	0.0 = Failure to meet condition(s) of required/prohibited clause(s)\n  0.0 = no match on required clause (body:red)\n    0.0 = no matching term\n  2020.9159 = FunctionQuery(pow(int(i),const(2.5))), product of:\n    2020.9159 = pow(int(i)=21,const(2.5))\n    1.0 = boost\n
fqbool	pow(int(i),const(2.5))	explain 61	7776.331 = sum of:\n  0.33106714 = weight(body:red in 15) [BM25Similarity], result of:\n    0.33106714 = score(freq=1.0), computed as boost * idf * tf from:\n      0.6687557 = idf, computed as log(1 + (N - n + 0.5) / (n + 0.5)) from:\n        41 = n, number of documents containing term\n        80 = N, total number of documents with field\n      0.49504948 = tf, computed as freq / (freq + k1 * (1 - b + b * dl / avgdl)) from:\n        1.0 = freq, occurrences of term within document\n        1.2 = k1, term saturation parameter\n        0.75 = b, length normalization parameter\n        3.0 = dl, length of field\n        3.75 = avgdl, average length of field\n  7776.0 = FunctionQuery(pow(int(i),const(2.5))), product of:\n    7776.0 = pow(int(i)=36,const(2.5))\n    1.0 = boost\n
fq	mdouble(md,MAX)	hits	71 2:4106db6e,27:4106db6e,58:41024925,9:41000000,6:40f6db6e,41:40f6db6e,19:40edb6db,39:40edb6db,62:40edb6db,70:40edb6db,8:40e92492,29:40e92492,33:40e92492,48:40e49249,1:40e00000,45:40e00000,31:40d6db6e,73:40d6db6e,26:40d24925,68:40c92492,12:40c49249,63:40c00000,44:40b6db6e,61:40b6db6e,71:40b6db6e,13:40a92492,22:40a00000,0:409b6db7,55:4096db6e,65:4096db6e,15:408db6db,54:40800000,46:4076db6e,52:406db6db,76:40524925,42:40400000,24:40249249,75:401b6db7,64:40000000,57:3fedb6db,60:3f800000,51:3f36db6e,79:3f36db6e,35:3f124925,69:3edb6db7,25:3e924925,11:3e124925,3:0,4:0,5:0,7:0,10:0,14:0,16:0,17:0,18:0,20:0,21:0,23:0,28:0,30:0,36:0,37:0,38:0,47:0,49:0,50:0,72:0,74:0,77:0,78:0,
fq	mdouble(md,MAX)	explain 0	4.857143 = FunctionQuery(double(md,MAX)), product of:\n  4.857143 = double(md,MAX)=4.857142857142857\n  1.0 = boost\n
fq	mdouble(md,MAX)	explain 7	0.0 = FunctionQuery(double(md,MAX)), product of:\n  0.0 = double(md,MAX)=0.0\n  1.0 = boost\n
fq	mdouble(md,MAX)	explain 29	7.285714 = FunctionQuery(double(md,MAX)), product of:\n  7.285714 = double(md,MAX)=7.285714285714286\n  1.0 = boost\n
fq	mdouble(md,MAX)	explain 61	5.714286 = FunctionQuery(double(md,MAX)), product of:\n  5.714286 = double(md,MAX)=5.714285714285714\n  1.0 = boost\n
fqboost	mdouble(md,MAX)	hits	71 2:41a8924a,27:41a8924a,58:41a2db6e,9:41a00000,6:419a4925,41:419a4925,19:41949249,39:41949249,62:41949249,70:41949249,8:4191b6db,29:4191b6db,33:4191b6db,48:418edb6e,1:418c0000,45:418c0000,31:41864925,73:41864925,26:41836db7,68:417b6db6,12:4175b6db,63:41700000,44:4164924a,61:4164924a,71:4164924a,13:41536db6,22:41480000,0:41424925,55:413c924a,65:413c924a,15:41312492,54:41200000,46:411a4925,52:41149249,76:41036db7,42:40f00000,24:40cdb6db,75:40c24925,64:40a00000,57:40949249,60:40200000,51:3fe4924a,79:3fe4924a,35:3fb6db6e,69:3f892492,25:3f36db6e,11:3eb6db6e,3:0,4:0,5:0,7:0,10:0,14:0,16:0,17:0,18:0,20:0,21:0,23:0,28:0,30:0,36:0,37:0,38:0,47:0,49:0,50:0,72:0,74:0,77:0,78:0,
fqboost	mdouble(md,MAX)	explain 0	12.142858 = FunctionQuery(double(md,MAX)), product of:\n  4.857143 = double(md,MAX)=4.857142857142857\n  2.5 = boost\n
fqboost	mdouble(md,MAX)	explain 7	0.0 = FunctionQuery(double(md,MAX)), product of:\n  0.0 = double(md,MAX)=0.0\n  2.5 = boost\n
fqboost	mdouble(md,MAX)	explain 29	18.214285 = FunctionQuery(double(md,MAX)), product of:\n  7.285714 = double(md,MAX)=7.285714285714286\n  2.5 = boost\n
fqboost	mdouble(md,MAX)	explain 61	14.285715 = FunctionQuery(double(md,MAX)), product of:\n  5.714286 = double(md,MAX)=5.714285714285714\n  2.5 = boost\n
fqbool	mdouble(md,MAX)	hits	38 2:410da11e,9:4107b2aa,41:4102606e,6:4101709b,39:40f9bca2,70:40f92882,48:40f3a459,8:40f29ca9,45:40ee444c,1:40e7cf6f,31:40e5ed7e,73:40deaadd,68:40d608d7,61:40c17388,71:40be09d6,13:40b29ca9,22:40a88f61,0:40a62eb4,65:40a2e135,55:40a24d14,52:4084c0dc,76:4061e803,42:40587515,24:403a1443,75:40309deb,35:3f5e09e0,50:3eff864a,49:3ede56ee,14:3ed2102b,77:3eb71a68,38:3eac0fcf,7:3ea981a2,30:3ea981a2,18:3e978177,28:3e88f610,5:3e65ccf4,36:3e65ccf4,72:3e65ccf4,
fqbool	mdouble(md,MAX)	explain 0	5.193201 = sum of:\n  0.3360581 = weight(body:red in 0) [BM25Similarity], result of:\n    0.3360581 = score(freq=2.0), computed as boost * idf * tf from:\n      0.6687557 = idf, computed as log(1 + (N - n + 0.5) / (n + 0.5)) from:\n        41 = n, number of documents containing term\n        80 = N, total number of documents with field\n      0.5025125 = tf, computed as freq / (freq + k1 * (1 - b + b * dl / avgdl)) from:\n        2.0 = freq, occurrences of term within document\n        1.2 = k1, term saturation parameter\n        0.75 = b, length normalization parameter\n        7.0 = dl, length of field\n        3.75 = avgdl, average length of field\n  4.857143 = FunctionQuery(double(md,MAX)), product of:\n    4.857143 = double(md,MAX)=4.857142857142857\n    1.0 = boost\n
fqbool	mdouble(md,MAX)	explain 7	0.33106714 = sum of:\n  0.33106714 = weight(body:red in 7) [BM25Similarity], result of:\n    0.33106714 = score(freq=1.0), computed as boost * idf * tf from:\n      0.6687557 = idf, computed as log(1 + (N - n + 0.5) / (n + 0.5)) from:\n        41 = n, number of documents containing term\n        80 = N, total number of documents with field\n      0.49504948 = tf, computed as freq / (freq + k1 * (1 - b + b * dl / avgdl)) from:\n        1.0 = freq, occurrences of term within document\n        1.2 = k1, term saturation parameter\n        0.75 = b, length normalization parameter\n        3.0 = dl, length of field\n        3.75 = avgdl, average length of field\n  0.0 = FunctionQuery(double(md,MAX)), product of:\n    0.0 = double(md,MAX)=0.0\n    1.0 = boost\n
fqbool	mdouble(md,MAX)	explain 29	0.0 = Failure to meet condition(s) of required/prohibited clause(s)\n  0.0 = no match on required clause (body:red)\n    0.0 = no matching term\n  7.285714 = FunctionQuery(double(md,MAX)), product of:\n    7.285714 = double(md,MAX)=7.285714285714286\n    1.0 = boost\n
fqbool	mdouble(md,MAX)	explain 61	6.045353 = sum of:\n  0.33106714 = weight(body:red in 15) [BM25Similarity], result of:\n    0.33106714 = score(freq=1.0), computed as boost * idf * tf from:\n      0.6687557 = idf, computed as log(1 + (N - n + 0.5) / (n + 0.5)) from:\n        41 = n, number of documents containing term\n        80 = N, total number of documents with field\n      0.49504948 = tf, computed as freq / (freq + k1 * (1 - b + b * dl / avgdl)) from:\n        1.0 = freq, occurrences of term within document\n        1.2 = k1, term saturation parameter\n        0.75 = b, length normalization parameter\n        3.0 = dl, length of field\n        3.75 = avgdl, average length of field\n  5.714286 = FunctionQuery(double(md,MAX)), product of:\n    5.714286 = double(md,MAX)=5.714285714285714\n    1.0 = boost\n
fq	fsim(EUCLIDEAN,fvec(fv),cfvec(0.5,-1.0,2.0,0.25))	hits	71 70:3eac3edf,74:3ea72f04,57:3e8fb824,8:3e756a98,10:3e537606,4:3e4f9a47,76:3e471ffc,30:3e3b1e0f,1:3e2a4fd6,78:3e27407f,50:3e217357,52:3e16fa0e,73:3e0df9ca,55:3e0ab4d6,9:3e09382d,71:3e06deb4,21:3e05cfff,31:3e03bf1d,77:3dfdb36a,18:3df9129b,5:3def7650,13:3de2bc9d,14:3ddc27e6,16:3dbe4a55,0:3db724b0,26:3da542e0,37:3da36a45,15:3da0f982,23:3da09891,49:3d9a6b9d,25:3d8e1950,51:3d8bc578,64:3d83c48a,36:3d7eafd0,19:3d7990dd,17:3d7586d8,69:3d72e7e7,63:3d5eb311,39:3d5b9861,60:3d5aa84c,68:3d51eaae,11:3d43dd1c,38:3d35dcd2,33:3d350f05,65:3d2a4b4d,62:3d2a2715,7:3d266b64,72:3d188979,2:0,3:0,6:0,12:0,20:0,22:0,24:0,27:0,28:0,29:0,35:0,41:0,42:0,44:0,45:0,46:0,47:0,48:0,54:0,58:0,61:0,75:0,79:0,
fq	fsim(EUCLIDEAN,fvec(fv),cfvec(0.5,-1.0,2.0,0.25))	explain 0	0.089425445 = FunctionQuery(EUCLIDEAN(FloatKnnVectorFieldSource(fv), ConstKnnFloatValueSource([0.5, -1.0, 2.0, 0.25]))), product of:\n  0.089425445 = EUCLIDEAN(FloatKnnVectorFieldSource(fv), ConstKnnFloatValueSource([0.5, -1.0, 2.0, 0.25])) = 0.089425445\n  1.0 = boost\n
fq	fsim(EUCLIDEAN,fvec(fv),cfvec(0.5,-1.0,2.0,0.25))	explain 7	0.04062976 = FunctionQuery(EUCLIDEAN(FloatKnnVectorFieldSource(fv), ConstKnnFloatValueSource([0.5, -1.0, 2.0, 0.25]))), product of:\n  0.04062976 = EUCLIDEAN(FloatKnnVectorFieldSource(fv), ConstKnnFloatValueSource([0.5, -1.0, 2.0, 0.25])) = 0.04062976\n  1.0 = boost\n
fq	fsim(EUCLIDEAN,fvec(fv),cfvec(0.5,-1.0,2.0,0.25))	explain 29	0.0 = FunctionQuery(EUCLIDEAN(FloatKnnVectorFieldSource(fv), ConstKnnFloatValueSource([0.5, -1.0, 2.0, 0.25]))), product of:\n  0.0 = EUCLIDEAN(FloatKnnVectorFieldSource(fv), ConstKnnFloatValueSource([0.5, -1.0, 2.0, 0.25])) = 0.0\n  1.0 = boost\n
fq	fsim(EUCLIDEAN,fvec(fv),cfvec(0.5,-1.0,2.0,0.25))	explain 61	0.0 = FunctionQuery(EUCLIDEAN(FloatKnnVectorFieldSource(fv), ConstKnnFloatValueSource([0.5, -1.0, 2.0, 0.25]))), product of:\n  0.0 = EUCLIDEAN(FloatKnnVectorFieldSource(fv), ConstKnnFloatValueSource([0.5, -1.0, 2.0, 0.25])) = 0.0\n  1.0 = boost\n
fqboost	fsim(EUCLIDEAN,fvec(fv),cfvec(0.5,-1.0,2.0,0.25))	hits	71 70:3f574e97,74:3f50fac5,57:3f33a62d,8:3f19629f,10:3f0429c4,4:3f01c06c,76:3ef8e7fb,30:3ee9e593,1:3ed4e3cc,78:3ed1109f,50:3ec9d02d,52:3ebcb892,73:3eb1783c,55:3ead620c,9:3eab8638,71:3ea89661,21:3ea743ff,31:3ea4aee4,77:3e9e9022,18:3e9baba1,5:3e95a9f2,13:3e8db5e2,14:3e8998f0,16:3e6ddcea,0:3e64eddc,26:3e4e9398,37:3e4c44d6,15:3e4937e2,23:3e48beb5,49:3e410684,25:3e319fa4,51:3e2eb6d6,64:3e24b5ac,36:3e1f2de2,19:3e1bfa8a,17:3e197447,69:3e17d0f0,63:3e0b2feb,39:3e093f3d,60:3e08a930,68:3e0332ad,11:3df4d463,38:3de35406,33:3de252c6,65:3dd4de20,62:3dd4b0da,7:3dd0063d,72:3dbeabd7,2:0,3:0,6:0,12:0,20:0,22:0,24:0,27:0,28:0,29:0,35:0,41:0,42:0,44:0,45:0,46:0,47:0,48:0,54:0,58:0,61:0,75:0,79:0,
fqboost	fsim(EUCLIDEAN,fvec(fv),cfvec(0.5,-1.0,2.0,0.25))	explain 0	0.22356361 = FunctionQuery(EUCLIDEAN(FloatKnnVectorFieldSource(fv), ConstKnnFloatValueSource([0.5, -1.0, 2.0, 0.25]))), product of:\n  0.089425445 = EUCLIDEAN(FloatKnnVectorFieldSource(fv), ConstKnnFloatValueSource([0.5, -1.0, 2.0, 0.25])) = 0.089425445\n  2.5 = boost\n
fqboost	fsim(EUCLIDEAN,fvec(fv),cfvec(0.5,-1.0,2.0,0.25))	explain 7	0.1015744 = FunctionQuery(EUCLIDEAN(FloatKnnVectorFieldSource(fv), ConstKnnFloatValueSource([0.5, -1.0, 2.0, 0.25]))), product of:\n  0.04062976 = EUCLIDEAN(FloatKnnVectorFieldSource(fv), ConstKnnFloatValueSource([0.5, -1.0, 2.0, 0.25])) = 0.04062976\n  2.5 = boost\n
fqboost	fsim(EUCLIDEAN,fvec(fv),cfvec(0.5,-1.0,2.0,0.25))	explain 29	0.0 = FunctionQuery(EUCLIDEAN(FloatKnnVectorFieldSource(fv), ConstKnnFloatValueSource([0.5, -1.0, 2.0, 0.25]))), product of:\n  0.0 = EUCLIDEAN(FloatKnnVectorFieldSource(fv), ConstKnnFloatValueSource([0.5, -1.0, 2.0, 0.25])) = 0.0\n  2.5 = boost\n
fqboost	fsim(EUCLIDEAN,fvec(fv),cfvec(0.5,-1.0,2.0,0.25))	explain 61	0.0 = FunctionQuery(EUCLIDEAN(FloatKnnVectorFieldSource(fv), ConstKnnFloatValueSource([0.5, -1.0, 2.0, 0.25]))), product of:\n  0.0 = EUCLIDEAN(FloatKnnVectorFieldSource(fv), ConstKnnFloatValueSource([0.5, -1.0, 2.0, 0.25])) = 0.0\n  2.5 = boost\n
fqbool	fsim(EUCLIDEAN,fvec(fv),cfvec(0.5,-1.0,2.0,0.25))	hits	38 70:3f31aca4,50:3f281ffb,9:3f1d78ac,31:3f198044,52:3f14e9fa,8:3f091b62,14:3f048d12,30:3f038855,49:3f0278eb,55:3efc74d3,77:3ef68742,48:3ef120fa,68:3ee881a4,45:3ee444c4,76:3ee086eb,41:3ede56ee,39:3edbcf82,0:3ed9d8fb,2:3ed8b5f0,18:3ed5c61e,65:3ed5a5e0,1:3ed21ed8,13:3ed0309e,73:3ec3f3d2,42:3ec3a8a9,38:3ec2cb69,6:3ec05c76,7:3ebe4f0e,71:3eb655d4,5:3eaec40e,24:3eac0fcf,61:3ea981a2,75:3ea981a2,35:3e978177,36:3e92bc74,22:3e88f610,28:3e88f610,72:3e85f7a9,
fqbool	fsim(EUCLIDEAN,fvec(fv),cfvec(0.5,-1.0,2.0,0.25))	explain 0	0.42548355 = sum of:\n  0.3360581 = weight(body:red in 0) [BM25Similarity], result of:\n    0.3360581 = score(freq=2.0), computed as boost * idf * tf from:\n      0.6687557 = idf, computed as log(1 + (N - n + 0.5) / (n + 0.5)) from:\n        41 = n, number of documents containing term\n        80 = N, total number of documents with field\n      0.5025125 = tf, computed as freq / (freq + k1 * (1 - b + b * dl / avgdl)) from:\n        2.0 = freq, occurrences of term within document\n        1.2 = k1, term saturation parameter\n        0.75 = b, length normalization parameter\n        7.0 = dl, length of field\n        3.75 = avgdl, average length of field\n  0.089425445 = FunctionQuery(EUCLIDEAN(FloatKnnVectorFieldSource(fv), ConstKnnFloatValueSource([0.5, -1.0, 2.0, 0.25]))), product of:\n    0.089425445 = EUCLIDEAN(FloatKnnVectorFieldSource(fv), ConstKnnFloatValueSource([0.5, -1.0, 2.0, 0.25])) = 0.089425445\n    1.0 = boost\n
fqbool	fsim(EUCLIDEAN,fvec(fv),cfvec(0.5,-1.0,2.0,0.25))	explain 7	0.3716969 = sum of:\n  0.33106714 = weight(body:red in 7) [BM25Similarity], result of:\n    0.33106714 = score(freq=1.0), computed as boost * idf * tf from:\n      0.6687557 = idf, computed as log(1 + (N - n + 0.5) / (n + 0.5)) from:\n        41 = n, number of documents containing term\n        80 = N, total number of documents with field\n      0.49504948 = tf, computed as freq / (freq + k1 * (1 - b + b * dl / avgdl)) from:\n        1.0 = freq, occurrences of term within document\n        1.2 = k1, term saturation parameter\n        0.75 = b, length normalization parameter\n        3.0 = dl, length of field\n        3.75 = avgdl, average length of field\n  0.04062976 = FunctionQuery(EUCLIDEAN(FloatKnnVectorFieldSource(fv), ConstKnnFloatValueSource([0.5, -1.0, 2.0, 0.25]))), product of:\n    0.04062976 = EUCLIDEAN(FloatKnnVectorFieldSource(fv), ConstKnnFloatValueSource([0.5, -1.0, 2.0, 0.25])) = 0.04062976\n    1.0 = boost\n
fqbool	fsim(EUCLIDEAN,fvec(fv),cfvec(0.5,-1.0,2.0,0.25))	explain 29	0.0 = Failure to meet condition(s) of required/prohibited clause(s)\n  0.0 = no match on required clause (body:red)\n    0.0 = no matching term\n  0.0 = FunctionQuery(EUCLIDEAN(FloatKnnVectorFieldSource(fv), ConstKnnFloatValueSource([0.5, -1.0, 2.0, 0.25]))), product of:\n    0.0 = EUCLIDEAN(FloatKnnVectorFieldSource(fv), ConstKnnFloatValueSource([0.5, -1.0, 2.0, 0.25])) = 0.0\n    1.0 = boost\n
fqbool	fsim(EUCLIDEAN,fvec(fv),cfvec(0.5,-1.0,2.0,0.25))	explain 61	0.33106714 = sum of:\n  0.33106714 = weight(body:red in 15) [BM25Similarity], result of:\n    0.33106714 = score(freq=1.0), computed as boost * idf * tf from:\n      0.6687557 = idf, computed as log(1 + (N - n + 0.5) / (n + 0.5)) from:\n        41 = n, number of documents containing term\n        80 = N, total number of documents with field\n      0.49504948 = tf, computed as freq / (freq + k1 * (1 - b + b * dl / avgdl)) from:\n        1.0 = freq, occurrences of term within document\n        1.2 = k1, term saturation parameter\n        0.75 = b, length normalization parameter\n        3.0 = dl, length of field\n        3.75 = avgdl, average length of field\n  0.0 = FunctionQuery(EUCLIDEAN(FloatKnnVectorFieldSource(fv), ConstKnnFloatValueSource([0.5, -1.0, 2.0, 0.25]))), product of:\n    0.0 = EUCLIDEAN(FloatKnnVectorFieldSource(fv), ConstKnnFloatValueSource([0.5, -1.0, 2.0, 0.25])) = 0.0\n    1.0 = boost\n
fq	bytes(s)	hits	!UnsupportedOperationException
fq	bytes(s)	explain 0	!UnsupportedOperationException
fq	bytes(s)	explain 7	!UnsupportedOperationException
fq	bytes(s)	explain 29	!UnsupportedOperationException
fq	bytes(s)	explain 61	!UnsupportedOperationException
fqboost	bytes(s)	hits	!UnsupportedOperationException
fqboost	bytes(s)	explain 0	!UnsupportedOperationException
fqboost	bytes(s)	explain 7	!UnsupportedOperationException
fqboost	bytes(s)	explain 29	!UnsupportedOperationException
fqboost	bytes(s)	explain 61	!UnsupportedOperationException
fqbool	bytes(s)	hits	!UnsupportedOperationException
fqbool	bytes(s)	explain 0	!UnsupportedOperationException
fqbool	bytes(s)	explain 7	!UnsupportedOperationException
fqbool	bytes(s)	explain 29	!UnsupportedOperationException
fqbool	bytes(s)	explain 61	!UnsupportedOperationException
fq	fromdvs(dint(i))	hits	71 9:421c0000,57:42180000,63:42180000,13:42140000,54:42140000,14:42100000,38:42100000,61:42100000,79:42040000,1:42000000,21:42000000,78:42000000,2:41e80000,16:41e80000,55:41e00000,77:41e00000,72:41d80000,36:41d00000,52:41d00000,35:41c80000,42:41c00000,12:41b80000,49:41b80000,6:41a80000,29:41a80000,48:41a00000,24:41880000,30:41880000,22:41800000,41:41800000,74:41800000,37:41700000,27:41600000,5:41400000,20:41400000,44:41400000,3:41200000,65:41200000,28:41100000,31:41000000,46:41000000,76:41000000,7:40c00000,33:40c00000,4:40a00000,15:40800000,17:40400000,68:40400000,0:0,8:0,10:0,11:0,18:0,19:0,23:0,25:0,26:0,39:0,45:0,47:0,50:0,51:0,58:0,60:0,62:0,64:0,69:0,70:0,71:0,73:0,75:0,
fq	fromdvs(dint(i))	explain 0	0.0 = FunctionQuery(double(i)), product of:\n  0.0 = double(i)\n  1.0 = boost\n
fq	fromdvs(dint(i))	explain 7	6.0 = FunctionQuery(double(i)), product of:\n  6.0 = double(i)\n  1.0 = boost\n
fq	fromdvs(dint(i))	explain 29	21.0 = FunctionQuery(double(i)), product of:\n  21.0 = double(i)\n  1.0 = boost\n
fq	fromdvs(dint(i))	explain 61	36.0 = FunctionQuery(double(i)), product of:\n  36.0 = double(i)\n  1.0 = boost\n
fqboost	fromdvs(dint(i))	hits	71 9:42c30000,57:42be0000,63:42be0000,13:42b90000,54:42b90000,14:42b40000,38:42b40000,61:42b40000,79:42a50000,1:42a00000,21:42a00000,78:42a00000,2:42910000,16:42910000,55:428c0000,77:428c0000,72:42870000,36:42820000,52:42820000,35:427a0000,42:42700000,12:42660000,49:42660000,6:42520000,29:42520000,48:42480000,24:422a0000,30:422a0000,22:42200000,41:42200000,74:42200000,37:42160000,27:420c0000,5:41f00000,20:41f00000,44:41f00000,3:41c80000,65:41c80000,28:41b40000,31:41a00000,46:41a00000,76:41a00000,7:41700000,33:41700000,4:41480000,15:41200000,17:40f00000,68:40f00000,0:0,8:0,10:0,11:0,18:0,19:0,23:0,25:0,26:0,39:0,45:0,47:0,50:0,51:0,58:0,60:0,62:0,64:0,69:0,70:0,71:0,73:0,75:0,
fqboost	fromdvs(dint(i))	explain 0	0.0 = FunctionQuery(double(i)), product of:\n  0.0 = double(i)\n  2.5 = boost\n
fqboost	fromdvs(dint(i))	explain 7	15.0 = FunctionQuery(double(i)), product of:\n  6.0 = double(i)\n  2.5 = boost\n
fqboost	fromdvs(dint(i))	explain 29	52.5 = FunctionQuery(double(i)), product of:\n  21.0 = double(i)\n  2.5 = boost\n
fqboost	fromdvs(dint(i))	explain 61	90.0 = FunctionQuery(double(i)), product of:\n  36.0 = double(i)\n  2.5 = boost\n
fqbool	fromdvs(dint(i))	hits	38 9:421decab,13:42152f03,14:4211a420,38:42115820,61:42115303,1:4200f9ee,2:41eb62d8,55:41e2dc6a,77:41e2dc6a,72:41d9cb9a,52:41d3795c,36:41d1cb9a,35:41ca5e06,42:41c30ea3,49:41bb795c,6:41ab0172,48:41a3c484,24:418ab03f,30:418aa607,41:4183795c,22:418223d8,5:41439734,65:412602e4,28:411447b0,31:41078908,76:4103e7b7,7:40ca981a,68:4059c88a,50:3eff864a,45:3ee444c4,39:3ec05c76,70:3eb71a68,0:3eac0fcf,75:3ea981a2,8:3e978177,18:3e978177,73:3e79edda,71:3e65ccf4,
fqbool	fromdvs(dint(i))	explain 0	0.3360581 = sum of:\n  0.3360581 = weight(body:red in 0) [BM25Similarity], result of:\n    0.3360581 = score(freq=2.0), computed as boost * idf * tf from:\n      0.6687557 = idf, computed as log(1 + (N - n + 0.5) / (n + 0.5)) from:\n        41 = n, number of documents containing term\n        80 = N, total number of documents with field\n      0.5025125 = tf, computed as freq / (freq + k1 * (1 - b + b * dl / avgdl)) from:\n        2.0 = freq, occurrences of term within document\n        1.2 = k1, term saturation parameter\n        0.75 = b, length normalization parameter\n        7.0 = dl, length of field\n        3.75 = avgdl, average length of field\n  0.0 = FunctionQuery(double(i)), product of:\n    0.0 = double(i)\n    1.0 = boost\n
fqbool	fromdvs(dint(i))	explain 7	6.331067 = sum of:\n  0.33106714 = weight(body:red in 7) [BM25Similarity], result of:\n    0.33106714 = score(freq=1.0), computed as boost * idf * tf from:\n      0.6687557 = idf, computed as log(1 + (N - n + 0.5) / (n + 0.5)) from:\n        41 = n, number of documents containing term\n        80 = N, total number of documents with field\n      0.49504948 = tf, computed as freq / (freq + k1 * (1 - b + b * dl / avgdl)) from:\n        1.0 = freq, occurrences of term within document\n        1.2 = k1, term saturation parameter\n        0.75 = b, length normalization parameter\n        3.0 = dl, length of field\n        3.75 = avgdl, average length of field\n  6.0 = FunctionQuery(double(i)), product of:\n    6.0 = double(i)\n    1.0 = boost\n
fqbool	fromdvs(dint(i))	explain 29	0.0 = Failure to meet condition(s) of required/prohibited clause(s)\n  0.0 = no match on required clause (body:red)\n    0.0 = no matching term\n  21.0 = FunctionQuery(double(i)), product of:\n    21.0 = double(i)\n    1.0 = boost\n
fqbool	fromdvs(dint(i))	explain 61	36.331066 = sum of:\n  0.33106714 = weight(body:red in 15) [BM25Similarity], result of:\n    0.33106714 = score(freq=1.0), computed as boost * idf * tf from:\n      0.6687557 = idf, computed as log(1 + (N - n + 0.5) / (n + 0.5)) from:\n        41 = n, number of documents containing term\n        80 = N, total number of documents with field\n      0.49504948 = tf, computed as freq / (freq + k1 * (1 - b + b * dl / avgdl)) from:\n        1.0 = freq, occurrences of term within document\n        1.2 = k1, term saturation parameter\n        0.75 = b, length normalization parameter\n        3.0 = dl, length of field\n        3.75 = avgdl, average length of field\n  36.0 = FunctionQuery(double(i)), product of:\n    36.0 = double(i)\n    1.0 = boost\n
fq	joindf(k,body)	hits	71 1:42240000,13:42240000,23:42240000,33:42240000,46:42240000,47:42240000,73:42240000,11:42180000,35:42180000,37:42180000,44:42180000,57:42180000,58:42180000,60:42180000,38:42080000,52:42080000,69:42080000,70:42080000,3:41d00000,6:41d00000,14:41d00000,21:41d00000,22:41d00000,41:41d00000,48:41d00000,50:41d00000,61:41d00000,71:41d00000,74:41d00000,75:41d00000,8:41c80000,28:41c80000,31:41c80000,63:41c80000,77:41c80000,10:41b00000,39:41b00000,62:41b00000,0:41900000,2:41900000,16:41900000,18:41900000,19:41900000,25:41900000,26:41900000,27:41900000,45:41900000,78:41900000,79:41900000,4:0,5:0,7:0,9:0,12:0,15:0,17:0,20:0,24:0,29:0,30:0,36:0,42:0,49:0,51:0,54:0,55:0,64:0,65:0,68:0,72:0,76:0,
fq	joindf(k,body)	explain 0	18.0 = FunctionQuery(joindf(k:(body))), product of:\n  18.0 = joindf(k:(body))=18\n  1.0 = boost\n
fq	joindf(k,body)	explain 7	0.0 = FunctionQuery(joindf(k:(body))), product of:\n  0.0 = joindf(k:(body))=0\n  1.0 = boost\n
fq	joindf(k,body)	explain 29	0.0 = FunctionQuery(joindf(k:(body))), product of:\n  0.0 = joindf(k:(body))=0\n  1.0 = boost\n
fq	joindf(k,body)	explain 61	26.0 = FunctionQuery(joindf(k:(body))), product of:\n  26.0 = joindf(k:(body))=26\n  1.0 = boost\n
fqboost	joindf(k,body)	hits	71 1:42cd0000,13:42cd0000,23:42cd0000,33:42cd0000,46:42cd0000,47:42cd0000,73:42cd0000,11:42be0000,35:42be0000,37:42be0000,44:42be0000,57:42be0000,58:42be0000,60:42be0000,38:42aa0000,52:42aa0000,69:42aa0000,70:42aa0000,3:42820000,6:42820000,14:42820000,21:42820000,22:42820000,41:42820000,48:42820000,50:42820000,61:42820000,71:42820000,74:42820000,75:42820000,8:427a0000,28:427a0000,31:427a0000,63:427a0000,77:427a0000,10:425c0000,39:425c0000,62:425c0000,0:42340000,2:42340000,16:42340000,18:42340000,19:42340000,25:42340000,26:42340000,27:42340000,45:42340000,78:42340000,79:42340000,4:0,5:0,7:0,9:0,12:0,15:0,17:0,20:0,24:0,29:0,30:0,36:0,42:0,49:0,51:0,54:0,55:0,64:0,65:0,68:0,72:0,76:0,
fqboost	joindf(k,body)	explain 0	45.0 = FunctionQuery(joindf(k:(body))), product of:\n  18.0 = joindf(k:(body))=18\n  2.5 = boost\n
fqboost	joindf(k,body)	explain 7	0.0 = FunctionQuery(joindf(k:(body))), product of:\n  0.0 = joindf(k:(body))=0\n  2.5 = boost\n
fqboost	joindf(k,body)	explain 29	0.0 = FunctionQuery(joindf(k:(body))), product of:\n  0.0 = joindf(k:(body))=0\n  2.5 = boost\n
fqboost	joindf(k,body)	explain 61	65.0 = FunctionQuery(joindf(k:(body))), product of:\n  26.0 = joindf(k:(body))=26\n  2.5 = boost\n
fqbool	joindf(k,body)	hits	38 13:42252f03,1:4224f9ee,73:4224f9ee,35:42192f03,52:4209bcae,70:42096e35,38:42095820,50:41d3fe19,48:41d3c484,41:41d3795c,14:41d34841,6:41d30172,61:41d2a607,75:41d2a607,22:41d223d8,71:41d1cb9a,31:41cbc484,77:41cadc6a,8:41ca5e06,28:41ca23d8,39:41b30172,45:41939113,2:419362d8,0:4192b03f,18:41925e06,9:3ef65542,49:3ede56ee,68:3ece444e,42:3ec3a8a9,65:3ec05c76,55:3eb71a68,24:3eac0fcf,7:3ea981a2,30:3ea981a2,76:3e79edda,5:3e65ccf4,36:3e65ccf4,72:3e65ccf4,
fqbool	joindf(k,body)	explain 0	18.336058 = sum of:\n  0.3360581 = weight(body:red in 0) [BM25Similarity], result of:\n    0.3360581 = score(freq=2.0), computed as boost * idf * tf from:\n      0.6687557 = idf, computed as log(1 + (N - n + 0.5) / (n + 0.5)) from:\n        41 = n, number of documents containing term\n        80 = N, total number of documents with field\n      0.5025125 = tf, computed as freq / (freq + k1 * (1 - b + b * dl / avgdl)) from:\n        2.0 = freq, occurrences of term within document\n        1.2 = k1, term saturation parameter\n        0.75 = b, length normalization parameter\n        7.0 = dl, length of field\n        3.75 = avgdl, average length of field\n  18.0 = FunctionQuery(joindf(k:(body))), product of:\n    18.0 = joindf(k:(body))=18\n    1.0 = boost\n
fqbool	joindf(k,body)	explain 7	0.33106714 = sum of:\n  0.33106714 = weight(body:red in 7) [BM25Similarity], result of:\n    0.33106714 = score(freq=1.0), computed as boost * idf * tf from:\n      0.6687557 = idf, computed as log(1 + (N - n + 0.5) / (n + 0.5)) from:\n        41 = n, number of documents containing term\n        80 = N, total number of documents with field\n      0.49504948 = tf, computed as freq / (freq + k1 * (1 - b + b * dl / avgdl)) from:\n        1.0 = freq, occurrences of term within document\n        1.2 = k1, term saturation parameter\n        0.75 = b, length normalization parameter\n        3.0 = dl, length of field\n        3.75 = avgdl, average length of field\n  0.0 = FunctionQuery(joindf(k:(body))), product of:\n    0.0 = joindf(k:(body))=0\n    1.0 = boost\n
fqbool	joindf(k,body)	explain 29	0.0 = Failure to meet condition(s) of required/prohibited clause(s)\n  0.0 = no match on required clause (body:red)\n    0.0 = no matching term\n  0.0 = FunctionQuery(joindf(k:(body))), product of:\n    0.0 = joindf(k:(body))=0\n    1.0 = boost\n
fqbool	joindf(k,body)	explain 61	26.331068 = sum of:\n  0.33106714 = weight(body:red in 15) [BM25Similarity], result of:\n    0.33106714 = score(freq=1.0), computed as boost * idf * tf from:\n      0.6687557 = idf, computed as log(1 + (N - n + 0.5) / (n + 0.5)) from:\n        41 = n, number of documents containing term\n        80 = N, total number of documents with field\n      0.49504948 = tf, computed as freq / (freq + k1 * (1 - b + b * dl / avgdl)) from:\n        1.0 = freq, occurrences of term within document\n        1.2 = k1, term saturation parameter\n        0.75 = b, length normalization parameter\n        3.0 = dl, length of field\n        3.75 = avgdl, average length of field\n  26.0 = FunctionQuery(joindf(k:(body))), product of:\n    26.0 = joindf(k:(body))=26\n    1.0 = boost\n
fq	map(float(f),-1.0,1.0,int(i),const(-7.0))	hits	71 9:421c0000,57:42180000,21:42000000,77:41e00000,72:41d80000,49:41b80000,48:41a00000,76:41000000,7:40c00000,0:0,1:0,2:0,3:0,4:0,5:0,6:0,8:0,10:0,11:0,12:0,13:0,14:0,15:0,16:0,17:0,18:0,19:0,20:0,22:0,23:0,24:0,25:0,26:0,27:0,28:0,29:0,30:0,31:0,33:0,35:0,36:0,37:0,38:0,39:0,41:0,42:0,44:0,45:0,46:0,47:0,50:0,51:0,52:0,54:0,55:0,58:0,60:0,61:0,62:0,63:0,64:0,65:0,68:0,69:0,70:0,71:0,73:0,74:0,75:0,78:0,79:0,
fq	map(float(f),-1.0,1.0,int(i),const(-7.0))	explain 0	0.0 = FunctionQuery(map(float(f),-1.0,1.0,int(i),const(-7.0))), product of:\n  0.0 = map(float(f)=0.13063121,min=-1.0,max=1.0,target=int(i)=0,defaultVal=const(-7.0))\n  1.0 = boost\n
fq	map(float(f),-1.0,1.0,int(i),const(-7.0))	explain 7	6.0 = FunctionQuery(map(float(f),-1.0,1.0,int(i),const(-7.0))), product of:\n  6.0 = map(float(f)=0.0,min=-1.0,max=1.0,target=int(i)=6,defaultVal=const(-7.0))\n  1.0 = boost\n
fq	map(float(f),-1.0,1.0,int(i),const(-7.0))	explain 29	0.0 = FunctionQuery(map(float(f),-1.0,1.0,int(i),const(-7.0))), product of:\n  -7.0 = map(float(f)=10.843775,min=-1.0,max=1.0,target=int(i)=21,defaultVal=const(-7.0))\n  1.0 = boost\n
fq	map(float(f),-1.0,1.0,int(i),const(-7.0))	explain 61	0.0 = FunctionQuery(map(float(f),-1.0,1.0,int(i),const(-7.0))), product of:\n  -7.0 = map(float(f)=17.314152,min=-1.0,max=1.0,target=int(i)=36,defaultVal=const(-7.0))\n  1.0 = boost\n
fqboost	map(float(f),-1.0,1.0,int(i),const(-7.0))	hits	71 9:42c30000,57:42be0000,21:42a00000,77:428c0000,72:42870000,49:42660000,48:42480000,76:41a00000,7:41700000,0:0,1:0,2:0,3:0,4:0,5:0,6:0,8:0,10:0,11:0,12:0,13:0,14:0,15:0,16:0,17:0,18:0,19:0,20:0,22:0,23:0,24:0,25:0,26:0,27:0,28:0,29:0,30:0,31:0,33:0,35:0,36:0,37:0,38:0,39:0,41:0,42:0,44:0,45:0,46:0,47:0,50:0,51:0,52:0,54:0,55:0,58:0,60:0,61:0,62:0,63:0,64:0,65:0,68:0,69:0,70:0,71:0,73:0,74:0,75:0,78:0,79:0,
fqboost	map(float(f),-1.0,1.0,int(i),const(-7.0))	explain 0	0.0 = FunctionQuery(map(float(f),-1.0,1.0,int(i),const(-7.0))), product of:\n  0.0 = map(float(f)=0.13063121,min=-1.0,max=1.0,target=int(i)=0,defaultVal=const(-7.0))\n  2.5 = boost\n
fqboost	map(float(f),-1.0,1.0,int(i),const(-7.0))	explain 7	15.0 = FunctionQuery(map(float(f),-1.0,1.0,int(i),const(-7.0))), product of:\n  6.0 = map(float(f)=0.0,min=-1.0,max=1.0,target=int(i)=6,defaultVal=const(-7.0))\n  2.5 = boost\n
fqboost	map(float(f),-1.0,1.0,int(i),const(-7.0))	explain 29	0.0 = FunctionQuery(map(float(f),-1.0,1.0,int(i),const(-7.0))), product of:\n  -7.0 = map(float(f)=10.843775,min=-1.0,max=1.0,target=int(i)=21,defaultVal=const(-7.0))\n  2.5 = boost\n
fqboost	map(float(f),-1.0,1.0,int(i),const(-7.0))	explain 61	0.0 = FunctionQuery(map(float(f),-1.0,1.0,int(i),const(-7.0))), product of:\n  -7.0 = map(float(f)=17.314152,min=-1.0,max=1.0,target=int(i)=36,defaultVal=const(-7.0))\n  2.5 = boost\n
fqbool	map(float(f),-1.0,1.0,int(i),const(-7.0))	hits	38 9:421decab,77:41e2dc6a,72:41d9cb9a,49:41bb795c,48:41a3c484,76:4103e7b7,7:40ca981a,50:3eff864a,31:3ef120fa,45:3ee444c4,41:3ede56ee,52:3ede56ee,2:3ed8b5f0,14:3ed2102b,68:3ece444e,42:3ec3a8a9,6:3ec05c76,39:3ec05c76,65:3ec05c76,55:3eb71a68,70:3eb71a68,0:3eac0fcf,24:3eac0fcf,38:3eac0fcf,30:3ea981a2,61:3ea981a2,75:3ea981a2,8:3e978177,13:3e978177,18:3e978177,35:3e978177,22:3e88f610,28:3e88f610,1:3e79edda,73:3e79edda,5:3e65ccf4,36:3e65ccf4,71:3e65ccf4,
fqbool	map(float(f),-1.0,1.0,int(i),const(-7.0))	explain 0	0.3360581 = sum of:\n  0.3360581 = weight(body:red in 0) [BM25Similarity], result of:\n    0.3360581 = score(freq=2.0), computed as boost * idf * tf from:\n      0.6687557 = idf, computed as log(1 + (N - n + 0.5) / (n + 0.5)) from:\n        41 = n, number of documents containing term\n        80 = N, total number of documents with field\n      0.5025125 = tf, computed as freq / (freq + k1 * (1 - b + b * dl / avgdl)) from:\n        2.0 = freq, occurrences of term within document\n        1.2 = k1, term saturation parameter\n        0.75 = b, length normalization parameter\n        7.0 = dl, length of field\n        3.75 = avgdl, average length of field\n  0.0 = FunctionQuery(map(float(f),-1.0,1.0,int(i),const(-7.0))), product of:\n    0.0 = map(float(f)=0.13063121,min=-1.0,max=1.0,target=int(i)=0,defaultVal=const(-7.0))\n    1.0 = boost\n
fqbool	map(float(f),-1.0,1.0,int(i),const(-7.0))	explain 7	6.331067 = sum of:\n  0.33106714 = weight(body:red in 7) [BM25Similarity], result of:\n    0.33106714 = score(freq=1.0), computed as boost * idf * tf from:\n      0.6687557 = idf, computed as log(1 + (N - n + 0.5) / (n + 0.5)) from:\n        41 = n, number of documents containing term\n        80 = N, total number of documents with field\n      0.49504948 = tf, computed as freq / (freq + k1 * (1 - b + b * dl / avgdl)) from:\n        1.0 = freq, occurrences of term within document\n        1.2 = k1, term saturation parameter\n        0.75 = b, length normalization parameter\n        3.0 = dl, length of field\n        3.75 = avgdl, average length of field\n  6.0 = FunctionQuery(map(float(f),-1.0,1.0,int(i),const(-7.0))), product of:\n    6.0 = map(float(f)=0.0,min=-1.0,max=1.0,target=int(i)=6,defaultVal=const(-7.0))\n    1.0 = boost\n
fqbool	map(float(f),-1.0,1.0,int(i),const(-7.0))	explain 29	0.0 = Failure to meet condition(s) of required/prohibited clause(s)\n  0.0 = no match on required clause (body:red)\n    0.0 = no matching term\n  0.0 = FunctionQuery(map(float(f),-1.0,1.0,int(i),const(-7.0))), product of:\n    -7.0 = map(float(f)=10.843775,min=-1.0,max=1.0,target=int(i)=21,defaultVal=const(-7.0))\n    1.0 = boost\n
fqbool	map(float(f),-1.0,1.0,int(i),const(-7.0))	explain 61	0.33106714 = sum of:\n  0.33106714 = weight(body:red in 15) [BM25Similarity], result of:\n    0.33106714 = score(freq=1.0), computed as boost * idf * tf from:\n      0.6687557 = idf, computed as log(1 + (N - n + 0.5) / (n + 0.5)) from:\n        41 = n, number of documents containing term\n        80 = N, total number of documents with field\n      0.49504948 = tf, computed as freq / (freq + k1 * (1 - b + b * dl / avgdl)) from:\n        1.0 = freq, occurrences of term within document\n        1.2 = k1, term saturation parameter\n        0.75 = b, length normalization parameter\n        3.0 = dl, length of field\n        3.75 = avgdl, average length of field\n  0.0 = FunctionQuery(map(float(f),-1.0,1.0,int(i),const(-7.0))), product of:\n    -7.0 = map(float(f)=17.314152,min=-1.0,max=1.0,target=int(i)=36,defaultVal=const(-7.0))\n    1.0 = boost\n
fqclassic	tf(body,red)	hits	71 2:3fddb3d7,31:3fddb3d7,45:3fddb3d7,48:3fddb3d7,50:3fddb3d7,68:3fddb3d7,0:3fb504f3,9:3fb504f3,14:3fb504f3,24:3fb504f3,38:3fb504f3,42:3fb504f3,55:3fb504f3,70:3fb504f3,77:3fb504f3,1:3f800000,5:3f800000,6:3f800000,7:3f800000,8:3f800000,13:3f800000,18:3f800000,22:3f800000,28:3f800000,30:3f800000,35:3f800000,36:3f800000,39:3f800000,41:3f800000,49:3f800000,52:3f800000,61:3f800000,65:3f800000,71:3f800000,72:3f800000,73:3f800000,75:3f800000,76:3f800000,3:0,4:0,10:0,11:0,12:0,15:0,16:0,17:0,19:0,20:0,21:0,23:0,25:0,26:0,27:0,29:0,33:0,37:0,44:0,46:0,47:0,51:0,54:0,57:0,58:0,60:0,62:0,63:0,64:0,69:0,74:0,78:0,79:0,
fqclassic	tf(body,red)	explain 0	1.4142135 = FunctionQuery(tf(body,red)), product of:\n  1.4142135 = tf(body,red)=1.4142135\n  1.0 = boost\n
fqclassic	tf(body,red)	explain 7	1.0 = FunctionQuery(tf(body,red)), product of:\n  1.0 = tf(body,red)=1.0\n  1.0 = boost\n
fqclassic	tf(body,red)	explain 29	0.0 = FunctionQuery(tf(body,red)), product of:\n  0.0 = tf(body,red)=0.0\n  1.0 = boost\n
fqclassic	tf(body,red)	explain 61	1.0 = FunctionQuery(tf(body,red)), product of:\n  1.0 = tf(body,red)=1.0\n  1.0 = boost\n
fq	tf(body,red)	hits	!UnsupportedOperationException
fq	tf(body,red)	explain 0	!UnsupportedOperationException
fq	tf(body,red)	explain 7	!UnsupportedOperationException
fq	tf(body,red)	explain 29	!UnsupportedOperationException
fq	tf(body,red)	explain 61	!UnsupportedOperationException
fqclassic	idf(body,red)	hits	71 0:3fd4115a,1:3fd4115a,2:3fd4115a,3:3fd4115a,4:3fd4115a,5:3fd4115a,6:3fd4115a,7:3fd4115a,8:3fd4115a,9:3fd4115a,10:3fd4115a,11:3fd4115a,12:3fd4115a,13:3fd4115a,14:3fd4115a,15:3fd4115a,16:3fd4115a,17:3fd4115a,18:3fd4115a,19:3fd4115a,20:3fd4115a,21:3fd4115a,22:3fd4115a,23:3fd4115a,24:3fd4115a,25:3fd4115a,26:3fd4115a,27:3fd4115a,28:3fd4115a,29:3fd4115a,30:3fd4115a,31:3fd4115a,33:3fd4115a,35:3fd4115a,36:3fd4115a,37:3fd4115a,38:3fd4115a,39:3fd4115a,41:3fd4115a,42:3fd4115a,44:3fd4115a,45:3fd4115a,46:3fd4115a,47:3fd4115a,48:3fd4115a,49:3fd4115a,50:3fd4115a,51:3fd4115a,52:3fd4115a,54:3fd4115a,55:3fd4115a,57:3fd4115a,58:3fd4115a,60:3fd4115a,61:3fd4115a,62:3fd4115a,63:3fd4115a,64:3fd4115a,65:3fd4115a,68:3fd4115a,69:3fd4115a,70:3fd4115a,71:3fd4115a,72:3fd4115a,73:3fd4115a,74:3fd4115a,75:3fd4115a,76:3fd4115a,77:3fd4115a,78:3fd4115a,79:3fd4115a,
fqclassic	idf(body,red)	explain 0	1.6567795 = FunctionQuery(idf(body,red)), product of:\n  1.6567795 = idf(body,red)=1.6567795276641846\n  1.0 = boost\n
fqclassic	idf(body,red)	explain 7	1.6567795 = FunctionQuery(idf(body,red)), product of:\n  1.6567795 = idf(body,red)=1.6567795276641846\n  1.0 = boost\n
fqclassic	idf(body,red)	explain 29	1.6567795 = FunctionQuery(idf(body,red)), product of:\n  1.6567795 = idf(body,red)=1.6567795276641846\n  1.0 = boost\n
fqclassic	idf(body,red)	explain 61	1.6567795 = FunctionQuery(idf(body,red)), product of:\n  1.6567795 = idf(body,red)=1.6567795276641846\n  1.0 = boost\n
fq	idf(body,red)	hits	!UnsupportedOperationException
fq	idf(body,red)	explain 0	!UnsupportedOperationException
fq	idf(body,red)	explain 7	!UnsupportedOperationException
fq	idf(body,red)	explain 29	!UnsupportedOperationException
fq	idf(body,red)	explain 61	!UnsupportedOperationException
fqclassic	norm(body)	hits	71 16:3f800000,17:3f800000,19:3f800000,21:3f800000,33:3f800000,37:3f800000,41:3f800000,47:3f800000,49:3f800000,52:3f800000,54:3f800000,64:3f800000,74:3f800000,78:3f800000,3:3f3504f3,6:3f3504f3,9:3f3504f3,27:3f3504f3,39:3f3504f3,46:3f3504f3,58:3f3504f3,62:3f3504f3,65:3f3504f3,7:3f13cd3a,15:3f13cd3a,29:3f13cd3a,30:3f13cd3a,44:3f13cd3a,50:3f13cd3a,51:3f13cd3a,61:3f13cd3a,63:3f13cd3a,75:3f13cd3a,8:3f000000,13:3f000000,14:3f000000,18:3f000000,23:3f000000,31:3f000000,35:3f000000,48:3f000000,69:3f000000,12:3ee4f92e,20:3ee4f92e,22:3ee4f92e,25:3ee4f92e,26:3ee4f92e,28:3ee4f92e,42:3ee4f92e,45:3ee4f92e,57:3ee4f92e,1:3ed105ec,2:3ed105ec,10:3ed105ec,11:3ed105ec,55:3ed105ec,60:3ed105ec,70:3ed105ec,73:3ed105ec,76:3ed105ec,77:3ed105ec,0:3ec1848f,4:3ec1848f,5:3ec1848f,24:3ec1848f,36:3ec1848f,38:3ec1848f,68:3ec1848f,71:3ec1848f,72:3ec1848f,79:3ec1848f,
fqclassic	norm(body)	explain 0	0.37796447 = FunctionQuery(norm(body)), product of:\n  0.37796447 = norm(body)=0.37796447\n  1.0 = boost\n
fqclassic	norm(body)	explain 7	0.57735026 = FunctionQuery(norm(body)), product of:\n  0.57735026 = norm(body)=0.57735026\n  1.0 = boost\n
fqclassic	norm(body)	explain 29	0.57735026 = FunctionQuery(norm(body)), product of:\n  0.57735026 = norm(body)=0.57735026\n  1.0 = boost\n
fqclassic	norm(body)	explain 61	0.57735026 = FunctionQuery(norm(body)), product of:\n  0.57735026 = norm(body)=0.57735026\n  1.0 = boost\n
fq	norm(body)	hits	!UnsupportedOperationException
fq	norm(body)	explain 0	!UnsupportedOperationException
fq	norm(body)	explain 7	!UnsupportedOperationException
fq	norm(body)	explain 29	!UnsupportedOperationException
fq	norm(body)	explain 61	!UnsupportedOperationException
frange	int(i)|3|20|true|true	hits	23 48:41a00000,24:41880000,30:41880000,22:41800000,41:41800000,74:41800000,37:41700000,27:41600000,5:41400000,20:41400000,44:41400000,3:41200000,65:41200000,28:41100000,31:41000000,46:41000000,76:41000000,7:40c00000,33:40c00000,4:40a00000,15:40800000,17:40400000,68:40400000,
frange	int(i)|3|20|true|true	explain 0	0.0 = frange(int(i)):[3 TO 20]\n  0.0 = int(i)=0\n
frange	int(i)|3|20|true|true	explain 7	6.0 = frange(int(i)):[3 TO 20]\n  6.0 = int(i)=6\n
frange	int(i)|3|20|true|true	explain 29	0.0 = frange(int(i)):[3 TO 20]\n  21.0 = int(i)=21\n
frange	int(i)|3|20|true|true	explain 61	0.0 = frange(int(i)):[3 TO 20]\n  36.0 = int(i)=36\n
frangefilter	int(i)|3|20|true|true	hits	12 20:3f11a98a,44:3f10b296,17:3f0de0fb,65:3ef57f89,7:3ed85480,15:3ed85480,22:3eaecb74,76:3e9f7bf4,4:3e92a3cc,5:3e92a3cc,24:3e92a3cc,68:3e92a3cc,
frangefilter	int(i)|3|20|true|true	explain 0	0.0 = Failure to meet condition(s) of required/prohibited clause(s)\n  0.4288893 = weight(body:blue in 0) [BM25Similarity], result of:\n    0.4288893 = score(freq=2.0), computed as boost * idf * tf from:\n      0.8534898 = idf, computed as log(1 + (N - n + 0.5) / (n + 0.5)) from:\n        34 = n, number of documents containing term\n        80 = N, total number of documents with field\n      0.5025125 = tf, computed as freq / (freq + k1 * (1 - b + b * dl / avgdl)) from:\n        2.0 = freq, occurrences of term within document\n        1.2 = k1, term saturation parameter\n        0.75 = b, length normalization parameter\n        7.0 = dl, length of field\n        3.75 = avgdl, average length of field\n  0.0 = no match on required clause (frange(int(i)):[3 TO 20])\n    0.0 = frange(int(i)):[3 TO 20]\n      0.0 = int(i)=0\n
frangefilter	int(i)|3|20|true|true	explain 7	0.42251968 = sum of:\n  0.42251968 = weight(body:blue in 7) [BM25Similarity], result of:\n    0.42251968 = score(freq=1.0), computed as boost * idf * tf from:\n      0.8534898 = idf, computed as log(1 + (N - n + 0.5) / (n + 0.5)) from:\n        34 = n, number of documents containing term\n        80 = N, total number of documents with field\n      0.49504948 = tf, computed as freq / (freq + k1 * (1 - b + b * dl / avgdl)) from:\n        1.0 = freq, occurrences of term within document\n        1.2 = k1, term saturation parameter\n        0.75 = b, length normalization parameter\n        3.0 = dl, length of field\n        3.75 = avgdl, average length of field\n  0.0 = match on required clause, product of:\n    0.0 = # clause\n    6.0 = frange(int(i)):[3 TO 20]\n      6.0 = int(i)=6\n
frangefilter	int(i)|3|20|true|true	explain 29	0.0 = Failure to meet condition(s) of required/prohibited clause(s)\n  0.0 = no match on required clause (body:blue)\n    0.0 = no matching term\n  0.0 = no match on required clause (frange(int(i)):[3 TO 20])\n    0.0 = frange(int(i)):[3 TO 20]\n      21.0 = int(i)=21\n
frangefilter	int(i)|3|20|true|true	explain 61	0.0 = Failure to meet condition(s) of required/prohibited clause(s)\n  0.0 = no match on required clause (body:blue)\n    0.0 = no matching term\n  0.0 = no match on required clause (frange(int(i)):[3 TO 20])\n    0.0 = frange(int(i)):[3 TO 20]\n      36.0 = int(i)=36\n
frange	int(i)|3|20|false|false	hits	20 24:41880000,30:41880000,22:41800000,41:41800000,74:41800000,37:41700000,27:41600000,5:41400000,20:41400000,44:41400000,3:41200000,65:41200000,28:41100000,31:41000000,46:41000000,76:41000000,7:40c00000,33:40c00000,4:40a00000,15:40800000,
frange	int(i)|3|20|false|false	explain 0	0.0 = frange(int(i)):{3 TO 20}\n  0.0 = int(i)=0\n
frange	int(i)|3|20|false|false	explain 7	6.0 = frange(int(i)):{3 TO 20}\n  6.0 = int(i)=6\n
frange	int(i)|3|20|false|false	explain 29	0.0 = frange(int(i)):{3 TO 20}\n  21.0 = int(i)=21\n
frange	int(i)|3|20|false|false	explain 61	0.0 = frange(int(i)):{3 TO 20}\n  36.0 = int(i)=36\n
frangefilter	int(i)|3|20|false|false	hits	10 20:3f11a98a,44:3f10b296,65:3ef57f89,7:3ed85480,15:3ed85480,22:3eaecb74,76:3e9f7bf4,4:3e92a3cc,5:3e92a3cc,24:3e92a3cc,
frangefilter	int(i)|3|20|false|false	explain 0	0.0 = Failure to meet condition(s) of required/prohibited clause(s)\n  0.4288893 = weight(body:blue in 0) [BM25Similarity], result of:\n    0.4288893 = score(freq=2.0), computed as boost * idf * tf from:\n      0.8534898 = idf, computed as log(1 + (N - n + 0.5) / (n + 0.5)) from:\n        34 = n, number of documents containing term\n        80 = N, total number of documents with field\n      0.5025125 = tf, computed as freq / (freq + k1 * (1 - b + b * dl / avgdl)) from:\n        2.0 = freq, occurrences of term within document\n        1.2 = k1, term saturation parameter\n        0.75 = b, length normalization parameter\n        7.0 = dl, length of field\n        3.75 = avgdl, average length of field\n  0.0 = no match on required clause (frange(int(i)):{3 TO 20})\n    0.0 = frange(int(i)):{3 TO 20}\n      0.0 = int(i)=0\n
frangefilter	int(i)|3|20|false|false	explain 7	0.42251968 = sum of:\n  0.42251968 = weight(body:blue in 7) [BM25Similarity], result of:\n    0.42251968 = score(freq=1.0), computed as boost * idf * tf from:\n      0.8534898 = idf, computed as log(1 + (N - n + 0.5) / (n + 0.5)) from:\n        34 = n, number of documents containing term\n        80 = N, total number of documents with field\n      0.49504948 = tf, computed as freq / (freq + k1 * (1 - b + b * dl / avgdl)) from:\n        1.0 = freq, occurrences of term within document\n        1.2 = k1, term saturation parameter\n        0.75 = b, length normalization parameter\n        3.0 = dl, length of field\n        3.75 = avgdl, average length of field\n  0.0 = match on required clause, product of:\n    0.0 = # clause\n    6.0 = frange(int(i)):{3 TO 20}\n      6.0 = int(i)=6\n
frangefilter	int(i)|3|20|false|false	explain 29	0.0 = Failure to meet condition(s) of required/prohibited clause(s)\n  0.0 = no match on required clause (body:blue)\n    0.0 = no matching term\n  0.0 = no match on required clause (frange(int(i)):{3 TO 20})\n    0.0 = frange(int(i)):{3 TO 20}\n      21.0 = int(i)=21\n
frangefilter	int(i)|3|20|false|false	explain 61	0.0 = Failure to meet condition(s) of required/prohibited clause(s)\n  0.0 = no match on required clause (body:blue)\n    0.0 = no matching term\n  0.0 = no match on required clause (frange(int(i)):{3 TO 20})\n    0.0 = frange(int(i)):{3 TO 20}\n      36.0 = int(i)=36\n
frange	int(i)|null|0|true|true	hits	10 0:0,58:0,62:0,51:bf800000,64:bf800000,73:c0000000,69:c0400000,10:c0a00000,45:c0c00000,50:c0c00000,
frange	int(i)|null|0|true|true	explain 0	0.0 = frange(int(i)):[* TO 0]\n  0.0 = int(i)=0\n
frange	int(i)|null|0|true|true	explain 7	0.0 = frange(int(i)):[* TO 0]\n  6.0 = int(i)=6\n
frange	int(i)|null|0|true|true	explain 29	0.0 = frange(int(i)):[* TO 0]\n  21.0 = int(i)=21\n
frange	int(i)|null|0|true|true	explain 61	0.0 = frange(int(i)):[* TO 0]\n  36.0 = int(i)=36\n
frangefilter	int(i)|null|0|true|true	hits	6 45:3ef9b4ed,58:3ef57f89,10:3ee9aec9,0:3edb9761,51:3ed85480,73:3e9f7bf4,
frangefilter	int(i)|null|0|true|true	explain 0	0.4288893 = sum of:\n  0.4288893 = weight(body:blue in 0) [BM25Similarity], result of:\n    0.4288893 = score(freq=2.0), computed as boost * idf * tf from:\n      0.8534898 = idf, computed as log(1 + (N - n + 0.5) / (n + 0.5)) from:\n        34 = n, number of documents containing term\n        80 = N, total number of documents with field\n      0.5025125 = tf, computed as freq / (freq + k1 * (1 - b + b * dl / avgdl)) from:\n        2.0 = freq, occurrences of term within document\n        1.2 = k1, term saturation parameter\n        0.75 = b, length normalization parameter\n        7.0 = dl, length of field\n        3.75 = avgdl, average length of field\n  0.0 = match on required clause, product of:\n    0.0 = # clause\n    0.0 = frange(int(i)):[* TO 0]\n      0.0 = int(i)=0\n
frangefilter	int(i)|null|0|true|true	explain 7	0.0 = Failure to meet condition(s) of required/prohibited clause(s)\n  0.42251968 = weight(body:blue in 7) [BM25Similarity], result of:\n    0.42251968 = score(freq=1.0), computed as boost * idf * tf from:\n      0.8534898 = idf, computed as log(1 + (N - n + 0.5) / (n + 0.5)) from:\n        34 = n, number of documents containing term\n        80 = N, total number of documents with field\n      0.49504948 = tf, computed as freq / (freq + k1 * (1 - b + b * dl / avgdl)) from:\n        1.0 = freq, occurrences of term within document\n        1.2 = k1, term saturation parameter\n        0.75 = b, length normalization parameter\n        3.0 = dl, length of field\n        3.75 = avgdl, average length of field\n  0.0 = no match on required clause (frange(int(i)):[* TO 0])\n    0.0 = frange(int(i)):[* TO 0]\n      6.0 = int(i)=6\n
frangefilter	int(i)|null|0|true|true	explain 29	0.0 = Failure to meet condition(s) of required/prohibited clause(s)\n  0.0 = no match on required clause (body:blue)\n    0.0 = no matching term\n  0.0 = no match on required clause (frange(int(i)):[* TO 0])\n    0.0 = frange(int(i)):[* TO 0]\n      21.0 = int(i)=21\n
frangefilter	int(i)|null|0|true|true	explain 61	0.0 = Failure to meet condition(s) of required/prohibited clause(s)\n  0.0 = no match on required clause (body:blue)\n    0.0 = no matching term\n  0.0 = no match on required clause (frange(int(i)):[* TO 0])\n    0.0 = frange(int(i)):[* TO 0]\n      36.0 = int(i)=36\n
frange	long(l)|-100|500|true|false	hits	18 77:43e40000,13:43ce0000,6:43b38000,60:43ac0000,39:43a38000,12:439f8000,27:43990000,58:43988000,42:43820000,3:43600000,11:435b0000,38:43520000,2:43450000,23:42d20000,1:42c40000,62:424c0000,52:41c00000,46:41a80000,
frange	long(l)|-100|500|true|false	explain 0	0.0 = frange(long(l)):[-100 TO 500}\n  -3.4591202E15 = long(l)=-3459120125770180\n
frange	long(l)|-100|500|true|false	explain 7	0.0 = frange(long(l)):[-100 TO 500}\n  619.0 = long(l)=619\n
frange	long(l)|-100|500|true|false	explain 29	0.0 = frange(long(l)):[-100 TO 500}\n  9.2738424E7 = long(l)=92738421\n
frange	long(l)|-100|500|true|false	explain 61	0.0 = frange(long(l)):[-100 TO 500}\n  -4.634049E17 = long(l)=-463404909361028839\n
frangefilter	long(l)|-100|500|true|false	hits	5 12:3ef9b4ed,39:3ef57f89,58:3ef57f89,23:3ec15b64,11:3e9f7bf4,
frangefilter	long(l)|-100|500|true|false	explain 0	0.0 = Failure to meet condition(s) of required/prohibited clause(s)\n  0.4288893 = weight(body:blue in 0) [BM25Similarity], result of:\n    0.4288893 = score(freq=2.0), computed as boost * idf * tf from:\n      0.8534898 = idf, computed as log(1 + (N - n + 0.5) / (n + 0.5)) from:\n        34 = n, number of documents containing term\n        80 = N, total number of documents with field\n      0.5025125 = tf, computed as freq / (freq + k1 * (1 - b + b * dl / avgdl)) from:\n        2.0 = freq, occurrences of term within document\n        1.2 = k1, term saturation parameter\n        0.75 = b, length normalization parameter\n        7.0 = dl, length of field\n        3.75 = avgdl, average length of field\n  0.0 = no match on required clause (frange(long(l)):[-100 TO 500})\n    0.0 = frange(long(l)):[-100 TO 500}\n      -3.4591202E15 = long(l)=-3459120125770180\n
frangefilter	long(l)|-100|500|true|false	explain 7	0.0 = Failure to meet condition(s) of required/prohibited clause(s)\n  0.42251968 = weight(body:blue in 7) [BM25Similarity], result of:\n    0.42251968 = score(freq=1.0), computed as boost * idf * tf from:\n      0.8534898 = idf, computed as log(1 + (N - n + 0.5) / (n + 0.5)) from:\n        34 = n, number of documents containing term\n        80 = N, total number of documents with field\n      0.49504948 = tf, computed as freq / (freq + k1 * (1 - b + b * dl / avgdl)) from:\n        1.0 = freq, occurrences of term within document\n        1.2 = k1, term saturation parameter\n        0.75 = b, length normalization parameter\n        3.0 = dl, length of field\n        3.75 = avgdl, average length of field\n  0.0 = no match on required clause (frange(long(l)):[-100 TO 500})\n    0.0 = frange(long(l)):[-100 TO 500}\n      619.0 = long(l)=619\n
frangefilter	long(l)|-100|500|true|false	explain 29	0.0 = Failure to meet condition(s) of required/prohibited clause(s)\n  0.0 = no match on required clause (body:blue)\n    0.0 = no matching term\n  0.0 = no match on required clause (frange(long(l)):[-100 TO 500})\n    0.0 = frange(long(l)):[-100 TO 500}\n      9.2738424E7 = long(l)=92738421\n
frangefilter	long(l)|-100|500|true|false	explain 61	0.0 = Failure to meet condition(s) of required/prohibited clause(s)\n  0.0 = no match on required clause (body:blue)\n    0.0 = no matching term\n  0.0 = no match on required clause (frange(long(l)):[-100 TO 500})\n    0.0 = frange(long(l)):[-100 TO 500}\n      -4.634049E17 = long(l)=-463404909361028839\n
frange	long(l)|x|500|true|false	hits	!IllegalArgumentException
frange	long(l)|x|500|true|false	explain 0	!IllegalArgumentException
frange	long(l)|x|500|true|false	explain 7	!IllegalArgumentException
frange	long(l)|x|500|true|false	explain 29	!IllegalArgumentException
frange	long(l)|x|500|true|false	explain 61	!IllegalArgumentException
frangefilter	long(l)|x|500|true|false	hits	!IllegalArgumentException
frangefilter	long(l)|x|500|true|false	explain 0	!IllegalArgumentException
frangefilter	long(l)|x|500|true|false	explain 7	!IllegalArgumentException
frangefilter	long(l)|x|500|true|false	explain 29	!IllegalArgumentException
frangefilter	long(l)|x|500|true|false	explain 61	!IllegalArgumentException
frange	float(f)|-1.5|6|true|true	hits	18 78:40b3d466,19:40b28c05,63:40b1d765,42:40aa5101,17:409d3cef,62:408c778c,45:40892b00,52:40767c41,15:406582f2,28:403d9097,44:4006f63f,69:3f6252e9,21:3f6171c9,0:3e05c430,72:3dcadce8,10:80000000,9:bf42a1ae,26:bf47a63d,
frange	float(f)|-1.5|6|true|true	explain 0	0.13063121 = frange(float(f)):[-1.5 TO 6]\n  0.13063121 = float(f)=0.13063121\n
frange	float(f)|-1.5|6|true|true	explain 7	0.0 = frange(float(f)):[-1.5 TO 6]\n  0.0 = float(f)=0.0\n
frange	float(f)|-1.5|6|true|true	explain 29	0.0 = frange(float(f)):[-1.5 TO 6]\n  10.843775 = float(f)=10.843775\n
frange	float(f)|-1.5|6|true|true	explain 61	0.0 = frange(float(f)):[-1.5 TO 6]\n  17.314152 = float(f)=17.314152\n
frangefilter	float(f)|-1.5|6|true|true	hits	9 44:3f10b296,17:3f0de0fb,21:3f0de0fb,45:3ef9b4ed,10:3ee9aec9,0:3edb9761,15:3ed85480,26:3eaecb74,72:3e92a3cc,
frangefilter	float(f)|-1.5|6|true|true	explain 0	0.4288893 = sum of:\n  0.4288893 = weight(body:blue in 0) [BM25Similarity], result of:\n    0.4288893 = score(freq=2.0), computed as boost * idf * tf from:\n      0.8534898 = idf, computed as log(1 + (N - n + 0.5) / (n + 0.5)) from:\n        34 = n, number of documents containing term\n        80 = N, total number of documents with field\n      0.5025125 = tf, computed as freq / (freq + k1 * (1 - b + b * dl / avgdl)) from:\n        2.0 = freq, occurrences of term within document\n        1.2 = k1, term saturation parameter\n        0.75 = b, length normalization parameter\n        7.0 = dl, length of field\n        3.75 = avgdl, average length of field\n  0.0 = match on required clause, product of:\n    0.0 = # clause\n    0.13063121 = frange(float(f)):[-1.5 TO 6]\n      0.13063121 = float(f)=0.13063121\n
frangefilter	float(f)|-1.5|6|true|true	explain 7	0.0 = Failure to meet condition(s) of required/prohibited clause(s)\n  0.42251968 = weight(body:blue in 7) [BM25Similarity], result of:\n    0.42251968 = score(freq=1.0), computed as boost * idf * tf from:\n      0.8534898 = idf, computed as log(1 + (N - n + 0.5) / (n + 0.5)) from:\n        34 = n, number of documents containing term\n        80 = N, total number of documents with field\n      0.49504948 = tf, computed as freq / (freq + k1 * (1 - b + b * dl / avgdl)) from:\n        1.0 = freq, occurrences of term within document\n        1.2 = k1, term saturation parameter\n        0.75 = b, length normalization parameter\n        3.0 = dl, length of field\n        3.75 = avgdl, average length of field\n  0.0 = no match on required clause (frange(float(f)):[-1.5 TO 6])\n    0.0 = frange(float(f)):[-1.5 TO 6]\n      0.0 = float(f)=0.0\n
frangefilter	float(f)|-1.5|6|true|true	explain 29	0.0 = Failure to meet condition(s) of required/prohibited clause(s)\n  0.0 = no match on required clause (body:blue)\n    0.0 = no matching term\n  0.0 = no match on required clause (frange(float(f)):[-1.5 TO 6])\n    0.0 = frange(float(f)):[-1.5 TO 6]\n      10.843775 = float(f)=10.843775\n
frangefilter	float(f)|-1.5|6|true|true	explain 61	0.0 = Failure to meet condition(s) of required/prohibited clause(s)\n  0.0 = no match on required clause (body:blue)\n    0.0 = no matching term\n  0.0 = no match on required clause (frange(float(f)):[-1.5 TO 6])\n    0.0 = frange(float(f)):[-1.5 TO 6]\n      17.314152 = float(f)=17.314152\n
frange	float(f)|null|null|true|true	hits	59 2:7f800000,4:7f800000,14:7f800000,51:418eb934,61:418a8362,38:4185d699,3:41810f50,5:41787d19,16:4176658b,13:41765c7b,79:4174b1e7,73:41720928,68:4169f6e8,30:4168bf74,18:41686ce0,71:41677f45,58:41611d75,1:415d7a43,64:4159a658,35:415815fb,55:41508ee3,12:4144ff51,31:4143ef77,23:414236e4,6:4134ada0,29:412d801a,37:4129e981,33:411088ba,60:410b271f,20:40fe0bb6,22:40f46acc,36:40ee15e1,46:40dd880e,78:40b3d466,19:40b28c05,63:40b1d765,42:40aa5101,17:409d3cef,62:408c778c,45:40892b00,52:40767c41,15:406582f2,28:403d9097,44:4006f63f,69:3f6252e9,21:3f6171c9,0:3e05c430,72:3dcadce8,10:80000000,9:bf42a1ae,26:bf47a63d,47:c0061c09,65:c036c580,70:c056d14b,27:c080c8c2,8:c09e1fee,41:c09f445c,54:c0a7bff1,24:c0b8cda8,
frange	float(f)|null|null|true|true	explain 0	0.13063121 = frange(float(f)):[* TO *]\n  0.13063121 = float(f)=0.13063121\n
frange	float(f)|null|null|true|true	explain 7	0.0 = frange(float(f)):[* TO *]\n  0.0 = float(f)=0.0\n
frange	float(f)|null|null|true|true	explain 29	10.843775 = frange(float(f)):[* TO *]\n  10.843775 = float(f)=10.843775\n
frange	float(f)|null|null|true|true	explain 61	17.314152 = frange(float(f)):[* TO *]\n  17.314152 = float(f)=17.314152\n
frangefilter	float(f)|null|null|true|true	hits	26 20:3f11a98a,44:3f10b296,16:3f0de0fb,17:3f0de0fb,21:3f0de0fb,79:3f039f5e,12:3ef9b4ed,45:3ef9b4ed,58:3ef57f89,65:3ef57f89,10:3ee9aec9,0:3edb9761,15:3ed85480,51:3ed85480,14:3ec15b64,23:3ec15b64,35:3ec15b64,22:3eaecb74,26:3eaecb74,73:3e9f7bf4,4:3e92a3cc,5:3e92a3cc,24:3e92a3cc,36:3e92a3cc,68:3e92a3cc,72:3e92a3cc,
frangefilter	float(f)|null|null|true|true	explain 0	0.4288893 = sum of:\n  0.4288893 = weight(body:blue in 0) [BM25Similarity], result of:\n    0.4288893 = score(freq=2.0), computed as boost * idf * tf from:\n      0.8534898 = idf, computed as log(1 + (N - n + 0.5) / (n + 0.5)) from:\n        34 = n, number of documents containing term\n        80 = N, total number of documents with field\n      0.5025125 = tf, computed as freq / (freq + k1 * (1 - b + b * dl / avgdl)) from:\n        2.0 = freq, occurrences of term within document\n        1.2 = k1, term saturation parameter\n        0.75 = b, length normalization parameter\n        7.0 = dl, length of field\n        3.75 = avgdl, average length of field\n  0.0 = match on required clause, product of:\n    0.0 = # clause\n    0.13063121 = frange(float(f)):[* TO *]\n      0.13063121 = float(f)=0.13063121\n
frangefilter	float(f)|null|null|true|true	explain 7	0.0 = Failure to meet condition(s) of required/prohibited clause(s)\n  0.42251968 = weight(body:blue in 7) [BM25Similarity], result of:\n    0.42251968 = score(freq=1.0), computed as boost * idf * tf from:\n      0.8534898 = idf, computed as log(1 + (N - n + 0.5) / (n + 0.5)) from:\n        34 = n, number of documents containing term\n        80 = N, total number of documents with field\n      0.49504948 = tf, computed as freq / (freq + k1 * (1 - b + b * dl / avgdl)) from:\n        1.0 = freq, occurrences of term within document\n        1.2 = k1, term saturation parameter\n        0.75 = b, length normalization parameter\n        3.0 = dl, length of field\n        3.75 = avgdl, average length of field\n  0.0 = no match on required clause (frange(float(f)):[* TO *])\n    0.0 = frange(float(f)):[* TO *]\n      0.0 = float(f)=0.0\n
frangefilter	float(f)|null|null|true|true	explain 29	0.0 = Failure to meet condition(s) of required/prohibited clause(s)\n  0.0 = no match on required clause (body:blue)\n    0.0 = no matching term\n  0.0 = match on required clause, product of:\n    0.0 = # clause\n    10.843775 = frange(float(f)):[* TO *]\n      10.843775 = float(f)=10.843775\n
frangefilter	float(f)|null|null|true|true	explain 61	0.0 = Failure to meet condition(s) of required/prohibited clause(s)\n  0.0 = no match on required clause (body:blue)\n    0.0 = no matching term\n  0.0 = match on required clause, product of:\n    0.0 = # clause\n    17.314152 = frange(float(f)):[* TO *]\n      17.314152 = float(f)=17.314152\n
frange	double(d)|0|30.5|false|true	hits	31 65:41de7093,71:41d91bd6,49:41d4738f,68:41c39a89,70:41b50839,28:419dfcc9,30:417eeecb,55:416e32a9,20:416ae77d,1:4168628b,79:41535685,46:414eb5cd,35:414aa9c0,44:4147f74c,6:413447ef,17:41322a20,72:412e40b0,7:41204247,75:411a47ae,45:41133fec,77:4104e76e,50:40f6beb8,52:40f43950,11:40ea5acc,4:40e49d03,58:40ce3090,39:40a775a6,33:3fd0677b,8:3f9b13d3,26:3f6eabd5,2:3f665ee8,
frange	double(d)|0|30.5|false|true	explain 0	0.0 = frange(double(d)):{0 TO 30.5]\n  -8.186437 = double(d)=-8.186436290782737\n
frange	double(d)|0|30.5|false|true	explain 7	10.016181 = frange(double(d)):{0 TO 30.5]\n  10.016181 = double(d)=10.016180756055151\n
frange	double(d)|0|30.5|false|true	explain 29	0.0 = frange(double(d)):{0 TO 30.5]\n  42.14437 = double(d)=42.144372218335405\n
frange	double(d)|0|30.5|false|true	explain 61	0.0 = frange(double(d)):{0 TO 30.5]\n  0.0 = double(d)=0.0\n
frangefilter	double(d)|0|30.5|false|true	hits	15 20:3f11a98a,44:3f10b296,17:3f0de0fb,79:3f039f5e,45:3ef9b4ed,39:3ef57f89,58:3ef57f89,65:3ef57f89,7:3ed85480,35:3ec15b64,26:3eaecb74,11:3e9f7bf4,4:3e92a3cc,68:3e92a3cc,72:3e92a3cc,
frangefilter	double(d)|0|30.5|false|true	explain 0	0.0 = Failure to meet condition(s) of required/prohibited clause(s)\n  0.4288893 = weight(body:blue in 0) [BM25Similarity], result of:\n    0.4288893 = score(freq=2.0), computed as boost * idf * tf from:\n      0.8534898 = idf, computed as log(1 + (N - n + 0.5) / (n + 0.5)) from:\n        34 = n, number of documents containing term\n        80 = N, total number of documents with field\n      0.5025125 = tf, computed as freq / (freq + k1 * (1 - b + b * dl / avgdl)) from:\n        2.0 = freq, occurrences of term within document\n        1.2 = k1, term saturation parameter\n        0.75 = b, length normalization parameter\n        7.0 = dl, length of field\n        3.75 = avgdl, average length of field\n  0.0 = no match on required clause (frange(double(d)):{0 TO 30.5])\n    0.0 = frange(double(d)):{0 TO 30.5]\n      -8.186437 = double(d)=-8.186436290782737\n
frangefilter	double(d)|0|30.5|false|true	explain 7	0.42251968 = sum of:\n  0.42251968 = weight(body:blue in 7) [BM25Similarity], result of:\n    0.42251968 = score(freq=1.0), computed as boost * idf * tf from:\n      0.8534898 = idf, computed as log(1 + (N - n + 0.5) / (n + 0.5)) from:\n        34 = n, number of documents containing term\n        80 = N, total number of documents with field\n      0.49504948 = tf, computed as freq / (freq + k1 * (1 - b + b * dl / avgdl)) from:\n        1.0 = freq, occurrences of term within document\n        1.2 = k1, term saturation parameter\n        0.75 = b, length normalization parameter\n        3.0 = dl, length of field\n        3.75 = avgdl, average length of field\n  0.0 = match on required clause, product of:\n    0.0 = # clause\n    10.016181 = frange(double(d)):{0 TO 30.5]\n      10.016181 = double(d)=10.016180756055151\n
frangefilter	double(d)|0|30.5|false|true	explain 29	0.0 = Failure to meet condition(s) of required/prohibited clause(s)\n  0.0 = no match on required clause (body:blue)\n    0.0 = no matching term\n  0.0 = no match on required clause (frange(double(d)):{0 TO 30.5])\n    0.0 = frange(double(d)):{0 TO 30.5]\n      42.14437 = double(d)=42.144372218335405\n
frangefilter	double(d)|0|30.5|false|true	explain 61	0.0 = Failure to meet condition(s) of required/prohibited clause(s)\n  0.0 = no match on required clause (body:blue)\n    0.0 = no matching term\n  0.0 = no match on required clause (frange(double(d)):{0 TO 30.5])\n    0.0 = frange(double(d)):{0 TO 30.5]\n      0.0 = double(d)=0.0\n
frange	enum(e)|one|three|true|true	hits	30 1:40400000,7:40400000,10:40400000,17:40400000,29:40400000,38:40400000,45:40400000,47:40400000,64:40400000,69:40400000,79:40400000,2:40000000,8:40000000,9:40000000,19:40000000,20:40000000,21:40000000,25:40000000,35:40000000,71:40000000,4:3f800000,18:3f800000,28:3f800000,42:3f800000,49:3f800000,50:3f800000,52:3f800000,57:3f800000,58:3f800000,78:3f800000,
frange	enum(e)|one|three|true|true	explain 0	0.0 = frange(enum(e)):[one TO three]\n  0.0 = enum(e)=zero\n
frange	enum(e)|one|three|true|true	explain 7	3.0 = frange(enum(e)):[one TO three]\n  3.0 = enum(e)=three\n
frange	enum(e)|one|three|true|true	explain 29	3.0 = frange(enum(e)):[one TO three]\n  3.0 = enum(e)=three\n
frange	enum(e)|one|three|true|true	explain 61	0.0 = frange(enum(e)):[one TO three]\n  0.0 = enum(e)=zero\n
frangefilter	enum(e)|one|three|true|true	hits	12 20:3f11a98a,17:3f0de0fb,21:3f0de0fb,79:3f039f5e,45:3ef9b4ed,58:3ef57f89,10:3ee9aec9,7:3ed85480,35:3ec15b64,25:3eaecb74,57:3eaecb74,4:3e92a3cc,
frangefilter	enum(e)|one|three|true|true	explain 0	0.0 = Failure to meet condition(s) of required/prohibited clause(s)\n  0.4288893 = weight(body:blue in 0) [BM25Similarity], result of:\n    0.4288893 = score(freq=2.0), computed as boost * idf * tf from:\n      0.8534898 = idf, computed as log(1 + (N - n + 0.5) / (n + 0.5)) from:\n        34 = n, number of documents containing term\n        80 = N, total number of documents with field\n      0.5025125 = tf, computed as freq / (freq + k1 * (1 - b + b * dl / avgdl)) from:\n        2.0 = freq, occurrences of term within document\n        1.2 = k1, term saturation parameter\n        0.75 = b, length normalization parameter\n        7.0 = dl, length of field\n        3.75 = avgdl, average length of field\n  0.0 = no match on required clause (frange(enum(e)):[one TO three])\n    0.0 = frange(enum(e)):[one TO three]\n      0.0 = enum(e)=zero\n
frangefilter	enum(e)|one|three|true|true	explain 7	0.42251968 = sum of:\n  0.42251968 = weight(body:blue in 7) [BM25Similarity], result of:\n    0.42251968 = score(freq=1.0), computed as boost * idf * tf from:\n      0.8534898 = idf, computed as log(1 + (N - n + 0.5) / (n + 0.5)) from:\n        34 = n, number of documents containing term\n        80 = N, total number of documents with field\n      0.49504948 = tf, computed as freq / (freq + k1 * (1 - b + b * dl / avgdl)) from:\n        1.0 = freq, occurrences of term within document\n        1.2 = k1, term saturation parameter\n        0.75 = b, length normalization parameter\n        3.0 = dl, length of field\n        3.75 = avgdl, average length of field\n  0.0 = match on required clause, product of:\n    0.0 = # clause\n    3.0 = frange(enum(e)):[one TO three]\n      3.0 = enum(e)=three\n
frangefilter	enum(e)|one|three|true|true	explain 29	0.0 = Failure to meet condition(s) of required/prohibited clause(s)\n  0.0 = no match on required clause (body:blue)\n    0.0 = no matching term\n  0.0 = match on required clause, product of:\n    0.0 = # clause\n    3.0 = frange(enum(e)):[one TO three]\n      3.0 = enum(e)=three\n
frangefilter	enum(e)|one|three|true|true	explain 61	0.0 = Failure to meet condition(s) of required/prohibited clause(s)\n  0.0 = no match on required clause (body:blue)\n    0.0 = no matching term\n  0.0 = no match on required clause (frange(enum(e)):[one TO three])\n    0.0 = frange(enum(e)):[one TO three]\n      0.0 = enum(e)=zero\n
frange	enum(e)|1|nosuch|false|true	hits	0 
frange	enum(e)|1|nosuch|false|true	explain 0	0.0 = frange(enum(e)):{1 TO nosuch]\n  0.0 = enum(e)=zero\n
frange	enum(e)|1|nosuch|false|true	explain 7	0.0 = frange(enum(e)):{1 TO nosuch]\n  3.0 = enum(e)=three\n
frange	enum(e)|1|nosuch|false|true	explain 29	0.0 = frange(enum(e)):{1 TO nosuch]\n  3.0 = enum(e)=three\n
frange	enum(e)|1|nosuch|false|true	explain 61	0.0 = frange(enum(e)):{1 TO nosuch]\n  0.0 = enum(e)=zero\n
frangefilter	enum(e)|1|nosuch|false|true	hits	0 
frangefilter	enum(e)|1|nosuch|false|true	explain 0	0.0 = Failure to meet condition(s) of required/prohibited clause(s)\n  0.4288893 = weight(body:blue in 0) [BM25Similarity], result of:\n    0.4288893 = score(freq=2.0), computed as boost * idf * tf from:\n      0.8534898 = idf, computed as log(1 + (N - n + 0.5) / (n + 0.5)) from:\n        34 = n, number of documents containing term\n        80 = N, total number of documents with field\n      0.5025125 = tf, computed as freq / (freq + k1 * (1 - b + b * dl / avgdl)) from:\n        2.0 = freq, occurrences of term within document\n        1.2 = k1, term saturation parameter\n        0.75 = b, length normalization parameter\n        7.0 = dl, length of field\n        3.75 = avgdl, average length of field\n  0.0 = no match on required clause (frange(enum(e)):{1 TO nosuch])\n    0.0 = frange(enum(e)):{1 TO nosuch]\n      0.0 = enum(e)=zero\n
frangefilter	enum(e)|1|nosuch|false|true	explain 7	0.0 = Failure to meet condition(s) of required/prohibited clause(s)\n  0.42251968 = weight(body:blue in 7) [BM25Similarity], result of:\n    0.42251968 = score(freq=1.0), computed as boost * idf * tf from:\n      0.8534898 = idf, computed as log(1 + (N - n + 0.5) / (n + 0.5)) from:\n        34 = n, number of documents containing term\n        80 = N, total number of documents with field\n      0.49504948 = tf, computed as freq / (freq + k1 * (1 - b + b * dl / avgdl)) from:\n        1.0 = freq, occurrences of term within document\n        1.2 = k1, term saturation parameter\n        0.75 = b, length normalization parameter\n        3.0 = dl, length of field\n        3.75 = avgdl, average length of field\n  0.0 = no match on required clause (frange(enum(e)):{1 TO nosuch])\n    0.0 = frange(enum(e)):{1 TO nosuch]\n      3.0 = enum(e)=three\n
frangefilter	enum(e)|1|nosuch|false|true	explain 29	0.0 = Failure to meet condition(s) of required/prohibited clause(s)\n  0.0 = no match on required clause (body:blue)\n    0.0 = no matching term\n  0.0 = no match on required clause (frange(enum(e)):{1 TO nosuch])\n    0.0 = frange(enum(e)):{1 TO nosuch]\n      3.0 = enum(e)=three\n
frangefilter	enum(e)|1|nosuch|false|true	explain 61	0.0 = Failure to meet condition(s) of required/prohibited clause(s)\n  0.0 = no match on required clause (body:blue)\n    0.0 = no matching term\n  0.0 = no match on required clause (frange(enum(e)):{1 TO nosuch])\n    0.0 = frange(enum(e)):{1 TO nosuch]\n      0.0 = enum(e)=zero\n
frange	bytes(s)|blue0|red1|true|false	hits	!UnsupportedOperationException
frange	bytes(s)|blue0|red1|true|false	explain 0	!UnsupportedOperationException
frange	bytes(s)|blue0|red1|true|false	explain 7	!UnsupportedOperationException
frange	bytes(s)|blue0|red1|true|false	explain 29	!UnsupportedOperationException
frange	bytes(s)|blue0|red1|true|false	explain 61	!UnsupportedOperationException
frangefilter	bytes(s)|blue0|red1|true|false	hits	8 17:3f0de0fb,7:3ed85480,51:3ed85480,14:3ec15b64,35:3ec15b64,11:3e9f7bf4,73:3e9f7bf4,68:3e92a3cc,
frangefilter	bytes(s)|blue0|red1|true|false	explain 0	!UnsupportedOperationException
frangefilter	bytes(s)|blue0|red1|true|false	explain 7	!UnsupportedOperationException
frangefilter	bytes(s)|blue0|red1|true|false	explain 29	!UnsupportedOperationException
frangefilter	bytes(s)|blue0|red1|true|false	explain 61	!UnsupportedOperationException
frange	sset(ss,MAX)|fast|null|false|true	hits	!UnsupportedOperationException
frange	sset(ss,MAX)|fast|null|false|true	explain 0	!UnsupportedOperationException
frange	sset(ss,MAX)|fast|null|false|true	explain 7	!UnsupportedOperationException
frange	sset(ss,MAX)|fast|null|false|true	explain 29	!UnsupportedOperationException
frange	sset(ss,MAX)|fast|null|false|true	explain 61	!UnsupportedOperationException
frangefilter	sset(ss,MAX)|fast|null|false|true	hits	16 20:3f11a98a,44:3f10b296,16:3f0de0fb,79:3f039f5e,65:3ef57f89,10:3ee9aec9,15:3ed85480,23:3ec15b64,57:3eaecb74,11:3e9f7bf4,73:3e9f7bf4,76:3e9f7bf4,5:3e92a3cc,24:3e92a3cc,68:3e92a3cc,72:3e92a3cc,
frangefilter	sset(ss,MAX)|fast|null|false|true	explain 0	!UnsupportedOperationException
frangefilter	sset(ss,MAX)|fast|null|false|true	explain 7	!UnsupportedOperationException
frangefilter	sset(ss,MAX)|fast|null|false|true	explain 29	!UnsupportedOperationException
frangefilter	sset(ss,MAX)|fast|null|false|true	explain 61	!UnsupportedOperationException
frange	sum(int(i),float(f))|0|10|true|true	hits	6 27:411f9b9f,17:40fd3cef,15:40f2c179,65:40e49d40,62:408c778c,0:3e05c430,
frange	sum(int(i),float(f))|0|10|true|true	explain 0	0.13063121 = frange(sum(int(i),float(f))):[0 TO 10]\n  0.13063121 = sum(int(i)=0,float(f)=0.13063121)\n
frange	sum(int(i),float(f))|0|10|true|true	explain 7	0.0 = frange(sum(int(i),float(f))):[0 TO 10]\n  6.0 = sum(int(i)=6,float(f)=0.0)\n
frange	sum(int(i),float(f))|0|10|true|true	explain 29	0.0 = frange(sum(int(i),float(f))):[0 TO 10]\n  31.843775 = sum(int(i)=21,float(f)=10.843775)\n
frange	sum(int(i),float(f))|0|10|true|true	explain 61	0.0 = frange(sum(int(i),float(f))):[0 TO 10]\n  53.31415 = sum(int(i)=36,float(f)=17.314152)\n
frangefilter	sum(int(i),float(f))|0|10|true|true	hits	4 17:3f0de0fb,65:3ef57f89,0:3edb9761,15:3ed85480,
frangefilter	sum(int(i),float(f))|0|10|true|true	explain 0	0.4288893 = sum of:\n  0.4288893 = weight(body:blue in 0) [BM25Similarity], result of:\n    0.4288893 = score(freq=2.0), computed as boost * idf * tf from:\n      0.8534898 = idf, computed as log(1 + (N - n + 0.5) / (n + 0.5)) from:\n        34 = n, number of documents containing term\n        80 = N, total number of documents with field\n      0.5025125 = tf, computed as freq / (freq + k1 * (1 - b + b * dl / avgdl)) from:\n        2.0 = freq, occurrences of term within document\n        1.2 = k1, term saturation parameter\n        0.75 = b, length normalization parameter\n        7.0 = dl, length of field\n        3.75 = avgdl, average length of field\n  0.0 = match on required clause, product of:\n    0.0 = # clause\n    0.13063121 = frange(sum(int(i),float(f))):[0 TO 10]\n      0.13063121 = sum(int(i)=0,float(f)=0.13063121)\n
frangefilter	sum(int(i),float(f))|0|10|true|true	explain 7	0.0 = Failure to meet condition(s) of required/prohibited clause(s)\n  0.42251968 = weight(body:blue in 7) [BM25Similarity], result of:\n    0.42251968 = score(freq=1.0), computed as boost * idf * tf from:\n      0.8534898 = idf, computed as log(1 + (N - n + 0.5) / (n + 0.5)) from:\n        34 = n, number of documents containing term\n        80 = N, total number of documents with field\n      0.49504948 = tf, computed as freq / (freq + k1 * (1 - b + b * dl / avgdl)) from:\n        1.0 = freq, occurrences of term within document\n        1.2 = k1, term saturation parameter\n        0.75 = b, length normalization parameter\n        3.0 = dl, length of field\n        3.75 = avgdl, average length of field\n  0.0 = no match on required clause (frange(sum(int(i),float(f))):[0 TO 10])\n    0.0 = frange(sum(int(i),float(f))):[0 TO 10]\n      6.0 = sum(int(i)=6,float(f)=0.0)\n
frangefilter	sum(int(i),float(f))|0|10|true|true	explain 29	0.0 = Failure to meet condition(s) of required/prohibited clause(s)\n  0.0 = no match on required clause (body:blue)\n    0.0 = no matching term\n  0.0 = no match on required clause (frange(sum(int(i),float(f))):[0 TO 10])\n    0.0 = frange(sum(int(i),float(f))):[0 TO 10]\n      31.843775 = sum(int(i)=21,float(f)=10.843775)\n
frangefilter	sum(int(i),float(f))|0|10|true|true	explain 61	0.0 = Failure to meet condition(s) of required/prohibited clause(s)\n  0.0 = no match on required clause (body:blue)\n    0.0 = no matching term\n  0.0 = no match on required clause (frange(sum(int(i),float(f))):[0 TO 10])\n    0.0 = frange(sum(int(i),float(f))):[0 TO 10]\n      53.31415 = sum(int(i)=36,float(f)=17.314152)\n
frange	exists(int(i))|0.5|2|true|true	hits	58 0:3f800000,1:3f800000,2:3f800000,3:3f800000,4:3f800000,5:3f800000,6:3f800000,7:3f800000,9:3f800000,10:3f800000,12:3f800000,13:3f800000,14:3f800000,15:3f800000,16:3f800000,17:3f800000,20:3f800000,21:3f800000,22:3f800000,24:3f800000,27:3f800000,28:3f800000,29:3f800000,30:3f800000,31:3f800000,33:3f800000,35:3f800000,36:3f800000,37:3f800000,38:3f800000,41:3f800000,42:3f800000,44:3f800000,45:3f800000,46:3f800000,48:3f800000,49:3f800000,50:3f800000,51:3f800000,52:3f800000,54:3f800000,55:3f800000,57:3f800000,58:3f800000,61:3f800000,62:3f800000,63:3f800000,64:3f800000,65:3f800000,68:3f800000,69:3f800000,72:3f800000,73:3f800000,74:3f800000,76:3f800000,77:3f800000,78:3f800000,79:3f800000,
frange	exists(int(i))|0.5|2|true|true	explain 0	1.0 = frange(exists(int(i))):[0.5 TO 2]\n  1.0 = exists(int(i)=0)\n
frange	exists(int(i))|0.5|2|true|true	explain 7	1.0 = frange(exists(int(i))):[0.5 TO 2]\n  1.0 = exists(int(i)=6)\n
frange	exists(int(i))|0.5|2|true|true	explain 29	1.0 = frange(exists(int(i))):[0.5 TO 2]\n  1.0 = exists(int(i)=21)\n
frange	exists(int(i))|0.5|2|true|true	explain 61	1.0 = frange(exists(int(i))):[0.5 TO 2]\n  1.0 = exists(int(i)=36)\n
frangefilter	exists(int(i))|0.5|2|true|true	hits	27 20:3f11a98a,44:3f10b296,16:3f0de0fb,17:3f0de0fb,21:3f0de0fb,79:3f039f5e,12:3ef9b4ed,45:3ef9b4ed,58:3ef57f89,65:3ef57f89,10:3ee9aec9,0:3edb9761,7:3ed85480,15:3ed85480,51:3ed85480,14:3ec15b64,35:3ec15b64,22:3eaecb74,57:3eaecb74,73:3e9f7bf4,76:3e9f7bf4,4:3e92a3cc,5:3e92a3cc,24:3e92a3cc,36:3e92a3cc,68:3e92a3cc,72:3e92a3cc,
frangefilter	exists(int(i))|0.5|2|true|true	explain 0	0.4288893 = sum of:\n  0.4288893 = weight(body:blue in 0) [BM25Similarity], result of:\n    0.4288893 = score(freq=2.0), computed as boost * idf * tf from:\n      0.8534898 = idf, computed as log(1 + (N - n + 0.5) / (n + 0.5)) from:\n        34 = n, number of documents containing term\n        80 = N, total number of documents with field\n      0.5025125 = tf, computed as freq / (freq + k1 * (1 - b + b * dl / avgdl)) from:\n        2.0 = freq, occurrences of term within document\n        1.2 = k1, term saturation parameter\n        0.75 = b, length normalization parameter\n        7.0 = dl, length of field\n        3.75 = avgdl, average length of field\n  0.0 = match on required clause, product of:\n    0.0 = # clause\n    1.0 = frange(exists(int(i))):[0.5 TO 2]\n      1.0 = exists(int(i)=0)\n
frangefilter	exists(int(i))|0.5|2|true|true	explain 7	0.42251968 = sum of:\n  0.42251968 = weight(body:blue in 7) [BM25Similarity], result of:\n    0.42251968 = score(freq=1.0), computed as boost * idf * tf from:\n      0.8534898 = idf, computed as log(1 + (N - n + 0.5) / (n + 0.5)) from:\n        34 = n, number of documents containing term\n        80 = N, total number of documents with field\n      0.49504948 = tf, computed as freq / (freq + k1 * (1 - b + b * dl / avgdl)) from:\n        1.0 = freq, occurrences of term within document\n        1.2 = k1, term saturation parameter\n        0.75 = b, length normalization parameter\n        3.0 = dl, length of field\n        3.75 = avgdl, average length of field\n  0.0 = match on required clause, product of:\n    0.0 = # clause\n    1.0 = frange(exists(int(i))):[0.5 TO 2]\n      1.0 = exists(int(i)=6)\n
frangefilter	exists(int(i))|0.5|2|true|true	explain 29	0.0 = Failure to meet condition(s) of required/prohibited clause(s)\n  0.0 = no match on required clause (body:blue)\n    0.0 = no matching term\n  0.0 = match on required clause, product of:\n    0.0 = # clause\n    1.0 = frange(exists(int(i))):[0.5 TO 2]\n      1.0 = exists(int(i)=21)\n
frangefilter	exists(int(i))|0.5|2|true|true	explain 61	0.0 = Failure to meet condition(s) of required/prohibited clause(s)\n  0.0 = no match on required clause (body:blue)\n    0.0 = no matching term\n  0.0 = match on required clause, product of:\n    0.0 = # clause\n    1.0 = frange(exists(int(i))):[0.5 TO 2]\n      1.0 = exists(int(i)=36)\n
frange	termfreq(body,red)|1|null|true|true	hits	38 2:40400000,31:40400000,45:40400000,48:40400000,50:40400000,68:40400000,0:40000000,9:40000000,14:40000000,24:40000000,38:40000000,42:40000000,55:40000000,70:40000000,77:40000000,1:3f800000,5:3f800000,6:3f800000,7:3f800000,8:3f800000,13:3f800000,18:3f800000,22:3f800000,28:3f800000,30:3f800000,35:3f800000,36:3f800000,39:3f800000,41:3f800000,49:3f800000,52:3f800000,61:3f800000,65:3f800000,71:3f800000,72:3f800000,73:3f800000,75:3f800000,76:3f800000,
frange	termfreq(body,red)|1|null|true|true	explain 0	2.0 = frange(termfreq(body,red)):[1 TO *]\n  2.0 = termfreq(body,red)=2\n
frange	termfreq(body,red)|1|null|true|true	explain 7	1.0 = frange(termfreq(body,red)):[1 TO *]\n  1.0 = termfreq(body,red)=1\n
frange	termfreq(body,red)|1|null|true|true	explain 29	0.0 = frange(termfreq(body,red)):[1 TO *]\n  0.0 = termfreq(body,red)=0\n
frange	termfreq(body,red)|1|null|true|true	explain 61	1.0 = frange(termfreq(body,red)):[1 TO *]\n  1.0 = termfreq(body,red)=1\n
frangefilter	termfreq(body,red)|1|null|true|true	hits	15 45:3ef9b4ed,39:3ef57f89,65:3ef57f89,0:3edb9761,7:3ed85480,14:3ec15b64,35:3ec15b64,22:3eaecb74,73:3e9f7bf4,76:3e9f7bf4,5:3e92a3cc,24:3e92a3cc,36:3e92a3cc,68:3e92a3cc,72:3e92a3cc,
frangefilter	termfreq(body,red)|1|null|true|true	explain 0	0.4288893 = sum of:\n  0.4288893 = weight(body:blue in 0) [BM25Similarity], result of:\n    0.4288893 = score(freq=2.0), computed as boost * idf * tf from:\n      0.8534898 = idf, computed as log(1 + (N - n + 0.5) / (n + 0.5)) from:\n        34 = n, number of documents containing term\n        80 = N, total number of documents with field\n      0.5025125 = tf, computed as freq / (freq + k1 * (1 - b + b * dl / avgdl)) from:\n        2.0 = freq, occurrences of term within document\n        1.2 = k1, term saturation parameter\n        0.75 = b, length normalization parameter\n        7.0 = dl, length of field\n        3.75 = avgdl, average length of field\n  0.0 = match on required clause, product of:\n    0.0 = # clause\n    2.0 = frange(termfreq(body,red)):[1 TO *]\n      2.0 = termfreq(body,red)=2\n
frangefilter	termfreq(body,red)|1|null|true|true	explain 7	0.42251968 = sum of:\n  0.42251968 = weight(body:blue in 7) [BM25Similarity], result of:\n    0.42251968 = score(freq=1.0), computed as boost * idf * tf from:\n      0.8534898 = idf, computed as log(1 + (N - n + 0.5) / (n + 0.5)) from:\n        34 = n, number of documents containing term\n        80 = N, total number of documents with field\n      0.49504948 = tf, computed as freq / (freq + k1 * (1 - b + b * dl / avgdl)) from:\n        1.0 = freq, occurrences of term within document\n        1.2 = k1, term saturation parameter\n        0.75 = b, length normalization parameter\n        3.0 = dl, length of field\n        3.75 = avgdl, average length of field\n  0.0 = match on required clause, product of:\n    0.0 = # clause\n    1.0 = frange(termfreq(body,red)):[1 TO *]\n      1.0 = termfreq(body,red)=1\n
frangefilter	termfreq(body,red)|1|null|true|true	explain 29	0.0 = Failure to meet condition(s) of required/prohibited clause(s)\n  0.0 = no match on required clause (body:blue)\n    0.0 = no matching term\n  0.0 = no match on required clause (frange(termfreq(body,red)):[1 TO *])\n    0.0 = frange(termfreq(body,red)):[1 TO *]\n      0.0 = termfreq(body,red)=0\n
frangefilter	termfreq(body,red)|1|null|true|true	explain 61	0.0 = Failure to meet condition(s) of required/prohibited clause(s)\n  0.0 = no match on required clause (body:blue)\n    0.0 = no matching term\n  0.0 = match on required clause, product of:\n    0.0 = # clause\n    1.0 = frange(termfreq(body,red)):[1 TO *]\n      1.0 = termfreq(body,red)=1\n
frange	query(t:red,0.0)|0.1|null|true|true	hits	38 50:3eff864a,9:3ef65542,31:3ef120fa,48:3ef120fa,45:3ee444c4,41:3ede56ee,49:3ede56ee,52:3ede56ee,2:3ed8b5f0,14:3ed2102b,68:3ece444e,42:3ec3a8a9,6:3ec05c76,39:3ec05c76,65:3ec05c76,55:3eb71a68,70:3eb71a68,77:3eb71a68,0:3eac0fcf,24:3eac0fcf,38:3eac0fcf,7:3ea981a2,30:3ea981a2,61:3ea981a2,75:3ea981a2,8:3e978177,13:3e978177,18:3e978177,35:3e978177,22:3e88f610,28:3e88f610,1:3e79edda,73:3e79edda,76:3e79edda,5:3e65ccf4,36:3e65ccf4,71:3e65ccf4,72:3e65ccf4,
frange	query(t:red,0.0)|0.1|null|true|true	explain 0	0.3360581 = frange(query(body:red,def=0.0)):[0.1 TO *]\n  0.3360581 = query(body:red,def=0.0)=0.3360581\n
frange	query(t:red,0.0)|0.1|null|true|true	explain 7	0.33106714 = frange(query(body:red,def=0.0)):[0.1 TO *]\n  0.33106714 = query(body:red,def=0.0)=0.33106714\n
frange	query(t:red,0.0)|0.1|null|true|true	explain 29	0.0 = frange(query(body:red,def=0.0)):[0.1 TO *]\n  0.0 = query(body:red,def=0.0)=0.0\n
frange	query(t:red,0.0)|0.1|null|true|true	explain 61	0.33106714 = frange(query(body:red,def=0.0)):[0.1 TO *]\n  0.33106714 = query(body:red,def=0.0)=0.33106714\n
frangefilter	query(t:red,0.0)|0.1|null|true|true	hits	15 45:3ef9b4ed,39:3ef57f89,65:3ef57f89,0:3edb9761,7:3ed85480,14:3ec15b64,35:3ec15b64,22:3eaecb74,73:3e9f7bf4,76:3e9f7bf4,5:3e92a3cc,24:3e92a3cc,36:3e92a3cc,68:3e92a3cc,72:3e92a3cc,
frangefilter	query(t:red,0.0)|0.1|null|true|true	explain 0	0.4288893 = sum of:\n  0.4288893 = weight(body:blue in 0) [BM25Similarity], result of:\n    0.4288893 = score(freq=2.0), computed as boost * idf * tf from:\n      0.8534898 = idf, computed as log(1 + (N - n + 0.5) / (n + 0.5)) from:\n        34 = n, number of documents containing term\n        80 = N, total number of documents with field\n      0.5025125 = tf, computed as freq / (freq + k1 * (1 - b + b * dl / avgdl)) from:\n        2.0 = freq, occurrences of term within document\n        1.2 = k1, term saturation parameter\n        0.75 = b, length normalization parameter\n        7.0 = dl, length of field\n        3.75 = avgdl, average length of field\n  0.0 = match on required clause, product of:\n    0.0 = # clause\n    0.3360581 = frange(query(body:red,def=0.0)):[0.1 TO *]\n      0.3360581 = query(body:red,def=0.0)=0.3360581\n
frangefilter	query(t:red,0.0)|0.1|null|true|true	explain 7	0.42251968 = sum of:\n  0.42251968 = weight(body:blue in 7) [BM25Similarity], result of:\n    0.42251968 = score(freq=1.0), computed as boost * idf * tf from:\n      0.8534898 = idf, computed as log(1 + (N - n + 0.5) / (n + 0.5)) from:\n        34 = n, number of documents containing term\n        80 = N, total number of documents with field\n      0.49504948 = tf, computed as freq / (freq + k1 * (1 - b + b * dl / avgdl)) from:\n        1.0 = freq, occurrences of term within document\n        1.2 = k1, term saturation parameter\n        0.75 = b, length normalization parameter\n        3.0 = dl, length of field\n        3.75 = avgdl, average length of field\n  0.0 = match on required clause, product of:\n    0.0 = # clause\n    0.33106714 = frange(query(body:red,def=0.0)):[0.1 TO *]\n      0.33106714 = query(body:red,def=0.0)=0.33106714\n
frangefilter	query(t:red,0.0)|0.1|null|true|true	explain 29	0.0 = Failure to meet condition(s) of required/prohibited clause(s)\n  0.0 = no match on required clause (body:blue)\n    0.0 = no matching term\n  0.0 = no match on required clause (frange(query(body:red,def=0.0)):[0.1 TO *])\n    0.0 = frange(query(body:red,def=0.0)):[0.1 TO *]\n      0.0 = query(body:red,def=0.0)=0.0\n
frangefilter	query(t:red,0.0)|0.1|null|true|true	explain 61	0.0 = Failure to meet condition(s) of required/prohibited clause(s)\n  0.0 = no match on required clause (body:blue)\n    0.0 = no matching term\n  0.0 = match on required clause, product of:\n    0.0 = # clause\n    0.33106714 = frange(query(body:red,def=0.0)):[0.1 TO *]\n      0.33106714 = query(body:red,def=0.0)=0.33106714\n
frange	literal(x)|0|1|true|true	hits	!UnsupportedOperationException
frange	literal(x)|0|1|true|true	explain 0	!UnsupportedOperationException
frange	literal(x)|0|1|true|true	explain 7	!UnsupportedOperationException
frange	literal(x)|0|1|true|true	explain 29	!UnsupportedOperationException
frange	literal(x)|0|1|true|true	explain 61	!UnsupportedOperationException
frangefilter	literal(x)|0|1|true|true	hits	!UnsupportedOperationException
frangefilter	literal(x)|0|1|true|true	explain 0	!UnsupportedOperationException
frangefilter	literal(x)|0|1|true|true	explain 7	!UnsupportedOperationException
frangefilter	literal(x)|0|1|true|true	explain 29	!UnsupportedOperationException
frangefilter	literal(x)|0|1|true|true	explain 61	!UnsupportedOperationException
frange	mint(mi,MAX)|5|30|true|true	hits	29 76:41f00000,16:41e00000,22:41e00000,31:41e00000,64:41e00000,10:41d80000,13:41d80000,57:41d00000,2:41c80000,29:41c80000,3:41c00000,23:41b80000,77:41b80000,42:41b00000,47:41a80000,8:41980000,21:41980000,58:41980000,28:41900000,4:41880000,7:41880000,9:41700000,1:41600000,17:41500000,15:41300000,49:41300000,70:41300000,24:40c00000,39:40c00000,
frange	mint(mi,MAX)|5|30|true|true	explain 0	0.0 = frange(int(mi,MAX)):[5 TO 30]\n  2.0 = int(mi,MAX)=2\n
frange	mint(mi,MAX)|5|30|true|true	explain 7	17.0 = frange(int(mi,MAX)):[5 TO 30]\n  17.0 = int(mi,MAX)=17\n
frange	mint(mi,MAX)|5|30|true|true	explain 29	25.0 = frange(int(mi,MAX)):[5 TO 30]\n  25.0 = int(mi,MAX)=25\n
frange	mint(mi,MAX)|5|30|true|true	explain 61	0.0 = frange(int(mi,MAX)):[5 TO 30]\n  0.0 = int(mi,MAX)=0\n
frangefilter	mint(mi,MAX)|5|30|true|true	hits	14 16:3f0de0fb,17:3f0de0fb,21:3f0de0fb,39:3ef57f89,58:3ef57f89,10:3ee9aec9,7:3ed85480,15:3ed85480,23:3ec15b64,22:3eaecb74,57:3eaecb74,76:3e9f7bf4,4:3e92a3cc,24:3e92a3cc,
frangefilter	mint(mi,MAX)|5|30|true|true	explain 0	0.0 = Failure to meet condition(s) of required/prohibited clause(s)\n  0.4288893 = weight(body:blue in 0) [BM25Similarity], result of:\n    0.4288893 = score(freq=2.0), computed as boost * idf * tf from:\n      0.8534898 = idf, computed as log(1 + (N - n + 0.5) / (n + 0.5)) from:\n        34 = n, number of documents containing term\n        80 = N, total number of documents with field\n      0.5025125 = tf, computed as freq / (freq + k1 * (1 - b + b * dl / avgdl)) from:\n        2.0 = freq, occurrences of term within document\n        1.2 = k1, term saturation parameter\n        0.75 = b, length normalization parameter\n        7.0 = dl, length of field\n        3.75 = avgdl, average length of field\n  0.0 = no match on required clause (frange(int(mi,MAX)):[5 TO 30])\n    0.0 = frange(int(mi,MAX)):[5 TO 30]\n      2.0 = int(mi,MAX)=2\n
frangefilter	mint(mi,MAX)|5|30|true|true	explain 7	0.42251968 = sum of:\n  0.42251968 = weight(body:blue in 7) [BM25Similarity], result of:\n    0.42251968 = score(freq=1.0), computed as boost * idf * tf from:\n      0.8534898 = idf, computed as log(1 + (N - n + 0.5) / (n + 0.5)) from:\n        34 = n, number of documents containing term\n        80 = N, total number of documents with field\n      0.49504948 = tf, computed as freq / (freq + k1 * (1 - b + b * dl / avgdl)) from:\n        1.0 = freq, occurrences of term within document\n        1.2 = k1, term saturation parameter\n        0.75 = b, length normalization parameter\n        3.0 = dl, length of field\n        3.75 = avgdl, average length of field\n  0.0 = match on required clause, product of:\n    0.0 = # clause\n    17.0 = frange(int(mi,MAX)):[5 TO 30]\n      17.0 = int(mi,MAX)=17\n
frangefilter	mint(mi,MAX)|5|30|true|true	explain 29	0.0 = Failure to meet condition(s) of required/prohibited clause(s)\n  0.0 = no match on required clause (body:blue)\n    0.0 = no matching term\n  0.0 = match on required clause, product of:\n    0.0 = # clause\n    25.0 = frange(int(mi,MAX)):[5 TO 30]\n      25.0 = int(mi,MAX)=25\n
frangefilter	mint(mi,MAX)|5|30|true|true	explain 61	0.0 = Failure to meet condition(s) of required/prohibited clause(s)\n  0.0 = no match on required clause (body:blue)\n    0.0 = no matching term\n  0.0 = no match on required clause (frange(int(mi,MAX)):[5 TO 30])\n    0.0 = frange(int(mi,MAX)):[5 TO 30]\n      0.0 = int(mi,MAX)=0\n
fsq	t:red|plain|dint(i)	hits	38 9:421c0000,13:42140000,14:42100000,38:42100000,61:42100000,1:42000000,2:41e80000,55:41e00000,77:41e00000,72:41d80000,36:41d00000,52:41d00000,35:41c80000,42:41c00000,49:41b80000,6:41a80000,48:41a00000,24:41880000,30:41880000,22:41800000,41:41800000,5:41400000,65:41200000,28:41100000,31:41000000,76:41000000,7:40c00000,68:40400000,0:0,8:0,18:0,39:0,45:0,50:0,70:0,71:0,73:0,75:0,
fsq	t:red|plain|dint(i)	explain 0	0.0 = weight(FunctionScoreQuery(body:red, scored by double(i))), result of:\n  0.0 = double(i)\n
fsq	t:red|plain|dint(i)	explain 7	6.0 = weight(FunctionScoreQuery(body:red, scored by double(i))), result of:\n  6.0 = double(i)\n
fsq	t:red|plain|dint(i)	explain 29	0.0 = no matching term\n
fsq	t:red|plain|dint(i)	explain 61	36.0 = weight(FunctionScoreQuery(body:red, scored by double(i))), result of:\n  36.0 = double(i)\n
fsqboost	t:red|plain|dint(i)	hits	38 9:42ea0000,13:42de0000,14:42d80000,38:42d80000,61:42d80000,1:42c00000,2:42ae0000,55:42a80000,77:42a80000,72:42a20000,36:429c0000,52:429c0000,35:42960000,42:42900000,49:428a0000,6:427c0000,48:42700000,24:424c0000,30:424c0000,22:42400000,41:42400000,5:42100000,65:41f00000,28:41d80000,31:41c00000,76:41c00000,7:41900000,68:41100000,0:0,8:0,18:0,39:0,45:0,50:0,70:0,71:0,73:0,75:0,
fsqboost	t:red|plain|dint(i)	explain 0	0.0 = weight(FunctionScoreQuery(body:red, scored by double(i))), product of:\n  3.0 = boost\n  0.0 = double(i)\n
fsqboost	t:red|plain|dint(i)	explain 7	18.0 = weight(FunctionScoreQuery(body:red, scored by double(i))), product of:\n  3.0 = boost\n  6.0 = double(i)\n
fsqboost	t:red|plain|dint(i)	explain 29	0.0 = no matching term\n
fsqboost	t:red|plain|dint(i)	explain 61	108.0 = weight(FunctionScoreQuery(body:red, scored by double(i))), product of:\n  3.0 = boost\n  36.0 = double(i)\n
fsqbool	t:red|plain|dint(i)	hits	48 9:421c0000,13:421724b6,61:42128958,14:42124463,38:4211b829,1:42000000,2:41e80000,77:41e3bd6e,55:41e00000,72:41d80000,36:41d37052,52:41d00000,35:41c80000,42:41c00000,49:41b80000,6:41a80000,48:41a00000,24:418d2644,30:41880000,22:41841957,41:41800000,5:41400000,65:41200000,28:411bb61e,31:41000000,76:41000000,7:40c00000,68:40400000,74:3f54ef39,69:3f492d66,71:3f458aa7,29:3f22560e,51:3f22560e,20:3f032aea,25:3f032aea,10:3eef5b62,11:3eef5b62,60:3eef5b62,70:3eef5b62,79:3edc1474,0:0,8:0,18:0,39:0,45:0,50:0,73:0,75:0,
fsqbool	t:red|plain|dint(i)	explain 0	0.0 = sum of:\n  0.0 = weight(FunctionScoreQuery(body:red, scored by double(i))), result of:\n    0.0 = double(i)\n
fsqbool	t:red|plain|dint(i)	explain 7	6.0 = sum of:\n  6.0 = weight(FunctionScoreQuery(body:red, scored by double(i))), result of:\n    6.0 = double(i)\n
fsqbool	t:red|plain|dint(i)	explain 29	0.6341256 = sum of:\n  0.6341256 = weight(body:slow in 3) [BM25Similarity], result of:\n    0.6341256 = score(freq=1.0), computed as boost * idf * tf from:\n      1.2809339 = idf, computed as log(1 + (N - n + 0.5) / (n + 0.5)) from:\n        22 = n, number of documents containing term\n        80 = N, total number of documents with field\n      0.49504948 = tf, computed as freq / (freq + k1 * (1 - b + b * dl / avgdl)) from:\n        1.0 = freq, occurrences of term within document\n        1.2 = k1, term saturation parameter\n        0.75 = b, length normalization parameter\n        3.0 = dl, length of field\n        3.75 = avgdl, average length of field\n
fsqbool	t:red|plain|dint(i)	explain 61	36.634125 = sum of:\n  36.0 = weight(FunctionScoreQuery(body:red, scored by double(i))), result of:\n    36.0 = double(i)\n  0.6341256 = weight(body:slow in 15) [BM25Similarity], result of:\n    0.6341256 = score(freq=1.0), computed as boost * idf * tf from:\n      1.2809339 = idf, computed as log(1 + (N - n + 0.5) / (n + 0.5)) from:\n        22 = n, number of documents containing term\n        80 = N, total number of documents with field\n      0.49504948 = tf, computed as freq / (freq + k1 * (1 - b + b * dl / avgdl)) from:\n        1.0 = freq, occurrences of term within document\n        1.2 = k1, term saturation parameter\n        0.75 = b, length normalization parameter\n        3.0 = dl, length of field\n        3.75 = avgdl, average length of field\n
fsqfilter	t:red|plain|dint(i)	hits	10 1:3f4a27a6,13:3f274510,2:3f09f78e,55:3f09f78e,73:3f09f78e,76:3f09f78e,0:3efdb60e,5:3efdb60e,38:3efdb60e,68:3efdb60e,
fsq	t:red|plain|vs(float(f))	hits	38 2:7f800000,14:7f800000,61:418a8362,38:4185d699,5:41787d19,13:41765c7b,73:41720928,68:4169f6e8,30:4168bf74,18:41686ce0,71:41677f45,1:415d7a43,35:415815fb,55:41508ee3,31:4143ef77,6:4134ada0,22:40f46acc,36:40ee15e1,42:40aa5101,45:40892b00,52:40767c41,28:403d9097,0:3e05c430,72:3dcadce8,7:0,8:0,9:0,24:0,39:0,41:0,48:0,49:0,50:0,65:0,70:0,75:0,76:0,77:0,
fsq	t:red|plain|vs(float(f))	explain 0	0.13063121 = weight(FunctionScoreQuery(body:red, scored by float(f))), result of:\n  0.13063121 = float(f)=0.13063121\n
fsq	t:red|plain|vs(float(f))	explain 7	0.0 = weight(FunctionScoreQuery(body:red, scored by float(f))), result of:\n  0.0 = float(f)=0.0\n
fsq	t:red|plain|vs(float(f))	explain 29	0.0 = no matching term\n
fsq	t:red|plain|vs(float(f))	explain 61	17.314152 = weight(FunctionScoreQuery(body:red, scored by float(f))), result of:\n  17.314152 = float(f)=17.314152\n
fsqboost	t:red|plain|vs(float(f))	hits	38 2:7f800000,14:7f800000,61:424fc513,38:4248c1e6,5:423a5dd3,13:4238c55c,73:423586de,68:422f792e,30:422e8f97,18:422e51a8,71:422d9f74,1:42261bb2,35:4222107c,55:421c6b2a,31:4212f399,6:42078238,22:41b75019,36:41b29069,42:417f7982,45:414dc080,52:4138dd31,28:410e2c71,0:3ec8a648,72:3e9825ae,7:0,8:0,9:0,24:0,39:0,41:0,48:0,49:0,50:0,65:0,70:0,75:0,76:0,77:0,
fsqboost	t:red|plain|vs(float(f))	explain 0	0.39189363 = weight(FunctionScoreQuery(body:red, scored by float(f))), product of:\n  3.0 = boost\n  0.13063121 = float(f)=0.13063121\n
fsqboost	t:red|plain|vs(float(f))	explain 7	0.0 = weight(FunctionScoreQuery(body:red, scored by float(f))), product of:\n  3.0 = boost\n  0.0 = float(f)=0.0\n
fsqboost	t:red|plain|vs(float(f))	explain 29	0.0 = no matching term\n
fsqboost	t:red|plain|vs(float(f))	explain 61	51.942455 = weight(FunctionScoreQuery(body:red, scored by float(f))), product of:\n  3.0 = boost\n  17.314152 = float(f)=17.314152\n
fsqbool	t:red|plain|vs(float(f))	hits	48 2:7f800000,14:7f800000,61:418f9612,38:418946eb,13:418177a9,5:41787d19,71:4173d7ef,73:41720928,68:4169f6e8,30:4168bf74,18:41686ce0,1:415d7a43,35:415815fb,55:41508ee3,31:4143ef77,6:4134ada0,22:41026815,36:40fbd728,42:40aa5101,45:40892b00,52:40767c41,28:406c690f,74:3f54ef39,69:3f492d66,24:3f24c88f,29:3f22560e,51:3f22560e,20:3f032aea,25:3f032aea,10:3eef5b62,11:3eef5b62,60:3eef5b62,70:3eef5b62,77:3eef5b62,79:3edc1474,0:3e05c430,72:3dcadce8,7:0,8:0,9:0,39:0,41:0,48:0,49:0,50:0,65:0,75:0,76:0,
fsqbool	t:red|plain|vs(float(f))	explain 0	0.13063121 = sum of:\n  0.13063121 = weight(FunctionScoreQuery(body:red, scored by float(f))), result of:\n    0.13063121 = float(f)=0.13063121\n
fsqbool	t:red|plain|vs(float(f))	explain 7	0.0 = sum of:\n  0.0 = weight(FunctionScoreQuery(body:red, scored by float(f))), result of:\n    0.0 = float(f)=0.0\n
fsqbool	t:red|plain|vs(float(f))	explain 29	0.6341256 = sum of:\n  0.6341256 = weight(body:slow in 3) [BM25Similarity], result of:\n    0.6341256 = score(freq=1.0), computed as boost * idf * tf from:\n      1.2809339 = idf, computed as log(1 + (N - n + 0.5) / (n + 0.5)) from:\n        22 = n, number of documents containing term\n        80 = N, total number of documents with field\n      0.49504948 = tf, computed as freq / (freq + k1 * (1 - b + b * dl / avgdl)) from:\n        1.0 = freq, occurrences of term within document\n        1.2 = k1, term saturation parameter\n        0.75 = b, length normalization parameter\n        3.0 = dl, length of field\n        3.75 = avgdl, average length of field\n
fsqbool	t:red|plain|vs(float(f))	explain 61	17.948277 = sum of:\n  17.314152 = weight(FunctionScoreQuery(body:red, scored by float(f))), result of:\n    17.314152 = float(f)=17.314152\n  0.6341256 = weight(body:slow in 15) [BM25Similarity], result of:\n    0.6341256 = score(freq=1.0), computed as boost * idf * tf from:\n      1.2809339 = idf, computed as log(1 + (N - n + 0.5) / (n + 0.5)) from:\n        22 = n, number of documents containing term\n        80 = N, total number of documents with field\n      0.49504948 = tf, computed as freq / (freq + k1 * (1 - b + b * dl / avgdl)) from:\n        1.0 = freq, occurrences of term within document\n        1.2 = k1, term saturation parameter\n        0.75 = b, length normalization parameter\n        3.0 = dl, length of field\n        3.75 = avgdl, average length of field\n
fsqfilter	t:red|plain|vs(float(f))	hits	10 1:3f4a27a6,13:3f274510,2:3f09f78e,55:3f09f78e,73:3f09f78e,76:3f09f78e,0:3efdb60e,5:3efdb60e,38:3efdb60e,68:3efdb60e,
fsq	or:blue:green|plain|vs(sum(int(i),float(f)))	hits	51 2:7f800000,4:7f800000,14:7f800000,79:42412c7a,1:42375e91,16:42319963,63:422e3aed,55:422423b9,35:421a057f,57:42180000,78:42167a8d,12:420d3fd4,36:4205c2bc,21:420385c7,30:41fc5fba,42:41ea9440,77:41e00000,5:41dc3e8c,72:41d8cadd,3:41d10f50,22:41bd1ab3,31:41a1f7bc,48:41a00000,20:419f82ee,68:418cfb74,51:4186b934,33:417088ba,71:41677f45,44:4161bd90,58:41611d75,73:41520928,23:414236e4,24:4133992c,27:411f9b9f,60:410b271f,76:41000000,17:40fd3cef,15:40f2c179,65:40e49d40,7:40c00000,19:40b28c05,62:408c778c,0:3e05c430,8:0,10:0,11:0,25:0,26:0,39:0,45:0,69:0,
fsq	or:blue:green|plain|vs(sum(int(i),float(f)))	explain 0	0.13063121 = weight(FunctionScoreQuery(body:blue body:green, scored by sum(int(i),float(f)))), result of:\n  0.13063121 = sum(int(i)=0,float(f)=0.13063121)\n
fsq	or:blue:green|plain|vs(sum(int(i),float(f)))	explain 7	6.0 = weight(FunctionScoreQuery(body:blue body:green, scored by sum(int(i),float(f)))), result of:\n  6.0 = sum(int(i)=6,float(f)=0.0)\n
fsq	or:blue:green|plain|vs(sum(int(i),float(f)))	explain 29	0.0 = No matching clauses\n  0.0 = no match on optional clause (body:blue)\n    0.0 = no matching term\n  0.0 = no match on optional clause (body:green)\n    0.0 = no matching term\n
fsq	or:blue:green|plain|vs(sum(int(i),float(f)))	explain 61	0.0 = No matching clauses\n  0.0 = no match on optional clause (body:blue)\n    0.0 = no matching term\n  0.0 = no match on optional clause (body:green)\n    0.0 = no matching term\n
fsqboost	or:blue:green|plain|vs(sum(int(i),float(f)))	hits	51 2:7f800000,4:7f800000,14:7f800000,79:4310e15c,1:430986ed,16:4305330a,63:4302ac32,55:42f63596,35:42e7083e,57:42e40000,78:42e1b7d4,12:42d3dfbe,36:42c8a41a,21:42c548aa,30:42bd47cc,42:42afef30,77:42a80000,5:42a52ee9,72:42a29826,3:429ccb7c,22:428dd406,31:4272f39a,48:42700000,20:426f4465,68:4253792e,51:424a15ce,33:4234668c,71:422d9f74,44:42294e2c,58:4228d618,73:421d86de,23:4211a92b,24:4206b2e1,27:41ef696e,60:41d0baae,76:41c00000,17:41bdedb3,15:41b6111b,65:41ab75f0,7:41900000,19:4185e904,62:4152b352,0:3ec8a648,8:0,10:0,11:0,25:0,26:0,39:0,45:0,69:0,
fsqboost	or:blue:green|plain|vs(sum(int(i),float(f)))	explain 0	0.39189363 = weight(FunctionScoreQuery(body:blue body:green, scored by sum(int(i),float(f)))), product of:\n  3.0 = boost\n  0.13063121 = sum(int(i)=0,float(f)=0.13063121)\n
fsqboost	or:blue:green|plain|vs(sum(int(i),float(f)))	explain 7	18.0 = weight(FunctionScoreQuery(body:blue body:green, scored by sum(int(i),float(f)))), product of:\n  3.0 = boost\n  6.0 = sum(int(i)=6,float(f)=0.0)\n
fsqboost	or:blue:green|plain|vs(sum(int(i),float(f)))	explain 29	0.0 = No matching clauses\n  0.0 = no match on optional clause (body:blue)\n    0.0 = no matching term\n  0.0 = no match on optional clause (body:green)\n    0.0 = no matching term\n
fsqboost	or:blue:green|plain|vs(sum(int(i),float(f)))	explain 61	0.0 = No matching clauses\n  0.0 = no match on optional clause (body:blue)\n    0.0 = no matching term\n  0.0 = no match on optional clause (body:green)\n    0.0 = no matching term\n
fsqbool	or:blue:green|plain|vs(sum(int(i),float(f)))	hits	58 2:7f800000,4:7f800000,14:7f800000,79:4242e4a3,1:42375e91,16:42319963,63:422e3aed,55:422423b9,35:421a057f,57:42180000,78:42167a8d,12:420d3fd4,36:42077ae5,21:420385c7,30:41fc5fba,42:41ea9440,77:41e3bd6e,5:41dc3e8c,72:41d8cadd,3:41d10f50,22:41c1340a,20:41a39c45,31:41a1f7bc,48:41a00000,68:418cfb74,51:418bcbe4,71:4173d7ef,33:417088ba,44:4161bd90,58:41611d75,73:41520928,23:414236e4,24:413de5b5,27:411f9b9f,60:4112a1fa,76:41000000,17:40fd3cef,15:40f2c179,65:40e49d40,7:40c00000,19:40b28c05,62:408c778c,74:3f54ef39,13:3f492d66,69:3f492d66,28:3f3b61e1,29:3f22560e,61:3f22560e,25:3f032aea,10:3eef5b62,11:3eef5b62,70:3eef5b62,38:3edc1474,0:3e05c430,8:0,26:0,39:0,45:0,
fsqbool	or:blue:green|plain|vs(sum(int(i),float(f)))	explain 0	0.13063121 = sum of:\n  0.13063121 = weight(FunctionScoreQuery(body:blue body:green, scored by sum(int(i),float(f)))), result of:\n    0.13063121 = sum(int(i)=0,float(f)=0.13063121)\n
fsqbool	or:blue:green|plain|vs(sum(int(i),float(f)))	explain 7	6.0 = sum of:\n  6.0 = weight(FunctionScoreQuery(body:blue body:green, scored by sum(int(i),float(f)))), result of:\n    6.0 = sum(int(i)=6,float(f)=0.0)\n
fsqbool	or:blue:green|plain|vs(sum(int(i),float(f)))	explain 29	0.6341256 = sum of:\n  0.6341256 = weight(body:slow in 3) [BM25Similarity], result of:\n    0.6341256 = score(freq=1.0), computed as boost * idf * tf from:\n      1.2809339 = idf, computed as log(1 + (N - n + 0.5) / (n + 0.5)) from:\n        22 = n, number of documents containing term\n        80 = N, total number of documents with field\n      0.49504948 = tf, computed as freq / (freq + k1 * (1 - b + b * dl / avgdl)) from:\n        1.0 = freq, occurrences of term within document\n        1.2 = k1, term saturation parameter\n        0.75 = b, length normalization parameter\n        3.0 = dl, length of field\n        3.75 = avgdl, average length of field\n
fsqbool	or:blue:green|plain|vs(sum(int(i),float(f)))	explain 61	0.6341256 = sum of:\n  0.6341256 = weight(body:slow in 15) [BM25Similarity], result of:\n    0.6341256 = score(freq=1.0), computed as boost * idf * tf from:\n      1.2809339 = idf, computed as log(1 + (N - n + 0.5) / (n + 0.5)) from:\n        22 = n, number of documents containing term\n        80 = N, total number of documents with field\n      0.49504948 = tf, computed as freq / (freq + k1 * (1 - b + b * dl / avgdl)) from:\n        1.0 = freq, occurrences of term within document\n        1.2 = k1, term saturation parameter\n        0.75 = b, length normalization parameter\n        3.0 = dl, length of field\n        3.75 = avgdl, average length of field\n
fsqfilter	or:blue:green|plain|vs(sum(int(i),float(f)))	hits	13 60:3f6f4260,58:3f54604f,1:3f4a27a6,63:3f3b24b5,23:3f274510,12:3f17363e,2:3f09f78e,55:3f09f78e,73:3f09f78e,76:3f09f78e,0:3efdb60e,5:3efdb60e,68:3efdb60e,
fsq	all|plain|ddouble(d)	hits	71 22:7f800000,48:423a8197,19:4233ff38,31:422e23d6,29:422893d6,37:422831a3,74:42206d24,64:421dc5c5,12:421c836a,54:421b5b63,5:4219b27b,27:42155870,41:420bb5a5,69:41f6774f,63:41f5ef8f,51:41f5ade3,65:41de7093,71:41d91bd6,49:41d4738f,68:41c39a89,70:41b50839,28:419dfcc9,30:417eeecb,55:416e32a9,20:416ae77d,1:4168628b,79:41535685,46:414eb5cd,35:414aa9c0,44:4147f74c,6:413447ef,17:41322a20,72:412e40b0,7:41204247,75:411a47ae,45:41133fec,77:4104e76e,50:40f6beb8,52:40f43950,11:40ea5acc,4:40e49d03,58:40ce3090,39:40a775a6,33:3fd0677b,8:3f9b13d3,26:3f6eabd5,2:3f665ee8,0:0,3:0,9:0,10:0,13:0,14:0,15:0,16:0,18:0,21:0,23:0,24:0,25:0,36:0,38:0,42:0,47:0,57:0,60:0,61:0,62:0,73:0,76:0,78:0,
fsq	all|plain|ddouble(d)	explain 0	0 = weight(FunctionScoreQuery(*:*, scored by double(d))), result of:\n  0 = truncated score, max of:\n    0.0 = minimum score\n    -8.186436290782737 = double(d)\n
fsq	all|plain|ddouble(d)	explain 7	10.016180756055151 = weight(FunctionScoreQuery(*:*, scored by double(d))), result of:\n  10.016180756055151 = double(d)\n
fsq	all|plain|ddouble(d)	explain 29	42.144372218335405 = weight(FunctionScoreQuery(*:*, scored by double(d))), result of:\n  42.144372218335405 = double(d)\n
fsq	all|plain|ddouble(d)	explain 61	0.0 = weight(FunctionScoreQuery(*:*, scored by double(d))) using default score of 0 because the function produced no value:\n  0.0 = double(d)\n
fsqboost	all|plain|ddouble(d)	hits	71 22:7f800000,48:430be131,19:4306ff6a,31:43029ae1,29:42fcddc1,37:42fc4a74,74:42f0a3b6,64:42eca8a7,12:42eac51f,54:42e90915,5:42e68bb8,27:42e004a8,41:42d19077,69:42b8d97b,63:42b873ab,51:42b8426a,65:42a6d46e,71:42a2d4e0,49:429f56ac,68:4292b3e7,70:4287c62a,28:426cfb2d,30:423f3319,55:4232a5fe,20:42302d9e,1:422e49e8,79:421e80e4,46:421b085a,35:4217ff50,44:4215f979,6:420735f3,17:42059f98,72:4202b084,7:41f0636a,75:41e76b85,45:41dcdfe2,77:41c75b25,50:41b90f0a,52:41b72afc,11:41afc419,4:41ab75c2,58:419aa46c,39:417b3079,33:409c4d9c,8:40689dbd,26:403300e0,2:402cc72e,0:0,3:0,9:0,10:0,13:0,14:0,15:0,16:0,18:0,21:0,23:0,24:0,25:0,36:0,38:0,42:0,47:0,57:0,60:0,61:0,62:0,73:0,76:0,78:0,
fsqboost	all|plain|ddouble(d)	explain 0	0.0 = weight(FunctionScoreQuery(*:*, scored by double(d))), product of:\n  3.0 = boost\n  0 = truncated score, max of:\n    0.0 = minimum score\n    -8.186436290782737 = double(d)\n
fsqboost	all|plain|ddouble(d)	explain 7	30.048542 = weight(FunctionScoreQuery(*:*, scored by double(d))), product of:\n  3.0 = boost\n  10.016180756055151 = double(d)\n
fsqboost	all|plain|ddouble(d)	explain 29	126.43311 = weight(FunctionScoreQuery(*:*, scored by double(d))), product of:\n  3.0 = boost\n  42.144372218335405 = double(d)\n
fsqboost	all|plain|ddouble(d)	explain 61	0.0 = weight(FunctionScoreQuery(*:*, scored by double(d))) using default score of 0 because the function produced no value:\n  0.0 = double(d)\n
fsqbool	all|plain|ddouble(d)	hits	71 22:7f800000,48:423a8197,19:4233ff38,31:422e23d6,29:422b1d2e,37:422831a3,74:4223c0e1,64:421dc5c5,12:421c836a,54:421b5b63,5:4219b27b,27:42155870,41:420bb5a5,69:41fcc0ba,51:41fac093,63:41f5ef8f,71:41df482b,65:41de7093,49:41d4738f,68:41c39a89,70:41b8c5a7,28:41a3d7d8,30:417eeecb,20:41731a2c,55:416e32a9,1:4168628b,79:415a3729,46:414eb5cd,35:414aa9c0,44:4147f74c,6:413447ef,17:41322a20,72:412e40b0,7:41204247,75:411a47ae,45:41133fec,77:410c6249,11:40f95082,50:40f6beb8,52:40f43950,4:40e49d03,58:40ce3090,39:40a775a6,33:3fd0677b,8:3f9b13d3,26:3f6eabd5,2:3f665ee8,13:3f492d66,24:3f24c88f,61:3f22560e,14:3f1118d1,25:3f032aea,10:3eef5b62,60:3eef5b62,36:3edc1474,38:3edc1474,0:0,3:0,9:0,15:0,16:0,18:0,21:0,23:0,42:0,47:0,57:0,62:0,73:0,76:0,78:0,
fsqbool	all|plain|ddouble(d)	explain 0	0.0 = sum of:\n  0 = weight(FunctionScoreQuery(*:*, scored by double(d))), result of:\n    0 = truncated score, max of:\n      0.0 = minimum score\n      -8.186436290782737 = double(d)\n
fsqbool	all|plain|ddouble(d)	explain 7	10.016181 = sum of:\n  10.016180756055151 = weight(FunctionScoreQuery(*:*, scored by double(d))), result of:\n    10.016180756055151 = double(d)\n
fsqbool	all|plain|ddouble(d)	explain 29	42.778496 = sum of:\n  42.144372218335405 = weight(FunctionScoreQuery(*:*, scored by double(d))), result of:\n    42.144372218335405 = double(d)\n  0.6341256 = weight(body:slow in 3) [BM25Similarity], result of:\n    0.6341256 = score(freq=1.0), computed as boost * idf * tf from:\n      1.2809339 = idf, computed as log(1 + (N - n + 0.5) / (n + 0.5)) from:\n        22 = n, number of documents containing term\n        80 = N, total number of documents with field\n      0.49504948 = tf, computed as freq / (freq + k1 * (1 - b + b * dl / avgdl)) from:\n        1.0 = freq, occurrences of term within document\n        1.2 = k1, term saturation parameter\n        0.75 = b, length normalization parameter\n        3.0 = dl, length of field\n        3.75 = avgdl, average length of field\n
fsqbool	all|plain|ddouble(d)	explain 61	0.6341256 = sum of:\n  0.0 = weight(FunctionScoreQuery(*:*, scored by double(d))) using default score of 0 because the function produced no value:\n    0.0 = double(d)\n  0.6341256 = weight(body:slow in 15) [BM25Similarity], result of:\n    0.6341256 = score(freq=1.0), computed as boost * idf * tf from:\n      1.2809339 = idf, computed as log(1 + (N - n + 0.5) / (n + 0.5)) from:\n        22 = n, number of documents containing term\n        80 = N, total number of documents with field\n      0.49504948 = tf, computed as freq / (freq + k1 * (1 - b + b * dl / avgdl)) from:\n        1.0 = freq, occurrences of term within document\n        1.2 = k1, term saturation parameter\n        0.75 = b, length normalization parameter\n        3.0 = dl, length of field\n        3.75 = avgdl, average length of field\n
fsqfilter	all|plain|ddouble(d)	hits	16 29:3f7a59cb,60:3f6f4260,58:3f54604f,1:3f4a27a6,63:3f3b24b5,13:3f274510,23:3f274510,12:3f17363e,2:3f09f78e,55:3f09f78e,73:3f09f78e,76:3f09f78e,0:3efdb60e,5:3efdb60e,38:3efdb60e,68:3efdb60e,
fsq	t:red|plain|scores	hits	38 50:3eff864a,9:3ef65542,31:3ef120fa,48:3ef120fa,45:3ee444c4,41:3ede56ee,49:3ede56ee,52:3ede56ee,2:3ed8b5f0,14:3ed2102b,68:3ece444e,42:3ec3a8a9,6:3ec05c76,39:3ec05c76,65:3ec05c76,55:3eb71a68,70:3eb71a68,77:3eb71a68,0:3eac0fcf,24:3eac0fcf,38:3eac0fcf,7:3ea981a2,30:3ea981a2,61:3ea981a2,75:3ea981a2,8:3e978177,13:3e978177,18:3e978177,35:3e978177,22:3e88f610,28:3e88f610,1:3e79edda,73:3e79edda,76:3e79edda,5:3e65ccf4,36:3e65ccf4,71:3e65ccf4,72:3e65ccf4,
fsq	t:red|plain|scores	explain 0	0.3360581 = weight(FunctionScoreQuery(body:red, scored by scores)), result of:\n  0.3360581 = weight(body:red in 0) [BM25Similarity], result of:\n    0.3360581 = score(freq=2.0), computed as boost * idf * tf from:\n      0.6687557 = idf, computed as log(1 + (N - n + 0.5) / (n + 0.5)) from:\n        41 = n, number of documents containing term\n        80 = N, total number of documents with field\n      0.5025125 = tf, computed as freq / (freq + k1 * (1 - b + b * dl / avgdl)) from:\n        2.0 = freq, occurrences of term within document\n        1.2 = k1, term saturation parameter\n        0.75 = b, length normalization parameter\n        7.0 = dl, length of field\n        3.75 = avgdl, average length of field\n
fsq	t:red|plain|scores	explain 7	0.33106714 = weight(FunctionScoreQuery(body:red, scored by scores)), result of:\n  0.33106714 = weight(body:red in 7) [BM25Similarity], result of:\n    0.33106714 = score(freq=1.0), computed as boost * idf * tf from:\n      0.6687557 = idf, computed as log(1 + (N - n + 0.5) / (n + 0.5)) from:\n        41 = n, number of documents containing term\n        80 = N, total number of documents with field\n      0.49504948 = tf, computed as freq / (freq + k1 * (1 - b + b * dl / avgdl)) from:\n        1.0 = freq, occurrences of term within document\n        1.2 = k1, term saturation parameter\n        0.75 = b, length normalization parameter\n        3.0 = dl, length of field\n        3.75 = avgdl, average length of field\n
fsq	t:red|plain|scores	explain 29	0.0 = no matching term\n
fsq	t:red|plain|scores	explain 61	0.33106714 = weight(FunctionScoreQuery(body:red, scored by scores)), result of:\n  0.33106714 = weight(body:red in 15) [BM25Similarity], result of:\n    0.33106714 = score(freq=1.0), computed as boost * idf * tf from:\n      0.6687557 = idf, computed as log(1 + (N - n + 0.5) / (n + 0.5)) from:\n        41 = n, number of documents containing term\n        80 = N, total number of documents with field\n      0.49504948 = tf, computed as freq / (freq + k1 * (1 - b + b * dl / avgdl)) from:\n        1.0 = freq, occurrences of term within document\n        1.2 = k1, term saturation parameter\n        0.75 = b, length normalization parameter\n        3.0 = dl, length of field\n        3.75 = avgdl, average length of field\n
fsqboost	t:red|plain|scores	hits	38 50:3fbfa4b8,9:3fb8bff2,31:3fb4d8bc,48:3fb4d8bc,45:3fab3393,41:3fa6c132,49:3fa6c132,52:3fa6c132,2:3fa28874,14:3f9d8c20,68:3f9ab33a,42:3f92be7f,6:3f904558,39:3f904558,65:3f904558,55:3f8953ce,70:3f8953ce,77:3f8953ce,0:3f810bdb,24:3f810bdb,38:3f810bdb,7:3f7e4273,30:3f7e4273,61:3f7e4273,75:3f7e4273,8:3f634232,13:3f634232,18:3f634232,35:3f634232,22:3f4d7118,28:3f4d7118,1:3f3b7264,73:3f3b7264,76:3f3b7264,5:3f2c59b7,36:3f2c59b7,71:3f2c59b7,72:3f2c59b7,
fsqboost	t:red|plain|scores	explain 0	1.0081743 = weight(FunctionScoreQuery(body:red, scored by scores)), product of:\n  3.0 = boost\n  0.3360581 = weight(body:red in 0) [BM25Similarity], result of:\n    0.3360581 = score(freq=2.0), computed as boost * idf * tf from:\n      0.6687557 = idf, computed as log(1 + (N - n + 0.5) / (n + 0.5)) from:\n        41 = n, number of documents containing term\n        80 = N, total number of documents with field\n      0.5025125 = tf, computed as freq / (freq + k1 * (1 - b + b * dl / avgdl)) from:\n        2.0 = freq, occurrences of term within document\n        1.2 = k1, term saturation parameter\n        0.75 = b, length normalization parameter\n        7.0 = dl, length of field\n        3.75 = avgdl, average length of field\n
fsqboost	t:red|plain|scores	explain 7	0.99320143 = weight(FunctionScoreQuery(body:red, scored by scores)), product of:\n  3.0 = boost\n  0.33106714 = weight(body:red in 7) [BM25Similarity], result of:\n    0.33106714 = score(freq=1.0), computed as boost * idf * tf from:\n      0.6687557 = idf, computed as log(1 + (N - n + 0.5) / (n + 0.5)) from:\n        41 = n, number of documents containing term\n        80 = N, total number of documents with field\n      0.49504948 = tf, computed as freq / (freq + k1 * (1 - b + b * dl / avgdl)) from:\n        1.0 = freq, occurrences of term within document\n        1.2 = k1, term saturation parameter\n        0.75 = b, length normalization parameter\n        3.0 = dl, length of field\n        3.75 = avgdl, average length of field\n
fsqboost	t:red|plain|scores	explain 29	0.0 = no matching term\n
fsqboost	t:red|plain|scores	explain 61	0.99320143 = weight(FunctionScoreQuery(body:red, scored by scores)), product of:\n  3.0 = boost\n  0.33106714 = weight(body:red in 15) [BM25Similarity], result of:\n    0.33106714 = score(freq=1.0), computed as boost * idf * tf from:\n      0.6687557 = idf, computed as log(1 + (N - n + 0.5) / (n + 0.5)) from:\n        41 = n, number of documents containing term\n        80 = N, total number of documents with field\n      0.49504948 = tf, computed as freq / (freq + k1 * (1 - b + b * dl / avgdl)) from:\n        1.0 = freq, occurrences of term within document\n        1.2 = k1, term saturation parameter\n        0.75 = b, length normalization parameter\n        3.0 = dl, length of field\n        3.75 = avgdl, average length of field\n
fsqbool	t:red|plain|scores	hits	48 13:3f8a7711,28:3f7fdce9,71:3f7efde4,24:3f7ad076,14:3f7a20e6,61:3f7716df,74:3f54ef39,70:3f533ae5,77:3f533ae5,69:3f492d66,22:3f47a5f2,38:3f441222,36:3f277d77,29:3f22560e,51:3f22560e,20:3f032aea,25:3f032aea,50:3eff864a,9:3ef65542,31:3ef120fa,48:3ef120fa,10:3eef5b62,11:3eef5b62,60:3eef5b62,45:3ee444c4,41:3ede56ee,49:3ede56ee,52:3ede56ee,79:3edc1474,2:3ed8b5f0,68:3ece444e,42:3ec3a8a9,6:3ec05c76,39:3ec05c76,65:3ec05c76,55:3eb71a68,0:3eac0fcf,7:3ea981a2,30:3ea981a2,75:3ea981a2,8:3e978177,18:3e978177,35:3e978177,1:3e79edda,73:3e79edda,76:3e79edda,5:3e65ccf4,72:3e65ccf4,
fsqbool	t:red|plain|scores	explain 0	0.3360581 = sum of:\n  0.3360581 = weight(FunctionScoreQuery(body:red, scored by scores)), result of:\n    0.3360581 = weight(body:red in 0) [BM25Similarity], result of:\n      0.3360581 = score(freq=2.0), computed as boost * idf * tf from:\n        0.6687557 = idf, computed as log(1 + (N - n + 0.5) / (n + 0.5)) from:\n          41 = n, number of documents containing term\n          80 = N, total number of documents with field\n        0.5025125 = tf, computed as freq / (freq + k1 * (1 - b + b * dl / avgdl)) from:\n          2.0 = freq, occurrences of term within document\n          1.2 = k1, term saturation parameter\n          0.75 = b, length normalization parameter\n          7.0 = dl, length of field\n          3.75 = avgdl, average length of field\n
fsqbool	t:red|plain|scores	explain 7	0.33106714 = sum of:\n  0.33106714 = weight(FunctionScoreQuery(body:red, scored by scores)), result of:\n    0.33106714 = weight(body:red in 7) [BM25Similarity], result of:\n      0.33106714 = score(freq=1.0), computed as boost * idf * tf from:\n        0.6687557 = idf, computed as log(1 + (N - n + 0.5) / (n + 0.5)) from:\n          41 = n, number of documents containing term\n          80 = N, total number of documents with field\n        0.49504948 = tf, computed as freq / (freq + k1 * (1 - b + b * dl / avgdl)) from:\n          1.0 = freq, occurrences of term within document\n          1.2 = k1, term saturation parameter\n          0.75 = b, length normalization parameter\n          3.0 = dl, length of field\n          3.75 = avgdl, average length of field\n
fsqbool	t:red|plain|scores	explain 29	0.6341256 = sum of:\n  0.6341256 = weight(body:slow in 3) [BM25Similarity], result of:\n    0.6341256 = score(freq=1.0), computed as boost * idf * tf from:\n      1.2809339 = idf, computed as log(1 + (N - n + 0.5) / (n + 0.5)) from:\n        22 = n, number of documents containing term\n        80 = N, total number of documents with field\n      0.49504948 = tf, computed as freq / (freq + k1 * (1 - b + b * dl / avgdl)) from:\n        1.0 = freq, occurrences of term within document\n        1.2 = k1, term saturation parameter\n        0.75 = b, length normalization parameter\n        3.0 = dl, length of field\n        3.75 = avgdl, average length of field\n
fsqbool	t:red|plain|scores	explain 61	0.96519274 = sum of:\n  0.33106714 = weight(FunctionScoreQuery(body:red, scored by scores)), result of:\n    0.33106714 = weight(body:red in 15) [BM25Similarity], result of:\n      0.33106714 = score(freq=1.0), computed as boost * idf * tf from:\n        0.6687557 = idf, computed as log(1 + (N - n + 0.5) / (n + 0.5)) from:\n          41 = n, number of documents containing term\n          80 = N, total number of documents with field\n        0.49504948 = tf, computed as freq / (freq + k1 * (1 - b + b * dl / avgdl)) from:\n          1.0 = freq, occurrences of term within document\n          1.2 = k1, term saturation parameter\n          0.75 = b, length normalization parameter\n          3.0 = dl, length of field\n          3.75 = avgdl, average length of field\n  0.6341256 = weight(body:slow in 15) [BM25Similarity], result of:\n    0.6341256 = score(freq=1.0), computed as boost * idf * tf from:\n      1.2809339 = idf, computed as log(1 + (N - n + 0.5) / (n + 0.5)) from:\n        22 = n, number of documents containing term\n        80 = N, total number of documents with field\n      0.49504948 = tf, computed as freq / (freq + k1 * (1 - b + b * dl / avgdl)) from:\n        1.0 = freq, occurrences of term within document\n        1.2 = k1, term saturation parameter\n        0.75 = b, length normalization parameter\n        3.0 = dl, length of field\n        3.75 = avgdl, average length of field\n
fsqfilter	t:red|plain|scores	hits	10 1:3f4a27a6,13:3f274510,2:3f09f78e,55:3f09f78e,73:3f09f78e,76:3f09f78e,0:3efdb60e,5:3efdb60e,38:3efdb60e,68:3efdb60e,
fsq	or:red:old|boostval|dint(i)	hits	44 61:41fea56c,38:41ccc40d,57:41c2177c,2:41c0cd08,55:41ab7305,77:41ab7305,1:41a6df6c,9:41961bf4,72:4181759a,30:41707fc9,14:416c5230,24:414163d4,22:4136e480,52:4134a6a1,13:412f2db2,12:4124779c,49:411fce7b,48:4116b49c,42:4112be7f,28:41027562,6:40fc795b,35:40ecba4a,41:40de56ee,36:40bab686,20:40ab9e34,31:407120fa,65:40707394,5:402c59b7,7:3ffe4273,76:3ff9edda,4:3feff53d,68:3f9ab33a,18:3f7b3b3a,75:3f625a27,8:3f4a5096,70:3f43f12a,71:3f196eef,11:3ed0c7ec,39:3ec05c76,0:0,10:0,45:0,50:0,73:0,
fsq	or:red:old|boostval|dint(i)	explain 0	0.0 = weight(FunctionScoreQuery(body:red body:old, scored by boost(double(i)))), result of:\n  0.0 = product of:\n    0.3360581 = sum of:\n      0.3360581 = weight(body:red in 0) [BM25Similarity], result of:\n        0.3360581 = score(freq=2.0), computed as boost * idf * tf from:\n          0.6687557 = idf, computed as log(1 + (N - n + 0.5) / (n + 0.5)) from:\n            41 = n, number of documents containing term\n            80 = N, total number of documents with field\n          0.5025125 = tf, computed as freq / (freq + k1 * (1 - b + b * dl / avgdl)) from:\n            2.0 = freq, occurrences of term within document\n            1.2 = k1, term saturation parameter\n            0.75 = b, length normalization parameter\n            7.0 = dl, length of field\n            3.75 = avgdl, average length of field\n    0.0 = double(i)\n
fsq	or:red:old|boostval|dint(i)	explain 7	1.9864028692245483 = weight(FunctionScoreQuery(body:red body:old, scored by boost(double(i)))), result of:\n  1.9864028692245483 = product of:\n    0.33106714 = sum of:\n      0.33106714 = weight(body:red in 7) [BM25Similarity], result of:\n        0.33106714 = score(freq=1.0), computed as boost * idf * tf from:\n          0.6687557 = idf, computed as log(1 + (N - n + 0.5) / (n + 0.5)) from:\n            41 = n, number of documents containing term\n            80 = N, total number of documents with field\n          0.49504948 = tf, computed as freq / (freq + k1 * (1 - b + b * dl / avgdl)) from:\n            1.0 = freq, occurrences of term within document\n            1.2 = k1, term saturation parameter\n            0.75 = b, length normalization parameter\n            3.0 = dl, length of field\n            3.75 = avgdl, average length of field\n    6.0 = double(i)\n
fsq	or:red:old|boostval|dint(i)	explain 29	0.0 = No matching clauses\n  0.0 = no match on optional clause (body:red)\n    0.0 = no matching term\n  0.0 = no match on optional clause (body:old)\n    0.0 = no matching term\n
fsq	or:red:old|boostval|dint(i)	explain 61	31.830772161483765 = weight(FunctionScoreQuery(body:red body:old, scored by boost(double(i)))), result of:\n  31.830772161483765 = product of:\n    0.8841881 = sum of:\n      0.33106714 = weight(body:red in 15) [BM25Similarity], result of:\n        0.33106714 = score(freq=1.0), computed as boost * idf * tf from:\n          0.6687557 = idf, computed as log(1 + (N - n + 0.5) / (n + 0.5)) from:\n            41 = n, number of documents containing term\n            80 = N, total number of documents with field\n          0.49504948 = tf, computed as freq / (freq + k1 * (1 - b + b * dl / avgdl)) from:\n            1.0 = freq, occurrences of term within document\n            1.2 = k1, term saturation parameter\n            0.75 = b, length normalization parameter\n            3.0 = dl, length of field\n            3.75 = avgdl, average length of field\n      0.553121 = weight(body:old in 15) [BM25Similarity], result of:\n        0.553121 = score(freq=1.0), computed as boost * idf * tf from:\n          1.1173044 = idf, computed as log(1 + (N - n + 0.5) / (n + 0.5)) from:\n            26 = n, number of documents containing term\n            80 = N, total number of documents with field\n          0.49504948 = tf, computed as freq / (freq + k1 * (1 - b + b * dl / avgdl)) from:\n            1.0 = freq, occurrences of term within document\n            1.2 = k1, term saturation parameter\n            0.75 = b, length normalization parameter\n            3.0 = dl, length of field\n            3.75 = avgdl, average length of field\n    36.0 = double(i)\n
fsqboost	or:red:old|boostval|dint(i)	hits	44 61:42befc11,38:4299930a,57:4291919d,2:429099c6,55:42809644,77:42809644,1:427a4f22,9:426129ee,72:42423066,30:42345fd7,14:42313da4,24:42110adf,22:42092b60,52:42077cf9,13:42036245,12:41f6b36b,49:41efb5b9,48:41e20eea,42:41dc1dbe,28:41c3b013,6:41bd5b04,35:41b18bb7,41:41a6c132,36:418c08e5,20:4180b6a7,31:4134d8bc,65:413456af,5:41014349,7:40beb1d6,76:40bb7264,4:40b3f7ee,68:40680cd8,18:403c6c6c,75:4029c39d,8:4017bc70,70:4012f4e0,71:3fe62666,11:3f9c95f1,39:3f904558,0:0,10:0,45:0,50:0,73:0,
fsqboost	or:red:old|boostval|dint(i)	explain 0	0.0 = weight(FunctionScoreQuery(body:red body:old, scored by boost(double(i)))), product of:\n  3.0 = boost\n  0.0 = product of:\n    0.3360581 = sum of:\n      0.3360581 = weight(body:red in 0) [BM25Similarity], result of:\n        0.3360581 = score(freq=2.0), computed as boost * idf * tf from:\n          0.6687557 = idf, computed as log(1 + (N - n + 0.5) / (n + 0.5)) from:\n            41 = n, number of documents containing term\n            80 = N, total number of documents with field\n          0.5025125 = tf, computed as freq / (freq + k1 * (1 - b + b * dl / avgdl)) from:\n            2.0 = freq, occurrences of term within document\n            1.2 = k1, term saturation parameter\n            0.75 = b, length normalization parameter\n            7.0 = dl, length of field\n            3.75 = avgdl, average length of field\n    0.0 = double(i)\n
fsqboost	or:red:old|boostval|dint(i)	explain 7	5.9592085 = weight(FunctionScoreQuery(body:red body:old, scored by boost(double(i)))), product of:\n  3.0 = boost\n  1.9864028692245483 = product of:\n    0.33106714 = sum of:\n      0.33106714 = weight(body:red in 7) [BM25Similarity], result of:\n        0.33106714 = score(freq=1.0), computed as boost * idf * tf from:\n          0.6687557 = idf, computed as log(1 + (N - n + 0.5) / (n + 0.5)) from:\n            41 = n, number of documents containing term\n            80 = N, total number of documents with field\n          0.49504948 = tf, computed as freq / (freq + k1 * (1 - b + b * dl / avgdl)) from:\n            1.0 = freq, occurrences of term within document\n            1.2 = k1, term saturation parameter\n            0.75 = b, length normalization parameter\n            3.0 = dl, length of field\n            3.75 = avgdl, average length of field\n    6.0 = double(i)\n
fsqboost	or:red:old|boostval|dint(i)	explain 29	0.0 = No matching clauses\n  0.0 = no match on optional clause (body:red)\n    0.0 = no matching term\n  0.0 = no match on optional clause (body:old)\n    0.0 = no matching term\n
fsqboost	or:red:old|boostval|dint(i)	explain 61	95.49232 = weight(FunctionScoreQuery(body:red body:old, scored by boost(double(i)))), product of:\n  3.0 = boost\n  31.830772161483765 = product of:\n    0.8841881 = sum of:\n      0.33106714 = weight(body:red in 15) [BM25Similarity], result of:\n        0.33106714 = score(freq=1.0), computed as boost * idf * tf from:\n          0.6687557 = idf, computed as log(1 + (N - n + 0.5) / (n + 0.5)) from:\n            41 = n, number of documents containing term\n            80 = N, total number of documents with field\n          0.49504948 = tf, computed as freq / (freq + k1 * (1 - b + b * dl / avgdl)) from:\n            1.0 = freq, occurrences of term within document\n            1.2 = k1, term saturation parameter\n            0.75 = b, length normalization parameter\n            3.0 = dl, length of field\n            3.75 = avgdl, average length of field\n      0.553121 = weight(body:old in 15) [BM25Similarity], result of:\n        0.553121 = score(freq=1.0), computed as boost * idf * tf from:\n          1.1173044 = idf, computed as log(1 + (N - n + 0.5) / (n + 0.5)) from:\n            26 = n, number of documents containing term\n            80 = N, total number of documents with field\n          0.49504948 = tf, computed as freq / (freq + k1 * (1 - b + b * dl / avgdl)) from:\n            1.0 = freq, occurrences of term within document\n            1.2 = k1, term saturation parameter\n            0.75 = b, length normalization parameter\n            3.0 = dl, length of field\n            3.75 = avgdl, average length of field\n    36.0 = double(i)\n
fsqbool	or:red:old|boostval|dint(i)	hits	51 61:4201dc0e,38:41d0345f,57:41c2177c,2:41c0cd08,77:41af3073,55:41ab7305,1:41a6df6c,9:41961bf4,72:4181759a,14:417563bd,30:41707fc9,24:414bb05d,22:413f172f,13:413bc088,52:4134a6a1,12:4124779c,49:411fce7b,48:4116b49c,42:4112be7f,28:410e2b80,6:40fc795b,35:40ecba4a,41:40de56ee,36:40c877cd,20:40bc0391,31:407120fa,65:40707394,5:402c59b7,7:3ffe4273,76:3ff9edda,4:3feff53d,71:3faf7ccb,70:3f9dcf6e,68:3f9ab33a,18:3f7b3b3a,75:3f625a27,11:3f6011a7,74:3f54ef39,8:3f4a5096,69:3f492d66,29:3f22560e,51:3f22560e,25:3f032aea,10:3eef5b62,60:3eef5b62,79:3edc1474,39:3ec05c76,0:0,45:0,50:0,73:0,
fsqbool	or:red:old|boostval|dint(i)	explain 0	0.0 = sum of:\n  0.0 = weight(FunctionScoreQuery(body:red body:old, scored by boost(double(i)))), result of:\n    0.0 = product of:\n      0.3360581 = sum of:\n        0.3360581 = weight(body:red in 0) [BM25Similarity], result of:\n          0.3360581 = score(freq=2.0), computed as boost * idf * tf from:\n            0.6687557 = idf, computed as log(1 + (N - n + 0.5) / (n + 0.5)) from:\n              41 = n, number of documents containing term\n              80 = N, total number of documents with field\n            0.5025125 = tf, computed as freq / (freq + k1 * (1 - b + b * dl / avgdl)) from:\n              2.0 = freq, occurrences of term within document\n              1.2 = k1, term saturation parameter\n              0.75 = b, length normalization parameter\n              7.0 = dl, length of field\n              3.75 = avgdl, average length of field\n      0.0 = double(i)\n
fsqbool	or:red:old|boostval|dint(i)	explain 7	1.9864029 = sum of:\n  1.9864028692245483 = weight(FunctionScoreQuery(body:red body:old, scored by boost(double(i)))), result of:\n    1.9864028692245483 = product of:\n      0.33106714 = sum of:\n        0.33106714 = weight(body:red in 7) [BM25Similarity], result of:\n          0.33106714 = score(freq=1.0), computed as boost * idf * tf from:\n            0.6687557 = idf, computed as log(1 + (N - n + 0.5) / (n + 0.5)) from:\n              41 = n, number of documents containing term\n              80 = N, total number of documents with field\n            0.49504948 = tf, computed as freq / (freq + k1 * (1 - b + b * dl / avgdl)) from:\n              1.0 = freq, occurrences of term within document\n              1.2 = k1, term saturation parameter\n              0.75 = b, length normalization parameter\n              3.0 = dl, length of field\n              3.75 = avgdl, average length of field\n      6.0 = double(i)\n
fsqbool	or:red:old|boostval|dint(i)	explain 29	0.6341256 = sum of:\n  0.6341256 = weight(body:slow in 3) [BM25Similarity], result of:\n    0.6341256 = score(freq=1.0), computed as boost * idf * tf from:\n      1.2809339 = idf, computed as log(1 + (N - n + 0.5) / (n + 0.5)) from:\n        22 = n, number of documents containing term\n        80 = N, total number of documents with field\n      0.49504948 = tf, computed as freq / (freq + k1 * (1 - b + b * dl / avgdl)) from:\n        1.0 = freq, occurrences of term within document\n        1.2 = k1, term saturation parameter\n        0.75 = b, length normalization parameter\n        3.0 = dl, length of field\n        3.75 = avgdl, average length of field\n
fsqbool	or:red:old|boostval|dint(i)	explain 61	32.464897 = sum of:\n  31.830772161483765 = weight(FunctionScoreQuery(body:red body:old, scored by boost(double(i)))), result of:\n    31.830772161483765 = product of:\n      0.8841881 = sum of:\n        0.33106714 = weight(body:red in 15) [BM25Similarity], result of:\n          0.33106714 = score(freq=1.0), computed as boost * idf * tf from:\n            0.6687557 = idf, computed as log(1 + (N - n + 0.5) / (n + 0.5)) from:\n              41 = n, number of documents containing term\n              80 = N, total number of documents with field\n            0.49504948 = tf, computed as freq / (freq + k1 * (1 - b + b * dl / avgdl)) from:\n              1.0 = freq, occurrences of term within document\n              1.2 = k1, term saturation parameter\n              0.75 = b, length normalization parameter\n              3.0 = dl, length of field\n              3.75 = avgdl, average length of field\n        0.553121 = weight(body:old in 15) [BM25Similarity], result of:\n          0.553121 = score(freq=1.0), computed as boost * idf * tf from:\n            1.1173044 = idf, computed as log(1 + (N - n + 0.5) / (n + 0.5)) from:\n              26 = n, number of documents containing term\n              80 = N, total number of documents with field\n            0.49504948 = tf, computed as freq / (freq + k1 * (1 - b + b * dl / avgdl)) from:\n              1.0 = freq, occurrences of term within document\n              1.2 = k1, term saturation parameter\n              0.75 = b, length normalization parameter\n              3.0 = dl, length of field\n              3.75 = avgdl, average length of field\n      36.0 = double(i)\n  0.6341256 = weight(body:slow in 15) [BM25Similarity], result of:\n    0.6341256 = score(freq=1.0), computed as boost * idf * tf from:\n      1.2809339 = idf, computed as log(1 + (N - n + 0.5) / (n + 0.5)) from:\n        22 = n, number of documents containing term\n        80 = N, total number of documents with field\n      0.49504948 = tf, computed as freq / (freq + k1 * (1 - b + b * dl / avgdl)) from:\n        1.0 = freq, occurrences of term within document\n        1.2 = k1, term saturation parameter\n        0.75 = b, length normalization parameter\n        3.0 = dl, length of field\n        3.75 = avgdl, average length of field\n
fsqfilter	or:red:old|boostval|dint(i)	hits	11 1:3f4a27a6,13:3f274510,12:3f17363e,2:3f09f78e,55:3f09f78e,73:3f09f78e,76:3f09f78e,0:3efdb60e,5:3efdb60e,38:3efdb60e,68:3efdb60e,
fsq	or:red:old|boostval|vs(float(f))	hits	44 2:7f800000,4:7f800000,14:7f800000,61:4174f188,18:41641885,30:414dcafb,38:413e50e6,55:411fa150,73:411dc52c,1:41105e92,71:410abf61,68:40bc831c,31:40b88dac,12:40b015b6,22:40ae9e16,13:4091cd24,6:4087c37a,35:407fc47d,20:406313c2,5:405f0ed8,28:402bbd0f,42:40022be9,45:3ff49e49,52:3fd61373,36:3fd5b82f,72:3d732bde,0:3d33d026,7:0,8:0,9:0,11:0,24:0,39:0,41:0,48:0,49:0,50:0,57:0,65:0,70:0,75:0,76:0,77:0,10:80000000,
fsq	or:red:old|boostval|vs(float(f))	explain 0	0.04389967700840458 = weight(FunctionScoreQuery(body:red body:old, scored by boost(float(f)))), result of:\n  0.04389967700840458 = product of:\n    0.3360581 = sum of:\n      0.3360581 = weight(body:red in 0) [BM25Similarity], result of:\n        0.3360581 = score(freq=2.0), computed as boost * idf * tf from:\n          0.6687557 = idf, computed as log(1 + (N - n + 0.5) / (n + 0.5)) from:\n            41 = n, number of documents containing term\n            80 = N, total number of documents with field\n          0.5025125 = tf, computed as freq / (freq + k1 * (1 - b + b * dl / avgdl)) from:\n            2.0 = freq, occurrences of term within document\n            1.2 = k1, term saturation parameter\n            0.75 = b, length normalization parameter\n            7.0 = dl, length of field\n            3.75 = avgdl, average length of field\n    0.13063121 = float(f)=0.13063121\n
fsq	or:red:old|boostval|vs(float(f))	explain 7	0.0 = weight(FunctionScoreQuery(body:red body:old, scored by boost(float(f)))), result of:\n  0.0 = product of:\n    0.33106714 = sum of:\n      0.33106714 = weight(body:red in 7) [BM25Similarity], result of:\n        0.33106714 = score(freq=1.0), computed as boost * idf * tf from:\n          0.6687557 = idf, computed as log(1 + (N - n + 0.5) / (n + 0.5)) from:\n            41 = n, number of documents containing term\n            80 = N, total number of documents with field\n          0.49504948 = tf, computed as freq / (freq + k1 * (1 - b + b * dl / avgdl)) from:\n            1.0 = freq, occurrences of term within document\n            1.2 = k1, term saturation parameter\n            0.75 = b, length normalization parameter\n            3.0 = dl, length of field\n            3.75 = avgdl, average length of field\n    0.0 = float(f)=0.0\n
fsq	or:red:old|boostval|vs(float(f))	explain 29	0.0 = No matching clauses\n  0.0 = no match on optional clause (body:red)\n    0.0 = no matching term\n  0.0 = no match on optional clause (body:old)\n    0.0 = no matching term\n
fsq	or:red:old|boostval|vs(float(f))	explain 61	15.308967221293415 = weight(FunctionScoreQuery(body:red body:old, scored by boost(float(f)))), result of:\n  15.308967221293415 = product of:\n    0.8841881 = sum of:\n      0.33106714 = weight(body:red in 15) [BM25Similarity], result of:\n        0.33106714 = score(freq=1.0), computed as boost * idf * tf from:\n          0.6687557 = idf, computed as log(1 + (N - n + 0.5) / (n + 0.5)) from:\n            41 = n, number of documents containing term\n            80 = N, total number of documents with field\n          0.49504948 = tf, computed as freq / (freq + k1 * (1 - b + b * dl / avgdl)) from:\n            1.0 = freq, occurrences of term within document\n            1.2 = k1, term saturation parameter\n            0.75 = b, length normalization parameter\n            3.0 = dl, length of field\n            3.75 = avgdl, average length of field\n      0.553121 = weight(body:old in 15) [BM25Similarity], result of:\n        0.553121 = score(freq=1.0), computed as boost * idf * tf from:\n          1.1173044 = idf, computed as log(1 + (N - n + 0.5) / (n + 0.5)) from:\n            26 = n, number of documents containing term\n            80 = N, total number of documents with field\n          0.49504948 = tf, computed as freq / (freq + k1 * (1 - b + b * dl / avgdl)) from:\n            1.0 = freq, occurrences of term within document\n            1.2 = k1, term saturation parameter\n            0.75 = b, length normalization parameter\n            3.0 = dl, length of field\n            3.75 = avgdl, average length of field\n    17.314152 = float(f)=17.314152\n
fsqboost	or:red:old|boostval|vs(float(f))	hits	44 2:7f800000,4:7f800000,14:7f800000,61:4237b526,18:422b1264,30:421a583c,38:420ebcac,55:41ef71f7,73:41eca7c2,1:41d88ddc,71:41d01f12,68:418d6255,31:418a6a41,12:41841049,22:4182f691,13:415ab3b6,6:414ba537,35:413fd35e,20:412a4ed1,5:41274b22,28:4100cdcb,42:40c341de,45:40b776b7,52:40a08e96,36:40a04a23,72:3e3660e6,0:3e06dc1c,7:0,8:0,9:0,11:0,24:0,39:0,41:0,48:0,49:0,50:0,57:0,65:0,70:0,75:0,76:0,77:0,10:80000000,
fsqboost	or:red:old|boostval|vs(float(f))	explain 0	0.13169903 = weight(FunctionScoreQuery(body:red body:old, scored by boost(float(f)))), product of:\n  3.0 = boost\n  0.04389967700840458 = product of:\n    0.3360581 = sum of:\n      0.3360581 = weight(body:red in 0) [BM25Similarity], result of:\n        0.3360581 = score(freq=2.0), computed as boost * idf * tf from:\n          0.6687557 = idf, computed as log(1 + (N - n + 0.5) / (n + 0.5)) from:\n            41 = n, number of documents containing term\n            80 = N, total number of documents with field\n          0.5025125 = tf, computed as freq / (freq + k1 * (1 - b + b * dl / avgdl)) from:\n            2.0 = freq, occurrences of term within document\n            1.2 = k1, term saturation parameter\n            0.75 = b, length normalization parameter\n            7.0 = dl, length of field\n            3.75 = avgdl, average length of field\n    0.13063121 = float(f)=0.13063121\n
fsqboost	or:red:old|boostval|vs(float(f))	explain 7	0.0 = weight(FunctionScoreQuery(body:red body:old, scored by boost(float(f)))), product of:\n  3.0 = boost\n  0.0 = product of:\n    0.33106714 = sum of:\n      0.33106714 = weight(body:red in 7) [BM25Similarity], result of:\n        0.33106714 = score(freq=1.0), computed as boost * idf * tf from:\n          0.6687557 = idf, computed as log(1 + (N - n + 0.5) / (n + 0.5)) from:\n            41 = n, number of documents containing term\n            80 = N, total number of documents with field\n          0.49504948 = tf, computed as freq / (freq + k1 * (1 - b + b * dl / avgdl)) from:\n            1.0 = freq, occurrences of term within document\n            1.2 = k1, term saturation parameter\n            0.75 = b, length normalization parameter\n            3.0 = dl, length of field\n            3.75 = avgdl, average length of field\n    0.0 = float(f)=0.0\n
fsqboost	or:red:old|boostval|vs(float(f))	explain 29	0.0 = No matching clauses\n  0.0 = no match on optional clause (body:red)\n    0.0 = no matching term\n  0.0 = no match on optional clause (body:old)\n    0.0 = no matching term\n
fsqboost	or:red:old|boostval|vs(float(f))	explain 61	45.926903 = weight(FunctionScoreQuery(body:red body:old, scored by boost(float(f)))), product of:\n  3.0 = boost\n  15.308967221293415 = product of:\n    0.8841881 = sum of:\n      0.33106714 = weight(body:red in 15) [BM25Similarity], result of:\n        0.33106714 = score(freq=1.0), computed as boost * idf * tf from:\n          0.6687557 = idf, computed as log(1 + (N - n + 0.5) / (n + 0.5)) from:\n            41 = n, number of documents containing term\n            80 = N, total number of documents with field\n          0.49504948 = tf, computed as freq / (freq + k1 * (1 - b + b * dl / avgdl)) from:\n            1.0 = freq, occurrences of term within document\n            1.2 = k1, term saturation parameter\n            0.75 = b, length normalization parameter\n            3.0 = dl, length of field\n            3.75 = avgdl, average length of field\n      0.553121 = weight(body:old in 15) [BM25Similarity], result of:\n        0.553121 = score(freq=1.0), computed as boost * idf * tf from:\n          1.1173044 = idf, computed as log(1 + (N - n + 0.5) / (n + 0.5)) from:\n            26 = n, number of documents containing term\n            80 = N, total number of documents with field\n          0.49504948 = tf, computed as freq / (freq + k1 * (1 - b + b * dl / avgdl)) from:\n            1.0 = freq, occurrences of term within document\n            1.2 = k1, term saturation parameter\n            0.75 = b, length normalization parameter\n            3.0 = dl, length of field\n            3.75 = avgdl, average length of field\n    17.314152 = float(f)=17.314152\n
fsqbool	or:red:old|boostval|vs(float(f))	hits	51 2:7f800000,4:7f800000,14:7f800000,61:417f16e9,18:41641885,30:414dcafb,38:4145318a,55:411fa150,73:411dc52c,71:4117180b,1:41105e92,22:40bf0373,68:40bc831c,31:40b88dac,12:40b015b6,13:40aaf2d1,6:4087c37a,20:4081ef3e,35:407fc47d,5:405f0ed8,28:405a9587,36:40065ea6,42:40022be9,45:3ff49e49,52:3fd61373,74:3f54ef39,69:3f492d66,24:3f24c88f,29:3f22560e,51:3f22560e,25:3f032aea,10:3eef5b62,11:3eef5b62,60:3eef5b62,70:3eef5b62,77:3eef5b62,79:3edc1474,72:3d732bde,0:3d33d026,7:0,8:0,9:0,39:0,41:0,48:0,49:0,50:0,57:0,65:0,75:0,76:0,
fsqbool	or:red:old|boostval|vs(float(f))	explain 0	0.043899678 = sum of:\n  0.04389967700840458 = weight(FunctionScoreQuery(body:red body:old, scored by boost(float(f)))), result of:\n    0.04389967700840458 = product of:\n      0.3360581 = sum of:\n        0.3360581 = weight(body:red in 0) [BM25Similarity], result of:\n          0.3360581 = score(freq=2.0), computed as boost * idf * tf from:\n            0.6687557 = idf, computed as log(1 + (N - n + 0.5) / (n + 0.5)) from:\n              41 = n, number of documents containing term\n              80 = N, total number of documents with field\n            0.5025125 = tf, computed as freq / (freq + k1 * (1 - b + b * dl / avgdl)) from:\n              2.0 = freq, occurrences of term within document\n              1.2 = k1, term saturation parameter\n              0.75 = b, length normalization parameter\n              7.0 = dl, length of field\n              3.75 = avgdl, average length of field\n      0.13063121 = float(f)=0.13063121\n
fsqbool	or:red:old|boostval|vs(float(f))	explain 7	0.0 = sum of:\n  0.0 = weight(FunctionScoreQuery(body:red body:old, scored by boost(float(f)))), result of:\n    0.0 = product of:\n      0.33106714 = sum of:\n        0.33106714 = weight(body:red in 7) [BM25Similarity], result of:\n          0.33106714 = score(freq=1.0), computed as boost * idf * tf from:\n            0.6687557 = idf, computed as log(1 + (N - n + 0.5) / (n + 0.5)) from:\n              41 = n, number of documents containing term\n              80 = N, total number of documents with field\n            0.49504948 = tf, computed as freq / (freq + k1 * (1 - b + b * dl / avgdl)) from:\n              1.0 = freq, occurrences of term within document\n              1.2 = k1, term saturation parameter\n              0.75 = b, length normalization parameter\n              3.0 = dl, length of field\n              3.75 = avgdl, average length of field\n      0.0 = float(f)=0.0\n
fsqbool	or:red:old|boostval|vs(float(f))	explain 29	0.6341256 = sum of:\n  0.6341256 = weight(body:slow in 3) [BM25Similarity], result of:\n    0.6341256 = score(freq=1.0), computed as boost * idf * tf from:\n      1.2809339 = idf, computed as log(1 + (N - n + 0.5) / (n + 0.5)) from:\n        22 = n, number of documents containing term\n        80 = N, total number of documents with field\n      0.49504948 = tf, computed as freq / (freq + k1 * (1 - b + b * dl / avgdl)) from:\n        1.0 = freq, occurrences of term within document\n        1.2 = k1, term saturation parameter\n        0.75 = b, length normalization parameter\n        3.0 = dl, length of field\n        3.75 = avgdl, average length of field\n
fsqbool	or:red:old|boostval|vs(float(f))	explain 61	15.943093 = sum of:\n  15.308967221293415 = weight(FunctionScoreQuery(body:red body:old, scored by boost(float(f)))), result of:\n    15.308967221293415 = product of:\n      0.8841881 = sum of:\n        0.33106714 = weight(body:red in 15) [BM25Similarity], result of:\n          0.33106714 = score(freq=1.0), computed as boost * idf * tf from:\n            0.6687557 = idf, computed as log(1 + (N - n + 0.5) / (n + 0.5)) from:\n              41 = n, number of documents containing term\n              80 = N, total number of documents with field\n            0.49504948 = tf, computed as freq / (freq + k1 * (1 - b + b * dl / avgdl)) from:\n              1.0 = freq, occurrences of term within document\n              1.2 = k1, term saturation parameter\n              0.75 = b, length normalization parameter\n              3.0 = dl, length of field\n              3.75 = avgdl, average length of field\n        0.553121 = weight(body:old in 15) [BM25Similarity], result of:\n          0.553121 = score(freq=1.0), computed as boost * idf * tf from:\n            1.1173044 = idf, computed as log(1 + (N - n + 0.5) / (n + 0.5)) from:\n              26 = n, number of documents containing term\n              80 = N, total number of documents with field\n            0.49504948 = tf, computed as freq / (freq + k1 * (1 - b + b * dl / avgdl)) from:\n              1.0 = freq, occurrences of term within document\n              1.2 = k1, term saturation parameter\n              0.75 = b, length normalization parameter\n              3.0 = dl, length of field\n              3.75 = avgdl, average length of field\n      17.314152 = float(f)=17.314152\n  0.6341256 = weight(body:slow in 15) [BM25Similarity], result of:\n    0.6341256 = score(freq=1.0), computed as boost * idf * tf from:\n      1.2809339 = idf, computed as log(1 + (N - n + 0.5) / (n + 0.5)) from:\n        22 = n, number of documents containing term\n        80 = N, total number of documents with field\n      0.49504948 = tf, computed as freq / (freq + k1 * (1 - b + b * dl / avgdl)) from:\n        1.0 = freq, occurrences of term within document\n        1.2 = k1, term saturation parameter\n        0.75 = b, length normalization parameter\n        3.0 = dl, length of field\n        3.75 = avgdl, average length of field\n
fsqfilter	or:red:old|boostval|vs(float(f))	hits	11 1:3f4a27a6,13:3f274510,12:3f17363e,2:3f09f78e,55:3f09f78e,73:3f09f78e,76:3f09f78e,0:3efdb60e,5:3efdb60e,38:3efdb60e,68:3efdb60e,
fsq	t:blue|boostq|t:red:2.5	hits	32 45:3f9c1114,39:3f996fb6,65:3f996fb6,0:3f893e9d,7:3f8734d0,14:3f71b23d,35:3f71b23d,22:3f5a7e51,73:3f475af1,76:3f475af1,5:3f374cbf,24:3f374cbf,36:3f374cbf,68:3f374cbf,72:3f374cbf,20:3f11a98a,44:3f10b296,16:3f0de0fb,17:3f0de0fb,21:3f0de0fb,79:3f039f5e,12:3ef9b4ed,58:3ef57f89,10:3ee9aec9,15:3ed85480,51:3ed85480,23:3ec15b64,25:3eaecb74,26:3eaecb74,57:3eaecb74,11:3e9f7bf4,4:3e92a3cc,
fsq	t:blue|boostq|t:red:2.5	explain 0	1.072223260998726 = weight(FunctionScoreQuery(body:blue, scored by boost(queryboost(score(body:red))^2.5))), result of:\n  1.072223260998726 = product of:\n    0.4288893 = weight(body:blue in 0) [BM25Similarity], result of:\n      0.4288893 = score(freq=2.0), computed as boost * idf * tf from:\n        0.8534898 = idf, computed as log(1 + (N - n + 0.5) / (n + 0.5)) from:\n          34 = n, number of documents containing term\n          80 = N, total number of documents with field\n        0.5025125 = tf, computed as freq / (freq + k1 * (1 - b + b * dl / avgdl)) from:\n          2.0 = freq, occurrences of term within document\n          1.2 = k1, term saturation parameter\n          0.75 = b, length normalization parameter\n          7.0 = dl, length of field\n          3.75 = avgdl, average length of field\n    2.5 = Matched boosting query score(body:red)\n
fsq	t:blue|boostq|t:red:2.5	explain 7	1.0562992095947266 = weight(FunctionScoreQuery(body:blue, scored by boost(queryboost(score(body:red))^2.5))), result of:\n  1.0562992095947266 = product of:\n    0.42251968 = weight(body:blue in 7) [BM25Similarity], result of:\n      0.42251968 = score(freq=1.0), computed as boost * idf * tf from:\n        0.8534898 = idf, computed as log(1 + (N - n + 0.5) / (n + 0.5)) from:\n          34 = n, number of documents containing term\n          80 = N, total number of documents with field\n        0.49504948 = tf, computed as freq / (freq + k1 * (1 - b + b * dl / avgdl)) from:\n          1.0 = freq, occurrences of term within document\n          1.2 = k1, term saturation parameter\n          0.75 = b, length normalization parameter\n          3.0 = dl, length of field\n          3.75 = avgdl, average length of field\n    2.5 = Matched boosting query score(body:red)\n
fsq	t:blue|boostq|t:red:2.5	explain 29	0.0 = no matching term\n
fsq	t:blue|boostq|t:red:2.5	explain 61	0.0 = no matching term\n
fsqboost	t:blue|boostq|t:red:2.5	hits	32 45:406a199e,39:40662790,65:40662790,0:404dddeb,7:404acf38,14:403545ae,35:403545ae,22:4023debd,73:40158435,76:40158435,5:4009798f,24:4009798f,36:4009798f,68:4009798f,72:4009798f,20:3fda7e4f,44:3fd90be1,16:3fd4d178,17:3fd4d178,21:3fd4d178,79:3fc56f0d,12:3fbb47b2,58:3fb81fa7,10:3faf4317,15:3fa23f60,51:3fa23f60,23:3f91048b,25:3f831897,26:3f831897,57:3f831897,11:3f6f39ee,4:3f5bf5b2,
fsqboost	t:blue|boostq|t:red:2.5	explain 0	3.2166698 = weight(FunctionScoreQuery(body:blue, scored by boost(queryboost(score(body:red))^2.5))), product of:\n  3.0 = boost\n  1.072223260998726 = product of:\n    0.4288893 = weight(body:blue in 0) [BM25Similarity], result of:\n      0.4288893 = score(freq=2.0), computed as boost * idf * tf from:\n        0.8534898 = idf, computed as log(1 + (N - n + 0.5) / (n + 0.5)) from:\n          34 = n, number of documents containing term\n          80 = N, total number of documents with field\n        0.5025125 = tf, computed as freq / (freq + k1 * (1 - b + b * dl / avgdl)) from:\n          2.0 = freq, occurrences of term within document\n          1.2 = k1, term saturation parameter\n          0.75 = b, length normalization parameter\n          7.0 = dl, length of field\n          3.75 = avgdl, average length of field\n    2.5 = Matched boosting query score(body:red)\n
fsqboost	t:blue|boostq|t:red:2.5	explain 7	3.1688976 = weight(FunctionScoreQuery(body:blue, scored by boost(queryboost(score(body:red))^2.5))), product of:\n  3.0 = boost\n  1.0562992095947266 = product of:\n    0.42251968 = weight(body:blue in 7) [BM25Similarity], result of:\n      0.42251968 = score(freq=1.0), computed as boost * idf * tf from:\n        0.8534898 = idf, computed as log(1 + (N - n + 0.5) / (n + 0.5)) from:\n          34 = n, number of documents containing term\n          80 = N, total number of documents with field\n        0.49504948 = tf, computed as freq / (freq + k1 * (1 - b + b * dl / avgdl)) from:\n          1.0 = freq, occurrences of term within document\n          1.2 = k1, term saturation parameter\n          0.75 = b, length normalization parameter\n          3.0 = dl, length of field\n          3.75 = avgdl, average length of field\n    2.5 = Matched boosting query score(body:red)\n
fsqboost	t:blue|boostq|t:red:2.5	explain 29	0.0 = no matching term\n
fsqboost	t:blue|boostq|t:red:2.5	explain 61	0.0 = no matching term\n
fsqbool	t:blue|boostq|t:red:2.5	hits	43 14:3fc16587,22:3faed49e,24:3fae0aa7,45:3f9c1114,39:3f996fb6,65:3f996fb6,36:3f92ab7c,20:3f8a6a3a,0:3f893e9d,51:3f874027,7:3f8734d0,35:3f71b23d,79:3f71a998,10:3f6c8516,25:3f5a90a4,74:3f54ef39,13:3f492d66,69:3f492d66,11:3f476bab,73:3f475af1,76:3f475af1,71:3f458aa7,28:3f3b61e1,5:3f374cbf,68:3f374cbf,72:3f374cbf,29:3f22560e,61:3f22560e,44:3f10b296,16:3f0de0fb,17:3f0de0fb,21:3f0de0fb,12:3ef9b4ed,58:3ef57f89,60:3eef5b62,70:3eef5b62,77:3eef5b62,38:3edc1474,15:3ed85480,23:3ec15b64,26:3eaecb74,57:3eaecb74,4:3e92a3cc,
fsqbool	t:blue|boostq|t:red:2.5	explain 0	1.0722233 = sum of:\n  1.072223260998726 = weight(FunctionScoreQuery(body:blue, scored by boost(queryboost(score(body:red))^2.5))), result of:\n    1.072223260998726 = product of:\n      0.4288893 = weight(body:blue in 0) [BM25Similarity], result of:\n        0.4288893 = score(freq=2.0), computed as boost * idf * tf from:\n          0.8534898 = idf, computed as log(1 + (N - n + 0.5) / (n + 0.5)) from:\n            34 = n, number of documents containing term\n            80 = N, total number of documents with field\n          0.5025125 = tf, computed as freq / (freq + k1 * (1 - b + b * dl / avgdl)) from:\n            2.0 = freq, occurrences of term within document\n            1.2 = k1, term saturation parameter\n            0.75 = b, length normalization parameter\n            7.0 = dl, length of field\n            3.75 = avgdl, average length of field\n      2.5 = Matched boosting query score(body:red)\n
fsqbool	t:blue|boostq|t:red:2.5	explain 7	1.0562992 = sum of:\n  1.0562992095947266 = weight(FunctionScoreQuery(body:blue, scored by boost(queryboost(score(body:red))^2.5))), result of:\n    1.0562992095947266 = product of:\n      0.42251968 = weight(body:blue in 7) [BM25Similarity], result of:\n        0.42251968 = score(freq=1.0), computed as boost * idf * tf from:\n          0.8534898 = idf, computed as log(1 + (N - n + 0.5) / (n + 0.5)) from:\n            34 = n, number of documents containing term\n            80 = N, total number of documents with field\n          0.49504948 = tf, computed as freq / (freq + k1 * (1 - b + b * dl / avgdl)) from:\n            1.0 = freq, occurrences of term within document\n            1.2 = k1, term saturation parameter\n            0.75 = b, length normalization parameter\n            3.0 = dl, length of field\n            3.75 = avgdl, average length of field\n      2.5 = Matched boosting query score(body:red)\n
fsqbool	t:blue|boostq|t:red:2.5	explain 29	0.6341256 = sum of:\n  0.6341256 = weight(body:slow in 3) [BM25Similarity], result of:\n    0.6341256 = score(freq=1.0), computed as boost * idf * tf from:\n      1.2809339 = idf, computed as log(1 + (N - n + 0.5) / (n + 0.5)) from:\n        22 = n, number of documents containing term\n        80 = N, total number of documents with field\n      0.49504948 = tf, computed as freq / (freq + k1 * (1 - b + b * dl / avgdl)) from:\n        1.0 = freq, occurrences of term within document\n        1.2 = k1, term saturation parameter\n        0.75 = b, length normalization parameter\n        3.0 = dl, length of field\n        3.75 = avgdl, average length of field\n
fsqbool	t:blue|boostq|t:red:2.5	explain 61	0.6341256 = sum of:\n  0.6341256 = weight(body:slow in 15) [BM25Similarity], result of:\n    0.6341256 = score(freq=1.0), computed as boost * idf * tf from:\n      1.2809339 = idf, computed as log(1 + (N - n + 0.5) / (n + 0.5)) from:\n        22 = n, number of documents containing term\n        80 = N, total number of documents with field\n      0.49504948 = tf, computed as freq / (freq + k1 * (1 - b + b * dl / avgdl)) from:\n        1.0 = freq, occurrences of term within document\n        1.2 = k1, term saturation parameter\n        0.75 = b, length normalization parameter\n        3.0 = dl, length of field\n        3.75 = avgdl, average length of field\n
fsqfilter	t:blue|boostq|t:red:2.5	hits	8 58:3f54604f,23:3f274510,12:3f17363e,73:3f09f78e,76:3f09f78e,0:3efdb60e,5:3efdb60e,68:3efdb60e,
fsq	or:red:fast|boostq|and:blue:green:0.5	hits	48 6:3f8333af,70:3f79c653,38:3f6ab682,75:3f673a22,18:3f4eac0a,5:3f4e21d7,68:3f4a6bcc,54:3f4020cc,24:3f39518c,1:3f2a7778,27:3f263923,46:3f263923,62:3f263923,71:3f1cbce2,15:3f127951,23:3f02eb4e,50:3eff864a,9:3ef65542,31:3ef120fa,48:3ef120fa,45:3ee444c4,41:3ede56ee,49:3ede56ee,52:3ede56ee,76:3edcb496,2:3ed8b5f0,14:3ed2102b,72:3ece21d7,42:3ec3a8a9,39:3ec05c76,65:3ec05c76,55:3eb71a68,77:3eb71a68,30:3ea981a2,61:3ea981a2,26:3ea912a0,11:3e9e391f,8:3e978177,13:3e978177,35:3e978177,4:3e94ae9a,22:3e88f610,28:3e88f610,73:3e79edda,10:3e57f802,0:3e2c0fcf,7:3e2981a2,36:3de5ccf4,
fsq	or:red:fast|boostq|and:blue:green:0.5	explain 0	0.1680290549993515 = weight(FunctionScoreQuery(body:red body:fast, scored by boost(queryboost(score(+body:blue +body:green))^0.5))), result of:\n  0.1680290549993515 = product of:\n    0.3360581 = sum of:\n      0.3360581 = weight(body:red in 0) [BM25Similarity], result of:\n        0.3360581 = score(freq=2.0), computed as boost * idf * tf from:\n          0.6687557 = idf, computed as log(1 + (N - n + 0.5) / (n + 0.5)) from:\n            41 = n, number of documents containing term\n            80 = N, total number of documents with field\n          0.5025125 = tf, computed as freq / (freq + k1 * (1 - b + b * dl / avgdl)) from:\n            2.0 = freq, occurrences of term within document\n            1.2 = k1, term saturation parameter\n            0.75 = b, length normalization parameter\n            7.0 = dl, length of field\n            3.75 = avgdl, average length of field\n    0.5 = Matched boosting query score(+body:blue +body:green)\n
fsq	or:red:fast|boostq|and:blue:green:0.5	explain 7	0.16553357243537903 = weight(FunctionScoreQuery(body:red body:fast, scored by boost(queryboost(score(+body:blue +body:green))^0.5))), result of:\n  0.16553357243537903 = product of:\n    0.33106714 = sum of:\n      0.33106714 = weight(body:red in 7) [BM25Similarity], result of:\n        0.33106714 = score(freq=1.0), computed as boost * idf * tf from:\n          0.6687557 = idf, computed as log(1 + (N - n + 0.5) / (n + 0.5)) from:\n            41 = n, number of documents containing term\n            80 = N, total number of documents with field\n          0.49504948 = tf, computed as freq / (freq + k1 * (1 - b + b * dl / avgdl)) from:\n            1.0 = freq, occurrences of term within document\n            1.2 = k1, term saturation parameter\n            0.75 = b, length normalization parameter\n            3.0 = dl, length of field\n            3.75 = avgdl, average length of field\n    0.5 = Matched boosting query score(+body:blue +body:green)\n
fsq	or:red:fast|boostq|and:blue:green:0.5	explain 29	0.0 = No matching clauses\n  0.0 = no match on optional clause (body:red)\n    0.0 = no matching term\n  0.0 = no match on optional clause (body:fast)\n    0.0 = no matching term\n
fsq	or:red:fast|boostq|and:blue:green:0.5	explain 61	0.33106714 = weight(FunctionScoreQuery(body:red body:fast, scored by boost(queryboost(score(+body:blue +body:green))^0.5))), result of:\n  0.33106714 = sum of:\n    0.33106714 = weight(body:red in 15) [BM25Similarity], result of:\n      0.33106714 = score(freq=1.0), computed as boost * idf * tf from:\n        0.6687557 = idf, computed as log(1 + (N - n + 0.5) / (n + 0.5)) from:\n          41 = n, number of documents containing term\n          80 = N, total number of documents with field\n        0.49504948 = tf, computed as freq / (freq + k1 * (1 - b + b * dl / avgdl)) from:\n          1.0 = freq, occurrences of term within document\n          1.2 = k1, term saturation parameter\n          0.75 = b, length normalization parameter\n          3.0 = dl, length of field\n          3.75 = avgdl, average length of field\n
fsqboost	or:red:fast|boostq|and:blue:green:0.5	hits	48 6:4044cd86,70:403b54be,38:403008e2,75:402d6b9a,18:401b0108,5:401a9961,68:4017d0d9,54:40101899,24:400afd29,1:3fffb334,27:3ff955b4,46:3ff955b4,62:3ff955b4,71:3feb1b53,15:3fdbb5fa,23:3fc460f5,50:3fbfa4b8,9:3fb8bff2,31:3fb4d8bc,48:3fb4d8bc,45:3fab3393,41:3fa6c132,49:3fa6c132,52:3fa6c132,76:3fa58770,2:3fa28874,14:3f9d8c20,72:3f9a9961,42:3f92be7f,39:3f904558,65:3f904558,55:3f8953ce,77:3f8953ce,30:3f7e4273,61:3f7e4273,26:3f7d9bf0,11:3f6d55ae,8:3f634232,13:3f634232,35:3f634232,4:3f5f05e7,22:3f4d7118,28:3f4d7118,73:3f3b7264,10:3f21fa02,0:3f010bdb,7:3efe4273,36:3eac59b7,
fsqboost	or:red:fast|boostq|and:blue:green:0.5	explain 0	0.50408715 = weight(FunctionScoreQuery(body:red body:fast, scored by boost(queryboost(score(+body:blue +body:green))^0.5))), product of:\n  3.0 = boost\n  0.1680290549993515 = product of:\n    0.3360581 = sum of:\n      0.3360581 = weight(body:red in 0) [BM25Similarity], result of:\n        0.3360581 = score(freq=2.0), computed as boost * idf * tf from:\n          0.6687557 = idf, computed as log(1 + (N - n + 0.5) / (n + 0.5)) from:\n            41 = n, number of documents containing term\n            80 = N, total number of documents with field\n          0.5025125 = tf, computed as freq / (freq + k1 * (1 - b + b * dl / avgdl)) from:\n            2.0 = freq, occurrences of term within document\n            1.2 = k1, term saturation parameter\n            0.75 = b, length normalization parameter\n            7.0 = dl, length of field\n            3.75 = avgdl, average length of field\n    0.5 = Matched boosting query score(+body:blue +body:green)\n
fsqboost	or:red:fast|boostq|and:blue:green:0.5	explain 7	0.49660072 = weight(FunctionScoreQuery(body:red body:fast, scored by boost(queryboost(score(+body:blue +body:green))^0.5))), product of:\n  3.0 = boost\n  0.16553357243537903 = product of:\n    0.33106714 = sum of:\n      0.33106714 = weight(body:red in 7) [BM25Similarity], result of:\n        0.33106714 = score(freq=1.0), computed as boost * idf * tf from:\n          0.6687557 = idf, computed as log(1 + (N - n + 0.5) / (n + 0.5)) from:\n            41 = n, number of documents containing term\n            80 = N, total number of documents with field\n          0.49504948 = tf, computed as freq / (freq + k1 * (1 - b + b * dl / avgdl)) from:\n            1.0 = freq, occurrences of term within document\n            1.2 = k1, term saturation parameter\n            0.75 = b, length normalization parameter\n            3.0 = dl, length of field\n            3.75 = avgdl, average length of field\n    0.5 = Matched boosting query score(+body:blue +body:green)\n
fsqboost	or:red:fast|boostq|and:blue:green:0.5	explain 29	0.0 = No matching clauses\n  0.0 = no match on optional clause (body:red)\n    0.0 = no matching term\n  0.0 = no match on optional clause (body:fast)\n    0.0 = no matching term\n
fsqboost	or:red:fast|boostq|and:blue:green:0.5	explain 61	0.99320143 = weight(FunctionScoreQuery(body:red body:fast, scored by boost(queryboost(score(+body:blue +body:green))^0.5))), product of:\n  3.0 = boost\n  0.33106714 = sum of:\n    0.33106714 = weight(body:red in 15) [BM25Similarity], result of:\n      0.33106714 = score(freq=1.0), computed as boost * idf * tf from:\n        0.6687557 = idf, computed as log(1 + (N - n + 0.5) / (n + 0.5)) from:\n          41 = n, number of documents containing term\n          80 = N, total number of documents with field\n        0.49504948 = tf, computed as freq / (freq + k1 * (1 - b + b * dl / avgdl)) from:\n          1.0 = freq, occurrences of term within document\n          1.2 = k1, term saturation parameter\n          0.75 = b, length normalization parameter\n          3.0 = dl, length of field\n          3.75 = avgdl, average length of field\n
fsqbool	or:red:fast|boostq|and:blue:green:0.5	hits	56 70:3fb8ba02,71:3fb123c4,24:3faf0d0e,38:3fac605e,13:3f8a7711,6:3f8333af,28:3f7fdce9,14:3f7a20e6,61:3f7716df,75:3f673a22,74:3f54ef39,77:3f533ae5,18:3f4eac0a,5:3f4e21d7,68:3f4a6bcc,69:3f492d66,22:3f47a5f2,11:3f46ca40,54:3f4020cc,10:3f2dabb2,1:3f2a7778,27:3f263923,46:3f263923,62:3f263923,29:3f22560e,51:3f22560e,15:3f127951,36:3f0ac3d8,20:3f032aea,25:3f032aea,23:3f02eb4e,50:3eff864a,9:3ef65542,31:3ef120fa,48:3ef120fa,60:3eef5b62,45:3ee444c4,41:3ede56ee,49:3ede56ee,52:3ede56ee,76:3edcb496,79:3edc1474,2:3ed8b5f0,72:3ece21d7,42:3ec3a8a9,39:3ec05c76,65:3ec05c76,55:3eb71a68,30:3ea981a2,26:3ea912a0,8:3e978177,35:3e978177,4:3e94ae9a,73:3e79edda,0:3e2c0fcf,7:3e2981a2,
fsqbool	or:red:fast|boostq|and:blue:green:0.5	explain 0	0.16802905 = sum of:\n  0.1680290549993515 = weight(FunctionScoreQuery(body:red body:fast, scored by boost(queryboost(score(+body:blue +body:green))^0.5))), result of:\n    0.1680290549993515 = product of:\n      0.3360581 = sum of:\n        0.3360581 = weight(body:red in 0) [BM25Similarity], result of:\n          0.3360581 = score(freq=2.0), computed as boost * idf * tf from:\n            0.6687557 = idf, computed as log(1 + (N - n + 0.5) / (n + 0.5)) from:\n              41 = n, number of documents containing term\n              80 = N, total number of documents with field\n            0.5025125 = tf, computed as freq / (freq + k1 * (1 - b + b * dl / avgdl)) from:\n              2.0 = freq, occurrences of term within document\n              1.2 = k1, term saturation parameter\n              0.75 = b, length normalization parameter\n              7.0 = dl, length of field\n              3.75 = avgdl, average length of field\n      0.5 = Matched boosting query score(+body:blue +body:green)\n
fsqbool	or:red:fast|boostq|and:blue:green:0.5	explain 7	0.16553357 = sum of:\n  0.16553357243537903 = weight(FunctionScoreQuery(body:red body:fast, scored by boost(queryboost(score(+body:blue +body:green))^0.5))), result of:\n    0.16553357243537903 = product of:\n      0.33106714 = sum of:\n        0.33106714 = weight(body:red in 7) [BM25Similarity], result of:\n          0.33106714 = score(freq=1.0), computed as boost * idf * tf from:\n            0.6687557 = idf, computed as log(1 + (N - n + 0.5) / (n + 0.5)) from:\n              41 = n, number of documents containing term\n              80 = N, total number of documents with field\n            0.49504948 = tf, computed as freq / (freq + k1 * (1 - b + b * dl / avgdl)) from:\n              1.0 = freq, occurrences of term within document\n              1.2 = k1, term saturation parameter\n              0.75 = b, length normalization parameter\n              3.0 = dl, length of field\n              3.75 = avgdl, average length of field\n      0.5 = Matched boosting query score(+body:blue +body:green)\n
fsqbool	or:red:fast|boostq|and:blue:green:0.5	explain 29	0.6341256 = sum of:\n  0.6341256 = weight(body:slow in 3) [BM25Similarity], result of:\n    0.6341256 = score(freq=1.0), computed as boost * idf * tf from:\n      1.2809339 = idf, computed as log(1 + (N - n + 0.5) / (n + 0.5)) from:\n        22 = n, number of documents containing term\n        80 = N, total number of documents with field\n      0.49504948 = tf, computed as freq / (freq + k1 * (1 - b + b * dl / avgdl)) from:\n        1.0 = freq, occurrences of term within document\n        1.2 = k1, term saturation parameter\n        0.75 = b, length normalization parameter\n        3.0 = dl, length of field\n        3.75 = avgdl, average length of field\n
fsqbool	or:red:fast|boostq|and:blue:green:0.5	explain 61	0.96519274 = sum of:\n  0.33106714 = weight(FunctionScoreQuery(body:red body:fast, scored by boost(queryboost(score(+body:blue +body:green))^0.5))), result of:\n    0.33106714 = sum of:\n      0.33106714 = weight(body:red in 15) [BM25Similarity], result of:\n        0.33106714 = score(freq=1.0), computed as boost * idf * tf from:\n          0.6687557 = idf, computed as log(1 + (N - n + 0.5) / (n + 0.5)) from:\n            41 = n, number of documents containing term\n            80 = N, total number of documents with field\n          0.49504948 = tf, computed as freq / (freq + k1 * (1 - b + b * dl / avgdl)) from:\n            1.0 = freq, occurrences of term within document\n            1.2 = k1, term saturation parameter\n            0.75 = b, length normalization parameter\n            3.0 = dl, length of field\n            3.75 = avgdl, average length of field\n  0.6341256 = weight(body:slow in 15) [BM25Similarity], result of:\n    0.6341256 = score(freq=1.0), computed as boost * idf * tf from:\n      1.2809339 = idf, computed as log(1 + (N - n + 0.5) / (n + 0.5)) from:\n        22 = n, number of documents containing term\n        80 = N, total number of documents with field\n      0.49504948 = tf, computed as freq / (freq + k1 * (1 - b + b * dl / avgdl)) from:\n        1.0 = freq, occurrences of term within document\n        1.2 = k1, term saturation parameter\n        0.75 = b, length normalization parameter\n        3.0 = dl, length of field\n        3.75 = avgdl, average length of field\n
fsqfilter	or:red:fast|boostq|and:blue:green:0.5	hits	11 1:3f4a27a6,13:3f274510,23:3f274510,2:3f09f78e,55:3f09f78e,73:3f09f78e,76:3f09f78e,0:3efdb60e,5:3efdb60e,38:3efdb60e,68:3efdb60e,
fsq	all|plain|irdocfreq(body,red)	hits	71 0:42240000,1:42240000,2:42240000,3:42240000,4:42240000,5:42240000,6:42240000,7:42240000,8:42240000,9:42240000,10:42240000,11:42240000,12:42240000,13:42240000,14:42240000,15:42240000,16:42240000,17:42240000,18:42240000,19:42240000,20:42240000,21:42240000,22:42240000,23:42240000,24:42240000,25:42240000,26:42240000,27:42240000,28:42240000,29:42240000,30:42240000,31:42240000,33:42240000,35:42240000,36:42240000,37:42240000,38:42240000,39:42240000,41:42240000,42:42240000,44:42240000,45:42240000,46:42240000,47:42240000,48:42240000,49:42240000,50:42240000,51:42240000,52:42240000,54:42240000,55:42240000,57:42240000,58:42240000,60:42240000,61:42240000,62:42240000,63:42240000,64:42240000,65:42240000,68:42240000,69:42240000,70:42240000,71:42240000,72:42240000,73:42240000,74:42240000,75:42240000,76:42240000,77:42240000,78:42240000,79:42240000,
fsq	all|plain|irdocfreq(body,red)	explain 0	41.0 = weight(FunctionScoreQuery(*:*, scored by docFreq(body:red))), result of:\n  41.0 = docFreq(body:red)\n
fsq	all|plain|irdocfreq(body,red)	explain 7	41.0 = weight(FunctionScoreQuery(*:*, scored by docFreq(body:red))), result of:\n  41.0 = docFreq(body:red)\n
fsq	all|plain|irdocfreq(body,red)	explain 29	41.0 = weight(FunctionScoreQuery(*:*, scored by docFreq(body:red))), result of:\n  41.0 = docFreq(body:red)\n
fsq	all|plain|irdocfreq(body,red)	explain 61	41.0 = weight(FunctionScoreQuery(*:*, scored by docFreq(body:red))), result of:\n  41.0 = docFreq(body:red)\n
fsqboost	all|plain|irdocfreq(body,red)	hits	71 0:42f60000,1:42f60000,2:42f60000,3:42f60000,4:42f60000,5:42f60000,6:42f60000,7:42f60000,8:42f60000,9:42f60000,10:42f60000,11:42f60000,12:42f60000,13:42f60000,14:42f60000,15:42f60000,16:42f60000,17:42f60000,18:42f60000,19:42f60000,20:42f60000,21:42f60000,22:42f60000,23:42f60000,24:42f60000,25:42f60000,26:42f60000,27:42f60000,28:42f60000,29:42f60000,30:42f60000,31:42f60000,33:42f60000,35:42f60000,36:42f60000,37:42f60000,38:42f60000,39:42f60000,41:42f60000,42:42f60000,44:42f60000,45:42f60000,46:42f60000,47:42f60000,48:42f60000,49:42f60000,50:42f60000,51:42f60000,52:42f60000,54:42f60000,55:42f60000,57:42f60000,58:42f60000,60:42f60000,61:42f60000,62:42f60000,63:42f60000,64:42f60000,65:42f60000,68:42f60000,69:42f60000,70:42f60000,71:42f60000,72:42f60000,73:42f60000,74:42f60000,75:42f60000,76:42f60000,77:42f60000,78:42f60000,79:42f60000,
fsqboost	all|plain|irdocfreq(body,red)	explain 0	123.0 = weight(FunctionScoreQuery(*:*, scored by docFreq(body:red))), product of:\n  3.0 = boost\n  41.0 = docFreq(body:red)\n
fsqboost	all|plain|irdocfreq(body,red)	explain 7	123.0 = weight(FunctionScoreQuery(*:*, scored by docFreq(body:red))), product of:\n  3.0 = boost\n  41.0 = docFreq(body:red)\n
fsqboost	all|plain|irdocfreq(body,red)	explain 29	123.0 = weight(FunctionScoreQuery(*:*, scored by docFreq(body:red))), product of:\n  3.0 = boost\n  41.0 = docFreq(body:red)\n
fsqboost	all|plain|irdocfreq(body,red)	explain 61	123.0 = weight(FunctionScoreQuery(*:*, scored by docFreq(body:red))), product of:\n  3.0 = boost\n  41.0 = docFreq(body:red)\n
fsqbool	all|plain|irdocfreq(body,red)	hits	71 74:422753bd,13:422724b6,69:422724b6,71:4227162b,28:4226ed88,24:42269322,29:42268958,51:42268958,61:42268958,14:42264463,20:42260cac,22:42260cac,25:42260cac,10:4225deb7,11:4225deb7,60:4225deb7,70:4225deb7,77:4225deb7,36:4225b829,38:4225b829,79:4225b829,0:42240000,1:42240000,2:42240000,3:42240000,4:42240000,5:42240000,6:42240000,7:42240000,8:42240000,9:42240000,12:42240000,15:42240000,16:42240000,17:42240000,18:42240000,19:42240000,21:42240000,23:42240000,26:42240000,27:42240000,30:42240000,31:42240000,33:42240000,35:42240000,37:42240000,39:42240000,41:42240000,42:42240000,44:42240000,45:42240000,46:42240000,47:42240000,48:42240000,49:42240000,50:42240000,52:42240000,54:42240000,55:42240000,57:42240000,58:42240000,62:42240000,63:42240000,64:42240000,65:42240000,68:42240000,72:42240000,73:42240000,75:42240000,76:42240000,78:42240000,
fsqbool	all|plain|irdocfreq(body,red)	explain 0	41.0 = sum of:\n  41.0 = weight(FunctionScoreQuery(*:*, scored by docFreq(body:red))), result of:\n    41.0 = docFreq(body:red)\n
fsqbool	all|plain|irdocfreq(body,red)	explain 7	41.0 = sum of:\n  41.0 = weight(FunctionScoreQuery(*:*, scored by docFreq(body:red))), result of:\n    41.0 = docFreq(body:red)\n
fsqbool	all|plain|irdocfreq(body,red)	explain 29	41.634125 = sum of:\n  41.0 = weight(FunctionScoreQuery(*:*, scored by docFreq(body:red))), result of:\n    41.0 = docFreq(body:red)\n  0.6341256 = weight(body:slow in 3) [BM25Similarity], result of:\n    0.6341256 = score(freq=1.0), computed as boost * idf * tf from:\n      1.2809339 = idf, computed as log(1 + (N - n + 0.5) / (n + 0.5)) from:\n        22 = n, number of documents containing term\n        80 = N, total number of documents with field\n      0.49504948 = tf, computed as freq / (freq + k1 * (1 - b + b * dl / avgdl)) from:\n        1.0 = freq, occurrences of term within document\n        1.2 = k1, term saturation parameter\n        0.75 = b, length normalization parameter\n        3.0 = dl, length of field\n        3.75 = avgdl, average length of field\n
fsqbool	all|plain|irdocfreq(body,red)	explain 61	41.634125 = sum of:\n  41.0 = weight(FunctionScoreQuery(*:*, scored by docFreq(body:red))), result of:\n    41.0 = docFreq(body:red)\n  0.6341256 = weight(body:slow in 15) [BM25Similarity], result of:\n    0.6341256 = score(freq=1.0), computed as boost * idf * tf from:\n      1.2809339 = idf, computed as log(1 + (N - n + 0.5) / (n + 0.5)) from:\n        22 = n, number of documents containing term\n        80 = N, total number of documents with field\n      0.49504948 = tf, computed as freq / (freq + k1 * (1 - b + b * dl / avgdl)) from:\n        1.0 = freq, occurrences of term within document\n        1.2 = k1, term saturation parameter\n        0.75 = b, length normalization parameter\n        3.0 = dl, length of field\n        3.75 = avgdl, average length of field\n
fsqfilter	all|plain|irdocfreq(body,red)	hits	16 29:3f7a59cb,60:3f6f4260,58:3f54604f,1:3f4a27a6,63:3f3b24b5,13:3f274510,23:3f274510,12:3f17363e,2:3f09f78e,55:3f09f78e,73:3f09f78e,76:3f09f78e,0:3efdb60e,5:3efdb60e,38:3efdb60e,68:3efdb60e,
fsq	all|plain|irmaxdoc()	hits	71 0:42a00000,1:42a00000,2:42a00000,3:42a00000,4:42a00000,5:42a00000,6:42a00000,7:42a00000,8:42a00000,9:42a00000,10:42a00000,11:42a00000,12:42a00000,13:42a00000,14:42a00000,15:42a00000,16:42a00000,17:42a00000,18:42a00000,19:42a00000,20:42a00000,21:42a00000,22:42a00000,23:42a00000,24:42a00000,25:42a00000,26:42a00000,27:42a00000,28:42a00000,29:42a00000,30:42a00000,31:42a00000,33:42a00000,35:42a00000,36:42a00000,37:42a00000,38:42a00000,39:42a00000,41:42a00000,42:42a00000,44:42a00000,45:42a00000,46:42a00000,47:42a00000,48:42a00000,49:42a00000,50:42a00000,51:42a00000,52:42a00000,54:42a00000,55:42a00000,57:42a00000,58:42a00000,60:42a00000,61:42a00000,62:42a00000,63:42a00000,64:42a00000,65:42a00000,68:42a00000,69:42a00000,70:42a00000,71:42a00000,72:42a00000,73:42a00000,74:42a00000,75:42a00000,76:42a00000,77:42a00000,78:42a00000,79:42a00000,
fsq	all|plain|irmaxdoc()	explain 0	80.0 = weight(FunctionScoreQuery(*:*, scored by maxDoc())), result of:\n  80.0 = maxDoc()\n
fsq	all|plain|irmaxdoc()	explain 7	80.0 = weight(FunctionScoreQuery(*:*, scored by maxDoc())), result of:\n  80.0 = maxDoc()\n
fsq	all|plain|irmaxdoc()	explain 29	80.0 = weight(FunctionScoreQuery(*:*, scored by maxDoc())), result of:\n  80.0 = maxDoc()\n
fsq	all|plain|irmaxdoc()	explain 61	80.0 = weight(FunctionScoreQuery(*:*, scored by maxDoc())), result of:\n  80.0 = maxDoc()\n
fsqboost	all|plain|irmaxdoc()	hits	71 0:43700000,1:43700000,2:43700000,3:43700000,4:43700000,5:43700000,6:43700000,7:43700000,8:43700000,9:43700000,10:43700000,11:43700000,12:43700000,13:43700000,14:43700000,15:43700000,16:43700000,17:43700000,18:43700000,19:43700000,20:43700000,21:43700000,22:43700000,23:43700000,24:43700000,25:43700000,26:43700000,27:43700000,28:43700000,29:43700000,30:43700000,31:43700000,33:43700000,35:43700000,36:43700000,37:43700000,38:43700000,39:43700000,41:43700000,42:43700000,44:43700000,45:43700000,46:43700000,47:43700000,48:43700000,49:43700000,50:43700000,51:43700000,52:43700000,54:43700000,55:43700000,57:43700000,58:43700000,60:43700000,61:43700000,62:43700000,63:43700000,64:43700000,65:43700000,68:43700000,69:43700000,70:43700000,71:43700000,72:43700000,73:43700000,74:43700000,75:43700000,76:43700000,77:43700000,78:43700000,79:43700000,
fsqboost	all|plain|irmaxdoc()	explain 0	240.0 = weight(FunctionScoreQuery(*:*, scored by maxDoc())), product of:\n  3.0 = boost\n  80.0 = maxDoc()\n
fsqboost	all|plain|irmaxdoc()	explain 7	240.0 = weight(FunctionScoreQuery(*:*, scored by maxDoc())), product of:\n  3.0 = boost\n  80.0 = maxDoc()\n
fsqboost	all|plain|irmaxdoc()	explain 29	240.0 = weight(FunctionScoreQuery(*:*, scored by maxDoc())), product of:\n  3.0 = boost\n  80.0 = maxDoc()\n
fsqboost	all|plain|irmaxdoc()	explain 61	240.0 = weight(FunctionScoreQuery(*:*, scored by maxDoc())), product of:\n  3.0 = boost\n  80.0 = maxDoc()\n
fsqbool	all|plain|irmaxdoc()	hits	71 74:42a1a9de,13:42a1925b,69:42a1925b,71:42a18b15,28:42a176c4,24:42a14991,29:42a144ac,51:42a144ac,61:42a144ac,14:42a12232,20:42a10656,22:42a10656,25:42a10656,10:42a0ef5b,11:42a0ef5b,60:42a0ef5b,70:42a0ef5b,77:42a0ef5b,36:42a0dc14,38:42a0dc14,79:42a0dc14,0:42a00000,1:42a00000,2:42a00000,3:42a00000,4:42a00000,5:42a00000,6:42a00000,7:42a00000,8:42a00000,9:42a00000,12:42a00000,15:42a00000,16:42a00000,17:42a00000,18:42a00000,19:42a00000,21:42a00000,23:42a00000,26:42a00000,27:42a00000,30:42a00000,31:42a00000,33:42a00000,35:42a00000,37:42a00000,39:42a00000,41:42a00000,42:42a00000,44:42a00000,45:42a00000,46:42a00000,47:42a00000,48:42a00000,49:42a00000,50:42a00000,52:42a00000,54:42a00000,55:42a00000,57:42a00000,58:42a00000,62:42a00000,63:42a00000,64:42a00000,65:42a00000,68:42a00000,72:42a00000,73:42a00000,75:42a00000,76:42a00000,78:42a00000,
fsqbool	all|plain|irmaxdoc()	explain 0	80.0 = sum of:\n  80.0 = weight(FunctionScoreQuery(*:*, scored by maxDoc())), result of:\n    80.0 = maxDoc()\n
fsqbool	all|plain|irmaxdoc()	explain 7	80.0 = sum of:\n  80.0 = weight(FunctionScoreQuery(*:*, scored by maxDoc())), result of:\n    80.0 = maxDoc()\n
fsqbool	all|plain|irmaxdoc()	explain 29	80.634125 = sum of:\n  80.0 = weight(FunctionScoreQuery(*:*, scored by maxDoc())), result of:\n    80.0 = maxDoc()\n  0.6341256 = weight(body:slow in 3) [BM25Similarity], result of:\n    0.6341256 = score(freq=1.0), computed as boost * idf * tf from:\n      1.2809339 = idf, computed as log(1 + (N - n + 0.5) / (n + 0.5)) from:\n        22 = n, number of documents containing term\n        80 = N, total number of documents with field\n      0.49504948 = tf, computed as freq / (freq + k1 * (1 - b + b * dl / avgdl)) from:\n        1.0 = freq, occurrences of term within document\n        1.2 = k1, term saturation parameter\n        0.75 = b, length normalization parameter\n        3.0 = dl, length of field\n        3.75 = avgdl, average length of field\n
fsqbool	all|plain|irmaxdoc()	explain 61	80.634125 = sum of:\n  80.0 = weight(FunctionScoreQuery(*:*, scored by maxDoc())), result of:\n    80.0 = maxDoc()\n  0.6341256 = weight(body:slow in 15) [BM25Similarity], result of:\n    0.6341256 = score(freq=1.0), computed as boost * idf * tf from:\n      1.2809339 = idf, computed as log(1 + (N - n + 0.5) / (n + 0.5)) from:\n        22 = n, number of documents containing term\n        80 = N, total number of documents with field\n      0.49504948 = tf, computed as freq / (freq + k1 * (1 - b + b * dl / avgdl)) from:\n        1.0 = freq, occurrences of term within document\n        1.2 = k1, term saturation parameter\n        0.75 = b, length normalization parameter\n        3.0 = dl, length of field\n        3.75 = avgdl, average length of field\n
fsqfilter	all|plain|irmaxdoc()	hits	16 29:3f7a59cb,60:3f6f4260,58:3f54604f,1:3f4a27a6,63:3f3b24b5,13:3f274510,23:3f274510,12:3f17363e,2:3f09f78e,55:3f09f78e,73:3f09f78e,76:3f09f78e,0:3efdb60e,5:3efdb60e,38:3efdb60e,68:3efdb60e,
fsq	all|plain|irnumdocs()	hits	71 0:428e0000,1:428e0000,2:428e0000,3:428e0000,4:428e0000,5:428e0000,6:428e0000,7:428e0000,8:428e0000,9:428e0000,10:428e0000,11:428e0000,12:428e0000,13:428e0000,14:428e0000,15:428e0000,16:428e0000,17:428e0000,18:428e0000,19:428e0000,20:428e0000,21:428e0000,22:428e0000,23:428e0000,24:428e0000,25:428e0000,26:428e0000,27:428e0000,28:428e0000,29:428e0000,30:428e0000,31:428e0000,33:428e0000,35:428e0000,36:428e0000,37:428e0000,38:428e0000,39:428e0000,41:428e0000,42:428e0000,44:428e0000,45:428e0000,46:428e0000,47:428e0000,48:428e0000,49:428e0000,50:428e0000,51:428e0000,52:428e0000,54:428e0000,55:428e0000,57:428e0000,58:428e0000,60:428e0000,61:428e0000,62:428e0000,63:428e0000,64:428e0000,65:428e0000,68:428e0000,69:428e0000,70:428e0000,71:428e0000,72:428e0000,73:428e0000,74:428e0000,75:428e0000,76:428e0000,77:428e0000,78:428e0000,79:428e0000,
fsq	all|plain|irnumdocs()	explain 0	71.0 = weight(FunctionScoreQuery(*:*, scored by numDocs())), result of:\n  71.0 = numDocs()\n
fsq	all|plain|irnumdocs()	explain 7	71.0 = weight(FunctionScoreQuery(*:*, scored by numDocs())), result of:\n  71.0 = numDocs()\n
fsq	all|plain|irnumdocs()	explain 29	71.0 = weight(FunctionScoreQuery(*:*, scored by numDocs())), result of:\n  71.0 = numDocs()\n
fsq	all|plain|irnumdocs()	explain 61	71.0 = weight(FunctionScoreQuery(*:*, scored by numDocs())), result of:\n  71.0 = numDocs()\n
fsqboost	all|plain|irnumdocs()	hits	71 0:43550000,1:43550000,2:43550000,3:43550000,4:43550000,5:43550000,6:43550000,7:43550000,8:43550000,9:43550000,10:43550000,11:43550000,12:43550000,13:43550000,14:43550000,15:43550000,16:43550000,17:43550000,18:43550000,19:43550000,20:43550000,21:43550000,22:43550000,23:43550000,24:43550000,25:43550000,26:43550000,27:43550000,28:43550000,29:43550000,30:43550000,31:43550000,33:43550000,35:43550000,36:43550000,37:43550000,38:43550000,39:43550000,41:43550000,42:43550000,44:43550000,45:43550000,46:43550000,47:43550000,48:43550000,49:43550000,50:43550000,51:43550000,52:43550000,54:43550000,55:43550000,57:43550000,58:43550000,60:43550000,61:43550000,62:43550000,63:43550000,64:43550000,65:43550000,68:43550000,69:43550000,70:43550000,71:43550000,72:43550000,73:43550000,74:43550000,75:43550000,76:43550000,77:43550000,78:43550000,79:43550000,
fsqboost	all|plain|irnumdocs()	explain 0	213.0 = weight(FunctionScoreQuery(*:*, scored by numDocs())), product of:\n  3.0 = boost\n  71.0 = numDocs()\n
fsqboost	all|plain|irnumdocs()	explain 7	213.0 = weight(FunctionScoreQuery(*:*, scored by numDocs())), product of:\n  3.0 = boost\n  71.0 = numDocs()\n
fsqboost	all|plain|irnumdocs()	explain 29	213.0 = weight(FunctionScoreQuery(*:*, scored by numDocs())), product of:\n  3.0 = boost\n  71.0 = numDocs()\n
fsqboost	all|plain|irnumdocs()	explain 61	213.0 = weight(FunctionScoreQuery(*:*, scored by numDocs())), product of:\n  3.0 = boost\n  71.0 = numDocs()\n
fsqbool	all|plain|irnumdocs()	hits	71 74:428fa9de,13:428f925b,69:428f925b,71:428f8b15,28:428f76c4,24:428f4991,29:428f44ac,51:428f44ac,61:428f44ac,14:428f2232,20:428f0656,22:428f0656,25:428f0656,10:428eef5b,11:428eef5b,60:428eef5b,70:428eef5b,77:428eef5b,36:428edc14,38:428edc14,79:428edc14,0:428e0000,1:428e0000,2:428e0000,3:428e0000,4:428e0000,5:428e0000,6:428e0000,7:428e0000,8:428e0000,9:428e0000,12:428e0000,15:428e0000,16:428e0000,17:428e0000,18:428e0000,19:428e0000,21:428e0000,23:428e0000,26:428e0000,27:428e0000,30:428e0000,31:428e0000,33:428e0000,35:428e0000,37:428e0000,39:428e0000,41:428e0000,42:428e0000,44:428e0000,45:428e0000,46:428e0000,47:428e0000,48:428e0000,49:428e0000,50:428e0000,52:428e0000,54:428e0000,55:428e0000,57:428e0000,58:428e0000,62:428e0000,63:428e0000,64:428e0000,65:428e0000,68:428e0000,72:428e0000,73:428e0000,75:428e0000,76:428e0000,78:428e0000,
fsqbool	all|plain|irnumdocs()	explain 0	71.0 = sum of:\n  71.0 = weight(FunctionScoreQuery(*:*, scored by numDocs())), result of:\n    71.0 = numDocs()\n
fsqbool	all|plain|irnumdocs()	explain 7	71.0 = sum of:\n  71.0 = weight(FunctionScoreQuery(*:*, scored by numDocs())), result of:\n    71.0 = numDocs()\n
fsqbool	all|plain|irnumdocs()	explain 29	71.634125 = sum of:\n  71.0 = weight(FunctionScoreQuery(*:*, scored by numDocs())), result of:\n    71.0 = numDocs()\n  0.6341256 = weight(body:slow in 3) [BM25Similarity], result of:\n    0.6341256 = score(freq=1.0), computed as boost * idf * tf from:\n      1.2809339 = idf, computed as log(1 + (N - n + 0.5) / (n + 0.5)) from:\n        22 = n, number of documents containing term\n        80 = N, total number of documents with field\n      0.49504948 = tf, computed as freq / (freq + k1 * (1 - b + b * dl / avgdl)) from:\n        1.0 = freq, occurrences of term within document\n        1.2 = k1, term saturation parameter\n        0.75 = b, length normalization parameter\n        3.0 = dl, length of field\n        3.75 = avgdl, average length of field\n
fsqbool	all|plain|irnumdocs()	explain 61	71.634125 = sum of:\n  71.0 = weight(FunctionScoreQuery(*:*, scored by numDocs())), result of:\n    71.0 = numDocs()\n  0.6341256 = weight(body:slow in 15) [BM25Similarity], result of:\n    0.6341256 = score(freq=1.0), computed as boost * idf * tf from:\n      1.2809339 = idf, computed as log(1 + (N - n + 0.5) / (n + 0.5)) from:\n        22 = n, number of documents containing term\n        80 = N, total number of documents with field\n      0.49504948 = tf, computed as freq / (freq + k1 * (1 - b + b * dl / avgdl)) from:\n        1.0 = freq, occurrences of term within document\n        1.2 = k1, term saturation parameter\n        0.75 = b, length normalization parameter\n        3.0 = dl, length of field\n        3.75 = avgdl, average length of field\n
fsqfilter	all|plain|irnumdocs()	hits	16 29:3f7a59cb,60:3f6f4260,58:3f54604f,1:3f4a27a6,63:3f3b24b5,13:3f274510,23:3f274510,12:3f17363e,2:3f09f78e,55:3f09f78e,73:3f09f78e,76:3f09f78e,0:3efdb60e,5:3efdb60e,38:3efdb60e,68:3efdb60e,
fsq	all|plain|irnumdeleted()	hits	71 0:41100000,1:41100000,2:41100000,3:41100000,4:41100000,5:41100000,6:41100000,7:41100000,8:41100000,9:41100000,10:41100000,11:41100000,12:41100000,13:41100000,14:41100000,15:41100000,16:41100000,17:41100000,18:41100000,19:41100000,20:41100000,21:41100000,22:41100000,23:41100000,24:41100000,25:41100000,26:41100000,27:41100000,28:41100000,29:41100000,30:41100000,31:41100000,33:41100000,35:41100000,36:41100000,37:41100000,38:41100000,39:41100000,41:41100000,42:41100000,44:41100000,45:41100000,46:41100000,47:41100000,48:41100000,49:41100000,50:41100000,51:41100000,52:41100000,54:41100000,55:41100000,57:41100000,58:41100000,60:41100000,61:41100000,62:41100000,63:41100000,64:41100000,65:41100000,68:41100000,69:41100000,70:41100000,71:41100000,72:41100000,73:41100000,74:41100000,75:41100000,76:41100000,77:41100000,78:41100000,79:41100000,
fsq	all|plain|irnumdeleted()	explain 0	9.0 = weight(FunctionScoreQuery(*:*, scored by numDeletedDocs())), result of:\n  9.0 = numDeletedDocs()\n
fsq	all|plain|irnumdeleted()	explain 7	9.0 = weight(FunctionScoreQuery(*:*, scored by numDeletedDocs())), result of:\n  9.0 = numDeletedDocs()\n
fsq	all|plain|irnumdeleted()	explain 29	9.0 = weight(FunctionScoreQuery(*:*, scored by numDeletedDocs())), result of:\n  9.0 = numDeletedDocs()\n
fsq	all|plain|irnumdeleted()	explain 61	9.0 = weight(FunctionScoreQuery(*:*, scored by numDeletedDocs())), result of:\n  9.0 = numDeletedDocs()\n
fsqboost	all|plain|irnumdeleted()	hits	71 0:41d80000,1:41d80000,2:41d80000,3:41d80000,4:41d80000,5:41d80000,6:41d80000,7:41d80000,8:41d80000,9:41d80000,10:41d80000,11:41d80000,12:41d80000,13:41d80000,14:41d80000,15:41d80000,16:41d80000,17:41d80000,18:41d80000,19:41d80000,20:41d80000,21:41d80000,22:41d80000,23:41d80000,24:41d80000,25:41d80000,26:41d80000,27:41d80000,28:41d80000,29:41d80000,30:41d80000,31:41d80000,33:41d80000,35:41d80000,36:41d80000,37:41d80000,38:41d80000,39:41d80000,41:41d80000,42:41d80000,44:41d80000,45:41d80000,46:41d80000,47:41d80000,48:41d80000,49:41d80000,50:41d80000,51:41d80000,52:41d80000,54:41d80000,55:41d80000,57:41d80000,58:41d80000,60:41d80000,61:41d80000,62:41d80000,63:41d80000,64:41d80000,65:41d80000,68:41d80000,69:41d80000,70:41d80000,71:41d80000,72:41d80000,73:41d80000,74:41d80000,75:41d80000,76:41d80000,77:41d80000,78:41d80000,79:41d80000,
fsqboost	all|plain|irnumdeleted()	explain 0	27.0 = weight(FunctionScoreQuery(*:*, scored by numDeletedDocs())), product of:\n  3.0 = boost\n  9.0 = numDeletedDocs()\n
fsqboost	all|plain|irnumdeleted()	explain 7	27.0 = weight(FunctionScoreQuery(*:*, scored by numDeletedDocs())), product of:\n  3.0 = boost\n  9.0 = numDeletedDocs()\n
fsqboost	all|plain|irnumdeleted()	explain 29	27.0 = weight(FunctionScoreQuery(*:*, scored by numDeletedDocs())), product of:\n  3.0 = boost\n  9.0 = numDeletedDocs()\n
fsqboost	all|plain|irnumdeleted()	explain 61	27.0 = weight(FunctionScoreQuery(*:*, scored by numDeletedDocs())), product of:\n  3.0 = boost\n  9.0 = numDeletedDocs()\n
fsqbool	all|plain|irnumdeleted()	hits	71 74:411d4ef4,13:411c92d6,69:411c92d6,71:411c58aa,28:411bb61e,24:411a4c89,29:411a2561,51:411a2561,61:411a2561,14:4119118d,20:411832af,22:411832af,25:411832af,10:41177adb,11:41177adb,60:41177adb,70:41177adb,77:41177adb,36:4116e0a4,38:4116e0a4,79:4116e0a4,0:41100000,1:41100000,2:41100000,3:41100000,4:41100000,5:41100000,6:41100000,7:41100000,8:41100000,9:41100000,12:41100000,15:41100000,16:41100000,17:41100000,18:41100000,19:41100000,21:41100000,23:41100000,26:41100000,27:41100000,30:41100000,31:41100000,33:41100000,35:41100000,37:41100000,39:41100000,41:41100000,42:41100000,44:41100000,45:41100000,46:41100000,47:41100000,48:41100000,49:41100000,50:41100000,52:41100000,54:41100000,55:41100000,57:41100000,58:41100000,62:41100000,63:41100000,64:41100000,65:41100000,68:41100000,72:41100000,73:41100000,75:41100000,76:41100000,78:41100000,
fsqbool	all|plain|irnumdeleted()	explain 0	9.0 = sum of:\n  9.0 = weight(FunctionScoreQuery(*:*, scored by numDeletedDocs())), result of:\n    9.0 = numDeletedDocs()\n
fsqbool	all|plain|irnumdeleted()	explain 7	9.0 = sum of:\n  9.0 = weight(FunctionScoreQuery(*:*, scored by numDeletedDocs())), result of:\n    9.0 = numDeletedDocs()\n
fsqbool	all|plain|irnumdeleted()	explain 29	9.634126 = sum of:\n  9.0 = weight(FunctionScoreQuery(*:*, scored by numDeletedDocs())), result of:\n    9.0 = numDeletedDocs()\n  0.6341256 = weight(body:slow in 3) [BM25Similarity], result of:\n    0.6341256 = score(freq=1.0), computed as boost * idf * tf from:\n      1.2809339 = idf, computed as log(1 + (N - n + 0.5) / (n + 0.5)) from:\n        22 = n, number of documents containing term\n        80 = N, total number of documents with field\n      0.49504948 = tf, computed as freq / (freq + k1 * (1 - b + b * dl / avgdl)) from:\n        1.0 = freq, occurrences of term within document\n        1.2 = k1, term saturation parameter\n        0.75 = b, length normalization parameter\n        3.0 = dl, length of field\n        3.75 = avgdl, average length of field\n
fsqbool	all|plain|irnumdeleted()	explain 61	9.634126 = sum of:\n  9.0 = weight(FunctionScoreQuery(*:*, scored by numDeletedDocs())), result of:\n    9.0 = numDeletedDocs()\n  0.6341256 = weight(body:slow in 15) [BM25Similarity], result of:\n    0.6341256 = score(freq=1.0), computed as boost * idf * tf from:\n      1.2809339 = idf, computed as log(1 + (N - n + 0.5) / (n + 0.5)) from:\n        22 = n, number of documents containing term\n        80 = N, total number of documents with field\n      0.49504948 = tf, computed as freq / (freq + k1 * (1 - b + b * dl / avgdl)) from:\n        1.0 = freq, occurrences of term within document\n        1.2 = k1, term saturation parameter\n        0.75 = b, length normalization parameter\n        3.0 = dl, length of field\n        3.75 = avgdl, average length of field\n
fsqfilter	all|plain|irnumdeleted()	hits	16 29:3f7a59cb,60:3f6f4260,58:3f54604f,1:3f4a27a6,63:3f3b24b5,13:3f274510,23:3f274510,12:3f17363e,2:3f09f78e,55:3f09f78e,73:3f09f78e,76:3f09f78e,0:3efdb60e,5:3efdb60e,38:3efdb60e,68:3efdb60e,
fsq	all|plain|irsttf(body)	hits	71 0:43960000,1:43960000,2:43960000,3:43960000,4:43960000,5:43960000,6:43960000,7:43960000,8:43960000,9:43960000,10:43960000,11:43960000,12:43960000,13:43960000,14:43960000,15:43960000,16:43960000,17:43960000,18:43960000,19:43960000,20:43960000,21:43960000,22:43960000,23:43960000,24:43960000,25:43960000,26:43960000,27:43960000,28:43960000,29:43960000,30:43960000,31:43960000,33:43960000,35:43960000,36:43960000,37:43960000,38:43960000,39:43960000,41:43960000,42:43960000,44:43960000,45:43960000,46:43960000,47:43960000,48:43960000,49:43960000,50:43960000,51:43960000,52:43960000,54:43960000,55:43960000,57:43960000,58:43960000,60:43960000,61:43960000,62:43960000,63:43960000,64:43960000,65:43960000,68:43960000,69:43960000,70:43960000,71:43960000,72:43960000,73:43960000,74:43960000,75:43960000,76:43960000,77:43960000,78:43960000,79:43960000,
fsq	all|plain|irsttf(body)	explain 0	300.0 = weight(FunctionScoreQuery(*:*, scored by double(sumTotalTermFreq(body)))), result of:\n  300.0 = double(sumTotalTermFreq(body))\n
fsq	all|plain|irsttf(body)	explain 7	300.0 = weight(FunctionScoreQuery(*:*, scored by double(sumTotalTermFreq(body)))), result of:\n  300.0 = double(sumTotalTermFreq(body))\n
fsq	all|plain|irsttf(body)	explain 29	300.0 = weight(FunctionScoreQuery(*:*, scored by double(sumTotalTermFreq(body)))), result of:\n  300.0 = double(sumTotalTermFreq(body))\n
fsq	all|plain|irsttf(body)	explain 61	300.0 = weight(FunctionScoreQuery(*:*, scored by double(sumTotalTermFreq(body)))), result of:\n  300.0 = double(sumTotalTermFreq(body))\n
fsqboost	all|plain|irsttf(body)	hits	71 0:44610000,1:44610000,2:44610000,3:44610000,4:44610000,5:44610000,6:44610000,7:44610000,8:44610000,9:44610000,10:44610000,11:44610000,12:44610000,13:44610000,14:44610000,15:44610000,16:44610000,17:44610000,18:44610000,19:44610000,20:44610000,21:44610000,22:44610000,23:44610000,24:44610000,25:44610000,26:44610000,27:44610000,28:44610000,29:44610000,30:44610000,31:44610000,33:44610000,35:44610000,36:44610000,37:44610000,38:44610000,39:44610000,41:44610000,42:44610000,44:44610000,45:44610000,46:44610000,47:44610000,48:44610000,49:44610000,50:44610000,51:44610000,52:44610000,54:44610000,55:44610000,57:44610000,58:44610000,60:44610000,61:44610000,62:44610000,63:44610000,64:44610000,65:44610000,68:44610000,69:44610000,70:44610000,71:44610000,72:44610000,73:44610000,74:44610000,75:44610000,76:44610000,77:44610000,78:44610000,79:44610000,
fsqboost	all|plain|irsttf(body)	explain 0	900.0 = weight(FunctionScoreQuery(*:*, scored by double(sumTotalTermFreq(body)))), product of:\n  3.0 = boost\n  300.0 = double(sumTotalTermFreq(body))\n
fsqboost	all|plain|irsttf(body)	explain 7	900.0 = weight(FunctionScoreQuery(*:*, scored by double(sumTotalTermFreq(body)))), product of:\n  3.0 = boost\n  300.0 = double(sumTotalTermFreq(body))\n
fsqboost	all|plain|irsttf(body)	explain 29	900.0 = weight(FunctionScoreQuery(*:*, scored by double(sumTotalTermFreq(body)))), product of:\n  3.0 = boost\n  300.0 = double(sumTotalTermFreq(body))\n
fsqboost	all|plain|irsttf(body)	explain 61	900.0 = weight(FunctionScoreQuery(*:*, scored by double(sumTotalTermFreq(body)))), product of:\n  3.0 = boost\n  300.0 = double(sumTotalTermFreq(body))\n
fsqbool	all|plain|irsttf(body)	hits	71 74:43966a78,13:43966497,69:43966497,71:439662c5,28:43965db1,24:43965264,29:4396512b,51:4396512b,61:4396512b,14:4396488c,20:43964195,22:43964195,25:43964195,10:43963bd7,11:43963bd7,60:43963bd7,70:43963bd7,77:43963bd7,36:43963705,38:43963705,79:43963705,0:43960000,1:43960000,2:43960000,3:43960000,4:43960000,5:43960000,6:43960000,7:43960000,8:43960000,9:43960000,12:43960000,15:43960000,16:43960000,17:43960000,18:43960000,19:43960000,21:43960000,23:43960000,26:43960000,27:43960000,30:43960000,31:43960000,33:43960000,35:43960000,37:43960000,39:43960000,41:43960000,42:43960000,44:43960000,45:43960000,46:43960000,47:43960000,48:43960000,49:43960000,50:43960000,52:43960000,54:43960000,55:43960000,57:43960000,58:43960000,62:43960000,63:43960000,64:43960000,65:43960000,68:43960000,72:43960000,73:43960000,75:43960000,76:43960000,78:43960000,
fsqbool	all|plain|irsttf(body)	explain 0	300.0 = sum of:\n  300.0 = weight(FunctionScoreQuery(*:*, scored by double(sumTotalTermFreq(body)))), result of:\n    300.0 = double(sumTotalTermFreq(body))\n
fsqbool	all|plain|irsttf(body)	explain 7	300.0 = sum of:\n  300.0 = weight(FunctionScoreQuery(*:*, scored by double(sumTotalTermFreq(body)))), result of:\n    300.0 = double(sumTotalTermFreq(body))\n
fsqbool	all|plain|irsttf(body)	explain 29	300.63412 = sum of:\n  300.0 = weight(FunctionScoreQuery(*:*, scored by double(sumTotalTermFreq(body)))), result of:\n    300.0 = double(sumTotalTermFreq(body))\n  0.6341256 = weight(body:slow in 3) [BM25Similarity], result of:\n    0.6341256 = score(freq=1.0), computed as boost * idf * tf from:\n      1.2809339 = idf, computed as log(1 + (N - n + 0.5) / (n + 0.5)) from:\n        22 = n, number of documents containing term\n        80 = N, total number of documents with field\n      0.49504948 = tf, computed as freq / (freq + k1 * (1 - b + b * dl / avgdl)) from:\n        1.0 = freq, occurrences of term within document\n        1.2 = k1, term saturation parameter\n        0.75 = b, length normalization parameter\n        3.0 = dl, length of field\n        3.75 = avgdl, average length of field\n
fsqbool	all|plain|irsttf(body)	explain 61	300.63412 = sum of:\n  300.0 = weight(FunctionScoreQuery(*:*, scored by double(sumTotalTermFreq(body)))), result of:\n    300.0 = double(sumTotalTermFreq(body))\n  0.6341256 = weight(body:slow in 15) [BM25Similarity], result of:\n    0.6341256 = score(freq=1.0), computed as boost * idf * tf from:\n      1.2809339 = idf, computed as log(1 + (N - n + 0.5) / (n + 0.5)) from:\n        22 = n, number of documents containing term\n        80 = N, total number of documents with field\n      0.49504948 = tf, computed as freq / (freq + k1 * (1 - b + b * dl / avgdl)) from:\n        1.0 = freq, occurrences of term within document\n        1.2 = k1, term saturation parameter\n        0.75 = b, length normalization parameter\n        3.0 = dl, length of field\n        3.75 = avgdl, average length of field\n
fsqfilter	all|plain|irsttf(body)	hits	16 29:3f7a59cb,60:3f6f4260,58:3f54604f,1:3f4a27a6,63:3f3b24b5,13:3f274510,23:3f274510,12:3f17363e,2:3f09f78e,55:3f09f78e,73:3f09f78e,76:3f09f78e,0:3efdb60e,5:3efdb60e,38:3efdb60e,68:3efdb60e,
fsq	t:red|plain|irtermfreq(body,red)	hits	38 2:40400000,31:40400000,45:40400000,48:40400000,50:40400000,68:40400000,0:40000000,9:40000000,14:40000000,24:40000000,38:40000000,42:40000000,55:40000000,70:40000000,77:40000000,1:3f800000,5:3f800000,6:3f800000,7:3f800000,8:3f800000,13:3f800000,18:3f800000,22:3f800000,28:3f800000,30:3f800000,35:3f800000,36:3f800000,39:3f800000,41:3f800000,49:3f800000,52:3f800000,61:3f800000,65:3f800000,71:3f800000,72:3f800000,73:3f800000,75:3f800000,76:3f800000,
fsq	t:red|plain|irtermfreq(body,red)	explain 0	2.0 = weight(FunctionScoreQuery(body:red, scored by termFreq(body:red))), result of:\n  2.0 = termFreq(body:red)\n
fsq	t:red|plain|irtermfreq(body,red)	explain 7	1.0 = weight(FunctionScoreQuery(body:red, scored by termFreq(body:red))), result of:\n  1.0 = termFreq(body:red)\n
fsq	t:red|plain|irtermfreq(body,red)	explain 29	0.0 = no matching term\n
fsq	t:red|plain|irtermfreq(body,red)	explain 61	1.0 = weight(FunctionScoreQuery(body:red, scored by termFreq(body:red))), result of:\n  1.0 = termFreq(body:red)\n
fsqboost	t:red|plain|irtermfreq(body,red)	hits	38 2:41100000,31:41100000,45:41100000,48:41100000,50:41100000,68:41100000,0:40c00000,9:40c00000,14:40c00000,24:40c00000,38:40c00000,42:40c00000,55:40c00000,70:40c00000,77:40c00000,1:40400000,5:40400000,6:40400000,7:40400000,8:40400000,13:40400000,18:40400000,22:40400000,28:40400000,30:40400000,35:40400000,36:40400000,39:40400000,41:40400000,49:40400000,52:40400000,61:40400000,65:40400000,71:40400000,72:40400000,73:40400000,75:40400000,76:40400000,
fsqboost	t:red|plain|irtermfreq(body,red)	explain 0	6.0 = weight(FunctionScoreQuery(body:red, scored by termFreq(body:red))), product of:\n  3.0 = boost\n  2.0 = termFreq(body:red)\n
fsqboost	t:red|plain|irtermfreq(body,red)	explain 7	3.0 = weight(FunctionScoreQuery(body:red, scored by termFreq(body:red))), product of:\n  3.0 = boost\n  1.0 = termFreq(body:red)\n
fsqboost	t:red|plain|irtermfreq(body,red)	explain 29	0.0 = no matching term\n
fsqboost	t:red|plain|irtermfreq(body,red)	explain 61	3.0 = weight(FunctionScoreQuery(body:red, scored by termFreq(body:red))), product of:\n  3.0 = boost\n  1.0 = termFreq(body:red)\n
fsqbool	t:red|plain|irtermfreq(body,red)	hits	48 2:40400000,31:40400000,45:40400000,48:40400000,50:40400000,68:40400000,24:40293224,14:40244634,70:401deb6c,77:401deb6c,38:401b828e,0:40000000,9:40000000,42:40000000,55:40000000,13:3fe496b3,71:3fe2c554,28:3fddb0f0,61:3fd12b07,22:3fc19575,36:3fb7051d,1:3f800000,5:3f800000,6:3f800000,7:3f800000,8:3f800000,18:3f800000,30:3f800000,35:3f800000,39:3f800000,41:3f800000,49:3f800000,52:3f800000,65:3f800000,72:3f800000,73:3f800000,75:3f800000,76:3f800000,74:3f54ef39,69:3f492d66,29:3f22560e,51:3f22560e,20:3f032aea,25:3f032aea,10:3eef5b62,11:3eef5b62,60:3eef5b62,79:3edc1474,
fsqbool	t:red|plain|irtermfreq(body,red)	explain 0	2.0 = sum of:\n  2.0 = weight(FunctionScoreQuery(body:red, scored by termFreq(body:red))), result of:\n    2.0 = termFreq(body:red)\n
fsqbool	t:red|plain|irtermfreq(body,red)	explain 7	1.0 = sum of:\n  1.0 = weight(FunctionScoreQuery(body:red, scored by termFreq(body:red))), result of:\n    1.0 = termFreq(body:red)\n
fsqbool	t:red|plain|irtermfreq(body,red)	explain 29	0.6341256 = sum of:\n  0.6341256 = weight(body:slow in 3) [BM25Similarity], result of:\n    0.6341256 = score(freq=1.0), computed as boost * idf * tf from:\n      1.2809339 = idf, computed as log(1 + (N - n + 0.5) / (n + 0.5)) from:\n        22 = n, number of documents containing term\n        80 = N, total number of documents with field\n      0.49504948 = tf, computed as freq / (freq + k1 * (1 - b + b * dl / avgdl)) from:\n        1.0 = freq, occurrences of term within document\n        1.2 = k1, term saturation parameter\n        0.75 = b, length normalization parameter\n        3.0 = dl, length of field\n        3.75 = avgdl, average length of field\n
fsqbool	t:red|plain|irtermfreq(body,red)	explain 61	1.6341256 = sum of:\n  1.0 = weight(FunctionScoreQuery(body:red, scored by termFreq(body:red))), result of:\n    1.0 = termFreq(body:red)\n  0.6341256 = weight(body:slow in 15) [BM25Similarity], result of:\n    0.6341256 = score(freq=1.0), computed as boost * idf * tf from:\n      1.2809339 = idf, computed as log(1 + (N - n + 0.5) / (n + 0.5)) from:\n        22 = n, number of documents containing term\n        80 = N, total number of documents with field\n      0.49504948 = tf, computed as freq / (freq + k1 * (1 - b + b * dl / avgdl)) from:\n        1.0 = freq, occurrences of term within document\n        1.2 = k1, term saturation parameter\n        0.75 = b, length normalization parameter\n        3.0 = dl, length of field\n        3.75 = avgdl, average length of field\n
fsqfilter	t:red|plain|irtermfreq(body,red)	hits	10 1:3f4a27a6,13:3f274510,2:3f09f78e,55:3f09f78e,73:3f09f78e,76:3f09f78e,0:3efdb60e,5:3efdb60e,38:3efdb60e,68:3efdb60e,
fsq	all|plain|irttf(body,red)	hits	71 0:42780000,1:42780000,2:42780000,3:42780000,4:42780000,5:42780000,6:42780000,7:42780000,8:42780000,9:42780000,10:42780000,11:42780000,12:42780000,13:42780000,14:42780000,15:42780000,16:42780000,17:42780000,18:42780000,19:42780000,20:42780000,21:42780000,22:42780000,23:42780000,24:42780000,25:42780000,26:42780000,27:42780000,28:42780000,29:42780000,30:42780000,31:42780000,33:42780000,35:42780000,36:42780000,37:42780000,38:42780000,39:42780000,41:42780000,42:42780000,44:42780000,45:42780000,46:42780000,47:42780000,48:42780000,49:42780000,50:42780000,51:42780000,52:42780000,54:42780000,55:42780000,57:42780000,58:42780000,60:42780000,61:42780000,62:42780000,63:42780000,64:42780000,65:42780000,68:42780000,69:42780000,70:42780000,71:42780000,72:42780000,73:42780000,74:42780000,75:42780000,76:42780000,77:42780000,78:42780000,79:42780000,
fsq	all|plain|irttf(body,red)	explain 0	62.0 = weight(FunctionScoreQuery(*:*, scored by totalTermFreq(body:red))), result of:\n  62.0 = totalTermFreq(body:red)\n
fsq	all|plain|irttf(body,red)	explain 7	62.0 = weight(FunctionScoreQuery(*:*, scored by totalTermFreq(body:red))), result of:\n  62.0 = totalTermFreq(body:red)\n
fsq	all|plain|irttf(body,red)	explain 29	62.0 = weight(FunctionScoreQuery(*:*, scored by totalTermFreq(body:red))), result of:\n  62.0 = totalTermFreq(body:red)\n
fsq	all|plain|irttf(body,red)	explain 61	62.0 = weight(FunctionScoreQuery(*:*, scored by totalTermFreq(body:red))), result of:\n  62.0 = totalTermFreq(body:red)\n
fsqboost	all|plain|irttf(body,red)	hits	71 0:433a0000,1:433a0000,2:433a0000,3:433a0000,4:433a0000,5:433a0000,6:433a0000,7:433a0000,8:433a0000,9:433a0000,10:433a0000,11:433a0000,12:433a0000,13:433a0000,14:433a0000,15:433a0000,16:433a0000,17:433a0000,18:433a0000,19:433a0000,20:433a0000,21:433a0000,22:433a0000,23:433a0000,24:433a0000,25:433a0000,26:433a0000,27:433a0000,28:433a0000,29:433a0000,30:433a0000,31:433a0000,33:433a0000,35:433a0000,36:433a0000,37:433a0000,38:433a0000,39:433a0000,41:433a0000,42:433a0000,44:433a0000,45:433a0000,46:433a0000,47:433a0000,48:433a0000,49:433a0000,50:433a0000,51:433a0000,52:433a0000,54:433a0000,55:433a0000,57:433a0000,58:433a0000,60:433a0000,61:433a0000,62:433a0000,63:433a0000,64:433a0000,65:433a0000,68:433a0000,69:433a0000,70:433a0000,71:433a0000,72:433a0000,73:433a0000,74:433a0000,75:433a0000,76:433a0000,77:433a0000,78:433a0000,79:433a0000,
fsqboost	all|plain|irttf(body,red)	explain 0	186.0 = weight(FunctionScoreQuery(*:*, scored by totalTermFreq(body:red))), product of:\n  3.0 = boost\n  62.0 = totalTermFreq(body:red)\n
fsqboost	all|plain|irttf(body,red)	explain 7	186.0 = weight(FunctionScoreQuery(*:*, scored by totalTermFreq(body:red))), product of:\n  3.0 = boost\n  62.0 = totalTermFreq(body:red)\n
fsqboost	all|plain|irttf(body,red)	explain 29	186.0 = weight(FunctionScoreQuery(*:*, scored by totalTermFreq(body:red))), product of:\n  3.0 = boost\n  62.0 = totalTermFreq(body:red)\n
fsqboost	all|plain|irttf(body,red)	explain 61	186.0 = weight(FunctionScoreQuery(*:*, scored by totalTermFreq(body:red))), product of:\n  3.0 = boost\n  62.0 = totalTermFreq(body:red)\n
fsqbool	all|plain|irttf(body,red)	hits	71 74:427b53bd,13:427b24b6,69:427b24b6,71:427b162b,28:427aed88,24:427a9322,29:427a8958,51:427a8958,61:427a8958,14:427a4463,20:427a0cac,22:427a0cac,25:427a0cac,10:4279deb7,11:4279deb7,60:4279deb7,70:4279deb7,77:4279deb7,36:4279b829,38:4279b829,79:4279b829,0:42780000,1:42780000,2:42780000,3:42780000,4:42780000,5:42780000,6:42780000,7:42780000,8:42780000,9:42780000,12:42780000,15:42780000,16:42780000,17:42780000,18:42780000,19:42780000,21:42780000,23:42780000,26:42780000,27:42780000,30:42780000,31:42780000,33:42780000,35:42780000,37:42780000,39:42780000,41:42780000,42:42780000,44:42780000,45:42780000,46:42780000,47:42780000,48:42780000,49:42780000,50:42780000,52:42780000,54:42780000,55:42780000,57:42780000,58:42780000,62:42780000,63:42780000,64:42780000,65:42780000,68:42780000,72:42780000,73:42780000,75:42780000,76:42780000,78:42780000,
fsqbool	all|plain|irttf(body,red)	explain 0	62.0 = sum of:\n  62.0 = weight(FunctionScoreQuery(*:*, scored by totalTermFreq(body:red))), result of:\n    62.0 = totalTermFreq(body:red)\n
fsqbool	all|plain|irttf(body,red)	explain 7	62.0 = sum of:\n  62.0 = weight(FunctionScoreQuery(*:*, scored by totalTermFreq(body:red))), result of:\n    62.0 = totalTermFreq(body:red)\n
fsqbool	all|plain|irttf(body,red)	explain 29	62.634125 = sum of:\n  62.0 = weight(FunctionScoreQuery(*:*, scored by totalTermFreq(body:red))), result of:\n    62.0 = totalTermFreq(body:red)\n  0.6341256 = weight(body:slow in 3) [BM25Similarity], result of:\n    0.6341256 = score(freq=1.0), computed as boost * idf * tf from:\n      1.2809339 = idf, computed as log(1 + (N - n + 0.5) / (n + 0.5)) from:\n        22 = n, number of documents containing term\n        80 = N, total number of documents with field\n      0.49504948 = tf, computed as freq / (freq + k1 * (1 - b + b * dl / avgdl)) from:\n        1.0 = freq, occurrences of term within document\n        1.2 = k1, term saturation parameter\n        0.75 = b, length normalization parameter\n        3.0 = dl, length of field\n        3.75 = avgdl, average length of field\n
fsqbool	all|plain|irttf(body,red)	explain 61	62.634125 = sum of:\n  62.0 = weight(FunctionScoreQuery(*:*, scored by totalTermFreq(body:red))), result of:\n    62.0 = totalTermFreq(body:red)\n  0.6341256 = weight(body:slow in 15) [BM25Similarity], result of:\n    0.6341256 = score(freq=1.0), computed as boost * idf * tf from:\n      1.2809339 = idf, computed as log(1 + (N - n + 0.5) / (n + 0.5)) from:\n        22 = n, number of documents containing term\n        80 = N, total number of documents with field\n      0.49504948 = tf, computed as freq / (freq + k1 * (1 - b + b * dl / avgdl)) from:\n        1.0 = freq, occurrences of term within document\n        1.2 = k1, term saturation parameter\n        0.75 = b, length normalization parameter\n        3.0 = dl, length of field\n        3.75 = avgdl, average length of field\n
fsqfilter	all|plain|irttf(body,red)	hits	16 29:3f7a59cb,60:3f6f4260,58:3f54604f,1:3f4a27a6,63:3f3b24b5,13:3f274510,23:3f274510,12:3f17363e,2:3f09f78e,55:3f09f78e,73:3f09f78e,76:3f09f78e,0:3efdb60e,5:3efdb60e,38:3efdb60e,68:3efdb60e,
fsq	all|plain|irsumdocfreq(body)	hits	71 0:43660000,1:43660000,2:43660000,3:43660000,4:43660000,5:43660000,6:43660000,7:43660000,8:43660000,9:43660000,10:43660000,11:43660000,12:43660000,13:43660000,14:43660000,15:43660000,16:43660000,17:43660000,18:43660000,19:43660000,20:43660000,21:43660000,22:43660000,23:43660000,24:43660000,25:43660000,26:43660000,27:43660000,28:43660000,29:43660000,30:43660000,31:43660000,33:43660000,35:43660000,36:43660000,37:43660000,38:43660000,39:43660000,41:43660000,42:43660000,44:43660000,45:43660000,46:43660000,47:43660000,48:43660000,49:43660000,50:43660000,51:43660000,52:43660000,54:43660000,55:43660000,57:43660000,58:43660000,60:43660000,61:43660000,62:43660000,63:43660000,64:43660000,65:43660000,68:43660000,69:43660000,70:43660000,71:43660000,72:43660000,73:43660000,74:43660000,75:43660000,76:43660000,77:43660000,78:43660000,79:43660000,
fsq	all|plain|irsumdocfreq(body)	explain 0	230.0 = weight(FunctionScoreQuery(*:*, scored by sumDocFreq(body))), result of:\n  230.0 = sumDocFreq(body)\n
fsq	all|plain|irsumdocfreq(body)	explain 7	230.0 = weight(FunctionScoreQuery(*:*, scored by sumDocFreq(body))), result of:\n  230.0 = sumDocFreq(body)\n
fsq	all|plain|irsumdocfreq(body)	explain 29	230.0 = weight(FunctionScoreQuery(*:*, scored by sumDocFreq(body))), result of:\n  230.0 = sumDocFreq(body)\n
fsq	all|plain|irsumdocfreq(body)	explain 61	230.0 = weight(FunctionScoreQuery(*:*, scored by sumDocFreq(body))), result of:\n  230.0 = sumDocFreq(body)\n
fsqboost	all|plain|irsumdocfreq(body)	hits	71 0:442c8000,1:442c8000,2:442c8000,3:442c8000,4:442c8000,5:442c8000,6:442c8000,7:442c8000,8:442c8000,9:442c8000,10:442c8000,11:442c8000,12:442c8000,13:442c8000,14:442c8000,15:442c8000,16:442c8000,17:442c8000,18:442c8000,19:442c8000,20:442c8000,21:442c8000,22:442c8000,23:442c8000,24:442c8000,25:442c8000,26:442c8000,27:442c8000,28:442c8000,29:442c8000,30:442c8000,31:442c8000,33:442c8000,35:442c8000,36:442c8000,37:442c8000,38:442c8000,39:442c8000,41:442c8000,42:442c8000,44:442c8000,45:442c8000,46:442c8000,47:442c8000,48:442c8000,49:442c8000,50:442c8000,51:442c8000,52:442c8000,54:442c8000,55:442c8000,57:442c8000,58:442c8000,60:442c8000,61:442c8000,62:442c8000,63:442c8000,64:442c8000,65:442c8000,68:442c8000,69:442c8000,70:442c8000,71:442c8000,72:442c8000,73:442c8000,74:442c8000,75:442c8000,76:442c8000,77:442c8000,78:442c8000,79:442c8000,
fsqboost	all|plain|irsumdocfreq(body)	explain 0	690.0 = weight(FunctionScoreQuery(*:*, scored by sumDocFreq(body))), product of:\n  3.0 = boost\n  230.0 = sumDocFreq(body)\n
fsqboost	all|plain|irsumdocfreq(body)	explain 7	690.0 = weight(FunctionScoreQuery(*:*, scored by sumDocFreq(body))), product of:\n  3.0 = boost\n  230.0 = sumDocFreq(body)\n
fsqboost	all|plain|irsumdocfreq(body)	explain 29	690.0 = weight(FunctionScoreQuery(*:*, scored by sumDocFreq(body))), product of:\n  3.0 = boost\n  230.0 = sumDocFreq(body)\n
fsqboost	all|plain|irsumdocfreq(body)	explain 61	690.0 = weight(FunctionScoreQuery(*:*, scored by sumDocFreq(body))), product of:\n  3.0 = boost\n  230.0 = sumDocFreq(body)\n
fsqbool	all|plain|irsumdocfreq(body)	hits	71 74:4366d4ef,13:4366c92d,69:4366c92d,71:4366c58b,28:4366bb62,24:4366a4c9,29:4366a256,51:4366a256,61:4366a256,14:43669119,20:4366832b,22:4366832b,25:4366832b,10:436677ae,11:436677ae,60:436677ae,70:436677ae,77:436677ae,36:43666e0a,38:43666e0a,79:43666e0a,0:43660000,1:43660000,2:43660000,3:43660000,4:43660000,5:43660000,6:43660000,7:43660000,8:43660000,9:43660000,12:43660000,15:43660000,16:43660000,17:43660000,18:43660000,19:43660000,21:43660000,23:43660000,26:43660000,27:43660000,30:43660000,31:43660000,33:43660000,35:43660000,37:43660000,39:43660000,41:43660000,42:43660000,44:43660000,45:43660000,46:43660000,47:43660000,48:43660000,49:43660000,50:43660000,52:43660000,54:43660000,55:43660000,57:43660000,58:43660000,62:43660000,63:43660000,64:43660000,65:43660000,68:43660000,72:43660000,73:43660000,75:43660000,76:43660000,78:43660000,
fsqbool	all|plain|irsumdocfreq(body)	explain 0	230.0 = sum of:\n  230.0 = weight(FunctionScoreQuery(*:*, scored by sumDocFreq(body))), result of:\n    230.0 = sumDocFreq(body)\n
fsqbool	all|plain|irsumdocfreq(body)	explain 7	230.0 = sum of:\n  230.0 = weight(FunctionScoreQuery(*:*, scored by sumDocFreq(body))), result of:\n    230.0 = sumDocFreq(body)\n
fsqbool	all|plain|irsumdocfreq(body)	explain 29	230.63412 = sum of:\n  230.0 = weight(FunctionScoreQuery(*:*, scored by sumDocFreq(body))), result of:\n    230.0 = sumDocFreq(body)\n  0.6341256 = weight(body:slow in 3) [BM25Similarity], result of:\n    0.6341256 = score(freq=1.0), computed as boost * idf * tf from:\n      1.2809339 = idf, computed as log(1 + (N - n + 0.5) / (n + 0.5)) from:\n        22 = n, number of documents containing term\n        80 = N, total number of documents with field\n      0.49504948 = tf, computed as freq / (freq + k1 * (1 - b + b * dl / avgdl)) from:\n        1.0 = freq, occurrences of term within document\n        1.2 = k1, term saturation parameter\n        0.75 = b, length normalization parameter\n        3.0 = dl, length of field\n        3.75 = avgdl, average length of field\n
fsqbool	all|plain|irsumdocfreq(body)	explain 61	230.63412 = sum of:\n  230.0 = weight(FunctionScoreQuery(*:*, scored by sumDocFreq(body))), result of:\n    230.0 = sumDocFreq(body)\n  0.6341256 = weight(body:slow in 15) [BM25Similarity], result of:\n    0.6341256 = score(freq=1.0), computed as boost * idf * tf from:\n      1.2809339 = idf, computed as log(1 + (N - n + 0.5) / (n + 0.5)) from:\n        22 = n, number of documents containing term\n        80 = N, total number of documents with field\n      0.49504948 = tf, computed as freq / (freq + k1 * (1 - b + b * dl / avgdl)) from:\n        1.0 = freq, occurrences of term within document\n        1.2 = k1, term saturation parameter\n        0.75 = b, length normalization parameter\n        3.0 = dl, length of field\n        3.75 = avgdl, average length of field\n
fsqfilter	all|plain|irsumdocfreq(body)	hits	16 29:3f7a59cb,60:3f6f4260,58:3f54604f,1:3f4a27a6,63:3f3b24b5,13:3f274510,23:3f274510,12:3f17363e,2:3f09f78e,55:3f09f78e,73:3f09f78e,76:3f09f78e,0:3efdb60e,5:3efdb60e,38:3efdb60e,68:3efdb60e,
fsq	all|plain|irdoccount(body)	hits	71 0:42a00000,1:42a00000,2:42a00000,3:42a00000,4:42a00000,5:42a00000,6:42a00000,7:42a00000,8:42a00000,9:42a00000,10:42a00000,11:42a00000,12:42a00000,13:42a00000,14:42a00000,15:42a00000,16:42a00000,17:42a00000,18:42a00000,19:42a00000,20:42a00000,21:42a00000,22:42a00000,23:42a00000,24:42a00000,25:42a00000,26:42a00000,27:42a00000,28:42a00000,29:42a00000,30:42a00000,31:42a00000,33:42a00000,35:42a00000,36:42a00000,37:42a00000,38:42a00000,39:42a00000,41:42a00000,42:42a00000,44:42a00000,45:42a00000,46:42a00000,47:42a00000,48:42a00000,49:42a00000,50:42a00000,51:42a00000,52:42a00000,54:42a00000,55:42a00000,57:42a00000,58:42a00000,60:42a00000,61:42a00000,62:42a00000,63:42a00000,64:42a00000,65:42a00000,68:42a00000,69:42a00000,70:42a00000,71:42a00000,72:42a00000,73:42a00000,74:42a00000,75:42a00000,76:42a00000,77:42a00000,78:42a00000,79:42a00000,
fsq	all|plain|irdoccount(body)	explain 0	80.0 = weight(FunctionScoreQuery(*:*, scored by docCount(body))), result of:\n  80.0 = docCount(body)\n
fsq	all|plain|irdoccount(body)	explain 7	80.0 = weight(FunctionScoreQuery(*:*, scored by docCount(body))), result of:\n  80.0 = docCount(body)\n
fsq	all|plain|irdoccount(body)	explain 29	80.0 = weight(FunctionScoreQuery(*:*, scored by docCount(body))), result of:\n  80.0 = docCount(body)\n
fsq	all|plain|irdoccount(body)	explain 61	80.0 = weight(FunctionScoreQuery(*:*, scored by docCount(body))), result of:\n  80.0 = docCount(body)\n
fsqboost	all|plain|irdoccount(body)	hits	71 0:43700000,1:43700000,2:43700000,3:43700000,4:43700000,5:43700000,6:43700000,7:43700000,8:43700000,9:43700000,10:43700000,11:43700000,12:43700000,13:43700000,14:43700000,15:43700000,16:43700000,17:43700000,18:43700000,19:43700000,20:43700000,21:43700000,22:43700000,23:43700000,24:43700000,25:43700000,26:43700000,27:43700000,28:43700000,29:43700000,30:43700000,31:43700000,33:43700000,35:43700000,36:43700000,37:43700000,38:43700000,39:43700000,41:43700000,42:43700000,44:43700000,45:43700000,46:43700000,47:43700000,48:43700000,49:43700000,50:43700000,51:43700000,52:43700000,54:43700000,55:43700000,57:43700000,58:43700000,60:43700000,61:43700000,62:43700000,63:43700000,64:43700000,65:43700000,68:43700000,69:43700000,70:43700000,71:43700000,72:43700000,73:43700000,74:43700000,75:43700000,76:43700000,77:43700000,78:43700000,79:43700000,
fsqboost	all|plain|irdoccount(body)	explain 0	240.0 = weight(FunctionScoreQuery(*:*, scored by docCount(body))), product of:\n  3.0 = boost\n  80.0 = docCount(body)\n
fsqboost	all|plain|irdoccount(body)	explain 7	240.0 = weight(FunctionScoreQuery(*:*, scored by docCount(body))), product of:\n  3.0 = boost\n  80.0 = docCount(body)\n
fsqboost	all|plain|irdoccount(body)	explain 29	240.0 = weight(FunctionScoreQuery(*:*, scored by docCount(body))), product of:\n  3.0 = boost\n  80.0 = docCount(body)\n
fsqboost	all|plain|irdoccount(body)	explain 61	240.0 = weight(FunctionScoreQuery(*:*, scored by docCount(body))), product of:\n  3.0 = boost\n  80.0 = docCount(body)\n
fsqbool	all|plain|irdoccount(body)	hits	71 74:42a1a9de,13:42a1925b,69:42a1925b,71:42a18b15,28:42a176c4,24:42a14991,29:42a144ac,51:42a144ac,61:42a144ac,14:42a12232,20:42a10656,22:42a10656,25:42a10656,10:42a0ef5b,11:42a0ef5b,60:42a0ef5b,70:42a0ef5b,77:42a0ef5b,36:42a0dc14,38:42a0dc14,79:42a0dc14,0:42a00000,1:42a00000,2:42a00000,3:42a00000,4:42a00000,5:42a00000,6:42a00000,7:42a00000,8:42a00000,9:42a00000,12:42a00000,15:42a00000,16:42a00000,17:42a00000,18:42a00000,19:42a00000,21:42a00000,23:42a00000,26:42a00000,27:42a00000,30:42a00000,31:42a00000,33:42a00000,35:42a00000,37:42a00000,39:42a00000,41:42a00000,42:42a00000,44:42a00000,45:42a00000,46:42a00000,47:42a00000,48:42a00000,49:42a00000,50:42a00000,52:42a00000,54:42a00000,55:42a00000,57:42a00000,58:42a00000,62:42a00000,63:42a00000,64:42a00000,65:42a00000,68:42a00000,72:42a00000,73:42a00000,75:42a00000,76:42a00000,78:42a00000,
fsqbool	all|plain|irdoccount(body)	explain 0	80.0 = sum of:\n  80.0 = weight(FunctionScoreQuery(*:*, scored by docCount(body))), result of:\n    80.0 = docCount(body)\n
fsqbool	all|plain|irdoccount(body)	explain 7	80.0 = sum of:\n  80.0 = weight(FunctionScoreQuery(*:*, scored by docCount(body))), result of:\n    80.0 = docCount(body)\n
fsqbool	all|plain|irdoccount(body)	explain 29	80.634125 = sum of:\n  80.0 = weight(FunctionScoreQuery(*:*, scored by docCount(body))), result of:\n    80.0 = docCount(body)\n  0.6341256 = weight(body:slow in 3) [BM25Similarity], result of:\n    0.6341256 = score(freq=1.0), computed as boost * idf * tf from:\n      1.2809339 = idf, computed as log(1 + (N - n + 0.5) / (n + 0.5)) from:\n        22 = n, number of documents containing term\n        80 = N, total number of documents with field\n      0.49504948 = tf, computed as freq / (freq + k1 * (1 - b + b * dl / avgdl)) from:\n        1.0 = freq, occurrences of term within document\n        1.2 = k1, term saturation parameter\n        0.75 = b, length normalization parameter\n        3.0 = dl, length of field\n        3.75 = avgdl, average length of field\n
fsqbool	all|plain|irdoccount(body)	explain 61	80.634125 = sum of:\n  80.0 = weight(FunctionScoreQuery(*:*, scored by docCount(body))), result of:\n    80.0 = docCount(body)\n  0.6341256 = weight(body:slow in 15) [BM25Similarity], result of:\n    0.6341256 = score(freq=1.0), computed as boost * idf * tf from:\n      1.2809339 = idf, computed as log(1 + (N - n + 0.5) / (n + 0.5)) from:\n        22 = n, number of documents containing term\n        80 = N, total number of documents with field\n      0.49504948 = tf, computed as freq / (freq + k1 * (1 - b + b * dl / avgdl)) from:\n        1.0 = freq, occurrences of term within document\n        1.2 = k1, term saturation parameter\n        0.75 = b, length normalization parameter\n        3.0 = dl, length of field\n        3.75 = avgdl, average length of field\n
fsqfilter	all|plain|irdoccount(body)	hits	16 29:3f7a59cb,60:3f6f4260,58:3f54604f,1:3f4a27a6,63:3f3b24b5,13:3f274510,23:3f274510,12:3f17363e,2:3f09f78e,55:3f09f78e,73:3f09f78e,76:3f09f78e,0:3efdb60e,5:3efdb60e,38:3efdb60e,68:3efdb60e,
fsq	all|plain|lvs(int(i))	hits	71 9:421c0000,57:42180000,63:42180000,13:42140000,54:42140000,14:42100000,38:42100000,61:42100000,79:42040000,1:42000000,21:42000000,78:42000000,2:41e80000,16:41e80000,55:41e00000,77:41e00000,72:41d80000,36:41d00000,52:41d00000,35:41c80000,42:41c00000,12:41b80000,49:41b80000,6:41a80000,29:41a80000,48:41a00000,24:41880000,30:41880000,22:41800000,41:41800000,74:41800000,37:41700000,27:41600000,5:41400000,20:41400000,44:41400000,3:41200000,65:41200000,28:41100000,31:41000000,46:41000000,76:41000000,7:40c00000,33:40c00000,4:40a00000,15:40800000,17:40400000,68:40400000,0:0,8:0,10:0,11:0,18:0,19:0,23:0,25:0,26:0,39:0,45:0,47:0,50:0,51:0,58:0,60:0,62:0,64:0,69:0,70:0,71:0,73:0,75:0,
fsq	all|plain|lvs(int(i))	explain 0	0.0 = weight(FunctionScoreQuery(*:*, scored by double(int(i)))), result of:\n  0.0 = double(int(i))\n
fsq	all|plain|lvs(int(i))	explain 7	6.0 = weight(FunctionScoreQuery(*:*, scored by double(int(i)))), result of:\n  6.0 = double(int(i))\n
fsq	all|plain|lvs(int(i))	explain 29	21.0 = weight(FunctionScoreQuery(*:*, scored by double(int(i)))), result of:\n  21.0 = double(int(i))\n
fsq	all|plain|lvs(int(i))	explain 61	36.0 = weight(FunctionScoreQuery(*:*, scored by double(int(i)))), result of:\n  36.0 = double(int(i))\n
fsqboost	all|plain|lvs(int(i))	hits	71 9:42ea0000,57:42e40000,63:42e40000,13:42de0000,54:42de0000,14:42d80000,38:42d80000,61:42d80000,79:42c60000,1:42c00000,21:42c00000,78:42c00000,2:42ae0000,16:42ae0000,55:42a80000,77:42a80000,72:42a20000,36:429c0000,52:429c0000,35:42960000,42:42900000,12:428a0000,49:428a0000,6:427c0000,29:427c0000,48:42700000,24:424c0000,30:424c0000,22:42400000,41:42400000,74:42400000,37:42340000,27:42280000,5:42100000,20:42100000,44:42100000,3:41f00000,65:41f00000,28:41d80000,31:41c00000,46:41c00000,76:41c00000,7:41900000,33:41900000,4:41700000,15:41400000,17:41100000,68:41100000,0:0,8:0,10:0,11:0,18:0,19:0,23:0,25:0,26:0,39:0,45:0,47:0,50:0,51:0,58:0,60:0,62:0,64:0,69:0,70:0,71:0,73:0,75:0,
fsqboost	all|plain|lvs(int(i))	explain 0	0.0 = weight(FunctionScoreQuery(*:*, scored by double(int(i)))), product of:\n  3.0 = boost\n  0.0 = double(int(i))\n
fsqboost	all|plain|lvs(int(i))	explain 7	18.0 = weight(FunctionScoreQuery(*:*, scored by double(int(i)))), product of:\n  3.0 = boost\n  6.0 = double(int(i))\n
fsqboost	all|plain|lvs(int(i))	explain 29	63.0 = weight(FunctionScoreQuery(*:*, scored by double(int(i)))), product of:\n  3.0 = boost\n  21.0 = double(int(i))\n
fsqboost	all|plain|lvs(int(i))	explain 61	108.0 = weight(FunctionScoreQuery(*:*, scored by double(int(i)))), product of:\n  3.0 = boost\n  36.0 = double(int(i))\n
fsqbool	all|plain|lvs(int(i))	hits	71 9:421c0000,57:42180000,63:42180000,13:421724b6,54:42140000,61:42128958,14:42124463,38:4211b829,79:4205b829,1:42000000,21:42000000,78:42000000,2:41e80000,16:41e80000,77:41e3bd6e,55:41e00000,72:41d80000,36:41d37052,52:41d00000,35:41c80000,42:41c00000,12:41b80000,49:41b80000,29:41ad12b0,6:41a80000,48:41a00000,24:418d2644,30:41880000,74:4186a77a,22:41841957,41:41800000,37:41700000,27:41600000,20:414832af,5:41400000,44:41400000,3:41200000,65:41200000,28:411bb61e,31:41000000,46:41000000,76:41000000,7:40c00000,33:40c00000,4:40a00000,15:40800000,17:40400000,68:40400000,69:3f492d66,71:3f458aa7,51:3f22560e,25:3f032aea,10:3eef5b62,11:3eef5b62,60:3eef5b62,70:3eef5b62,0:0,8:0,18:0,19:0,23:0,26:0,39:0,45:0,47:0,50:0,58:0,62:0,64:0,73:0,75:0,
fsqbool	all|plain|lvs(int(i))	explain 0	0.0 = sum of:\n  0.0 = weight(FunctionScoreQuery(*:*, scored by double(int(i)))), result of:\n    0.0 = double(int(i))\n
fsqbool	all|plain|lvs(int(i))	explain 7	6.0 = sum of:\n  6.0 = weight(FunctionScoreQuery(*:*, scored by double(int(i)))), result of:\n    6.0 = double(int(i))\n
fsqbool	all|plain|lvs(int(i))	explain 29	21.634125 = sum of:\n  21.0 = weight(FunctionScoreQuery(*:*, scored by double(int(i)))), result of:\n    21.0 = double(int(i))\n  0.6341256 = weight(body:slow in 3) [BM25Similarity], result of:\n    0.6341256 = score(freq=1.0), computed as boost * idf * tf from:\n      1.2809339 = idf, computed as log(1 + (N - n + 0.5) / (n + 0.5)) from:\n        22 = n, number of documents containing term\n        80 = N, total number of documents with field\n      0.49504948 = tf, computed as freq / (freq + k1 * (1 - b + b * dl / avgdl)) from:\n        1.0 = freq, occurrences of term within document\n        1.2 = k1, term saturation parameter\n        0.75 = b, length normalization parameter\n        3.0 = dl, length of field\n        3.75 = avgdl, average length of field\n
fsqbool	all|plain|lvs(int(i))	explain 61	36.634125 = sum of:\n  36.0 = weight(FunctionScoreQuery(*:*, scored by double(int(i)))), result of:\n    36.0 = double(int(i))\n  0.6341256 = weight(body:slow in 15) [BM25Similarity], result of:\n    0.6341256 = score(freq=1.0), computed as boost * idf * tf from:\n      1.2809339 = idf, computed as log(1 + (N - n + 0.5) / (n + 0.5)) from:\n        22 = n, number of documents containing term\n        80 = N, total number of documents with field\n      0.49504948 = tf, computed as freq / (freq + k1 * (1 - b + b * dl / avgdl)) from:\n        1.0 = freq, occurrences of term within document\n        1.2 = k1, term saturation parameter\n        0.75 = b, length normalization parameter\n        3.0 = dl, length of field\n        3.75 = avgdl, average length of field\n
fsqfilter	all|plain|lvs(int(i))	hits	16 29:3f7a59cb,60:3f6f4260,58:3f54604f,1:3f4a27a6,63:3f3b24b5,13:3f274510,23:3f274510,12:3f17363e,2:3f09f78e,55:3f09f78e,73:3f09f78e,76:3f09f78e,0:3efdb60e,5:3efdb60e,38:3efdb60e,68:3efdb60e,
fsq	t:big|plain|dquery(t:small)	hits	16 73:3f18f509,5:3f0fbbcf,23:3efd1fb4,55:3ed0c7ec,60:3ed0c7ec,68:3ebff764,0:0,1:0,2:0,12:0,13:0,29:0,38:0,58:0,63:0,76:0,
fsq	t:big|plain|dquery(t:small)	explain 0	0.0 = weight(FunctionScoreQuery(body:big, scored by score(body:small))) using default score of 0 because the function produced no value:\n  0.0 = no matching term\n
fsq	t:big|plain|dquery(t:small)	explain 7	0.0 = no matching term\n
fsq	t:big|plain|dquery(t:small)	explain 29	0.0 = weight(FunctionScoreQuery(body:big, scored by score(body:small))) using default score of 0 because the function produced no value:\n  0.0 = no matching term\n
fsq	t:big|plain|dquery(t:small)	explain 61	0.0 = no matching term\n
fsqboost	t:big|plain|dquery(t:small)	hits	16 73:3fe56f8e,5:3fd799b6,23:3fbdd7c7,55:3f9c95f1,60:3f9c95f1,68:3f8ff98b,0:0,1:0,2:0,12:0,13:0,29:0,38:0,58:0,63:0,76:0,
fsqboost	t:big|plain|dquery(t:small)	explain 0	0.0 = weight(FunctionScoreQuery(body:big, scored by score(body:small))) using default score of 0 because the function produced no value:\n  0.0 = no matching term\n
fsqboost	t:big|plain|dquery(t:small)	explain 7	0.0 = no matching term\n
fsqboost	t:big|plain|dquery(t:small)	explain 29	0.0 = weight(FunctionScoreQuery(body:big, scored by score(body:small))) using default score of 0 because the function produced no value:\n  0.0 = no matching term\n
fsqboost	t:big|plain|dquery(t:small)	explain 61	0.0 = no matching term\n
fsqbool	t:big|plain|dquery(t:small)	hits	33 60:3f6011a7,74:3f54ef39,13:3f492d66,69:3f492d66,71:3f458aa7,28:3f3b61e1,24:3f24c88f,29:3f22560e,51:3f22560e,61:3f22560e,73:3f18f509,14:3f1118d1,5:3f0fbbcf,20:3f032aea,22:3f032aea,25:3f032aea,23:3efd1fb4,10:3eef5b62,11:3eef5b62,70:3eef5b62,77:3eef5b62,36:3edc1474,38:3edc1474,79:3edc1474,55:3ed0c7ec,68:3ebff764,0:0,1:0,2:0,12:0,58:0,63:0,76:0,
fsqbool	t:big|plain|dquery(t:small)	explain 0	0.0 = sum of:\n  0.0 = weight(FunctionScoreQuery(body:big, scored by score(body:small))) using default score of 0 because the function produced no value:\n    0.0 = no matching term\n
fsqbool	t:big|plain|dquery(t:small)	explain 7	0.0 = No matching clauses\n  0.0 = no match on optional clause (FunctionScoreQuery(body:big, scored by score(body:small)))\n    0.0 = no matching term\n  0.0 = no match on optional clause (body:slow)\n    0.0 = no matching term\n
fsqbool	t:big|plain|dquery(t:small)	explain 29	0.6341256 = sum of:\n  0.0 = weight(FunctionScoreQuery(body:big, scored by score(body:small))) using default score of 0 because the function produced no value:\n    0.0 = no matching term\n  0.6341256 = weight(body:slow in 3) [BM25Similarity], result of:\n    0.6341256 = score(freq=1.0), computed as boost * idf * tf from:\n      1.2809339 = idf, computed as log(1 + (N - n + 0.5) / (n + 0.5)) from:\n        22 = n, number of documents containing term\n        80 = N, total number of documents with field\n      0.49504948 = tf, computed as freq / (freq + k1 * (1 - b + b * dl / avgdl)) from:\n        1.0 = freq, occurrences of term within document\n        1.2 = k1, term saturation parameter\n        0.75 = b, length normalization parameter\n        3.0 = dl, length of field\n        3.75 = avgdl, average length of field\n
fsqbool	t:big|plain|dquery(t:small)	explain 61	0.6341256 = sum of:\n  0.6341256 = weight(body:slow in 15) [BM25Similarity], result of:\n    0.6341256 = score(freq=1.0), computed as boost * idf * tf from:\n      1.2809339 = idf, computed as log(1 + (N - n + 0.5) / (n + 0.5)) from:\n        22 = n, number of documents containing term\n        80 = N, total number of documents with field\n      0.49504948 = tf, computed as freq / (freq + k1 * (1 - b + b * dl / avgdl)) from:\n        1.0 = freq, occurrences of term within document\n        1.2 = k1, term saturation parameter\n        0.75 = b, length normalization parameter\n        3.0 = dl, length of field\n        3.75 = avgdl, average length of field\n
fsqfilter	t:big|plain|dquery(t:small)	hits	16 29:3f7a59cb,60:3f6f4260,58:3f54604f,1:3f4a27a6,63:3f3b24b5,13:3f274510,23:3f274510,12:3f17363e,2:3f09f78e,55:3f09f78e,73:3f09f78e,76:3f09f78e,0:3efdb60e,5:3efdb60e,38:3efdb60e,68:3efdb60e,
fsq	all|plain|vs(docfreq(body,red))	hits	71 0:42240000,1:42240000,2:42240000,3:42240000,4:42240000,5:42240000,6:42240000,7:42240000,8:42240000,9:42240000,10:42240000,11:42240000,12:42240000,13:42240000,14:42240000,15:42240000,16:42240000,17:42240000,18:42240000,19:42240000,20:42240000,21:42240000,22:42240000,23:42240000,24:42240000,25:42240000,26:42240000,27:42240000,28:42240000,29:42240000,30:42240000,31:42240000,33:42240000,35:42240000,36:42240000,37:42240000,38:42240000,39:42240000,41:42240000,42:42240000,44:42240000,45:42240000,46:42240000,47:42240000,48:42240000,49:42240000,50:42240000,51:42240000,52:42240000,54:42240000,55:42240000,57:42240000,58:42240000,60:42240000,61:42240000,62:42240000,63:42240000,64:42240000,65:42240000,68:42240000,69:42240000,70:42240000,71:42240000,72:42240000,73:42240000,74:42240000,75:42240000,76:42240000,77:42240000,78:42240000,79:42240000,
fsq	all|plain|vs(docfreq(body,red))	explain 0	41.0 = weight(FunctionScoreQuery(*:*, scored by docfreq(body,red))), result of:\n  41.0 = docfreq(body,red)=41\n
fsq	all|plain|vs(docfreq(body,red))	explain 7	41.0 = weight(FunctionScoreQuery(*:*, scored by docfreq(body,red))), result of:\n  41.0 = docfreq(body,red)=41\n
fsq	all|plain|vs(docfreq(body,red))	explain 29	41.0 = weight(FunctionScoreQuery(*:*, scored by docfreq(body,red))), result of:\n  41.0 = docfreq(body,red)=41\n
fsq	all|plain|vs(docfreq(body,red))	explain 61	41.0 = weight(FunctionScoreQuery(*:*, scored by docfreq(body,red))), result of:\n  41.0 = docfreq(body,red)=41\n
fsqboost	all|plain|vs(docfreq(body,red))	hits	71 0:42f60000,1:42f60000,2:42f60000,3:42f60000,4:42f60000,5:42f60000,6:42f60000,7:42f60000,8:42f60000,9:42f60000,10:42f60000,11:42f60000,12:42f60000,13:42f60000,14:42f60000,15:42f60000,16:42f60000,17:42f60000,18:42f60000,19:42f60000,20:42f60000,21:42f60000,22:42f60000,23:42f60000,24:42f60000,25:42f60000,26:42f60000,27:42f60000,28:42f60000,29:42f60000,30:42f60000,31:42f60000,33:42f60000,35:42f60000,36:42f60000,37:42f60000,38:42f60000,39:42f60000,41:42f60000,42:42f60000,44:42f60000,45:42f60000,46:42f60000,47:42f60000,48:42f60000,49:42f60000,50:42f60000,51:42f60000,52:42f60000,54:42f60000,55:42f60000,57:42f60000,58:42f60000,60:42f60000,61:42f60000,62:42f60000,63:42f60000,64:42f60000,65:42f60000,68:42f60000,69:42f60000,70:42f60000,71:42f60000,72:42f60000,73:42f60000,74:42f60000,75:42f60000,76:42f60000,77:42f60000,78:42f60000,79:42f60000,
fsqboost	all|plain|vs(docfreq(body,red))	explain 0	123.0 = weight(FunctionScoreQuery(*:*, scored by docfreq(body,red))), product of:\n  3.0 = boost\n  41.0 = docfreq(body,red)=41\n
fsqboost	all|plain|vs(docfreq(body,red))	explain 7	123.0 = weight(FunctionScoreQuery(*:*, scored by docfreq(body,red))), product of:\n  3.0 = boost\n  41.0 = docfreq(body,red)=41\n
fsqboost	all|plain|vs(docfreq(body,red))	explain 29	123.0 = weight(FunctionScoreQuery(*:*, scored by docfreq(body,red))), product of:\n  3.0 = boost\n  41.0 = docfreq(body,red)=41\n
fsqboost	all|plain|vs(docfreq(body,red))	explain 61	123.0 = weight(FunctionScoreQuery(*:*, scored by docfreq(body,red))), product of:\n  3.0 = boost\n  41.0 = docfreq(body,red)=41\n
fsqbool	all|plain|vs(docfreq(body,red))	hits	71 74:422753bd,13:422724b6,69:422724b6,71:4227162b,28:4226ed88,24:42269322,29:42268958,51:42268958,61:42268958,14:42264463,20:42260cac,22:42260cac,25:42260cac,10:4225deb7,11:4225deb7,60:4225deb7,70:4225deb7,77:4225deb7,36:4225b829,38:4225b829,79:4225b829,0:42240000,1:42240000,2:42240000,3:42240000,4:42240000,5:42240000,6:42240000,7:42240000,8:42240000,9:42240000,12:42240000,15:42240000,16:42240000,17:42240000,18:42240000,19:42240000,21:42240000,23:42240000,26:42240000,27:42240000,30:42240000,31:42240000,33:42240000,35:42240000,37:42240000,39:42240000,41:42240000,42:42240000,44:42240000,45:42240000,46:42240000,47:42240000,48:42240000,49:42240000,50:42240000,52:42240000,54:42240000,55:42240000,57:42240000,58:42240000,62:42240000,63:42240000,64:42240000,65:42240000,68:42240000,72:42240000,73:42240000,75:42240000,76:42240000,78:42240000,
fsqbool	all|plain|vs(docfreq(body,red))	explain 0	41.0 = sum of:\n  41.0 = weight(FunctionScoreQuery(*:*, scored by docfreq(body,red))), result of:\n    41.0 = docfreq(body,red)=41\n
fsqbool	all|plain|vs(docfreq(body,red))	explain 7	41.0 = sum of:\n  41.0 = weight(FunctionScoreQuery(*:*, scored by docfreq(body,red))), result of:\n    41.0 = docfreq(body,red)=41\n
fsqbool	all|plain|vs(docfreq(body,red))	explain 29	41.634125 = sum of:\n  41.0 = weight(FunctionScoreQuery(*:*, scored by docfreq(body,red))), result of:\n    41.0 = docfreq(body,red)=41\n  0.6341256 = weight(body:slow in 3) [BM25Similarity], result of:\n    0.6341256 = score(freq=1.0), computed as boost * idf * tf from:\n      1.2809339 = idf, computed as log(1 + (N - n + 0.5) / (n + 0.5)) from:\n        22 = n, number of documents containing term\n        80 = N, total number of documents with field\n      0.49504948 = tf, computed as freq / (freq + k1 * (1 - b + b * dl / avgdl)) from:\n        1.0 = freq, occurrences of term within document\n        1.2 = k1, term saturation parameter\n        0.75 = b, length normalization parameter\n        3.0 = dl, length of field\n        3.75 = avgdl, average length of field\n
fsqbool	all|plain|vs(docfreq(body,red))	explain 61	41.634125 = sum of:\n  41.0 = weight(FunctionScoreQuery(*:*, scored by docfreq(body,red))), result of:\n    41.0 = docfreq(body,red)=41\n  0.6341256 = weight(body:slow in 15) [BM25Similarity], result of:\n    0.6341256 = score(freq=1.0), computed as boost * idf * tf from:\n      1.2809339 = idf, computed as log(1 + (N - n + 0.5) / (n + 0.5)) from:\n        22 = n, number of documents containing term\n        80 = N, total number of documents with field\n      0.49504948 = tf, computed as freq / (freq + k1 * (1 - b + b * dl / avgdl)) from:\n        1.0 = freq, occurrences of term within document\n        1.2 = k1, term saturation parameter\n        0.75 = b, length normalization parameter\n        3.0 = dl, length of field\n        3.75 = avgdl, average length of field\n
fsqfilter	all|plain|vs(docfreq(body,red))	hits	16 29:3f7a59cb,60:3f6f4260,58:3f54604f,1:3f4a27a6,63:3f3b24b5,13:3f274510,23:3f274510,12:3f17363e,2:3f09f78e,55:3f09f78e,73:3f09f78e,76:3f09f78e,0:3efdb60e,5:3efdb60e,38:3efdb60e,68:3efdb60e,
fsq	all|plain|vs(ttf(body,red))	hits	!IllegalStateException
fsq	all|plain|vs(ttf(body,red))	explain 0	!IllegalStateException
fsq	all|plain|vs(ttf(body,red))	explain 7	!IllegalStateException
fsq	all|plain|vs(ttf(body,red))	explain 29	!IllegalStateException
fsq	all|plain|vs(ttf(body,red))	explain 61	!IllegalStateException
fsqboost	all|plain|vs(ttf(body,red))	hits	!IllegalStateException
fsqboost	all|plain|vs(ttf(body,red))	explain 0	!IllegalStateException
fsqboost	all|plain|vs(ttf(body,red))	explain 7	!IllegalStateException
fsqboost	all|plain|vs(ttf(body,red))	explain 29	!IllegalStateException
fsqboost	all|plain|vs(ttf(body,red))	explain 61	!IllegalStateException
fsqbool	all|plain|vs(ttf(body,red))	hits	!IllegalStateException
fsqbool	all|plain|vs(ttf(body,red))	explain 0	!IllegalStateException
fsqbool	all|plain|vs(ttf(body,red))	explain 7	!IllegalStateException
fsqbool	all|plain|vs(ttf(body,red))	explain 29	!IllegalStateException
fsqbool	all|plain|vs(ttf(body,red))	explain 61	!IllegalStateException
fsqfilter	all|plain|vs(ttf(body,red))	hits	16 29:3f7a59cb,60:3f6f4260,58:3f54604f,1:3f4a27a6,63:3f3b24b5,13:3f274510,23:3f274510,12:3f17363e,2:3f09f78e,55:3f09f78e,73:3f09f78e,76:3f09f78e,0:3efdb60e,5:3efdb60e,38:3efdb60e,68:3efdb60e,
fsq	all|plain|vs(scale(int(i),0.0,1.0))	hits	71 9:3f800000,57:3f7a4fa5,63:3f7a4fa5,13:3f749f4a,54:3f749f4a,14:3f6eeeef,38:3f6eeeef,61:3f6eeeef,79:3f5dddde,1:3f582d83,21:3f582d83,78:3f582d83,2:3f471c72,16:3f471c72,55:3f416c17,77:3f416c17,72:3f3bbbbc,36:3f360b61,52:3f360b61,35:3f305b06,42:3f2aaaab,12:3f24fa50,49:3f24fa50,6:3f19999a,29:3f19999a,48:3f13e93f,24:3f02d82e,30:3f02d82e,22:3efa4fa5,41:3efa4fa5,74:3efa4fa5,37:3eeeeeef,27:3ee38e39,5:3ecccccd,20:3ecccccd,44:3ecccccd,3:3eb60b61,65:3eb60b61,28:3eaaaaab,31:3e9f49f5,46:3e9f49f5,76:3e9f49f5,7:3e888889,33:3e888889,4:3e7a4fa5,15:3e638e39,17:3e4ccccd,68:3e4ccccd,0:3e088889,8:3e088889,11:3e088889,18:3e088889,19:3e088889,23:3e088889,25:3e088889,26:3e088889,39:3e088889,47:3e088889,58:3e088889,60:3e088889,62:3e088889,70:3e088889,71:3e088889,75:3e088889,51:3de38e39,64:3de38e39,73:3db60b61,69:3d888889,10:3cb60b61,45:0,50:0,
fsq	all|plain|vs(scale(int(i),0.0,1.0))	explain 0	0.13333334 = weight(FunctionScoreQuery(*:*, scored by scale(int(i),0.0,1.0))), result of:\n  0.13333334 = scale(int(i)=0,toMin=0.0,toMax=1.0,fromMin=-6.0,fromMax=39.0)\n
fsq	all|plain|vs(scale(int(i),0.0,1.0))	explain 7	0.26666668 = weight(FunctionScoreQuery(*:*, scored by scale(int(i),0.0,1.0))), result of:\n  0.26666668 = scale(int(i)=6,toMin=0.0,toMax=1.0,fromMin=-6.0,fromMax=39.0)\n
fsq	all|plain|vs(scale(int(i),0.0,1.0))	explain 29	0.6 = weight(FunctionScoreQuery(*:*, scored by scale(int(i),0.0,1.0))), result of:\n  0.6 = scale(int(i)=21,toMin=0.0,toMax=1.0,fromMin=-6.0,fromMax=39.0)\n
fsq	all|plain|vs(scale(int(i),0.0,1.0))	explain 61	0.93333334 = weight(FunctionScoreQuery(*:*, scored by scale(int(i),0.0,1.0))), result of:\n  0.93333334 = scale(int(i)=36,toMin=0.0,toMax=1.0,fromMin=-6.0,fromMax=39.0)\n
fsqboost	all|plain|vs(scale(int(i),0.0,1.0))	hits	71 9:40400000,57:403bbbbc,63:403bbbbc,13:40377778,54:40377778,14:40333333,38:40333333,61:40333333,79:40266666,1:40222222,21:40222222,78:40222222,2:40155556,16:40155556,55:40111111,77:40111111,72:400ccccd,36:40088889,52:40088889,35:40044444,42:40000000,12:3ff77778,49:3ff77778,6:3fe66667,29:3fe66667,48:3fddddde,24:3fc44445,30:3fc44445,22:3fbbbbbc,41:3fbbbbbc,74:3fbbbbbc,37:3fb33333,27:3faaaaab,5:3f99999a,20:3f99999a,44:3f99999a,3:3f888889,65:3f888889,28:3f800000,31:3f6eeef0,46:3f6eeef0,76:3f6eeef0,7:3f4cccce,33:3f4cccce,4:3f3bbbbc,15:3f2aaaab,17:3f19999a,68:3f19999a,0:3eccccce,8:3eccccce,11:3eccccce,18:3eccccce,19:3eccccce,23:3eccccce,25:3eccccce,26:3eccccce,39:3eccccce,47:3eccccce,58:3eccccce,60:3eccccce,62:3eccccce,70:3eccccce,71:3eccccce,75:3eccccce,51:3eaaaaab,64:3eaaaaab,73:3e888889,69:3e4cccce,10:3d888889,45:0,50:0,
fsqboost	all|plain|vs(scale(int(i),0.0,1.0))	explain 0	0.40000004 = weight(FunctionScoreQuery(*:*, scored by scale(int(i),0.0,1.0))), product of:\n  3.0 = boost\n  0.13333334 = scale(int(i)=0,toMin=0.0,toMax=1.0,fromMin=-6.0,fromMax=39.0)\n
fsqboost	all|plain|vs(scale(int(i),0.0,1.0))	explain 7	0.8000001 = weight(FunctionScoreQuery(*:*, scored by scale(int(i),0.0,1.0))), product of:\n  3.0 = boost\n  0.26666668 = scale(int(i)=6,toMin=0.0,toMax=1.0,fromMin=-6.0,fromMax=39.0)\n
fsqboost	all|plain|vs(scale(int(i),0.0,1.0))	explain 29	1.8000001 = weight(FunctionScoreQuery(*:*, scored by scale(int(i),0.0,1.0))), product of:\n  3.0 = boost\n  0.6 = scale(int(i)=21,toMin=0.0,toMax=1.0,fromMin=-6.0,fromMax=39.0)\n
fsqboost	all|plain|vs(scale(int(i),0.0,1.0))	explain 61	2.8 = weight(FunctionScoreQuery(*:*, scored by scale(int(i),0.0,1.0))), product of:\n  3.0 = boost\n  0.93333334 = scale(int(i)=36,toMin=0.0,toMax=1.0,fromMin=-6.0,fromMax=39.0)\n
fsqbool	all|plain|vs(scale(int(i),0.0,1.0))	hits	71 13:3fdee658,61:3fc8a27e,14:3fc003e0,38:3fae7c94,74:3fa90b86,79:3fa5f40c,29:3f9df7d4,77:3f9c8ce4,24:3f93d05e,36:3f920ace,28:3f885b9b,22:3f80295e,9:3f800000,57:3f7a4fa5,63:3f7a4fa5,54:3f749f4a,20:3f699150,71:3f67acc9,69:3f5a3e77,1:3f582d83,21:3f582d83,78:3f582d83,2:3f471c72,16:3f471c72,55:3f416c17,51:3f3ec7d5,72:3f3bbbbc,52:3f360b61,35:3f305b06,42:3f2aaaab,25:3f254d0c,12:3f24fa50,49:3f24fa50,11:3f19cfd3,60:3f19cfd3,70:3f19cfd3,6:3f19999a,48:3f13e93f,30:3f02d82e,10:3efabc18,41:3efa4fa5,37:3eeeeeef,27:3ee38e39,5:3ecccccd,44:3ecccccd,3:3eb60b61,65:3eb60b61,31:3e9f49f5,46:3e9f49f5,76:3e9f49f5,7:3e888889,33:3e888889,4:3e7a4fa5,15:3e638e39,17:3e4ccccd,68:3e4ccccd,0:3e088889,8:3e088889,18:3e088889,19:3e088889,23:3e088889,26:3e088889,39:3e088889,47:3e088889,58:3e088889,62:3e088889,75:3e088889,64:3de38e39,73:3db60b61,45:0,50:0,
fsqbool	all|plain|vs(scale(int(i),0.0,1.0))	explain 0	0.13333334 = sum of:\n  0.13333334 = weight(FunctionScoreQuery(*:*, scored by scale(int(i),0.0,1.0))), result of:\n    0.13333334 = scale(int(i)=0,toMin=0.0,toMax=1.0,fromMin=-6.0,fromMax=39.0)\n
fsqbool	all|plain|vs(scale(int(i),0.0,1.0))	explain 7	0.26666668 = sum of:\n  0.26666668 = weight(FunctionScoreQuery(*:*, scored by scale(int(i),0.0,1.0))), result of:\n    0.26666668 = scale(int(i)=6,toMin=0.0,toMax=1.0,fromMin=-6.0,fromMax=39.0)\n
fsqbool	all|plain|vs(scale(int(i),0.0,1.0))	explain 29	1.2341256 = sum of:\n  0.6 = weight(FunctionScoreQuery(*:*, scored by scale(int(i),0.0,1.0))), result of:\n    0.6 = scale(int(i)=21,toMin=0.0,toMax=1.0,fromMin=-6.0,fromMax=39.0)\n  0.6341256 = weight(body:slow in 3) [BM25Similarity], result of:\n    0.6341256 = score(freq=1.0), computed as boost * idf * tf from:\n      1.2809339 = idf, computed as log(1 + (N - n + 0.5) / (n + 0.5)) from:\n        22 = n, number of documents containing term\n        80 = N, total number of documents with field\n      0.49504948 = tf, computed as freq / (freq + k1 * (1 - b + b * dl / avgdl)) from:\n        1.0 = freq, occurrences of term within document\n        1.2 = k1, term saturation parameter\n        0.75 = b, length normalization parameter\n        3.0 = dl, length of field\n        3.75 = avgdl, average length of field\n
fsqbool	all|plain|vs(scale(int(i),0.0,1.0))	explain 61	1.5674589 = sum of:\n  0.93333334 = weight(FunctionScoreQuery(*:*, scored by scale(int(i),0.0,1.0))), result of:\n    0.93333334 = scale(int(i)=36,toMin=0.0,toMax=1.0,fromMin=-6.0,fromMax=39.0)\n  0.6341256 = weight(body:slow in 15) [BM25Similarity], result of:\n    0.6341256 = score(freq=1.0), computed as boost * idf * tf from:\n      1.2809339 = idf, computed as log(1 + (N - n + 0.5) / (n + 0.5)) from:\n        22 = n, number of documents containing term\n        80 = N, total number of documents with field\n      0.49504948 = tf, computed as freq / (freq + k1 * (1 - b + b * dl / avgdl)) from:\n        1.0 = freq, occurrences of term within document\n        1.2 = k1, term saturation parameter\n        0.75 = b, length normalization parameter\n        3.0 = dl, length of field\n        3.75 = avgdl, average length of field\n
fsqfilter	all|plain|vs(scale(int(i),0.0,1.0))	hits	16 29:3f7a59cb,60:3f6f4260,58:3f54604f,1:3f4a27a6,63:3f3b24b5,13:3f274510,23:3f274510,12:3f17363e,2:3f09f78e,55:3f09f78e,73:3f09f78e,76:3f09f78e,0:3efdb60e,5:3efdb60e,38:3efdb60e,68:3efdb60e,
fsq	t:red|boostval|vs(query(t:blue,1.0))	hits	38 50:3eff864a,9:3ef65542,31:3ef120fa,48:3ef120fa,41:3ede56ee,49:3ede56ee,52:3ede56ee,2:3ed8b5f0,42:3ec3a8a9,6:3ec05c76,55:3eb71a68,70:3eb71a68,77:3eb71a68,38:3eac0fcf,30:3ea981a2,61:3ea981a2,75:3ea981a2,8:3e978177,13:3e978177,18:3e978177,28:3e88f610,1:3e79edda,71:3e65ccf4,45:3e5ea836,39:3e387852,65:3e387852,14:3e1ea92e,0:3e139745,7:3e0f3d54,68:3dec4ddd,35:3de4dd62,24:3dc51e36,22:3dbb0830,73:3d9bb3be,76:3d9bb3be,5:3d83a1ec,36:3d83a1ec,72:3d83a1ec,
fsq	t:red|boostval|vs(query(t:blue,1.0))	explain 0	0.14413172903515115 = weight(FunctionScoreQuery(body:red, scored by boost(query(body:blue,def=1.0)))), result of:\n  0.14413172903515115 = product of:\n    0.3360581 = weight(body:red in 0) [BM25Similarity], result of:\n      0.3360581 = score(freq=2.0), computed as boost * idf * tf from:\n        0.6687557 = idf, computed as log(1 + (N - n + 0.5) / (n + 0.5)) from:\n          41 = n, number of documents containing term\n          80 = N, total number of documents with field\n        0.5025125 = tf, computed as freq / (freq + k1 * (1 - b + b * dl / avgdl)) from:\n          2.0 = freq, occurrences of term within document\n          1.2 = k1, term saturation parameter\n          0.75 = b, length normalization parameter\n          7.0 = dl, length of field\n          3.75 = avgdl, average length of field\n    0.4288893 = query(body:blue,def=1.0)=0.4288893\n
fsq	t:red|boostval|vs(query(t:blue,1.0))	explain 7	0.13988238537990583 = weight(FunctionScoreQuery(body:red, scored by boost(query(body:blue,def=1.0)))), result of:\n  0.13988238537990583 = product of:\n    0.33106714 = weight(body:red in 7) [BM25Similarity], result of:\n      0.33106714 = score(freq=1.0), computed as boost * idf * tf from:\n        0.6687557 = idf, computed as log(1 + (N - n + 0.5) / (n + 0.5)) from:\n          41 = n, number of documents containing term\n          80 = N, total number of documents with field\n        0.49504948 = tf, computed as freq / (freq + k1 * (1 - b + b * dl / avgdl)) from:\n          1.0 = freq, occurrences of term within document\n          1.2 = k1, term saturation parameter\n          0.75 = b, length normalization parameter\n          3.0 = dl, length of field\n          3.75 = avgdl, average length of field\n    0.42251968 = query(body:blue,def=1.0)=0.42251968\n
fsq	t:red|boostval|vs(query(t:blue,1.0))	explain 29	0.0 = no matching term\n
fsq	t:red|boostval|vs(query(t:blue,1.0))	explain 61	0.33106714487075806 = weight(FunctionScoreQuery(body:red, scored by boost(query(body:blue,def=1.0)))), result of:\n  0.33106714487075806 = product of:\n    0.33106714 = weight(body:red in 15) [BM25Similarity], result of:\n      0.33106714 = score(freq=1.0), computed as boost * idf * tf from:\n        0.6687557 = idf, computed as log(1 + (N - n + 0.5) / (n + 0.5)) from:\n          41 = n, number of documents containing term\n          80 = N, total number of documents with field\n        0.49504948 = tf, computed as freq / (freq + k1 * (1 - b + b * dl / avgdl)) from:\n          1.0 = freq, occurrences of term within document\n          1.2 = k1, term saturation parameter\n          0.75 = b, length normalization parameter\n          3.0 = dl, length of field\n          3.75 = avgdl, average length of field\n    1.0 = query(body:blue,def=1.0)=1.0\n
fsqboost	t:red|boostval|vs(query(t:blue,1.0))	hits	38 50:3fbfa4b8,9:3fb8bff2,31:3fb4d8bc,48:3fb4d8bc,41:3fa6c132,49:3fa6c132,52:3fa6c132,2:3fa28874,42:3f92be7f,6:3f904558,55:3f8953ce,70:3f8953ce,77:3f8953ce,38:3f810bdb,30:3f7e4273,61:3f7e4273,75:3f7e4273,8:3f634232,13:3f634232,18:3f634232,28:3f4d7118,1:3f3b7264,71:3f2c59b7,45:3f26fe29,39:3f0a5a3d,65:3f0a5a3d,14:3eedfdc5,0:3edd62e7,7:3ed6dbfe,68:3eb13a66,35:3eaba609,24:3e93d6a9,22:3e8c4624,73:3e698d9d,76:3e698d9d,5:3e4572e2,36:3e4572e2,72:3e4572e2,
fsqboost	t:red|boostval|vs(query(t:blue,1.0))	explain 0	0.4323952 = weight(FunctionScoreQuery(body:red, scored by boost(query(body:blue,def=1.0)))), product of:\n  3.0 = boost\n  0.14413172903515115 = product of:\n    0.3360581 = weight(body:red in 0) [BM25Similarity], result of:\n      0.3360581 = score(freq=2.0), computed as boost * idf * tf from:\n        0.6687557 = idf, computed as log(1 + (N - n + 0.5) / (n + 0.5)) from:\n          41 = n, number of documents containing term\n          80 = N, total number of documents with field\n        0.5025125 = tf, computed as freq / (freq + k1 * (1 - b + b * dl / avgdl)) from:\n          2.0 = freq, occurrences of term within document\n          1.2 = k1, term saturation parameter\n          0.75 = b, length normalization parameter\n          7.0 = dl, length of field\n          3.75 = avgdl, average length of field\n    0.4288893 = query(body:blue,def=1.0)=0.4288893\n
fsqboost	t:red|boostval|vs(query(t:blue,1.0))	explain 7	0.41964716 = weight(FunctionScoreQuery(body:red, scored by boost(query(body:blue,def=1.0)))), product of:\n  3.0 = boost\n  0.13988238537990583 = product of:\n    0.33106714 = weight(body:red in 7) [BM25Similarity], result of:\n      0.33106714 = score(freq=1.0), computed as boost * idf * tf from:\n        0.6687557 = idf, computed as log(1 + (N - n + 0.5) / (n + 0.5)) from:\n          41 = n, number of documents containing term\n          80 = N, total number of documents with field\n        0.49504948 = tf, computed as freq / (freq + k1 * (1 - b + b * dl / avgdl)) from:\n          1.0 = freq, occurrences of term within document\n          1.2 = k1, term saturation parameter\n          0.75 = b, length normalization parameter\n          3.0 = dl, length of field\n          3.75 = avgdl, average length of field\n    0.42251968 = query(body:blue,def=1.0)=0.42251968\n
fsqboost	t:red|boostval|vs(query(t:blue,1.0))	explain 29	0.0 = no matching term\n
fsqboost	t:red|boostval|vs(query(t:blue,1.0))	explain 61	0.99320143 = weight(FunctionScoreQuery(body:red, scored by boost(query(body:blue,def=1.0)))), product of:\n  3.0 = boost\n  0.33106714487075806 = product of:\n    0.33106714 = weight(body:red in 15) [BM25Similarity], result of:\n      0.33106714 = score(freq=1.0), computed as boost * idf * tf from:\n        0.6687557 = idf, computed as log(1 + (N - n + 0.5) / (n + 0.5)) from:\n          41 = n, number of documents containing term\n          80 = N, total number of documents with field\n        0.49504948 = tf, computed as freq / (freq + k1 * (1 - b + b * dl / avgdl)) from:\n          1.0 = freq, occurrences of term within document\n          1.2 = k1, term saturation parameter\n          0.75 = b, length normalization parameter\n          3.0 = dl, length of field\n          3.75 = avgdl, average length of field\n    1.0 = query(body:blue,def=1.0)=1.0\n
fsqbool	t:red|boostval|vs(query(t:blue,1.0))	hits	48 13:3f8a7711,28:3f7fdce9,71:3f7efde4,61:3f7716df,74:3f54ef39,70:3f533ae5,77:3f533ae5,69:3f492d66,38:3f441222,24:3f3d6c56,14:3f38c31c,29:3f22560e,51:3f22560e,22:3f1a8bf0,20:3f032aea,25:3f032aea,50:3eff864a,36:3efcfcef,9:3ef65542,31:3ef120fa,48:3ef120fa,10:3eef5b62,11:3eef5b62,60:3eef5b62,41:3ede56ee,49:3ede56ee,52:3ede56ee,79:3edc1474,2:3ed8b5f0,42:3ec3a8a9,6:3ec05c76,55:3eb71a68,30:3ea981a2,75:3ea981a2,8:3e978177,18:3e978177,1:3e79edda,45:3e5ea836,39:3e387852,65:3e387852,0:3e139745,7:3e0f3d54,68:3dec4ddd,35:3de4dd62,73:3d9bb3be,76:3d9bb3be,5:3d83a1ec,72:3d83a1ec,
fsqbool	t:red|boostval|vs(query(t:blue,1.0))	explain 0	0.14413173 = sum of:\n  0.14413172903515115 = weight(FunctionScoreQuery(body:red, scored by boost(query(body:blue,def=1.0)))), result of:\n    0.14413172903515115 = product of:\n      0.3360581 = weight(body:red in 0) [BM25Similarity], result of:\n        0.3360581 = score(freq=2.0), computed as boost * idf * tf from:\n          0.6687557 = idf, computed as log(1 + (N - n + 0.5) / (n + 0.5)) from:\n            41 = n, number of documents containing term\n            80 = N, total number of documents with field\n          0.5025125 = tf, computed as freq / (freq + k1 * (1 - b + b * dl / avgdl)) from:\n            2.0 = freq, occurrences of term within document\n            1.2 = k1, term saturation parameter\n            0.75 = b, length normalization parameter\n            7.0 = dl, length of field\n            3.75 = avgdl, average length of field\n      0.4288893 = query(body:blue,def=1.0)=0.4288893\n
fsqbool	t:red|boostval|vs(query(t:blue,1.0))	explain 7	0.13988239 = sum of:\n  0.13988238537990583 = weight(FunctionScoreQuery(body:red, scored by boost(query(body:blue,def=1.0)))), result of:\n    0.13988238537990583 = product of:\n      0.33106714 = weight(body:red in 7) [BM25Similarity], result of:\n        0.33106714 = score(freq=1.0), computed as boost * idf * tf from:\n          0.6687557 = idf, computed as log(1 + (N - n + 0.5) / (n + 0.5)) from:\n            41 = n, number of documents containing term\n            80 = N, total number of documents with field\n          0.49504948 = tf, computed as freq / (freq + k1 * (1 - b + b * dl / avgdl)) from:\n            1.0 = freq, occurrences of term within document\n            1.2 = k1, term saturation parameter\n            0.75 = b, length normalization parameter\n            3.0 = dl, length of field\n            3.75 = avgdl, average length of field\n      0.42251968 = query(body:blue,def=1.0)=0.42251968\n
fsqbool	t:red|boostval|vs(query(t:blue,1.0))	explain 29	0.6341256 = sum of:\n  0.6341256 = weight(body:slow in 3) [BM25Similarity], result of:\n    0.6341256 = score(freq=1.0), computed as boost * idf * tf from:\n      1.2809339 = idf, computed as log(1 + (N - n + 0.5) / (n + 0.5)) from:\n        22 = n, number of documents containing term\n        80 = N, total number of documents with field\n      0.49504948 = tf, computed as freq / (freq + k1 * (1 - b + b * dl / avgdl)) from:\n        1.0 = freq, occurrences of term within document\n        1.2 = k1, term saturation parameter\n        0.75 = b, length normalization parameter\n        3.0 = dl, length of field\n        3.75 = avgdl, average length of field\n
fsqbool	t:red|boostval|vs(query(t:blue,1.0))	explain 61	0.96519274 = sum of:\n  0.33106714487075806 = weight(FunctionScoreQuery(body:red, scored by boost(query(body:blue,def=1.0)))), result of:\n    0.33106714487075806 = product of:\n      0.33106714 = weight(body:red in 15) [BM25Similarity], result of:\n        0.33106714 = score(freq=1.0), computed as boost * idf * tf from:\n          0.6687557 = idf, computed as log(1 + (N - n + 0.5) / (n + 0.5)) from:\n            41 = n, number of documents containing term\n            80 = N, total number of documents with field\n          0.49504948 = tf, computed as freq / (freq + k1 * (1 - b + b * dl / avgdl)) from:\n            1.0 = freq, occurrences of term within document\n            1.2 = k1, term saturation parameter\n            0.75 = b, length normalization parameter\n            3.0 = dl, length of field\n            3.75 = avgdl, average length of field\n      1.0 = query(body:blue,def=1.0)=1.0\n  0.6341256 = weight(body:slow in 15) [BM25Similarity], result of:\n    0.6341256 = score(freq=1.0), computed as boost * idf * tf from:\n      1.2809339 = idf, computed as log(1 + (N - n + 0.5) / (n + 0.5)) from:\n        22 = n, number of documents containing term\n        80 = N, total number of documents with field\n      0.49504948 = tf, computed as freq / (freq + k1 * (1 - b + b * dl / avgdl)) from:\n        1.0 = freq, occurrences of term within document\n        1.2 = k1, term saturation parameter\n        0.75 = b, length normalization parameter\n        3.0 = dl, length of field\n        3.75 = avgdl, average length of field\n
fsqfilter	t:red|boostval|vs(query(t:blue,1.0))	hits	10 1:3f4a27a6,13:3f274510,2:3f09f78e,55:3f09f78e,73:3f09f78e,76:3f09f78e,0:3efdb60e,5:3efdb60e,38:3efdb60e,68:3efdb60e,
fmq	dint(i)|gt:10	hits	36 1:3f800000,2:3f800000,5:3f800000,6:3f800000,9:3f800000,12:3f800000,13:3f800000,14:3f800000,16:3f800000,20:3f800000,21:3f800000,22:3f800000,24:3f800000,27:3f800000,29:3f800000,30:3f800000,35:3f800000,36:3f800000,37:3f800000,38:3f800000,41:3f800000,42:3f800000,44:3f800000,48:3f800000,49:3f800000,52:3f800000,54:3f800000,55:3f800000,57:3f800000,61:3f800000,63:3f800000,72:3f800000,74:3f800000,77:3f800000,78:3f800000,79:3f800000,
fmq	dint(i)|gt:10	explain 0	0.0 = FunctionMatchQuery(double(i)) doesn't match id 0\n
fmq	dint(i)|gt:10	explain 7	0.0 = FunctionMatchQuery(double(i)) doesn't match id 7\n
fmq	dint(i)|gt:10	explain 29	1.0 = FunctionMatchQuery(double(i))\n
fmq	dint(i)|gt:10	explain 61	1.0 = FunctionMatchQuery(double(i))\n
fmqboost	dint(i)|gt:10	hits	36 1:3f000000,2:3f000000,5:3f000000,6:3f000000,9:3f000000,12:3f000000,13:3f000000,14:3f000000,16:3f000000,20:3f000000,21:3f000000,22:3f000000,24:3f000000,27:3f000000,29:3f000000,30:3f000000,35:3f000000,36:3f000000,37:3f000000,38:3f000000,41:3f000000,42:3f000000,44:3f000000,48:3f000000,49:3f000000,52:3f000000,54:3f000000,55:3f000000,57:3f000000,61:3f000000,63:3f000000,72:3f000000,74:3f000000,77:3f000000,78:3f000000,79:3f000000,
fmqboost	dint(i)|gt:10	explain 0	0.0 = FunctionMatchQuery(double(i)) doesn't match id 0\n
fmqboost	dint(i)|gt:10	explain 7	0.0 = FunctionMatchQuery(double(i)) doesn't match id 7\n
fmqboost	dint(i)|gt:10	explain 29	0.5 = FunctionMatchQuery(double(i))^0.5\n
fmqboost	dint(i)|gt:10	explain 61	0.5 = FunctionMatchQuery(double(i))^0.5\n
fmqfilter	dint(i)|gt:10	hits	9 29:3f7a59cb,1:3f4a27a6,63:3f3b24b5,13:3f274510,12:3f17363e,2:3f09f78e,55:3f09f78e,5:3efdb60e,38:3efdb60e,
fmq	ddouble(d)|le:0	hits	15 0:3f800000,9:3f800000,14:3f800000,15:3f800000,16:3f800000,18:3f800000,21:3f800000,24:3f800000,25:3f800000,38:3f800000,47:3f800000,60:3f800000,62:3f800000,73:3f800000,78:3f800000,
fmq	ddouble(d)|le:0	explain 0	1.0 = FunctionMatchQuery(double(d))\n
fmq	ddouble(d)|le:0	explain 7	0.0 = FunctionMatchQuery(double(d)) doesn't match id 7\n
fmq	ddouble(d)|le:0	explain 29	0.0 = FunctionMatchQuery(double(d)) doesn't match id 3\n
fmq	ddouble(d)|le:0	explain 61	0.0 = FunctionMatchQuery(double(d)) doesn't match id 15\n
fmqboost	ddouble(d)|le:0	hits	15 0:3f000000,9:3f000000,14:3f000000,15:3f000000,16:3f000000,18:3f000000,21:3f000000,24:3f000000,25:3f000000,38:3f000000,47:3f000000,60:3f000000,62:3f000000,73:3f000000,78:3f000000,
fmqboost	ddouble(d)|le:0	explain 0	0.5 = FunctionMatchQuery(double(d))^0.5\n
fmqboost	ddouble(d)|le:0	explain 7	0.0 = FunctionMatchQuery(double(d)) doesn't match id 7\n
fmqboost	ddouble(d)|le:0	explain 29	0.0 = FunctionMatchQuery(double(d)) doesn't match id 3\n
fmqboost	ddouble(d)|le:0	explain 61	0.0 = FunctionMatchQuery(double(d)) doesn't match id 15\n
fmqfilter	ddouble(d)|le:0	hits	4 60:3f6f4260,73:3f09f78e,0:3efdb60e,38:3efdb60e,
fmq	vs(float(f))|nan	hits	1 74:3f800000,
fmq	vs(float(f))|nan	explain 0	0.0 = FunctionMatchQuery(float(f)) doesn't match id 0\n
fmq	vs(float(f))|nan	explain 7	0.0 = FunctionMatchQuery(float(f)) doesn't match id 7\n
fmq	vs(float(f))|nan	explain 29	0.0 = FunctionMatchQuery(float(f)) doesn't match id 3\n
fmq	vs(float(f))|nan	explain 61	0.0 = FunctionMatchQuery(float(f)) doesn't match id 15\n
fmqboost	vs(float(f))|nan	hits	1 74:3f000000,
fmqboost	vs(float(f))|nan	explain 0	0.0 = FunctionMatchQuery(float(f)) doesn't match id 0\n
fmqboost	vs(float(f))|nan	explain 7	0.0 = FunctionMatchQuery(float(f)) doesn't match id 7\n
fmqboost	vs(float(f))|nan	explain 29	0.0 = FunctionMatchQuery(float(f)) doesn't match id 3\n
fmqboost	vs(float(f))|nan	explain 61	0.0 = FunctionMatchQuery(float(f)) doesn't match id 15\n
fmqfilter	vs(float(f))|nan	hits	0 
fmq	vs(int(i))|gt:-100	hits	71 0:3f800000,1:3f800000,2:3f800000,3:3f800000,4:3f800000,5:3f800000,6:3f800000,7:3f800000,8:3f800000,9:3f800000,10:3f800000,11:3f800000,12:3f800000,13:3f800000,14:3f800000,15:3f800000,16:3f800000,17:3f800000,18:3f800000,19:3f800000,20:3f800000,21:3f800000,22:3f800000,23:3f800000,24:3f800000,25:3f800000,26:3f800000,27:3f800000,28:3f800000,29:3f800000,30:3f800000,31:3f800000,33:3f800000,35:3f800000,36:3f800000,37:3f800000,38:3f800000,39:3f800000,41:3f800000,42:3f800000,44:3f800000,45:3f800000,46:3f800000,47:3f800000,48:3f800000,49:3f800000,50:3f800000,51:3f800000,52:3f800000,54:3f800000,55:3f800000,57:3f800000,58:3f800000,60:3f800000,61:3f800000,62:3f800000,63:3f800000,64:3f800000,65:3f800000,68:3f800000,69:3f800000,70:3f800000,71:3f800000,72:3f800000,73:3f800000,74:3f800000,75:3f800000,76:3f800000,77:3f800000,78:3f800000,79:3f800000,
fmq	vs(int(i))|gt:-100	explain 0	1.0 = FunctionMatchQuery(int(i))\n
fmq	vs(int(i))|gt:-100	explain 7	1.0 = FunctionMatchQuery(int(i))\n
fmq	vs(int(i))|gt:-100	explain 29	1.0 = FunctionMatchQuery(int(i))\n
fmq	vs(int(i))|gt:-100	explain 61	1.0 = FunctionMatchQuery(int(i))\n
fmqboost	vs(int(i))|gt:-100	hits	71 0:3f000000,1:3f000000,2:3f000000,3:3f000000,4:3f000000,5:3f000000,6:3f000000,7:3f000000,8:3f000000,9:3f000000,10:3f000000,11:3f000000,12:3f000000,13:3f000000,14:3f000000,15:3f000000,16:3f000000,17:3f000000,18:3f000000,19:3f000000,20:3f000000,21:3f000000,22:3f000000,23:3f000000,24:3f000000,25:3f000000,26:3f000000,27:3f000000,28:3f000000,29:3f000000,30:3f000000,31:3f000000,33:3f000000,35:3f000000,36:3f000000,37:3f000000,38:3f000000,39:3f000000,41:3f000000,42:3f000000,44:3f000000,45:3f000000,46:3f000000,47:3f000000,48:3f000000,49:3f000000,50:3f000000,51:3f000000,52:3f000000,54:3f000000,55:3f000000,57:3f000000,58:3f000000,60:3f000000,61:3f000000,62:3f000000,63:3f000000,64:3f000000,65:3f000000,68:3f000000,69:3f000000,70:3f000000,71:3f000000,72:3f000000,73:3f000000,74:3f000000,75:3f000000,76:3f000000,77:3f000000,78:3f000000,79:3f000000,
fmqboost	vs(int(i))|gt:-100	explain 0	0.5 = FunctionMatchQuery(int(i))^0.5\n
fmqboost	vs(int(i))|gt:-100	explain 7	0.5 = FunctionMatchQuery(int(i))^0.5\n
fmqboost	vs(int(i))|gt:-100	explain 29	0.5 = FunctionMatchQuery(int(i))^0.5\n
fmqboost	vs(int(i))|gt:-100	explain 61	0.5 = FunctionMatchQuery(int(i))^0.5\n
fmqfilter	vs(int(i))|gt:-100	hits	16 29:3f7a59cb,60:3f6f4260,58:3f54604f,1:3f4a27a6,63:3f3b24b5,13:3f274510,23:3f274510,12:3f17363e,2:3f09f78e,55:3f09f78e,73:3f09f78e,76:3f09f78e,0:3efdb60e,5:3efdb60e,38:3efdb60e,68:3efdb60e,
fmq	dfloat(f)|gt:3.5	hits	42 1:3f800000,2:3f800000,3:3f800000,4:3f800000,5:3f800000,6:3f800000,12:3f800000,13:3f800000,14:3f800000,15:3f800000,16:3f800000,17:3f800000,18:3f800000,19:3f800000,20:3f800000,22:3f800000,23:3f800000,29:3f800000,30:3f800000,31:3f800000,33:3f800000,35:3f800000,36:3f800000,37:3f800000,38:3f800000,42:3f800000,45:3f800000,46:3f800000,51:3f800000,52:3f800000,55:3f800000,58:3f800000,60:3f800000,61:3f800000,62:3f800000,63:3f800000,64:3f800000,68:3f800000,71:3f800000,73:3f800000,78:3f800000,79:3f800000,
fmq	dfloat(f)|gt:3.5	explain 0	0.0 = FunctionMatchQuery(double(f)) doesn't match id 0\n
fmq	dfloat(f)|gt:3.5	explain 7	0.0 = FunctionMatchQuery(double(f)) doesn't match id 7\n
fmq	dfloat(f)|gt:3.5	explain 29	1.0 = FunctionMatchQuery(double(f))\n
fmq	dfloat(f)|gt:3.5	explain 61	1.0 = FunctionMatchQuery(double(f))\n
fmqboost	dfloat(f)|gt:3.5	hits	42 1:3f000000,2:3f000000,3:3f000000,4:3f000000,5:3f000000,6:3f000000,12:3f000000,13:3f000000,14:3f000000,15:3f000000,16:3f000000,17:3f000000,18:3f000000,19:3f000000,20:3f000000,22:3f000000,23:3f000000,29:3f000000,30:3f000000,31:3f000000,33:3f000000,35:3f000000,36:3f000000,37:3f000000,38:3f000000,42:3f000000,45:3f000000,46:3f000000,51:3f000000,52:3f000000,55:3f000000,58:3f000000,60:3f000000,61:3f000000,62:3f000000,63:3f000000,64:3f000000,68:3f000000,71:3f000000,73:3f000000,78:3f000000,79:3f000000,
fmqboost	dfloat(f)|gt:3.5	explain 0	0.0 = FunctionMatchQuery(double(f)) doesn't match id 0\n
fmqboost	dfloat(f)|gt:3.5	explain 7	0.0 = FunctionMatchQuery(double(f)) doesn't match id 7\n
fmqboost	dfloat(f)|gt:3.5	explain 29	0.5 = FunctionMatchQuery(double(f))^0.5\n
fmqboost	dfloat(f)|gt:3.5	explain 61	0.5 = FunctionMatchQuery(double(f))^0.5\n
fmqfilter	dfloat(f)|gt:3.5	hits	14 29:3f7a59cb,60:3f6f4260,58:3f54604f,1:3f4a27a6,63:3f3b24b5,13:3f274510,23:3f274510,12:3f17363e,2:3f09f78e,55:3f09f78e,73:3f09f78e,5:3efdb60e,38:3efdb60e,68:3efdb60e,
fmq	irmaxdoc()|gt:5	hits	71 0:3f800000,1:3f800000,2:3f800000,3:3f800000,4:3f800000,5:3f800000,6:3f800000,7:3f800000,8:3f800000,9:3f800000,10:3f800000,11:3f800000,12:3f800000,13:3f800000,14:3f800000,15:3f800000,16:3f800000,17:3f800000,18:3f800000,19:3f800000,20:3f800000,21:3f800000,22:3f800000,23:3f800000,24:3f800000,25:3f800000,26:3f800000,27:3f800000,28:3f800000,29:3f800000,30:3f800000,31:3f800000,33:3f800000,35:3f800000,36:3f800000,37:3f800000,38:3f800000,39:3f800000,41:3f800000,42:3f800000,44:3f800000,45:3f800000,46:3f800000,47:3f800000,48:3f800000,49:3f800000,50:3f800000,51:3f800000,52:3f800000,54:3f800000,55:3f800000,57:3f800000,58:3f800000,60:3f800000,61:3f800000,62:3f800000,63:3f800000,64:3f800000,65:3f800000,68:3f800000,69:3f800000,70:3f800000,71:3f800000,72:3f800000,73:3f800000,74:3f800000,75:3f800000,76:3f800000,77:3f800000,78:3f800000,79:3f800000,
fmq	irmaxdoc()|gt:5	explain 0	1.0 = FunctionMatchQuery(maxDoc())\n
fmq	irmaxdoc()|gt:5	explain 7	1.0 = FunctionMatchQuery(maxDoc())\n
fmq	irmaxdoc()|gt:5	explain 29	1.0 = FunctionMatchQuery(maxDoc())\n
fmq	irmaxdoc()|gt:5	explain 61	1.0 = FunctionMatchQuery(maxDoc())\n
fmqboost	irmaxdoc()|gt:5	hits	71 0:3f000000,1:3f000000,2:3f000000,3:3f000000,4:3f000000,5:3f000000,6:3f000000,7:3f000000,8:3f000000,9:3f000000,10:3f000000,11:3f000000,12:3f000000,13:3f000000,14:3f000000,15:3f000000,16:3f000000,17:3f000000,18:3f000000,19:3f000000,20:3f000000,21:3f000000,22:3f000000,23:3f000000,24:3f000000,25:3f000000,26:3f000000,27:3f000000,28:3f000000,29:3f000000,30:3f000000,31:3f000000,33:3f000000,35:3f000000,36:3f000000,37:3f000000,38:3f000000,39:3f000000,41:3f000000,42:3f000000,44:3f000000,45:3f000000,46:3f000000,47:3f000000,48:3f000000,49:3f000000,50:3f000000,51:3f000000,52:3f000000,54:3f000000,55:3f000000,57:3f000000,58:3f000000,60:3f000000,61:3f000000,62:3f000000,63:3f000000,64:3f000000,65:3f000000,68:3f000000,69:3f000000,70:3f000000,71:3f000000,72:3f000000,73:3f000000,74:3f000000,75:3f000000,76:3f000000,77:3f000000,78:3f000000,79:3f000000,
fmqboost	irmaxdoc()|gt:5	explain 0	0.5 = FunctionMatchQuery(maxDoc())^0.5\n
fmqboost	irmaxdoc()|gt:5	explain 7	0.5 = FunctionMatchQuery(maxDoc())^0.5\n
fmqboost	irmaxdoc()|gt:5	explain 29	0.5 = FunctionMatchQuery(maxDoc())^0.5\n
fmqboost	irmaxdoc()|gt:5	explain 61	0.5 = FunctionMatchQuery(maxDoc())^0.5\n
fmqfilter	irmaxdoc()|gt:5	hits	16 29:3f7a59cb,60:3f6f4260,58:3f54604f,1:3f4a27a6,63:3f3b24b5,13:3f274510,23:3f274510,12:3f17363e,2:3f09f78e,55:3f09f78e,73:3f09f78e,76:3f09f78e,0:3efdb60e,5:3efdb60e,38:3efdb60e,68:3efdb60e,
sort	sum(int(i),float(f))|false	hits	50,10,8,70,69,47,45,26,11,25,39,75,
sort	sum(int(i),float(f))|true	hits	74,2,4,14,61,38,13,79,1,16,63,55,
sort	query(t:red,0.0)|false	hits	3,4,10,11,12,15,16,17,19,20,21,23,
sort	query(t:red,0.0)|true	hits	50,9,31,48,45,41,49,52,2,14,68,42,
sort	int(i)|false	hits	45,50,10,69,73,51,64,0,8,11,18,19,
sort	int(i)|true	hits	9,57,63,13,54,14,38,61,79,1,21,78,
sort	double(d)|false	hits	25,47,9,18,24,73,62,14,60,78,21,0,
sort	double(d)|true	hits	36,22,48,19,31,29,37,74,64,12,54,5,
sort	scale(float(f),0.0,1.0)|false	hits	24,54,41,8,27,70,65,47,26,9,7,10,
sort	scale(float(f),0.0,1.0)|true	hits	74,2,4,14,51,61,38,3,5,16,13,79,
