normal_dp1_dc1_ud0_nb0	0	2	fe3877f9123caf6f
normal_dp1_dc1_ud0_nb0	1	17	1cc9be5912e1ae61
normal_dp1_dc1_ud0_nb0	2	141	ac3c65f9002788b7
normal_dp1_dc1_ud0_nb0	3	3	04752421978926ff
normal_dp1_dc1_ud0_nb0	4	53	5c06eb5028c13b67
normal_dp1_dc1_ud0_nb0	5	3	35c41a2159b89123
normal_dp1_dc1_ud0_nb0	6	52	d87d0872a8e6d4f9
normal_dp1_dc1_ud0_nb0	7	126	177df46e6614f588
normal_dp1_dc1_ud0_nb0	8	117	baec0283eb54f335
normal_dp1_dc1_ud0_nb0	9	52	05ad8267fd4a5703
normal_dp1_dc1_ud0_nb0	10	48	fe7fadbdd74c14b4
normal_dp1_dc1_ud0_nb0	11	60	203cb72076576f8f
normal_dp1_dc1_ud0_nb0	12	5	cd9d2ab8d7d8e70b
normal_dp1_dc1_ud0_nb0	13	1	8610e9dda182bf42
normal_dp1_dc1_ud0_nb0	14	4	2e85190163e10d0c
normal_dp1_dc1_ud0_nb0	15	4	5de2856cfbed0b06
normal_dp1_dc1_ud0_nb0	16	24	3bd8cdd00c441549
normal_dp1_dc1_ud0_nb0	17	2	5420621e61e6b2de
normal_dp1_dc1_ud0_nb0	18	4	58a764840892cede
normal_dp1_dc1_ud0_nb0	19	1	9063f58a9e418e90
normal_dp1_dc1_ud0_nb0	20	46	265daf9d43ef5b38
normal_dp1_dc1_ud0_nb0	21	46	bd3620f70fc16b57
normal_dp1_dc1_ud0_nb0	22	2	b2b47f5335448eeb
normal_dp1_dc1_ud0_nb0	23	115	2bab040c1ff42fa2
normal_dp1_dc1_ud0_nb0	24	2	4ee24f53fa50f5fb
normal_dp1_dc1_ud0_nb0	25	2	210c11ef7723c39c
normal_dp1_dc1_ud0_nb0	26	22	c7e89938e8bdb34a
normal_dp1_dc1_ud0_nb0	27	2	7a76b7ba3a15016d
normal_dp1_dc1_ud0_nb0	28	3	2b3be05945eccc6d
normal_dp1_dc1_ud0_nb0	29	1	cb04c009a7a0f623
normal_dp1_dc1_ud0_nb0	30	5	69ec4105565c89a1
normal_dp1_dc1_ud0_nb0	31	2	115a740f9cd9a619
normal_dp1_dc1_ud0_nb0	32	124	d1ac19078fbca1a2
normal_dp1_dc1_ud0_nb0	33	3	fb073d01787c3389
normal_dp1_dc1_ud0_nb0	34	4	19a003b39818982e
normal_dp1_dc1_ud0_nb0	35	117	cc484c421fad78f7
normal_dp1_dc1_ud0_nb0	36	7	e5b73009a55ad265
normal_dp1_dc1_ud0_nb0	37	63	9a7e0f205dd07083
normal_dp1_dc1_ud0_nb0	38	19	2c8451cfc18a034d
normal_dp1_dc1_ud0_nb0	39	115	b8ed45531c329ea2
normal_dp1_dc1_ud0_nb0	40	131	a3a356cd287dded0
normal_dp1_dc1_ud0_nb0	41	24	7cd28e4b74c4982e
normal_dp1_dc1_ud0_nb0	42	8	d478843d9d8f0829
normal_dp1_dc1_ud0_nb0	43	1	5b21a5ec2f985d77
normal_dp1_dc1_ud0_nb0	44	2	8946d53fe3b107ce
normal_dp1_dc1_ud0_nb0	45	7	bcd0e6f6073295b3
normal_dp1_dc1_ud0_nb0	46	17	2b3f0e64de30d21f
normal_dp1_dc1_ud0_nb0	47	54	a8a3b53a2cf5f180
normal_dp1_dc1_ud0_nb0	48	5	fbbc98c0c89a3eb6
normal_dp1_dc1_ud0_nb0	49	4	682fb7ad4c45f435
normal_dp1_dc1_ud0_nb0	50	3	fd89f6049da2aafa
normal_dp1_dc1_ud0_nb0	51	23	9f735a1929b5126d
normal_dp1_dc1_ud0_nb0	52	2	fd08e8dd823f631e
normal_dp1_dc1_ud0_nb0	53	6	b61b87c29ab88279
normal_dp1_dc1_ud0_nb0	54	3	662b542a83cdcabd
normal_dp1_dc1_ud0_nb0	55	52	234e860adfe14831
normal_dp1_dc1_ud0_nb0	56	9	21ef0eff9bc27471
normal_dp1_dc1_ud0_nb0	57	2	d8c21a02c79c5d2f
normal_dp1_dc1_ud0_nb0	58	3	6a5b37258e941d28
normal_dp1_dc1_ud0_nb0	59	20	54a57894686b93d5
normal_dp1_dc1_ud0_nb0	60	3	90e544c7aa820b5e
normal_dp1_dc1_ud0_nb0	61	2	50c0e5e565e77d9f
normal_dp1_dc1_ud0_nb0	62	3	490e58d435ecad3e
normal_dp1_dc1_ud0_nb0	63	17	20f8b027f1304aa0
normal_dp1_dc1_ud0_nb0	64	45	f9cb6581e07fc3d2
normal_dp1_dc1_ud0_nb0	65	5	ef54a424735e7ba8
normal_dp1_dc1_ud0_nb0	66	2	183418e639303309
normal_dp1_dc1_ud0_nb0	67	6	8259cff31eddaa7e
normal_dp1_dc1_ud0_nb0	68	5	3c9e4c88094cbbfb
normal_dp1_dc1_ud0_nb0	69	51	d6a9301b4677c64e
normal_dp1_dc1_ud0_nb0	70	5	f08af93532a2f6cd
normal_dp1_dc1_ud0_nb0	71	11	8c30854b80cbff79
normal_dp1_dc1_ud0_nb0	72	18	8b2fdeecc5367d2e
normal_dp1_dc1_ud0_nb0	73	43	99ca928933e56269
normal_dp1_dc1_ud0_nb0	74	2	c00d92a30f546d81
normal_dp1_dc1_ud0_nb0	75	2	60d11ac02cca1f5c
normal_dp1_dc1_ud0_nb0	76	51	11fa9227fb4e86b2
normal_dp1_dc1_ud0_nb0	77	2	72f99e536ffd074b
normal_dp1_dc1_ud0_nb0	78	2	8a316a4cbf248e78
normal_dp1_dc1_ud0_nb0	79	12	5de65479b9535c0a
normal_dp1_dc1_ud0_nb0	80	1	52b4ae3df5b68646
normal_dp1_dc1_ud0_nb0	81	6	ff827455272f1a80
normal_dp1_dc1_ud0_nb0	82	125	cbe19695ab5cc583
normal_dp1_dc1_ud0_nb0	83	4	18c6172a2b20dab9
normal_dp1_dc1_ud0_nb0	84	3	98be6817fedd840d
normal_dp1_dc1_ud0_nb0	85	51	7b66c3af2a7bfb21
normal_dp1_dc1_ud0_nb0	86	6	18191c8901aa16ba
normal_dp1_dc1_ud0_nb0	87	19	60571d37f85a477d
normal_dp1_dc1_ud0_nb0	88	21	213fe18ea9153a96
normal_dp1_dc1_ud0_nb0	89	134	b39b4cfea77dea9b
normal_dp1_dc1_ud0_nb0	90	2	7ac3584624571a10
normal_dp1_dc1_ud0_nb0	91	120	4617f3464f02f61f
normal_dp1_dc1_ud0_nb0	92	4	60bbda28de9b1fb0
normal_dp1_dc1_ud0_nb0	93	6	8041e288b4fe476e
normal_dp1_dc1_ud0_nb0	94	6	98a1472c66a9b589
normal_dp1_dc1_ud0_nb0	95	114	c29733516dc9eda3
normal_dp1_dc1_ud0_nb0	96	60	290661cebc03fa8c
normal_dp1_dc1_ud0_nb0	97	5	61d9d102b34e1726
normal_dp1_dc1_ud0_nb0	98	3	66accd03b9beeea3
normal_dp1_dc1_ud0_nb0	99	7	9082acb1aa570b2b
normal_dp1_dc1_ud0_nb0	100	6	bd521a92b18247d9
normal_dp1_dc1_ud0_nb0	101	2	3ff37d05d9e89fc7
normal_dp1_dc1_ud0_nb0	102	47	330a4fb43bca84d2
normal_dp1_dc1_ud0_nb0	103	24	8dbfd0dcb9e727a8
normal_dp1_dc1_ud0_nb0	104	1	2aa86b7d09c4fa67
normal_dp1_dc1_ud0_nb0	105	2	5e1645b8765c83f3
normal_dp1_dc1_ud0_nb0	106	19	a0ffab9c0ede9e36
normal_dp1_dc1_ud0_nb0	107	135	9cce8ac0d0dae71d
normal_dp1_dc1_ud0_nb0	108	47	51bc2ffa8f878d3e
normal_dp1_dc1_ud0_nb0	109	20	ce9630af81038d40
normal_dp1_dc1_ud0_nb0	110	5	0929f46f2e6878c7
normal_dp1_dc1_ud0_nb0	111	3	01911c6ee2172564
normal_dp1_dc1_ud0_nb0	112	3	616126a74fbcf785
normal_dp1_dc1_ud0_nb0	113	1	ce908bdfd8c62477
normal_dp1_dc1_ud0_nb0	114	108	72cec2fd2a318a96
normal_dp1_dc1_ud0_nb0	115	2	4190c4e5c47f9001
normal_dp1_dc1_ud0_nb0	116	2	5f2151cdb5d26008
normal_dp1_dc1_ud0_nb0	117	118	21a2db542954b17c
normal_dp1_dc1_ud0_nb0	118	122	42ec38396f200a32
normal_dp1_dc1_ud0_nb0	119	2	fa3b1b21769c99bc
normal_dp1_dc1_ud0_nb0	120	116	35601a5bce93682a
normal_dp1_dc1_ud0_nb0	121	58	ae3f2dd8ef307367
normal_dp1_dc1_ud0_nb0	122	135	e3ffd083e61b6925
normal_dp1_dc1_ud0_nb0	123	2	737f3e1167508935
normal_dp1_dc1_ud0_nb0	124	52	f43a6b6f4b8b2a33
normal_dp1_dc1_ud0_nb0	125	4	3ec7510780c15cda
normal_dp1_dc1_ud0_nb0	126	7	dabb0cde215466ff
normal_dp1_dc1_ud0_nb0	127	2	814dccc6d2006e69
normal_dp1_dc1_ud0_nb0	128	19	1b0c044a9b82bcb7
normal_dp1_dc1_ud0_nb0	129	53	3aeddd11fbdb7fb5
normal_dp1_dc1_ud0_nb0	130	2	af2325e713679114
normal_dp1_dc1_ud0_nb0	131	121	d4fc36b5420247c0
normal_dp1_dc1_ud0_nb0	132	126	0c041349e8e7392d
normal_dp1_dc1_ud0_nb0	133	2	80af669c13559a46
normal_dp1_dc1_ud0_nb0	134	9	c86de27979b93c2e
normal_dp1_dc1_ud0_nb0	135	1	4f4429788037f093
normal_dp1_dc1_ud0_nb0	136	2	cff4c6b51ab8d1e1
normal_dp1_dc1_ud0_nb0	137	3	1dc709adf506815a
normal_dp1_dc1_ud0_nb0	138	121	cb190c96f4ebe529
normal_dp1_dc1_ud0_nb0	139	118	83a9707cbe0fe875
normal_dp1_dc1_ud0_nb0	140	5	d0eb69f59bc41631
normal_dp1_dc1_ud0_nb0	141	5	e012e7b369b410f6
normal_dp1_dc1_ud0_nb0	142	7	7f1078ad70fd6600
normal_dp1_dc1_ud0_nb0	143	2	6ff6b8bc6619ae66
normal_dp1_dc1_ud0_nb0	144	7	e2b7e4ea969c25b3
normal_dp1_dc1_ud0_nb0	145	41	2220f95de36de30a
normal_dp1_dc1_ud0_nb0	146	59	06c4818e6d885599
normal_dp1_dc1_ud0_nb0	147	14	286cf56322bdea4f
normal_dp1_dc1_ud0_nb0	148	18	797306ee66936809
normal_dp1_dc1_ud0_nb0	149	2	0e7a7d4215ecf15a
normal_dp1_dc1_ud0_nb0	150	4	a8d155a0060fcc7c
normal_dp1_dc1_ud0_nb0	151	5	29ec5580ac044ccc
normal_dp1_dc1_ud0_nb0	152	57	cf992200bb323796
normal_dp1_dc1_ud0_nb0	153	139	84be2b69e5076913
normal_dp1_dc1_ud0_nb0	154	2	60a2b5c9c2e0e62a
normal_dp1_dc1_ud0_nb0	155	52	bed33b65cc7f23f2
normal_dp1_dc1_ud0_nb0	156	22	744e6054cf572359
normal_dp1_dc1_ud0_nb0	157	3	6a36bc7972855e92
normal_dp1_dc1_ud0_nb0	158	3	c66d8bfa148e1a07
normal_dp1_dc1_ud0_nb0	159	50	0a23b5918db9d03a
normal_dp1_dc1_ud0_nb0	160	7	af225a9e313bd07a
normal_dp1_dc1_ud0_nb0	161	2	a1619a4837419d10
normal_dp1_dc1_ud0_nb0	162	125	3bfeda8616fd7a33
normal_dp1_dc1_ud0_nb0	163	7	806ea40904ff7eeb
normal_dp1_dc1_ud0_nb0	164	2	e08c08885d04564b
normal_dp1_dc1_ud0_nb0	165	3	5c538693c1431f4b
normal_dp1_dc1_ud0_nb0	166	135	ec79d74af16bc426
normal_dp1_dc1_ud0_nb0	167	55	d53de6136e57a64f
normal_dp1_dc1_ud0_nb0	168	2	7f186e27c595ab14
normal_dp1_dc1_ud0_nb0	169	8	50b094fe969e79f8
normal_dp1_dc1_ud0_nb0	170	2	9a10e7aed7584972
normal_dp1_dc1_ud0_nb0	171	49	e924b8d9146bcb4f
normal_dp1_dc1_ud0_nb0	172	5	fc512fe2c21e0fa5
normal_dp1_dc1_ud0_nb0	173	6	19b5bf88aa1621da
normal_dp1_dc1_ud0_nb0	174	15	cfa182e0ef896a8b
normal_dp1_dc1_ud0_nb0	175	2	72c15ba8f0c9d153
normal_dp1_dc1_ud0_nb0	176	134	e02da8a930edbd7f
normal_dp1_dc1_ud0_nb0	177	2	bd0ecdb7188c9a68
normal_dp1_dc1_ud0_nb0	178	2	edb8b080a73ec176
normal_dp1_dc1_ud0_nb0	179	42	0467417239e699e3
normal_dp1_dc1_ud0_nb0	180	123	1e9dda303380d35c
normal_dp1_dc1_ud0_nb0	181	57	f6726eb4f74738a0
normal_dp1_dc1_ud0_nb0	182	6	b5bec723cdeb5f21
normal_dp1_dc1_ud0_nb0	183	2	f715da348003fd36
normal_dp1_dc1_ud0_nb0	184	7	1f54f8727150652f
normal_dp1_dc1_ud0_nb0	185	115	a235830b27cabe55
normal_dp1_dc1_ud0_nb0	186	2	f4c5fe0c958f3e6d
normal_dp1_dc1_ud0_nb0	187	46	73414677bf931c21
normal_dp1_dc1_ud0_nb0	188	3	497372c349c1b597
normal_dp1_dc1_ud0_nb0	189	3	4275562cef33e65f
normal_dp1_dc1_ud0_nb0	190	3	01ea72aab73b6f2d
normal_dp1_dc1_ud0_nb0	191	136	af36bb7983edde43
normal_dp1_dc1_ud0_nb0	192	5	ae1a712b3ffd0260
normal_dp1_dc1_ud0_nb0	193	3	9d88783521a38ff1
normal_dp1_dc1_ud0_nb0	194	48	fe02a604461b26a4
normal_dp1_dc1_ud0_nb0	195	45	5c80478cf09b8ce8
normal_dp1_dc1_ud0_nb0	196	132	0f328fb0424bfbf4
normal_dp1_dc1_ud0_nb0	197	7	d29623dcd610ad0f
normal_dp1_dc1_ud0_nb0	198	2	9ae12495235be9b1
normal_dp1_dc1_ud0_nb0	199	9	bb624c201e4e9cc4
normal_dp1_dc1_ud0_nb0	200	55	be174d9e231cd8f9
normal_dp1_dc1_ud0_nb0	201	5	35f561dd999af5d4
normal_dp1_dc1_ud0_nb0	202	3	9867b26f89bd75b4
normal_dp1_dc1_ud0_nb0	203	18	226e3d31443203c5
normal_dp1_dc1_ud0_nb0	204	48	c80c7983e2d11749
normal_dp1_dc1_ud0_nb0	205	9	d4ae11a0420b041b
normal_dp1_dc1_ud0_nb0	206	136	dbf51918bf676caa
normal_dp1_dc1_ud0_nb0	207	59	d54f55c0394b7ef2
normal_dp1_dc1_ud0_nb0	208	45	e46aa4b65ae02a25
normal_dp1_dc1_ud0_nb0	209	2	7e406aca15207b29
normal_dp1_dc1_ud0_nb0	210	2	4143f74e30e91d3c
normal_dp1_dc1_ud0_nb0	211	8	578b5a7244c9cf66
normal_dp1_dc1_ud0_nb0	212	9	e7c15e9c132f5e9f
normal_dp1_dc1_ud0_nb0	213	3	edd5359814ad33df
normal_dp1_dc1_ud0_nb0	214	15	a0861d4f20b809f4
normal_dp1_dc1_ud0_nb0	215	5	74ba7792595c3310
normal_dp1_dc1_ud0_nb0	216	47	05d276b1de2b1520
normal_dp1_dc1_ud0_nb0	217	6	46526c287d5945e7
normal_dp1_dc1_ud0_nb0	218	7	8985312184445782
normal_dp1_dc1_ud0_nb0	219	4	dd2e7bf50bbc166f
normal_dp1_dc1_ud0_nb0	220	14	31b6dd99f833b867
normal_dp1_dc1_ud0_nb0	221	7	ade4e2b9128d0a25
normal_dp1_dc1_ud0_nb0	222	2	155847d504fd75bd
normal_dp1_dc1_ud0_nb0	223	2	4dbbca2216f7ac7b
normal_dp1_dc1_ud0_nb0	224	4	3eb10ddb53008a08
normal_dp1_dc1_ud0_nb0	225	2	2832a96cf84da5d8
normal_dp1_dc1_ud0_nb0	226	128	7ba47bc2232da8f0
normal_dp1_dc1_ud0_nb0	227	1	46eb868fb6e063a1
normal_dp1_dc1_ud0_nb0	228	22	69c3dd6270d972ab
normal_dp1_dc1_ud0_nb0	229	3	fbdd82a8dd59592c
normal_dp1_dc1_ud0_nb0	230	41	86049af10fcb5446
normal_dp1_dc1_ud0_nb0	231	4	0f4f24f624930d64
normal_dp1_dc1_ud0_nb0	232	2	8266c8aed1bb63ae
normal_dp1_dc1_ud0_nb0	233	26	5187808aff5433aa
normal_dp1_dc1_ud0_nb0	234	2	e4ca63a93d69cb1f
normal_dp1_dc1_ud0_nb0	235	41	dbf186e38664e18c
normal_dp1_dc1_ud0_nb0	236	2	d481bfb675d614dd
normal_dp1_dc1_ud0_nb0	237	3	51749904d3065bf0
normal_dp1_dc1_ud0_nb0	238	19	8833eace39f7c5ce
normal_dp1_dc1_ud0_nb0	239	2	4b70e50b8edc6292
normal_dp1_dc1_ud0_nb0	240	4	11399b68410123df
normal_dp1_dc1_ud0_nb0	241	3	b2635722d8d798e2
normal_dp1_dc1_ud0_nb0	242	5	dcae176c8012b891
normal_dp1_dc1_ud0_nb0	243	17	3220613e19ad51ec
normal_dp1_dc1_ud0_nb0	244	2	a4dda3ae9e4f0f85
normal_dp1_dc1_ud0_nb0	245	20	ed362c1051d17f0d
normal_dp1_dc1_ud0_nb0	246	128	65ae3e2cb248556c
normal_dp1_dc1_ud0_nb0	247	3	e0853c840dd1fdaf
normal_dp1_dc1_ud0_nb0	248	48	b40a9b6fd6af7eae
normal_dp1_dc1_ud0_nb0	249	133	24e28927f3f9ec0f
normal_dp1_dc1_ud0_nb0	250	55	b2bf885d9ea9f8c0
normal_dp1_dc1_ud0_nb0	251	54	6ecdef06fc50bb37
normal_dp1_dc1_ud0_nb0	252	5	8c963a2c9ca6b239
normal_dp1_dc1_ud0_nb0	253	5	68447a6baef27bb5
normal_dp1_dc1_ud0_nb0	254	6	5d4c55fc5ab69382
normal_dp1_dc1_ud0_nb0	255	50	e9d2419169658411
normal_dp1_dc1_ud0_nb0	256	2	551a63c2d76181f6
normal_dp1_dc1_ud0_nb0	257	9	356ed3703e436ed3
normal_dp1_dc1_ud0_nb0	258	62	8f593e0029a61a3f
normal_dp1_dc1_ud0_nb0	259	21	2137a94346edfa43
normal_dp1_dc1_ud0_nb0	260	2	adbb7c7175eb6e52
normal_dp1_dc1_ud0_nb0	261	2	f76307a603dd2a5d
normal_dp1_dc1_ud0_nb0	262	4	c2feb94c266cb896
normal_dp1_dc1_ud0_nb0	263	4	26ad5b1db2402826
normal_dp1_dc1_ud0_nb0	264	23	f3ebca8b04b2c17e
normal_dp1_dc1_ud0_nb0	265	3	9f8d916961924fb4
normal_dp1_dc1_ud0_nb0	266	4	bb31c52b28bb81b0
normal_dp1_dc1_ud0_nb0	267	3	318574d728fb4773
normal_dp1_dc1_ud0_nb0	268	1	25aef9909dfea048
normal_dp1_dc1_ud0_nb0	269	52	3e9f0b852e3e2122
normal_dp1_dc1_ud0_nb0	270	21	52e5c23aef9a7c88
normal_dp1_dc1_ud0_nb0	271	117	6fa3c71816f6c58a
normal_dp1_dc1_ud0_nb0	272	51	e7bea4115b7aa47f
normal_dp1_dc1_ud0_nb0	273	2	6f51285605f5b665
normal_dp1_dc1_ud0_nb0	274	26	7689d104468df279
normal_dp1_dc1_ud0_nb0	275	3	33846b194a9c5819
normal_dp1_dc1_ud0_nb0	276	128	13e8d2360b36ef62
normal_dp1_dc1_ud0_nb0	277	7	8c70cecc8aa87c82
normal_dp1_dc1_ud0_nb0	278	114	24ef7f9c9cbe2191
normal_dp1_dc1_ud0_nb0	279	24	1df639b36edc2fb3
normal_dp1_dc1_ud0_nb0	280	3	20205e6f2da9609c
normal_dp1_dc1_ud0_nb0	281	1	3abc652ea33e17a5
normal_dp1_dc1_ud0_nb0	282	2	9a10022c0daaddb3
normal_dp1_dc1_ud0_nb0	283	18	b5d03e8ca31bb60b
normal_dp1_dc1_ud0_nb0	284	5	33be49397f38c1c0
normal_dp1_dc1_ud0_nb0	285	15	c5e1c9d0dc12576e
normal_dp1_dc1_ud0_nb0	286	10	ffcd04acf22df2f6
normal_dp1_dc1_ud0_nb0	287	138	17e8a6987b142751
normal_dp1_dc1_ud0_nb0	288	4	79393d37bfeeb318
normal_dp1_dc1_ud0_nb0	289	1	adf4e0e63c574ffd
normal_dp1_dc1_ud0_nb0	290	2	0f3051d3fcbf1a41
normal_dp1_dc1_ud0_nb0	291	135	8b490a3145afbe02
normal_dp1_dc1_ud0_nb0	292	3	97def42dec590a3f
normal_dp1_dc1_ud0_nb0	293	118	d6ad307697e85869
normal_dp1_dc1_ud0_nb0	294	52	09f1110f71881ad6
normal_dp1_dc1_ud0_nb0	295	1	6d6c9be064bbef04
normal_dp1_dc1_ud0_nb0	296	126	45fd614c086277c8
normal_dp1_dc1_ud0_nb0	297	139	deca60664017310c
normal_dp1_dc1_ud0_nb0	298	2	b4231c8b8bf14136
normal_dp1_dc1_ud0_nb0	299	1	ec9a11734f43ecd8
normal_dp1_dc1_ud0_nb0	300	5	3f94bc087489c8e4
normal_dp1_dc1_ud0_nb0	301	42	4d07a7eda7d69947
normal_dp1_dc1_ud0_nb0	302	8	1e5b6fdd3a4d4e63
normal_dp1_dc1_ud0_nb0	303	6	adb56fe1642e028b
normal_dp1_dc1_ud0_nb0	304	5	e7fe22ccd9ba11f5
normal_dp1_dc1_ud0_nb0	305	22	00484b3979eb2cb5
normal_dp1_dc1_ud0_nb0	306	8	de2a57432debf637
normal_dp1_dc1_ud0_nb0	307	21	1d5ca5bd1b41f926
normal_dp1_dc1_ud0_nb0	308	120	3450f887471ec903
normal_dp1_dc1_ud0_nb0	309	2	49f285d1dbd9cded
normal_dp1_dc1_ud0_nb0	310	3	a19a9ddc616bc40b
normal_dp1_dc1_ud0_nb0	311	3	d22ff6030491e306
normal_dp1_dc1_ud0_nb0	312	49	c6186c8afdbd355a
normal_dp1_dc1_ud0_nb0	313	51	eb3c2db36574c6c6
normal_dp1_dc1_ud0_nb0	314	56	3e76425a6c6878cd
normal_dp1_dc1_ud0_nb0	315	1	1ab4e6773c971447
normal_dp1_dc1_ud0_nb0	316	130	490ae25debc8208b
normal_dp1_dc1_ud0_nb0	317	5	a57c653d40b9330e
normal_dp1_dc1_ud0_nb0	318	3	0be369303603bc54
normal_dp1_dc1_ud0_nb0	319	123	28c179c4c649fdd5
normal_dp1_dc1_ud0_nb0	320	26	c994bfb7552b74b5
normal_dp1_dc1_ud0_nb0	321	17	5b0a7dfff0b9c268
normal_dp1_dc1_ud0_nb0	322	53	d043eb405e3569e3
normal_dp1_dc1_ud0_nb0	323	18	f15b3365695f4f6c
normal_dp1_dc1_ud0_nb0	324	23	cb0649e27745997d
normal_dp1_dc1_ud0_nb0	325	6	ba61619909836ace
normal_dp1_dc1_ud0_nb0	326	49	8a9d531d9cb078f1
normal_dp1_dc1_ud0_nb0	327	3	d1fb661b574d678c
normal_dp1_dc1_ud0_nb0	328	7	564bb8edfe92bf9a
normal_dp1_dc1_ud0_nb0	329	2	461827dfc2a8b43f
normal_dp1_dc1_ud0_nb0	330	59	24d143c271d2927c
normal_dp1_dc1_ud0_nb0	331	1	a1b05ad8878eddbd
normal_dp1_dc1_ud0_nb0	332	50	cb72812b554fc6f0
normal_dp1_dc1_ud0_nb0	333	55	f2f1e5d882fb0c37
normal_dp1_dc1_ud0_nb0	334	119	e84de487078dc164
normal_dp1_dc1_ud0_nb0	335	18	d0dbfaf97facac8d
normal_dp1_dc1_ud0_nb0	336	49	c394ee78bacdd2d3
normal_dp1_dc1_ud0_nb0	337	8	027765e0cef51c1c
normal_dp1_dc1_ud0_nb0	338	49	9110733812730ca4
normal_dp1_dc1_ud0_nb0	339	61	b2587ba4323d77f8
normal_dp1_dc1_ud0_nb0	340	23	83cc50944a70869a
normal_dp1_dc1_ud0_nb0	341	2	ad98a9842eda811a
normal_dp1_dc1_ud0_nb0	342	25	336280dbb4f5bf4a
normal_dp1_dc1_ud0_nb0	343	136	0d6816d3a1fb872e
normal_dp1_dc1_ud0_nb0	344	6	5f1b071befe1b3b9
normal_dp1_dc1_ud0_nb0	345	24	a3c094ff70dad61f
normal_dp1_dc1_ud0_nb0	346	54	b955144e2bedda14
normal_dp1_dc1_ud0_nb0	347	2	73786eace44df5fe
normal_dp1_dc1_ud0_nb0	348	5	a3cd0c88ea908c0a
normal_dp1_dc1_ud0_nb0	349	19	7dd7b1bc55e0f86e
normal_dp1_dc1_ud0_nb0	350	8	677ae48c18a62575
normal_dp1_dc1_ud0_nb0	351	6	8f1fbe3d0f72da7e
normal_dp1_dc1_ud0_nb0	352	1	8424221c01ab377a
normal_dp1_dc1_ud0_nb0	353	21	86a46489ddb61ddd
normal_dp1_dc1_ud0_nb0	354	2	5bda2ca495a4ab74
normal_dp1_dc1_ud0_nb0	355	3	a581d4f3412436ff
normal_dp1_dc1_ud0_nb0	356	1	0de197205f786e7e
normal_dp1_dc1_ud0_nb0	357	18	75dd934b81e7c218
normal_dp1_dc1_ud0_nb0	358	2	f9fa6bf430f95da3
normal_dp1_dc1_ud0_nb0	359	2	2528591461d93ca8
normal_dp1_dc1_ud0_nb0	360	7	920d478d9a1f0969
normal_dp1_dc1_ud0_nb0	361	2	c6d90e3c7d693bdd
normal_dp1_dc1_ud0_nb0	362	50	f9f9ed136ec5db26
normal_dp1_dc1_ud0_nb0	363	120	c5ba63010cef303b
normal_dp1_dc1_ud0_nb0	364	7	ffd5dab670422ca6
normal_dp1_dc1_ud0_nb0	365	2	0acbb33a757090a6
normal_dp1_dc1_ud0_nb0	366	2	198c1f0846c5965f
normal_dp1_dc1_ud0_nb0	367	8	983f5743d9aa7e64
normal_dp1_dc1_ud0_nb0	368	1	eef15e6694a23b83
normal_dp1_dc1_ud0_nb0	369	19	b894b56cac22eb0f
normal_dp1_dc1_ud0_nb0	370	6	c2b6a6d77ac0c54c
normal_dp1_dc1_ud0_nb0	371	2	4cd07f8f33b23519
normal_dp1_dc1_ud0_nb0	372	3	97ef6c6486301c0d
normal_dp1_dc1_ud0_nb0	373	5	c45f4864686173b7
normal_dp1_dc1_ud0_nb0	374	52	1a029f9aab0e8da7
normal_dp1_dc1_ud0_nb0	375	47	18e59f2ad150c7a3
normal_dp1_dc1_ud0_nb0	376	8	a92efd60205398cf
normal_dp1_dc1_ud0_nb0	377	2	c417926d6aea0d9a
normal_dp1_dc1_ud0_nb0	378	4	a06e054f270ac1cf
normal_dp1_dc1_ud0_nb0	379	8	f7bf4b46fdb7bfe6
normal_dp1_dc1_ud0_nb0	380	55	a7501b262b77a302
normal_dp1_dc1_ud0_nb0	381	3	b1f6b2765a452e84
normal_dp1_dc1_ud0_nb0	382	2	ee235b847f480214
normal_dp1_dc1_ud0_nb0	383	2	1ca0393d8d48778c
normal_dp1_dc1_ud0_nb0	384	2	17487eeaec684a5e
normal_dp1_dc1_ud0_nb0	385	2	60e9a85e50134bc4
normal_dp1_dc1_ud0_nb0	386	123	2363f3e600277ba7
normal_dp1_dc1_ud0_nb0	387	8	733e113fa41c4d5b
normal_dp1_dc1_ud0_nb0	388	64	afd9317a2211d0fa
normal_dp1_dc1_ud0_nb0	389	43	6c88adf900ed1e8a
normal_dp1_dc1_ud0_nb0	390	7	1e514b22b438dfa3
normal_dp1_dc1_ud0_nb0	391	7	109224eb648dc612
normal_dp1_dc1_ud0_nb0	392	16	98dda3e153eadd6a
normal_dp1_dc1_ud0_nb0	393	7	0ab9a0f8602eac2c
normal_dp1_dc1_ud0_nb0	394	2	9e5b2dc50953735f
normal_dp1_dc1_ud0_nb0	395	4	6122c00846bbbbae
normal_dp1_dc1_ud0_nb0	396	18	331d40996af64802
normal_dp1_dc1_ud0_nb0	397	49	c0a03acee2fc370f
normal_dp1_dc1_ud0_nb0	398	144	3c7078f9bd1b86a3
normal_dp1_dc1_ud0_nb0	399	4	3f607be684c580de
normal_dp1_dc1_ud0_nb2000	0	2	fe3877f9123caf6f
normal_dp1_dc1_ud0_nb2000	1	17	1cc9be5912e1ae61
normal_dp1_dc1_ud0_nb2000	2	141	ac3c65f9002788b7
normal_dp1_dc1_ud0_nb2000	3	3	04752421978926ff
normal_dp1_dc1_ud0_nb2000	4	53	231ed8efa9d8a32b
normal_dp1_dc1_ud0_nb2000	5	3	35c41a2159b89123
normal_dp1_dc1_ud0_nb2000	6	52	d87d0872a8e6d4f9
normal_dp1_dc1_ud0_nb2000	7	126	177df46e6614f588
normal_dp1_dc1_ud0_nb2000	8	117	baec0283eb54f335
normal_dp1_dc1_ud0_nb2000	9	52	05ad8267fd4a5703
normal_dp1_dc1_ud0_nb2000	10	48	fe7fadbdd74c14b4
normal_dp1_dc1_ud0_nb2000	11	60	203cb72076576f8f
normal_dp1_dc1_ud0_nb2000	12	5	cd9d2ab8d7d8e70b
normal_dp1_dc1_ud0_nb2000	13	1	8610e9dda182bf42
normal_dp1_dc1_ud0_nb2000	14	4	2e85190163e10d0c
normal_dp1_dc1_ud0_nb2000	15	4	5de2856cfbed0b06
normal_dp1_dc1_ud0_nb2000	16	24	3bd8cdd00c441549
normal_dp1_dc1_ud0_nb2000	17	2	5420621e61e6b2de
normal_dp1_dc1_ud0_nb2000	18	4	58a764840892cede
normal_dp1_dc1_ud0_nb2000	19	1	9063f58a9e418e90
normal_dp1_dc1_ud0_nb2000	20	46	265daf9d43ef5b38
normal_dp1_dc1_ud0_nb2000	21	46	bd3620f70fc16b57
normal_dp1_dc1_ud0_nb2000	22	2	b2b47f5335448eeb
normal_dp1_dc1_ud0_nb2000	23	115	2bab040c1ff42fa2
normal_dp1_dc1_ud0_nb2000	24	2	4ee24f53fa50f5fb
normal_dp1_dc1_ud0_nb2000	25	2	210c11ef7723c39c
normal_dp1_dc1_ud0_nb2000	26	22	c7e89938e8bdb34a
normal_dp1_dc1_ud0_nb2000	27	2	7a76b7ba3a15016d
normal_dp1_dc1_ud0_nb2000	28	3	2b3be05945eccc6d
normal_dp1_dc1_ud0_nb2000	29	1	cb04c009a7a0f623
normal_dp1_dc1_ud0_nb2000	30	5	69ec4105565c89a1
normal_dp1_dc1_ud0_nb2000	31	2	115a740f9cd9a619
normal_dp1_dc1_ud0_nb2000	32	124	d1ac19078fbca1a2
normal_dp1_dc1_ud0_nb2000	33	3	fb073d01787c3389
normal_dp1_dc1_ud0_nb2000	34	4	19a003b39818982e
normal_dp1_dc1_ud0_nb2000	35	117	cc484c421fad78f7
normal_dp1_dc1_ud0_nb2000	36	7	e5b73009a55ad265
normal_dp1_dc1_ud0_nb2000	37	63	9a7e0f205dd07083
normal_dp1_dc1_ud0_nb2000	38	19	2c8451cfc18a034d
normal_dp1_dc1_ud0_nb2000	39	117	c681a3387c7a74c2
normal_dp1_dc1_ud0_nb2000	40	131	a3a356cd287dded0
normal_dp1_dc1_ud0_nb2000	41	24	7cd28e4b74c4982e
normal_dp1_dc1_ud0_nb2000	42	8	d478843d9d8f0829
normal_dp1_dc1_ud0_nb2000	43	1	5b21a5ec2f985d77
normal_dp1_dc1_ud0_nb2000	44	2	8946d53fe3b107ce
normal_dp1_dc1_ud0_nb2000	45	7	bcd0e6f6073295b3
normal_dp1_dc1_ud0_nb2000	46	17	2b3f0e64de30d21f
normal_dp1_dc1_ud0_nb2000	47	54	a8a3b53a2cf5f180
normal_dp1_dc1_ud0_nb2000	48	5	fbbc98c0c89a3eb6
normal_dp1_dc1_ud0_nb2000	49	4	682fb7ad4c45f435
normal_dp1_dc1_ud0_nb2000	50	3	fd89f6049da2aafa
normal_dp1_dc1_ud0_nb2000	51	23	9f735a1929b5126d
normal_dp1_dc1_ud0_nb2000	52	2	fd08e8dd823f631e
normal_dp1_dc1_ud0_nb2000	53	6	b61b87c29ab88279
normal_dp1_dc1_ud0_nb2000	54	3	662b542a83cdcabd
normal_dp1_dc1_ud0_nb2000	55	52	234e860adfe14831
normal_dp1_dc1_ud0_nb2000	56	9	21ef0eff9bc27471
normal_dp1_dc1_ud0_nb2000	57	2	d8c21a02c79c5d2f
normal_dp1_dc1_ud0_nb2000	58	3	6a5b37258e941d28
normal_dp1_dc1_ud0_nb2000	59	20	54a57894686b93d5
normal_dp1_dc1_ud0_nb2000	60	3	90e544c7aa820b5e
normal_dp1_dc1_ud0_nb2000	61	2	50c0e5e565e77d9f
normal_dp1_dc1_ud0_nb2000	62	3	490e58d435ecad3e
normal_dp1_dc1_ud0_nb2000	63	17	20f8b027f1304aa0
normal_dp1_dc1_ud0_nb2000	64	45	f9cb6581e07fc3d2
normal_dp1_dc1_ud0_nb2000	65	5	ef54a424735e7ba8
normal_dp1_dc1_ud0_nb2000	66	2	183418e639303309
normal_dp1_dc1_ud0_nb2000	67	6	8259cff31eddaa7e
normal_dp1_dc1_ud0_nb2000	68	5	3c9e4c88094cbbfb
normal_dp1_dc1_ud0_nb2000	69	51	d6a9301b4677c64e
normal_dp1_dc1_ud0_nb2000	70	6	de8c5f9d34bede0d
normal_dp1_dc1_ud0_nb2000	71	11	8c30854b80cbff79
normal_dp1_dc1_ud0_nb2000	72	18	8b2fdeecc5367d2e
normal_dp1_dc1_ud0_nb2000	73	43	99ca928933e56269
normal_dp1_dc1_ud0_nb2000	74	2	c00d92a30f546d81
normal_dp1_dc1_ud0_nb2000	75	2	60d11ac02cca1f5c
normal_dp1_dc1_ud0_nb2000	76	51	11fa9227fb4e86b2
normal_dp1_dc1_ud0_nb2000	77	2	72f99e536ffd074b
normal_dp1_dc1_ud0_nb2000	78	2	8a316a4cbf248e78
normal_dp1_dc1_ud0_nb2000	79	12	5de65479b9535c0a
normal_dp1_dc1_ud0_nb2000	80	1	52b4ae3df5b68646
normal_dp1_dc1_ud0_nb2000	81	6	ff827455272f1a80
normal_dp1_dc1_ud0_nb2000	82	126	be94994222a56215
normal_dp1_dc1_ud0_nb2000	83	4	18c6172a2b20dab9
normal_dp1_dc1_ud0_nb2000	84	3	98be6817fedd840d
normal_dp1_dc1_ud0_nb2000	85	51	7b66c3af2a7bfb21
normal_dp1_dc1_ud0_nb2000	86	6	18191c8901aa16ba
normal_dp1_dc1_ud0_nb2000	87	19	60571d37f85a477d
normal_dp1_dc1_ud0_nb2000	88	21	213fe18ea9153a96
normal_dp1_dc1_ud0_nb2000	89	134	b39b4cfea77dea9b
normal_dp1_dc1_ud0_nb2000	90	2	7ac3584624571a10
normal_dp1_dc1_ud0_nb2000	91	120	4617f3464f02f61f
normal_dp1_dc1_ud0_nb2000	92	4	60bbda28de9b1fb0
normal_dp1_dc1_ud0_nb2000	93	6	8041e288b4fe476e
normal_dp1_dc1_ud0_nb2000	94	6	98a1472c66a9b589
normal_dp1_dc1_ud0_nb2000	95	114	c29733516dc9eda3
normal_dp1_dc1_ud0_nb2000	96	60	290661cebc03fa8c
normal_dp1_dc1_ud0_nb2000	97	5	61d9d102b34e1726
normal_dp1_dc1_ud0_nb2000	98	3	66accd03b9beeea3
normal_dp1_dc1_ud0_nb2000	99	7	9082acb1aa570b2b
normal_dp1_dc1_ud0_nb2000	100	6	bd521a92b18247d9
normal_dp1_dc1_ud0_nb2000	101	2	3ff37d05d9e89fc7
normal_dp1_dc1_ud0_nb2000	102	47	330a4fb43bca84d2
normal_dp1_dc1_ud0_nb2000	103	24	8dbfd0dcb9e727a8
normal_dp1_dc1_ud0_nb2000	104	1	2aa86b7d09c4fa67
normal_dp1_dc1_ud0_nb2000	105	2	5e1645b8765c83f3
normal_dp1_dc1_ud0_nb2000	106	19	a0ffab9c0ede9e36
normal_dp1_dc1_ud0_nb2000	107	135	9cce8ac0d0dae71d
normal_dp1_dc1_ud0_nb2000	108	47	51bc2ffa8f878d3e
normal_dp1_dc1_ud0_nb2000	109	20	ce9630af81038d40
normal_dp1_dc1_ud0_nb2000	110	5	0929f46f2e6878c7
normal_dp1_dc1_ud0_nb2000	111	3	01911c6ee2172564
normal_dp1_dc1_ud0_nb2000	112	3	616126a74fbcf785
normal_dp1_dc1_ud0_nb2000	113	1	ce908bdfd8c62477
normal_dp1_dc1_ud0_nb2000	114	108	72cec2fd2a318a96
normal_dp1_dc1_ud0_nb2000	115	2	4190c4e5c47f9001
normal_dp1_dc1_ud0_nb2000	116	2	5f2151cdb5d26008
normal_dp1_dc1_ud0_nb2000	117	118	21a2db542954b17c
normal_dp1_dc1_ud0_nb2000	118	122	42ec38396f200a32
normal_dp1_dc1_ud0_nb2000	119	2	fa3b1b21769c99bc
normal_dp1_dc1_ud0_nb2000	120	116	35601a5bce93682a
normal_dp1_dc1_ud0_nb2000	121	58	ae3f2dd8ef307367
normal_dp1_dc1_ud0_nb2000	122	135	e3ffd083e61b6925
normal_dp1_dc1_ud0_nb2000	123	2	737f3e1167508935
normal_dp1_dc1_ud0_nb2000	124	52	f43a6b6f4b8b2a33
normal_dp1_dc1_ud0_nb2000	125	4	3ec7510780c15cda
normal_dp1_dc1_ud0_nb2000	126	7	dabb0cde215466ff
normal_dp1_dc1_ud0_nb2000	127	2	814dccc6d2006e69
normal_dp1_dc1_ud0_nb2000	128	19	1b0c044a9b82bcb7
normal_dp1_dc1_ud0_nb2000	129	53	3aeddd11fbdb7fb5
normal_dp1_dc1_ud0_nb2000	130	2	af2325e713679114
normal_dp1_dc1_ud0_nb2000	131	121	d4fc36b5420247c0
normal_dp1_dc1_ud0_nb2000	132	127	60e36fb99a463e44
normal_dp1_dc1_ud0_nb2000	133	2	80af669c13559a46
normal_dp1_dc1_ud0_nb2000	134	9	c86de27979b93c2e
normal_dp1_dc1_ud0_nb2000	135	1	4f4429788037f093
normal_dp1_dc1_ud0_nb2000	136	2	cff4c6b51ab8d1e1
normal_dp1_dc1_ud0_nb2000	137	3	1dc709adf506815a
normal_dp1_dc1_ud0_nb2000	138	121	cb190c96f4ebe529
normal_dp1_dc1_ud0_nb2000	139	118	83a9707cbe0fe875
normal_dp1_dc1_ud0_nb2000	140	5	d0eb69f59bc41631
normal_dp1_dc1_ud0_nb2000	141	5	e012e7b369b410f6
normal_dp1_dc1_ud0_nb2000	142	7	7f1078ad70fd6600
normal_dp1_dc1_ud0_nb2000	143	2	6ff6b8bc6619ae66
normal_dp1_dc1_ud0_nb2000	144	7	e2b7e4ea969c25b3
normal_dp1_dc1_ud0_nb2000	145	41	2220f95de36de30a
normal_dp1_dc1_ud0_nb2000	146	59	06c4818e6d885599
normal_dp1_dc1_ud0_nb2000	147	14	286cf56322bdea4f
normal_dp1_dc1_ud0_nb2000	148	18	797306ee66936809
normal_dp1_dc1_ud0_nb2000	149	2	0e7a7d4215ecf15a
normal_dp1_dc1_ud0_nb2000	150	4	a8d155a0060fcc7c
normal_dp1_dc1_ud0_nb2000	151	5	29ec5580ac044ccc
normal_dp1_dc1_ud0_nb2000	152	58	ef8dd40aa870f49f
normal_dp1_dc1_ud0_nb2000	153	139	84be2b69e5076913
normal_dp1_dc1_ud0_nb2000	154	2	60a2b5c9c2e0e62a
normal_dp1_dc1_ud0_nb2000	155	52	bed33b65cc7f23f2
normal_dp1_dc1_ud0_nb2000	156	22	744e6054cf572359
normal_dp1_dc1_ud0_nb2000	157	3	6a36bc7972855e92
normal_dp1_dc1_ud0_nb2000	158	3	c66d8bfa148e1a07
normal_dp1_dc1_ud0_nb2000	159	50	0a23b5918db9d03a
normal_dp1_dc1_ud0_nb2000	160	7	af225a9e313bd07a
normal_dp1_dc1_ud0_nb2000	161	2	a1619a4837419d10
normal_dp1_dc1_ud0_nb2000	162	125	3bfeda8616fd7a33
normal_dp1_dc1_ud0_nb2000	163	7	806ea40904ff7eeb
normal_dp1_dc1_ud0_nb2000	164	2	e08c08885d04564b
normal_dp1_dc1_ud0_nb2000	165	3	5c538693c1431f4b
normal_dp1_dc1_ud0_nb2000	166	135	ec79d74af16bc426
normal_dp1_dc1_ud0_nb2000	167	55	d53de6136e57a64f
normal_dp1_dc1_ud0_nb2000	168	2	7f186e27c595ab14
normal_dp1_dc1_ud0_nb2000	169	8	50b094fe969e79f8
normal_dp1_dc1_ud0_nb2000	170	2	9a10e7aed7584972
normal_dp1_dc1_ud0_nb2000	171	50	b513722b1ad762cb
normal_dp1_dc1_ud0_nb2000	172	5	fc512fe2c21e0fa5
normal_dp1_dc1_ud0_nb2000	173	6	19b5bf88aa1621da
normal_dp1_dc1_ud0_nb2000	174	15	cfa182e0ef896a8b
normal_dp1_dc1_ud0_nb2000	175	2	72c15ba8f0c9d153
normal_dp1_dc1_ud0_nb2000	176	134	e02da8a930edbd7f
normal_dp1_dc1_ud0_nb2000	177	2	bd0ecdb7188c9a68
normal_dp1_dc1_ud0_nb2000	178	2	edb8b080a73ec176
normal_dp1_dc1_ud0_nb2000	179	42	0467417239e699e3
normal_dp1_dc1_ud0_nb2000	180	123	1e9dda303380d35c
normal_dp1_dc1_ud0_nb2000	181	57	f6726eb4f74738a0
normal_dp1_dc1_ud0_nb2000	182	6	b5bec723cdeb5f21
normal_dp1_dc1_ud0_nb2000	183	2	f715da348003fd36
normal_dp1_dc1_ud0_nb2000	184	7	1f54f8727150652f
normal_dp1_dc1_ud0_nb2000	185	115	a235830b27cabe55
normal_dp1_dc1_ud0_nb2000	186	2	f4c5fe0c958f3e6d
normal_dp1_dc1_ud0_nb2000	187	46	73414677bf931c21
normal_dp1_dc1_ud0_nb2000	188	3	497372c349c1b597
normal_dp1_dc1_ud0_nb2000	189	3	4275562cef33e65f
normal_dp1_dc1_ud0_nb2000	190	3	01ea72aab73b6f2d
normal_dp1_dc1_ud0_nb2000	191	136	af36bb7983edde43
normal_dp1_dc1_ud0_nb2000	192	5	ae1a712b3ffd0260
normal_dp1_dc1_ud0_nb2000	193	3	9d88783521a38ff1
normal_dp1_dc1_ud0_nb2000	194	48	fe02a604461b26a4
normal_dp1_dc1_ud0_nb2000	195	45	5c80478cf09b8ce8
normal_dp1_dc1_ud0_nb2000	196	133	34b973f333041fb5
normal_dp1_dc1_ud0_nb2000	197	7	d29623dcd610ad0f
normal_dp1_dc1_ud0_nb2000	198	2	9ae12495235be9b1
normal_dp1_dc1_ud0_nb2000	199	9	bb624c201e4e9cc4
normal_dp1_dc1_ud0_nb2000	200	55	be174d9e231cd8f9
normal_dp1_dc1_ud0_nb2000	201	5	35f561dd999af5d4
normal_dp1_dc1_ud0_nb2000	202	3	9867b26f89bd75b4
normal_dp1_dc1_ud0_nb2000	203	18	226e3d31443203c5
normal_dp1_dc1_ud0_nb2000	204	48	c80c7983e2d11749
normal_dp1_dc1_ud0_nb2000	205	9	d4ae11a0420b041b
normal_dp1_dc1_ud0_nb2000	206	136	dbf51918bf676caa
normal_dp1_dc1_ud0_nb2000	207	59	d54f55c0394b7ef2
normal_dp1_dc1_ud0_nb2000	208	45	e46aa4b65ae02a25
normal_dp1_dc1_ud0_nb2000	209	2	7e406aca15207b29
normal_dp1_dc1_ud0_nb2000	210	2	4143f74e30e91d3c
normal_dp1_dc1_ud0_nb2000	211	8	578b5a7244c9cf66
normal_dp1_dc1_ud0_nb2000	212	9	e7c15e9c132f5e9f
normal_dp1_dc1_ud0_nb2000	213	3	edd5359814ad33df
normal_dp1_dc1_ud0_nb2000	214	15	a0861d4f20b809f4
normal_dp1_dc1_ud0_nb2000	215	5	74ba7792595c3310
normal_dp1_dc1_ud0_nb2000	216	47	05d276b1de2b1520
normal_dp1_dc1_ud0_nb2000	217	6	46526c287d5945e7
normal_dp1_dc1_ud0_nb2000	218	7	8985312184445782
normal_dp1_dc1_ud0_nb2000	219	4	dd2e7bf50bbc166f
normal_dp1_dc1_ud0_nb2000	220	14	31b6dd99f833b867
normal_dp1_dc1_ud0_nb2000	221	7	ade4e2b9128d0a25
normal_dp1_dc1_ud0_nb2000	222	2	155847d504fd75bd
normal_dp1_dc1_ud0_nb2000	223	2	4dbbca2216f7ac7b
normal_dp1_dc1_ud0_nb2000	224	4	3eb10ddb53008a08
normal_dp1_dc1_ud0_nb2000	225	2	2832a96cf84da5d8
normal_dp1_dc1_ud0_nb2000	226	128	7ba47bc2232da8f0
normal_dp1_dc1_ud0_nb2000	227	1	46eb868fb6e063a1
normal_dp1_dc1_ud0_nb2000	228	22	69c3dd6270d972ab
normal_dp1_dc1_ud0_nb2000	229	3	fbdd82a8dd59592c
normal_dp1_dc1_ud0_nb2000	230	41	86049af10fcb5446
normal_dp1_dc1_ud0_nb2000	231	4	0f4f24f624930d64
normal_dp1_dc1_ud0_nb2000	232	2	8266c8aed1bb63ae
normal_dp1_dc1_ud0_nb2000	233	26	5187808aff5433aa
normal_dp1_dc1_ud0_nb2000	234	2	e4ca63a93d69cb1f
normal_dp1_dc1_ud0_nb2000	235	41	dbf186e38664e18c
normal_dp1_dc1_ud0_nb2000	236	2	d481bfb675d614dd
normal_dp1_dc1_ud0_nb2000	237	3	51749904d3065bf0
normal_dp1_dc1_ud0_nb2000	238	19	8833eace39f7c5ce
normal_dp1_dc1_ud0_nb2000	239	2	4b70e50b8edc6292
normal_dp1_dc1_ud0_nb2000	240	4	11399b68410123df
normal_dp1_dc1_ud0_nb2000	241	3	b2635722d8d798e2
normal_dp1_dc1_ud0_nb2000	242	5	dcae176c8012b891
normal_dp1_dc1_ud0_nb2000	243	17	3220613e19ad51ec
normal_dp1_dc1_ud0_nb2000	244	2	a4dda3ae9e4f0f85
normal_dp1_dc1_ud0_nb2000	245	20	ed362c1051d17f0d
normal_dp1_dc1_ud0_nb2000	246	128	65ae3e2cb248556c
normal_dp1_dc1_ud0_nb2000	247	3	e0853c840dd1fdaf
normal_dp1_dc1_ud0_nb2000	248	48	b40a9b6fd6af7eae
normal_dp1_dc1_ud0_nb2000	249	133	24e28927f3f9ec0f
normal_dp1_dc1_ud0_nb2000	250	55	b2bf885d9ea9f8c0
normal_dp1_dc1_ud0_nb2000	251	54	6ecdef06fc50bb37
normal_dp1_dc1_ud0_nb2000	252	5	8c963a2c9ca6b239
normal_dp1_dc1_ud0_nb2000	253	5	68447a6baef27bb5
normal_dp1_dc1_ud0_nb2000	254	6	5d4c55fc5ab69382
normal_dp1_dc1_ud0_nb2000	255	50	e9d2419169658411
normal_dp1_dc1_ud0_nb2000	256	2	551a63c2d76181f6
normal_dp1_dc1_ud0_nb2000	257	9	356ed3703e436ed3
normal_dp1_dc1_ud0_nb2000	258	62	8f593e0029a61a3f
normal_dp1_dc1_ud0_nb2000	259	21	2137a94346edfa43
normal_dp1_dc1_ud0_nb2000	260	2	adbb7c7175eb6e52
normal_dp1_dc1_ud0_nb2000	261	2	f76307a603dd2a5d
normal_dp1_dc1_ud0_nb2000	262	4	c2feb94c266cb896
normal_dp1_dc1_ud0_nb2000	263	4	26ad5b1db2402826
normal_dp1_dc1_ud0_nb2000	264	23	f3ebca8b04b2c17e
normal_dp1_dc1_ud0_nb2000	265	3	9f8d916961924fb4
normal_dp1_dc1_ud0_nb2000	266	4	bb31c52b28bb81b0
normal_dp1_dc1_ud0_nb2000	267	3	318574d728fb4773
normal_dp1_dc1_ud0_nb2000	268	1	25aef9909dfea048
normal_dp1_dc1_ud0_nb2000	269	52	3e9f0b852e3e2122
normal_dp1_dc1_ud0_nb2000	270	21	52e5c23aef9a7c88
normal_dp1_dc1_ud0_nb2000	271	117	6fa3c71816f6c58a
normal_dp1_dc1_ud0_nb2000	272	51	e7bea4115b7aa47f
normal_dp1_dc1_ud0_nb2000	273	2	6f51285605f5b665
normal_dp1_dc1_ud0_nb2000	274	26	7689d104468df279
normal_dp1_dc1_ud0_nb2000	275	3	33846b194a9c5819
normal_dp1_dc1_ud0_nb2000	276	128	13e8d2360b36ef62
normal_dp1_dc1_ud0_nb2000	277	7	8c70cecc8aa87c82
normal_dp1_dc1_ud0_nb2000	278	114	24ef7f9c9cbe2191
normal_dp1_dc1_ud0_nb2000	279	24	1df639b36edc2fb3
normal_dp1_dc1_ud0_nb2000	280	3	20205e6f2da9609c
normal_dp1_dc1_ud0_nb2000	281	1	3abc652ea33e17a5
normal_dp1_dc1_ud0_nb2000	282	2	9a10022c0daaddb3
normal_dp1_dc1_ud0_nb2000	283	18	b5d03e8ca31bb60b
normal_dp1_dc1_ud0_nb2000	284	5	33be49397f38c1c0
normal_dp1_dc1_ud0_nb2000	285	15	c5e1c9d0dc12576e
normal_dp1_dc1_ud0_nb2000	286	10	ffcd04acf22df2f6
normal_dp1_dc1_ud0_nb2000	287	138	17e8a6987b142751
normal_dp1_dc1_ud0_nb2000	288	4	79393d37bfeeb318
normal_dp1_dc1_ud0_nb2000	289	1	adf4e0e63c574ffd
normal_dp1_dc1_ud0_nb2000	290	2	0f3051d3fcbf1a41
normal_dp1_dc1_ud0_nb2000	291	135	8b490a3145afbe02
normal_dp1_dc1_ud0_nb2000	292	3	97def42dec590a3f
normal_dp1_dc1_ud0_nb2000	293	118	d6ad307697e85869
normal_dp1_dc1_ud0_nb2000	294	52	09f1110f71881ad6
normal_dp1_dc1_ud0_nb2000	295	1	6d6c9be064bbef04
normal_dp1_dc1_ud0_nb2000	296	126	45fd614c086277c8
normal_dp1_dc1_ud0_nb2000	297	139	6d09007002657394
normal_dp1_dc1_ud0_nb2000	298	2	b4231c8b8bf14136
normal_dp1_dc1_ud0_nb2000	299	1	ec9a11734f43ecd8
normal_dp1_dc1_ud0_nb2000	300	5	3f94bc087489c8e4
normal_dp1_dc1_ud0_nb2000	301	42	4d07a7eda7d69947
normal_dp1_dc1_ud0_nb2000	302	8	1e5b6fdd3a4d4e63
normal_dp1_dc1_ud0_nb2000	303	6	adb56fe1642e028b
normal_dp1_dc1_ud0_nb2000	304	5	e7fe22ccd9ba11f5
normal_dp1_dc1_ud0_nb2000	305	22	00484b3979eb2cb5
normal_dp1_dc1_ud0_nb2000	306	8	de2a57432debf637
normal_dp1_dc1_ud0_nb2000	307	21	1d5ca5bd1b41f926
normal_dp1_dc1_ud0_nb2000	308	122	6f5bd74f99384fd1
normal_dp1_dc1_ud0_nb2000	309	2	49f285d1dbd9cded
normal_dp1_dc1_ud0_nb2000	310	3	a19a9ddc616bc40b
normal_dp1_dc1_ud0_nb2000	311	3	d22ff6030491e306
normal_dp1_dc1_ud0_nb2000	312	49	c6186c8afdbd355a
normal_dp1_dc1_ud0_nb2000	313	51	eb3c2db36574c6c6
normal_dp1_dc1_ud0_nb2000	314	56	3e76425a6c6878cd
normal_dp1_dc1_ud0_nb2000	315	1	1ab4e6773c971447
normal_dp1_dc1_ud0_nb2000	316	130	3bc0aa689a2249c7
normal_dp1_dc1_ud0_nb2000	317	5	a57c653d40b9330e
normal_dp1_dc1_ud0_nb2000	318	3	0be369303603bc54
normal_dp1_dc1_ud0_nb2000	319	123	28c179c4c649fdd5
normal_dp1_dc1_ud0_nb2000	320	26	c994bfb7552b74b5
normal_dp1_dc1_ud0_nb2000	321	17	5b0a7dfff0b9c268
normal_dp1_dc1_ud0_nb2000	322	53	d043eb405e3569e3
normal_dp1_dc1_ud0_nb2000	323	18	f15b3365695f4f6c
normal_dp1_dc1_ud0_nb2000	324	23	cb0649e27745997d
normal_dp1_dc1_ud0_nb2000	325	6	ba61619909836ace
normal_dp1_dc1_ud0_nb2000	326	49	8a9d531d9cb078f1
normal_dp1_dc1_ud0_nb2000	327	3	d1fb661b574d678c
normal_dp1_dc1_ud0_nb2000	328	7	564bb8edfe92bf9a
normal_dp1_dc1_ud0_nb2000	329	2	461827dfc2a8b43f
normal_dp1_dc1_ud0_nb2000	330	59	24d143c271d2927c
normal_dp1_dc1_ud0_nb2000	331	1	a1b05ad8878eddbd
normal_dp1_dc1_ud0_nb2000	332	50	cb72812b554fc6f0
normal_dp1_dc1_ud0_nb2000	333	55	f2f1e5d882fb0c37
normal_dp1_dc1_ud0_nb2000	334	119	e84de487078dc164
normal_dp1_dc1_ud0_nb2000	335	18	d0dbfaf97facac8d
normal_dp1_dc1_ud0_nb2000	336	49	c394ee78bacdd2d3
normal_dp1_dc1_ud0_nb2000	337	8	027765e0cef51c1c
normal_dp1_dc1_ud0_nb2000	338	49	9110733812730ca4
normal_dp1_dc1_ud0_nb2000	339	63	abadfde216c22997
normal_dp1_dc1_ud0_nb2000	340	23	83cc50944a70869a
normal_dp1_dc1_ud0_nb2000	341	2	ad98a9842eda811a
normal_dp1_dc1_ud0_nb2000	342	25	336280dbb4f5bf4a
normal_dp1_dc1_ud0_nb2000	343	137	3ad4fb4915ea9472
normal_dp1_dc1_ud0_nb2000	344	6	5f1b071befe1b3b9
normal_dp1_dc1_ud0_nb2000	345	24	a3c094ff70dad61f
normal_dp1_dc1_ud0_nb2000	346	54	b955144e2bedda14
normal_dp1_dc1_ud0_nb2000	347	2	73786eace44df5fe
normal_dp1_dc1_ud0_nb2000	348	5	a3cd0c88ea908c0a
normal_dp1_dc1_ud0_nb2000	349	19	7dd7b1bc55e0f86e
normal_dp1_dc1_ud0_nb2000	350	8	677ae48c18a62575
normal_dp1_dc1_ud0_nb2000	351	6	8f1fbe3d0f72da7e
normal_dp1_dc1_ud0_nb2000	352	1	8424221c01ab377a
normal_dp1_dc1_ud0_nb2000	353	21	86a46489ddb61ddd
normal_dp1_dc1_ud0_nb2000	354	2	5bda2ca495a4ab74
normal_dp1_dc1_ud0_nb2000	355	3	a581d4f3412436ff
normal_dp1_dc1_ud0_nb2000	356	1	0de197205f786e7e
normal_dp1_dc1_ud0_nb2000	357	18	75dd934b81e7c218
normal_dp1_dc1_ud0_nb2000	358	2	f9fa6bf430f95da3
normal_dp1_dc1_ud0_nb2000	359	2	2528591461d93ca8
normal_dp1_dc1_ud0_nb2000	360	7	920d478d9a1f0969
normal_dp1_dc1_ud0_nb2000	361	2	c6d90e3c7d693bdd
normal_dp1_dc1_ud0_nb2000	362	51	f4f8c29d62689b89
normal_dp1_dc1_ud0_nb2000	363	120	c5ba63010cef303b
normal_dp1_dc1_ud0_nb2000	364	7	ffd5dab670422ca6
normal_dp1_dc1_ud0_nb2000	365	2	0acbb33a757090a6
normal_dp1_dc1_ud0_nb2000	366	2	198c1f0846c5965f
normal_dp1_dc1_ud0_nb2000	367	8	983f5743d9aa7e64
normal_dp1_dc1_ud0_nb2000	368	1	eef15e6694a23b83
normal_dp1_dc1_ud0_nb2000	369	19	b894b56cac22eb0f
normal_dp1_dc1_ud0_nb2000	370	6	c2b6a6d77ac0c54c
normal_dp1_dc1_ud0_nb2000	371	2	4cd07f8f33b23519
normal_dp1_dc1_ud0_nb2000	372	3	97ef6c6486301c0d
normal_dp1_dc1_ud0_nb2000	373	5	c45f4864686173b7
normal_dp1_dc1_ud0_nb2000	374	52	1a029f9aab0e8da7
normal_dp1_dc1_ud0_nb2000	375	47	18e59f2ad150c7a3
normal_dp1_dc1_ud0_nb2000	376	8	a92efd60205398cf
normal_dp1_dc1_ud0_nb2000	377	2	c417926d6aea0d9a
normal_dp1_dc1_ud0_nb2000	378	4	a06e054f270ac1cf
normal_dp1_dc1_ud0_nb2000	379	8	f7bf4b46fdb7bfe6
normal_dp1_dc1_ud0_nb2000	380	55	a7501b262b77a302
normal_dp1_dc1_ud0_nb2000	381	3	b1f6b2765a452e84
normal_dp1_dc1_ud0_nb2000	382	2	ee235b847f480214
normal_dp1_dc1_ud0_nb2000	383	2	1ca0393d8d48778c
normal_dp1_dc1_ud0_nb2000	384	2	17487eeaec684a5e
normal_dp1_dc1_ud0_nb2000	385	2	60e9a85e50134bc4
normal_dp1_dc1_ud0_nb2000	386	123	2363f3e600277ba7
normal_dp1_dc1_ud0_nb2000	387	8	733e113fa41c4d5b
normal_dp1_dc1_ud0_nb2000	388	64	afd9317a2211d0fa
normal_dp1_dc1_ud0_nb2000	389	43	6c88adf900ed1e8a
normal_dp1_dc1_ud0_nb2000	390	7	1e514b22b438dfa3
normal_dp1_dc1_ud0_nb2000	391	7	109224eb648dc612
normal_dp1_dc1_ud0_nb2000	392	16	98dda3e153eadd6a
normal_dp1_dc1_ud0_nb2000	393	7	0ab9a0f8602eac2c
normal_dp1_dc1_ud0_nb2000	394	2	9e5b2dc50953735f
normal_dp1_dc1_ud0_nb2000	395	4	6122c00846bbbbae
normal_dp1_dc1_ud0_nb2000	396	18	331d40996af64802
normal_dp1_dc1_ud0_nb2000	397	49	c0a03acee2fc370f
normal_dp1_dc1_ud0_nb2000	398	144	3c7078f9bd1b86a3
normal_dp1_dc1_ud0_nb2000	399	4	3f607be684c580de
normal_dp1_dc1_ud1_nb0	0	2	fe3877f9123caf6f
normal_dp1_dc1_ud1_nb0	1	17	1cc9be5912e1ae61
normal_dp1_dc1_ud1_nb0	2	143	133de218ceaf90ee
normal_dp1_dc1_ud1_nb0	3	3	04752421978926ff
normal_dp1_dc1_ud1_nb0	4	53	5c06eb5028c13b67
normal_dp1_dc1_ud1_nb0	5	3	35c41a2159b89123
normal_dp1_dc1_ud1_nb0	6	52	d87d0872a8e6d4f9
normal_dp1_dc1_ud1_nb0	7	136	f4ca3178a5033d1b
normal_dp1_dc1_ud1_nb0	8	117	baec0283eb54f335
normal_dp1_dc1_ud1_nb0	9	52	05ad8267fd4a5703
normal_dp1_dc1_ud1_nb0	10	48	fe7fadbdd74c14b4
normal_dp1_dc1_ud1_nb0	11	60	203cb72076576f8f
normal_dp1_dc1_ud1_nb0	12	5	cd9d2ab8d7d8e70b
normal_dp1_dc1_ud1_nb0	13	1	8610e9dda182bf42
normal_dp1_dc1_ud1_nb0	14	4	2e85190163e10d0c
normal_dp1_dc1_ud1_nb0	15	4	5de2856cfbed0b06
normal_dp1_dc1_ud1_nb0	16	26	1e79ba560ed9e810
normal_dp1_dc1_ud1_nb0	17	2	5420621e61e6b2de
normal_dp1_dc1_ud1_nb0	18	4	58a764840892cede
normal_dp1_dc1_ud1_nb0	19	1	9063f58a9e418e90
normal_dp1_dc1_ud1_nb0	20	46	265daf9d43ef5b38
normal_dp1_dc1_ud1_nb0	21	48	c10b4c70718969a6
normal_dp1_dc1_ud1_nb0	22	2	b2b47f5335448eeb
normal_dp1_dc1_ud1_nb0	23	115	2bab040c1ff42fa2
normal_dp1_dc1_ud1_nb0	24	2	4ee24f53fa50f5fb
normal_dp1_dc1_ud1_nb0	25	2	210c11ef7723c39c
normal_dp1_dc1_ud1_nb0	26	22	c7e89938e8bdb34a
normal_dp1_dc1_ud1_nb0	27	2	7a76b7ba3a15016d
normal_dp1_dc1_ud1_nb0	28	3	2b3be05945eccc6d
normal_dp1_dc1_ud1_nb0	29	1	cb04c009a7a0f623
normal_dp1_dc1_ud1_nb0	30	5	69ec4105565c89a1
normal_dp1_dc1_ud1_nb0	31	2	115a740f9cd9a619
normal_dp1_dc1_ud1_nb0	32	124	d1ac19078fbca1a2
normal_dp1_dc1_ud1_nb0	33	3	fb073d01787c3389
normal_dp1_dc1_ud1_nb0	34	4	19a003b39818982e
normal_dp1_dc1_ud1_nb0	35	117	cc484c421fad78f7
normal_dp1_dc1_ud1_nb0	36	7	e5b73009a55ad265
normal_dp1_dc1_ud1_nb0	37	63	9a7e0f205dd07083
normal_dp1_dc1_ud1_nb0	38	19	2c8451cfc18a034d
normal_dp1_dc1_ud1_nb0	39	115	b8ed45531c329ea2
normal_dp1_dc1_ud1_nb0	40	131	a3a356cd287dded0
normal_dp1_dc1_ud1_nb0	41	24	7cd28e4b74c4982e
normal_dp1_dc1_ud1_nb0	42	8	d478843d9d8f0829
normal_dp1_dc1_ud1_nb0	43	1	5b21a5ec2f985d77
normal_dp1_dc1_ud1_nb0	44	2	8946d53fe3b107ce
normal_dp1_dc1_ud1_nb0	45	7	bcd0e6f6073295b3
normal_dp1_dc1_ud1_nb0	46	17	2b3f0e64de30d21f
normal_dp1_dc1_ud1_nb0	47	56	6a3cb7a06c97a4b1
normal_dp1_dc1_ud1_nb0	48	5	fbbc98c0c89a3eb6
normal_dp1_dc1_ud1_nb0	49	4	682fb7ad4c45f435
normal_dp1_dc1_ud1_nb0	50	3	fd89f6049da2aafa
normal_dp1_dc1_ud1_nb0	51	23	9f735a1929b5126d
normal_dp1_dc1_ud1_nb0	52	2	fd08e8dd823f631e
normal_dp1_dc1_ud1_nb0	53	6	b61b87c29ab88279
normal_dp1_dc1_ud1_nb0	54	3	662b542a83cdcabd
normal_dp1_dc1_ud1_nb0	55	52	234e860adfe14831
normal_dp1_dc1_ud1_nb0	56	9	21ef0eff9bc27471
normal_dp1_dc1_ud1_nb0	57	2	d8c21a02c79c5d2f
normal_dp1_dc1_ud1_nb0	58	3	6a5b37258e941d28
normal_dp1_dc1_ud1_nb0	59	22	e6729083bcb023da
normal_dp1_dc1_ud1_nb0	60	3	90e544c7aa820b5e
normal_dp1_dc1_ud1_nb0	61	2	50c0e5e565e77d9f
normal_dp1_dc1_ud1_nb0	62	3	490e58d435ecad3e
normal_dp1_dc1_ud1_nb0	63	17	20f8b027f1304aa0
normal_dp1_dc1_ud1_nb0	64	45	f9cb6581e07fc3d2
normal_dp1_dc1_ud1_nb0	65	5	ef54a424735e7ba8
normal_dp1_dc1_ud1_nb0	66	2	183418e639303309
normal_dp1_dc1_ud1_nb0	67	6	8259cff31eddaa7e
normal_dp1_dc1_ud1_nb0	68	5	3c9e4c88094cbbfb
normal_dp1_dc1_ud1_nb0	69	53	dd383aa15bb640fd
normal_dp1_dc1_ud1_nb0	70	5	f08af93532a2f6cd
normal_dp1_dc1_ud1_nb0	71	11	8c30854b80cbff79
normal_dp1_dc1_ud1_nb0	72	18	8b2fdeecc5367d2e
normal_dp1_dc1_ud1_nb0	73	43	99ca928933e56269
normal_dp1_dc1_ud1_nb0	74	2	c00d92a30f546d81
normal_dp1_dc1_ud1_nb0	75	2	60d11ac02cca1f5c
normal_dp1_dc1_ud1_nb0	76	53	530e4256d9cd4b47
normal_dp1_dc1_ud1_nb0	77	2	72f99e536ffd074b
normal_dp1_dc1_ud1_nb0	78	2	8a316a4cbf248e78
normal_dp1_dc1_ud1_nb0	79	12	5de65479b9535c0a
normal_dp1_dc1_ud1_nb0	80	1	52b4ae3df5b68646
normal_dp1_dc1_ud1_nb0	81	6	ff827455272f1a80
normal_dp1_dc1_ud1_nb0	82	127	d7cde40ff0baf170
normal_dp1_dc1_ud1_nb0	83	4	18c6172a2b20dab9
normal_dp1_dc1_ud1_nb0	84	3	98be6817fedd840d
normal_dp1_dc1_ud1_nb0	85	51	7b66c3af2a7bfb21
normal_dp1_dc1_ud1_nb0	86	6	18191c8901aa16ba
normal_dp1_dc1_ud1_nb0	87	21	49b71f38ba9e4bc4
normal_dp1_dc1_ud1_nb0	88	21	213fe18ea9153a96
normal_dp1_dc1_ud1_nb0	89	136	af27eef295f1a94c
normal_dp1_dc1_ud1_nb0	90	2	7ac3584624571a10
normal_dp1_dc1_ud1_nb0	91	124	e23385536128f47d
normal_dp1_dc1_ud1_nb0	92	4	60bbda28de9b1fb0
normal_dp1_dc1_ud1_nb0	93	6	8041e288b4fe476e
normal_dp1_dc1_ud1_nb0	94	6	98a1472c66a9b589
normal_dp1_dc1_ud1_nb0	95	118	613395ed255bc361
normal_dp1_dc1_ud1_nb0	96	60	290661cebc03fa8c
normal_dp1_dc1_ud1_nb0	97	5	61d9d102b34e1726
normal_dp1_dc1_ud1_nb0	98	3	66accd03b9beeea3
normal_dp1_dc1_ud1_nb0	99	7	9082acb1aa570b2b
normal_dp1_dc1_ud1_nb0	100	6	bd521a92b18247d9
normal_dp1_dc1_ud1_nb0	101	2	3ff37d05d9e89fc7
normal_dp1_dc1_ud1_nb0	102	47	330a4fb43bca84d2
normal_dp1_dc1_ud1_nb0	103	26	b574cfbf39c8df45
normal_dp1_dc1_ud1_nb0	104	1	2aa86b7d09c4fa67
normal_dp1_dc1_ud1_nb0	105	2	5e1645b8765c83f3
normal_dp1_dc1_ud1_nb0	106	19	a0ffab9c0ede9e36
normal_dp1_dc1_ud1_nb0	107	137	7cfb7896630ebc02
normal_dp1_dc1_ud1_nb0	108	47	51bc2ffa8f878d3e
normal_dp1_dc1_ud1_nb0	109	22	011657ed451a5f69
normal_dp1_dc1_ud1_nb0	110	5	0929f46f2e6878c7
normal_dp1_dc1_ud1_nb0	111	3	01911c6ee2172564
normal_dp1_dc1_ud1_nb0	112	3	616126a74fbcf785
normal_dp1_dc1_ud1_nb0	113	1	ce908bdfd8c62477
normal_dp1_dc1_ud1_nb0	114	108	72cec2fd2a318a96
normal_dp1_dc1_ud1_nb0	115	2	4190c4e5c47f9001
normal_dp1_dc1_ud1_nb0	116	2	5f2151cdb5d26008
normal_dp1_dc1_ud1_nb0	117	118	21a2db542954b17c
normal_dp1_dc1_ud1_nb0	118	128	83a5abf620e41737
normal_dp1_dc1_ud1_nb0	119	2	fa3b1b21769c99bc
normal_dp1_dc1_ud1_nb0	120	116	35601a5bce93682a
normal_dp1_dc1_ud1_nb0	121	58	ae3f2dd8ef307367
normal_dp1_dc1_ud1_nb0	122	139	c074e63f1c3a9c3f
normal_dp1_dc1_ud1_nb0	123	2	737f3e1167508935
normal_dp1_dc1_ud1_nb0	124	52	f43a6b6f4b8b2a33
normal_dp1_dc1_ud1_nb0	125	4	3ec7510780c15cda
normal_dp1_dc1_ud1_nb0	126	7	dabb0cde215466ff
normal_dp1_dc1_ud1_nb0	127	2	814dccc6d2006e69
normal_dp1_dc1_ud1_nb0	128	19	1b0c044a9b82bcb7
normal_dp1_dc1_ud1_nb0	129	53	3aeddd11fbdb7fb5
normal_dp1_dc1_ud1_nb0	130	2	af2325e713679114
normal_dp1_dc1_ud1_nb0	131	121	d4fc36b5420247c0
normal_dp1_dc1_ud1_nb0	132	130	91371ff452b5770b
normal_dp1_dc1_ud1_nb0	133	2	80af669c13559a46
normal_dp1_dc1_ud1_nb0	134	9	c86de27979b93c2e
normal_dp1_dc1_ud1_nb0	135	1	4f4429788037f093
normal_dp1_dc1_ud1_nb0	136	2	cff4c6b51ab8d1e1
normal_dp1_dc1_ud1_nb0	137	3	1dc709adf506815a
normal_dp1_dc1_ud1_nb0	138	121	cb190c96f4ebe529
normal_dp1_dc1_ud1_nb0	139	122	89a3ea356bdf566b
normal_dp1_dc1_ud1_nb0	140	5	d0eb69f59bc41631
normal_dp1_dc1_ud1_nb0	141	5	e012e7b369b410f6
normal_dp1_dc1_ud1_nb0	142	7	7f1078ad70fd6600
normal_dp1_dc1_ud1_nb0	143	2	6ff6b8bc6619ae66
normal_dp1_dc1_ud1_nb0	144	9	ab24e3787294d974
normal_dp1_dc1_ud1_nb0	145	41	2220f95de36de30a
normal_dp1_dc1_ud1_nb0	146	59	06c4818e6d885599
normal_dp1_dc1_ud1_nb0	147	14	286cf56322bdea4f
normal_dp1_dc1_ud1_nb0	148	18	797306ee66936809
normal_dp1_dc1_ud1_nb0	149	2	0e7a7d4215ecf15a
normal_dp1_dc1_ud1_nb0	150	4	a8d155a0060fcc7c
normal_dp1_dc1_ud1_nb0	151	5	29ec5580ac044ccc
normal_dp1_dc1_ud1_nb0	152	57	cf992200bb323796
normal_dp1_dc1_ud1_nb0	153	139	84be2b69e5076913
normal_dp1_dc1_ud1_nb0	154	2	60a2b5c9c2e0e62a
normal_dp1_dc1_ud1_nb0	155	52	bed33b65cc7f23f2
normal_dp1_dc1_ud1_nb0	156	22	744e6054cf572359
normal_dp1_dc1_ud1_nb0	157	3	6a36bc7972855e92
normal_dp1_dc1_ud1_nb0	158	3	c66d8bfa148e1a07
normal_dp1_dc1_ud1_nb0	159	50	0a23b5918db9d03a
normal_dp1_dc1_ud1_nb0	160	7	af225a9e313bd07a
normal_dp1_dc1_ud1_nb0	161	2	a1619a4837419d10
normal_dp1_dc1_ud1_nb0	162	127	6b7c7c582ca7d114
normal_dp1_dc1_ud1_nb0	163	7	806ea40904ff7eeb
normal_dp1_dc1_ud1_nb0	164	2	e08c08885d04564b
normal_dp1_dc1_ud1_nb0	165	3	5c538693c1431f4b
normal_dp1_dc1_ud1_nb0	166	135	ec79d74af16bc426
normal_dp1_dc1_ud1_nb0	167	57	7d7cb073c4f7a22a
normal_dp1_dc1_ud1_nb0	168	2	7f186e27c595ab14
normal_dp1_dc1_ud1_nb0	169	8	50b094fe969e79f8
normal_dp1_dc1_ud1_nb0	170	2	9a10e7aed7584972
normal_dp1_dc1_ud1_nb0	171	49	e924b8d9146bcb4f
normal_dp1_dc1_ud1_nb0	172	5	fc512fe2c21e0fa5
normal_dp1_dc1_ud1_nb0	173	6	19b5bf88aa1621da
normal_dp1_dc1_ud1_nb0	174	17	05960d72b2b307c8
normal_dp1_dc1_ud1_nb0	175	2	72c15ba8f0c9d153
normal_dp1_dc1_ud1_nb0	176	136	6544a7c883cd81c4
normal_dp1_dc1_ud1_nb0	177	2	bd0ecdb7188c9a68
normal_dp1_dc1_ud1_nb0	178	2	edb8b080a73ec176
normal_dp1_dc1_ud1_nb0	179	42	0467417239e699e3
normal_dp1_dc1_ud1_nb0	180	129	0ee6b02ac0808055
normal_dp1_dc1_ud1_nb0	181	57	f6726eb4f74738a0
normal_dp1_dc1_ud1_nb0	182	6	b5bec723cdeb5f21
normal_dp1_dc1_ud1_nb0	183	2	f715da348003fd36
normal_dp1_dc1_ud1_nb0	184	7	1f54f8727150652f
normal_dp1_dc1_ud1_nb0	185	117	8b4c82cb23ec2768
normal_dp1_dc1_ud1_nb0	186	2	f4c5fe0c958f3e6d
normal_dp1_dc1_ud1_nb0	187	48	ac167e8374b2f62e
normal_dp1_dc1_ud1_nb0	188	3	497372c349c1b597
normal_dp1_dc1_ud1_nb0	189	3	4275562cef33e65f
normal_dp1_dc1_ud1_nb0	190	3	01ea72aab73b6f2d
normal_dp1_dc1_ud1_nb0	191	136	af36bb7983edde43
normal_dp1_dc1_ud1_nb0	192	5	ae1a712b3ffd0260
normal_dp1_dc1_ud1_nb0	193	3	9d88783521a38ff1
normal_dp1_dc1_ud1_nb0	194	50	e2a819d26633c091
normal_dp1_dc1_ud1_nb0	195	45	5c80478cf09b8ce8
normal_dp1_dc1_ud1_nb0	196	134	1c4332ca6ad08c77
normal_dp1_dc1_ud1_nb0	197	7	d29623dcd610ad0f
normal_dp1_dc1_ud1_nb0	198	2	9ae12495235be9b1
normal_dp1_dc1_ud1_nb0	199	9	bb624c201e4e9cc4
normal_dp1_dc1_ud1_nb0	200	55	be174d9e231cd8f9
normal_dp1_dc1_ud1_nb0	201	5	35f561dd999af5d4
normal_dp1_dc1_ud1_nb0	202	3	9867b26f89bd75b4
normal_dp1_dc1_ud1_nb0	203	18	226e3d31443203c5
normal_dp1_dc1_ud1_nb0	204	50	54b8c548f0f618da
normal_dp1_dc1_ud1_nb0	205	9	d4ae11a0420b041b
normal_dp1_dc1_ud1_nb0	206	138	810e688b88eaf10d
normal_dp1_dc1_ud1_nb0	207	61	1c0b6317027f220d
normal_dp1_dc1_ud1_nb0	208	47	4f21f09da7a1e7be
normal_dp1_dc1_ud1_nb0	209	2	7e406aca15207b29
normal_dp1_dc1_ud1_nb0	210	2	4143f74e30e91d3c
normal_dp1_dc1_ud1_nb0	211	8	578b5a7244c9cf66
normal_dp1_dc1_ud1_nb0	212	9	e7c15e9c132f5e9f
normal_dp1_dc1_ud1_nb0	213	3	edd5359814ad33df
normal_dp1_dc1_ud1_nb0	214	15	a0861d4f20b809f4
normal_dp1_dc1_ud1_nb0	215	5	74ba7792595c3310
normal_dp1_dc1_ud1_nb0	216	49	4080aee5e8b74ff5
normal_dp1_dc1_ud1_nb0	217	6	46526c287d5945e7
normal_dp1_dc1_ud1_nb0	218	7	8985312184445782
normal_dp1_dc1_ud1_nb0	219	4	dd2e7bf50bbc166f
normal_dp1_dc1_ud1_nb0	220	14	31b6dd99f833b867
normal_dp1_dc1_ud1_nb0	221	7	ade4e2b9128d0a25
normal_dp1_dc1_ud1_nb0	222	2	155847d504fd75bd
normal_dp1_dc1_ud1_nb0	223	2	4dbbca2216f7ac7b
normal_dp1_dc1_ud1_nb0	224	4	3eb10ddb53008a08
normal_dp1_dc1_ud1_nb0	225	2	2832a96cf84da5d8
normal_dp1_dc1_ud1_nb0	226	128	7ba47bc2232da8f0
normal_dp1_dc1_ud1_nb0	227	1	46eb868fb6e063a1
normal_dp1_dc1_ud1_nb0	228	22	69c3dd6270d972ab
normal_dp1_dc1_ud1_nb0	229	3	fbdd82a8dd59592c
normal_dp1_dc1_ud1_nb0	230	41	86049af10fcb5446
normal_dp1_dc1_ud1_nb0	231	4	0f4f24f624930d64
normal_dp1_dc1_ud1_nb0	232	2	8266c8aed1bb63ae
normal_dp1_dc1_ud1_nb0	233	26	5187808aff5433aa
normal_dp1_dc1_ud1_nb0	234	2	e4ca63a93d69cb1f
normal_dp1_dc1_ud1_nb0	235	41	dbf186e38664e18c
normal_dp1_dc1_ud1_nb0	236	2	d481bfb675d614dd
normal_dp1_dc1_ud1_nb0	237	5	250f11e8c158cea7
normal_dp1_dc1_ud1_nb0	238	19	8833eace39f7c5ce
normal_dp1_dc1_ud1_nb0	239	2	4b70e50b8edc6292
normal_dp1_dc1_ud1_nb0	240	4	11399b68410123df
normal_dp1_dc1_ud1_nb0	241	3	b2635722d8d798e2
normal_dp1_dc1_ud1_nb0	242	5	dcae176c8012b891
normal_dp1_dc1_ud1_nb0	243	19	9d829e079023ac77
normal_dp1_dc1_ud1_nb0	244	2	a4dda3ae9e4f0f85
normal_dp1_dc1_ud1_nb0	245	20	ed362c1051d17f0d
normal_dp1_dc1_ud1_nb0	246	128	65ae3e2cb248556c
normal_dp1_dc1_ud1_nb0	247	3	e0853c840dd1fdaf
normal_dp1_dc1_ud1_nb0	248	48	b40a9b6fd6af7eae
normal_dp1_dc1_ud1_nb0	249	135	d5434661ec8f946c
normal_dp1_dc1_ud1_nb0	250	55	b2bf885d9ea9f8c0
normal_dp1_dc1_ud1_nb0	251	54	6ecdef06fc50bb37
normal_dp1_dc1_ud1_nb0	252	5	8c963a2c9ca6b239
normal_dp1_dc1_ud1_nb0	253	5	68447a6baef27bb5
normal_dp1_dc1_ud1_nb0	254	6	5d4c55fc5ab69382
normal_dp1_dc1_ud1_nb0	255	52	ffa39c924425ccb4
normal_dp1_dc1_ud1_nb0	256	2	551a63c2d76181f6
normal_dp1_dc1_ud1_nb0	257	9	356ed3703e436ed3
normal_dp1_dc1_ud1_nb0	258	62	8f593e0029a61a3f
normal_dp1_dc1_ud1_nb0	259	21	2137a94346edfa43
normal_dp1_dc1_ud1_nb0	260	2	adbb7c7175eb6e52
normal_dp1_dc1_ud1_nb0	261	2	f76307a603dd2a5d
normal_dp1_dc1_ud1_nb0	262	6	d30c7a79bfd000e1
normal_dp1_dc1_ud1_nb0	263	4	26ad5b1db2402826
normal_dp1_dc1_ud1_nb0	264	23	f3ebca8b04b2c17e
normal_dp1_dc1_ud1_nb0	265	3	9f8d916961924fb4
normal_dp1_dc1_ud1_nb0	266	4	bb31c52b28bb81b0
normal_dp1_dc1_ud1_nb0	267	3	318574d728fb4773
normal_dp1_dc1_ud1_nb0	268	1	25aef9909dfea048
normal_dp1_dc1_ud1_nb0	269	52	3e9f0b852e3e2122
normal_dp1_dc1_ud1_nb0	270	21	52e5c23aef9a7c88
normal_dp1_dc1_ud1_nb0	271	117	6fa3c71816f6c58a
normal_dp1_dc1_ud1_nb0	272	53	a17767ccdc1157fc
normal_dp1_dc1_ud1_nb0	273	2	6f51285605f5b665
normal_dp1_dc1_ud1_nb0	274	26	7689d104468df279
normal_dp1_dc1_ud1_nb0	275	3	33846b194a9c5819
normal_dp1_dc1_ud1_nb0	276	130	0f9fe6ce866494cd
normal_dp1_dc1_ud1_nb0	277	7	8c70cecc8aa87c82
normal_dp1_dc1_ud1_nb0	278	116	be75994d2acd9f44
normal_dp1_dc1_ud1_nb0	279	24	1df639b36edc2fb3
normal_dp1_dc1_ud1_nb0	280	3	20205e6f2da9609c
normal_dp1_dc1_ud1_nb0	281	1	3abc652ea33e17a5
normal_dp1_dc1_ud1_nb0	282	2	9a10022c0daaddb3
normal_dp1_dc1_ud1_nb0	283	18	b5d03e8ca31bb60b
normal_dp1_dc1_ud1_nb0	284	5	33be49397f38c1c0
normal_dp1_dc1_ud1_nb0	285	15	c5e1c9d0dc12576e
normal_dp1_dc1_ud1_nb0	286	10	ffcd04acf22df2f6
normal_dp1_dc1_ud1_nb0	287	140	7f5b9e573084f760
normal_dp1_dc1_ud1_nb0	288	4	79393d37bfeeb318
normal_dp1_dc1_ud1_nb0	289	1	adf4e0e63c574ffd
normal_dp1_dc1_ud1_nb0	290	2	0f3051d3fcbf1a41
normal_dp1_dc1_ud1_nb0	291	139	0cd4305778fe740c
normal_dp1_dc1_ud1_nb0	292	3	97def42dec590a3f
normal_dp1_dc1_ud1_nb0	293	118	d6ad307697e85869
normal_dp1_dc1_ud1_nb0	294	52	09f1110f71881ad6
normal_dp1_dc1_ud1_nb0	295	1	6d6c9be064bbef04
normal_dp1_dc1_ud1_nb0	296	126	45fd614c086277c8
normal_dp1_dc1_ud1_nb0	297	139	deca60664017310c
normal_dp1_dc1_ud1_nb0	298	2	b4231c8b8bf14136
normal_dp1_dc1_ud1_nb0	299	1	ec9a11734f43ecd8
normal_dp1_dc1_ud1_nb0	300	5	3f94bc087489c8e4
normal_dp1_dc1_ud1_nb0	301	42	4d07a7eda7d69947
normal_dp1_dc1_ud1_nb0	302	8	1e5b6fdd3a4d4e63
normal_dp1_dc1_ud1_nb0	303	6	adb56fe1642e028b
normal_dp1_dc1_ud1_nb0	304	5	e7fe22ccd9ba11f5
normal_dp1_dc1_ud1_nb0	305	24	6e724c5695ad605a
normal_dp1_dc1_ud1_nb0	306	8	de2a57432debf637
normal_dp1_dc1_ud1_nb0	307	21	1d5ca5bd1b41f926
normal_dp1_dc1_ud1_nb0	308	124	73f7e44696d553cf
normal_dp1_dc1_ud1_nb0	309	2	49f285d1dbd9cded
normal_dp1_dc1_ud1_nb0	310	3	a19a9ddc616bc40b
normal_dp1_dc1_ud1_nb0	311	3	d22ff6030491e306
normal_dp1_dc1_ud1_nb0	312	49	c6186c8afdbd355a
normal_dp1_dc1_ud1_nb0	313	51	eb3c2db36574c6c6
normal_dp1_dc1_ud1_nb0	314	56	3e76425a6c6878cd
normal_dp1_dc1_ud1_nb0	315	1	1ab4e6773c971447
normal_dp1_dc1_ud1_nb0	316	132	6073d7283c482f6a
normal_dp1_dc1_ud1_nb0	317	5	a57c653d40b9330e
normal_dp1_dc1_ud1_nb0	318	3	0be369303603bc54
normal_dp1_dc1_ud1_nb0	319	123	28c179c4c649fdd5
normal_dp1_dc1_ud1_nb0	320	26	c994bfb7552b74b5
normal_dp1_dc1_ud1_nb0	321	17	5b0a7dfff0b9c268
normal_dp1_dc1_ud1_nb0	322	53	d043eb405e3569e3
normal_dp1_dc1_ud1_nb0	323	20	f86073e6c0a28869
normal_dp1_dc1_ud1_nb0	324	25	aadf163d995781fe
normal_dp1_dc1_ud1_nb0	325	6	ba61619909836ace
normal_dp1_dc1_ud1_nb0	326	49	8a9d531d9cb078f1
normal_dp1_dc1_ud1_nb0	327	3	d1fb661b574d678c
normal_dp1_dc1_ud1_nb0	328	7	564bb8edfe92bf9a
normal_dp1_dc1_ud1_nb0	329	2	461827dfc2a8b43f
normal_dp1_dc1_ud1_nb0	330	59	24d143c271d2927c
normal_dp1_dc1_ud1_nb0	331	1	a1b05ad8878eddbd
normal_dp1_dc1_ud1_nb0	332	50	cb72812b554fc6f0
normal_dp1_dc1_ud1_nb0	333	55	f2f1e5d882fb0c37
normal_dp1_dc1_ud1_nb0	334	121	84b172192df1d477
normal_dp1_dc1_ud1_nb0	335	20	79c4fc7af7fe6dba
normal_dp1_dc1_ud1_nb0	336	49	c394ee78bacdd2d3
normal_dp1_dc1_ud1_nb0	337	8	027765e0cef51c1c
normal_dp1_dc1_ud1_nb0	338	49	9110733812730ca4
normal_dp1_dc1_ud1_nb0	339	61	b2587ba4323d77f8
normal_dp1_dc1_ud1_nb0	340	23	83cc50944a70869a
normal_dp1_dc1_ud1_nb0	341	2	ad98a9842eda811a
normal_dp1_dc1_ud1_nb0	342	25	336280dbb4f5bf4a
normal_dp1_dc1_ud1_nb0	343	138	4e73d7a9660bf231
normal_dp1_dc1_ud1_nb0	344	6	5f1b071befe1b3b9
normal_dp1_dc1_ud1_nb0	345	24	a3c094ff70dad61f
normal_dp1_dc1_ud1_nb0	346	54	b955144e2bedda14
normal_dp1_dc1_ud1_nb0	347	2	73786eace44df5fe
normal_dp1_dc1_ud1_nb0	348	5	a3cd0c88ea908c0a
normal_dp1_dc1_ud1_nb0	349	19	7dd7b1bc55e0f86e
normal_dp1_dc1_ud1_nb0	350	8	677ae48c18a62575
normal_dp1_dc1_ud1_nb0	351	6	8f1fbe3d0f72da7e
normal_dp1_dc1_ud1_nb0	352	1	8424221c01ab377a
normal_dp1_dc1_ud1_nb0	353	21	86a46489ddb61ddd
normal_dp1_dc1_ud1_nb0	354	2	5bda2ca495a4ab74
normal_dp1_dc1_ud1_nb0	355	3	a581d4f3412436ff
normal_dp1_dc1_ud1_nb0	356	1	0de197205f786e7e
normal_dp1_dc1_ud1_nb0	357	20	956f970299f2bead
normal_dp1_dc1_ud1_nb0	358	2	f9fa6bf430f95da3
normal_dp1_dc1_ud1_nb0	359	2	2528591461d93ca8
normal_dp1_dc1_ud1_nb0	360	7	920d478d9a1f0969
normal_dp1_dc1_ud1_nb0	361	2	c6d90e3c7d693bdd
normal_dp1_dc1_ud1_nb0	362	52	7aa91b740b965e15
normal_dp1_dc1_ud1_nb0	363	120	c5ba63010cef303b
normal_dp1_dc1_ud1_nb0	364	7	ffd5dab670422ca6
normal_dp1_dc1_ud1_nb0	365	2	0acbb33a757090a6
normal_dp1_dc1_ud1_nb0	366	2	198c1f0846c5965f
normal_dp1_dc1_ud1_nb0	367	8	983f5743d9aa7e64
normal_dp1_dc1_ud1_nb0	368	1	eef15e6694a23b83
normal_dp1_dc1_ud1_nb0	369	19	b894b56cac22eb0f
normal_dp1_dc1_ud1_nb0	370	6	c2b6a6d77ac0c54c
normal_dp1_dc1_ud1_nb0	371	2	4cd07f8f33b23519
normal_dp1_dc1_ud1_nb0	372	3	97ef6c6486301c0d
normal_dp1_dc1_ud1_nb0	373	5	c45f4864686173b7
normal_dp1_dc1_ud1_nb0	374	54	60cebdb07072ab22
normal_dp1_dc1_ud1_nb0	375	47	18e59f2ad150c7a3
normal_dp1_dc1_ud1_nb0	376	8	a92efd60205398cf
normal_dp1_dc1_ud1_nb0	377	2	c417926d6aea0d9a
normal_dp1_dc1_ud1_nb0	378	4	a06e054f270ac1cf
normal_dp1_dc1_ud1_nb0	379	8	f7bf4b46fdb7bfe6
normal_dp1_dc1_ud1_nb0	380	57	9d75448bcc37f9a5
normal_dp1_dc1_ud1_nb0	381	3	b1f6b2765a452e84
normal_dp1_dc1_ud1_nb0	382	2	ee235b847f480214
normal_dp1_dc1_ud1_nb0	383	2	1ca0393d8d48778c
normal_dp1_dc1_ud1_nb0	384	2	17487eeaec684a5e
normal_dp1_dc1_ud1_nb0	385	2	60e9a85e50134bc4
normal_dp1_dc1_ud1_nb0	386	123	2363f3e600277ba7
normal_dp1_dc1_ud1_nb0	387	8	733e113fa41c4d5b
normal_dp1_dc1_ud1_nb0	388	64	afd9317a2211d0fa
normal_dp1_dc1_ud1_nb0	389	43	6c88adf900ed1e8a
normal_dp1_dc1_ud1_nb0	390	7	1e514b22b438dfa3
normal_dp1_dc1_ud1_nb0	391	7	109224eb648dc612
normal_dp1_dc1_ud1_nb0	392	16	98dda3e153eadd6a
normal_dp1_dc1_ud1_nb0	393	7	0ab9a0f8602eac2c
normal_dp1_dc1_ud1_nb0	394	2	9e5b2dc50953735f
normal_dp1_dc1_ud1_nb0	395	4	6122c00846bbbbae
normal_dp1_dc1_ud1_nb0	396	18	331d40996af64802
normal_dp1_dc1_ud1_nb0	397	49	c0a03acee2fc370f
normal_dp1_dc1_ud1_nb0	398	144	3c7078f9bd1b86a3
normal_dp1_dc1_ud1_nb0	399	4	3f607be684c580de
normal_dp1_dc1_ud1_nb2000	0	2	fe3877f9123caf6f
normal_dp1_dc1_ud1_nb2000	1	17	1cc9be5912e1ae61
normal_dp1_dc1_ud1_nb2000	2	144	a33b7ae8666138e7
normal_dp1_dc1_ud1_nb2000	3	3	04752421978926ff
normal_dp1_dc1_ud1_nb2000	4	53	231ed8efa9d8a32b
normal_dp1_dc1_ud1_nb2000	5	3	35c41a2159b89123
normal_dp1_dc1_ud1_nb2000	6	52	d87d0872a8e6d4f9
normal_dp1_dc1_ud1_nb2000	7	141	3b34642cd0b88aac
normal_dp1_dc1_ud1_nb2000	8	117	baec0283eb54f335
normal_dp1_dc1_ud1_nb2000	9	52	05ad8267fd4a5703
normal_dp1_dc1_ud1_nb2000	10	48	fe7fadbdd74c14b4
normal_dp1_dc1_ud1_nb2000	11	60	203cb72076576f8f
normal_dp1_dc1_ud1_nb2000	12	5	cd9d2ab8d7d8e70b
normal_dp1_dc1_ud1_nb2000	13	1	8610e9dda182bf42
normal_dp1_dc1_ud1_nb2000	14	4	2e85190163e10d0c
normal_dp1_dc1_ud1_nb2000	15	4	5de2856cfbed0b06
normal_dp1_dc1_ud1_nb2000	16	27	200e5bcf5df98c86
normal_dp1_dc1_ud1_nb2000	17	2	5420621e61e6b2de
normal_dp1_dc1_ud1_nb2000	18	4	58a764840892cede
normal_dp1_dc1_ud1_nb2000	19	1	9063f58a9e418e90
normal_dp1_dc1_ud1_nb2000	20	46	265daf9d43ef5b38
normal_dp1_dc1_ud1_nb2000	21	49	c37ed7ab52d3c389
normal_dp1_dc1_ud1_nb2000	22	2	b2b47f5335448eeb
normal_dp1_dc1_ud1_nb2000	23	115	2bab040c1ff42fa2
normal_dp1_dc1_ud1_nb2000	24	2	4ee24f53fa50f5fb
normal_dp1_dc1_ud1_nb2000	25	2	210c11ef7723c39c
normal_dp1_dc1_ud1_nb2000	26	22	c7e89938e8bdb34a
normal_dp1_dc1_ud1_nb2000	27	2	7a76b7ba3a15016d
normal_dp1_dc1_ud1_nb2000	28	3	2b3be05945eccc6d
normal_dp1_dc1_ud1_nb2000	29	1	cb04c009a7a0f623
normal_dp1_dc1_ud1_nb2000	30	5	69ec4105565c89a1
normal_dp1_dc1_ud1_nb2000	31	2	115a740f9cd9a619
normal_dp1_dc1_ud1_nb2000	32	124	d1ac19078fbca1a2
normal_dp1_dc1_ud1_nb2000	33	3	fb073d01787c3389
normal_dp1_dc1_ud1_nb2000	34	4	19a003b39818982e
normal_dp1_dc1_ud1_nb2000	35	117	cc484c421fad78f7
normal_dp1_dc1_ud1_nb2000	36	7	e5b73009a55ad265
normal_dp1_dc1_ud1_nb2000	37	63	9a7e0f205dd07083
normal_dp1_dc1_ud1_nb2000	38	19	2c8451cfc18a034d
normal_dp1_dc1_ud1_nb2000	39	117	c681a3387c7a74c2
normal_dp1_dc1_ud1_nb2000	40	131	a3a356cd287dded0
normal_dp1_dc1_ud1_nb2000	41	24	7cd28e4b74c4982e
normal_dp1_dc1_ud1_nb2000	42	8	d478843d9d8f0829
normal_dp1_dc1_ud1_nb2000	43	1	5b21a5ec2f985d77
normal_dp1_dc1_ud1_nb2000	44	2	8946d53fe3b107ce
normal_dp1_dc1_ud1_nb2000	45	7	bcd0e6f6073295b3
normal_dp1_dc1_ud1_nb2000	46	17	2b3f0e64de30d21f
normal_dp1_dc1_ud1_nb2000	47	57	66f95d2d672e4cd7
normal_dp1_dc1_ud1_nb2000	48	5	fbbc98c0c89a3eb6
normal_dp1_dc1_ud1_nb2000	49	4	682fb7ad4c45f435
normal_dp1_dc1_ud1_nb2000	50	3	fd89f6049da2aafa
normal_dp1_dc1_ud1_nb2000	51	23	9f735a1929b5126d
normal_dp1_dc1_ud1_nb2000	52	2	fd08e8dd823f631e
normal_dp1_dc1_ud1_nb2000	53	6	b61b87c29ab88279
normal_dp1_dc1_ud1_nb2000	54	3	662b542a83cdcabd
normal_dp1_dc1_ud1_nb2000	55	52	234e860adfe14831
normal_dp1_dc1_ud1_nb2000	56	9	21ef0eff9bc27471
normal_dp1_dc1_ud1_nb2000	57	2	d8c21a02c79c5d2f
normal_dp1_dc1_ud1_nb2000	58	3	6a5b37258e941d28
normal_dp1_dc1_ud1_nb2000	59	23	ba13e671eb6283b2
normal_dp1_dc1_ud1_nb2000	60	3	90e544c7aa820b5e
normal_dp1_dc1_ud1_nb2000	61	2	50c0e5e565e77d9f
normal_dp1_dc1_ud1_nb2000	62	3	490e58d435ecad3e
normal_dp1_dc1_ud1_nb2000	63	17	20f8b027f1304aa0
normal_dp1_dc1_ud1_nb2000	64	45	f9cb6581e07fc3d2
normal_dp1_dc1_ud1_nb2000	65	5	ef54a424735e7ba8
normal_dp1_dc1_ud1_nb2000	66	2	183418e639303309
normal_dp1_dc1_ud1_nb2000	67	6	8259cff31eddaa7e
normal_dp1_dc1_ud1_nb2000	68	5	3c9e4c88094cbbfb
normal_dp1_dc1_ud1_nb2000	69	54	504433d5c8741ce1
normal_dp1_dc1_ud1_nb2000	70	6	de8c5f9d34bede0d
normal_dp1_dc1_ud1_nb2000	71	11	8c30854b80cbff79
normal_dp1_dc1_ud1_nb2000	72	18	8b2fdeecc5367d2e
normal_dp1_dc1_ud1_nb2000	73	43	99ca928933e56269
normal_dp1_dc1_ud1_nb2000	74	2	c00d92a30f546d81
normal_dp1_dc1_ud1_nb2000	75	2	60d11ac02cca1f5c
normal_dp1_dc1_ud1_nb2000	76	54	7fe6bef86d50c599
normal_dp1_dc1_ud1_nb2000	77	2	72f99e536ffd074b
normal_dp1_dc1_ud1_nb2000	78	2	8a316a4cbf248e78
normal_dp1_dc1_ud1_nb2000	79	12	5de65479b9535c0a
normal_dp1_dc1_ud1_nb2000	80	1	52b4ae3df5b68646
normal_dp1_dc1_ud1_nb2000	81	6	ff827455272f1a80
normal_dp1_dc1_ud1_nb2000	82	129	d9e3475ff45cdfd4
normal_dp1_dc1_ud1_nb2000	83	4	18c6172a2b20dab9
normal_dp1_dc1_ud1_nb2000	84	3	98be6817fedd840d
normal_dp1_dc1_ud1_nb2000	85	51	7b66c3af2a7bfb21
normal_dp1_dc1_ud1_nb2000	86	6	18191c8901aa16ba
normal_dp1_dc1_ud1_nb2000	87	22	3c59fa10637a4d0a
normal_dp1_dc1_ud1_nb2000	88	21	213fe18ea9153a96
normal_dp1_dc1_ud1_nb2000	89	137	7c1bb5f77ee11c50
normal_dp1_dc1_ud1_nb2000	90	2	7ac3584624571a10
normal_dp1_dc1_ud1_nb2000	91	126	8a06aa47491ab712
normal_dp1_dc1_ud1_nb2000	92	4	60bbda28de9b1fb0
normal_dp1_dc1_ud1_nb2000	93	6	8041e288b4fe476e
normal_dp1_dc1_ud1_nb2000	94	6	98a1472c66a9b589
normal_dp1_dc1_ud1_nb2000	95	120	a2a9388bd388fe29
normal_dp1_dc1_ud1_nb2000	96	60	290661cebc03fa8c
normal_dp1_dc1_ud1_nb2000	97	5	61d9d102b34e1726
normal_dp1_dc1_ud1_nb2000	98	3	66accd03b9beeea3
normal_dp1_dc1_ud1_nb2000	99	7	9082acb1aa570b2b
normal_dp1_dc1_ud1_nb2000	100	6	bd521a92b18247d9
normal_dp1_dc1_ud1_nb2000	101	2	3ff37d05d9e89fc7
normal_dp1_dc1_ud1_nb2000	102	47	330a4fb43bca84d2
normal_dp1_dc1_ud1_nb2000	103	27	5e1f662c1a9802d3
normal_dp1_dc1_ud1_nb2000	104	1	2aa86b7d09c4fa67
normal_dp1_dc1_ud1_nb2000	105	2	5e1645b8765c83f3
normal_dp1_dc1_ud1_nb2000	106	19	a0ffab9c0ede9e36
normal_dp1_dc1_ud1_nb2000	107	138	23ad075ed9606969
normal_dp1_dc1_ud1_nb2000	108	47	51bc2ffa8f878d3e
normal_dp1_dc1_ud1_nb2000	109	23	db9a7547b2508c17
normal_dp1_dc1_ud1_nb2000	110	5	0929f46f2e6878c7
normal_dp1_dc1_ud1_nb2000	111	3	01911c6ee2172564
normal_dp1_dc1_ud1_nb2000	112	3	616126a74fbcf785
normal_dp1_dc1_ud1_nb2000	113	1	ce908bdfd8c62477
normal_dp1_dc1_ud1_nb2000	114	108	72cec2fd2a318a96
normal_dp1_dc1_ud1_nb2000	115	2	4190c4e5c47f9001
normal_dp1_dc1_ud1_nb2000	116	2	5f2151cdb5d26008
normal_dp1_dc1_ud1_nb2000	117	118	21a2db542954b17c
normal_dp1_dc1_ud1_nb2000	118	131	e3a815c0055b9c5b
normal_dp1_dc1_ud1_nb2000	119	2	fa3b1b21769c99bc
normal_dp1_dc1_ud1_nb2000	120	116	35601a5bce93682a
normal_dp1_dc1_ud1_nb2000	121	58	ae3f2dd8ef307367
normal_dp1_dc1_ud1_nb2000	122	141	2efd4b5a1a9ca35b
normal_dp1_dc1_ud1_nb2000	123	2	737f3e1167508935
normal_dp1_dc1_ud1_nb2000	124	52	f43a6b6f4b8b2a33
normal_dp1_dc1_ud1_nb2000	125	4	3ec7510780c15cda
normal_dp1_dc1_ud1_nb2000	126	7	dabb0cde215466ff
normal_dp1_dc1_ud1_nb2000	127	2	814dccc6d2006e69
normal_dp1_dc1_ud1_nb2000	128	19	1b0c044a9b82bcb7
normal_dp1_dc1_ud1_nb2000	129	53	3aeddd11fbdb7fb5
normal_dp1_dc1_ud1_nb2000	130	2	af2325e713679114
normal_dp1_dc1_ud1_nb2000	131	121	d4fc36b5420247c0
normal_dp1_dc1_ud1_nb2000	132	133	a416c0d0263e6e39
normal_dp1_dc1_ud1_nb2000	133	2	80af669c13559a46
normal_dp1_dc1_ud1_nb2000	134	9	c86de27979b93c2e
normal_dp1_dc1_ud1_nb2000	135	1	4f4429788037f093
normal_dp1_dc1_ud1_nb2000	136	2	cff4c6b51ab8d1e1
normal_dp1_dc1_ud1_nb2000	137	3	1dc709adf506815a
normal_dp1_dc1_ud1_nb2000	138	121	cb190c96f4ebe529
normal_dp1_dc1_ud1_nb2000	139	124	0117d8120b02b6a2
normal_dp1_dc1_ud1_nb2000	140	5	d0eb69f59bc41631
normal_dp1_dc1_ud1_nb2000	141	5	e012e7b369b410f6
normal_dp1_dc1_ud1_nb2000	142	7	7f1078ad70fd6600
normal_dp1_dc1_ud1_nb2000	143	2	6ff6b8bc6619ae66
normal_dp1_dc1_ud1_nb2000	144	10	545723f0c9ac920e
normal_dp1_dc1_ud1_nb2000	145	41	2220f95de36de30a
normal_dp1_dc1_ud1_nb2000	146	59	06c4818e6d885599
normal_dp1_dc1_ud1_nb2000	147	14	286cf56322bdea4f
normal_dp1_dc1_ud1_nb2000	148	18	797306ee66936809
normal_dp1_dc1_ud1_nb2000	149	2	0e7a7d4215ecf15a
normal_dp1_dc1_ud1_nb2000	150	4	a8d155a0060fcc7c
normal_dp1_dc1_ud1_nb2000	151	5	29ec5580ac044ccc
normal_dp1_dc1_ud1_nb2000	152	58	ef8dd40aa870f49f
normal_dp1_dc1_ud1_nb2000	153	139	84be2b69e5076913
normal_dp1_dc1_ud1_nb2000	154	2	60a2b5c9c2e0e62a
normal_dp1_dc1_ud1_nb2000	155	52	bed33b65cc7f23f2
normal_dp1_dc1_ud1_nb2000	156	22	744e6054cf572359
normal_dp1_dc1_ud1_nb2000	157	3	6a36bc7972855e92
normal_dp1_dc1_ud1_nb2000	158	3	c66d8bfa148e1a07
normal_dp1_dc1_ud1_nb2000	159	50	0a23b5918db9d03a
normal_dp1_dc1_ud1_nb2000	160	7	af225a9e313bd07a
normal_dp1_dc1_ud1_nb2000	161	2	a1619a4837419d10
normal_dp1_dc1_ud1_nb2000	162	128	0224611815779fd6
normal_dp1_dc1_ud1_nb2000	163	7	806ea40904ff7eeb
normal_dp1_dc1_ud1_nb2000	164	2	e08c08885d04564b
normal_dp1_dc1_ud1_nb2000	165	3	5c538693c1431f4b
normal_dp1_dc1_ud1_nb2000	166	135	ec79d74af16bc426
normal_dp1_dc1_ud1_nb2000	167	58	95fb5e1e11c676aa
normal_dp1_dc1_ud1_nb2000	168	2	7f186e27c595ab14
normal_dp1_dc1_ud1_nb2000	169	8	50b094fe969e79f8
normal_dp1_dc1_ud1_nb2000	170	2	9a10e7aed7584972
normal_dp1_dc1_ud1_nb2000	171	50	b513722b1ad762cb
normal_dp1_dc1_ud1_nb2000	172	5	fc512fe2c21e0fa5
normal_dp1_dc1_ud1_nb2000	173	6	19b5bf88aa1621da
normal_dp1_dc1_ud1_nb2000	174	18	ad5473d497404481
normal_dp1_dc1_ud1_nb2000	175	2	72c15ba8f0c9d153
normal_dp1_dc1_ud1_nb2000	176	137	4dfa298324a8a286
normal_dp1_dc1_ud1_nb2000	177	2	bd0ecdb7188c9a68
normal_dp1_dc1_ud1_nb2000	178	2	edb8b080a73ec176
normal_dp1_dc1_ud1_nb2000	179	42	0467417239e699e3
normal_dp1_dc1_ud1_nb2000	180	132	dde1b28a37aa3a58
normal_dp1_dc1_ud1_nb2000	181	57	f6726eb4f74738a0
normal_dp1_dc1_ud1_nb2000	182	6	b5bec723cdeb5f21
normal_dp1_dc1_ud1_nb2000	183	2	f715da348003fd36
normal_dp1_dc1_ud1_nb2000	184	7	1f54f8727150652f
normal_dp1_dc1_ud1_nb2000	185	118	9a1f813d92766805
normal_dp1_dc1_ud1_nb2000	186	2	f4c5fe0c958f3e6d
normal_dp1_dc1_ud1_nb2000	187	49	f291e92cfca2091d
normal_dp1_dc1_ud1_nb2000	188	3	497372c349c1b597
normal_dp1_dc1_ud1_nb2000	189	3	4275562cef33e65f
normal_dp1_dc1_ud1_nb2000	190	3	01ea72aab73b6f2d
normal_dp1_dc1_ud1_nb2000	191	136	af36bb7983edde43
normal_dp1_dc1_ud1_nb2000	192	5	ae1a712b3ffd0260
normal_dp1_dc1_ud1_nb2000	193	3	9d88783521a38ff1
normal_dp1_dc1_ud1_nb2000	194	51	e3a1c39f25842b35
normal_dp1_dc1_ud1_nb2000	195	45	5c80478cf09b8ce8
normal_dp1_dc1_ud1_nb2000	196	136	aadbae7d19c2a81d
normal_dp1_dc1_ud1_nb2000	197	7	d29623dcd610ad0f
normal_dp1_dc1_ud1_nb2000	198	2	9ae12495235be9b1
normal_dp1_dc1_ud1_nb2000	199	9	bb624c201e4e9cc4
normal_dp1_dc1_ud1_nb2000	200	55	be174d9e231cd8f9
normal_dp1_dc1_ud1_nb2000	201	5	35f561dd999af5d4
normal_dp1_dc1_ud1_nb2000	202	3	9867b26f89bd75b4
normal_dp1_dc1_ud1_nb2000	203	18	226e3d31443203c5
normal_dp1_dc1_ud1_nb2000	204	51	59015d9be8be7c8e
normal_dp1_dc1_ud1_nb2000	205	9	d4ae11a0420b041b
normal_dp1_dc1_ud1_nb2000	206	139	4bd34918c36e0b3e
normal_dp1_dc1_ud1_nb2000	207	62	f74538e62387b240
normal_dp1_dc1_ud1_nb2000	208	48	b2bc2b72580ddeb6
normal_dp1_dc1_ud1_nb2000	209	2	7e406aca15207b29
normal_dp1_dc1_ud1_nb2000	210	2	4143f74e30e91d3c
normal_dp1_dc1_ud1_nb2000	211	8	578b5a7244c9cf66
normal_dp1_dc1_ud1_nb2000	212	9	e7c15e9c132f5e9f
normal_dp1_dc1_ud1_nb2000	213	3	edd5359814ad33df
normal_dp1_dc1_ud1_nb2000	214	15	a0861d4f20b809f4
normal_dp1_dc1_ud1_nb2000	215	5	74ba7792595c3310
normal_dp1_dc1_ud1_nb2000	216	50	159b9c8324eb7ec5
normal_dp1_dc1_ud1_nb2000	217	6	46526c287d5945e7
normal_dp1_dc1_ud1_nb2000	218	7	8985312184445782
normal_dp1_dc1_ud1_nb2000	219	4	dd2e7bf50bbc166f
normal_dp1_dc1_ud1_nb2000	220	14	31b6dd99f833b867
normal_dp1_dc1_ud1_nb2000	221	7	ade4e2b9128d0a25
normal_dp1_dc1_ud1_nb2000	222	2	155847d504fd75bd
normal_dp1_dc1_ud1_nb2000	223	2	4dbbca2216f7ac7b
normal_dp1_dc1_ud1_nb2000	224	4	3eb10ddb53008a08
normal_dp1_dc1_ud1_nb2000	225	2	2832a96cf84da5d8
normal_dp1_dc1_ud1_nb2000	226	128	7ba47bc2232da8f0
normal_dp1_dc1_ud1_nb2000	227	1	46eb868fb6e063a1
normal_dp1_dc1_ud1_nb2000	228	22	69c3dd6270d972ab
normal_dp1_dc1_ud1_nb2000	229	3	fbdd82a8dd59592c
normal_dp1_dc1_ud1_nb2000	230	41	86049af10fcb5446
normal_dp1_dc1_ud1_nb2000	231	4	0f4f24f624930d64
normal_dp1_dc1_ud1_nb2000	232	2	8266c8aed1bb63ae
normal_dp1_dc1_ud1_nb2000	233	26	5187808aff5433aa
normal_dp1_dc1_ud1_nb2000	234	2	e4ca63a93d69cb1f
normal_dp1_dc1_ud1_nb2000	235	41	dbf186e38664e18c
normal_dp1_dc1_ud1_nb2000	236	2	d481bfb675d614dd
normal_dp1_dc1_ud1_nb2000	237	6	9c374886d19d58e2
normal_dp1_dc1_ud1_nb2000	238	19	8833eace39f7c5ce
normal_dp1_dc1_ud1_nb2000	239	2	4b70e50b8edc6292
normal_dp1_dc1_ud1_nb2000	240	4	11399b68410123df
normal_dp1_dc1_ud1_nb2000	241	3	b2635722d8d798e2
normal_dp1_dc1_ud1_nb2000	242	5	dcae176c8012b891
normal_dp1_dc1_ud1_nb2000	243	20	5e11bc01c44fb09a
normal_dp1_dc1_ud1_nb2000	244	2	a4dda3ae9e4f0f85
normal_dp1_dc1_ud1_nb2000	245	20	ed362c1051d17f0d
normal_dp1_dc1_ud1_nb2000	246	128	65ae3e2cb248556c
normal_dp1_dc1_ud1_nb2000	247	3	e0853c840dd1fdaf
normal_dp1_dc1_ud1_nb2000	248	48	b40a9b6fd6af7eae
normal_dp1_dc1_ud1_nb2000	249	136	bc25f7185a4597f0
normal_dp1_dc1_ud1_nb2000	250	55	b2bf885d9ea9f8c0
normal_dp1_dc1_ud1_nb2000	251	54	6ecdef06fc50bb37
normal_dp1_dc1_ud1_nb2000	252	5	8c963a2c9ca6b239
normal_dp1_dc1_ud1_nb2000	253	5	68447a6baef27bb5
normal_dp1_dc1_ud1_nb2000	254	6	5d4c55fc5ab69382
normal_dp1_dc1_ud1_nb2000	255	53	fc6ef516c723618a
normal_dp1_dc1_ud1_nb2000	256	2	551a63c2d76181f6
normal_dp1_dc1_ud1_nb2000	257	9	356ed3703e436ed3
normal_dp1_dc1_ud1_nb2000	258	62	8f593e0029a61a3f
normal_dp1_dc1_ud1_nb2000	259	21	2137a94346edfa43
normal_dp1_dc1_ud1_nb2000	260	2	adbb7c7175eb6e52
normal_dp1_dc1_ud1_nb2000	261	2	f76307a603dd2a5d
normal_dp1_dc1_ud1_nb2000	262	7	f97c32f3f992221b
normal_dp1_dc1_ud1_nb2000	263	4	26ad5b1db2402826
normal_dp1_dc1_ud1_nb2000	264	23	f3ebca8b04b2c17e
normal_dp1_dc1_ud1_nb2000	265	3	9f8d916961924fb4
normal_dp1_dc1_ud1_nb2000	266	4	bb31c52b28bb81b0
normal_dp1_dc1_ud1_nb2000	267	3	318574d728fb4773
normal_dp1_dc1_ud1_nb2000	268	1	25aef9909dfea048
normal_dp1_dc1_ud1_nb2000	269	52	3e9f0b852e3e2122
normal_dp1_dc1_ud1_nb2000	270	21	52e5c23aef9a7c88
normal_dp1_dc1_ud1_nb2000	271	117	6fa3c71816f6c58a
normal_dp1_dc1_ud1_nb2000	272	54	1eda6492eebab72d
normal_dp1_dc1_ud1_nb2000	273	2	6f51285605f5b665
normal_dp1_dc1_ud1_nb2000	274	26	7689d104468df279
normal_dp1_dc1_ud1_nb2000	275	3	33846b194a9c5819
normal_dp1_dc1_ud1_nb2000	276	131	be65408c5c860a97
normal_dp1_dc1_ud1_nb2000	277	7	8c70cecc8aa87c82
normal_dp1_dc1_ud1_nb2000	278	117	c8385df2aa5b2d91
normal_dp1_dc1_ud1_nb2000	279	24	1df639b36edc2fb3
normal_dp1_dc1_ud1_nb2000	280	3	20205e6f2da9609c
normal_dp1_dc1_ud1_nb2000	281	1	3abc652ea33e17a5
normal_dp1_dc1_ud1_nb2000	282	2	9a10022c0daaddb3
normal_dp1_dc1_ud1_nb2000	283	18	b5d03e8ca31bb60b
normal_dp1_dc1_ud1_nb2000	284	5	33be49397f38c1c0
normal_dp1_dc1_ud1_nb2000	285	15	c5e1c9d0dc12576e
normal_dp1_dc1_ud1_nb2000	286	10	ffcd04acf22df2f6
normal_dp1_dc1_ud1_nb2000	287	141	4cdb2ebd33c24f92
normal_dp1_dc1_ud1_nb2000	288	4	79393d37bfeeb318
normal_dp1_dc1_ud1_nb2000	289	1	adf4e0e63c574ffd
normal_dp1_dc1_ud1_nb2000	290	2	0f3051d3fcbf1a41
normal_dp1_dc1_ud1_nb2000	291	141	c03a7f5b1a705e7d
normal_dp1_dc1_ud1_nb2000	292	3	97def42dec590a3f
normal_dp1_dc1_ud1_nb2000	293	118	d6ad307697e85869
normal_dp1_dc1_ud1_nb2000	294	52	09f1110f71881ad6
normal_dp1_dc1_ud1_nb2000	295	1	6d6c9be064bbef04
normal_dp1_dc1_ud1_nb2000	296	126	45fd614c086277c8
normal_dp1_dc1_ud1_nb2000	297	139	6d09007002657394
normal_dp1_dc1_ud1_nb2000	298	2	b4231c8b8bf14136
normal_dp1_dc1_ud1_nb2000	299	1	ec9a11734f43ecd8
normal_dp1_dc1_ud1_nb2000	300	5	3f94bc087489c8e4
normal_dp1_dc1_ud1_nb2000	301	42	4d07a7eda7d69947
normal_dp1_dc1_ud1_nb2000	302	8	1e5b6fdd3a4d4e63
normal_dp1_dc1_ud1_nb2000	303	6	adb56fe1642e028b
normal_dp1_dc1_ud1_nb2000	304	5	e7fe22ccd9ba11f5
normal_dp1_dc1_ud1_nb2000	305	25	aa7328631da534e8
normal_dp1_dc1_ud1_nb2000	306	8	de2a57432debf637
normal_dp1_dc1_ud1_nb2000	307	21	1d5ca5bd1b41f926
normal_dp1_dc1_ud1_nb2000	308	128	8e036fc20bd0fc4c
normal_dp1_dc1_ud1_nb2000	309	2	49f285d1dbd9cded
normal_dp1_dc1_ud1_nb2000	310	3	a19a9ddc616bc40b
normal_dp1_dc1_ud1_nb2000	311	3	d22ff6030491e306
normal_dp1_dc1_ud1_nb2000	312	49	c6186c8afdbd355a
normal_dp1_dc1_ud1_nb2000	313	51	eb3c2db36574c6c6
normal_dp1_dc1_ud1_nb2000	314	56	3e76425a6c6878cd
normal_dp1_dc1_ud1_nb2000	315	1	1ab4e6773c971447
normal_dp1_dc1_ud1_nb2000	316	133	e5cebb55898287ae
normal_dp1_dc1_ud1_nb2000	317	5	a57c653d40b9330e
normal_dp1_dc1_ud1_nb2000	318	3	0be369303603bc54
normal_dp1_dc1_ud1_nb2000	319	123	28c179c4c649fdd5
normal_dp1_dc1_ud1_nb2000	320	26	c994bfb7552b74b5
normal_dp1_dc1_ud1_nb2000	321	17	5b0a7dfff0b9c268
normal_dp1_dc1_ud1_nb2000	322	53	d043eb405e3569e3
normal_dp1_dc1_ud1_nb2000	323	21	663367867a011671
normal_dp1_dc1_ud1_nb2000	324	26	9d0705b7df7b6e34
normal_dp1_dc1_ud1_nb2000	325	6	ba61619909836ace
normal_dp1_dc1_ud1_nb2000	326	49	8a9d531d9cb078f1
normal_dp1_dc1_ud1_nb2000	327	3	d1fb661b574d678c
normal_dp1_dc1_ud1_nb2000	328	7	564bb8edfe92bf9a
normal_dp1_dc1_ud1_nb2000	329	2	461827dfc2a8b43f
normal_dp1_dc1_ud1_nb2000	330	59	24d143c271d2927c
normal_dp1_dc1_ud1_nb2000	331	1	a1b05ad8878eddbd
normal_dp1_dc1_ud1_nb2000	332	50	cb72812b554fc6f0
normal_dp1_dc1_ud1_nb2000	333	55	f2f1e5d882fb0c37
normal_dp1_dc1_ud1_nb2000	334	122	c511165fbb96901c
normal_dp1_dc1_ud1_nb2000	335	21	d4a539b6f19894e7
normal_dp1_dc1_ud1_nb2000	336	49	c394ee78bacdd2d3
normal_dp1_dc1_ud1_nb2000	337	8	027765e0cef51c1c
normal_dp1_dc1_ud1_nb2000	338	49	9110733812730ca4
normal_dp1_dc1_ud1_nb2000	339	63	abadfde216c22997
normal_dp1_dc1_ud1_nb2000	340	23	83cc50944a70869a
normal_dp1_dc1_ud1_nb2000	341	2	ad98a9842eda811a
normal_dp1_dc1_ud1_nb2000	342	25	336280dbb4f5bf4a
normal_dp1_dc1_ud1_nb2000	343	140	ac8034394ea66659
normal_dp1_dc1_ud1_nb2000	344	6	5f1b071befe1b3b9
normal_dp1_dc1_ud1_nb2000	345	24	a3c094ff70dad61f
normal_dp1_dc1_ud1_nb2000	346	54	b955144e2bedda14
normal_dp1_dc1_ud1_nb2000	347	2	73786eace44df5fe
normal_dp1_dc1_ud1_nb2000	348	5	a3cd0c88ea908c0a
normal_dp1_dc1_ud1_nb2000	349	19	7dd7b1bc55e0f86e
normal_dp1_dc1_ud1_nb2000	350	8	677ae48c18a62575
normal_dp1_dc1_ud1_nb2000	351	6	8f1fbe3d0f72da7e
normal_dp1_dc1_ud1_nb2000	352	1	8424221c01ab377a
normal_dp1_dc1_ud1_nb2000	353	21	86a46489ddb61ddd
normal_dp1_dc1_ud1_nb2000	354	2	5bda2ca495a4ab74
normal_dp1_dc1_ud1_nb2000	355	3	a581d4f3412436ff
normal_dp1_dc1_ud1_nb2000	356	1	0de197205f786e7e
normal_dp1_dc1_ud1_nb2000	357	21	77a29d8171842c52
normal_dp1_dc1_ud1_nb2000	358	2	f9fa6bf430f95da3
normal_dp1_dc1_ud1_nb2000	359	2	2528591461d93ca8
normal_dp1_dc1_ud1_nb2000	360	7	920d478d9a1f0969
normal_dp1_dc1_ud1_nb2000	361	2	c6d90e3c7d693bdd
normal_dp1_dc1_ud1_nb2000	362	54	27ed4e681e6b52e3
normal_dp1_dc1_ud1_nb2000	363	120	c5ba63010cef303b
normal_dp1_dc1_ud1_nb2000	364	7	ffd5dab670422ca6
normal_dp1_dc1_ud1_nb2000	365	2	0acbb33a757090a6
normal_dp1_dc1_ud1_nb2000	366	2	198c1f0846c5965f
normal_dp1_dc1_ud1_nb2000	367	8	983f5743d9aa7e64
normal_dp1_dc1_ud1_nb2000	368	1	eef15e6694a23b83
normal_dp1_dc1_ud1_nb2000	369	19	b894b56cac22eb0f
normal_dp1_dc1_ud1_nb2000	370	6	c2b6a6d77ac0c54c
normal_dp1_dc1_ud1_nb2000	371	2	4cd07f8f33b23519
normal_dp1_dc1_ud1_nb2000	372	3	97ef6c6486301c0d
normal_dp1_dc1_ud1_nb2000	373	5	c45f4864686173b7
normal_dp1_dc1_ud1_nb2000	374	55	30bf12f5a8607cb6
normal_dp1_dc1_ud1_nb2000	375	47	18e59f2ad150c7a3
normal_dp1_dc1_ud1_nb2000	376	8	a92efd60205398cf
normal_dp1_dc1_ud1_nb2000	377	2	c417926d6aea0d9a
normal_dp1_dc1_ud1_nb2000	378	4	a06e054f270ac1cf
normal_dp1_dc1_ud1_nb2000	379	8	f7bf4b46fdb7bfe6
normal_dp1_dc1_ud1_nb2000	380	58	0f5b6662316a11c5
normal_dp1_dc1_ud1_nb2000	381	3	b1f6b2765a452e84
normal_dp1_dc1_ud1_nb2000	382	2	ee235b847f480214
normal_dp1_dc1_ud1_nb2000	383	2	1ca0393d8d48778c
normal_dp1_dc1_ud1_nb2000	384	2	17487eeaec684a5e
normal_dp1_dc1_ud1_nb2000	385	2	60e9a85e50134bc4
normal_dp1_dc1_ud1_nb2000	386	123	2363f3e600277ba7
normal_dp1_dc1_ud1_nb2000	387	8	733e113fa41c4d5b
normal_dp1_dc1_ud1_nb2000	388	64	afd9317a2211d0fa
normal_dp1_dc1_ud1_nb2000	389	43	6c88adf900ed1e8a
normal_dp1_dc1_ud1_nb2000	390	7	1e514b22b438dfa3
normal_dp1_dc1_ud1_nb2000	391	7	109224eb648dc612
normal_dp1_dc1_ud1_nb2000	392	16	98dda3e153eadd6a
normal_dp1_dc1_ud1_nb2000	393	7	0ab9a0f8602eac2c
normal_dp1_dc1_ud1_nb2000	394	2	9e5b2dc50953735f
normal_dp1_dc1_ud1_nb2000	395	4	6122c00846bbbbae
normal_dp1_dc1_ud1_nb2000	396	18	331d40996af64802
normal_dp1_dc1_ud1_nb2000	397	49	c0a03acee2fc370f
normal_dp1_dc1_ud1_nb2000	398	144	3c7078f9bd1b86a3
normal_dp1_dc1_ud1_nb2000	399	4	3f607be684c580de
normal_dp1_dc0_ud0_nb0	0	2	fe3877f9123caf6f
normal_dp1_dc0_ud0_nb0	1	17	1cc9be5912e1ae61
normal_dp1_dc0_ud0_nb0	2	141	ac3c65f9002788b7
normal_dp1_dc0_ud0_nb0	3	3	04752421978926ff
normal_dp1_dc0_ud0_nb0	4	53	5c06eb5028c13b67
normal_dp1_dc0_ud0_nb0	5	3	35c41a2159b89123
normal_dp1_dc0_ud0_nb0	6	52	d87d0872a8e6d4f9
normal_dp1_dc0_ud0_nb0	7	126	177df46e6614f588
normal_dp1_dc0_ud0_nb0	8	117	baec0283eb54f335
normal_dp1_dc0_ud0_nb0	9	52	05ad8267fd4a5703
normal_dp1_dc0_ud0_nb0	10	48	fe7fadbdd74c14b4
normal_dp1_dc0_ud0_nb0	11	60	203cb72076576f8f
normal_dp1_dc0_ud0_nb0	12	5	cd9d2ab8d7d8e70b
normal_dp1_dc0_ud0_nb0	13	1	8610e9dda182bf42
normal_dp1_dc0_ud0_nb0	14	4	2e85190163e10d0c
normal_dp1_dc0_ud0_nb0	15	4	5de2856cfbed0b06
normal_dp1_dc0_ud0_nb0	16	24	3bd8cdd00c441549
normal_dp1_dc0_ud0_nb0	17	2	5420621e61e6b2de
normal_dp1_dc0_ud0_nb0	18	4	58a764840892cede
normal_dp1_dc0_ud0_nb0	19	1	9063f58a9e418e90
normal_dp1_dc0_ud0_nb0	20	46	265daf9d43ef5b38
normal_dp1_dc0_ud0_nb0	21	46	bd3620f70fc16b57
normal_dp1_dc0_ud0_nb0	22	2	b2b47f5335448eeb
normal_dp1_dc0_ud0_nb0	23	115	2bab040c1ff42fa2
normal_dp1_dc0_ud0_nb0	24	2	4ee24f53fa50f5fb
normal_dp1_dc0_ud0_nb0	25	2	210c11ef7723c39c
normal_dp1_dc0_ud0_nb0	26	22	c7e89938e8bdb34a
normal_dp1_dc0_ud0_nb0	27	2	7a76b7ba3a15016d
normal_dp1_dc0_ud0_nb0	28	3	2b3be05945eccc6d
normal_dp1_dc0_ud0_nb0	29	1	cb04c009a7a0f623
normal_dp1_dc0_ud0_nb0	30	5	69ec4105565c89a1
normal_dp1_dc0_ud0_nb0	31	2	115a740f9cd9a619
normal_dp1_dc0_ud0_nb0	32	124	d1ac19078fbca1a2
normal_dp1_dc0_ud0_nb0	33	3	fb073d01787c3389
normal_dp1_dc0_ud0_nb0	34	4	19a003b39818982e
normal_dp1_dc0_ud0_nb0	35	117	cc484c421fad78f7
normal_dp1_dc0_ud0_nb0	36	7	e5b73009a55ad265
normal_dp1_dc0_ud0_nb0	37	63	9a7e0f205dd07083
normal_dp1_dc0_ud0_nb0	38	19	2c8451cfc18a034d
normal_dp1_dc0_ud0_nb0	39	115	b8ed45531c329ea2
normal_dp1_dc0_ud0_nb0	40	131	a3a356cd287dded0
normal_dp1_dc0_ud0_nb0	41	24	7cd28e4b74c4982e
normal_dp1_dc0_ud0_nb0	42	8	d478843d9d8f0829
normal_dp1_dc0_ud0_nb0	43	1	5b21a5ec2f985d77
normal_dp1_dc0_ud0_nb0	44	2	8946d53fe3b107ce
normal_dp1_dc0_ud0_nb0	45	7	bcd0e6f6073295b3
normal_dp1_dc0_ud0_nb0	46	17	2b3f0e64de30d21f
normal_dp1_dc0_ud0_nb0	47	54	a8a3b53a2cf5f180
normal_dp1_dc0_ud0_nb0	48	5	fbbc98c0c89a3eb6
normal_dp1_dc0_ud0_nb0	49	4	682fb7ad4c45f435
normal_dp1_dc0_ud0_nb0	50	3	fd89f6049da2aafa
normal_dp1_dc0_ud0_nb0	51	23	9f735a1929b5126d
normal_dp1_dc0_ud0_nb0	52	2	fd08e8dd823f631e
normal_dp1_dc0_ud0_nb0	53	6	b61b87c29ab88279
normal_dp1_dc0_ud0_nb0	54	3	662b542a83cdcabd
normal_dp1_dc0_ud0_nb0	55	52	234e860adfe14831
normal_dp1_dc0_ud0_nb0	56	9	21ef0eff9bc27471
normal_dp1_dc0_ud0_nb0	57	2	d8c21a02c79c5d2f
normal_dp1_dc0_ud0_nb0	58	3	6a5b37258e941d28
normal_dp1_dc0_ud0_nb0	59	20	54a57894686b93d5
normal_dp1_dc0_ud0_nb0	60	3	90e544c7aa820b5e
normal_dp1_dc0_ud0_nb0	61	2	50c0e5e565e77d9f
normal_dp1_dc0_ud0_nb0	62	3	490e58d435ecad3e
normal_dp1_dc0_ud0_nb0	63	17	20f8b027f1304aa0
normal_dp1_dc0_ud0_nb0	64	45	f9cb6581e07fc3d2
normal_dp1_dc0_ud0_nb0	65	5	ef54a424735e7ba8
normal_dp1_dc0_ud0_nb0	66	2	183418e639303309
normal_dp1_dc0_ud0_nb0	67	6	8259cff31eddaa7e
normal_dp1_dc0_ud0_nb0	68	5	3c9e4c88094cbbfb
normal_dp1_dc0_ud0_nb0	69	51	d6a9301b4677c64e
normal_dp1_dc0_ud0_nb0	70	5	f08af93532a2f6cd
normal_dp1_dc0_ud0_nb0	71	11	8c30854b80cbff79
normal_dp1_dc0_ud0_nb0	72	18	8b2fdeecc5367d2e
normal_dp1_dc0_ud0_nb0	73	43	99ca928933e56269
normal_dp1_dc0_ud0_nb0	74	2	c00d92a30f546d81
normal_dp1_dc0_ud0_nb0	75	2	60d11ac02cca1f5c
normal_dp1_dc0_ud0_nb0	76	51	11fa9227fb4e86b2
normal_dp1_dc0_ud0_nb0	77	2	72f99e536ffd074b
normal_dp1_dc0_ud0_nb0	78	2	8a316a4cbf248e78
normal_dp1_dc0_ud0_nb0	79	12	5de65479b9535c0a
normal_dp1_dc0_ud0_nb0	80	1	52b4ae3df5b68646
normal_dp1_dc0_ud0_nb0	81	6	ff827455272f1a80
normal_dp1_dc0_ud0_nb0	82	125	cbe19695ab5cc583
normal_dp1_dc0_ud0_nb0	83	4	18c6172a2b20dab9
normal_dp1_dc0_ud0_nb0	84	3	98be6817fedd840d
normal_dp1_dc0_ud0_nb0	85	51	7b66c3af2a7bfb21
normal_dp1_dc0_ud0_nb0	86	6	18191c8901aa16ba
normal_dp1_dc0_ud0_nb0	87	19	60571d37f85a477d
normal_dp1_dc0_ud0_nb0	88	21	213fe18ea9153a96
normal_dp1_dc0_ud0_nb0	89	134	b39b4cfea77dea9b
normal_dp1_dc0_ud0_nb0	90	2	7ac3584624571a10
normal_dp1_dc0_ud0_nb0	91	120	4617f3464f02f61f
normal_dp1_dc0_ud0_nb0	92	4	60bbda28de9b1fb0
normal_dp1_dc0_ud0_nb0	93	6	8041e288b4fe476e
normal_dp1_dc0_ud0_nb0	94	6	98a1472c66a9b589
normal_dp1_dc0_ud0_nb0	95	114	c29733516dc9eda3
normal_dp1_dc0_ud0_nb0	96	60	290661cebc03fa8c
normal_dp1_dc0_ud0_nb0	97	5	61d9d102b34e1726
normal_dp1_dc0_ud0_nb0	98	3	66accd03b9beeea3
normal_dp1_dc0_ud0_nb0	99	7	9082acb1aa570b2b
normal_dp1_dc0_ud0_nb0	100	6	bd521a92b18247d9
normal_dp1_dc0_ud0_nb0	101	2	3ff37d05d9e89fc7
normal_dp1_dc0_ud0_nb0	102	47	330a4fb43bca84d2
normal_dp1_dc0_ud0_nb0	103	24	8dbfd0dcb9e727a8
normal_dp1_dc0_ud0_nb0	104	1	2aa86b7d09c4fa67
normal_dp1_dc0_ud0_nb0	105	2	5e1645b8765c83f3
normal_dp1_dc0_ud0_nb0	106	19	a0ffab9c0ede9e36
normal_dp1_dc0_ud0_nb0	107	135	9cce8ac0d0dae71d
normal_dp1_dc0_ud0_nb0	108	47	51bc2ffa8f878d3e
normal_dp1_dc0_ud0_nb0	109	20	ce9630af81038d40
normal_dp1_dc0_ud0_nb0	110	5	0929f46f2e6878c7
normal_dp1_dc0_ud0_nb0	111	3	01911c6ee2172564
normal_dp1_dc0_ud0_nb0	112	3	616126a74fbcf785
normal_dp1_dc0_ud0_nb0	113	1	ce908bdfd8c62477
normal_dp1_dc0_ud0_nb0	114	108	72cec2fd2a318a96
normal_dp1_dc0_ud0_nb0	115	2	4190c4e5c47f9001
normal_dp1_dc0_ud0_nb0	116	2	5f2151cdb5d26008
normal_dp1_dc0_ud0_nb0	117	118	21a2db542954b17c
normal_dp1_dc0_ud0_nb0	118	122	42ec38396f200a32
normal_dp1_dc0_ud0_nb0	119	2	fa3b1b21769c99bc
normal_dp1_dc0_ud0_nb0	120	116	35601a5bce93682a
normal_dp1_dc0_ud0_nb0	121	58	ae3f2dd8ef307367
normal_dp1_dc0_ud0_nb0	122	135	e3ffd083e61b6925
normal_dp1_dc0_ud0_nb0	123	2	737f3e1167508935
normal_dp1_dc0_ud0_nb0	124	52	f43a6b6f4b8b2a33
normal_dp1_dc0_ud0_nb0	125	4	3ec7510780c15cda
normal_dp1_dc0_ud0_nb0	126	7	dabb0cde215466ff
normal_dp1_dc0_ud0_nb0	127	2	814dccc6d2006e69
normal_dp1_dc0_ud0_nb0	128	19	1b0c044a9b82bcb7
normal_dp1_dc0_ud0_nb0	129	53	3aeddd11fbdb7fb5
normal_dp1_dc0_ud0_nb0	130	2	af2325e713679114
normal_dp1_dc0_ud0_nb0	131	121	d4fc36b5420247c0
normal_dp1_dc0_ud0_nb0	132	126	0c041349e8e7392d
normal_dp1_dc0_ud0_nb0	133	2	80af669c13559a46
normal_dp1_dc0_ud0_nb0	134	9	c86de27979b93c2e
normal_dp1_dc0_ud0_nb0	135	1	4f4429788037f093
normal_dp1_dc0_ud0_nb0	136	2	cff4c6b51ab8d1e1
normal_dp1_dc0_ud0_nb0	137	3	1dc709adf506815a
normal_dp1_dc0_ud0_nb0	138	121	cb190c96f4ebe529
normal_dp1_dc0_ud0_nb0	139	118	83a9707cbe0fe875
normal_dp1_dc0_ud0_nb0	140	5	d0eb69f59bc41631
normal_dp1_dc0_ud0_nb0	141	5	e012e7b369b410f6
normal_dp1_dc0_ud0_nb0	142	7	7f1078ad70fd6600
normal_dp1_dc0_ud0_nb0	143	2	6ff6b8bc6619ae66
normal_dp1_dc0_ud0_nb0	144	7	e2b7e4ea969c25b3
normal_dp1_dc0_ud0_nb0	145	41	2220f95de36de30a
normal_dp1_dc0_ud0_nb0	146	59	06c4818e6d885599
normal_dp1_dc0_ud0_nb0	147	14	286cf56322bdea4f
normal_dp1_dc0_ud0_nb0	148	18	797306ee66936809
normal_dp1_dc0_ud0_nb0	149	2	0e7a7d4215ecf15a
normal_dp1_dc0_ud0_nb0	150	4	a8d155a0060fcc7c
normal_dp1_dc0_ud0_nb0	151	5	29ec5580ac044ccc
normal_dp1_dc0_ud0_nb0	152	57	cf992200bb323796
normal_dp1_dc0_ud0_nb0	153	139	84be2b69e5076913
normal_dp1_dc0_ud0_nb0	154	2	60a2b5c9c2e0e62a
normal_dp1_dc0_ud0_nb0	155	52	bed33b65cc7f23f2
normal_dp1_dc0_ud0_nb0	156	22	744e6054cf572359
normal_dp1_dc0_ud0_nb0	157	3	6a36bc7972855e92
normal_dp1_dc0_ud0_nb0	158	3	c66d8bfa148e1a07
normal_dp1_dc0_ud0_nb0	159	50	0a23b5918db9d03a
normal_dp1_dc0_ud0_nb0	160	7	af225a9e313bd07a
normal_dp1_dc0_ud0_nb0	161	2	a1619a4837419d10
normal_dp1_dc0_ud0_nb0	162	125	3bfeda8616fd7a33
normal_dp1_dc0_ud0_nb0	163	7	806ea40904ff7eeb
normal_dp1_dc0_ud0_nb0	164	2	e08c08885d04564b
normal_dp1_dc0_ud0_nb0	165	3	5c538693c1431f4b
normal_dp1_dc0_ud0_nb0	166	135	ec79d74af16bc426
normal_dp1_dc0_ud0_nb0	167	55	d53de6136e57a64f
normal_dp1_dc0_ud0_nb0	168	2	7f186e27c595ab14
normal_dp1_dc0_ud0_nb0	169	8	50b094fe969e79f8
normal_dp1_dc0_ud0_nb0	170	2	9a10e7aed7584972
normal_dp1_dc0_ud0_nb0	171	49	e924b8d9146bcb4f
normal_dp1_dc0_ud0_nb0	172	5	fc512fe2c21e0fa5
normal_dp1_dc0_ud0_nb0	173	6	19b5bf88aa1621da
normal_dp1_dc0_ud0_nb0	174	15	cfa182e0ef896a8b
normal_dp1_dc0_ud0_nb0	175	2	72c15ba8f0c9d153
normal_dp1_dc0_ud0_nb0	176	134	e02da8a930edbd7f
normal_dp1_dc0_ud0_nb0	177	2	bd0ecdb7188c9a68
normal_dp1_dc0_ud0_nb0	178	2	edb8b080a73ec176
normal_dp1_dc0_ud0_nb0	179	42	0467417239e699e3
normal_dp1_dc0_ud0_nb0	180	123	1e9dda303380d35c
normal_dp1_dc0_ud0_nb0	181	57	f6726eb4f74738a0
normal_dp1_dc0_ud0_nb0	182	6	b5bec723cdeb5f21
normal_dp1_dc0_ud0_nb0	183	2	f715da348003fd36
normal_dp1_dc0_ud0_nb0	184	7	1f54f8727150652f
normal_dp1_dc0_ud0_nb0	185	115	a235830b27cabe55
normal_dp1_dc0_ud0_nb0	186	2	f4c5fe0c958f3e6d
normal_dp1_dc0_ud0_nb0	187	46	73414677bf931c21
normal_dp1_dc0_ud0_nb0	188	3	497372c349c1b597
normal_dp1_dc0_ud0_nb0	189	3	4275562cef33e65f
normal_dp1_dc0_ud0_nb0	190	3	01ea72aab73b6f2d
normal_dp1_dc0_ud0_nb0	191	136	af36bb7983edde43
normal_dp1_dc0_ud0_nb0	192	5	ae1a712b3ffd0260
normal_dp1_dc0_ud0_nb0	193	3	9d88783521a38ff1
normal_dp1_dc0_ud0_nb0	194	48	fe02a604461b26a4
normal_dp1_dc0_ud0_nb0	195	45	5c80478cf09b8ce8
normal_dp1_dc0_ud0_nb0	196	132	0f328fb0424bfbf4
normal_dp1_dc0_ud0_nb0	197	7	d29623dcd610ad0f
normal_dp1_dc0_ud0_nb0	198	2	9ae12495235be9b1
normal_dp1_dc0_ud0_nb0	199	9	bb624c201e4e9cc4
normal_dp1_dc0_ud0_nb0	200	55	be174d9e231cd8f9
normal_dp1_dc0_ud0_nb0	201	5	35f561dd999af5d4
normal_dp1_dc0_ud0_nb0	202	3	9867b26f89bd75b4
normal_dp1_dc0_ud0_nb0	203	18	226e3d31443203c5
normal_dp1_dc0_ud0_nb0	204	48	c80c7983e2d11749
normal_dp1_dc0_ud0_nb0	205	9	d4ae11a0420b041b
normal_dp1_dc0_ud0_nb0	206	136	dbf51918bf676caa
normal_dp1_dc0_ud0_nb0	207	59	d54f55c0394b7ef2
normal_dp1_dc0_ud0_nb0	208	45	e46aa4b65ae02a25
normal_dp1_dc0_ud0_nb0	209	2	7e406aca15207b29
normal_dp1_dc0_ud0_nb0	210	2	4143f74e30e91d3c
normal_dp1_dc0_ud0_nb0	211	8	578b5a7244c9cf66
normal_dp1_dc0_ud0_nb0	212	9	e7c15e9c132f5e9f
normal_dp1_dc0_ud0_nb0	213	3	edd5359814ad33df
normal_dp1_dc0_ud0_nb0	214	15	a0861d4f20b809f4
normal_dp1_dc0_ud0_nb0	215	5	74ba7792595c3310
normal_dp1_dc0_ud0_nb0	216	47	05d276b1de2b1520
normal_dp1_dc0_ud0_nb0	217	6	46526c287d5945e7
normal_dp1_dc0_ud0_nb0	218	7	8985312184445782
normal_dp1_dc0_ud0_nb0	219	4	dd2e7bf50bbc166f
normal_dp1_dc0_ud0_nb0	220	14	31b6dd99f833b867
normal_dp1_dc0_ud0_nb0	221	7	ade4e2b9128d0a25
normal_dp1_dc0_ud0_nb0	222	2	155847d504fd75bd
normal_dp1_dc0_ud0_nb0	223	2	4dbbca2216f7ac7b
normal_dp1_dc0_ud0_nb0	224	4	3eb10ddb53008a08
normal_dp1_dc0_ud0_nb0	225	2	2832a96cf84da5d8
normal_dp1_dc0_ud0_nb0	226	128	7ba47bc2232da8f0
normal_dp1_dc0_ud0_nb0	227	1	46eb868fb6e063a1
normal_dp1_dc0_ud0_nb0	228	22	69c3dd6270d972ab
normal_dp1_dc0_ud0_nb0	229	3	fbdd82a8dd59592c
normal_dp1_dc0_ud0_nb0	230	41	86049af10fcb5446
normal_dp1_dc0_ud0_nb0	231	4	0f4f24f624930d64
normal_dp1_dc0_ud0_nb0	232	2	8266c8aed1bb63ae
normal_dp1_dc0_ud0_nb0	233	26	5187808aff5433aa
normal_dp1_dc0_ud0_nb0	234	2	e4ca63a93d69cb1f
normal_dp1_dc0_ud0_nb0	235	41	dbf186e38664e18c
normal_dp1_dc0_ud0_nb0	236	2	d481bfb675d614dd
normal_dp1_dc0_ud0_nb0	237	3	51749904d3065bf0
normal_dp1_dc0_ud0_nb0	238	19	8833eace39f7c5ce
normal_dp1_dc0_ud0_nb0	239	2	4b70e50b8edc6292
normal_dp1_dc0_ud0_nb0	240	4	11399b68410123df
normal_dp1_dc0_ud0_nb0	241	3	b2635722d8d798e2
normal_dp1_dc0_ud0_nb0	242	5	dcae176c8012b891
normal_dp1_dc0_ud0_nb0	243	17	3220613e19ad51ec
normal_dp1_dc0_ud0_nb0	244	2	a4dda3ae9e4f0f85
normal_dp1_dc0_ud0_nb0	245	20	ed362c1051d17f0d
normal_dp1_dc0_ud0_nb0	246	128	65ae3e2cb248556c
normal_dp1_dc0_ud0_nb0	247	3	e0853c840dd1fdaf
normal_dp1_dc0_ud0_nb0	248	48	b40a9b6fd6af7eae
normal_dp1_dc0_ud0_nb0	249	133	24e28927f3f9ec0f
normal_dp1_dc0_ud0_nb0	250	55	b2bf885d9ea9f8c0
normal_dp1_dc0_ud0_nb0	251	54	6ecdef06fc50bb37
normal_dp1_dc0_ud0_nb0	252	5	8c963a2c9ca6b239
normal_dp1_dc0_ud0_nb0	253	5	68447a6baef27bb5
normal_dp1_dc0_ud0_nb0	254	6	5d4c55fc5ab69382
normal_dp1_dc0_ud0_nb0	255	50	e9d2419169658411
normal_dp1_dc0_ud0_nb0	256	2	551a63c2d76181f6
normal_dp1_dc0_ud0_nb0	257	9	356ed3703e436ed3
normal_dp1_dc0_ud0_nb0	258	62	8f593e0029a61a3f
normal_dp1_dc0_ud0_nb0	259	21	2137a94346edfa43
normal_dp1_dc0_ud0_nb0	260	2	adbb7c7175eb6e52
normal_dp1_dc0_ud0_nb0	261	2	f76307a603dd2a5d
normal_dp1_dc0_ud0_nb0	262	4	c2feb94c266cb896
normal_dp1_dc0_ud0_nb0	263	4	26ad5b1db2402826
normal_dp1_dc0_ud0_nb0	264	23	f3ebca8b04b2c17e
normal_dp1_dc0_ud0_nb0	265	3	9f8d916961924fb4
normal_dp1_dc0_ud0_nb0	266	4	bb31c52b28bb81b0
normal_dp1_dc0_ud0_nb0	267	3	318574d728fb4773
normal_dp1_dc0_ud0_nb0	268	1	25aef9909dfea048
normal_dp1_dc0_ud0_nb0	269	52	3e9f0b852e3e2122
normal_dp1_dc0_ud0_nb0	270	21	52e5c23aef9a7c88
normal_dp1_dc0_ud0_nb0	271	117	6fa3c71816f6c58a
normal_dp1_dc0_ud0_nb0	272	51	e7bea4115b7aa47f
normal_dp1_dc0_ud0_nb0	273	2	6f51285605f5b665
normal_dp1_dc0_ud0_nb0	274	26	7689d104468df279
normal_dp1_dc0_ud0_nb0	275	3	33846b194a9c5819
normal_dp1_dc0_ud0_nb0	276	128	13e8d2360b36ef62
normal_dp1_dc0_ud0_nb0	277	7	8c70cecc8aa87c82
normal_dp1_dc0_ud0_nb0	278	114	24ef7f9c9cbe2191
normal_dp1_dc0_ud0_nb0	279	24	1df639b36edc2fb3
normal_dp1_dc0_ud0_nb0	280	3	20205e6f2da9609c
normal_dp1_dc0_ud0_nb0	281	1	3abc652ea33e17a5
normal_dp1_dc0_ud0_nb0	282	2	9a10022c0daaddb3
normal_dp1_dc0_ud0_nb0	283	18	b5d03e8ca31bb60b
normal_dp1_dc0_ud0_nb0	284	5	33be49397f38c1c0
normal_dp1_dc0_ud0_nb0	285	15	c5e1c9d0dc12576e
normal_dp1_dc0_ud0_nb0	286	10	ffcd04acf22df2f6
normal_dp1_dc0_ud0_nb0	287	138	17e8a6987b142751
normal_dp1_dc0_ud0_nb0	288	4	79393d37bfeeb318
normal_dp1_dc0_ud0_nb0	289	1	adf4e0e63c574ffd
normal_dp1_dc0_ud0_nb0	290	2	0f3051d3fcbf1a41
normal_dp1_dc0_ud0_nb0	291	135	8b490a3145afbe02
normal_dp1_dc0_ud0_nb0	292	3	97def42dec590a3f
normal_dp1_dc0_ud0_nb0	293	118	d6ad307697e85869
normal_dp1_dc0_ud0_nb0	294	52	09f1110f71881ad6
normal_dp1_dc0_ud0_nb0	295	1	6d6c9be064bbef04
normal_dp1_dc0_ud0_nb0	296	126	45fd614c086277c8
normal_dp1_dc0_ud0_nb0	297	139	deca60664017310c
normal_dp1_dc0_ud0_nb0	298	2	b4231c8b8bf14136
normal_dp1_dc0_ud0_nb0	299	1	ec9a11734f43ecd8
normal_dp1_dc0_ud0_nb0	300	5	3f94bc087489c8e4
normal_dp1_dc0_ud0_nb0	301	42	4d07a7eda7d69947
normal_dp1_dc0_ud0_nb0	302	8	1e5b6fdd3a4d4e63
normal_dp1_dc0_ud0_nb0	303	6	adb56fe1642e028b
normal_dp1_dc0_ud0_nb0	304	5	e7fe22ccd9ba11f5
normal_dp1_dc0_ud0_nb0	305	22	00484b3979eb2cb5
normal_dp1_dc0_ud0_nb0	306	8	de2a57432debf637
normal_dp1_dc0_ud0_nb0	307	21	1d5ca5bd1b41f926
normal_dp1_dc0_ud0_nb0	308	120	3450f887471ec903
normal_dp1_dc0_ud0_nb0	309	2	49f285d1dbd9cded
normal_dp1_dc0_ud0_nb0	310	3	a19a9ddc616bc40b
normal_dp1_dc0_ud0_nb0	311	3	d22ff6030491e306
normal_dp1_dc0_ud0_nb0	312	49	c6186c8afdbd355a
normal_dp1_dc0_ud0_nb0	313	51	eb3c2db36574c6c6
normal_dp1_dc0_ud0_nb0	314	56	3e76425a6c6878cd
normal_dp1_dc0_ud0_nb0	315	1	1ab4e6773c971447
normal_dp1_dc0_ud0_nb0	316	130	490ae25debc8208b
normal_dp1_dc0_ud0_nb0	317	5	a57c653d40b9330e
normal_dp1_dc0_ud0_nb0	318	3	0be369303603bc54
normal_dp1_dc0_ud0_nb0	319	123	28c179c4c649fdd5
normal_dp1_dc0_ud0_nb0	320	26	c994bfb7552b74b5
normal_dp1_dc0_ud0_nb0	321	17	5b0a7dfff0b9c268
normal_dp1_dc0_ud0_nb0	322	53	d043eb405e3569e3
normal_dp1_dc0_ud0_nb0	323	18	f15b3365695f4f6c
normal_dp1_dc0_ud0_nb0	324	23	cb0649e27745997d
normal_dp1_dc0_ud0_nb0	325	6	ba61619909836ace
normal_dp1_dc0_ud0_nb0	326	49	8a9d531d9cb078f1
normal_dp1_dc0_ud0_nb0	327	3	d1fb661b574d678c
normal_dp1_dc0_ud0_nb0	328	7	564bb8edfe92bf9a
normal_dp1_dc0_ud0_nb0	329	2	461827dfc2a8b43f
normal_dp1_dc0_ud0_nb0	330	59	24d143c271d2927c
normal_dp1_dc0_ud0_nb0	331	1	a1b05ad8878eddbd
normal_dp1_dc0_ud0_nb0	332	50	cb72812b554fc6f0
normal_dp1_dc0_ud0_nb0	333	55	f2f1e5d882fb0c37
normal_dp1_dc0_ud0_nb0	334	119	e84de487078dc164
normal_dp1_dc0_ud0_nb0	335	18	d0dbfaf97facac8d
normal_dp1_dc0_ud0_nb0	336	49	c394ee78bacdd2d3
normal_dp1_dc0_ud0_nb0	337	8	027765e0cef51c1c
normal_dp1_dc0_ud0_nb0	338	49	9110733812730ca4
normal_dp1_dc0_ud0_nb0	339	61	b2587ba4323d77f8
normal_dp1_dc0_ud0_nb0	340	23	83cc50944a70869a
normal_dp1_dc0_ud0_nb0	341	2	ad98a9842eda811a
normal_dp1_dc0_ud0_nb0	342	25	336280dbb4f5bf4a
normal_dp1_dc0_ud0_nb0	343	136	0d6816d3a1fb872e
normal_dp1_dc0_ud0_nb0	344	6	5f1b071befe1b3b9
normal_dp1_dc0_ud0_nb0	345	24	a3c094ff70dad61f
normal_dp1_dc0_ud0_nb0	346	54	b955144e2bedda14
normal_dp1_dc0_ud0_nb0	347	2	73786eace44df5fe
normal_dp1_dc0_ud0_nb0	348	5	a3cd0c88ea908c0a
normal_dp1_dc0_ud0_nb0	349	19	7dd7b1bc55e0f86e
normal_dp1_dc0_ud0_nb0	350	8	677ae48c18a62575
normal_dp1_dc0_ud0_nb0	351	6	8f1fbe3d0f72da7e
normal_dp1_dc0_ud0_nb0	352	1	8424221c01ab377a
normal_dp1_dc0_ud0_nb0	353	21	86a46489ddb61ddd
normal_dp1_dc0_ud0_nb0	354	2	5bda2ca495a4ab74
normal_dp1_dc0_ud0_nb0	355	3	a581d4f3412436ff
normal_dp1_dc0_ud0_nb0	356	1	0de197205f786e7e
normal_dp1_dc0_ud0_nb0	357	18	75dd934b81e7c218
normal_dp1_dc0_ud0_nb0	358	2	f9fa6bf430f95da3
normal_dp1_dc0_ud0_nb0	359	2	2528591461d93ca8
normal_dp1_dc0_ud0_nb0	360	7	920d478d9a1f0969
normal_dp1_dc0_ud0_nb0	361	2	c6d90e3c7d693bdd
normal_dp1_dc0_ud0_nb0	362	50	f9f9ed136ec5db26
normal_dp1_dc0_ud0_nb0	363	120	c5ba63010cef303b
normal_dp1_dc0_ud0_nb0	364	7	ffd5dab670422ca6
normal_dp1_dc0_ud0_nb0	365	2	0acbb33a757090a6
normal_dp1_dc0_ud0_nb0	366	2	198c1f0846c5965f
normal_dp1_dc0_ud0_nb0	367	8	983f5743d9aa7e64
normal_dp1_dc0_ud0_nb0	368	1	eef15e6694a23b83
normal_dp1_dc0_ud0_nb0	369	19	b894b56cac22eb0f
normal_dp1_dc0_ud0_nb0	370	6	c2b6a6d77ac0c54c
normal_dp1_dc0_ud0_nb0	371	2	4cd07f8f33b23519
normal_dp1_dc0_ud0_nb0	372	3	97ef6c6486301c0d
normal_dp1_dc0_ud0_nb0	373	5	c45f4864686173b7
normal_dp1_dc0_ud0_nb0	374	52	1a029f9aab0e8da7
normal_dp1_dc0_ud0_nb0	375	47	18e59f2ad150c7a3
normal_dp1_dc0_ud0_nb0	376	8	a92efd60205398cf
normal_dp1_dc0_ud0_nb0	377	2	c417926d6aea0d9a
normal_dp1_dc0_ud0_nb0	378	4	a06e054f270ac1cf
normal_dp1_dc0_ud0_nb0	379	8	f7bf4b46fdb7bfe6
normal_dp1_dc0_ud0_nb0	380	55	a7501b262b77a302
normal_dp1_dc0_ud0_nb0	381	3	b1f6b2765a452e84
normal_dp1_dc0_ud0_nb0	382	2	ee235b847f480214
normal_dp1_dc0_ud0_nb0	383	2	1ca0393d8d48778c
normal_dp1_dc0_ud0_nb0	384	2	17487eeaec684a5e
normal_dp1_dc0_ud0_nb0	385	2	60e9a85e50134bc4
normal_dp1_dc0_ud0_nb0	386	123	2363f3e600277ba7
normal_dp1_dc0_ud0_nb0	387	8	733e113fa41c4d5b
normal_dp1_dc0_ud0_nb0	388	64	afd9317a2211d0fa
normal_dp1_dc0_ud0_nb0	389	43	6c88adf900ed1e8a
normal_dp1_dc0_ud0_nb0	390	7	1e514b22b438dfa3
normal_dp1_dc0_ud0_nb0	391	7	109224eb648dc612
normal_dp1_dc0_ud0_nb0	392	16	98dda3e153eadd6a
normal_dp1_dc0_ud0_nb0	393	7	0ab9a0f8602eac2c
normal_dp1_dc0_ud0_nb0	394	2	9e5b2dc50953735f
normal_dp1_dc0_ud0_nb0	395	4	6122c00846bbbbae
normal_dp1_dc0_ud0_nb0	396	18	331d40996af64802
normal_dp1_dc0_ud0_nb0	397	49	c0a03acee2fc370f
normal_dp1_dc0_ud0_nb0	398	144	3c7078f9bd1b86a3
normal_dp1_dc0_ud0_nb0	399	4	3f607be684c580de
normal_dp1_dc0_ud0_nb2000	0	2	fe3877f9123caf6f
normal_dp1_dc0_ud0_nb2000	1	17	1cc9be5912e1ae61
normal_dp1_dc0_ud0_nb2000	2	141	ac3c65f9002788b7
normal_dp1_dc0_ud0_nb2000	3	3	04752421978926ff
normal_dp1_dc0_ud0_nb2000	4	53	231ed8efa9d8a32b
normal_dp1_dc0_ud0_nb2000	5	3	35c41a2159b89123
normal_dp1_dc0_ud0_nb2000	6	52	d87d0872a8e6d4f9
normal_dp1_dc0_ud0_nb2000	7	126	177df46e6614f588
normal_dp1_dc0_ud0_nb2000	8	117	baec0283eb54f335
normal_dp1_dc0_ud0_nb2000	9	52	05ad8267fd4a5703
normal_dp1_dc0_ud0_nb2000	10	48	fe7fadbdd74c14b4
normal_dp1_dc0_ud0_nb2000	11	60	203cb72076576f8f
normal_dp1_dc0_ud0_nb2000	12	5	cd9d2ab8d7d8e70b
normal_dp1_dc0_ud0_nb2000	13	1	8610e9dda182bf42
normal_dp1_dc0_ud0_nb2000	14	4	2e85190163e10d0c
normal_dp1_dc0_ud0_nb2000	15	4	5de2856cfbed0b06
normal_dp1_dc0_ud0_nb2000	16	24	3bd8cdd00c441549
normal_dp1_dc0_ud0_nb2000	17	2	5420621e61e6b2de
normal_dp1_dc0_ud0_nb2000	18	4	58a764840892cede
normal_dp1_dc0_ud0_nb2000	19	1	9063f58a9e418e90
normal_dp1_dc0_ud0_nb2000	20	46	265daf9d43ef5b38
normal_dp1_dc0_ud0_nb2000	21	46	bd3620f70fc16b57
normal_dp1_dc0_ud0_nb2000	22	2	b2b47f5335448eeb
normal_dp1_dc0_ud0_nb2000	23	115	2bab040c1ff42fa2
normal_dp1_dc0_ud0_nb2000	24	2	4ee24f53fa50f5fb
normal_dp1_dc0_ud0_nb2000	25	2	210c11ef7723c39c
normal_dp1_dc0_ud0_nb2000	26	22	c7e89938e8bdb34a
normal_dp1_dc0_ud0_nb2000	27	2	7a76b7ba3a15016d
normal_dp1_dc0_ud0_nb2000	28	3	2b3be05945eccc6d
normal_dp1_dc0_ud0_nb2000	29	1	cb04c009a7a0f623
normal_dp1_dc0_ud0_nb2000	30	5	69ec4105565c89a1
normal_dp1_dc0_ud0_nb2000	31	2	115a740f9cd9a619
normal_dp1_dc0_ud0_nb2000	32	124	d1ac19078fbca1a2
normal_dp1_dc0_ud0_nb2000	33	3	fb073d01787c3389
normal_dp1_dc0_ud0_nb2000	34	4	19a003b39818982e
normal_dp1_dc0_ud0_nb2000	35	117	cc484c421fad78f7
normal_dp1_dc0_ud0_nb2000	36	7	e5b73009a55ad265
normal_dp1_dc0_ud0_nb2000	37	63	9a7e0f205dd07083
normal_dp1_dc0_ud0_nb2000	38	19	2c8451cfc18a034d
normal_dp1_dc0_ud0_nb2000	39	117	c681a3387c7a74c2
normal_dp1_dc0_ud0_nb2000	40	131	a3a356cd287dded0
normal_dp1_dc0_ud0_nb2000	41	24	7cd28e4b74c4982e
normal_dp1_dc0_ud0_nb2000	42	8	d478843d9d8f0829
normal_dp1_dc0_ud0_nb2000	43	1	5b21a5ec2f985d77
normal_dp1_dc0_ud0_nb2000	44	2	8946d53fe3b107ce
normal_dp1_dc0_ud0_nb2000	45	7	bcd0e6f6073295b3
normal_dp1_dc0_ud0_nb2000	46	17	2b3f0e64de30d21f
normal_dp1_dc0_ud0_nb2000	47	54	a8a3b53a2cf5f180
normal_dp1_dc0_ud0_nb2000	48	5	fbbc98c0c89a3eb6
normal_dp1_dc0_ud0_nb2000	49	4	682fb7ad4c45f435
normal_dp1_dc0_ud0_nb2000	50	3	fd89f6049da2aafa
normal_dp1_dc0_ud0_nb2000	51	23	9f735a1929b5126d
normal_dp1_dc0_ud0_nb2000	52	2	fd08e8dd823f631e
normal_dp1_dc0_ud0_nb2000	53	6	b61b87c29ab88279
normal_dp1_dc0_ud0_nb2000	54	3	662b542a83cdcabd
normal_dp1_dc0_ud0_nb2000	55	52	234e860adfe14831
normal_dp1_dc0_ud0_nb2000	56	9	21ef0eff9bc27471
normal_dp1_dc0_ud0_nb2000	57	2	d8c21a02c79c5d2f
normal_dp1_dc0_ud0_nb2000	58	3	6a5b37258e941d28
normal_dp1_dc0_ud0_nb2000	59	20	54a57894686b93d5
normal_dp1_dc0_ud0_nb2000	60	3	90e544c7aa820b5e
normal_dp1_dc0_ud0_nb2000	61	2	50c0e5e565e77d9f
normal_dp1_dc0_ud0_nb2000	62	3	490e58d435ecad3e
normal_dp1_dc0_ud0_nb2000	63	17	20f8b027f1304aa0
normal_dp1_dc0_ud0_nb2000	64	45	f9cb6581e07fc3d2
normal_dp1_dc0_ud0_nb2000	65	5	ef54a424735e7ba8
normal_dp1_dc0_ud0_nb2000	66	2	183418e639303309
normal_dp1_dc0_ud0_nb2000	67	6	8259cff31eddaa7e
normal_dp1_dc0_ud0_nb2000	68	5	3c9e4c88094cbbfb
normal_dp1_dc0_ud0_nb2000	69	51	d6a9301b4677c64e
normal_dp1_dc0_ud0_nb2000	70	6	de8c5f9d34bede0d
normal_dp1_dc0_ud0_nb2000	71	11	8c30854b80cbff79
normal_dp1_dc0_ud0_nb2000	72	18	8b2fdeecc5367d2e
normal_dp1_dc0_ud0_nb2000	73	43	99ca928933e56269
normal_dp1_dc0_ud0_nb2000	74	2	c00d92a30f546d81
normal_dp1_dc0_ud0_nb2000	75	2	60d11ac02cca1f5c
normal_dp1_dc0_ud0_nb2000	76	51	11fa9227fb4e86b2
normal_dp1_dc0_ud0_nb2000	77	2	72f99e536ffd074b
normal_dp1_dc0_ud0_nb2000	78	2	8a316a4cbf248e78
normal_dp1_dc0_ud0_nb2000	79	12	5de65479b9535c0a
normal_dp1_dc0_ud0_nb2000	80	1	52b4ae3df5b68646
normal_dp1_dc0_ud0_nb2000	81	6	ff827455272f1a80
normal_dp1_dc0_ud0_nb2000	82	126	be94994222a56215
normal_dp1_dc0_ud0_nb2000	83	4	18c6172a2b20dab9
normal_dp1_dc0_ud0_nb2000	84	3	98be6817fedd840d
normal_dp1_dc0_ud0_nb2000	85	51	7b66c3af2a7bfb21
normal_dp1_dc0_ud0_nb2000	86	6	18191c8901aa16ba
normal_dp1_dc0_ud0_nb2000	87	19	60571d37f85a477d
normal_dp1_dc0_ud0_nb2000	88	21	213fe18ea9153a96
normal_dp1_dc0_ud0_nb2000	89	134	b39b4cfea77dea9b
normal_dp1_dc0_ud0_nb2000	90	2	7ac3584624571a10
normal_dp1_dc0_ud0_nb2000	91	120	4617f3464f02f61f
normal_dp1_dc0_ud0_nb2000	92	4	60bbda28de9b1fb0
normal_dp1_dc0_ud0_nb2000	93	6	8041e288b4fe476e
normal_dp1_dc0_ud0_nb2000	94	6	98a1472c66a9b589
normal_dp1_dc0_ud0_nb2000	95	114	c29733516dc9eda3
normal_dp1_dc0_ud0_nb2000	96	60	290661cebc03fa8c
normal_dp1_dc0_ud0_nb2000	97	5	61d9d102b34e1726
normal_dp1_dc0_ud0_nb2000	98	3	66accd03b9beeea3
normal_dp1_dc0_ud0_nb2000	99	7	9082acb1aa570b2b
normal_dp1_dc0_ud0_nb2000	100	6	bd521a92b18247d9
normal_dp1_dc0_ud0_nb2000	101	2	3ff37d05d9e89fc7
normal_dp1_dc0_ud0_nb2000	102	47	330a4fb43bca84d2
normal_dp1_dc0_ud0_nb2000	103	24	8dbfd0dcb9e727a8
normal_dp1_dc0_ud0_nb2000	104	1	2aa86b7d09c4fa67
normal_dp1_dc0_ud0_nb2000	105	2	5e1645b8765c83f3
normal_dp1_dc0_ud0_nb2000	106	19	a0ffab9c0ede9e36
normal_dp1_dc0_ud0_nb2000	107	135	9cce8ac0d0dae71d
normal_dp1_dc0_ud0_nb2000	108	47	51bc2ffa8f878d3e
normal_dp1_dc0_ud0_nb2000	109	20	ce9630af81038d40
normal_dp1_dc0_ud0_nb2000	110	5	0929f46f2e6878c7
normal_dp1_dc0_ud0_nb2000	111	3	01911c6ee2172564
normal_dp1_dc0_ud0_nb2000	112	3	616126a74fbcf785
normal_dp1_dc0_ud0_nb2000	113	1	ce908bdfd8c62477
normal_dp1_dc0_ud0_nb2000	114	108	72cec2fd2a318a96
normal_dp1_dc0_ud0_nb2000	115	2	4190c4e5c47f9001
normal_dp1_dc0_ud0_nb2000	116	2	5f2151cdb5d26008
normal_dp1_dc0_ud0_nb2000	117	118	21a2db542954b17c
normal_dp1_dc0_ud0_nb2000	118	122	42ec38396f200a32
normal_dp1_dc0_ud0_nb2000	119	2	fa3b1b21769c99bc
normal_dp1_dc0_ud0_nb2000	120	116	35601a5bce93682a
normal_dp1_dc0_ud0_nb2000	121	58	ae3f2dd8ef307367
normal_dp1_dc0_ud0_nb2000	122	135	e3ffd083e61b6925
normal_dp1_dc0_ud0_nb2000	123	2	737f3e1167508935
normal_dp1_dc0_ud0_nb2000	124	52	f43a6b6f4b8b2a33
normal_dp1_dc0_ud0_nb2000	125	4	3ec7510780c15cda
normal_dp1_dc0_ud0_nb2000	126	7	dabb0cde215466ff
normal_dp1_dc0_ud0_nb2000	127	2	814dccc6d2006e69
normal_dp1_dc0_ud0_nb2000	128	19	1b0c044a9b82bcb7
normal_dp1_dc0_ud0_nb2000	129	53	3aeddd11fbdb7fb5
normal_dp1_dc0_ud0_nb2000	130	2	af2325e713679114
normal_dp1_dc0_ud0_nb2000	131	121	d4fc36b5420247c0
normal_dp1_dc0_ud0_nb2000	132	127	60e36fb99a463e44
normal_dp1_dc0_ud0_nb2000	133	2	80af669c13559a46
normal_dp1_dc0_ud0_nb2000	134	9	c86de27979b93c2e
normal_dp1_dc0_ud0_nb2000	135	1	4f4429788037f093
normal_dp1_dc0_ud0_nb2000	136	2	cff4c6b51ab8d1e1
normal_dp1_dc0_ud0_nb2000	137	3	1dc709adf506815a
normal_dp1_dc0_ud0_nb2000	138	121	cb190c96f4ebe529
normal_dp1_dc0_ud0_nb2000	139	118	83a9707cbe0fe875
normal_dp1_dc0_ud0_nb2000	140	5	d0eb69f59bc41631
normal_dp1_dc0_ud0_nb2000	141	5	e012e7b369b410f6
normal_dp1_dc0_ud0_nb2000	142	7	7f1078ad70fd6600
normal_dp1_dc0_ud0_nb2000	143	2	6ff6b8bc6619ae66
normal_dp1_dc0_ud0_nb2000	144	7	e2b7e4ea969c25b3
normal_dp1_dc0_ud0_nb2000	145	41	2220f95de36de30a
normal_dp1_dc0_ud0_nb2000	146	59	06c4818e6d885599
normal_dp1_dc0_ud0_nb2000	147	14	286cf56322bdea4f
normal_dp1_dc0_ud0_nb2000	148	18	797306ee66936809
normal_dp1_dc0_ud0_nb2000	149	2	0e7a7d4215ecf15a
normal_dp1_dc0_ud0_nb2000	150	4	a8d155a0060fcc7c
normal_dp1_dc0_ud0_nb2000	151	5	29ec5580ac044ccc
normal_dp1_dc0_ud0_nb2000	152	58	ef8dd40aa870f49f
normal_dp1_dc0_ud0_nb2000	153	139	84be2b69e5076913
normal_dp1_dc0_ud0_nb2000	154	2	60a2b5c9c2e0e62a
normal_dp1_dc0_ud0_nb2000	155	52	bed33b65cc7f23f2
normal_dp1_dc0_ud0_nb2000	156	22	744e6054cf572359
normal_dp1_dc0_ud0_nb2000	157	3	6a36bc7972855e92
normal_dp1_dc0_ud0_nb2000	158	3	c66d8bfa148e1a07
normal_dp1_dc0_ud0_nb2000	159	50	0a23b5918db9d03a
normal_dp1_dc0_ud0_nb2000	160	7	af225a9e313bd07a
normal_dp1_dc0_ud0_nb2000	161	2	a1619a4837419d10
normal_dp1_dc0_ud0_nb2000	162	125	3bfeda8616fd7a33
normal_dp1_dc0_ud0_nb2000	163	7	806ea40904ff7eeb
normal_dp1_dc0_ud0_nb2000	164	2	e08c08885d04564b
normal_dp1_dc0_ud0_nb2000	165	3	5c538693c1431f4b
normal_dp1_dc0_ud0_nb2000	166	135	ec79d74af16bc426
normal_dp1_dc0_ud0_nb2000	167	55	d53de6136e57a64f
normal_dp1_dc0_ud0_nb2000	168	2	7f186e27c595ab14
normal_dp1_dc0_ud0_nb2000	169	8	50b094fe969e79f8
normal_dp1_dc0_ud0_nb2000	170	2	9a10e7aed7584972
normal_dp1_dc0_ud0_nb2000	171	50	b513722b1ad762cb
normal_dp1_dc0_ud0_nb2000	172	5	fc512fe2c21e0fa5
normal_dp1_dc0_ud0_nb2000	173	6	19b5bf88aa1621da
normal_dp1_dc0_ud0_nb2000	174	15	cfa182e0ef896a8b
normal_dp1_dc0_ud0_nb2000	175	2	72c15ba8f0c9d153
normal_dp1_dc0_ud0_nb2000	176	134	e02da8a930edbd7f
normal_dp1_dc0_ud0_nb2000	177	2	bd0ecdb7188c9a68
normal_dp1_dc0_ud0_nb2000	178	2	edb8b080a73ec176
normal_dp1_dc0_ud0_nb2000	179	42	0467417239e699e3
normal_dp1_dc0_ud0_nb2000	180	123	1e9dda303380d35c
normal_dp1_dc0_ud0_nb2000	181	57	f6726eb4f74738a0
normal_dp1_dc0_ud0_nb2000	182	6	b5bec723cdeb5f21
normal_dp1_dc0_ud0_nb2000	183	2	f715da348003fd36
normal_dp1_dc0_ud0_nb2000	184	7	1f54f8727150652f
normal_dp1_dc0_ud0_nb2000	185	115	a235830b27cabe55
normal_dp1_dc0_ud0_nb2000	186	2	f4c5fe0c958f3e6d
normal_dp1_dc0_ud0_nb2000	187	46	73414677bf931c21
normal_dp1_dc0_ud0_nb2000	188	3	497372c349c1b597
normal_dp1_dc0_ud0_nb2000	189	3	4275562cef33e65f
normal_dp1_dc0_ud0_nb2000	190	3	01ea72aab73b6f2d
normal_dp1_dc0_ud0_nb2000	191	136	af36bb7983edde43
normal_dp1_dc0_ud0_nb2000	192	5	ae1a712b3ffd0260
normal_dp1_dc0_ud0_nb2000	193	3	9d88783521a38ff1
normal_dp1_dc0_ud0_nb2000	194	48	fe02a604461b26a4
normal_dp1_dc0_ud0_nb2000	195	45	5c80478cf09b8ce8
normal_dp1_dc0_ud0_nb2000	196	133	34b973f333041fb5
normal_dp1_dc0_ud0_nb2000	197	7	d29623dcd610ad0f
normal_dp1_dc0_ud0_nb2000	198	2	9ae12495235be9b1
normal_dp1_dc0_ud0_nb2000	199	9	bb624c201e4e9cc4
normal_dp1_dc0_ud0_nb2000	200	55	be174d9e231cd8f9
normal_dp1_dc0_ud0_nb2000	201	5	35f561dd999af5d4
normal_dp1_dc0_ud0_nb2000	202	3	9867b26f89bd75b4
normal_dp1_dc0_ud0_nb2000	203	18	226e3d31443203c5
normal_dp1_dc0_ud0_nb2000	204	48	c80c7983e2d11749
normal_dp1_dc0_ud0_nb2000	205	9	d4ae11a0420b041b
normal_dp1_dc0_ud0_nb2000	206	136	dbf51918bf676caa
normal_dp1_dc0_ud0_nb2000	207	59	d54f55c0394b7ef2
normal_dp1_dc0_ud0_nb2000	208	45	e46aa4b65ae02a25
normal_dp1_dc0_ud0_nb2000	209	2	7e406aca15207b29
normal_dp1_dc0_ud0_nb2000	210	2	4143f74e30e91d3c
normal_dp1_dc0_ud0_nb2000	211	8	578b5a7244c9cf66
normal_dp1_dc0_ud0_nb2000	212	9	e7c15e9c132f5e9f
normal_dp1_dc0_ud0_nb2000	213	3	edd5359814ad33df
normal_dp1_dc0_ud0_nb2000	214	15	a0861d4f20b809f4
normal_dp1_dc0_ud0_nb2000	215	5	74ba7792595c3310
normal_dp1_dc0_ud0_nb2000	216	47	05d276b1de2b1520
normal_dp1_dc0_ud0_nb2000	217	6	46526c287d5945e7
normal_dp1_dc0_ud0_nb2000	218	7	8985312184445782
normal_dp1_dc0_ud0_nb2000	219	4	dd2e7bf50bbc166f
normal_dp1_dc0_ud0_nb2000	220	14	31b6dd99f833b867
normal_dp1_dc0_ud0_nb2000	221	7	ade4e2b9128d0a25
normal_dp1_dc0_ud0_nb2000	222	2	155847d504fd75bd
normal_dp1_dc0_ud0_nb2000	223	2	4dbbca2216f7ac7b
normal_dp1_dc0_ud0_nb2000	224	4	3eb10ddb53008a08
normal_dp1_dc0_ud0_nb2000	225	2	2832a96cf84da5d8
normal_dp1_dc0_ud0_nb2000	226	128	7ba47bc2232da8f0
normal_dp1_dc0_ud0_nb2000	227	1	46eb868fb6e063a1
normal_dp1_dc0_ud0_nb2000	228	22	69c3dd6270d972ab
normal_dp1_dc0_ud0_nb2000	229	3	fbdd82a8dd59592c
normal_dp1_dc0_ud0_nb2000	230	41	86049af10fcb5446
normal_dp1_dc0_ud0_nb2000	231	4	0f4f24f624930d64
normal_dp1_dc0_ud0_nb2000	232	2	8266c8aed1bb63ae
normal_dp1_dc0_ud0_nb2000	233	26	5187808aff5433aa
normal_dp1_dc0_ud0_nb2000	234	2	e4ca63a93d69cb1f
normal_dp1_dc0_ud0_nb2000	235	41	dbf186e38664e18c
normal_dp1_dc0_ud0_nb2000	236	2	d481bfb675d614dd
normal_dp1_dc0_ud0_nb2000	237	3	51749904d3065bf0
normal_dp1_dc0_ud0_nb2000	238	19	8833eace39f7c5ce
normal_dp1_dc0_ud0_nb2000	239	2	4b70e50b8edc6292
normal_dp1_dc0_ud0_nb2000	240	4	11399b68410123df
normal_dp1_dc0_ud0_nb2000	241	3	b2635722d8d798e2
normal_dp1_dc0_ud0_nb2000	242	5	dcae176c8012b891
normal_dp1_dc0_ud0_nb2000	243	17	3220613e19ad51ec
normal_dp1_dc0_ud0_nb2000	244	2	a4dda3ae9e4f0f85
normal_dp1_dc0_ud0_nb2000	245	20	ed362c1051d17f0d
normal_dp1_dc0_ud0_nb2000	246	128	65ae3e2cb248556c
normal_dp1_dc0_ud0_nb2000	247	3	e0853c840dd1fdaf
normal_dp1_dc0_ud0_nb2000	248	48	b40a9b6fd6af7eae
normal_dp1_dc0_ud0_nb2000	249	133	24e28927f3f9ec0f
normal_dp1_dc0_ud0_nb2000	250	55	b2bf885d9ea9f8c0
normal_dp1_dc0_ud0_nb2000	251	54	6ecdef06fc50bb37
normal_dp1_dc0_ud0_nb2000	252	5	8c963a2c9ca6b239
normal_dp1_dc0_ud0_nb2000	253	5	68447a6baef27bb5
normal_dp1_dc0_ud0_nb2000	254	6	5d4c55fc5ab69382
normal_dp1_dc0_ud0_nb2000	255	50	e9d2419169658411
normal_dp1_dc0_ud0_nb2000	256	2	551a63c2d76181f6
normal_dp1_dc0_ud0_nb2000	257	9	356ed3703e436ed3
normal_dp1_dc0_ud0_nb2000	258	62	8f593e0029a61a3f
normal_dp1_dc0_ud0_nb2000	259	21	2137a94346edfa43
normal_dp1_dc0_ud0_nb2000	260	2	adbb7c7175eb6e52
normal_dp1_dc0_ud0_nb2000	261	2	f76307a603dd2a5d
normal_dp1_dc0_ud0_nb2000	262	4	c2feb94c266cb896
normal_dp1_dc0_ud0_nb2000	263	4	26ad5b1db2402826
normal_dp1_dc0_ud0_nb2000	264	23	f3ebca8b04b2c17e
normal_dp1_dc0_ud0_nb2000	265	3	9f8d916961924fb4
normal_dp1_dc0_ud0_nb2000	266	4	bb31c52b28bb81b0
normal_dp1_dc0_ud0_nb2000	267	3	318574d728fb4773
normal_dp1_dc0_ud0_nb2000	268	1	25aef9909dfea048
normal_dp1_dc0_ud0_nb2000	269	52	3e9f0b852e3e2122
normal_dp1_dc0_ud0_nb2000	270	21	52e5c23aef9a7c88
normal_dp1_dc0_ud0_nb2000	271	117	6fa3c71816f6c58a
normal_dp1_dc0_ud0_nb2000	272	51	e7bea4115b7aa47f
normal_dp1_dc0_ud0_nb2000	273	2	6f51285605f5b665
normal_dp1_dc0_ud0_nb2000	274	26	7689d104468df279
normal_dp1_dc0_ud0_nb2000	275	3	33846b194a9c5819
normal_dp1_dc0_ud0_nb2000	276	128	13e8d2360b36ef62
normal_dp1_dc0_ud0_nb2000	277	7	8c70cecc8aa87c82
normal_dp1_dc0_ud0_nb2000	278	114	24ef7f9c9cbe2191
normal_dp1_dc0_ud0_nb2000	279	24	1df639b36edc2fb3
normal_dp1_dc0_ud0_nb2000	280	3	20205e6f2da9609c
normal_dp1_dc0_ud0_nb2000	281	1	3abc652ea33e17a5
normal_dp1_dc0_ud0_nb2000	282	2	9a10022c0daaddb3
normal_dp1_dc0_ud0_nb2000	283	18	b5d03e8ca31bb60b
normal_dp1_dc0_ud0_nb2000	284	5	33be49397f38c1c0
normal_dp1_dc0_ud0_nb2000	285	15	c5e1c9d0dc12576e
normal_dp1_dc0_ud0_nb2000	286	10	ffcd04acf22df2f6
normal_dp1_dc0_ud0_nb2000	287	138	17e8a6987b142751
normal_dp1_dc0_ud0_nb2000	288	4	79393d37bfeeb318
normal_dp1_dc0_ud0_nb2000	289	1	adf4e0e63c574ffd
normal_dp1_dc0_ud0_nb2000	290	2	0f3051d3fcbf1a41
normal_dp1_dc0_ud0_nb2000	291	135	8b490a3145afbe02
normal_dp1_dc0_ud0_nb2000	292	3	97def42dec590a3f
normal_dp1_dc0_ud0_nb2000	293	118	d6ad307697e85869
normal_dp1_dc0_ud0_nb2000	294	52	09f1110f71881ad6
normal_dp1_dc0_ud0_nb2000	295	1	6d6c9be064bbef04
normal_dp1_dc0_ud0_nb2000	296	126	45fd614c086277c8
normal_dp1_dc0_ud0_nb2000	297	139	6d09007002657394
normal_dp1_dc0_ud0_nb2000	298	2	b4231c8b8bf14136
normal_dp1_dc0_ud0_nb2000	299	1	ec9a11734f43ecd8
normal_dp1_dc0_ud0_nb2000	300	5	3f94bc087489c8e4
normal_dp1_dc0_ud0_nb2000	301	42	4d07a7eda7d69947
normal_dp1_dc0_ud0_nb2000	302	8	1e5b6fdd3a4d4e63
normal_dp1_dc0_ud0_nb2000	303	6	adb56fe1642e028b
normal_dp1_dc0_ud0_nb2000	304	5	e7fe22ccd9ba11f5
normal_dp1_dc0_ud0_nb2000	305	22	00484b3979eb2cb5
normal_dp1_dc0_ud0_nb2000	306	8	de2a57432debf637
normal_dp1_dc0_ud0_nb2000	307	21	1d5ca5bd1b41f926
normal_dp1_dc0_ud0_nb2000	308	122	6f5bd74f99384fd1
normal_dp1_dc0_ud0_nb2000	309	2	49f285d1dbd9cded
normal_dp1_dc0_ud0_nb2000	310	3	a19a9ddc616bc40b
normal_dp1_dc0_ud0_nb2000	311	3	d22ff6030491e306
normal_dp1_dc0_ud0_nb2000	312	49	c6186c8afdbd355a
normal_dp1_dc0_ud0_nb2000	313	51	eb3c2db36574c6c6
normal_dp1_dc0_ud0_nb2000	314	56	3e76425a6c6878cd
normal_dp1_dc0_ud0_nb2000	315	1	1ab4e6773c971447
normal_dp1_dc0_ud0_nb2000	316	130	3bc0aa689a2249c7
normal_dp1_dc0_ud0_nb2000	317	5	a57c653d40b9330e
normal_dp1_dc0_ud0_nb2000	318	3	0be369303603bc54
normal_dp1_dc0_ud0_nb2000	319	123	28c179c4c649fdd5
normal_dp1_dc0_ud0_nb2000	320	26	c994bfb7552b74b5
normal_dp1_dc0_ud0_nb2000	321	17	5b0a7dfff0b9c268
normal_dp1_dc0_ud0_nb2000	322	53	d043eb405e3569e3
normal_dp1_dc0_ud0_nb2000	323	18	f15b3365695f4f6c
normal_dp1_dc0_ud0_nb2000	324	23	cb0649e27745997d
normal_dp1_dc0_ud0_nb2000	325	6	ba61619909836ace
normal_dp1_dc0_ud0_nb2000	326	49	8a9d531d9cb078f1
normal_dp1_dc0_ud0_nb2000	327	3	d1fb661b574d678c
normal_dp1_dc0_ud0_nb2000	328	7	564bb8edfe92bf9a
normal_dp1_dc0_ud0_nb2000	329	2	461827dfc2a8b43f
normal_dp1_dc0_ud0_nb2000	330	59	24d143c271d2927c
normal_dp1_dc0_ud0_nb2000	331	1	a1b05ad8878eddbd
normal_dp1_dc0_ud0_nb2000	332	50	cb72812b554fc6f0
normal_dp1_dc0_ud0_nb2000	333	55	f2f1e5d882fb0c37
normal_dp1_dc0_ud0_nb2000	334	119	e84de487078dc164
normal_dp1_dc0_ud0_nb2000	335	18	d0dbfaf97facac8d
normal_dp1_dc0_ud0_nb2000	336	49	c394ee78bacdd2d3
normal_dp1_dc0_ud0_nb2000	337	8	027765e0cef51c1c
normal_dp1_dc0_ud0_nb2000	338	49	9110733812730ca4
normal_dp1_dc0_ud0_nb2000	339	63	abadfde216c22997
normal_dp1_dc0_ud0_nb2000	340	23	83cc50944a70869a
normal_dp1_dc0_ud0_nb2000	341	2	ad98a9842eda811a
normal_dp1_dc0_ud0_nb2000	342	25	336280dbb4f5bf4a
normal_dp1_dc0_ud0_nb2000	343	137	3ad4fb4915ea9472
normal_dp1_dc0_ud0_nb2000	344	6	5f1b071befe1b3b9
normal_dp1_dc0_ud0_nb2000	345	24	a3c094ff70dad61f
normal_dp1_dc0_ud0_nb2000	346	54	b955144e2bedda14
normal_dp1_dc0_ud0_nb2000	347	2	73786eace44df5fe
normal_dp1_dc0_ud0_nb2000	348	5	a3cd0c88ea908c0a
normal_dp1_dc0_ud0_nb2000	349	19	7dd7b1bc55e0f86e
normal_dp1_dc0_ud0_nb2000	350	8	677ae48c18a62575
normal_dp1_dc0_ud0_nb2000	351	6	8f1fbe3d0f72da7e
normal_dp1_dc0_ud0_nb2000	352	1	8424221c01ab377a
normal_dp1_dc0_ud0_nb2000	353	21	86a46489ddb61ddd
normal_dp1_dc0_ud0_nb2000	354	2	5bda2ca495a4ab74
normal_dp1_dc0_ud0_nb2000	355	3	a581d4f3412436ff
normal_dp1_dc0_ud0_nb2000	356	1	0de197205f786e7e
normal_dp1_dc0_ud0_nb2000	357	18	75dd934b81e7c218
normal_dp1_dc0_ud0_nb2000	358	2	f9fa6bf430f95da3
normal_dp1_dc0_ud0_nb2000	359	2	2528591461d93ca8
normal_dp1_dc0_ud0_nb2000	360	7	920d478d9a1f0969
normal_dp1_dc0_ud0_nb2000	361	2	c6d90e3c7d693bdd
normal_dp1_dc0_ud0_nb2000	362	51	f4f8c29d62689b89
normal_dp1_dc0_ud0_nb2000	363	120	c5ba63010cef303b
normal_dp1_dc0_ud0_nb2000	364	7	ffd5dab670422ca6
normal_dp1_dc0_ud0_nb2000	365	2	0acbb33a757090a6
normal_dp1_dc0_ud0_nb2000	366	2	198c1f0846c5965f
normal_dp1_dc0_ud0_nb2000	367	8	983f5743d9aa7e64
normal_dp1_dc0_ud0_nb2000	368	1	eef15e6694a23b83
normal_dp1_dc0_ud0_nb2000	369	19	b894b56cac22eb0f
normal_dp1_dc0_ud0_nb2000	370	6	c2b6a6d77ac0c54c
normal_dp1_dc0_ud0_nb2000	371	2	4cd07f8f33b23519
normal_dp1_dc0_ud0_nb2000	372	3	97ef6c6486301c0d
normal_dp1_dc0_ud0_nb2000	373	5	c45f4864686173b7
normal_dp1_dc0_ud0_nb2000	374	52	1a029f9aab0e8da7
normal_dp1_dc0_ud0_nb2000	375	47	18e59f2ad150c7a3
normal_dp1_dc0_ud0_nb2000	376	8	a92efd60205398cf
normal_dp1_dc0_ud0_nb2000	377	2	c417926d6aea0d9a
normal_dp1_dc0_ud0_nb2000	378	4	a06e054f270ac1cf
normal_dp1_dc0_ud0_nb2000	379	8	f7bf4b46fdb7bfe6
normal_dp1_dc0_ud0_nb2000	380	55	a7501b262b77a302
normal_dp1_dc0_ud0_nb2000	381	3	b1f6b2765a452e84
normal_dp1_dc0_ud0_nb2000	382	2	ee235b847f480214
normal_dp1_dc0_ud0_nb2000	383	2	1ca0393d8d48778c
normal_dp1_dc0_ud0_nb2000	384	2	17487eeaec684a5e
normal_dp1_dc0_ud0_nb2000	385	2	60e9a85e50134bc4
normal_dp1_dc0_ud0_nb2000	386	123	2363f3e600277ba7
normal_dp1_dc0_ud0_nb2000	387	8	733e113fa41c4d5b
normal_dp1_dc0_ud0_nb2000	388	64	afd9317a2211d0fa
normal_dp1_dc0_ud0_nb2000	389	43	6c88adf900ed1e8a
normal_dp1_dc0_ud0_nb2000	390	7	1e514b22b438dfa3
normal_dp1_dc0_ud0_nb2000	391	7	109224eb648dc612
normal_dp1_dc0_ud0_nb2000	392	16	98dda3e153eadd6a
normal_dp1_dc0_ud0_nb2000	393	7	0ab9a0f8602eac2c
normal_dp1_dc0_ud0_nb2000	394	2	9e5b2dc50953735f
normal_dp1_dc0_ud0_nb2000	395	4	6122c00846bbbbae
normal_dp1_dc0_ud0_nb2000	396	18	331d40996af64802
normal_dp1_dc0_ud0_nb2000	397	49	c0a03acee2fc370f
normal_dp1_dc0_ud0_nb2000	398	144	3c7078f9bd1b86a3
normal_dp1_dc0_ud0_nb2000	399	4	3f607be684c580de
normal_dp1_dc0_ud1_nb0	0	2	fe3877f9123caf6f
normal_dp1_dc0_ud1_nb0	1	17	1cc9be5912e1ae61
normal_dp1_dc0_ud1_nb0	2	143	133de218ceaf90ee
normal_dp1_dc0_ud1_nb0	3	3	04752421978926ff
normal_dp1_dc0_ud1_nb0	4	53	5c06eb5028c13b67
normal_dp1_dc0_ud1_nb0	5	3	35c41a2159b89123
normal_dp1_dc0_ud1_nb0	6	52	d87d0872a8e6d4f9
normal_dp1_dc0_ud1_nb0	7	136	f4ca3178a5033d1b
normal_dp1_dc0_ud1_nb0	8	117	baec0283eb54f335
normal_dp1_dc0_ud1_nb0	9	52	05ad8267fd4a5703
normal_dp1_dc0_ud1_nb0	10	48	fe7fadbdd74c14b4
normal_dp1_dc0_ud1_nb0	11	60	203cb72076576f8f
normal_dp1_dc0_ud1_nb0	12	5	cd9d2ab8d7d8e70b
normal_dp1_dc0_ud1_nb0	13	1	8610e9dda182bf42
normal_dp1_dc0_ud1_nb0	14	4	2e85190163e10d0c
normal_dp1_dc0_ud1_nb0	15	4	5de2856cfbed0b06
normal_dp1_dc0_ud1_nb0	16	26	1e79ba560ed9e810
normal_dp1_dc0_ud1_nb0	17	2	5420621e61e6b2de
normal_dp1_dc0_ud1_nb0	18	4	58a764840892cede
normal_dp1_dc0_ud1_nb0	19	1	9063f58a9e418e90
normal_dp1_dc0_ud1_nb0	20	46	265daf9d43ef5b38
normal_dp1_dc0_ud1_nb0	21	48	c10b4c70718969a6
normal_dp1_dc0_ud1_nb0	22	2	b2b47f5335448eeb
normal_dp1_dc0_ud1_nb0	23	115	2bab040c1ff42fa2
normal_dp1_dc0_ud1_nb0	24	2	4ee24f53fa50f5fb
normal_dp1_dc0_ud1_nb0	25	2	210c11ef7723c39c
normal_dp1_dc0_ud1_nb0	26	22	c7e89938e8bdb34a
normal_dp1_dc0_ud1_nb0	27	2	7a76b7ba3a15016d
normal_dp1_dc0_ud1_nb0	28	3	2b3be05945eccc6d
normal_dp1_dc0_ud1_nb0	29	1	cb04c009a7a0f623
normal_dp1_dc0_ud1_nb0	30	5	69ec4105565c89a1
normal_dp1_dc0_ud1_nb0	31	2	115a740f9cd9a619
normal_dp1_dc0_ud1_nb0	32	124	d1ac19078fbca1a2
normal_dp1_dc0_ud1_nb0	33	3	fb073d01787c3389
normal_dp1_dc0_ud1_nb0	34	4	19a003b39818982e
normal_dp1_dc0_ud1_nb0	35	117	cc484c421fad78f7
normal_dp1_dc0_ud1_nb0	36	7	e5b73009a55ad265
normal_dp1_dc0_ud1_nb0	37	63	9a7e0f205dd07083
normal_dp1_dc0_ud1_nb0	38	19	2c8451cfc18a034d
normal_dp1_dc0_ud1_nb0	39	115	b8ed45531c329ea2
normal_dp1_dc0_ud1_nb0	40	131	a3a356cd287dded0
normal_dp1_dc0_ud1_nb0	41	24	7cd28e4b74c4982e
normal_dp1_dc0_ud1_nb0	42	8	d478843d9d8f0829
normal_dp1_dc0_ud1_nb0	43	1	5b21a5ec2f985d77
normal_dp1_dc0_ud1_nb0	44	2	8946d53fe3b107ce
normal_dp1_dc0_ud1_nb0	45	7	bcd0e6f6073295b3
normal_dp1_dc0_ud1_nb0	46	17	2b3f0e64de30d21f
normal_dp1_dc0_ud1_nb0	47	56	6a3cb7a06c97a4b1
normal_dp1_dc0_ud1_nb0	48	5	fbbc98c0c89a3eb6
normal_dp1_dc0_ud1_nb0	49	4	682fb7ad4c45f435
normal_dp1_dc0_ud1_nb0	50	3	fd89f6049da2aafa
normal_dp1_dc0_ud1_nb0	51	23	9f735a1929b5126d
normal_dp1_dc0_ud1_nb0	52	2	fd08e8dd823f631e
normal_dp1_dc0_ud1_nb0	53	6	b61b87c29ab88279
normal_dp1_dc0_ud1_nb0	54	3	662b542a83cdcabd
normal_dp1_dc0_ud1_nb0	55	52	234e860adfe14831
normal_dp1_dc0_ud1_nb0	56	9	21ef0eff9bc27471
normal_dp1_dc0_ud1_nb0	57	2	d8c21a02c79c5d2f
normal_dp1_dc0_ud1_nb0	58	3	6a5b37258e941d28
normal_dp1_dc0_ud1_nb0	59	22	e6729083bcb023da
normal_dp1_dc0_ud1_nb0	60	3	90e544c7aa820b5e
normal_dp1_dc0_ud1_nb0	61	2	50c0e5e565e77d9f
normal_dp1_dc0_ud1_nb0	62	3	490e58d435ecad3e
normal_dp1_dc0_ud1_nb0	63	17	20f8b027f1304aa0
normal_dp1_dc0_ud1_nb0	64	45	f9cb6581e07fc3d2
normal_dp1_dc0_ud1_nb0	65	5	ef54a424735e7ba8
normal_dp1_dc0_ud1_nb0	66	2	183418e639303309
normal_dp1_dc0_ud1_nb0	67	6	8259cff31eddaa7e
normal_dp1_dc0_ud1_nb0	68	5	3c9e4c88094cbbfb
normal_dp1_dc0_ud1_nb0	69	53	dd383aa15bb640fd
normal_dp1_dc0_ud1_nb0	70	5	f08af93532a2f6cd
normal_dp1_dc0_ud1_nb0	71	11	8c30854b80cbff79
normal_dp1_dc0_ud1_nb0	72	18	8b2fdeecc5367d2e
normal_dp1_dc0_ud1_nb0	73	43	99ca928933e56269
normal_dp1_dc0_ud1_nb0	74	2	c00d92a30f546d81
normal_dp1_dc0_ud1_nb0	75	2	60d11ac02cca1f5c
normal_dp1_dc0_ud1_nb0	76	53	530e4256d9cd4b47
normal_dp1_dc0_ud1_nb0	77	2	72f99e536ffd074b
normal_dp1_dc0_ud1_nb0	78	2	8a316a4cbf248e78
normal_dp1_dc0_ud1_nb0	79	12	5de65479b9535c0a
normal_dp1_dc0_ud1_nb0	80	1	52b4ae3df5b68646
normal_dp1_dc0_ud1_nb0	81	6	ff827455272f1a80
normal_dp1_dc0_ud1_nb0	82	127	d7cde40ff0baf170
normal_dp1_dc0_ud1_nb0	83	4	18c6172a2b20dab9
normal_dp1_dc0_ud1_nb0	84	3	98be6817fedd840d
normal_dp1_dc0_ud1_nb0	85	51	7b66c3af2a7bfb21
normal_dp1_dc0_ud1_nb0	86	6	18191c8901aa16ba
normal_dp1_dc0_ud1_nb0	87	21	49b71f38ba9e4bc4
normal_dp1_dc0_ud1_nb0	88	21	213fe18ea9153a96
normal_dp1_dc0_ud1_nb0	89	136	af27eef295f1a94c
normal_dp1_dc0_ud1_nb0	90	2	7ac3584624571a10
normal_dp1_dc0_ud1_nb0	91	124	e23385536128f47d
normal_dp1_dc0_ud1_nb0	92	4	60bbda28de9b1fb0
normal_dp1_dc0_ud1_nb0	93	6	8041e288b4fe476e
normal_dp1_dc0_ud1_nb0	94	6	98a1472c66a9b589
normal_dp1_dc0_ud1_nb0	95	118	613395ed255bc361
normal_dp1_dc0_ud1_nb0	96	60	290661cebc03fa8c
normal_dp1_dc0_ud1_nb0	97	5	61d9d102b34e1726
normal_dp1_dc0_ud1_nb0	98	3	66accd03b9beeea3
normal_dp1_dc0_ud1_nb0	99	7	9082acb1aa570b2b
normal_dp1_dc0_ud1_nb0	100	6	bd521a92b18247d9
normal_dp1_dc0_ud1_nb0	101	2	3ff37d05d9e89fc7
normal_dp1_dc0_ud1_nb0	102	47	330a4fb43bca84d2
normal_dp1_dc0_ud1_nb0	103	26	b574cfbf39c8df45
normal_dp1_dc0_ud1_nb0	104	1	2aa86b7d09c4fa67
normal_dp1_dc0_ud1_nb0	105	2	5e1645b8765c83f3
normal_dp1_dc0_ud1_nb0	106	19	a0ffab9c0ede9e36
normal_dp1_dc0_ud1_nb0	107	137	7cfb7896630ebc02
normal_dp1_dc0_ud1_nb0	108	47	51bc2ffa8f878d3e
normal_dp1_dc0_ud1_nb0	109	22	011657ed451a5f69
normal_dp1_dc0_ud1_nb0	110	5	0929f46f2e6878c7
normal_dp1_dc0_ud1_nb0	111	3	01911c6ee2172564
normal_dp1_dc0_ud1_nb0	112	3	616126a74fbcf785
normal_dp1_dc0_ud1_nb0	113	1	ce908bdfd8c62477
normal_dp1_dc0_ud1_nb0	114	108	72cec2fd2a318a96
normal_dp1_dc0_ud1_nb0	115	2	4190c4e5c47f9001
normal_dp1_dc0_ud1_nb0	116	2	5f2151cdb5d26008
normal_dp1_dc0_ud1_nb0	117	118	21a2db542954b17c
normal_dp1_dc0_ud1_nb0	118	128	83a5abf620e41737
normal_dp1_dc0_ud1_nb0	119	2	fa3b1b21769c99bc
normal_dp1_dc0_ud1_nb0	120	116	35601a5bce93682a
normal_dp1_dc0_ud1_nb0	121	58	ae3f2dd8ef307367
normal_dp1_dc0_ud1_nb0	122	139	c074e63f1c3a9c3f
normal_dp1_dc0_ud1_nb0	123	2	737f3e1167508935
normal_dp1_dc0_ud1_nb0	124	52	f43a6b6f4b8b2a33
normal_dp1_dc0_ud1_nb0	125	4	3ec7510780c15cda
normal_dp1_dc0_ud1_nb0	126	7	dabb0cde215466ff
normal_dp1_dc0_ud1_nb0	127	2	814dccc6d2006e69
normal_dp1_dc0_ud1_nb0	128	19	1b0c044a9b82bcb7
normal_dp1_dc0_ud1_nb0	129	53	3aeddd11fbdb7fb5
normal_dp1_dc0_ud1_nb0	130	2	af2325e713679114
normal_dp1_dc0_ud1_nb0	131	121	d4fc36b5420247c0
normal_dp1_dc0_ud1_nb0	132	130	91371ff452b5770b
normal_dp1_dc0_ud1_nb0	133	2	80af669c13559a46
normal_dp1_dc0_ud1_nb0	134	9	c86de27979b93c2e
normal_dp1_dc0_ud1_nb0	135	1	4f4429788037f093
normal_dp1_dc0_ud1_nb0	136	2	cff4c6b51ab8d1e1
normal_dp1_dc0_ud1_nb0	137	3	1dc709adf506815a
normal_dp1_dc0_ud1_nb0	138	121	cb190c96f4ebe529
normal_dp1_dc0_ud1_nb0	139	122	89a3ea356bdf566b
normal_dp1_dc0_ud1_nb0	140	5	d0eb69f59bc41631
normal_dp1_dc0_ud1_nb0	141	5	e012e7b369b410f6
normal_dp1_dc0_ud1_nb0	142	7	7f1078ad70fd6600
normal_dp1_dc0_ud1_nb0	143	2	6ff6b8bc6619ae66
normal_dp1_dc0_ud1_nb0	144	9	ab24e3787294d974
normal_dp1_dc0_ud1_nb0	145	41	2220f95de36de30a
normal_dp1_dc0_ud1_nb0	146	59	06c4818e6d885599
normal_dp1_dc0_ud1_nb0	147	14	286cf56322bdea4f
normal_dp1_dc0_ud1_nb0	148	18	797306ee66936809
normal_dp1_dc0_ud1_nb0	149	2	0e7a7d4215ecf15a
normal_dp1_dc0_ud1_nb0	150	4	a8d155a0060fcc7c
normal_dp1_dc0_ud1_nb0	151	5	29ec5580ac044ccc
normal_dp1_dc0_ud1_nb0	152	57	cf992200bb323796
normal_dp1_dc0_ud1_nb0	153	139	84be2b69e5076913
normal_dp1_dc0_ud1_nb0	154	2	60a2b5c9c2e0e62a
normal_dp1_dc0_ud1_nb0	155	52	bed33b65cc7f23f2
normal_dp1_dc0_ud1_nb0	156	22	744e6054cf572359
normal_dp1_dc0_ud1_nb0	157	3	6a36bc7972855e92
normal_dp1_dc0_ud1_nb0	158	3	c66d8bfa148e1a07
normal_dp1_dc0_ud1_nb0	159	50	0a23b5918db9d03a
normal_dp1_dc0_ud1_nb0	160	7	af225a9e313bd07a
normal_dp1_dc0_ud1_nb0	161	2	a1619a4837419d10
normal_dp1_dc0_ud1_nb0	162	127	6b7c7c582ca7d114
normal_dp1_dc0_ud1_nb0	163	7	806ea40904ff7eeb
normal_dp1_dc0_ud1_nb0	164	2	e08c08885d04564b
normal_dp1_dc0_ud1_nb0	165	3	5c538693c1431f4b
normal_dp1_dc0_ud1_nb0	166	135	ec79d74af16bc426
normal_dp1_dc0_ud1_nb0	167	57	7d7cb073c4f7a22a
normal_dp1_dc0_ud1_nb0	168	2	7f186e27c595ab14
normal_dp1_dc0_ud1_nb0	169	8	50b094fe969e79f8
normal_dp1_dc0_ud1_nb0	170	2	9a10e7aed7584972
normal_dp1_dc0_ud1_nb0	171	49	e924b8d9146bcb4f
normal_dp1_dc0_ud1_nb0	172	5	fc512fe2c21e0fa5
normal_dp1_dc0_ud1_nb0	173	6	19b5bf88aa1621da
normal_dp1_dc0_ud1_nb0	174	17	05960d72b2b307c8
normal_dp1_dc0_ud1_nb0	175	2	72c15ba8f0c9d153
normal_dp1_dc0_ud1_nb0	176	136	6544a7c883cd81c4
normal_dp1_dc0_ud1_nb0	177	2	bd0ecdb7188c9a68
normal_dp1_dc0_ud1_nb0	178	2	edb8b080a73ec176
normal_dp1_dc0_ud1_nb0	179	42	0467417239e699e3
normal_dp1_dc0_ud1_nb0	180	129	0ee6b02ac0808055
normal_dp1_dc0_ud1_nb0	181	57	f6726eb4f74738a0
normal_dp1_dc0_ud1_nb0	182	6	b5bec723cdeb5f21
normal_dp1_dc0_ud1_nb0	183	2	f715da348003fd36
normal_dp1_dc0_ud1_nb0	184	7	1f54f8727150652f
normal_dp1_dc0_ud1_nb0	185	117	8b4c82cb23ec2768
normal_dp1_dc0_ud1_nb0	186	2	f4c5fe0c958f3e6d
normal_dp1_dc0_ud1_nb0	187	48	ac167e8374b2f62e
normal_dp1_dc0_ud1_nb0	188	3	497372c349c1b597
normal_dp1_dc0_ud1_nb0	189	3	4275562cef33e65f
normal_dp1_dc0_ud1_nb0	190	3	01ea72aab73b6f2d
normal_dp1_dc0_ud1_nb0	191	136	af36bb7983edde43
normal_dp1_dc0_ud1_nb0	192	5	ae1a712b3ffd0260
normal_dp1_dc0_ud1_nb0	193	3	9d88783521a38ff1
normal_dp1_dc0_ud1_nb0	194	50	e2a819d26633c091
normal_dp1_dc0_ud1_nb0	195	45	5c80478cf09b8ce8
normal_dp1_dc0_ud1_nb0	196	134	1c4332ca6ad08c77
normal_dp1_dc0_ud1_nb0	197	7	d29623dcd610ad0f
normal_dp1_dc0_ud1_nb0	198	2	9ae12495235be9b1
normal_dp1_dc0_ud1_nb0	199	9	bb624c201e4e9cc4
normal_dp1_dc0_ud1_nb0	200	55	be174d9e231cd8f9
normal_dp1_dc0_ud1_nb0	201	5	35f561dd999af5d4
normal_dp1_dc0_ud1_nb0	202	3	9867b26f89bd75b4
normal_dp1_dc0_ud1_nb0	203	18	226e3d31443203c5
normal_dp1_dc0_ud1_nb0	204	50	54b8c548f0f618da
normal_dp1_dc0_ud1_nb0	205	9	d4ae11a0420b041b
normal_dp1_dc0_ud1_nb0	206	138	810e688b88eaf10d
normal_dp1_dc0_ud1_nb0	207	61	1c0b6317027f220d
normal_dp1_dc0_ud1_nb0	208	47	4f21f09da7a1e7be
normal_dp1_dc0_ud1_nb0	209	2	7e406aca15207b29
normal_dp1_dc0_ud1_nb0	210	2	4143f74e30e91d3c
normal_dp1_dc0_ud1_nb0	211	8	578b5a7244c9cf66
normal_dp1_dc0_ud1_nb0	212	9	e7c15e9c132f5e9f
normal_dp1_dc0_ud1_nb0	213	3	edd5359814ad33df
normal_dp1_dc0_ud1_nb0	214	15	a0861d4f20b809f4
normal_dp1_dc0_ud1_nb0	215	5	74ba7792595c3310
normal_dp1_dc0_ud1_nb0	216	49	4080aee5e8b74ff5
normal_dp1_dc0_ud1_nb0	217	6	46526c287d5945e7
normal_dp1_dc0_ud1_nb0	218	7	8985312184445782
normal_dp1_dc0_ud1_nb0	219	4	dd2e7bf50bbc166f
normal_dp1_dc0_ud1_nb0	220	14	31b6dd99f833b867
normal_dp1_dc0_ud1_nb0	221	7	ade4e2b9128d0a25
normal_dp1_dc0_ud1_nb0	222	2	155847d504fd75bd
normal_dp1_dc0_ud1_nb0	223	2	4dbbca2216f7ac7b
normal_dp1_dc0_ud1_nb0	224	4	3eb10ddb53008a08
normal_dp1_dc0_ud1_nb0	225	2	2832a96cf84da5d8
normal_dp1_dc0_ud1_nb0	226	128	7ba47bc2232da8f0
normal_dp1_dc0_ud1_nb0	227	1	46eb868fb6e063a1
normal_dp1_dc0_ud1_nb0	228	22	69c3dd6270d972ab
normal_dp1_dc0_ud1_nb0	229	3	fbdd82a8dd59592c
normal_dp1_dc0_ud1_nb0	230	41	86049af10fcb5446
normal_dp1_dc0_ud1_nb0	231	4	0f4f24f624930d64
normal_dp1_dc0_ud1_nb0	232	2	8266c8aed1bb63ae
normal_dp1_dc0_ud1_nb0	233	26	5187808aff5433aa
normal_dp1_dc0_ud1_nb0	234	2	e4ca63a93d69cb1f
normal_dp1_dc0_ud1_nb0	235	41	dbf186e38664e18c
normal_dp1_dc0_ud1_nb0	236	2	d481bfb675d614dd
normal_dp1_dc0_ud1_nb0	237	5	250f11e8c158cea7
normal_dp1_dc0_ud1_nb0	238	19	8833eace39f7c5ce
normal_dp1_dc0_ud1_nb0	239	2	4b70e50b8edc6292
normal_dp1_dc0_ud1_nb0	240	4	11399b68410123df
normal_dp1_dc0_ud1_nb0	241	3	b2635722d8d798e2
normal_dp1_dc0_ud1_nb0	242	5	dcae176c8012b891
normal_dp1_dc0_ud1_nb0	243	19	9d829e079023ac77
normal_dp1_dc0_ud1_nb0	244	2	a4dda3ae9e4f0f85
normal_dp1_dc0_ud1_nb0	245	20	ed362c1051d17f0d
normal_dp1_dc0_ud1_nb0	246	128	65ae3e2cb248556c
normal_dp1_dc0_ud1_nb0	247	3	e0853c840dd1fdaf
normal_dp1_dc0_ud1_nb0	248	48	b40a9b6fd6af7eae
normal_dp1_dc0_ud1_nb0	249	135	d5434661ec8f946c
normal_dp1_dc0_ud1_nb0	250	55	b2bf885d9ea9f8c0
normal_dp1_dc0_ud1_nb0	251	54	6ecdef06fc50bb37
normal_dp1_dc0_ud1_nb0	252	5	8c963a2c9ca6b239
normal_dp1_dc0_ud1_nb0	253	5	68447a6baef27bb5
normal_dp1_dc0_ud1_nb0	254	6	5d4c55fc5ab69382
normal_dp1_dc0_ud1_nb0	255	52	ffa39c924425ccb4
normal_dp1_dc0_ud1_nb0	256	2	551a63c2d76181f6
normal_dp1_dc0_ud1_nb0	257	9	356ed3703e436ed3
normal_dp1_dc0_ud1_nb0	258	62	8f593e0029a61a3f
normal_dp1_dc0_ud1_nb0	259	21	2137a94346edfa43
normal_dp1_dc0_ud1_nb0	260	2	adbb7c7175eb6e52
normal_dp1_dc0_ud1_nb0	261	2	f76307a603dd2a5d
normal_dp1_dc0_ud1_nb0	262	6	d30c7a79bfd000e1
normal_dp1_dc0_ud1_nb0	263	4	26ad5b1db2402826
normal_dp1_dc0_ud1_nb0	264	23	f3ebca8b04b2c17e
normal_dp1_dc0_ud1_nb0	265	3	9f8d916961924fb4
normal_dp1_dc0_ud1_nb0	266	4	bb31c52b28bb81b0
normal_dp1_dc0_ud1_nb0	267	3	318574d728fb4773
normal_dp1_dc0_ud1_nb0	268	1	25aef9909dfea048
normal_dp1_dc0_ud1_nb0	269	52	3e9f0b852e3e2122
normal_dp1_dc0_ud1_nb0	270	21	52e5c23aef9a7c88
normal_dp1_dc0_ud1_nb0	271	117	6fa3c71816f6c58a
normal_dp1_dc0_ud1_nb0	272	53	a17767ccdc1157fc
normal_dp1_dc0_ud1_nb0	273	2	6f51285605f5b665
normal_dp1_dc0_ud1_nb0	274	26	7689d104468df279
normal_dp1_dc0_ud1_nb0	275	3	33846b194a9c5819
normal_dp1_dc0_ud1_nb0	276	130	0f9fe6ce866494cd
normal_dp1_dc0_ud1_nb0	277	7	8c70cecc8aa87c82
normal_dp1_dc0_ud1_nb0	278	116	be75994d2acd9f44
normal_dp1_dc0_ud1_nb0	279	24	1df639b36edc2fb3
normal_dp1_dc0_ud1_nb0	280	3	20205e6f2da9609c
normal_dp1_dc0_ud1_nb0	281	1	3abc652ea33e17a5
normal_dp1_dc0_ud1_nb0	282	2	9a10022c0daaddb3
normal_dp1_dc0_ud1_nb0	283	18	b5d03e8ca31bb60b
normal_dp1_dc0_ud1_nb0	284	5	33be49397f38c1c0
normal_dp1_dc0_ud1_nb0	285	15	c5e1c9d0dc12576e
normal_dp1_dc0_ud1_nb0	286	10	ffcd04acf22df2f6
normal_dp1_dc0_ud1_nb0	287	140	7f5b9e573084f760
normal_dp1_dc0_ud1_nb0	288	4	79393d37bfeeb318
normal_dp1_dc0_ud1_nb0	289	1	adf4e0e63c574ffd
normal_dp1_dc0_ud1_nb0	290	2	0f3051d3fcbf1a41
normal_dp1_dc0_ud1_nb0	291	139	0cd4305778fe740c
normal_dp1_dc0_ud1_nb0	292	3	97def42dec590a3f
normal_dp1_dc0_ud1_nb0	293	118	d6ad307697e85869
normal_dp1_dc0_ud1_nb0	294	52	09f1110f71881ad6
normal_dp1_dc0_ud1_nb0	295	1	6d6c9be064bbef04
normal_dp1_dc0_ud1_nb0	296	126	45fd614c086277c8
normal_dp1_dc0_ud1_nb0	297	139	deca60664017310c
normal_dp1_dc0_ud1_nb0	298	2	b4231c8b8bf14136
normal_dp1_dc0_ud1_nb0	299	1	ec9a11734f43ecd8
normal_dp1_dc0_ud1_nb0	300	5	3f94bc087489c8e4
normal_dp1_dc0_ud1_nb0	301	42	4d07a7eda7d69947
normal_dp1_dc0_ud1_nb0	302	8	1e5b6fdd3a4d4e63
normal_dp1_dc0_ud1_nb0	303	6	adb56fe1642e028b
normal_dp1_dc0_ud1_nb0	304	5	e7fe22ccd9ba11f5
normal_dp1_dc0_ud1_nb0	305	24	6e724c5695ad605a
normal_dp1_dc0_ud1_nb0	306	8	de2a57432debf637
normal_dp1_dc0_ud1_nb0	307	21	1d5ca5bd1b41f926
normal_dp1_dc0_ud1_nb0	308	124	73f7e44696d553cf
normal_dp1_dc0_ud1_nb0	309	2	49f285d1dbd9cded
normal_dp1_dc0_ud1_nb0	310	3	a19a9ddc616bc40b
normal_dp1_dc0_ud1_nb0	311	3	d22ff6030491e306
normal_dp1_dc0_ud1_nb0	312	49	c6186c8afdbd355a
normal_dp1_dc0_ud1_nb0	313	51	eb3c2db36574c6c6
normal_dp1_dc0_ud1_nb0	314	56	3e76425a6c6878cd
normal_dp1_dc0_ud1_nb0	315	1	1ab4e6773c971447
normal_dp1_dc0_ud1_nb0	316	132	6073d7283c482f6a
normal_dp1_dc0_ud1_nb0	317	5	a57c653d40b9330e
normal_dp1_dc0_ud1_nb0	318	3	0be369303603bc54
normal_dp1_dc0_ud1_nb0	319	123	28c179c4c649fdd5
normal_dp1_dc0_ud1_nb0	320	26	c994bfb7552b74b5
normal_dp1_dc0_ud1_nb0	321	17	5b0a7dfff0b9c268
normal_dp1_dc0_ud1_nb0	322	53	d043eb405e3569e3
normal_dp1_dc0_ud1_nb0	323	20	f86073e6c0a28869
normal_dp1_dc0_ud1_nb0	324	25	aadf163d995781fe
normal_dp1_dc0_ud1_nb0	325	6	ba61619909836ace
normal_dp1_dc0_ud1_nb0	326	49	8a9d531d9cb078f1
normal_dp1_dc0_ud1_nb0	327	3	d1fb661b574d678c
normal_dp1_dc0_ud1_nb0	328	7	564bb8edfe92bf9a
normal_dp1_dc0_ud1_nb0	329	2	461827dfc2a8b43f
normal_dp1_dc0_ud1_nb0	330	59	24d143c271d2927c
normal_dp1_dc0_ud1_nb0	331	1	a1b05ad8878eddbd
normal_dp1_dc0_ud1_nb0	332	50	cb72812b554fc6f0
normal_dp1_dc0_ud1_nb0	333	55	f2f1e5d882fb0c37
normal_dp1_dc0_ud1_nb0	334	121	84b172192df1d477
normal_dp1_dc0_ud1_nb0	335	20	79c4fc7af7fe6dba
normal_dp1_dc0_ud1_nb0	336	49	c394ee78bacdd2d3
normal_dp1_dc0_ud1_nb0	337	8	027765e0cef51c1c
normal_dp1_dc0_ud1_nb0	338	49	9110733812730ca4
normal_dp1_dc0_ud1_nb0	339	61	b2587ba4323d77f8
normal_dp1_dc0_ud1_nb0	340	23	83cc50944a70869a
normal_dp1_dc0_ud1_nb0	341	2	ad98a9842eda811a
normal_dp1_dc0_ud1_nb0	342	25	336280dbb4f5bf4a
normal_dp1_dc0_ud1_nb0	343	138	4e73d7a9660bf231
normal_dp1_dc0_ud1_nb0	344	6	5f1b071befe1b3b9
normal_dp1_dc0_ud1_nb0	345	24	a3c094ff70dad61f
normal_dp1_dc0_ud1_nb0	346	54	b955144e2bedda14
normal_dp1_dc0_ud1_nb0	347	2	73786eace44df5fe
normal_dp1_dc0_ud1_nb0	348	5	a3cd0c88ea908c0a
normal_dp1_dc0_ud1_nb0	349	19	7dd7b1bc55e0f86e
normal_dp1_dc0_ud1_nb0	350	8	677ae48c18a62575
normal_dp1_dc0_ud1_nb0	351	6	8f1fbe3d0f72da7e
normal_dp1_dc0_ud1_nb0	352	1	8424221c01ab377a
normal_dp1_dc0_ud1_nb0	353	21	86a46489ddb61ddd
normal_dp1_dc0_ud1_nb0	354	2	5bda2ca495a4ab74
normal_dp1_dc0_ud1_nb0	355	3	a581d4f3412436ff
normal_dp1_dc0_ud1_nb0	356	1	0de197205f786e7e
normal_dp1_dc0_ud1_nb0	357	20	956f970299f2bead
normal_dp1_dc0_ud1_nb0	358	2	f9fa6bf430f95da3
normal_dp1_dc0_ud1_nb0	359	2	2528591461d93ca8
normal_dp1_dc0_ud1_nb0	360	7	920d478d9a1f0969
normal_dp1_dc0_ud1_nb0	361	2	c6d90e3c7d693bdd
normal_dp1_dc0_ud1_nb0	362	52	7aa91b740b965e15
normal_dp1_dc0_ud1_nb0	363	120	c5ba63010cef303b
normal_dp1_dc0_ud1_nb0	364	7	ffd5dab670422ca6
normal_dp1_dc0_ud1_nb0	365	2	0acbb33a757090a6
normal_dp1_dc0_ud1_nb0	366	2	198c1f0846c5965f
normal_dp1_dc0_ud1_nb0	367	8	983f5743d9aa7e64
normal_dp1_dc0_ud1_nb0	368	1	eef15e6694a23b83
normal_dp1_dc0_ud1_nb0	369	19	b894b56cac22eb0f
normal_dp1_dc0_ud1_nb0	370	6	c2b6a6d77ac0c54c
normal_dp1_dc0_ud1_nb0	371	2	4cd07f8f33b23519
normal_dp1_dc0_ud1_nb0	372	3	97ef6c6486301c0d
normal_dp1_dc0_ud1_nb0	373	5	c45f4864686173b7
normal_dp1_dc0_ud1_nb0	374	54	60cebdb07072ab22
normal_dp1_dc0_ud1_nb0	375	47	18e59f2ad150c7a3
normal_dp1_dc0_ud1_nb0	376	8	a92efd60205398cf
normal_dp1_dc0_ud1_nb0	377	2	c417926d6aea0d9a
normal_dp1_dc0_ud1_nb0	378	4	a06e054f270ac1cf
normal_dp1_dc0_ud1_nb0	379	8	f7bf4b46fdb7bfe6
normal_dp1_dc0_ud1_nb0	380	57	9d75448bcc37f9a5
normal_dp1_dc0_ud1_nb0	381	3	b1f6b2765a452e84
normal_dp1_dc0_ud1_nb0	382	2	ee235b847f480214
normal_dp1_dc0_ud1_nb0	383	2	1ca0393d8d48778c
normal_dp1_dc0_ud1_nb0	384	2	17487eeaec684a5e
normal_dp1_dc0_ud1_nb0	385	2	60e9a85e50134bc4
normal_dp1_dc0_ud1_nb0	386	123	2363f3e600277ba7
normal_dp1_dc0_ud1_nb0	387	8	733e113fa41c4d5b
normal_dp1_dc0_ud1_nb0	388	64	afd9317a2211d0fa
normal_dp1_dc0_ud1_nb0	389	43	6c88adf900ed1e8a
normal_dp1_dc0_ud1_nb0	390	7	1e514b22b438dfa3
normal_dp1_dc0_ud1_nb0	391	7	109224eb648dc612
normal_dp1_dc0_ud1_nb0	392	16	98dda3e153eadd6a
normal_dp1_dc0_ud1_nb0	393	7	0ab9a0f8602eac2c
normal_dp1_dc0_ud1_nb0	394	2	9e5b2dc50953735f
normal_dp1_dc0_ud1_nb0	395	4	6122c00846bbbbae
normal_dp1_dc0_ud1_nb0	396	18	331d40996af64802
normal_dp1_dc0_ud1_nb0	397	49	c0a03acee2fc370f
normal_dp1_dc0_ud1_nb0	398	144	3c7078f9bd1b86a3
normal_dp1_dc0_ud1_nb0	399	4	3f607be684c580de
normal_dp1_dc0_ud1_nb2000	0	2	fe3877f9123caf6f
normal_dp1_dc0_ud1_nb2000	1	17	1cc9be5912e1ae61
normal_dp1_dc0_ud1_nb2000	2	144	a33b7ae8666138e7
normal_dp1_dc0_ud1_nb2000	3	3	04752421978926ff
normal_dp1_dc0_ud1_nb2000	4	53	231ed8efa9d8a32b
normal_dp1_dc0_ud1_nb2000	5	3	35c41a2159b89123
normal_dp1_dc0_ud1_nb2000	6	52	d87d0872a8e6d4f9
normal_dp1_dc0_ud1_nb2000	7	141	3b34642cd0b88aac
normal_dp1_dc0_ud1_nb2000	8	117	baec0283eb54f335
normal_dp1_dc0_ud1_nb2000	9	52	05ad8267fd4a5703
normal_dp1_dc0_ud1_nb2000	10	48	fe7fadbdd74c14b4
normal_dp1_dc0_ud1_nb2000	11	60	203cb72076576f8f
normal_dp1_dc0_ud1_nb2000	12	5	cd9d2ab8d7d8e70b
normal_dp1_dc0_ud1_nb2000	13	1	8610e9dda182bf42
normal_dp1_dc0_ud1_nb2000	14	4	2e85190163e10d0c
normal_dp1_dc0_ud1_nb2000	15	4	5de2856cfbed0b06
normal_dp1_dc0_ud1_nb2000	16	27	200e5bcf5df98c86
normal_dp1_dc0_ud1_nb2000	17	2	5420621e61e6b2de
normal_dp1_dc0_ud1_nb2000	18	4	58a764840892cede
normal_dp1_dc0_ud1_nb2000	19	1	9063f58a9e418e90
normal_dp1_dc0_ud1_nb2000	20	46	265daf9d43ef5b38
normal_dp1_dc0_ud1_nb2000	21	49	c37ed7ab52d3c389
normal_dp1_dc0_ud1_nb2000	22	2	b2b47f5335448eeb
normal_dp1_dc0_ud1_nb2000	23	115	2bab040c1ff42fa2
normal_dp1_dc0_ud1_nb2000	24	2	4ee24f53fa50f5fb
normal_dp1_dc0_ud1_nb2000	25	2	210c11ef7723c39c
normal_dp1_dc0_ud1_nb2000	26	22	c7e89938e8bdb34a
normal_dp1_dc0_ud1_nb2000	27	2	7a76b7ba3a15016d
normal_dp1_dc0_ud1_nb2000	28	3	2b3be05945eccc6d
normal_dp1_dc0_ud1_nb2000	29	1	cb04c009a7a0f623
normal_dp1_dc0_ud1_nb2000	30	5	69ec4105565c89a1
normal_dp1_dc0_ud1_nb2000	31	2	115a740f9cd9a619
normal_dp1_dc0_ud1_nb2000	32	124	d1ac19078fbca1a2
normal_dp1_dc0_ud1_nb2000	33	3	fb073d01787c3389
normal_dp1_dc0_ud1_nb2000	34	4	19a003b39818982e
normal_dp1_dc0_ud1_nb2000	35	117	cc484c421fad78f7
normal_dp1_dc0_ud1_nb2000	36	7	e5b73009a55ad265
normal_dp1_dc0_ud1_nb2000	37	63	9a7e0f205dd07083
normal_dp1_dc0_ud1_nb2000	38	19	2c8451cfc18a034d
normal_dp1_dc0_ud1_nb2000	39	117	c681a3387c7a74c2
normal_dp1_dc0_ud1_nb2000	40	131	a3a356cd287dded0
normal_dp1_dc0_ud1_nb2000	41	24	7cd28e4b74c4982e
normal_dp1_dc0_ud1_nb2000	42	8	d478843d9d8f0829
normal_dp1_dc0_ud1_nb2000	43	1	5b21a5ec2f985d77
normal_dp1_dc0_ud1_nb2000	44	2	8946d53fe3b107ce
normal_dp1_dc0_ud1_nb2000	45	7	bcd0e6f6073295b3
normal_dp1_dc0_ud1_nb2000	46	17	2b3f0e64de30d21f
normal_dp1_dc0_ud1_nb2000	47	57	66f95d2d672e4cd7
normal_dp1_dc0_ud1_nb2000	48	5	fbbc98c0c89a3eb6
normal_dp1_dc0_ud1_nb2000	49	4	682fb7ad4c45f435
normal_dp1_dc0_ud1_nb2000	50	3	fd89f6049da2aafa
normal_dp1_dc0_ud1_nb2000	51	23	9f735a1929b5126d
normal_dp1_dc0_ud1_nb2000	52	2	fd08e8dd823f631e
normal_dp1_dc0_ud1_nb2000	53	6	b61b87c29ab88279
normal_dp1_dc0_ud1_nb2000	54	3	662b542a83cdcabd
normal_dp1_dc0_ud1_nb2000	55	52	234e860adfe14831
normal_dp1_dc0_ud1_nb2000	56	9	21ef0eff9bc27471
normal_dp1_dc0_ud1_nb2000	57	2	d8c21a02c79c5d2f
normal_dp1_dc0_ud1_nb2000	58	3	6a5b37258e941d28
normal_dp1_dc0_ud1_nb2000	59	23	ba13e671eb6283b2
normal_dp1_dc0_ud1_nb2000	60	3	90e544c7aa820b5e
normal_dp1_dc0_ud1_nb2000	61	2	50c0e5e565e77d9f
normal_dp1_dc0_ud1_nb2000	62	3	490e58d435ecad3e
normal_dp1_dc0_ud1_nb2000	63	17	20f8b027f1304aa0
normal_dp1_dc0_ud1_nb2000	64	45	f9cb6581e07fc3d2
normal_dp1_dc0_ud1_nb2000	65	5	ef54a424735e7ba8
normal_dp1_dc0_ud1_nb2000	66	2	183418e639303309
normal_dp1_dc0_ud1_nb2000	67	6	8259cff31eddaa7e
normal_dp1_dc0_ud1_nb2000	68	5	3c9e4c88094cbbfb
normal_dp1_dc0_ud1_nb2000	69	54	504433d5c8741ce1
normal_dp1_dc0_ud1_nb2000	70	6	de8c5f9d34bede0d
normal_dp1_dc0_ud1_nb2000	71	11	8c30854b80cbff79
normal_dp1_dc0_ud1_nb2000	72	18	8b2fdeecc5367d2e
normal_dp1_dc0_ud1_nb2000	73	43	99ca928933e56269
normal_dp1_dc0_ud1_nb2000	74	2	c00d92a30f546d81
normal_dp1_dc0_ud1_nb2000	75	2	60d11ac02cca1f5c
normal_dp1_dc0_ud1_nb2000	76	54	7fe6bef86d50c599
normal_dp1_dc0_ud1_nb2000	77	2	72f99e536ffd074b
normal_dp1_dc0_ud1_nb2000	78	2	8a316a4cbf248e78
normal_dp1_dc0_ud1_nb2000	79	12	5de65479b9535c0a
normal_dp1_dc0_ud1_nb2000	80	1	52b4ae3df5b68646
normal_dp1_dc0_ud1_nb2000	81	6	ff827455272f1a80
normal_dp1_dc0_ud1_nb2000	82	129	d9e3475ff45cdfd4
normal_dp1_dc0_ud1_nb2000	83	4	18c6172a2b20dab9
normal_dp1_dc0_ud1_nb2000	84	3	98be6817fedd840d
normal_dp1_dc0_ud1_nb2000	85	51	7b66c3af2a7bfb21
normal_dp1_dc0_ud1_nb2000	86	6	18191c8901aa16ba
normal_dp1_dc0_ud1_nb2000	87	22	3c59fa10637a4d0a
normal_dp1_dc0_ud1_nb2000	88	21	213fe18ea9153a96
normal_dp1_dc0_ud1_nb2000	89	137	7c1bb5f77ee11c50
normal_dp1_dc0_ud1_nb2000	90	2	7ac3584624571a10
normal_dp1_dc0_ud1_nb2000	91	126	8a06aa47491ab712
normal_dp1_dc0_ud1_nb2000	92	4	60bbda28de9b1fb0
normal_dp1_dc0_ud1_nb2000	93	6	8041e288b4fe476e
normal_dp1_dc0_ud1_nb2000	94	6	98a1472c66a9b589
normal_dp1_dc0_ud1_nb2000	95	120	a2a9388bd388fe29
normal_dp1_dc0_ud1_nb2000	96	60	290661cebc03fa8c
normal_dp1_dc0_ud1_nb2000	97	5	61d9d102b34e1726
normal_dp1_dc0_ud1_nb2000	98	3	66accd03b9beeea3
normal_dp1_dc0_ud1_nb2000	99	7	9082acb1aa570b2b
normal_dp1_dc0_ud1_nb2000	100	6	bd521a92b18247d9
normal_dp1_dc0_ud1_nb2000	101	2	3ff37d05d9e89fc7
normal_dp1_dc0_ud1_nb2000	102	47	330a4fb43bca84d2
normal_dp1_dc0_ud1_nb2000	103	27	5e1f662c1a9802d3
normal_dp1_dc0_ud1_nb2000	104	1	2aa86b7d09c4fa67
normal_dp1_dc0_ud1_nb2000	105	2	5e1645b8765c83f3
normal_dp1_dc0_ud1_nb2000	106	19	a0ffab9c0ede9e36
normal_dp1_dc0_ud1_nb2000	107	138	23ad075ed9606969
normal_dp1_dc0_ud1_nb2000	108	47	51bc2ffa8f878d3e
normal_dp1_dc0_ud1_nb2000	109	23	db9a7547b2508c17
normal_dp1_dc0_ud1_nb2000	110	5	0929f46f2e6878c7
normal_dp1_dc0_ud1_nb2000	111	3	01911c6ee2172564
normal_dp1_dc0_ud1_nb2000	112	3	616126a74fbcf785
normal_dp1_dc0_ud1_nb2000	113	1	ce908bdfd8c62477
normal_dp1_dc0_ud1_nb2000	114	108	72cec2fd2a318a96
normal_dp1_dc0_ud1_nb2000	115	2	4190c4e5c47f9001
normal_dp1_dc0_ud1_nb2000	116	2	5f2151cdb5d26008
normal_dp1_dc0_ud1_nb2000	117	118	21a2db542954b17c
normal_dp1_dc0_ud1_nb2000	118	131	e3a815c0055b9c5b
normal_dp1_dc0_ud1_nb2000	119	2	fa3b1b21769c99bc
normal_dp1_dc0_ud1_nb2000	120	116	35601a5bce93682a
normal_dp1_dc0_ud1_nb2000	121	58	ae3f2dd8ef307367
normal_dp1_dc0_ud1_nb2000	122	141	2efd4b5a1a9ca35b
normal_dp1_dc0_ud1_nb2000	123	2	737f3e1167508935
normal_dp1_dc0_ud1_nb2000	124	52	f43a6b6f4b8b2a33
normal_dp1_dc0_ud1_nb2000	125	4	3ec7510780c15cda
normal_dp1_dc0_ud1_nb2000	126	7	dabb0cde215466ff
normal_dp1_dc0_ud1_nb2000	127	2	814dccc6d2006e69
normal_dp1_dc0_ud1_nb2000	128	19	1b0c044a9b82bcb7
normal_dp1_dc0_ud1_nb2000	129	53	3aeddd11fbdb7fb5
normal_dp1_dc0_ud1_nb2000	130	2	af2325e713679114
normal_dp1_dc0_ud1_nb2000	131	121	d4fc36b5420247c0
normal_dp1_dc0_ud1_nb2000	132	133	a416c0d0263e6e39
normal_dp1_dc0_ud1_nb2000	133	2	80af669c13559a46
normal_dp1_dc0_ud1_nb2000	134	9	c86de27979b93c2e
normal_dp1_dc0_ud1_nb2000	135	1	4f4429788037f093
normal_dp1_dc0_ud1_nb2000	136	2	cff4c6b51ab8d1e1
normal_dp1_dc0_ud1_nb2000	137	3	1dc709adf506815a
normal_dp1_dc0_ud1_nb2000	138	121	cb190c96f4ebe529
normal_dp1_dc0_ud1_nb2000	139	124	0117d8120b02b6a2
normal_dp1_dc0_ud1_nb2000	140	5	d0eb69f59bc41631
normal_dp1_dc0_ud1_nb2000	141	5	e012e7b369b410f6
normal_dp1_dc0_ud1_nb2000	142	7	7f1078ad70fd6600
normal_dp1_dc0_ud1_nb2000	143	2	6ff6b8bc6619ae66
normal_dp1_dc0_ud1_nb2000	144	10	545723f0c9ac920e
normal_dp1_dc0_ud1_nb2000	145	41	2220f95de36de30a
normal_dp1_dc0_ud1_nb2000	146	59	06c4818e6d885599
normal_dp1_dc0_ud1_nb2000	147	14	286cf56322bdea4f
normal_dp1_dc0_ud1_nb2000	148	18	797306ee66936809
normal_dp1_dc0_ud1_nb2000	149	2	0e7a7d4215ecf15a
normal_dp1_dc0_ud1_nb2000	150	4	a8d155a0060fcc7c
normal_dp1_dc0_ud1_nb2000	151	5	29ec5580ac044ccc
normal_dp1_dc0_ud1_nb2000	152	58	ef8dd40aa870f49f
normal_dp1_dc0_ud1_nb2000	153	139	84be2b69e5076913
normal_dp1_dc0_ud1_nb2000	154	2	60a2b5c9c2e0e62a
normal_dp1_dc0_ud1_nb2000	155	52	bed33b65cc7f23f2
normal_dp1_dc0_ud1_nb2000	156	22	744e6054cf572359
normal_dp1_dc0_ud1_nb2000	157	3	6a36bc7972855e92
normal_dp1_dc0_ud1_nb2000	158	3	c66d8bfa148e1a07
normal_dp1_dc0_ud1_nb2000	159	50	0a23b5918db9d03a
normal_dp1_dc0_ud1_nb2000	160	7	af225a9e313bd07a
normal_dp1_dc0_ud1_nb2000	161	2	a1619a4837419d10
normal_dp1_dc0_ud1_nb2000	162	128	0224611815779fd6
normal_dp1_dc0_ud1_nb2000	163	7	806ea40904ff7eeb
normal_dp1_dc0_ud1_nb2000	164	2	e08c08885d04564b
normal_dp1_dc0_ud1_nb2000	165	3	5c538693c1431f4b
normal_dp1_dc0_ud1_nb2000	166	135	ec79d74af16bc426
normal_dp1_dc0_ud1_nb2000	167	58	95fb5e1e11c676aa
normal_dp1_dc0_ud1_nb2000	168	2	7f186e27c595ab14
normal_dp1_dc0_ud1_nb2000	169	8	50b094fe969e79f8
normal_dp1_dc0_ud1_nb2000	170	2	9a10e7aed7584972
normal_dp1_dc0_ud1_nb2000	171	50	b513722b1ad762cb
normal_dp1_dc0_ud1_nb2000	172	5	fc512fe2c21e0fa5
normal_dp1_dc0_ud1_nb2000	173	6	19b5bf88aa1621da
normal_dp1_dc0_ud1_nb2000	174	18	ad5473d497404481
normal_dp1_dc0_ud1_nb2000	175	2	72c15ba8f0c9d153
normal_dp1_dc0_ud1_nb2000	176	137	4dfa298324a8a286
normal_dp1_dc0_ud1_nb2000	177	2	bd0ecdb7188c9a68
normal_dp1_dc0_ud1_nb2000	178	2	edb8b080a73ec176
normal_dp1_dc0_ud1_nb2000	179	42	0467417239e699e3
normal_dp1_dc0_ud1_nb2000	180	132	dde1b28a37aa3a58
normal_dp1_dc0_ud1_nb2000	181	57	f6726eb4f74738a0
normal_dp1_dc0_ud1_nb2000	182	6	b5bec723cdeb5f21
normal_dp1_dc0_ud1_nb2000	183	2	f715da348003fd36
normal_dp1_dc0_ud1_nb2000	184	7	1f54f8727150652f
normal_dp1_dc0_ud1_nb2000	185	118	9a1f813d92766805
normal_dp1_dc0_ud1_nb2000	186	2	f4c5fe0c958f3e6d
normal_dp1_dc0_ud1_nb2000	187	49	f291e92cfca2091d
normal_dp1_dc0_ud1_nb2000	188	3	497372c349c1b597
normal_dp1_dc0_ud1_nb2000	189	3	4275562cef33e65f
normal_dp1_dc0_ud1_nb2000	190	3	01ea72aab73b6f2d
normal_dp1_dc0_ud1_nb2000	191	136	af36bb7983edde43
normal_dp1_dc0_ud1_nb2000	192	5	ae1a712b3ffd0260
normal_dp1_dc0_ud1_nb2000	193	3	9d88783521a38ff1
normal_dp1_dc0_ud1_nb2000	194	51	e3a1c39f25842b35
normal_dp1_dc0_ud1_nb2000	195	45	5c80478cf09b8ce8
normal_dp1_dc0_ud1_nb2000	196	136	aadbae7d19c2a81d
normal_dp1_dc0_ud1_nb2000	197	7	d29623dcd610ad0f
normal_dp1_dc0_ud1_nb2000	198	2	9ae12495235be9b1
normal_dp1_dc0_ud1_nb2000	199	9	bb624c201e4e9cc4
normal_dp1_dc0_ud1_nb2000	200	55	be174d9e231cd8f9
normal_dp1_dc0_ud1_nb2000	201	5	35f561dd999af5d4
normal_dp1_dc0_ud1_nb2000	202	3	9867b26f89bd75b4
normal_dp1_dc0_ud1_nb2000	203	18	226e3d31443203c5
normal_dp1_dc0_ud1_nb2000	204	51	59015d9be8be7c8e
normal_dp1_dc0_ud1_nb2000	205	9	d4ae11a0420b041b
normal_dp1_dc0_ud1_nb2000	206	139	4bd34918c36e0b3e
normal_dp1_dc0_ud1_nb2000	207	62	f74538e62387b240
normal_dp1_dc0_ud1_nb2000	208	48	b2bc2b72580ddeb6
normal_dp1_dc0_ud1_nb2000	209	2	7e406aca15207b29
normal_dp1_dc0_ud1_nb2000	210	2	4143f74e30e91d3c
normal_dp1_dc0_ud1_nb2000	211	8	578b5a7244c9cf66
normal_dp1_dc0_ud1_nb2000	212	9	e7c15e9c132f5e9f
normal_dp1_dc0_ud1_nb2000	213	3	edd5359814ad33df
normal_dp1_dc0_ud1_nb2000	214	15	a0861d4f20b809f4
normal_dp1_dc0_ud1_nb2000	215	5	74ba7792595c3310
normal_dp1_dc0_ud1_nb2000	216	50	159b9c8324eb7ec5
normal_dp1_dc0_ud1_nb2000	217	6	46526c287d5945e7
normal_dp1_dc0_ud1_nb2000	218	7	8985312184445782
normal_dp1_dc0_ud1_nb2000	219	4	dd2e7bf50bbc166f
normal_dp1_dc0_ud1_nb2000	220	14	31b6dd99f833b867
normal_dp1_dc0_ud1_nb2000	221	7	ade4e2b9128d0a25
normal_dp1_dc0_ud1_nb2000	222	2	155847d504fd75bd
normal_dp1_dc0_ud1_nb2000	223	2	4dbbca2216f7ac7b
normal_dp1_dc0_ud1_nb2000	224	4	3eb10ddb53008a08
normal_dp1_dc0_ud1_nb2000	225	2	2832a96cf84da5d8
normal_dp1_dc0_ud1_nb2000	226	128	7ba47bc2232da8f0
normal_dp1_dc0_ud1_nb2000	227	1	46eb868fb6e063a1
normal_dp1_dc0_ud1_nb2000	228	22	69c3dd6270d972ab
normal_dp1_dc0_ud1_nb2000	229	3	fbdd82a8dd59592c
normal_dp1_dc0_ud1_nb2000	230	41	86049af10fcb5446
normal_dp1_dc0_ud1_nb2000	231	4	0f4f24f624930d64
normal_dp1_dc0_ud1_nb2000	232	2	8266c8aed1bb63ae
normal_dp1_dc0_ud1_nb2000	233	26	5187808aff5433aa
normal_dp1_dc0_ud1_nb2000	234	2	e4ca63a93d69cb1f
normal_dp1_dc0_ud1_nb2000	235	41	dbf186e38664e18c
normal_dp1_dc0_ud1_nb2000	236	2	d481bfb675d614dd
normal_dp1_dc0_ud1_nb2000	237	6	9c374886d19d58e2
normal_dp1_dc0_ud1_nb2000	238	19	8833eace39f7c5ce
normal_dp1_dc0_ud1_nb2000	239	2	4b70e50b8edc6292
normal_dp1_dc0_ud1_nb2000	240	4	11399b68410123df
normal_dp1_dc0_ud1_nb2000	241	3	b2635722d8d798e2
normal_dp1_dc0_ud1_nb2000	242	5	dcae176c8012b891
normal_dp1_dc0_ud1_nb2000	243	20	5e11bc01c44fb09a
normal_dp1_dc0_ud1_nb2000	244	2	a4dda3ae9e4f0f85
normal_dp1_dc0_ud1_nb2000	245	20	ed362c1051d17f0d
normal_dp1_dc0_ud1_nb2000	246	128	65ae3e2cb248556c
normal_dp1_dc0_ud1_nb2000	247	3	e0853c840dd1fdaf
normal_dp1_dc0_ud1_nb2000	248	48	b40a9b6fd6af7eae
normal_dp1_dc0_ud1_nb2000	249	136	bc25f7185a4597f0
normal_dp1_dc0_ud1_nb2000	250	55	b2bf885d9ea9f8c0
normal_dp1_dc0_ud1_nb2000	251	54	6ecdef06fc50bb37
normal_dp1_dc0_ud1_nb2000	252	5	8c963a2c9ca6b239
normal_dp1_dc0_ud1_nb2000	253	5	68447a6baef27bb5
normal_dp1_dc0_ud1_nb2000	254	6	5d4c55fc5ab69382
normal_dp1_dc0_ud1_nb2000	255	53	fc6ef516c723618a
normal_dp1_dc0_ud1_nb2000	256	2	551a63c2d76181f6
normal_dp1_dc0_ud1_nb2000	257	9	356ed3703e436ed3
normal_dp1_dc0_ud1_nb2000	258	62	8f593e0029a61a3f
normal_dp1_dc0_ud1_nb2000	259	21	2137a94346edfa43
normal_dp1_dc0_ud1_nb2000	260	2	adbb7c7175eb6e52
normal_dp1_dc0_ud1_nb2000	261	2	f76307a603dd2a5d
normal_dp1_dc0_ud1_nb2000	262	7	f97c32f3f992221b
normal_dp1_dc0_ud1_nb2000	263	4	26ad5b1db2402826
normal_dp1_dc0_ud1_nb2000	264	23	f3ebca8b04b2c17e
normal_dp1_dc0_ud1_nb2000	265	3	9f8d916961924fb4
normal_dp1_dc0_ud1_nb2000	266	4	bb31c52b28bb81b0
normal_dp1_dc0_ud1_nb2000	267	3	318574d728fb4773
normal_dp1_dc0_ud1_nb2000	268	1	25aef9909dfea048
normal_dp1_dc0_ud1_nb2000	269	52	3e9f0b852e3e2122
normal_dp1_dc0_ud1_nb2000	270	21	52e5c23aef9a7c88
normal_dp1_dc0_ud1_nb2000	271	117	6fa3c71816f6c58a
normal_dp1_dc0_ud1_nb2000	272	54	1eda6492eebab72d
normal_dp1_dc0_ud1_nb2000	273	2	6f51285605f5b665
normal_dp1_dc0_ud1_nb2000	274	26	7689d104468df279
normal_dp1_dc0_ud1_nb2000	275	3	33846b194a9c5819
normal_dp1_dc0_ud1_nb2000	276	131	be65408c5c860a97
normal_dp1_dc0_ud1_nb2000	277	7	8c70cecc8aa87c82
normal_dp1_dc0_ud1_nb2000	278	117	c8385df2aa5b2d91
normal_dp1_dc0_ud1_nb2000	279	24	1df639b36edc2fb3
normal_dp1_dc0_ud1_nb2000	280	3	20205e6f2da9609c
normal_dp1_dc0_ud1_nb2000	281	1	3abc652ea33e17a5
normal_dp1_dc0_ud1_nb2000	282	2	9a10022c0daaddb3
normal_dp1_dc0_ud1_nb2000	283	18	b5d03e8ca31bb60b
normal_dp1_dc0_ud1_nb2000	284	5	33be49397f38c1c0
normal_dp1_dc0_ud1_nb2000	285	15	c5e1c9d0dc12576e
normal_dp1_dc0_ud1_nb2000	286	10	ffcd04acf22df2f6
normal_dp1_dc0_ud1_nb2000	287	141	4cdb2ebd33c24f92
normal_dp1_dc0_ud1_nb2000	288	4	79393d37bfeeb318
normal_dp1_dc0_ud1_nb2000	289	1	adf4e0e63c574ffd
normal_dp1_dc0_ud1_nb2000	290	2	0f3051d3fcbf1a41
normal_dp1_dc0_ud1_nb2000	291	141	c03a7f5b1a705e7d
normal_dp1_dc0_ud1_nb2000	292	3	97def42dec590a3f
normal_dp1_dc0_ud1_nb2000	293	118	d6ad307697e85869
normal_dp1_dc0_ud1_nb2000	294	52	09f1110f71881ad6
normal_dp1_dc0_ud1_nb2000	295	1	6d6c9be064bbef04
normal_dp1_dc0_ud1_nb2000	296	126	45fd614c086277c8
normal_dp1_dc0_ud1_nb2000	297	139	6d09007002657394
normal_dp1_dc0_ud1_nb2000	298	2	b4231c8b8bf14136
normal_dp1_dc0_ud1_nb2000	299	1	ec9a11734f43ecd8
normal_dp1_dc0_ud1_nb2000	300	5	3f94bc087489c8e4
normal_dp1_dc0_ud1_nb2000	301	42	4d07a7eda7d69947
normal_dp1_dc0_ud1_nb2000	302	8	1e5b6fdd3a4d4e63
normal_dp1_dc0_ud1_nb2000	303	6	adb56fe1642e028b
normal_dp1_dc0_ud1_nb2000	304	5	e7fe22ccd9ba11f5
normal_dp1_dc0_ud1_nb2000	305	25	aa7328631da534e8
normal_dp1_dc0_ud1_nb2000	306	8	de2a57432debf637
normal_dp1_dc0_ud1_nb2000	307	21	1d5ca5bd1b41f926
normal_dp1_dc0_ud1_nb2000	308	128	8e036fc20bd0fc4c
normal_dp1_dc0_ud1_nb2000	309	2	49f285d1dbd9cded
normal_dp1_dc0_ud1_nb2000	310	3	a19a9ddc616bc40b
normal_dp1_dc0_ud1_nb2000	311	3	d22ff6030491e306
normal_dp1_dc0_ud1_nb2000	312	49	c6186c8afdbd355a
normal_dp1_dc0_ud1_nb2000	313	51	eb3c2db36574c6c6
normal_dp1_dc0_ud1_nb2000	314	56	3e76425a6c6878cd
normal_dp1_dc0_ud1_nb2000	315	1	1ab4e6773c971447
normal_dp1_dc0_ud1_nb2000	316	133	e5cebb55898287ae
normal_dp1_dc0_ud1_nb2000	317	5	a57c653d40b9330e
normal_dp1_dc0_ud1_nb2000	318	3	0be369303603bc54
normal_dp1_dc0_ud1_nb2000	319	123	28c179c4c649fdd5
normal_dp1_dc0_ud1_nb2000	320	26	c994bfb7552b74b5
normal_dp1_dc0_ud1_nb2000	321	17	5b0a7dfff0b9c268
normal_dp1_dc0_ud1_nb2000	322	53	d043eb405e3569e3
normal_dp1_dc0_ud1_nb2000	323	21	663367867a011671
normal_dp1_dc0_ud1_nb2000	324	26	9d0705b7df7b6e34
normal_dp1_dc0_ud1_nb2000	325	6	ba61619909836ace
normal_dp1_dc0_ud1_nb2000	326	49	8a9d531d9cb078f1
normal_dp1_dc0_ud1_nb2000	327	3	d1fb661b574d678c
normal_dp1_dc0_ud1_nb2000	328	7	564bb8edfe92bf9a
normal_dp1_dc0_ud1_nb2000	329	2	461827dfc2a8b43f
normal_dp1_dc0_ud1_nb2000	330	59	24d143c271d2927c
normal_dp1_dc0_ud1_nb2000	331	1	a1b05ad8878eddbd
normal_dp1_dc0_ud1_nb2000	332	50	cb72812b554fc6f0
normal_dp1_dc0_ud1_nb2000	333	55	f2f1e5d882fb0c37
normal_dp1_dc0_ud1_nb2000	334	122	c511165fbb96901c
normal_dp1_dc0_ud1_nb2000	335	21	d4a539b6f19894e7
normal_dp1_dc0_ud1_nb2000	336	49	c394ee78bacdd2d3
normal_dp1_dc0_ud1_nb2000	337	8	027765e0cef51c1c
normal_dp1_dc0_ud1_nb2000	338	49	9110733812730ca4
normal_dp1_dc0_ud1_nb2000	339	63	abadfde216c22997
normal_dp1_dc0_ud1_nb2000	340	23	83cc50944a70869a
normal_dp1_dc0_ud1_nb2000	341	2	ad98a9842eda811a
normal_dp1_dc0_ud1_nb2000	342	25	336280dbb4f5bf4a
normal_dp1_dc0_ud1_nb2000	343	140	ac8034394ea66659
normal_dp1_dc0_ud1_nb2000	344	6	5f1b071befe1b3b9
normal_dp1_dc0_ud1_nb2000	345	24	a3c094ff70dad61f
normal_dp1_dc0_ud1_nb2000	346	54	b955144e2bedda14
normal_dp1_dc0_ud1_nb2000	347	2	73786eace44df5fe
normal_dp1_dc0_ud1_nb2000	348	5	a3cd0c88ea908c0a
normal_dp1_dc0_ud1_nb2000	349	19	7dd7b1bc55e0f86e
normal_dp1_dc0_ud1_nb2000	350	8	677ae48c18a62575
normal_dp1_dc0_ud1_nb2000	351	6	8f1fbe3d0f72da7e
normal_dp1_dc0_ud1_nb2000	352	1	8424221c01ab377a
normal_dp1_dc0_ud1_nb2000	353	21	86a46489ddb61ddd
normal_dp1_dc0_ud1_nb2000	354	2	5bda2ca495a4ab74
normal_dp1_dc0_ud1_nb2000	355	3	a581d4f3412436ff
normal_dp1_dc0_ud1_nb2000	356	1	0de197205f786e7e
normal_dp1_dc0_ud1_nb2000	357	21	77a29d8171842c52
normal_dp1_dc0_ud1_nb2000	358	2	f9fa6bf430f95da3
normal_dp1_dc0_ud1_nb2000	359	2	2528591461d93ca8
normal_dp1_dc0_ud1_nb2000	360	7	920d478d9a1f0969
normal_dp1_dc0_ud1_nb2000	361	2	c6d90e3c7d693bdd
normal_dp1_dc0_ud1_nb2000	362	54	27ed4e681e6b52e3
normal_dp1_dc0_ud1_nb2000	363	120	c5ba63010cef303b
normal_dp1_dc0_ud1_nb2000	364	7	ffd5dab670422ca6
normal_dp1_dc0_ud1_nb2000	365	2	0acbb33a757090a6
normal_dp1_dc0_ud1_nb2000	366	2	198c1f0846c5965f
normal_dp1_dc0_ud1_nb2000	367	8	983f5743d9aa7e64
normal_dp1_dc0_ud1_nb2000	368	1	eef15e6694a23b83
normal_dp1_dc0_ud1_nb2000	369	19	b894b56cac22eb0f
normal_dp1_dc0_ud1_nb2000	370	6	c2b6a6d77ac0c54c
normal_dp1_dc0_ud1_nb2000	371	2	4cd07f8f33b23519
normal_dp1_dc0_ud1_nb2000	372	3	97ef6c6486301c0d
normal_dp1_dc0_ud1_nb2000	373	5	c45f4864686173b7
normal_dp1_dc0_ud1_nb2000	374	55	30bf12f5a8607cb6
normal_dp1_dc0_ud1_nb2000	375	47	18e59f2ad150c7a3
normal_dp1_dc0_ud1_nb2000	376	8	a92efd60205398cf
normal_dp1_dc0_ud1_nb2000	377	2	c417926d6aea0d9a
normal_dp1_dc0_ud1_nb2000	378	4	a06e054f270ac1cf
normal_dp1_dc0_ud1_nb2000	379	8	f7bf4b46fdb7bfe6
normal_dp1_dc0_ud1_nb2000	380	58	0f5b6662316a11c5
normal_dp1_dc0_ud1_nb2000	381	3	b1f6b2765a452e84
normal_dp1_dc0_ud1_nb2000	382	2	ee235b847f480214
normal_dp1_dc0_ud1_nb2000	383	2	1ca0393d8d48778c
normal_dp1_dc0_ud1_nb2000	384	2	17487eeaec684a5e
normal_dp1_dc0_ud1_nb2000	385	2	60e9a85e50134bc4
normal_dp1_dc0_ud1_nb2000	386	123	2363f3e600277ba7
normal_dp1_dc0_ud1_nb2000	387	8	733e113fa41c4d5b
normal_dp1_dc0_ud1_nb2000	388	64	afd9317a2211d0fa
normal_dp1_dc0_ud1_nb2000	389	43	6c88adf900ed1e8a
normal_dp1_dc0_ud1_nb2000	390	7	1e514b22b438dfa3
normal_dp1_dc0_ud1_nb2000	391	7	109224eb648dc612
normal_dp1_dc0_ud1_nb2000	392	16	98dda3e153eadd6a
normal_dp1_dc0_ud1_nb2000	393	7	0ab9a0f8602eac2c
normal_dp1_dc0_ud1_nb2000	394	2	9e5b2dc50953735f
normal_dp1_dc0_ud1_nb2000	395	4	6122c00846bbbbae
normal_dp1_dc0_ud1_nb2000	396	18	331d40996af64802
normal_dp1_dc0_ud1_nb2000	397	49	c0a03acee2fc370f
normal_dp1_dc0_ud1_nb2000	398	144	3c7078f9bd1b86a3
normal_dp1_dc0_ud1_nb2000	399	4	3f607be684c580de
normal_dp0_dc1_ud0_nb0	0	2	fe3877f9123caf6f
normal_dp0_dc1_ud0_nb0	1	25	f895dece7a772bab
normal_dp0_dc1_ud0_nb0	2	185	cf867033af001c7f
normal_dp0_dc1_ud0_nb0	3	3	04752421978926ff
normal_dp0_dc1_ud0_nb0	4	64	a0ded37644b9daae
normal_dp0_dc1_ud0_nb0	5	5	0e2fd5c7671bbc23
normal_dp0_dc1_ud0_nb0	6	67	87fd6e24b6374980
normal_dp0_dc1_ud0_nb0	7	167	a14a045d8ccfd5eb
normal_dp0_dc1_ud0_nb0	8	164	95bdf46572e1fc90
normal_dp0_dc1_ud0_nb0	9	67	58910236bc7536c5
normal_dp0_dc1_ud0_nb0	10	65	8b6e672cdfeab96d
normal_dp0_dc1_ud0_nb0	11	71	b7570bffe931508c
normal_dp0_dc1_ud0_nb0	12	6	e25a0797ac94cbf4
normal_dp0_dc1_ud0_nb0	13	2	4fa0cf4bc5d18d38
normal_dp0_dc1_ud0_nb0	14	6	06cb917caa7530f2
normal_dp0_dc1_ud0_nb0	15	5	d3d9c8acac5507f9
normal_dp0_dc1_ud0_nb0	16	28	beef89536482c79b
normal_dp0_dc1_ud0_nb0	17	2	5420621e61e6b2de
normal_dp0_dc1_ud0_nb0	18	5	3d71f266a2e565b8
normal_dp0_dc1_ud0_nb0	19	3	5892385b1aec09f4
normal_dp0_dc1_ud0_nb0	20	60	277585a41347671e
normal_dp0_dc1_ud0_nb0	21	63	e1bb68e0ebed3e45
normal_dp0_dc1_ud0_nb0	22	2	b2b47f5335448eeb
normal_dp0_dc1_ud0_nb0	23	160	4661007755993d50
normal_dp0_dc1_ud0_nb0	24	2	4ee24f53fa50f5fb
normal_dp0_dc1_ud0_nb0	25	2	210c11ef7723c39c
normal_dp0_dc1_ud0_nb0	26	27	b54b18ad67c1e81f
normal_dp0_dc1_ud0_nb0	27	2	7a76b7ba3a15016d
normal_dp0_dc1_ud0_nb0	28	6	eb675bbe82f65a03
normal_dp0_dc1_ud0_nb0	29	2	0d2b0764438b4218
normal_dp0_dc1_ud0_nb0	30	5	69ec4105565c89a1
normal_dp0_dc1_ud0_nb0	31	2	115a740f9cd9a619
normal_dp0_dc1_ud0_nb0	32	161	ec68556c91a149f4
normal_dp0_dc1_ud0_nb0	33	3	fb073d01787c3389
normal_dp0_dc1_ud0_nb0	34	5	b5aca246e8c003fe
normal_dp0_dc1_ud0_nb0	35	165	d504e632896dabaf
normal_dp0_dc1_ud0_nb0	36	10	2be47a4d65d010cf
normal_dp0_dc1_ud0_nb0	37	84	22222c50138a1086
normal_dp0_dc1_ud0_nb0	38	22	72b27f15ef10a1bc
normal_dp0_dc1_ud0_nb0	39	163	1c5c41a50e6969de
normal_dp0_dc1_ud0_nb0	40	175	3b5d18d547e49958
normal_dp0_dc1_ud0_nb0	41	31	df4e0d5888ada439
normal_dp0_dc1_ud0_nb0	42	9	0a9712f00d2660bb
normal_dp0_dc1_ud0_nb0	43	2	d62bc83a3fc4ad67
normal_dp0_dc1_ud0_nb0	44	2	8946d53fe3b107ce
normal_dp0_dc1_ud0_nb0	45	10	2c77cd1587197a55
normal_dp0_dc1_ud0_nb0	46	24	f8be0763d51b363d
normal_dp0_dc1_ud0_nb0	47	76	562267c7ca3aa053
normal_dp0_dc1_ud0_nb0	48	10	08b4bf4392ca0976
normal_dp0_dc1_ud0_nb0	49	6	2ce67d3a0a7e82bc
normal_dp0_dc1_ud0_nb0	50	3	fd89f6049da2aafa
normal_dp0_dc1_ud0_nb0	51	34	4cfcd83513322589
normal_dp0_dc1_ud0_nb0	52	2	fd08e8dd823f631e
normal_dp0_dc1_ud0_nb0	53	8	cf618e5da383bd99
normal_dp0_dc1_ud0_nb0	54	4	90ac7107270a7322
normal_dp0_dc1_ud0_nb0	55	68	e4b34d909d0b6820
normal_dp0_dc1_ud0_nb0	56	10	425e69fb62177c9b
normal_dp0_dc1_ud0_nb0	57	2	d8c21a02c79c5d2f
normal_dp0_dc1_ud0_nb0	58	5	8f407593ca494b69
normal_dp0_dc1_ud0_nb0	59	29	c57d5de4d30f5127
normal_dp0_dc1_ud0_nb0	60	3	90e544c7aa820b5e
normal_dp0_dc1_ud0_nb0	61	2	50c0e5e565e77d9f
normal_dp0_dc1_ud0_nb0	62	3	490e58d435ecad3e
normal_dp0_dc1_ud0_nb0	63	23	cf5ba468d7487799
normal_dp0_dc1_ud0_nb0	64	65	acf80a78f014d082
normal_dp0_dc1_ud0_nb0	65	6	18374a0373c87375
normal_dp0_dc1_ud0_nb0	66	2	183418e639303309
normal_dp0_dc1_ud0_nb0	67	9	837b9fd685ada532
normal_dp0_dc1_ud0_nb0	68	8	8178a98c703434b1
normal_dp0_dc1_ud0_nb0	69	67	af9cb2b378843bc3
normal_dp0_dc1_ud0_nb0	70	6	47d8eac138ef74d0
normal_dp0_dc1_ud0_nb0	71	15	6b43b59646407b82
normal_dp0_dc1_ud0_nb0	72	26	0b4575cf519ae041
normal_dp0_dc1_ud0_nb0	73	63	2099472d287c32ac
normal_dp0_dc1_ud0_nb0	74	3	1fa1bda149e03db8
normal_dp0_dc1_ud0_nb0	75	3	27658063d81c7912
normal_dp0_dc1_ud0_nb0	76	71	bad27770225dce4f
normal_dp0_dc1_ud0_nb0	77	2	72f99e536ffd074b
normal_dp0_dc1_ud0_nb0	78	3	561e686feba94de6
normal_dp0_dc1_ud0_nb0	79	13	aaa4bd3ecf8f5640
normal_dp0_dc1_ud0_nb0	80	2	0fb37fca75143919
normal_dp0_dc1_ud0_nb0	81	9	1639b51d3ae74059
normal_dp0_dc1_ud0_nb0	82	168	1e3016892b721cb3
normal_dp0_dc1_ud0_nb0	83	6	f1015c348b042132
normal_dp0_dc1_ud0_nb0	84	3	98be6817fedd840d
normal_dp0_dc1_ud0_nb0	85	70	d33ad4a2dcbc0028
normal_dp0_dc1_ud0_nb0	86	9	c218be81f282ceb9
normal_dp0_dc1_ud0_nb0	87	24	78e7b4706f8707c2
normal_dp0_dc1_ud0_nb0	88	29	1d70f1dea01861e0
normal_dp0_dc1_ud0_nb0	89	168	1baa302de0415fce
normal_dp0_dc1_ud0_nb0	90	3	34f7b7a47589cbb8
normal_dp0_dc1_ud0_nb0	91	168	4966b01190fb1095
normal_dp0_dc1_ud0_nb0	92	5	90c2225b0e0d3f2c
normal_dp0_dc1_ud0_nb0	93	9	4f3ef11b2e70c9d3
normal_dp0_dc1_ud0_nb0	94	6	98a1472c66a9b589
normal_dp0_dc1_ud0_nb0	95	162	57a0837650a3f254
normal_dp0_dc1_ud0_nb0	96	71	e0317a05214f3cad
normal_dp0_dc1_ud0_nb0	97	6	d0f6ce909212a479
normal_dp0_dc1_ud0_nb0	98	5	3e9a59cbbb2debe0
normal_dp0_dc1_ud0_nb0	99	9	71b2b97da4b7f291
normal_dp0_dc1_ud0_nb0	100	7	494ba0be47081fb9
normal_dp0_dc1_ud0_nb0	101	2	3ff37d05d9e89fc7
normal_dp0_dc1_ud0_nb0	102	65	7f3879f5dc5bf150
normal_dp0_dc1_ud0_nb0	103	33	8d40a7fb247e5ba0
normal_dp0_dc1_ud0_nb0	104	2	548f1ccaebf16d95
normal_dp0_dc1_ud0_nb0	105	2	5e1645b8765c83f3
normal_dp0_dc1_ud0_nb0	106	29	5e1d1398ba82fe2e
normal_dp0_dc1_ud0_nb0	107	167	4b7af7e9e87193b1
normal_dp0_dc1_ud0_nb0	108	64	01abf6d03125fb69
normal_dp0_dc1_ud0_nb0	109	26	533ede7c1647a4e2
normal_dp0_dc1_ud0_nb0	110	6	eaa23448c06ebdc7
normal_dp0_dc1_ud0_nb0	111	3	01911c6ee2172564
normal_dp0_dc1_ud0_nb0	112	3	616126a74fbcf785
normal_dp0_dc1_ud0_nb0	113	2	60b1555914b64347
normal_dp0_dc1_ud0_nb0	114	154	465dfb6ae52e7e52
normal_dp0_dc1_ud0_nb0	115	3	de6fd2bd545408c7
normal_dp0_dc1_ud0_nb0	116	3	188df6e0b9010d74
normal_dp0_dc1_ud0_nb0	117	170	28a9d75aeda566be
normal_dp0_dc1_ud0_nb0	118	170	1369903f578fe047
normal_dp0_dc1_ud0_nb0	119	2	fa3b1b21769c99bc
normal_dp0_dc1_ud0_nb0	120	160	55d132ca1a02149c
normal_dp0_dc1_ud0_nb0	121	78	e42250cb782cc597
normal_dp0_dc1_ud0_nb0	122	178	b938adf9c2779afa
normal_dp0_dc1_ud0_nb0	123	2	737f3e1167508935
normal_dp0_dc1_ud0_nb0	124	65	cfdd1ac6fe10bf1a
normal_dp0_dc1_ud0_nb0	125	6	ee02dd66d95d2d06
normal_dp0_dc1_ud0_nb0	126	10	55bd907aef5e856d
normal_dp0_dc1_ud0_nb0	127	2	814dccc6d2006e69
normal_dp0_dc1_ud0_nb0	128	29	0980d24a38b38086
normal_dp0_dc1_ud0_nb0	129	70	44e11d55b79541df
normal_dp0_dc1_ud0_nb0	130	2	af2325e713679114
normal_dp0_dc1_ud0_nb0	131	164	2bb2a268bb2a6da5
normal_dp0_dc1_ud0_nb0	132	164	6b9fc0c5fef4fee2
normal_dp0_dc1_ud0_nb0	133	2	80af669c13559a46
normal_dp0_dc1_ud0_nb0	134	10	97ceea39277c0000
normal_dp0_dc1_ud0_nb0	135	2	785032ef26619839
normal_dp0_dc1_ud0_nb0	136	2	cff4c6b51ab8d1e1
normal_dp0_dc1_ud0_nb0	137	3	1dc709adf506815a
normal_dp0_dc1_ud0_nb0	138	168	15a702687c718edb
normal_dp0_dc1_ud0_nb0	139	162	fe9b01b59ebc0393
normal_dp0_dc1_ud0_nb0	140	5	d0eb69f59bc41631
normal_dp0_dc1_ud0_nb0	141	8	652decbde067615b
normal_dp0_dc1_ud0_nb0	142	9	73cf93aa8b725dec
normal_dp0_dc1_ud0_nb0	143	2	6ff6b8bc6619ae66
normal_dp0_dc1_ud0_nb0	144	9	c6bfbbaf8bebabad
normal_dp0_dc1_ud0_nb0	145	61	74b1cf40358c969b
normal_dp0_dc1_ud0_nb0	146	70	7c27f0ef3725dcf9
normal_dp0_dc1_ud0_nb0	147	18	212fe03f188d4dff
normal_dp0_dc1_ud0_nb0	148	24	373426e7392d3028
normal_dp0_dc1_ud0_nb0	149	2	0e7a7d4215ecf15a
normal_dp0_dc1_ud0_nb0	150	5	43684eed2bcb39aa
normal_dp0_dc1_ud0_nb0	151	7	8c24f002cdd8b0bc
normal_dp0_dc1_ud0_nb0	152	75	c587111175744038
normal_dp0_dc1_ud0_nb0	153	176	374d87e165ca7aeb
normal_dp0_dc1_ud0_nb0	154	2	60a2b5c9c2e0e62a
normal_dp0_dc1_ud0_nb0	155	65	acaddb21036137d8
normal_dp0_dc1_ud0_nb0	156	25	d9c1718dc745ed80
normal_dp0_dc1_ud0_nb0	157	3	6a36bc7972855e92
normal_dp0_dc1_ud0_nb0	158	5	8ce90f0f7bf36777
normal_dp0_dc1_ud0_nb0	159	64	aa1f12676daabb7f
normal_dp0_dc1_ud0_nb0	160	11	eb1e8546f2633505
normal_dp0_dc1_ud0_nb0	161	2	a1619a4837419d10
normal_dp0_dc1_ud0_nb0	162	162	6edcc9f179e98e69
normal_dp0_dc1_ud0_nb0	163	9	d9a987cafc69b052
normal_dp0_dc1_ud0_nb0	164	2	e08c08885d04564b
normal_dp0_dc1_ud0_nb0	165	3	5c538693c1431f4b
normal_dp0_dc1_ud0_nb0	166	182	a9840aea52e6ffd5
normal_dp0_dc1_ud0_nb0	167	68	ce7c043e516acc49
normal_dp0_dc1_ud0_nb0	168	2	7f186e27c595ab14
normal_dp0_dc1_ud0_nb0	169	11	a2e05d8dfbe435b9
normal_dp0_dc1_ud0_nb0	170	2	9a10e7aed7584972
normal_dp0_dc1_ud0_nb0	171	62	015e89e1388c8f74
normal_dp0_dc1_ud0_nb0	172	6	27e5f69c88e26f40
normal_dp0_dc1_ud0_nb0	173	8	c803a1bbd5e5d047
normal_dp0_dc1_ud0_nb0	174	26	ccf9e4da62109d18
normal_dp0_dc1_ud0_nb0	175	2	72c15ba8f0c9d153
normal_dp0_dc1_ud0_nb0	176	172	feb77f16fd7e74d8
normal_dp0_dc1_ud0_nb0	177	3	c218bc9ef317b912
normal_dp0_dc1_ud0_nb0	178	2	edb8b080a73ec176
normal_dp0_dc1_ud0_nb0	179	56	e80ac5b795d2df00
normal_dp0_dc1_ud0_nb0	180	160	743b4e764ef7574e
normal_dp0_dc1_ud0_nb0	181	70	e7d0816c661b397a
normal_dp0_dc1_ud0_nb0	182	6	b5bec723cdeb5f21
normal_dp0_dc1_ud0_nb0	183	2	f715da348003fd36
normal_dp0_dc1_ud0_nb0	184	10	17684c733aeb906a
normal_dp0_dc1_ud0_nb0	185	159	42f9407ef4ce727d
normal_dp0_dc1_ud0_nb0	186	2	f4c5fe0c958f3e6d
normal_dp0_dc1_ud0_nb0	187	63	29c8076c9efe032e
normal_dp0_dc1_ud0_nb0	188	6	095e851ce7fee1b7
normal_dp0_dc1_ud0_nb0	189	3	4275562cef33e65f
normal_dp0_dc1_ud0_nb0	190	3	01ea72aab73b6f2d
normal_dp0_dc1_ud0_nb0	191	176	ea84d17e08417dd6
normal_dp0_dc1_ud0_nb0	192	5	ae1a712b3ffd0260
normal_dp0_dc1_ud0_nb0	193	3	9d88783521a38ff1
normal_dp0_dc1_ud0_nb0	194	63	1a696484965afcf1
normal_dp0_dc1_ud0_nb0	195	60	34197bff4cf93940
normal_dp0_dc1_ud0_nb0	196	171	18b6234b4f713602
normal_dp0_dc1_ud0_nb0	197	11	2547b6a490f3ba28
normal_dp0_dc1_ud0_nb0	198	2	9ae12495235be9b1
normal_dp0_dc1_ud0_nb0	199	11	53a982c28c73c81c
normal_dp0_dc1_ud0_nb0	200	74	3751fd202ad599d5
normal_dp0_dc1_ud0_nb0	201	6	6af7fbc304f8b8b5
normal_dp0_dc1_ud0_nb0	202	3	9867b26f89bd75b4
normal_dp0_dc1_ud0_nb0	203	26	d950d6b3b4253622
normal_dp0_dc1_ud0_nb0	204	62	10e8c88782b1a3c8
normal_dp0_dc1_ud0_nb0	205	10	b10739592a1334cc
normal_dp0_dc1_ud0_nb0	206	180	247e4b06a12e05c9
normal_dp0_dc1_ud0_nb0	207	77	a5ab558e8ab7fc48
normal_dp0_dc1_ud0_nb0	208	59	9813ae91e3172fba
normal_dp0_dc1_ud0_nb0	209	2	7e406aca15207b29
normal_dp0_dc1_ud0_nb0	210	3	27aa91d89ced92ad
normal_dp0_dc1_ud0_nb0	211	11	61885b35806c0d03
normal_dp0_dc1_ud0_nb0	212	10	444c139ff47cb46c
normal_dp0_dc1_ud0_nb0	213	3	edd5359814ad33df
normal_dp0_dc1_ud0_nb0	214	23	f013cdc15f99bca8
normal_dp0_dc1_ud0_nb0	215	5	74ba7792595c3310
normal_dp0_dc1_ud0_nb0	216	69	eb10580a9bf11918
normal_dp0_dc1_ud0_nb0	217	7	0b07839a407a37a5
normal_dp0_dc1_ud0_nb0	218	8	87fc2988054c7275
normal_dp0_dc1_ud0_nb0	219	5	afc62d7020f46179
normal_dp0_dc1_ud0_nb0	220	25	80c6e3456046a750
normal_dp0_dc1_ud0_nb0	221	8	1e66083965185e02
normal_dp0_dc1_ud0_nb0	222	2	155847d504fd75bd
normal_dp0_dc1_ud0_nb0	223	3	dfc8d2c7aa545cda
normal_dp0_dc1_ud0_nb0	224	5	5c4804092e86054c
normal_dp0_dc1_ud0_nb0	225	2	2832a96cf84da5d8
normal_dp0_dc1_ud0_nb0	226	181	97de48d6b6ebb0a4
normal_dp0_dc1_ud0_nb0	227	2	bfb74ba3b9454e97
normal_dp0_dc1_ud0_nb0	228	30	125c4641d1faaca2
normal_dp0_dc1_ud0_nb0	229	4	00a3f85f65b1531d
normal_dp0_dc1_ud0_nb0	230	57	720545bc3e020f64
normal_dp0_dc1_ud0_nb0	231	6	b327776c5662a820
normal_dp0_dc1_ud0_nb0	232	3	5612032716e11f80
normal_dp0_dc1_ud0_nb0	233	29	4002ea50291af003
normal_dp0_dc1_ud0_nb0	234	3	93f59ad12e846f0f
normal_dp0_dc1_ud0_nb0	235	63	0e29b17295dd979d
normal_dp0_dc1_ud0_nb0	236	2	d481bfb675d614dd
normal_dp0_dc1_ud0_nb0	237	3	51749904d3065bf0
normal_dp0_dc1_ud0_nb0	238	30	a40641c9a1660f3d
normal_dp0_dc1_ud0_nb0	239	2	4b70e50b8edc6292
normal_dp0_dc1_ud0_nb0	240	6	b9b7ef9ad45d886d
normal_dp0_dc1_ud0_nb0	241	3	b2635722d8d798e2
normal_dp0_dc1_ud0_nb0	242	5	dcae176c8012b891
normal_dp0_dc1_ud0_nb0	243	28	9f935362945cbc09
normal_dp0_dc1_ud0_nb0	244	3	ec05ce6608dc3176
normal_dp0_dc1_ud0_nb0	245	26	bee196c220463511
normal_dp0_dc1_ud0_nb0	246	175	9c9f0e70857a72e6
normal_dp0_dc1_ud0_nb0	247	3	e0853c840dd1fdaf
normal_dp0_dc1_ud0_nb0	248	67	593321edf0fe32fb
normal_dp0_dc1_ud0_nb0	249	171	280d812f5e6ca9e8
normal_dp0_dc1_ud0_nb0	250	71	5301f31f05cb8abc
normal_dp0_dc1_ud0_nb0	251	68	0c768002d82de105
normal_dp0_dc1_ud0_nb0	252	9	9573efbba0b7e035
normal_dp0_dc1_ud0_nb0	253	5	68447a6baef27bb5
normal_dp0_dc1_ud0_nb0	254	7	23796885d75abc94
normal_dp0_dc1_ud0_nb0	255	64	3d13d5e7a9cb11b0
normal_dp0_dc1_ud0_nb0	256	2	551a63c2d76181f6
normal_dp0_dc1_ud0_nb0	257	11	7be012cedd4a7b9e
normal_dp0_dc1_ud0_nb0	258	77	29aaa7076129a14f
normal_dp0_dc1_ud0_nb0	259	27	f63d593afb2116a0
normal_dp0_dc1_ud0_nb0	260	2	adbb7c7175eb6e52
normal_dp0_dc1_ud0_nb0	261	2	f76307a603dd2a5d
normal_dp0_dc1_ud0_nb0	262	6	012bcced6fa5143c
normal_dp0_dc1_ud0_nb0	263	4	26ad5b1db2402826
normal_dp0_dc1_ud0_nb0	264	32	a00361935261b366
normal_dp0_dc1_ud0_nb0	265	3	9f8d916961924fb4
normal_dp0_dc1_ud0_nb0	266	5	1b0ff3783fc45349
normal_dp0_dc1_ud0_nb0	267	3	318574d728fb4773
normal_dp0_dc1_ud0_nb0	268	2	8d2a9efba4c33051
normal_dp0_dc1_ud0_nb0	269	66	9b7abd4fd4120ff3
normal_dp0_dc1_ud0_nb0	270	28	bd6825e43716288f
normal_dp0_dc1_ud0_nb0	271	161	cb7337949fd70ef2
normal_dp0_dc1_ud0_nb0	272	67	43f4d66293a50a57
normal_dp0_dc1_ud0_nb0	273	2	6f51285605f5b665
normal_dp0_dc1_ud0_nb0	274	31	f5015ad63afb8a25
normal_dp0_dc1_ud0_nb0	275	3	33846b194a9c5819
normal_dp0_dc1_ud0_nb0	276	167	46f279a9222f9ada
normal_dp0_dc1_ud0_nb0	277	9	3eb17629cd58a40a
normal_dp0_dc1_ud0_nb0	278	167	14e41d789a8f2d47
normal_dp0_dc1_ud0_nb0	279	29	420c26c233a40541
normal_dp0_dc1_ud0_nb0	280	3	20205e6f2da9609c
normal_dp0_dc1_ud0_nb0	281	3	62652c0a1c0a640d
normal_dp0_dc1_ud0_nb0	282	2	9a10022c0daaddb3
normal_dp0_dc1_ud0_nb0	283	30	5ae746c235dc4ab8
normal_dp0_dc1_ud0_nb0	284	6	1517db2fd2f8a36a
normal_dp0_dc1_ud0_nb0	285	15	c5e1c9d0dc12576e
normal_dp0_dc1_ud0_nb0	286	11	50cc5c7186fe2f57
normal_dp0_dc1_ud0_nb0	287	175	4fa6bb54953eabcd
normal_dp0_dc1_ud0_nb0	288	5	5908aefedc42ad88
normal_dp0_dc1_ud0_nb0	289	3	74c1046dd66082f6
normal_dp0_dc1_ud0_nb0	290	2	0f3051d3fcbf1a41
normal_dp0_dc1_ud0_nb0	291	169	7e3cfd4de9027a78
normal_dp0_dc1_ud0_nb0	292	3	97def42dec590a3f
normal_dp0_dc1_ud0_nb0	293	157	a24c75d7c4941d80
normal_dp0_dc1_ud0_nb0	294	70	b2000a282ac83bbe
normal_dp0_dc1_ud0_nb0	295	2	11246c95048adcd5
normal_dp0_dc1_ud0_nb0	296	163	daf258014d3c7d07
normal_dp0_dc1_ud0_nb0	297	174	c8c2116be751d2d2
normal_dp0_dc1_ud0_nb0	298	2	b4231c8b8bf14136
normal_dp0_dc1_ud0_nb0	299	3	17a5652bcb2e5c79
normal_dp0_dc1_ud0_nb0	300	6	b93a6252f4092a05
normal_dp0_dc1_ud0_nb0	301	65	80d20f9c7705a0e5
normal_dp0_dc1_ud0_nb0	302	9	df2ddd6318193891
normal_dp0_dc1_ud0_nb0	303	6	adb56fe1642e028b
normal_dp0_dc1_ud0_nb0	304	9	883b2d869787b773
normal_dp0_dc1_ud0_nb0	305	28	adb70a4261009e0e
normal_dp0_dc1_ud0_nb0	306	9	55d08a9e81a57ceb
normal_dp0_dc1_ud0_nb0	307	25	94bd6da21cc572d5
normal_dp0_dc1_ud0_nb0	308	158	0f994bec17fa320c
normal_dp0_dc1_ud0_nb0	309	2	49f285d1dbd9cded
normal_dp0_dc1_ud0_nb0	310	3	a19a9ddc616bc40b
normal_dp0_dc1_ud0_nb0	311	5	8d7b925db37adbff
normal_dp0_dc1_ud0_nb0	312	66	2cd4dcce32dbbfd2
normal_dp0_dc1_ud0_nb0	313	66	96a7ca79bde2ff95
normal_dp0_dc1_ud0_nb0	314	67	b3cd9fb3f0543885
normal_dp0_dc1_ud0_nb0	315	2	93bc5a015f549470
normal_dp0_dc1_ud0_nb0	316	171	3df51754a84a72f6
normal_dp0_dc1_ud0_nb0	317	6	be9404b2857e93a4
normal_dp0_dc1_ud0_nb0	318	3	0be369303603bc54
normal_dp0_dc1_ud0_nb0	319	165	3589af0dd08bb9c0
normal_dp0_dc1_ud0_nb0	320	29	29b81cd7ce3bfc84
normal_dp0_dc1_ud0_nb0	321	26	fe83fa67fbcd7ca0
normal_dp0_dc1_ud0_nb0	322	72	30e97fba9173bd34
normal_dp0_dc1_ud0_nb0	323	26	3cc54fa6066cb6df
normal_dp0_dc1_ud0_nb0	324	30	16b3a4994a657030
normal_dp0_dc1_ud0_nb0	325	9	1ead67206d92303e
normal_dp0_dc1_ud0_nb0	326	62	c9b5493d8261e74a
normal_dp0_dc1_ud0_nb0	327	3	d1fb661b574d678c
normal_dp0_dc1_ud0_nb0	328	9	b46f8687da127df1
normal_dp0_dc1_ud0_nb0	329	3	f08796570f531be3
normal_dp0_dc1_ud0_nb0	330	73	40ceda49227a1090
normal_dp0_dc1_ud0_nb0	331	2	e21106527266f843
normal_dp0_dc1_ud0_nb0	332	69	05ab259394bc7fd7
normal_dp0_dc1_ud0_nb0	333	69	afb16990cdd3c976
normal_dp0_dc1_ud0_nb0	334	159	7f3ebfaa427ab12f
normal_dp0_dc1_ud0_nb0	335	22	dadbe93372ea43a3
normal_dp0_dc1_ud0_nb0	336	64	2303bb364fcb0601
normal_dp0_dc1_ud0_nb0	337	11	d6a86da1f58bf20f
normal_dp0_dc1_ud0_nb0	338	72	77228adad3d0a208
normal_dp0_dc1_ud0_nb0	339	77	4ea6dd9aa4c001fc
normal_dp0_dc1_ud0_nb0	340	30	637e0e7c708f22e8
normal_dp0_dc1_ud0_nb0	341	3	6dc1fa2d9a40944f
normal_dp0_dc1_ud0_nb0	342	30	9e0c7e8cf32545f0
normal_dp0_dc1_ud0_nb0	343	185	bfa19c59f4e429f5
normal_dp0_dc1_ud0_nb0	344	8	471a20c75631bc5b
normal_dp0_dc1_ud0_nb0	345	27	b8f4d8ac214ec105
normal_dp0_dc1_ud0_nb0	346	67	5ad960fdfca2adb7
normal_dp0_dc1_ud0_nb0	347	3	210ba93123af0172
normal_dp0_dc1_ud0_nb0	348	6	7338d3ddd2815dc0
normal_dp0_dc1_ud0_nb0	349	26	d6cdcd67aa59aa20
normal_dp0_dc1_ud0_nb0	350	10	41eb0cc2c5f497f0
normal_dp0_dc1_ud0_nb0	351	6	8f1fbe3d0f72da7e
normal_dp0_dc1_ud0_nb0	352	2	ce1ab59737c30339
normal_dp0_dc1_ud0_nb0	353	28	bde3abe13e6d6d36
normal_dp0_dc1_ud0_nb0	354	3	dca680b22649204f
normal_dp0_dc1_ud0_nb0	355	3	a581d4f3412436ff
normal_dp0_dc1_ud0_nb0	356	2	b36dc3cace10b5a9
normal_dp0_dc1_ud0_nb0	357	21	254d1fb39d4fe4f7
normal_dp0_dc1_ud0_nb0	358	2	f9fa6bf430f95da3
normal_dp0_dc1_ud0_nb0	359	2	2528591461d93ca8
normal_dp0_dc1_ud0_nb0	360	9	b047d46e7267783a
normal_dp0_dc1_ud0_nb0	361	3	189a983f4ca98b7c
normal_dp0_dc1_ud0_nb0	362	71	98ba739af9d598d9
normal_dp0_dc1_ud0_nb0	363	156	4016852ff58e4744
normal_dp0_dc1_ud0_nb0	364	10	26e247b908cf5f37
normal_dp0_dc1_ud0_nb0	365	2	0acbb33a757090a6
normal_dp0_dc1_ud0_nb0	366	2	198c1f0846c5965f
normal_dp0_dc1_ud0_nb0	367	11	89e0706fc7636119
normal_dp0_dc1_ud0_nb0	368	2	13f24330619548ba
normal_dp0_dc1_ud0_nb0	369	26	b521feb873a5332d
normal_dp0_dc1_ud0_nb0	370	6	c2b6a6d77ac0c54c
normal_dp0_dc1_ud0_nb0	371	2	4cd07f8f33b23519
normal_dp0_dc1_ud0_nb0	372	4	aa2df6b92da370e0
normal_dp0_dc1_ud0_nb0	373	5	c45f4864686173b7
normal_dp0_dc1_ud0_nb0	374	68	2a5abcfcc8dd3286
normal_dp0_dc1_ud0_nb0	375	62	32a1541807fdc7ae
normal_dp0_dc1_ud0_nb0	376	10	c1b63108770f5738
normal_dp0_dc1_ud0_nb0	377	2	c417926d6aea0d9a
normal_dp0_dc1_ud0_nb0	378	5	4037e9b3fa834bdd
normal_dp0_dc1_ud0_nb0	379	11	8f28dcf2885617d0
normal_dp0_dc1_ud0_nb0	380	70	9aa3ecce44b018e8
normal_dp0_dc1_ud0_nb0	381	5	4d17118066878656
normal_dp0_dc1_ud0_nb0	382	2	ee235b847f480214
normal_dp0_dc1_ud0_nb0	383	3	ad5d12d2c70ba4e4
normal_dp0_dc1_ud0_nb0	384	2	17487eeaec684a5e
normal_dp0_dc1_ud0_nb0	385	2	60e9a85e50134bc4
normal_dp0_dc1_ud0_nb0	386	169	04cfa6c1516f8413
normal_dp0_dc1_ud0_nb0	387	10	ea1f642c9ded811c
normal_dp0_dc1_ud0_nb0	388	74	55b07353fca1271b
normal_dp0_dc1_ud0_nb0	389	57	a25f8f84c5a0b014
normal_dp0_dc1_ud0_nb0	390	10	d4a60f09b649bf3b
normal_dp0_dc1_ud0_nb0	391	10	28af2cef007ba47a
normal_dp0_dc1_ud0_nb0	392	23	3c8f3e817b9c13a5
normal_dp0_dc1_ud0_nb0	393	7	0ab9a0f8602eac2c
normal_dp0_dc1_ud0_nb0	394	2	9e5b2dc50953735f
normal_dp0_dc1_ud0_nb0	395	8	1d0cbac2855de629
normal_dp0_dc1_ud0_nb0	396	25	0c090e08f9ff7667
normal_dp0_dc1_ud0_nb0	397	70	29a19dec680f8796
normal_dp0_dc1_ud0_nb0	398	181	091afda71e5ed182
normal_dp0_dc1_ud0_nb0	399	5	db822238ba345a03
normal_dp0_dc1_ud0_nb2000	0	2	fe3877f9123caf6f
normal_dp0_dc1_ud0_nb2000	1	25	f895dece7a772bab
normal_dp0_dc1_ud0_nb2000	2	185	cf867033af001c7f
normal_dp0_dc1_ud0_nb2000	3	3	04752421978926ff
normal_dp0_dc1_ud0_nb2000	4	64	4bc630a693979da6
normal_dp0_dc1_ud0_nb2000	5	5	0e2fd5c7671bbc23
normal_dp0_dc1_ud0_nb2000	6	67	87fd6e24b6374980
normal_dp0_dc1_ud0_nb2000	7	167	a14a045d8ccfd5eb
normal_dp0_dc1_ud0_nb2000	8	164	95bdf46572e1fc90
normal_dp0_dc1_ud0_nb2000	9	67	58910236bc7536c5
normal_dp0_dc1_ud0_nb2000	10	65	8b6e672cdfeab96d
normal_dp0_dc1_ud0_nb2000	11	71	b7570bffe931508c
normal_dp0_dc1_ud0_nb2000	12	6	e25a0797ac94cbf4
normal_dp0_dc1_ud0_nb2000	13	2	4fa0cf4bc5d18d38
normal_dp0_dc1_ud0_nb2000	14	6	06cb917caa7530f2
normal_dp0_dc1_ud0_nb2000	15	5	d3d9c8acac5507f9
normal_dp0_dc1_ud0_nb2000	16	28	beef89536482c79b
normal_dp0_dc1_ud0_nb2000	17	2	5420621e61e6b2de
normal_dp0_dc1_ud0_nb2000	18	5	3d71f266a2e565b8
normal_dp0_dc1_ud0_nb2000	19	3	5892385b1aec09f4
normal_dp0_dc1_ud0_nb2000	20	60	277585a41347671e
normal_dp0_dc1_ud0_nb2000	21	63	e1bb68e0ebed3e45
normal_dp0_dc1_ud0_nb2000	22	2	b2b47f5335448eeb
normal_dp0_dc1_ud0_nb2000	23	160	4661007755993d50
normal_dp0_dc1_ud0_nb2000	24	2	4ee24f53fa50f5fb
normal_dp0_dc1_ud0_nb2000	25	2	210c11ef7723c39c
normal_dp0_dc1_ud0_nb2000	26	27	b54b18ad67c1e81f
normal_dp0_dc1_ud0_nb2000	27	2	7a76b7ba3a15016d
normal_dp0_dc1_ud0_nb2000	28	6	eb675bbe82f65a03
normal_dp0_dc1_ud0_nb2000	29	2	0d2b0764438b4218
normal_dp0_dc1_ud0_nb2000	30	5	69ec4105565c89a1
normal_dp0_dc1_ud0_nb2000	31	2	115a740f9cd9a619
normal_dp0_dc1_ud0_nb2000	32	161	ec68556c91a149f4
normal_dp0_dc1_ud0_nb2000	33	3	fb073d01787c3389
normal_dp0_dc1_ud0_nb2000	34	5	b5aca246e8c003fe
normal_dp0_dc1_ud0_nb2000	35	165	d504e632896dabaf
normal_dp0_dc1_ud0_nb2000	36	10	2be47a4d65d010cf
normal_dp0_dc1_ud0_nb2000	37	84	22222c50138a1086
normal_dp0_dc1_ud0_nb2000	38	22	72b27f15ef10a1bc
normal_dp0_dc1_ud0_nb2000	39	165	c8c53dddcff93352
normal_dp0_dc1_ud0_nb2000	40	175	3b5d18d547e49958
normal_dp0_dc1_ud0_nb2000	41	31	df4e0d5888ada439
normal_dp0_dc1_ud0_nb2000	42	9	0a9712f00d2660bb
normal_dp0_dc1_ud0_nb2000	43	2	d62bc83a3fc4ad67
normal_dp0_dc1_ud0_nb2000	44	2	8946d53fe3b107ce
normal_dp0_dc1_ud0_nb2000	45	10	2c77cd1587197a55
normal_dp0_dc1_ud0_nb2000	46	24	f8be0763d51b363d
normal_dp0_dc1_ud0_nb2000	47	76	562267c7ca3aa053
normal_dp0_dc1_ud0_nb2000	48	10	08b4bf4392ca0976
normal_dp0_dc1_ud0_nb2000	49	6	2ce67d3a0a7e82bc
normal_dp0_dc1_ud0_nb2000	50	3	fd89f6049da2aafa
normal_dp0_dc1_ud0_nb2000	51	34	4cfcd83513322589
normal_dp0_dc1_ud0_nb2000	52	2	fd08e8dd823f631e
normal_dp0_dc1_ud0_nb2000	53	8	cf618e5da383bd99
normal_dp0_dc1_ud0_nb2000	54	4	90ac7107270a7322
normal_dp0_dc1_ud0_nb2000	55	68	e4b34d909d0b6820
normal_dp0_dc1_ud0_nb2000	56	10	425e69fb62177c9b
normal_dp0_dc1_ud0_nb2000	57	2	d8c21a02c79c5d2f
normal_dp0_dc1_ud0_nb2000	58	5	8f407593ca494b69
normal_dp0_dc1_ud0_nb2000	59	29	c57d5de4d30f5127
normal_dp0_dc1_ud0_nb2000	60	3	90e544c7aa820b5e
normal_dp0_dc1_ud0_nb2000	61	2	50c0e5e565e77d9f
normal_dp0_dc1_ud0_nb2000	62	3	490e58d435ecad3e
normal_dp0_dc1_ud0_nb2000	63	23	cf5ba468d7487799
normal_dp0_dc1_ud0_nb2000	64	65	acf80a78f014d082
normal_dp0_dc1_ud0_nb2000	65	6	18374a0373c87375
normal_dp0_dc1_ud0_nb2000	66	2	183418e639303309
normal_dp0_dc1_ud0_nb2000	67	9	837b9fd685ada532
normal_dp0_dc1_ud0_nb2000	68	8	8178a98c703434b1
normal_dp0_dc1_ud0_nb2000	69	67	af9cb2b378843bc3
normal_dp0_dc1_ud0_nb2000	70	7	0167c411519f02aa
normal_dp0_dc1_ud0_nb2000	71	15	6b43b59646407b82
normal_dp0_dc1_ud0_nb2000	72	26	0b4575cf519ae041
normal_dp0_dc1_ud0_nb2000	73	63	2099472d287c32ac
normal_dp0_dc1_ud0_nb2000	74	3	1fa1bda149e03db8
normal_dp0_dc1_ud0_nb2000	75	3	27658063d81c7912
normal_dp0_dc1_ud0_nb2000	76	71	bad27770225dce4f
normal_dp0_dc1_ud0_nb2000	77	2	72f99e536ffd074b
normal_dp0_dc1_ud0_nb2000	78	3	561e686feba94de6
normal_dp0_dc1_ud0_nb2000	79	13	aaa4bd3ecf8f5640
normal_dp0_dc1_ud0_nb2000	80	2	0fb37fca75143919
normal_dp0_dc1_ud0_nb2000	81	9	1639b51d3ae74059
normal_dp0_dc1_ud0_nb2000	82	169	089facc6b96ce207
normal_dp0_dc1_ud0_nb2000	83	6	f1015c348b042132
normal_dp0_dc1_ud0_nb2000	84	3	98be6817fedd840d
normal_dp0_dc1_ud0_nb2000	85	70	d33ad4a2dcbc0028
normal_dp0_dc1_ud0_nb2000	86	9	c218be81f282ceb9
normal_dp0_dc1_ud0_nb2000	87	24	78e7b4706f8707c2
normal_dp0_dc1_ud0_nb2000	88	29	1d70f1dea01861e0
normal_dp0_dc1_ud0_nb2000	89	168	1baa302de0415fce
normal_dp0_dc1_ud0_nb2000	90	3	34f7b7a47589cbb8
normal_dp0_dc1_ud0_nb2000	91	168	4966b01190fb1095
normal_dp0_dc1_ud0_nb2000	92	5	90c2225b0e0d3f2c
normal_dp0_dc1_ud0_nb2000	93	9	4f3ef11b2e70c9d3
normal_dp0_dc1_ud0_nb2000	94	6	98a1472c66a9b589
normal_dp0_dc1_ud0_nb2000	95	162	57a0837650a3f254
normal_dp0_dc1_ud0_nb2000	96	71	e0317a05214f3cad
normal_dp0_dc1_ud0_nb2000	97	6	d0f6ce909212a479
normal_dp0_dc1_ud0_nb2000	98	5	3e9a59cbbb2debe0
normal_dp0_dc1_ud0_nb2000	99	9	71b2b97da4b7f291
normal_dp0_dc1_ud0_nb2000	100	7	494ba0be47081fb9
normal_dp0_dc1_ud0_nb2000	101	2	3ff37d05d9e89fc7
normal_dp0_dc1_ud0_nb2000	102	65	7f3879f5dc5bf150
normal_dp0_dc1_ud0_nb2000	103	33	8d40a7fb247e5ba0
normal_dp0_dc1_ud0_nb2000	104	2	548f1ccaebf16d95
normal_dp0_dc1_ud0_nb2000	105	2	5e1645b8765c83f3
normal_dp0_dc1_ud0_nb2000	106	29	5e1d1398ba82fe2e
normal_dp0_dc1_ud0_nb2000	107	167	4b7af7e9e87193b1
normal_dp0_dc1_ud0_nb2000	108	64	01abf6d03125fb69
normal_dp0_dc1_ud0_nb2000	109	26	533ede7c1647a4e2
normal_dp0_dc1_ud0_nb2000	110	6	eaa23448c06ebdc7
normal_dp0_dc1_ud0_nb2000	111	3	01911c6ee2172564
normal_dp0_dc1_ud0_nb2000	112	3	616126a74fbcf785
normal_dp0_dc1_ud0_nb2000	113	2	60b1555914b64347
normal_dp0_dc1_ud0_nb2000	114	154	465dfb6ae52e7e52
normal_dp0_dc1_ud0_nb2000	115	3	de6fd2bd545408c7
normal_dp0_dc1_ud0_nb2000	116	3	188df6e0b9010d74
normal_dp0_dc1_ud0_nb2000	117	170	28a9d75aeda566be
normal_dp0_dc1_ud0_nb2000	118	170	1369903f578fe047
normal_dp0_dc1_ud0_nb2000	119	2	fa3b1b21769c99bc
normal_dp0_dc1_ud0_nb2000	120	160	55d132ca1a02149c
normal_dp0_dc1_ud0_nb2000	121	78	e42250cb782cc597
normal_dp0_dc1_ud0_nb2000	122	178	b938adf9c2779afa
normal_dp0_dc1_ud0_nb2000	123	2	737f3e1167508935
normal_dp0_dc1_ud0_nb2000	124	65	cfdd1ac6fe10bf1a
normal_dp0_dc1_ud0_nb2000	125	6	ee02dd66d95d2d06
normal_dp0_dc1_ud0_nb2000	126	10	55bd907aef5e856d
normal_dp0_dc1_ud0_nb2000	127	2	814dccc6d2006e69
normal_dp0_dc1_ud0_nb2000	128	29	0980d24a38b38086
normal_dp0_dc1_ud0_nb2000	129	70	44e11d55b79541df
normal_dp0_dc1_ud0_nb2000	130	2	af2325e713679114
normal_dp0_dc1_ud0_nb2000	131	164	2bb2a268bb2a6da5
normal_dp0_dc1_ud0_nb2000	132	165	436efba690f7d487
normal_dp0_dc1_ud0_nb2000	133	2	80af669c13559a46
normal_dp0_dc1_ud0_nb2000	134	10	97ceea39277c0000
normal_dp0_dc1_ud0_nb2000	135	2	785032ef26619839
normal_dp0_dc1_ud0_nb2000	136	2	cff4c6b51ab8d1e1
normal_dp0_dc1_ud0_nb2000	137	3	1dc709adf506815a
normal_dp0_dc1_ud0_nb2000	138	168	15a702687c718edb
normal_dp0_dc1_ud0_nb2000	139	162	fe9b01b59ebc0393
normal_dp0_dc1_ud0_nb2000	140	5	d0eb69f59bc41631
normal_dp0_dc1_ud0_nb2000	141	8	652decbde067615b
normal_dp0_dc1_ud0_nb2000	142	9	73cf93aa8b725dec
normal_dp0_dc1_ud0_nb2000	143	2	6ff6b8bc6619ae66
normal_dp0_dc1_ud0_nb2000	144	9	c6bfbbaf8bebabad
normal_dp0_dc1_ud0_nb2000	145	61	74b1cf40358c969b
normal_dp0_dc1_ud0_nb2000	146	70	7c27f0ef3725dcf9
normal_dp0_dc1_ud0_nb2000	147	18	212fe03f188d4dff
normal_dp0_dc1_ud0_nb2000	148	24	373426e7392d3028
normal_dp0_dc1_ud0_nb2000	149	2	0e7a7d4215ecf15a
normal_dp0_dc1_ud0_nb2000	150	5	43684eed2bcb39aa
normal_dp0_dc1_ud0_nb2000	151	7	8c24f002cdd8b0bc
normal_dp0_dc1_ud0_nb2000	152	76	902c2f8e54a0924f
normal_dp0_dc1_ud0_nb2000	153	176	374d87e165ca7aeb
normal_dp0_dc1_ud0_nb2000	154	2	60a2b5c9c2e0e62a
normal_dp0_dc1_ud0_nb2000	155	65	acaddb21036137d8
normal_dp0_dc1_ud0_nb2000	156	25	d9c1718dc745ed80
normal_dp0_dc1_ud0_nb2000	157	3	6a36bc7972855e92
normal_dp0_dc1_ud0_nb2000	158	5	8ce90f0f7bf36777
normal_dp0_dc1_ud0_nb2000	159	64	aa1f12676daabb7f
normal_dp0_dc1_ud0_nb2000	160	11	eb1e8546f2633505
normal_dp0_dc1_ud0_nb2000	161	2	a1619a4837419d10
normal_dp0_dc1_ud0_nb2000	162	162	6edcc9f179e98e69
normal_dp0_dc1_ud0_nb2000	163	9	d9a987cafc69b052
normal_dp0_dc1_ud0_nb2000	164	2	e08c08885d04564b
normal_dp0_dc1_ud0_nb2000	165	3	5c538693c1431f4b
normal_dp0_dc1_ud0_nb2000	166	182	a9840aea52e6ffd5
normal_dp0_dc1_ud0_nb2000	167	68	ce7c043e516acc49
normal_dp0_dc1_ud0_nb2000	168	2	7f186e27c595ab14
normal_dp0_dc1_ud0_nb2000	169	11	a2e05d8dfbe435b9
normal_dp0_dc1_ud0_nb2000	170	2	9a10e7aed7584972
normal_dp0_dc1_ud0_nb2000	171	63	7f3a33ccac038c1c
normal_dp0_dc1_ud0_nb2000	172	6	27e5f69c88e26f40
normal_dp0_dc1_ud0_nb2000	173	8	c803a1bbd5e5d047
normal_dp0_dc1_ud0_nb2000	174	26	ccf9e4da62109d18
normal_dp0_dc1_ud0_nb2000	175	2	72c15ba8f0c9d153
normal_dp0_dc1_ud0_nb2000	176	172	feb77f16fd7e74d8
normal_dp0_dc1_ud0_nb2000	177	3	c218bc9ef317b912
normal_dp0_dc1_ud0_nb2000	178	2	edb8b080a73ec176
normal_dp0_dc1_ud0_nb2000	179	56	e80ac5b795d2df00
normal_dp0_dc1_ud0_nb2000	180	160	743b4e764ef7574e
normal_dp0_dc1_ud0_nb2000	181	70	e7d0816c661b397a
normal_dp0_dc1_ud0_nb2000	182	6	b5bec723cdeb5f21
normal_dp0_dc1_ud0_nb2000	183	2	f715da348003fd36
normal_dp0_dc1_ud0_nb2000	184	10	17684c733aeb906a
normal_dp0_dc1_ud0_nb2000	185	159	42f9407ef4ce727d
normal_dp0_dc1_ud0_nb2000	186	2	f4c5fe0c958f3e6d
normal_dp0_dc1_ud0_nb2000	187	63	29c8076c9efe032e
normal_dp0_dc1_ud0_nb2000	188	6	095e851ce7fee1b7
normal_dp0_dc1_ud0_nb2000	189	3	4275562cef33e65f
normal_dp0_dc1_ud0_nb2000	190	3	01ea72aab73b6f2d
normal_dp0_dc1_ud0_nb2000	191	176	ea84d17e08417dd6
normal_dp0_dc1_ud0_nb2000	192	5	ae1a712b3ffd0260
normal_dp0_dc1_ud0_nb2000	193	3	9d88783521a38ff1
normal_dp0_dc1_ud0_nb2000	194	63	1a696484965afcf1
normal_dp0_dc1_ud0_nb2000	195	60	34197bff4cf93940
normal_dp0_dc1_ud0_nb2000	196	172	16425693d3c1a24d
normal_dp0_dc1_ud0_nb2000	197	11	2547b6a490f3ba28
normal_dp0_dc1_ud0_nb2000	198	2	9ae12495235be9b1
normal_dp0_dc1_ud0_nb2000	199	11	53a982c28c73c81c
normal_dp0_dc1_ud0_nb2000	200	74	3751fd202ad599d5
normal_dp0_dc1_ud0_nb2000	201	6	6af7fbc304f8b8b5
normal_dp0_dc1_ud0_nb2000	202	3	9867b26f89bd75b4
normal_dp0_dc1_ud0_nb2000	203	26	d950d6b3b4253622
normal_dp0_dc1_ud0_nb2000	204	62	10e8c88782b1a3c8
normal_dp0_dc1_ud0_nb2000	205	10	b10739592a1334cc
normal_dp0_dc1_ud0_nb2000	206	180	247e4b06a12e05c9
normal_dp0_dc1_ud0_nb2000	207	77	a5ab558e8ab7fc48
normal_dp0_dc1_ud0_nb2000	208	59	9813ae91e3172fba
normal_dp0_dc1_ud0_nb2000	209	2	7e406aca15207b29
normal_dp0_dc1_ud0_nb2000	210	3	27aa91d89ced92ad
normal_dp0_dc1_ud0_nb2000	211	11	61885b35806c0d03
normal_dp0_dc1_ud0_nb2000	212	10	444c139ff47cb46c
normal_dp0_dc1_ud0_nb2000	213	3	edd5359814ad33df
normal_dp0_dc1_ud0_nb2000	214	23	f013cdc15f99bca8
normal_dp0_dc1_ud0_nb2000	215	5	74ba7792595c3310
normal_dp0_dc1_ud0_nb2000	216	69	eb10580a9bf11918
normal_dp0_dc1_ud0_nb2000	217	7	0b07839a407a37a5
normal_dp0_dc1_ud0_nb2000	218	8	87fc2988054c7275
normal_dp0_dc1_ud0_nb2000	219	5	afc62d7020f46179
normal_dp0_dc1_ud0_nb2000	220	25	80c6e3456046a750
normal_dp0_dc1_ud0_nb2000	221	8	1e66083965185e02
normal_dp0_dc1_ud0_nb2000	222	2	155847d504fd75bd
normal_dp0_dc1_ud0_nb2000	223	3	dfc8d2c7aa545cda
normal_dp0_dc1_ud0_nb2000	224	5	5c4804092e86054c
normal_dp0_dc1_ud0_nb2000	225	2	2832a96cf84da5d8
normal_dp0_dc1_ud0_nb2000	226	181	97de48d6b6ebb0a4
normal_dp0_dc1_ud0_nb2000	227	2	bfb74ba3b9454e97
normal_dp0_dc1_ud0_nb2000	228	30	125c4641d1faaca2
normal_dp0_dc1_ud0_nb2000	229	4	00a3f85f65b1531d
normal_dp0_dc1_ud0_nb2000	230	57	720545bc3e020f64
normal_dp0_dc1_ud0_nb2000	231	6	b327776c5662a820
normal_dp0_dc1_ud0_nb2000	232	3	5612032716e11f80
normal_dp0_dc1_ud0_nb2000	233	29	4002ea50291af003
normal_dp0_dc1_ud0_nb2000	234	3	93f59ad12e846f0f
normal_dp0_dc1_ud0_nb2000	235	63	0e29b17295dd979d
normal_dp0_dc1_ud0_nb2000	236	2	d481bfb675d614dd
normal_dp0_dc1_ud0_nb2000	237	3	51749904d3065bf0
normal_dp0_dc1_ud0_nb2000	238	30	a40641c9a1660f3d
normal_dp0_dc1_ud0_nb2000	239	2	4b70e50b8edc6292
normal_dp0_dc1_ud0_nb2000	240	6	b9b7ef9ad45d886d
normal_dp0_dc1_ud0_nb2000	241	3	b2635722d8d798e2
normal_dp0_dc1_ud0_nb2000	242	5	dcae176c8012b891
normal_dp0_dc1_ud0_nb2000	243	28	9f935362945cbc09
normal_dp0_dc1_ud0_nb2000	244	3	ec05ce6608dc3176
normal_dp0_dc1_ud0_nb2000	245	26	bee196c220463511
normal_dp0_dc1_ud0_nb2000	246	175	9c9f0e70857a72e6
normal_dp0_dc1_ud0_nb2000	247	3	e0853c840dd1fdaf
normal_dp0_dc1_ud0_nb2000	248	67	593321edf0fe32fb
normal_dp0_dc1_ud0_nb2000	249	171	280d812f5e6ca9e8
normal_dp0_dc1_ud0_nb2000	250	71	5301f31f05cb8abc
normal_dp0_dc1_ud0_nb2000	251	68	0c768002d82de105
normal_dp0_dc1_ud0_nb2000	252	9	9573efbba0b7e035
normal_dp0_dc1_ud0_nb2000	253	5	68447a6baef27bb5
normal_dp0_dc1_ud0_nb2000	254	7	23796885d75abc94
normal_dp0_dc1_ud0_nb2000	255	64	3d13d5e7a9cb11b0
normal_dp0_dc1_ud0_nb2000	256	2	551a63c2d76181f6
normal_dp0_dc1_ud0_nb2000	257	11	7be012cedd4a7b9e
normal_dp0_dc1_ud0_nb2000	258	77	29aaa7076129a14f
normal_dp0_dc1_ud0_nb2000	259	27	f63d593afb2116a0
normal_dp0_dc1_ud0_nb2000	260	2	adbb7c7175eb6e52
normal_dp0_dc1_ud0_nb2000	261	2	f76307a603dd2a5d
normal_dp0_dc1_ud0_nb2000	262	6	012bcced6fa5143c
normal_dp0_dc1_ud0_nb2000	263	4	26ad5b1db2402826
normal_dp0_dc1_ud0_nb2000	264	32	a00361935261b366
normal_dp0_dc1_ud0_nb2000	265	3	9f8d916961924fb4
normal_dp0_dc1_ud0_nb2000	266	5	1b0ff3783fc45349
normal_dp0_dc1_ud0_nb2000	267	3	318574d728fb4773
normal_dp0_dc1_ud0_nb2000	268	2	8d2a9efba4c33051
normal_dp0_dc1_ud0_nb2000	269	66	9b7abd4fd4120ff3
normal_dp0_dc1_ud0_nb2000	270	28	bd6825e43716288f
normal_dp0_dc1_ud0_nb2000	271	161	cb7337949fd70ef2
normal_dp0_dc1_ud0_nb2000	272	67	43f4d66293a50a57
normal_dp0_dc1_ud0_nb2000	273	2	6f51285605f5b665
normal_dp0_dc1_ud0_nb2000	274	31	f5015ad63afb8a25
normal_dp0_dc1_ud0_nb2000	275	3	33846b194a9c5819
normal_dp0_dc1_ud0_nb2000	276	167	46f279a9222f9ada
normal_dp0_dc1_ud0_nb2000	277	9	3eb17629cd58a40a
normal_dp0_dc1_ud0_nb2000	278	167	14e41d789a8f2d47
normal_dp0_dc1_ud0_nb2000	279	29	420c26c233a40541
normal_dp0_dc1_ud0_nb2000	280	3	20205e6f2da9609c
normal_dp0_dc1_ud0_nb2000	281	3	62652c0a1c0a640d
normal_dp0_dc1_ud0_nb2000	282	2	9a10022c0daaddb3
normal_dp0_dc1_ud0_nb2000	283	30	5ae746c235dc4ab8
normal_dp0_dc1_ud0_nb2000	284	6	1517db2fd2f8a36a
normal_dp0_dc1_ud0_nb2000	285	15	c5e1c9d0dc12576e
normal_dp0_dc1_ud0_nb2000	286	11	50cc5c7186fe2f57
normal_dp0_dc1_ud0_nb2000	287	175	4fa6bb54953eabcd
normal_dp0_dc1_ud0_nb2000	288	5	5908aefedc42ad88
normal_dp0_dc1_ud0_nb2000	289	3	74c1046dd66082f6
normal_dp0_dc1_ud0_nb2000	290	2	0f3051d3fcbf1a41
normal_dp0_dc1_ud0_nb2000	291	169	7e3cfd4de9027a78
normal_dp0_dc1_ud0_nb2000	292	3	97def42dec590a3f
normal_dp0_dc1_ud0_nb2000	293	157	a24c75d7c4941d80
normal_dp0_dc1_ud0_nb2000	294	70	b2000a282ac83bbe
normal_dp0_dc1_ud0_nb2000	295	2	11246c95048adcd5
normal_dp0_dc1_ud0_nb2000	296	163	daf258014d3c7d07
normal_dp0_dc1_ud0_nb2000	297	174	d4ee03ff98a4f94e
normal_dp0_dc1_ud0_nb2000	298	2	b4231c8b8bf14136
normal_dp0_dc1_ud0_nb2000	299	3	17a5652bcb2e5c79
normal_dp0_dc1_ud0_nb2000	300	6	b93a6252f4092a05
normal_dp0_dc1_ud0_nb2000	301	65	80d20f9c7705a0e5
normal_dp0_dc1_ud0_nb2000	302	9	df2ddd6318193891
normal_dp0_dc1_ud0_nb2000	303	6	adb56fe1642e028b
normal_dp0_dc1_ud0_nb2000	304	9	883b2d869787b773
normal_dp0_dc1_ud0_nb2000	305	28	adb70a4261009e0e
normal_dp0_dc1_ud0_nb2000	306	9	55d08a9e81a57ceb
normal_dp0_dc1_ud0_nb2000	307	25	94bd6da21cc572d5
normal_dp0_dc1_ud0_nb2000	308	160	f840bc8769f8e4ea
normal_dp0_dc1_ud0_nb2000	309	2	49f285d1dbd9cded
normal_dp0_dc1_ud0_nb2000	310	3	a19a9ddc616bc40b
normal_dp0_dc1_ud0_nb2000	311	5	8d7b925db37adbff
normal_dp0_dc1_ud0_nb2000	312	66	2cd4dcce32dbbfd2
normal_dp0_dc1_ud0_nb2000	313	66	96a7ca79bde2ff95
normal_dp0_dc1_ud0_nb2000	314	67	b3cd9fb3f0543885
normal_dp0_dc1_ud0_nb2000	315	2	93bc5a015f549470
normal_dp0_dc1_ud0_nb2000	316	171	3612ac13ba962342
normal_dp0_dc1_ud0_nb2000	317	6	be9404b2857e93a4
normal_dp0_dc1_ud0_nb2000	318	3	0be369303603bc54
normal_dp0_dc1_ud0_nb2000	319	165	3589af0dd08bb9c0
normal_dp0_dc1_ud0_nb2000	320	29	29b81cd7ce3bfc84
normal_dp0_dc1_ud0_nb2000	321	26	fe83fa67fbcd7ca0
normal_dp0_dc1_ud0_nb2000	322	72	30e97fba9173bd34
normal_dp0_dc1_ud0_nb2000	323	26	3cc54fa6066cb6df
normal_dp0_dc1_ud0_nb2000	324	30	16b3a4994a657030
normal_dp0_dc1_ud0_nb2000	325	9	1ead67206d92303e
normal_dp0_dc1_ud0_nb2000	326	62	c9b5493d8261e74a
normal_dp0_dc1_ud0_nb2000	327	3	d1fb661b574d678c
normal_dp0_dc1_ud0_nb2000	328	9	b46f8687da127df1
normal_dp0_dc1_ud0_nb2000	329	3	f08796570f531be3
normal_dp0_dc1_ud0_nb2000	330	73	40ceda49227a1090
normal_dp0_dc1_ud0_nb2000	331	2	e21106527266f843
normal_dp0_dc1_ud0_nb2000	332	69	05ab259394bc7fd7
normal_dp0_dc1_ud0_nb2000	333	69	afb16990cdd3c976
normal_dp0_dc1_ud0_nb2000	334	159	7f3ebfaa427ab12f
normal_dp0_dc1_ud0_nb2000	335	22	dadbe93372ea43a3
normal_dp0_dc1_ud0_nb2000	336	64	2303bb364fcb0601
normal_dp0_dc1_ud0_nb2000	337	11	d6a86da1f58bf20f
normal_dp0_dc1_ud0_nb2000	338	72	77228adad3d0a208
normal_dp0_dc1_ud0_nb2000	339	79	64bfc91f33d68d25
normal_dp0_dc1_ud0_nb2000	340	30	637e0e7c708f22e8
normal_dp0_dc1_ud0_nb2000	341	3	6dc1fa2d9a40944f
normal_dp0_dc1_ud0_nb2000	342	30	9e0c7e8cf32545f0
normal_dp0_dc1_ud0_nb2000	343	186	0bfb306d035c70b5
normal_dp0_dc1_ud0_nb2000	344	8	471a20c75631bc5b
normal_dp0_dc1_ud0_nb2000	345	27	b8f4d8ac214ec105
normal_dp0_dc1_ud0_nb2000	346	67	5ad960fdfca2adb7
normal_dp0_dc1_ud0_nb2000	347	3	210ba93123af0172
normal_dp0_dc1_ud0_nb2000	348	6	7338d3ddd2815dc0
normal_dp0_dc1_ud0_nb2000	349	26	d6cdcd67aa59aa20
normal_dp0_dc1_ud0_nb2000	350	10	41eb0cc2c5f497f0
normal_dp0_dc1_ud0_nb2000	351	6	8f1fbe3d0f72da7e
normal_dp0_dc1_ud0_nb2000	352	2	ce1ab59737c30339
normal_dp0_dc1_ud0_nb2000	353	28	bde3abe13e6d6d36
normal_dp0_dc1_ud0_nb2000	354	3	dca680b22649204f
normal_dp0_dc1_ud0_nb2000	355	3	a581d4f3412436ff
normal_dp0_dc1_ud0_nb2000	356	2	b36dc3cace10b5a9
normal_dp0_dc1_ud0_nb2000	357	21	254d1fb39d4fe4f7
normal_dp0_dc1_ud0_nb2000	358	2	f9fa6bf430f95da3
normal_dp0_dc1_ud0_nb2000	359	2	2528591461d93ca8
normal_dp0_dc1_ud0_nb2000	360	9	b047d46e7267783a
normal_dp0_dc1_ud0_nb2000	361	3	189a983f4ca98b7c
normal_dp0_dc1_ud0_nb2000	362	72	21d0b79c7782190a
normal_dp0_dc1_ud0_nb2000	363	156	4016852ff58e4744
normal_dp0_dc1_ud0_nb2000	364	10	26e247b908cf5f37
normal_dp0_dc1_ud0_nb2000	365	2	0acbb33a757090a6
normal_dp0_dc1_ud0_nb2000	366	2	198c1f0846c5965f
normal_dp0_dc1_ud0_nb2000	367	11	89e0706fc7636119
normal_dp0_dc1_ud0_nb2000	368	2	13f24330619548ba
normal_dp0_dc1_ud0_nb2000	369	26	b521feb873a5332d
normal_dp0_dc1_ud0_nb2000	370	6	c2b6a6d77ac0c54c
normal_dp0_dc1_ud0_nb2000	371	2	4cd07f8f33b23519
normal_dp0_dc1_ud0_nb2000	372	4	aa2df6b92da370e0
normal_dp0_dc1_ud0_nb2000	373	5	c45f4864686173b7
normal_dp0_dc1_ud0_nb2000	374	68	2a5abcfcc8dd3286
normal_dp0_dc1_ud0_nb2000	375	62	32a1541807fdc7ae
normal_dp0_dc1_ud0_nb2000	376	10	c1b63108770f5738
normal_dp0_dc1_ud0_nb2000	377	2	c417926d6aea0d9a
normal_dp0_dc1_ud0_nb2000	378	5	4037e9b3fa834bdd
normal_dp0_dc1_ud0_nb2000	379	11	8f28dcf2885617d0
normal_dp0_dc1_ud0_nb2000	380	70	9aa3ecce44b018e8
normal_dp0_dc1_ud0_nb2000	381	5	4d17118066878656
normal_dp0_dc1_ud0_nb2000	382	2	ee235b847f480214
normal_dp0_dc1_ud0_nb2000	383	3	ad5d12d2c70ba4e4
normal_dp0_dc1_ud0_nb2000	384	2	17487eeaec684a5e
normal_dp0_dc1_ud0_nb2000	385	2	60e9a85e50134bc4
normal_dp0_dc1_ud0_nb2000	386	169	04cfa6c1516f8413
normal_dp0_dc1_ud0_nb2000	387	10	ea1f642c9ded811c
normal_dp0_dc1_ud0_nb2000	388	74	55b07353fca1271b
normal_dp0_dc1_ud0_nb2000	389	57	a25f8f84c5a0b014
normal_dp0_dc1_ud0_nb2000	390	10	d4a60f09b649bf3b
normal_dp0_dc1_ud0_nb2000	391	10	28af2cef007ba47a
normal_dp0_dc1_ud0_nb2000	392	23	3c8f3e817b9c13a5
normal_dp0_dc1_ud0_nb2000	393	7	0ab9a0f8602eac2c
normal_dp0_dc1_ud0_nb2000	394	2	9e5b2dc50953735f
normal_dp0_dc1_ud0_nb2000	395	8	1d0cbac2855de629
normal_dp0_dc1_ud0_nb2000	396	25	0c090e08f9ff7667
normal_dp0_dc1_ud0_nb2000	397	70	29a19dec680f8796
normal_dp0_dc1_ud0_nb2000	398	181	091afda71e5ed182
normal_dp0_dc1_ud0_nb2000	399	5	db822238ba345a03
normal_dp0_dc1_ud1_nb0	0	2	fe3877f9123caf6f
normal_dp0_dc1_ud1_nb0	1	25	f895dece7a772bab
normal_dp0_dc1_ud1_nb0	2	187	03faba7fe5484c5a
normal_dp0_dc1_ud1_nb0	3	3	04752421978926ff
normal_dp0_dc1_ud1_nb0	4	64	a0ded37644b9daae
normal_dp0_dc1_ud1_nb0	5	5	0e2fd5c7671bbc23
normal_dp0_dc1_ud1_nb0	6	67	87fd6e24b6374980
normal_dp0_dc1_ud1_nb0	7	177	86c5df292d5ff456
normal_dp0_dc1_ud1_nb0	8	164	95bdf46572e1fc90
normal_dp0_dc1_ud1_nb0	9	67	58910236bc7536c5
normal_dp0_dc1_ud1_nb0	10	65	8b6e672cdfeab96d
normal_dp0_dc1_ud1_nb0	11	71	b7570bffe931508c
normal_dp0_dc1_ud1_nb0	12	6	e25a0797ac94cbf4
normal_dp0_dc1_ud1_nb0	13	2	4fa0cf4bc5d18d38
normal_dp0_dc1_ud1_nb0	14	6	06cb917caa7530f2
normal_dp0_dc1_ud1_nb0	15	5	d3d9c8acac5507f9
normal_dp0_dc1_ud1_nb0	16	30	d0a3392d70f969ba
normal_dp0_dc1_ud1_nb0	17	2	5420621e61e6b2de
normal_dp0_dc1_ud1_nb0	18	5	3d71f266a2e565b8
normal_dp0_dc1_ud1_nb0	19	3	5892385b1aec09f4
normal_dp0_dc1_ud1_nb0	20	60	277585a41347671e
normal_dp0_dc1_ud1_nb0	21	65	d20571fa9bf2d166
normal_dp0_dc1_ud1_nb0	22	2	b2b47f5335448eeb
normal_dp0_dc1_ud1_nb0	23	160	4661007755993d50
normal_dp0_dc1_ud1_nb0	24	2	4ee24f53fa50f5fb
normal_dp0_dc1_ud1_nb0	25	2	210c11ef7723c39c
normal_dp0_dc1_ud1_nb0	26	27	b54b18ad67c1e81f
normal_dp0_dc1_ud1_nb0	27	2	7a76b7ba3a15016d
normal_dp0_dc1_ud1_nb0	28	6	eb675bbe82f65a03
normal_dp0_dc1_ud1_nb0	29	2	0d2b0764438b4218
normal_dp0_dc1_ud1_nb0	30	5	69ec4105565c89a1
normal_dp0_dc1_ud1_nb0	31	2	115a740f9cd9a619
normal_dp0_dc1_ud1_nb0	32	161	ec68556c91a149f4
normal_dp0_dc1_ud1_nb0	33	3	fb073d01787c3389
normal_dp0_dc1_ud1_nb0	34	5	b5aca246e8c003fe
normal_dp0_dc1_ud1_nb0	35	165	d504e632896dabaf
normal_dp0_dc1_ud1_nb0	36	10	2be47a4d65d010cf
normal_dp0_dc1_ud1_nb0	37	84	22222c50138a1086
normal_dp0_dc1_ud1_nb0	38	22	72b27f15ef10a1bc
normal_dp0_dc1_ud1_nb0	39	163	1c5c41a50e6969de
normal_dp0_dc1_ud1_nb0	40	175	3b5d18d547e49958
normal_dp0_dc1_ud1_nb0	41	31	df4e0d5888ada439
normal_dp0_dc1_ud1_nb0	42	9	0a9712f00d2660bb
normal_dp0_dc1_ud1_nb0	43	2	d62bc83a3fc4ad67
normal_dp0_dc1_ud1_nb0	44	2	8946d53fe3b107ce
normal_dp0_dc1_ud1_nb0	45	10	2c77cd1587197a55
normal_dp0_dc1_ud1_nb0	46	24	f8be0763d51b363d
normal_dp0_dc1_ud1_nb0	47	78	9ab5bcb91f0e3c48
normal_dp0_dc1_ud1_nb0	48	10	08b4bf4392ca0976
normal_dp0_dc1_ud1_nb0	49	6	2ce67d3a0a7e82bc
normal_dp0_dc1_ud1_nb0	50	3	fd89f6049da2aafa
normal_dp0_dc1_ud1_nb0	51	34	4cfcd83513322589
normal_dp0_dc1_ud1_nb0	52	2	fd08e8dd823f631e
normal_dp0_dc1_ud1_nb0	53	8	cf618e5da383bd99
normal_dp0_dc1_ud1_nb0	54	4	90ac7107270a7322
normal_dp0_dc1_ud1_nb0	55	68	e4b34d909d0b6820
normal_dp0_dc1_ud1_nb0	56	10	425e69fb62177c9b
normal_dp0_dc1_ud1_nb0	57	2	d8c21a02c79c5d2f
normal_dp0_dc1_ud1_nb0	58	5	8f407593ca494b69
normal_dp0_dc1_ud1_nb0	59	31	58f66b3687103d40
normal_dp0_dc1_ud1_nb0	60	3	90e544c7aa820b5e
normal_dp0_dc1_ud1_nb0	61	2	50c0e5e565e77d9f
normal_dp0_dc1_ud1_nb0	62	3	490e58d435ecad3e
normal_dp0_dc1_ud1_nb0	63	23	cf5ba468d7487799
normal_dp0_dc1_ud1_nb0	64	65	acf80a78f014d082
normal_dp0_dc1_ud1_nb0	65	6	18374a0373c87375
normal_dp0_dc1_ud1_nb0	66	2	183418e639303309
normal_dp0_dc1_ud1_nb0	67	9	837b9fd685ada532
normal_dp0_dc1_ud1_nb0	68	8	8178a98c703434b1
normal_dp0_dc1_ud1_nb0	69	69	39e39f45bec1829e
normal_dp0_dc1_ud1_nb0	70	6	47d8eac138ef74d0
normal_dp0_dc1_ud1_nb0	71	15	6b43b59646407b82
normal_dp0_dc1_ud1_nb0	72	26	0b4575cf519ae041
normal_dp0_dc1_ud1_nb0	73	63	2099472d287c32ac
normal_dp0_dc1_ud1_nb0	74	3	1fa1bda149e03db8
normal_dp0_dc1_ud1_nb0	75	3	27658063d81c7912
normal_dp0_dc1_ud1_nb0	76	73	713428ed9da021c2
normal_dp0_dc1_ud1_nb0	77	2	72f99e536ffd074b
normal_dp0_dc1_ud1_nb0	78	3	561e686feba94de6
normal_dp0_dc1_ud1_nb0	79	13	aaa4bd3ecf8f5640
normal_dp0_dc1_ud1_nb0	80	2	0fb37fca75143919
normal_dp0_dc1_ud1_nb0	81	9	1639b51d3ae74059
normal_dp0_dc1_ud1_nb0	82	170	62cee8d48b31eda2
normal_dp0_dc1_ud1_nb0	83	6	f1015c348b042132
normal_dp0_dc1_ud1_nb0	84	3	98be6817fedd840d
normal_dp0_dc1_ud1_nb0	85	70	d33ad4a2dcbc0028
normal_dp0_dc1_ud1_nb0	86	9	c218be81f282ceb9
normal_dp0_dc1_ud1_nb0	87	26	7c45b2304c8073e3
normal_dp0_dc1_ud1_nb0	88	29	1d70f1dea01861e0
normal_dp0_dc1_ud1_nb0	89	170	dd4c3f5c2f451f4b
normal_dp0_dc1_ud1_nb0	90	3	34f7b7a47589cbb8
normal_dp0_dc1_ud1_nb0	91	172	0552dd7f8bc99c63
normal_dp0_dc1_ud1_nb0	92	5	90c2225b0e0d3f2c
normal_dp0_dc1_ud1_nb0	93	9	4f3ef11b2e70c9d3
normal_dp0_dc1_ud1_nb0	94	6	98a1472c66a9b589
normal_dp0_dc1_ud1_nb0	95	166	279718be3bae2894
normal_dp0_dc1_ud1_nb0	96	71	e0317a05214f3cad
normal_dp0_dc1_ud1_nb0	97	6	d0f6ce909212a479
normal_dp0_dc1_ud1_nb0	98	5	3e9a59cbbb2debe0
normal_dp0_dc1_ud1_nb0	99	9	71b2b97da4b7f291
normal_dp0_dc1_ud1_nb0	100	7	494ba0be47081fb9
normal_dp0_dc1_ud1_nb0	101	2	3ff37d05d9e89fc7
normal_dp0_dc1_ud1_nb0	102	65	7f3879f5dc5bf150
normal_dp0_dc1_ud1_nb0	103	35	1efc5ca4061923bb
normal_dp0_dc1_ud1_nb0	104	2	548f1ccaebf16d95
normal_dp0_dc1_ud1_nb0	105	2	5e1645b8765c83f3
normal_dp0_dc1_ud1_nb0	106	29	5e1d1398ba82fe2e
normal_dp0_dc1_ud1_nb0	107	169	fbd32658c0da07fc
normal_dp0_dc1_ud1_nb0	108	64	01abf6d03125fb69
normal_dp0_dc1_ud1_nb0	109	28	400ad856f4bda3fd
normal_dp0_dc1_ud1_nb0	110	6	eaa23448c06ebdc7
normal_dp0_dc1_ud1_nb0	111	3	01911c6ee2172564
normal_dp0_dc1_ud1_nb0	112	3	616126a74fbcf785
normal_dp0_dc1_ud1_nb0	113	2	60b1555914b64347
normal_dp0_dc1_ud1_nb0	114	154	465dfb6ae52e7e52
normal_dp0_dc1_ud1_nb0	115	3	de6fd2bd545408c7
normal_dp0_dc1_ud1_nb0	116	3	188df6e0b9010d74
normal_dp0_dc1_ud1_nb0	117	170	28a9d75aeda566be
normal_dp0_dc1_ud1_nb0	118	176	32c333f5b7e2ee66
normal_dp0_dc1_ud1_nb0	119	2	fa3b1b21769c99bc
normal_dp0_dc1_ud1_nb0	120	160	55d132ca1a02149c
normal_dp0_dc1_ud1_nb0	121	78	e42250cb782cc597
normal_dp0_dc1_ud1_nb0	122	182	a9ff3771c178e324
normal_dp0_dc1_ud1_nb0	123	2	737f3e1167508935
normal_dp0_dc1_ud1_nb0	124	65	cfdd1ac6fe10bf1a
normal_dp0_dc1_ud1_nb0	125	6	ee02dd66d95d2d06
normal_dp0_dc1_ud1_nb0	126	10	55bd907aef5e856d
normal_dp0_dc1_ud1_nb0	127	2	814dccc6d2006e69
normal_dp0_dc1_ud1_nb0	128	29	0980d24a38b38086
normal_dp0_dc1_ud1_nb0	129	70	44e11d55b79541df
normal_dp0_dc1_ud1_nb0	130	2	af2325e713679114
normal_dp0_dc1_ud1_nb0	131	164	2bb2a268bb2a6da5
normal_dp0_dc1_ud1_nb0	132	168	5f2847e73797d346
normal_dp0_dc1_ud1_nb0	133	2	80af669c13559a46
normal_dp0_dc1_ud1_nb0	134	10	97ceea39277c0000
normal_dp0_dc1_ud1_nb0	135	2	785032ef26619839
normal_dp0_dc1_ud1_nb0	136	2	cff4c6b51ab8d1e1
normal_dp0_dc1_ud1_nb0	137	3	1dc709adf506815a
normal_dp0_dc1_ud1_nb0	138	168	15a702687c718edb
normal_dp0_dc1_ud1_nb0	139	166	459a984d50f05837
normal_dp0_dc1_ud1_nb0	140	5	d0eb69f59bc41631
normal_dp0_dc1_ud1_nb0	141	8	652decbde067615b
normal_dp0_dc1_ud1_nb0	142	9	73cf93aa8b725dec
normal_dp0_dc1_ud1_nb0	143	2	6ff6b8bc6619ae66
normal_dp0_dc1_ud1_nb0	144	11	f9f1379b939d6612
normal_dp0_dc1_ud1_nb0	145	61	74b1cf40358c969b
normal_dp0_dc1_ud1_nb0	146	70	7c27f0ef3725dcf9
normal_dp0_dc1_ud1_nb0	147	18	212fe03f188d4dff
normal_dp0_dc1_ud1_nb0	148	24	373426e7392d3028
normal_dp0_dc1_ud1_nb0	149	2	0e7a7d4215ecf15a
normal_dp0_dc1_ud1_nb0	150	5	43684eed2bcb39aa
normal_dp0_dc1_ud1_nb0	151	7	8c24f002cdd8b0bc
normal_dp0_dc1_ud1_nb0	152	75	c587111175744038
normal_dp0_dc1_ud1_nb0	153	176	374d87e165ca7aeb
normal_dp0_dc1_ud1_nb0	154	2	60a2b5c9c2e0e62a
normal_dp0_dc1_ud1_nb0	155	65	acaddb21036137d8
normal_dp0_dc1_ud1_nb0	156	25	d9c1718dc745ed80
normal_dp0_dc1_ud1_nb0	157	3	6a36bc7972855e92
normal_dp0_dc1_ud1_nb0	158	5	8ce90f0f7bf36777
normal_dp0_dc1_ud1_nb0	159	64	aa1f12676daabb7f
normal_dp0_dc1_ud1_nb0	160	11	eb1e8546f2633505
normal_dp0_dc1_ud1_nb0	161	2	a1619a4837419d10
normal_dp0_dc1_ud1_nb0	162	164	2d1d281b259a2de8
normal_dp0_dc1_ud1_nb0	163	9	d9a987cafc69b052
normal_dp0_dc1_ud1_nb0	164	2	e08c08885d04564b
normal_dp0_dc1_ud1_nb0	165	3	5c538693c1431f4b
normal_dp0_dc1_ud1_nb0	166	182	a9840aea52e6ffd5
normal_dp0_dc1_ud1_nb0	167	70	609985950eb063ca
normal_dp0_dc1_ud1_nb0	168	2	7f186e27c595ab14
normal_dp0_dc1_ud1_nb0	169	11	a2e05d8dfbe435b9
normal_dp0_dc1_ud1_nb0	170	2	9a10e7aed7584972
normal_dp0_dc1_ud1_nb0	171	62	015e89e1388c8f74
normal_dp0_dc1_ud1_nb0	172	6	27e5f69c88e26f40
normal_dp0_dc1_ud1_nb0	173	8	c803a1bbd5e5d047
normal_dp0_dc1_ud1_nb0	174	28	0c255f7e5f18097f
normal_dp0_dc1_ud1_nb0	175	2	72c15ba8f0c9d153
normal_dp0_dc1_ud1_nb0	176	174	c80cd008fe8d3931
normal_dp0_dc1_ud1_nb0	177	3	c218bc9ef317b912
normal_dp0_dc1_ud1_nb0	178	2	edb8b080a73ec176
normal_dp0_dc1_ud1_nb0	179	56	e80ac5b795d2df00
normal_dp0_dc1_ud1_nb0	180	166	442823bf39dce36b
normal_dp0_dc1_ud1_nb0	181	70	e7d0816c661b397a
normal_dp0_dc1_ud1_nb0	182	6	b5bec723cdeb5f21
normal_dp0_dc1_ud1_nb0	183	2	f715da348003fd36
normal_dp0_dc1_ud1_nb0	184	10	17684c733aeb906a
normal_dp0_dc1_ud1_nb0	185	161	6ffd773c5b920818
normal_dp0_dc1_ud1_nb0	186	2	f4c5fe0c958f3e6d
normal_dp0_dc1_ud1_nb0	187	65	4998a16eea424307
normal_dp0_dc1_ud1_nb0	188	6	095e851ce7fee1b7
normal_dp0_dc1_ud1_nb0	189	3	4275562cef33e65f
normal_dp0_dc1_ud1_nb0	190	3	01ea72aab73b6f2d
normal_dp0_dc1_ud1_nb0	191	176	ea84d17e08417dd6
normal_dp0_dc1_ud1_nb0	192	5	ae1a712b3ffd0260
normal_dp0_dc1_ud1_nb0	193	3	9d88783521a38ff1
normal_dp0_dc1_ud1_nb0	194	65	e24f5b0c941659ae
normal_dp0_dc1_ud1_nb0	195	60	34197bff4cf93940
normal_dp0_dc1_ud1_nb0	196	173	5911685a4f4fab13
normal_dp0_dc1_ud1_nb0	197	11	2547b6a490f3ba28
normal_dp0_dc1_ud1_nb0	198	2	9ae12495235be9b1
normal_dp0_dc1_ud1_nb0	199	11	53a982c28c73c81c
normal_dp0_dc1_ud1_nb0	200	74	3751fd202ad599d5
normal_dp0_dc1_ud1_nb0	201	6	6af7fbc304f8b8b5
normal_dp0_dc1_ud1_nb0	202	3	9867b26f89bd75b4
normal_dp0_dc1_ud1_nb0	203	26	d950d6b3b4253622
normal_dp0_dc1_ud1_nb0	204	64	95c651b6e1566529
normal_dp0_dc1_ud1_nb0	205	10	b10739592a1334cc
normal_dp0_dc1_ud1_nb0	206	182	df90e6bfc1998704
normal_dp0_dc1_ud1_nb0	207	79	f5dbc1fe49af00fb
normal_dp0_dc1_ud1_nb0	208	61	dba03d0cdcea0b53
normal_dp0_dc1_ud1_nb0	209	2	7e406aca15207b29
normal_dp0_dc1_ud1_nb0	210	3	27aa91d89ced92ad
normal_dp0_dc1_ud1_nb0	211	11	61885b35806c0d03
normal_dp0_dc1_ud1_nb0	212	10	444c139ff47cb46c
normal_dp0_dc1_ud1_nb0	213	3	edd5359814ad33df
normal_dp0_dc1_ud1_nb0	214	23	f013cdc15f99bca8
normal_dp0_dc1_ud1_nb0	215	5	74ba7792595c3310
normal_dp0_dc1_ud1_nb0	216	71	222447c195e23519
normal_dp0_dc1_ud1_nb0	217	7	0b07839a407a37a5
normal_dp0_dc1_ud1_nb0	218	8	87fc2988054c7275
normal_dp0_dc1_ud1_nb0	219	5	afc62d7020f46179
normal_dp0_dc1_ud1_nb0	220	25	80c6e3456046a750
normal_dp0_dc1_ud1_nb0	221	8	1e66083965185e02
normal_dp0_dc1_ud1_nb0	222	2	155847d504fd75bd
normal_dp0_dc1_ud1_nb0	223	3	dfc8d2c7aa545cda
normal_dp0_dc1_ud1_nb0	224	5	5c4804092e86054c
normal_dp0_dc1_ud1_nb0	225	2	2832a96cf84da5d8
normal_dp0_dc1_ud1_nb0	226	181	97de48d6b6ebb0a4
normal_dp0_dc1_ud1_nb0	227	2	bfb74ba3b9454e97
normal_dp0_dc1_ud1_nb0	228	30	125c4641d1faaca2
normal_dp0_dc1_ud1_nb0	229	4	00a3f85f65b1531d
normal_dp0_dc1_ud1_nb0	230	57	720545bc3e020f64
normal_dp0_dc1_ud1_nb0	231	6	b327776c5662a820
normal_dp0_dc1_ud1_nb0	232	3	5612032716e11f80
normal_dp0_dc1_ud1_nb0	233	29	4002ea50291af003
normal_dp0_dc1_ud1_nb0	234	3	93f59ad12e846f0f
normal_dp0_dc1_ud1_nb0	235	63	0e29b17295dd979d
normal_dp0_dc1_ud1_nb0	236	2	d481bfb675d614dd
normal_dp0_dc1_ud1_nb0	237	5	250f11e8c158cea7
normal_dp0_dc1_ud1_nb0	238	30	a40641c9a1660f3d
normal_dp0_dc1_ud1_nb0	239	2	4b70e50b8edc6292
normal_dp0_dc1_ud1_nb0	240	6	b9b7ef9ad45d886d
normal_dp0_dc1_ud1_nb0	241	3	b2635722d8d798e2
normal_dp0_dc1_ud1_nb0	242	5	dcae176c8012b891
normal_dp0_dc1_ud1_nb0	243	30	57f6c48fd7e15536
normal_dp0_dc1_ud1_nb0	244	3	ec05ce6608dc3176
normal_dp0_dc1_ud1_nb0	245	26	bee196c220463511
normal_dp0_dc1_ud1_nb0	246	175	9c9f0e70857a72e6
normal_dp0_dc1_ud1_nb0	247	3	e0853c840dd1fdaf
normal_dp0_dc1_ud1_nb0	248	67	593321edf0fe32fb
normal_dp0_dc1_ud1_nb0	249	173	a8ecc78f8bcc024d
normal_dp0_dc1_ud1_nb0	250	71	5301f31f05cb8abc
normal_dp0_dc1_ud1_nb0	251	68	0c768002d82de105
normal_dp0_dc1_ud1_nb0	252	9	9573efbba0b7e035
normal_dp0_dc1_ud1_nb0	253	5	68447a6baef27bb5
normal_dp0_dc1_ud1_nb0	254	7	23796885d75abc94
normal_dp0_dc1_ud1_nb0	255	66	27cb88ee279c6283
normal_dp0_dc1_ud1_nb0	256	2	551a63c2d76181f6
normal_dp0_dc1_ud1_nb0	257	11	7be012cedd4a7b9e
normal_dp0_dc1_ud1_nb0	258	77	29aaa7076129a14f
normal_dp0_dc1_ud1_nb0	259	27	f63d593afb2116a0
normal_dp0_dc1_ud1_nb0	260	2	adbb7c7175eb6e52
normal_dp0_dc1_ud1_nb0	261	2	f76307a603dd2a5d
normal_dp0_dc1_ud1_nb0	262	8	39e2308283fc98cb
normal_dp0_dc1_ud1_nb0	263	4	26ad5b1db2402826
normal_dp0_dc1_ud1_nb0	264	32	a00361935261b366
normal_dp0_dc1_ud1_nb0	265	3	9f8d916961924fb4
normal_dp0_dc1_ud1_nb0	266	5	1b0ff3783fc45349
normal_dp0_dc1_ud1_nb0	267	3	318574d728fb4773
normal_dp0_dc1_ud1_nb0	268	2	8d2a9efba4c33051
normal_dp0_dc1_ud1_nb0	269	66	9b7abd4fd4120ff3
normal_dp0_dc1_ud1_nb0	270	28	bd6825e43716288f
normal_dp0_dc1_ud1_nb0	271	161	cb7337949fd70ef2
normal_dp0_dc1_ud1_nb0	272	69	bc3e3c3907dd70a0
normal_dp0_dc1_ud1_nb0	273	2	6f51285605f5b665
normal_dp0_dc1_ud1_nb0	274	31	f5015ad63afb8a25
normal_dp0_dc1_ud1_nb0	275	3	33846b194a9c5819
normal_dp0_dc1_ud1_nb0	276	169	d841306f6df3fa6d
normal_dp0_dc1_ud1_nb0	277	9	3eb17629cd58a40a
normal_dp0_dc1_ud1_nb0	278	169	80c6a285332adebe
normal_dp0_dc1_ud1_nb0	279	29	420c26c233a40541
normal_dp0_dc1_ud1_nb0	280	3	20205e6f2da9609c
normal_dp0_dc1_ud1_nb0	281	3	62652c0a1c0a640d
normal_dp0_dc1_ud1_nb0	282	2	9a10022c0daaddb3
normal_dp0_dc1_ud1_nb0	283	30	5ae746c235dc4ab8
normal_dp0_dc1_ud1_nb0	284	6	1517db2fd2f8a36a
normal_dp0_dc1_ud1_nb0	285	15	c5e1c9d0dc12576e
normal_dp0_dc1_ud1_nb0	286	11	50cc5c7186fe2f57
normal_dp0_dc1_ud1_nb0	287	177	10f40a04dc87da3e
normal_dp0_dc1_ud1_nb0	288	5	5908aefedc42ad88
normal_dp0_dc1_ud1_nb0	289	3	74c1046dd66082f6
normal_dp0_dc1_ud1_nb0	290	2	0f3051d3fcbf1a41
normal_dp0_dc1_ud1_nb0	291	173	409869975acd786e
normal_dp0_dc1_ud1_nb0	292	3	97def42dec590a3f
normal_dp0_dc1_ud1_nb0	293	157	a24c75d7c4941d80
normal_dp0_dc1_ud1_nb0	294	70	b2000a282ac83bbe
normal_dp0_dc1_ud1_nb0	295	2	11246c95048adcd5
normal_dp0_dc1_ud1_nb0	296	163	daf258014d3c7d07
normal_dp0_dc1_ud1_nb0	297	174	c8c2116be751d2d2
normal_dp0_dc1_ud1_nb0	298	2	b4231c8b8bf14136
normal_dp0_dc1_ud1_nb0	299	3	17a5652bcb2e5c79
normal_dp0_dc1_ud1_nb0	300	6	b93a6252f4092a05
normal_dp0_dc1_ud1_nb0	301	65	80d20f9c7705a0e5
normal_dp0_dc1_ud1_nb0	302	9	df2ddd6318193891
normal_dp0_dc1_ud1_nb0	303	6	adb56fe1642e028b
normal_dp0_dc1_ud1_nb0	304	9	883b2d869787b773
normal_dp0_dc1_ud1_nb0	305	30	0b683dff39a1e15f
normal_dp0_dc1_ud1_nb0	306	9	55d08a9e81a57ceb
normal_dp0_dc1_ud1_nb0	307	25	94bd6da21cc572d5
normal_dp0_dc1_ud1_nb0	308	162	a078bcd45c4b15be
normal_dp0_dc1_ud1_nb0	309	2	49f285d1dbd9cded
normal_dp0_dc1_ud1_nb0	310	3	a19a9ddc616bc40b
normal_dp0_dc1_ud1_nb0	311	5	8d7b925db37adbff
normal_dp0_dc1_ud1_nb0	312	66	2cd4dcce32dbbfd2
normal_dp0_dc1_ud1_nb0	313	66	96a7ca79bde2ff95
normal_dp0_dc1_ud1_nb0	314	67	b3cd9fb3f0543885
normal_dp0_dc1_ud1_nb0	315	2	93bc5a015f549470
normal_dp0_dc1_ud1_nb0	316	173	d207c5dfcf08f5ff
normal_dp0_dc1_ud1_nb0	317	6	be9404b2857e93a4
normal_dp0_dc1_ud1_nb0	318	3	0be369303603bc54
normal_dp0_dc1_ud1_nb0	319	165	3589af0dd08bb9c0
normal_dp0_dc1_ud1_nb0	320	29	29b81cd7ce3bfc84
normal_dp0_dc1_ud1_nb0	321	26	fe83fa67fbcd7ca0
normal_dp0_dc1_ud1_nb0	322	72	30e97fba9173bd34
normal_dp0_dc1_ud1_nb0	323	28	c20d2f3f884e6310
normal_dp0_dc1_ud1_nb0	324	32	b291373f6c33750b
normal_dp0_dc1_ud1_nb0	325	9	1ead67206d92303e
normal_dp0_dc1_ud1_nb0	326	62	c9b5493d8261e74a
normal_dp0_dc1_ud1_nb0	327	3	d1fb661b574d678c
normal_dp0_dc1_ud1_nb0	328	9	b46f8687da127df1
normal_dp0_dc1_ud1_nb0	329	3	f08796570f531be3
normal_dp0_dc1_ud1_nb0	330	73	40ceda49227a1090
normal_dp0_dc1_ud1_nb0	331	2	e21106527266f843
normal_dp0_dc1_ud1_nb0	332	69	05ab259394bc7fd7
normal_dp0_dc1_ud1_nb0	333	69	afb16990cdd3c976
normal_dp0_dc1_ud1_nb0	334	161	a7f95b0a23d5323e
normal_dp0_dc1_ud1_nb0	335	24	66c9b4f6bde0cf64
normal_dp0_dc1_ud1_nb0	336	64	2303bb364fcb0601
normal_dp0_dc1_ud1_nb0	337	11	d6a86da1f58bf20f
normal_dp0_dc1_ud1_nb0	338	72	77228adad3d0a208
normal_dp0_dc1_ud1_nb0	339	77	4ea6dd9aa4c001fc
normal_dp0_dc1_ud1_nb0	340	30	637e0e7c708f22e8
normal_dp0_dc1_ud1_nb0	341	3	6dc1fa2d9a40944f
normal_dp0_dc1_ud1_nb0	342	30	9e0c7e8cf32545f0
normal_dp0_dc1_ud1_nb0	343	187	51b4fc8ac6a2b00e
normal_dp0_dc1_ud1_nb0	344	8	471a20c75631bc5b
normal_dp0_dc1_ud1_nb0	345	27	b8f4d8ac214ec105
normal_dp0_dc1_ud1_nb0	346	67	5ad960fdfca2adb7
normal_dp0_dc1_ud1_nb0	347	3	210ba93123af0172
normal_dp0_dc1_ud1_nb0	348	6	7338d3ddd2815dc0
normal_dp0_dc1_ud1_nb0	349	26	d6cdcd67aa59aa20
normal_dp0_dc1_ud1_nb0	350	10	41eb0cc2c5f497f0
normal_dp0_dc1_ud1_nb0	351	6	8f1fbe3d0f72da7e
normal_dp0_dc1_ud1_nb0	352	2	ce1ab59737c30339
normal_dp0_dc1_ud1_nb0	353	28	bde3abe13e6d6d36
normal_dp0_dc1_ud1_nb0	354	3	dca680b22649204f
normal_dp0_dc1_ud1_nb0	355	3	a581d4f3412436ff
normal_dp0_dc1_ud1_nb0	356	2	b36dc3cace10b5a9
normal_dp0_dc1_ud1_nb0	357	23	3ac5291d1d86ac98
normal_dp0_dc1_ud1_nb0	358	2	f9fa6bf430f95da3
normal_dp0_dc1_ud1_nb0	359	2	2528591461d93ca8
normal_dp0_dc1_ud1_nb0	360	9	b047d46e7267783a
normal_dp0_dc1_ud1_nb0	361	3	189a983f4ca98b7c
normal_dp0_dc1_ud1_nb0	362	73	680a65638347bd8e
normal_dp0_dc1_ud1_nb0	363	156	4016852ff58e4744
normal_dp0_dc1_ud1_nb0	364	10	26e247b908cf5f37
normal_dp0_dc1_ud1_nb0	365	2	0acbb33a757090a6
normal_dp0_dc1_ud1_nb0	366	2	198c1f0846c5965f
normal_dp0_dc1_ud1_nb0	367	11	89e0706fc7636119
normal_dp0_dc1_ud1_nb0	368	2	13f24330619548ba
normal_dp0_dc1_ud1_nb0	369	26	b521feb873a5332d
normal_dp0_dc1_ud1_nb0	370	6	c2b6a6d77ac0c54c
normal_dp0_dc1_ud1_nb0	371	2	4cd07f8f33b23519
normal_dp0_dc1_ud1_nb0	372	4	aa2df6b92da370e0
normal_dp0_dc1_ud1_nb0	373	5	c45f4864686173b7
normal_dp0_dc1_ud1_nb0	374	70	032463dc6cd08e85
normal_dp0_dc1_ud1_nb0	375	62	32a1541807fdc7ae
normal_dp0_dc1_ud1_nb0	376	10	c1b63108770f5738
normal_dp0_dc1_ud1_nb0	377	2	c417926d6aea0d9a
normal_dp0_dc1_ud1_nb0	378	5	4037e9b3fa834bdd
normal_dp0_dc1_ud1_nb0	379	11	8f28dcf2885617d0
normal_dp0_dc1_ud1_nb0	380	72	fd1742d982043b1f
normal_dp0_dc1_ud1_nb0	381	5	4d17118066878656
normal_dp0_dc1_ud1_nb0	382	2	ee235b847f480214
normal_dp0_dc1_ud1_nb0	383	3	ad5d12d2c70ba4e4
normal_dp0_dc1_ud1_nb0	384	2	17487eeaec684a5e
normal_dp0_dc1_ud1_nb0	385	2	60e9a85e50134bc4
normal_dp0_dc1_ud1_nb0	386	169	04cfa6c1516f8413
normal_dp0_dc1_ud1_nb0	387	10	ea1f642c9ded811c
normal_dp0_dc1_ud1_nb0	388	74	55b07353fca1271b
normal_dp0_dc1_ud1_nb0	389	57	a25f8f84c5a0b014
normal_dp0_dc1_ud1_nb0	390	10	d4a60f09b649bf3b
normal_dp0_dc1_ud1_nb0	391	10	28af2cef007ba47a
normal_dp0_dc1_ud1_nb0	392	23	3c8f3e817b9c13a5
normal_dp0_dc1_ud1_nb0	393	7	0ab9a0f8602eac2c
normal_dp0_dc1_ud1_nb0	394	2	9e5b2dc50953735f
normal_dp0_dc1_ud1_nb0	395	8	1d0cbac2855de629
normal_dp0_dc1_ud1_nb0	396	25	0c090e08f9ff7667
normal_dp0_dc1_ud1_nb0	397	70	29a19dec680f8796
normal_dp0_dc1_ud1_nb0	398	181	091afda71e5ed182
normal_dp0_dc1_ud1_nb0	399	5	db822238ba345a03
normal_dp0_dc1_ud1_nb2000	0	2	fe3877f9123caf6f
normal_dp0_dc1_ud1_nb2000	1	25	f895dece7a772bab
normal_dp0_dc1_ud1_nb2000	2	188	80399ee55141af4f
normal_dp0_dc1_ud1_nb2000	3	3	04752421978926ff
normal_dp0_dc1_ud1_nb2000	4	64	4bc630a693979da6
normal_dp0_dc1_ud1_nb2000	5	5	0e2fd5c7671bbc23
normal_dp0_dc1_ud1_nb2000	6	67	87fd6e24b6374980
normal_dp0_dc1_ud1_nb2000	7	182	969636407e579301
normal_dp0_dc1_ud1_nb2000	8	164	95bdf46572e1fc90
normal_dp0_dc1_ud1_nb2000	9	67	58910236bc7536c5
normal_dp0_dc1_ud1_nb2000	10	65	8b6e672cdfeab96d
normal_dp0_dc1_ud1_nb2000	11	71	b7570bffe931508c
normal_dp0_dc1_ud1_nb2000	12	6	e25a0797ac94cbf4
normal_dp0_dc1_ud1_nb2000	13	2	4fa0cf4bc5d18d38
normal_dp0_dc1_ud1_nb2000	14	6	06cb917caa7530f2
normal_dp0_dc1_ud1_nb2000	15	5	d3d9c8acac5507f9
normal_dp0_dc1_ud1_nb2000	16	31	c146825cada916d6
normal_dp0_dc1_ud1_nb2000	17	2	5420621e61e6b2de
normal_dp0_dc1_ud1_nb2000	18	5	3d71f266a2e565b8
normal_dp0_dc1_ud1_nb2000	19	3	5892385b1aec09f4
normal_dp0_dc1_ud1_nb2000	20	60	277585a41347671e
normal_dp0_dc1_ud1_nb2000	21	66	25596d173f11a0bf
normal_dp0_dc1_ud1_nb2000	22	2	b2b47f5335448eeb
normal_dp0_dc1_ud1_nb2000	23	160	4661007755993d50
normal_dp0_dc1_ud1_nb2000	24	2	4ee24f53fa50f5fb
normal_dp0_dc1_ud1_nb2000	25	2	210c11ef7723c39c
normal_dp0_dc1_ud1_nb2000	26	27	b54b18ad67c1e81f
normal_dp0_dc1_ud1_nb2000	27	2	7a76b7ba3a15016d
normal_dp0_dc1_ud1_nb2000	28	6	eb675bbe82f65a03
normal_dp0_dc1_ud1_nb2000	29	2	0d2b0764438b4218
normal_dp0_dc1_ud1_nb2000	30	5	69ec4105565c89a1
normal_dp0_dc1_ud1_nb2000	31	2	115a740f9cd9a619
normal_dp0_dc1_ud1_nb2000	32	161	ec68556c91a149f4
normal_dp0_dc1_ud1_nb2000	33	3	fb073d01787c3389
normal_dp0_dc1_ud1_nb2000	34	5	b5aca246e8c003fe
normal_dp0_dc1_ud1_nb2000	35	165	d504e632896dabaf
normal_dp0_dc1_ud1_nb2000	36	10	2be47a4d65d010cf
normal_dp0_dc1_ud1_nb2000	37	84	22222c50138a1086
normal_dp0_dc1_ud1_nb2000	38	22	72b27f15ef10a1bc
normal_dp0_dc1_ud1_nb2000	39	165	c8c53dddcff93352
normal_dp0_dc1_ud1_nb2000	40	175	3b5d18d547e49958
normal_dp0_dc1_ud1_nb2000	41	31	df4e0d5888ada439
normal_dp0_dc1_ud1_nb2000	42	9	0a9712f00d2660bb
normal_dp0_dc1_ud1_nb2000	43	2	d62bc83a3fc4ad67
normal_dp0_dc1_ud1_nb2000	44	2	8946d53fe3b107ce
normal_dp0_dc1_ud1_nb2000	45	10	2c77cd1587197a55
normal_dp0_dc1_ud1_nb2000	46	24	f8be0763d51b363d
normal_dp0_dc1_ud1_nb2000	47	79	411869c9b5d52b38
normal_dp0_dc1_ud1_nb2000	48	10	08b4bf4392ca0976
normal_dp0_dc1_ud1_nb2000	49	6	2ce67d3a0a7e82bc
normal_dp0_dc1_ud1_nb2000	50	3	fd89f6049da2aafa
normal_dp0_dc1_ud1_nb2000	51	34	4cfcd83513322589
normal_dp0_dc1_ud1_nb2000	52	2	fd08e8dd823f631e
normal_dp0_dc1_ud1_nb2000	53	8	cf618e5da383bd99
normal_dp0_dc1_ud1_nb2000	54	4	90ac7107270a7322
normal_dp0_dc1_ud1_nb2000	55	68	e4b34d909d0b6820
normal_dp0_dc1_ud1_nb2000	56	10	425e69fb62177c9b
normal_dp0_dc1_ud1_nb2000	57	2	d8c21a02c79c5d2f
normal_dp0_dc1_ud1_nb2000	58	5	8f407593ca494b69
normal_dp0_dc1_ud1_nb2000	59	32	128dda7aa9c4c7fa
normal_dp0_dc1_ud1_nb2000	60	3	90e544c7aa820b5e
normal_dp0_dc1_ud1_nb2000	61	2	50c0e5e565e77d9f
normal_dp0_dc1_ud1_nb2000	62	3	490e58d435ecad3e
normal_dp0_dc1_ud1_nb2000	63	23	cf5ba468d7487799
normal_dp0_dc1_ud1_nb2000	64	65	acf80a78f014d082
normal_dp0_dc1_ud1_nb2000	65	6	18374a0373c87375
normal_dp0_dc1_ud1_nb2000	66	2	183418e639303309
normal_dp0_dc1_ud1_nb2000	67	9	837b9fd685ada532
normal_dp0_dc1_ud1_nb2000	68	8	8178a98c703434b1
normal_dp0_dc1_ud1_nb2000	69	70	0b90e96c6362b918
normal_dp0_dc1_ud1_nb2000	70	7	0167c411519f02aa
normal_dp0_dc1_ud1_nb2000	71	15	6b43b59646407b82
normal_dp0_dc1_ud1_nb2000	72	26	0b4575cf519ae041
normal_dp0_dc1_ud1_nb2000	73	63	2099472d287c32ac
normal_dp0_dc1_ud1_nb2000	74	3	1fa1bda149e03db8
normal_dp0_dc1_ud1_nb2000	75	3	27658063d81c7912
normal_dp0_dc1_ud1_nb2000	76	74	72a4ba01573c65ba
normal_dp0_dc1_ud1_nb2000	77	2	72f99e536ffd074b
normal_dp0_dc1_ud1_nb2000	78	3	561e686feba94de6
normal_dp0_dc1_ud1_nb2000	79	13	aaa4bd3ecf8f5640
normal_dp0_dc1_ud1_nb2000	80	2	0fb37fca75143919
normal_dp0_dc1_ud1_nb2000	81	9	1639b51d3ae74059
normal_dp0_dc1_ud1_nb2000	82	172	3aecc7aacd1e913c
normal_dp0_dc1_ud1_nb2000	83	6	f1015c348b042132
normal_dp0_dc1_ud1_nb2000	84	3	98be6817fedd840d
normal_dp0_dc1_ud1_nb2000	85	70	d33ad4a2dcbc0028
normal_dp0_dc1_ud1_nb2000	86	9	c218be81f282ceb9
normal_dp0_dc1_ud1_nb2000	87	27	e14aaf38f87983d9
normal_dp0_dc1_ud1_nb2000	88	29	1d70f1dea01861e0
normal_dp0_dc1_ud1_nb2000	89	171	aa0ac926e0c319d7
normal_dp0_dc1_ud1_nb2000	90	3	34f7b7a47589cbb8
normal_dp0_dc1_ud1_nb2000	91	174	3adefaa913c33efc
normal_dp0_dc1_ud1_nb2000	92	5	90c2225b0e0d3f2c
normal_dp0_dc1_ud1_nb2000	93	9	4f3ef11b2e70c9d3
normal_dp0_dc1_ud1_nb2000	94	6	98a1472c66a9b589
normal_dp0_dc1_ud1_nb2000	95	168	e0a9c785672e47e8
normal_dp0_dc1_ud1_nb2000	96	71	e0317a05214f3cad
normal_dp0_dc1_ud1_nb2000	97	6	d0f6ce909212a479
normal_dp0_dc1_ud1_nb2000	98	5	3e9a59cbbb2debe0
normal_dp0_dc1_ud1_nb2000	99	9	71b2b97da4b7f291
normal_dp0_dc1_ud1_nb2000	100	7	494ba0be47081fb9
normal_dp0_dc1_ud1_nb2000	101	2	3ff37d05d9e89fc7
normal_dp0_dc1_ud1_nb2000	102	65	7f3879f5dc5bf150
normal_dp0_dc1_ud1_nb2000	103	36	22e733c240de6c91
normal_dp0_dc1_ud1_nb2000	104	2	548f1ccaebf16d95
normal_dp0_dc1_ud1_nb2000	105	2	5e1645b8765c83f3
normal_dp0_dc1_ud1_nb2000	106	29	5e1d1398ba82fe2e
normal_dp0_dc1_ud1_nb2000	107	170	800a7f4d8daf15c9
normal_dp0_dc1_ud1_nb2000	108	64	01abf6d03125fb69
normal_dp0_dc1_ud1_nb2000	109	29	f3c6bcc8ee2a91cb
normal_dp0_dc1_ud1_nb2000	110	6	eaa23448c06ebdc7
normal_dp0_dc1_ud1_nb2000	111	3	01911c6ee2172564
normal_dp0_dc1_ud1_nb2000	112	3	616126a74fbcf785
normal_dp0_dc1_ud1_nb2000	113	2	60b1555914b64347
normal_dp0_dc1_ud1_nb2000	114	154	465dfb6ae52e7e52
normal_dp0_dc1_ud1_nb2000	115	3	de6fd2bd545408c7
normal_dp0_dc1_ud1_nb2000	116	3	188df6e0b9010d74
normal_dp0_dc1_ud1_nb2000	117	170	28a9d75aeda566be
normal_dp0_dc1_ud1_nb2000	118	179	4dc1cadcac0c47a2
normal_dp0_dc1_ud1_nb2000	119	2	fa3b1b21769c99bc
normal_dp0_dc1_ud1_nb2000	120	160	55d132ca1a02149c
normal_dp0_dc1_ud1_nb2000	121	78	e42250cb782cc597
normal_dp0_dc1_ud1_nb2000	122	184	e906018ee13d29a8
normal_dp0_dc1_ud1_nb2000	123	2	737f3e1167508935
normal_dp0_dc1_ud1_nb2000	124	65	cfdd1ac6fe10bf1a
normal_dp0_dc1_ud1_nb2000	125	6	ee02dd66d95d2d06
normal_dp0_dc1_ud1_nb2000	126	10	55bd907aef5e856d
normal_dp0_dc1_ud1_nb2000	127	2	814dccc6d2006e69
normal_dp0_dc1_ud1_nb2000	128	29	0980d24a38b38086
normal_dp0_dc1_ud1_nb2000	129	70	44e11d55b79541df
normal_dp0_dc1_ud1_nb2000	130	2	af2325e713679114
normal_dp0_dc1_ud1_nb2000	131	164	2bb2a268bb2a6da5
normal_dp0_dc1_ud1_nb2000	132	171	5e0c4f7b73b06808
normal_dp0_dc1_ud1_nb2000	133	2	80af669c13559a46
normal_dp0_dc1_ud1_nb2000	134	10	97ceea39277c0000
normal_dp0_dc1_ud1_nb2000	135	2	785032ef26619839
normal_dp0_dc1_ud1_nb2000	136	2	cff4c6b51ab8d1e1
normal_dp0_dc1_ud1_nb2000	137	3	1dc709adf506815a
normal_dp0_dc1_ud1_nb2000	138	168	15a702687c718edb
normal_dp0_dc1_ud1_nb2000	139	168	cef8cd9cc564ad2c
normal_dp0_dc1_ud1_nb2000	140	5	d0eb69f59bc41631
normal_dp0_dc1_ud1_nb2000	141	8	652decbde067615b
normal_dp0_dc1_ud1_nb2000	142	9	73cf93aa8b725dec
normal_dp0_dc1_ud1_nb2000	143	2	6ff6b8bc6619ae66
normal_dp0_dc1_ud1_nb2000	144	12	6f1378924acc2934
normal_dp0_dc1_ud1_nb2000	145	61	74b1cf40358c969b
normal_dp0_dc1_ud1_nb2000	146	70	7c27f0ef3725dcf9
normal_dp0_dc1_ud1_nb2000	147	18	212fe03f188d4dff
normal_dp0_dc1_ud1_nb2000	148	24	373426e7392d3028
normal_dp0_dc1_ud1_nb2000	149	2	0e7a7d4215ecf15a
normal_dp0_dc1_ud1_nb2000	150	5	43684eed2bcb39aa
normal_dp0_dc1_ud1_nb2000	151	7	8c24f002cdd8b0bc
normal_dp0_dc1_ud1_nb2000	152	76	902c2f8e54a0924f
normal_dp0_dc1_ud1_nb2000	153	176	374d87e165ca7aeb
normal_dp0_dc1_ud1_nb2000	154	2	60a2b5c9c2e0e62a
normal_dp0_dc1_ud1_nb2000	155	65	acaddb21036137d8
normal_dp0_dc1_ud1_nb2000	156	25	d9c1718dc745ed80
normal_dp0_dc1_ud1_nb2000	157	3	6a36bc7972855e92
normal_dp0_dc1_ud1_nb2000	158	5	8ce90f0f7bf36777
normal_dp0_dc1_ud1_nb2000	159	64	aa1f12676daabb7f
normal_dp0_dc1_ud1_nb2000	160	11	eb1e8546f2633505
normal_dp0_dc1_ud1_nb2000	161	2	a1619a4837419d10
normal_dp0_dc1_ud1_nb2000	162	165	4ac15b2060b34faa
normal_dp0_dc1_ud1_nb2000	163	9	d9a987cafc69b052
normal_dp0_dc1_ud1_nb2000	164	2	e08c08885d04564b
normal_dp0_dc1_ud1_nb2000	165	3	5c538693c1431f4b
normal_dp0_dc1_ud1_nb2000	166	182	a9840aea52e6ffd5
normal_dp0_dc1_ud1_nb2000	167	71	ec83e592ae15d786
normal_dp0_dc1_ud1_nb2000	168	2	7f186e27c595ab14
normal_dp0_dc1_ud1_nb2000	169	11	a2e05d8dfbe435b9
normal_dp0_dc1_ud1_nb2000	170	2	9a10e7aed7584972
normal_dp0_dc1_ud1_nb2000	171	63	7f3a33ccac038c1c
normal_dp0_dc1_ud1_nb2000	172	6	27e5f69c88e26f40
normal_dp0_dc1_ud1_nb2000	173	8	c803a1bbd5e5d047
normal_dp0_dc1_ud1_nb2000	174	29	010642521d6221cc
normal_dp0_dc1_ud1_nb2000	175	2	72c15ba8f0c9d153
normal_dp0_dc1_ud1_nb2000	176	175	58fb970f68f23e8b
normal_dp0_dc1_ud1_nb2000	177	3	c218bc9ef317b912
normal_dp0_dc1_ud1_nb2000	178	2	edb8b080a73ec176
normal_dp0_dc1_ud1_nb2000	179	56	e80ac5b795d2df00
normal_dp0_dc1_ud1_nb2000	180	169	f75151163b697c9c
normal_dp0_dc1_ud1_nb2000	181	70	e7d0816c661b397a
normal_dp0_dc1_ud1_nb2000	182	6	b5bec723cdeb5f21
normal_dp0_dc1_ud1_nb2000	183	2	f715da348003fd36
normal_dp0_dc1_ud1_nb2000	184	10	17684c733aeb906a
normal_dp0_dc1_ud1_nb2000	185	162	ad86462256c5d2fd
normal_dp0_dc1_ud1_nb2000	186	2	f4c5fe0c958f3e6d
normal_dp0_dc1_ud1_nb2000	187	66	62252d611516e2c2
normal_dp0_dc1_ud1_nb2000	188	6	095e851ce7fee1b7
normal_dp0_dc1_ud1_nb2000	189	3	4275562cef33e65f
normal_dp0_dc1_ud1_nb2000	190	3	01ea72aab73b6f2d
normal_dp0_dc1_ud1_nb2000	191	176	ea84d17e08417dd6
normal_dp0_dc1_ud1_nb2000	192	5	ae1a712b3ffd0260
normal_dp0_dc1_ud1_nb2000	193	3	9d88783521a38ff1
normal_dp0_dc1_ud1_nb2000	194	66	b39264a7d36aa006
normal_dp0_dc1_ud1_nb2000	195	60	34197bff4cf93940
normal_dp0_dc1_ud1_nb2000	196	175	5eedb1a5888d9ba7
normal_dp0_dc1_ud1_nb2000	197	11	2547b6a490f3ba28
normal_dp0_dc1_ud1_nb2000	198	2	9ae12495235be9b1
normal_dp0_dc1_ud1_nb2000	199	11	53a982c28c73c81c
normal_dp0_dc1_ud1_nb2000	200	74	3751fd202ad599d5
normal_dp0_dc1_ud1_nb2000	201	6	6af7fbc304f8b8b5
normal_dp0_dc1_ud1_nb2000	202	3	9867b26f89bd75b4
normal_dp0_dc1_ud1_nb2000	203	26	d950d6b3b4253622
normal_dp0_dc1_ud1_nb2000	204	65	5e2c79a2c3ed15cd
normal_dp0_dc1_ud1_nb2000	205	10	b10739592a1334cc
normal_dp0_dc1_ud1_nb2000	206	183	5b54f73769a5d9a5
normal_dp0_dc1_ud1_nb2000	207	80	fe5bbb2d6b57cdd0
normal_dp0_dc1_ud1_nb2000	208	62	d1916f38b4d0e0b7
normal_dp0_dc1_ud1_nb2000	209	2	7e406aca15207b29
normal_dp0_dc1_ud1_nb2000	210	3	27aa91d89ced92ad
normal_dp0_dc1_ud1_nb2000	211	11	61885b35806c0d03
normal_dp0_dc1_ud1_nb2000	212	10	444c139ff47cb46c
normal_dp0_dc1_ud1_nb2000	213	3	edd5359814ad33df
normal_dp0_dc1_ud1_nb2000	214	23	f013cdc15f99bca8
normal_dp0_dc1_ud1_nb2000	215	5	74ba7792595c3310
normal_dp0_dc1_ud1_nb2000	216	72	f30c1739a572daf1
normal_dp0_dc1_ud1_nb2000	217	7	0b07839a407a37a5
normal_dp0_dc1_ud1_nb2000	218	8	87fc2988054c7275
normal_dp0_dc1_ud1_nb2000	219	5	afc62d7020f46179
normal_dp0_dc1_ud1_nb2000	220	25	80c6e3456046a750
normal_dp0_dc1_ud1_nb2000	221	8	1e66083965185e02
normal_dp0_dc1_ud1_nb2000	222	2	155847d504fd75bd
normal_dp0_dc1_ud1_nb2000	223	3	dfc8d2c7aa545cda
normal_dp0_dc1_ud1_nb2000	224	5	5c4804092e86054c
normal_dp0_dc1_ud1_nb2000	225	2	2832a96cf84da5d8
normal_dp0_dc1_ud1_nb2000	226	181	97de48d6b6ebb0a4
normal_dp0_dc1_ud1_nb2000	227	2	bfb74ba3b9454e97
normal_dp0_dc1_ud1_nb2000	228	30	125c4641d1faaca2
normal_dp0_dc1_ud1_nb2000	229	4	00a3f85f65b1531d
normal_dp0_dc1_ud1_nb2000	230	57	720545bc3e020f64
normal_dp0_dc1_ud1_nb2000	231	6	b327776c5662a820
normal_dp0_dc1_ud1_nb2000	232	3	5612032716e11f80
normal_dp0_dc1_ud1_nb2000	233	29	4002ea50291af003
normal_dp0_dc1_ud1_nb2000	234	3	93f59ad12e846f0f
normal_dp0_dc1_ud1_nb2000	235	63	0e29b17295dd979d
normal_dp0_dc1_ud1_nb2000	236	2	d481bfb675d614dd
normal_dp0_dc1_ud1_nb2000	237	6	9c374886d19d58e2
normal_dp0_dc1_ud1_nb2000	238	30	a40641c9a1660f3d
normal_dp0_dc1_ud1_nb2000	239	2	4b70e50b8edc6292
normal_dp0_dc1_ud1_nb2000	240	6	b9b7ef9ad45d886d
normal_dp0_dc1_ud1_nb2000	241	3	b2635722d8d798e2
normal_dp0_dc1_ud1_nb2000	242	5	dcae176c8012b891
normal_dp0_dc1_ud1_nb2000	243	31	f8bcfb67b2d875e7
normal_dp0_dc1_ud1_nb2000	244	3	ec05ce6608dc3176
normal_dp0_dc1_ud1_nb2000	245	26	bee196c220463511
normal_dp0_dc1_ud1_nb2000	246	175	9c9f0e70857a72e6
normal_dp0_dc1_ud1_nb2000	247	3	e0853c840dd1fdaf
normal_dp0_dc1_ud1_nb2000	248	67	593321edf0fe32fb
normal_dp0_dc1_ud1_nb2000	249	174	4a943ca82f2b5f05
normal_dp0_dc1_ud1_nb2000	250	71	5301f31f05cb8abc
normal_dp0_dc1_ud1_nb2000	251	68	0c768002d82de105
normal_dp0_dc1_ud1_nb2000	252	9	9573efbba0b7e035
normal_dp0_dc1_ud1_nb2000	253	5	68447a6baef27bb5
normal_dp0_dc1_ud1_nb2000	254	7	23796885d75abc94
normal_dp0_dc1_ud1_nb2000	255	67	445bc8635eeb629d
normal_dp0_dc1_ud1_nb2000	256	2	551a63c2d76181f6
normal_dp0_dc1_ud1_nb2000	257	11	7be012cedd4a7b9e
normal_dp0_dc1_ud1_nb2000	258	77	29aaa7076129a14f
normal_dp0_dc1_ud1_nb2000	259	27	f63d593afb2116a0
normal_dp0_dc1_ud1_nb2000	260	2	adbb7c7175eb6e52
normal_dp0_dc1_ud1_nb2000	261	2	f76307a603dd2a5d
normal_dp0_dc1_ud1_nb2000	262	9	25ff801e8277608d
normal_dp0_dc1_ud1_nb2000	263	4	26ad5b1db2402826
normal_dp0_dc1_ud1_nb2000	264	32	a00361935261b366
normal_dp0_dc1_ud1_nb2000	265	3	9f8d916961924fb4
normal_dp0_dc1_ud1_nb2000	266	5	1b0ff3783fc45349
normal_dp0_dc1_ud1_nb2000	267	3	318574d728fb4773
normal_dp0_dc1_ud1_nb2000	268	2	8d2a9efba4c33051
normal_dp0_dc1_ud1_nb2000	269	66	9b7abd4fd4120ff3
normal_dp0_dc1_ud1_nb2000	270	28	bd6825e43716288f
normal_dp0_dc1_ud1_nb2000	271	161	cb7337949fd70ef2
normal_dp0_dc1_ud1_nb2000	272	70	e2e96b19632ad957
normal_dp0_dc1_ud1_nb2000	273	2	6f51285605f5b665
normal_dp0_dc1_ud1_nb2000	274	31	f5015ad63afb8a25
normal_dp0_dc1_ud1_nb2000	275	3	33846b194a9c5819
normal_dp0_dc1_ud1_nb2000	276	170	836610ce31813d17
normal_dp0_dc1_ud1_nb2000	277	9	3eb17629cd58a40a
normal_dp0_dc1_ud1_nb2000	278	170	a78bfb3b0e64eb57
normal_dp0_dc1_ud1_nb2000	279	29	420c26c233a40541
normal_dp0_dc1_ud1_nb2000	280	3	20205e6f2da9609c
normal_dp0_dc1_ud1_nb2000	281	3	62652c0a1c0a640d
normal_dp0_dc1_ud1_nb2000	282	2	9a10022c0daaddb3
normal_dp0_dc1_ud1_nb2000	283	30	5ae746c235dc4ab8
normal_dp0_dc1_ud1_nb2000	284	6	1517db2fd2f8a36a
normal_dp0_dc1_ud1_nb2000	285	15	c5e1c9d0dc12576e
normal_dp0_dc1_ud1_nb2000	286	11	50cc5c7186fe2f57
normal_dp0_dc1_ud1_nb2000	287	178	ae54469988f3e16c
normal_dp0_dc1_ud1_nb2000	288	5	5908aefedc42ad88
normal_dp0_dc1_ud1_nb2000	289	3	74c1046dd66082f6
normal_dp0_dc1_ud1_nb2000	290	2	0f3051d3fcbf1a41
normal_dp0_dc1_ud1_nb2000	291	175	25dec6656135f2eb
normal_dp0_dc1_ud1_nb2000	292	3	97def42dec590a3f
normal_dp0_dc1_ud1_nb2000	293	157	a24c75d7c4941d80
normal_dp0_dc1_ud1_nb2000	294	70	b2000a282ac83bbe
normal_dp0_dc1_ud1_nb2000	295	2	11246c95048adcd5
normal_dp0_dc1_ud1_nb2000	296	163	daf258014d3c7d07
normal_dp0_dc1_ud1_nb2000	297	174	d4ee03ff98a4f94e
normal_dp0_dc1_ud1_nb2000	298	2	b4231c8b8bf14136
normal_dp0_dc1_ud1_nb2000	299	3	17a5652bcb2e5c79
normal_dp0_dc1_ud1_nb2000	300	6	b93a6252f4092a05
normal_dp0_dc1_ud1_nb2000	301	65	80d20f9c7705a0e5
normal_dp0_dc1_ud1_nb2000	302	9	df2ddd6318193891
normal_dp0_dc1_ud1_nb2000	303	6	adb56fe1642e028b
normal_dp0_dc1_ud1_nb2000	304	9	883b2d869787b773
normal_dp0_dc1_ud1_nb2000	305	31	84775fd6936da0dd
normal_dp0_dc1_ud1_nb2000	306	9	55d08a9e81a57ceb
normal_dp0_dc1_ud1_nb2000	307	25	94bd6da21cc572d5
normal_dp0_dc1_ud1_nb2000	308	166	4ab3dea8087bf72f
normal_dp0_dc1_ud1_nb2000	309	2	49f285d1dbd9cded
normal_dp0_dc1_ud1_nb2000	310	3	a19a9ddc616bc40b
normal_dp0_dc1_ud1_nb2000	311	5	8d7b925db37adbff
normal_dp0_dc1_ud1_nb2000	312	66	2cd4dcce32dbbfd2
normal_dp0_dc1_ud1_nb2000	313	66	96a7ca79bde2ff95
normal_dp0_dc1_ud1_nb2000	314	67	b3cd9fb3f0543885
normal_dp0_dc1_ud1_nb2000	315	2	93bc5a015f549470
normal_dp0_dc1_ud1_nb2000	316	174	fac1bff1c5b9ee9b
normal_dp0_dc1_ud1_nb2000	317	6	be9404b2857e93a4
normal_dp0_dc1_ud1_nb2000	318	3	0be369303603bc54
normal_dp0_dc1_ud1_nb2000	319	165	3589af0dd08bb9c0
normal_dp0_dc1_ud1_nb2000	320	29	29b81cd7ce3bfc84
normal_dp0_dc1_ud1_nb2000	321	26	fe83fa67fbcd7ca0
normal_dp0_dc1_ud1_nb2000	322	72	30e97fba9173bd34
normal_dp0_dc1_ud1_nb2000	323	29	2b3ace1012bc5234
normal_dp0_dc1_ud1_nb2000	324	33	ca1e3c0d41a02c11
normal_dp0_dc1_ud1_nb2000	325	9	1ead67206d92303e
normal_dp0_dc1_ud1_nb2000	326	62	c9b5493d8261e74a
normal_dp0_dc1_ud1_nb2000	327	3	d1fb661b574d678c
normal_dp0_dc1_ud1_nb2000	328	9	b46f8687da127df1
normal_dp0_dc1_ud1_nb2000	329	3	f08796570f531be3
normal_dp0_dc1_ud1_nb2000	330	73	40ceda49227a1090
normal_dp0_dc1_ud1_nb2000	331	2	e21106527266f843
normal_dp0_dc1_ud1_nb2000	332	69	05ab259394bc7fd7
normal_dp0_dc1_ud1_nb2000	333	69	afb16990cdd3c976
normal_dp0_dc1_ud1_nb2000	334	162	5b0b214c3af97c5f
normal_dp0_dc1_ud1_nb2000	335	25	1ccbb5e26436bcf3
normal_dp0_dc1_ud1_nb2000	336	64	2303bb364fcb0601
normal_dp0_dc1_ud1_nb2000	337	11	d6a86da1f58bf20f
normal_dp0_dc1_ud1_nb2000	338	72	77228adad3d0a208
normal_dp0_dc1_ud1_nb2000	339	79	64bfc91f33d68d25
normal_dp0_dc1_ud1_nb2000	340	30	637e0e7c708f22e8
normal_dp0_dc1_ud1_nb2000	341	3	6dc1fa2d9a40944f
normal_dp0_dc1_ud1_nb2000	342	30	9e0c7e8cf32545f0
normal_dp0_dc1_ud1_nb2000	343	189	fdcd7e24d7041d6a
normal_dp0_dc1_ud1_nb2000	344	8	471a20c75631bc5b
normal_dp0_dc1_ud1_nb2000	345	27	b8f4d8ac214ec105
normal_dp0_dc1_ud1_nb2000	346	67	5ad960fdfca2adb7
normal_dp0_dc1_ud1_nb2000	347	3	210ba93123af0172
normal_dp0_dc1_ud1_nb2000	348	6	7338d3ddd2815dc0
normal_dp0_dc1_ud1_nb2000	349	26	d6cdcd67aa59aa20
normal_dp0_dc1_ud1_nb2000	350	10	41eb0cc2c5f497f0
normal_dp0_dc1_ud1_nb2000	351	6	8f1fbe3d0f72da7e
normal_dp0_dc1_ud1_nb2000	352	2	ce1ab59737c30339
normal_dp0_dc1_ud1_nb2000	353	28	bde3abe13e6d6d36
normal_dp0_dc1_ud1_nb2000	354	3	dca680b22649204f
normal_dp0_dc1_ud1_nb2000	355	3	a581d4f3412436ff
normal_dp0_dc1_ud1_nb2000	356	2	b36dc3cace10b5a9
normal_dp0_dc1_ud1_nb2000	357	24	18466e007f3913b7
normal_dp0_dc1_ud1_nb2000	358	2	f9fa6bf430f95da3
normal_dp0_dc1_ud1_nb2000	359	2	2528591461d93ca8
normal_dp0_dc1_ud1_nb2000	360	9	b047d46e7267783a
normal_dp0_dc1_ud1_nb2000	361	3	189a983f4ca98b7c
normal_dp0_dc1_ud1_nb2000	362	75	2bb6636f87d19bf2
normal_dp0_dc1_ud1_nb2000	363	156	4016852ff58e4744
normal_dp0_dc1_ud1_nb2000	364	10	26e247b908cf5f37
normal_dp0_dc1_ud1_nb2000	365	2	0acbb33a757090a6
normal_dp0_dc1_ud1_nb2000	366	2	198c1f0846c5965f
normal_dp0_dc1_ud1_nb2000	367	11	89e0706fc7636119
normal_dp0_dc1_ud1_nb2000	368	2	13f24330619548ba
normal_dp0_dc1_ud1_nb2000	369	26	b521feb873a5332d
normal_dp0_dc1_ud1_nb2000	370	6	c2b6a6d77ac0c54c
normal_dp0_dc1_ud1_nb2000	371	2	4cd07f8f33b23519
normal_dp0_dc1_ud1_nb2000	372	4	aa2df6b92da370e0
normal_dp0_dc1_ud1_nb2000	373	5	c45f4864686173b7
normal_dp0_dc1_ud1_nb2000	374	71	9f15f5d66bc06591
normal_dp0_dc1_ud1_nb2000	375	62	32a1541807fdc7ae
normal_dp0_dc1_ud1_nb2000	376	10	c1b63108770f5738
normal_dp0_dc1_ud1_nb2000	377	2	c417926d6aea0d9a
normal_dp0_dc1_ud1_nb2000	378	5	4037e9b3fa834bdd
normal_dp0_dc1_ud1_nb2000	379	11	8f28dcf2885617d0
normal_dp0_dc1_ud1_nb2000	380	73	be4064599c1fa53b
normal_dp0_dc1_ud1_nb2000	381	5	4d17118066878656
normal_dp0_dc1_ud1_nb2000	382	2	ee235b847f480214
normal_dp0_dc1_ud1_nb2000	383	3	ad5d12d2c70ba4e4
normal_dp0_dc1_ud1_nb2000	384	2	17487eeaec684a5e
normal_dp0_dc1_ud1_nb2000	385	2	60e9a85e50134bc4
normal_dp0_dc1_ud1_nb2000	386	169	04cfa6c1516f8413
normal_dp0_dc1_ud1_nb2000	387	10	ea1f642c9ded811c
normal_dp0_dc1_ud1_nb2000	388	74	55b07353fca1271b
normal_dp0_dc1_ud1_nb2000	389	57	a25f8f84c5a0b014
normal_dp0_dc1_ud1_nb2000	390	10	d4a60f09b649bf3b
normal_dp0_dc1_ud1_nb2000	391	10	28af2cef007ba47a
normal_dp0_dc1_ud1_nb2000	392	23	3c8f3e817b9c13a5
normal_dp0_dc1_ud1_nb2000	393	7	0ab9a0f8602eac2c
normal_dp0_dc1_ud1_nb2000	394	2	9e5b2dc50953735f
normal_dp0_dc1_ud1_nb2000	395	8	1d0cbac2855de629
normal_dp0_dc1_ud1_nb2000	396	25	0c090e08f9ff7667
normal_dp0_dc1_ud1_nb2000	397	70	29a19dec680f8796
normal_dp0_dc1_ud1_nb2000	398	181	091afda71e5ed182
normal_dp0_dc1_ud1_nb2000	399	5	db822238ba345a03
normal_dp0_dc0_ud0_nb0	0	2	fe3877f9123caf6f
normal_dp0_dc0_ud0_nb0	1	25	f895dece7a772bab
normal_dp0_dc0_ud0_nb0	2	185	cf867033af001c7f
normal_dp0_dc0_ud0_nb0	3	3	04752421978926ff
normal_dp0_dc0_ud0_nb0	4	64	a0ded37644b9daae
normal_dp0_dc0_ud0_nb0	5	5	0e2fd5c7671bbc23
normal_dp0_dc0_ud0_nb0	6	67	87fd6e24b6374980
normal_dp0_dc0_ud0_nb0	7	167	a14a045d8ccfd5eb
normal_dp0_dc0_ud0_nb0	8	164	95bdf46572e1fc90
normal_dp0_dc0_ud0_nb0	9	67	58910236bc7536c5
normal_dp0_dc0_ud0_nb0	10	65	8b6e672cdfeab96d
normal_dp0_dc0_ud0_nb0	11	71	b7570bffe931508c
normal_dp0_dc0_ud0_nb0	12	6	e25a0797ac94cbf4
normal_dp0_dc0_ud0_nb0	13	2	4fa0cf4bc5d18d38
normal_dp0_dc0_ud0_nb0	14	6	06cb917caa7530f2
normal_dp0_dc0_ud0_nb0	15	5	d3d9c8acac5507f9
normal_dp0_dc0_ud0_nb0	16	28	beef89536482c79b
normal_dp0_dc0_ud0_nb0	17	2	5420621e61e6b2de
normal_dp0_dc0_ud0_nb0	18	5	3d71f266a2e565b8
normal_dp0_dc0_ud0_nb0	19	3	5892385b1aec09f4
normal_dp0_dc0_ud0_nb0	20	60	277585a41347671e
normal_dp0_dc0_ud0_nb0	21	63	e1bb68e0ebed3e45
normal_dp0_dc0_ud0_nb0	22	2	b2b47f5335448eeb
normal_dp0_dc0_ud0_nb0	23	160	4661007755993d50
normal_dp0_dc0_ud0_nb0	24	2	4ee24f53fa50f5fb
normal_dp0_dc0_ud0_nb0	25	2	210c11ef7723c39c
normal_dp0_dc0_ud0_nb0	26	27	b54b18ad67c1e81f
normal_dp0_dc0_ud0_nb0	27	2	7a76b7ba3a15016d
normal_dp0_dc0_ud0_nb0	28	6	eb675bbe82f65a03
normal_dp0_dc0_ud0_nb0	29	2	0d2b0764438b4218
normal_dp0_dc0_ud0_nb0	30	5	69ec4105565c89a1
normal_dp0_dc0_ud0_nb0	31	2	115a740f9cd9a619
normal_dp0_dc0_ud0_nb0	32	161	ec68556c91a149f4
normal_dp0_dc0_ud0_nb0	33	3	fb073d01787c3389
normal_dp0_dc0_ud0_nb0	34	5	b5aca246e8c003fe
normal_dp0_dc0_ud0_nb0	35	165	d504e632896dabaf
normal_dp0_dc0_ud0_nb0	36	10	2be47a4d65d010cf
normal_dp0_dc0_ud0_nb0	37	84	22222c50138a1086
normal_dp0_dc0_ud0_nb0	38	22	72b27f15ef10a1bc
normal_dp0_dc0_ud0_nb0	39	163	1c5c41a50e6969de
normal_dp0_dc0_ud0_nb0	40	175	3b5d18d547e49958
normal_dp0_dc0_ud0_nb0	41	31	df4e0d5888ada439
normal_dp0_dc0_ud0_nb0	42	9	0a9712f00d2660bb
normal_dp0_dc0_ud0_nb0	43	2	d62bc83a3fc4ad67
normal_dp0_dc0_ud0_nb0	44	2	8946d53fe3b107ce
normal_dp0_dc0_ud0_nb0	45	10	2c77cd1587197a55
normal_dp0_dc0_ud0_nb0	46	24	f8be0763d51b363d
normal_dp0_dc0_ud0_nb0	47	76	562267c7ca3aa053
normal_dp0_dc0_ud0_nb0	48	10	08b4bf4392ca0976
normal_dp0_dc0_ud0_nb0	49	6	2ce67d3a0a7e82bc
normal_dp0_dc0_ud0_nb0	50	3	fd89f6049da2aafa
normal_dp0_dc0_ud0_nb0	51	34	4cfcd83513322589
normal_dp0_dc0_ud0_nb0	52	2	fd08e8dd823f631e
normal_dp0_dc0_ud0_nb0	53	8	cf618e5da383bd99
normal_dp0_dc0_ud0_nb0	54	4	90ac7107270a7322
normal_dp0_dc0_ud0_nb0	55	68	e4b34d909d0b6820
normal_dp0_dc0_ud0_nb0	56	10	425e69fb62177c9b
normal_dp0_dc0_ud0_nb0	57	2	d8c21a02c79c5d2f
normal_dp0_dc0_ud0_nb0	58	5	8f407593ca494b69
normal_dp0_dc0_ud0_nb0	59	29	c57d5de4d30f5127
normal_dp0_dc0_ud0_nb0	60	3	90e544c7aa820b5e
normal_dp0_dc0_ud0_nb0	61	2	50c0e5e565e77d9f
normal_dp0_dc0_ud0_nb0	62	3	490e58d435ecad3e
normal_dp0_dc0_ud0_nb0	63	23	cf5ba468d7487799
normal_dp0_dc0_ud0_nb0	64	65	acf80a78f014d082
normal_dp0_dc0_ud0_nb0	65	6	18374a0373c87375
normal_dp0_dc0_ud0_nb0	66	2	183418e639303309
normal_dp0_dc0_ud0_nb0	67	9	837b9fd685ada532
normal_dp0_dc0_ud0_nb0	68	8	8178a98c703434b1
normal_dp0_dc0_ud0_nb0	69	67	af9cb2b378843bc3
normal_dp0_dc0_ud0_nb0	70	6	47d8eac138ef74d0
normal_dp0_dc0_ud0_nb0	71	15	6b43b59646407b82
normal_dp0_dc0_ud0_nb0	72	26	0b4575cf519ae041
normal_dp0_dc0_ud0_nb0	73	63	2099472d287c32ac
normal_dp0_dc0_ud0_nb0	74	3	1fa1bda149e03db8
normal_dp0_dc0_ud0_nb0	75	3	27658063d81c7912
normal_dp0_dc0_ud0_nb0	76	71	bad27770225dce4f
normal_dp0_dc0_ud0_nb0	77	2	72f99e536ffd074b
normal_dp0_dc0_ud0_nb0	78	3	561e686feba94de6
normal_dp0_dc0_ud0_nb0	79	13	aaa4bd3ecf8f5640
normal_dp0_dc0_ud0_nb0	80	2	0fb37fca75143919
normal_dp0_dc0_ud0_nb0	81	9	1639b51d3ae74059
normal_dp0_dc0_ud0_nb0	82	168	1e3016892b721cb3
normal_dp0_dc0_ud0_nb0	83	6	f1015c348b042132
normal_dp0_dc0_ud0_nb0	84	3	98be6817fedd840d
normal_dp0_dc0_ud0_nb0	85	70	d33ad4a2dcbc0028
normal_dp0_dc0_ud0_nb0	86	9	c218be81f282ceb9
normal_dp0_dc0_ud0_nb0	87	24	78e7b4706f8707c2
normal_dp0_dc0_ud0_nb0	88	29	1d70f1dea01861e0
normal_dp0_dc0_ud0_nb0	89	168	1baa302de0415fce
normal_dp0_dc0_ud0_nb0	90	3	34f7b7a47589cbb8
normal_dp0_dc0_ud0_nb0	91	168	4966b01190fb1095
normal_dp0_dc0_ud0_nb0	92	5	90c2225b0e0d3f2c
normal_dp0_dc0_ud0_nb0	93	9	4f3ef11b2e70c9d3
normal_dp0_dc0_ud0_nb0	94	6	98a1472c66a9b589
normal_dp0_dc0_ud0_nb0	95	162	57a0837650a3f254
normal_dp0_dc0_ud0_nb0	96	71	e0317a05214f3cad
normal_dp0_dc0_ud0_nb0	97	6	d0f6ce909212a479
normal_dp0_dc0_ud0_nb0	98	5	3e9a59cbbb2debe0
normal_dp0_dc0_ud0_nb0	99	9	71b2b97da4b7f291
normal_dp0_dc0_ud0_nb0	100	7	494ba0be47081fb9
normal_dp0_dc0_ud0_nb0	101	2	3ff37d05d9e89fc7
normal_dp0_dc0_ud0_nb0	102	65	7f3879f5dc5bf150
normal_dp0_dc0_ud0_nb0	103	33	8d40a7fb247e5ba0
normal_dp0_dc0_ud0_nb0	104	2	548f1ccaebf16d95
normal_dp0_dc0_ud0_nb0	105	2	5e1645b8765c83f3
normal_dp0_dc0_ud0_nb0	106	29	5e1d1398ba82fe2e
normal_dp0_dc0_ud0_nb0	107	167	4b7af7e9e87193b1
normal_dp0_dc0_ud0_nb0	108	64	01abf6d03125fb69
normal_dp0_dc0_ud0_nb0	109	26	533ede7c1647a4e2
normal_dp0_dc0_ud0_nb0	110	6	eaa23448c06ebdc7
normal_dp0_dc0_ud0_nb0	111	3	01911c6ee2172564
normal_dp0_dc0_ud0_nb0	112	3	616126a74fbcf785
normal_dp0_dc0_ud0_nb0	113	2	60b1555914b64347
normal_dp0_dc0_ud0_nb0	114	154	465dfb6ae52e7e52
normal_dp0_dc0_ud0_nb0	115	3	de6fd2bd545408c7
normal_dp0_dc0_ud0_nb0	116	3	188df6e0b9010d74
normal_dp0_dc0_ud0_nb0	117	170	28a9d75aeda566be
normal_dp0_dc0_ud0_nb0	118	170	1369903f578fe047
normal_dp0_dc0_ud0_nb0	119	2	fa3b1b21769c99bc
normal_dp0_dc0_ud0_nb0	120	160	55d132ca1a02149c
normal_dp0_dc0_ud0_nb0	121	78	e42250cb782cc597
normal_dp0_dc0_ud0_nb0	122	178	b938adf9c2779afa
normal_dp0_dc0_ud0_nb0	123	2	737f3e1167508935
normal_dp0_dc0_ud0_nb0	124	65	cfdd1ac6fe10bf1a
normal_dp0_dc0_ud0_nb0	125	6	ee02dd66d95d2d06
normal_dp0_dc0_ud0_nb0	126	10	55bd907aef5e856d
normal_dp0_dc0_ud0_nb0	127	2	814dccc6d2006e69
normal_dp0_dc0_ud0_nb0	128	29	0980d24a38b38086
normal_dp0_dc0_ud0_nb0	129	70	44e11d55b79541df
normal_dp0_dc0_ud0_nb0	130	2	af2325e713679114
normal_dp0_dc0_ud0_nb0	131	164	2bb2a268bb2a6da5
normal_dp0_dc0_ud0_nb0	132	164	6b9fc0c5fef4fee2
normal_dp0_dc0_ud0_nb0	133	2	80af669c13559a46
normal_dp0_dc0_ud0_nb0	134	10	97ceea39277c0000
normal_dp0_dc0_ud0_nb0	135	2	785032ef26619839
normal_dp0_dc0_ud0_nb0	136	2	cff4c6b51ab8d1e1
normal_dp0_dc0_ud0_nb0	137	3	1dc709adf506815a
normal_dp0_dc0_ud0_nb0	138	168	15a702687c718edb
normal_dp0_dc0_ud0_nb0	139	162	fe9b01b59ebc0393
normal_dp0_dc0_ud0_nb0	140	5	d0eb69f59bc41631
normal_dp0_dc0_ud0_nb0	141	8	652decbde067615b
normal_dp0_dc0_ud0_nb0	142	9	73cf93aa8b725dec
normal_dp0_dc0_ud0_nb0	143	2	6ff6b8bc6619ae66
normal_dp0_dc0_ud0_nb0	144	9	c6bfbbaf8bebabad
normal_dp0_dc0_ud0_nb0	145	61	74b1cf40358c969b
normal_dp0_dc0_ud0_nb0	146	70	7c27f0ef3725dcf9
normal_dp0_dc0_ud0_nb0	147	18	212fe03f188d4dff
normal_dp0_dc0_ud0_nb0	148	24	373426e7392d3028
normal_dp0_dc0_ud0_nb0	149	2	0e7a7d4215ecf15a
normal_dp0_dc0_ud0_nb0	150	5	43684eed2bcb39aa
normal_dp0_dc0_ud0_nb0	151	7	8c24f002cdd8b0bc
normal_dp0_dc0_ud0_nb0	152	75	c587111175744038
normal_dp0_dc0_ud0_nb0	153	176	374d87e165ca7aeb
normal_dp0_dc0_ud0_nb0	154	2	60a2b5c9c2e0e62a
normal_dp0_dc0_ud0_nb0	155	65	acaddb21036137d8
normal_dp0_dc0_ud0_nb0	156	25	d9c1718dc745ed80
normal_dp0_dc0_ud0_nb0	157	3	6a36bc7972855e92
normal_dp0_dc0_ud0_nb0	158	5	8ce90f0f7bf36777
normal_dp0_dc0_ud0_nb0	159	64	aa1f12676daabb7f
normal_dp0_dc0_ud0_nb0	160	11	eb1e8546f2633505
normal_dp0_dc0_ud0_nb0	161	2	a1619a4837419d10
normal_dp0_dc0_ud0_nb0	162	162	6edcc9f179e98e69
normal_dp0_dc0_ud0_nb0	163	9	d9a987cafc69b052
normal_dp0_dc0_ud0_nb0	164	2	e08c08885d04564b
normal_dp0_dc0_ud0_nb0	165	3	5c538693c1431f4b
normal_dp0_dc0_ud0_nb0	166	182	a9840aea52e6ffd5
normal_dp0_dc0_ud0_nb0	167	68	ce7c043e516acc49
normal_dp0_dc0_ud0_nb0	168	2	7f186e27c595ab14
normal_dp0_dc0_ud0_nb0	169	11	a2e05d8dfbe435b9
normal_dp0_dc0_ud0_nb0	170	2	9a10e7aed7584972
normal_dp0_dc0_ud0_nb0	171	62	015e89e1388c8f74
normal_dp0_dc0_ud0_nb0	172	6	27e5f69c88e26f40
normal_dp0_dc0_ud0_nb0	173	8	c803a1bbd5e5d047
normal_dp0_dc0_ud0_nb0	174	26	ccf9e4da62109d18
normal_dp0_dc0_ud0_nb0	175	2	72c15ba8f0c9d153
normal_dp0_dc0_ud0_nb0	176	172	feb77f16fd7e74d8
normal_dp0_dc0_ud0_nb0	177	3	c218bc9ef317b912
normal_dp0_dc0_ud0_nb0	178	2	edb8b080a73ec176
normal_dp0_dc0_ud0_nb0	179	56	e80ac5b795d2df00
normal_dp0_dc0_ud0_nb0	180	160	743b4e764ef7574e
normal_dp0_dc0_ud0_nb0	181	70	e7d0816c661b397a
normal_dp0_dc0_ud0_nb0	182	6	b5bec723cdeb5f21
normal_dp0_dc0_ud0_nb0	183	2	f715da348003fd36
normal_dp0_dc0_ud0_nb0	184	10	17684c733aeb906a
normal_dp0_dc0_ud0_nb0	185	159	42f9407ef4ce727d
normal_dp0_dc0_ud0_nb0	186	2	f4c5fe0c958f3e6d
normal_dp0_dc0_ud0_nb0	187	63	29c8076c9efe032e
normal_dp0_dc0_ud0_nb0	188	6	095e851ce7fee1b7
normal_dp0_dc0_ud0_nb0	189	3	4275562cef33e65f
normal_dp0_dc0_ud0_nb0	190	3	01ea72aab73b6f2d
normal_dp0_dc0_ud0_nb0	191	176	ea84d17e08417dd6
normal_dp0_dc0_ud0_nb0	192	5	ae1a712b3ffd0260
normal_dp0_dc0_ud0_nb0	193	3	9d88783521a38ff1
normal_dp0_dc0_ud0_nb0	194	63	1a696484965afcf1
normal_dp0_dc0_ud0_nb0	195	60	34197bff4cf93940
normal_dp0_dc0_ud0_nb0	196	171	18b6234b4f713602
normal_dp0_dc0_ud0_nb0	197	11	2547b6a490f3ba28
normal_dp0_dc0_ud0_nb0	198	2	9ae12495235be9b1
normal_dp0_dc0_ud0_nb0	199	11	53a982c28c73c81c
normal_dp0_dc0_ud0_nb0	200	74	3751fd202ad599d5
normal_dp0_dc0_ud0_nb0	201	6	6af7fbc304f8b8b5
normal_dp0_dc0_ud0_nb0	202	3	9867b26f89bd75b4
normal_dp0_dc0_ud0_nb0	203	26	d950d6b3b4253622
normal_dp0_dc0_ud0_nb0	204	62	10e8c88782b1a3c8
normal_dp0_dc0_ud0_nb0	205	10	b10739592a1334cc
normal_dp0_dc0_ud0_nb0	206	180	247e4b06a12e05c9
normal_dp0_dc0_ud0_nb0	207	77	a5ab558e8ab7fc48
normal_dp0_dc0_ud0_nb0	208	59	9813ae91e3172fba
normal_dp0_dc0_ud0_nb0	209	2	7e406aca15207b29
normal_dp0_dc0_ud0_nb0	210	3	27aa91d89ced92ad
normal_dp0_dc0_ud0_nb0	211	11	61885b35806c0d03
normal_dp0_dc0_ud0_nb0	212	10	444c139ff47cb46c
normal_dp0_dc0_ud0_nb0	213	3	edd5359814ad33df
normal_dp0_dc0_ud0_nb0	214	23	f013cdc15f99bca8
normal_dp0_dc0_ud0_nb0	215	5	74ba7792595c3310
normal_dp0_dc0_ud0_nb0	216	69	eb10580a9bf11918
normal_dp0_dc0_ud0_nb0	217	7	0b07839a407a37a5
normal_dp0_dc0_ud0_nb0	218	8	87fc2988054c7275
normal_dp0_dc0_ud0_nb0	219	5	afc62d7020f46179
normal_dp0_dc0_ud0_nb0	220	25	80c6e3456046a750
normal_dp0_dc0_ud0_nb0	221	8	1e66083965185e02
normal_dp0_dc0_ud0_nb0	222	2	155847d504fd75bd
normal_dp0_dc0_ud0_nb0	223	3	dfc8d2c7aa545cda
normal_dp0_dc0_ud0_nb0	224	5	5c4804092e86054c
normal_dp0_dc0_ud0_nb0	225	2	2832a96cf84da5d8
normal_dp0_dc0_ud0_nb0	226	181	97de48d6b6ebb0a4
normal_dp0_dc0_ud0_nb0	227	2	bfb74ba3b9454e97
normal_dp0_dc0_ud0_nb0	228	30	125c4641d1faaca2
normal_dp0_dc0_ud0_nb0	229	4	00a3f85f65b1531d
normal_dp0_dc0_ud0_nb0	230	57	720545bc3e020f64
normal_dp0_dc0_ud0_nb0	231	6	b327776c5662a820
normal_dp0_dc0_ud0_nb0	232	3	5612032716e11f80
normal_dp0_dc0_ud0_nb0	233	29	4002ea50291af003
normal_dp0_dc0_ud0_nb0	234	3	93f59ad12e846f0f
normal_dp0_dc0_ud0_nb0	235	63	0e29b17295dd979d
normal_dp0_dc0_ud0_nb0	236	2	d481bfb675d614dd
normal_dp0_dc0_ud0_nb0	237	3	51749904d3065bf0
normal_dp0_dc0_ud0_nb0	238	30	a40641c9a1660f3d
normal_dp0_dc0_ud0_nb0	239	2	4b70e50b8edc6292
normal_dp0_dc0_ud0_nb0	240	6	b9b7ef9ad45d886d
normal_dp0_dc0_ud0_nb0	241	3	b2635722d8d798e2
normal_dp0_dc0_ud0_nb0	242	5	dcae176c8012b891
normal_dp0_dc0_ud0_nb0	243	28	9f935362945cbc09
normal_dp0_dc0_ud0_nb0	244	3	ec05ce6608dc3176
normal_dp0_dc0_ud0_nb0	245	26	bee196c220463511
normal_dp0_dc0_ud0_nb0	246	175	9c9f0e70857a72e6
normal_dp0_dc0_ud0_nb0	247	3	e0853c840dd1fdaf
normal_dp0_dc0_ud0_nb0	248	67	593321edf0fe32fb
normal_dp0_dc0_ud0_nb0	249	171	280d812f5e6ca9e8
normal_dp0_dc0_ud0_nb0	250	71	5301f31f05cb8abc
normal_dp0_dc0_ud0_nb0	251	68	0c768002d82de105
normal_dp0_dc0_ud0_nb0	252	9	9573efbba0b7e035
normal_dp0_dc0_ud0_nb0	253	5	68447a6baef27bb5
normal_dp0_dc0_ud0_nb0	254	7	23796885d75abc94
normal_dp0_dc0_ud0_nb0	255	64	3d13d5e7a9cb11b0
normal_dp0_dc0_ud0_nb0	256	2	551a63c2d76181f6
normal_dp0_dc0_ud0_nb0	257	11	7be012cedd4a7b9e
normal_dp0_dc0_ud0_nb0	258	77	29aaa7076129a14f
normal_dp0_dc0_ud0_nb0	259	27	f63d593afb2116a0
normal_dp0_dc0_ud0_nb0	260	2	adbb7c7175eb6e52
normal_dp0_dc0_ud0_nb0	261	2	f76307a603dd2a5d
normal_dp0_dc0_ud0_nb0	262	6	012bcced6fa5143c
normal_dp0_dc0_ud0_nb0	263	4	26ad5b1db2402826
normal_dp0_dc0_ud0_nb0	264	32	a00361935261b366
normal_dp0_dc0_ud0_nb0	265	3	9f8d916961924fb4
normal_dp0_dc0_ud0_nb0	266	5	1b0ff3783fc45349
normal_dp0_dc0_ud0_nb0	267	3	318574d728fb4773
normal_dp0_dc0_ud0_nb0	268	2	8d2a9efba4c33051
normal_dp0_dc0_ud0_nb0	269	66	9b7abd4fd4120ff3
normal_dp0_dc0_ud0_nb0	270	28	bd6825e43716288f
normal_dp0_dc0_ud0_nb0	271	161	cb7337949fd70ef2
normal_dp0_dc0_ud0_nb0	272	67	43f4d66293a50a57
normal_dp0_dc0_ud0_nb0	273	2	6f51285605f5b665
normal_dp0_dc0_ud0_nb0	274	31	f5015ad63afb8a25
normal_dp0_dc0_ud0_nb0	275	3	33846b194a9c5819
normal_dp0_dc0_ud0_nb0	276	167	46f279a9222f9ada
normal_dp0_dc0_ud0_nb0	277	9	3eb17629cd58a40a
normal_dp0_dc0_ud0_nb0	278	167	14e41d789a8f2d47
normal_dp0_dc0_ud0_nb0	279	29	420c26c233a40541
normal_dp0_dc0_ud0_nb0	280	3	20205e6f2da9609c
normal_dp0_dc0_ud0_nb0	281	3	62652c0a1c0a640d
normal_dp0_dc0_ud0_nb0	282	2	9a10022c0daaddb3
normal_dp0_dc0_ud0_nb0	283	30	5ae746c235dc4ab8
normal_dp0_dc0_ud0_nb0	284	6	1517db2fd2f8a36a
normal_dp0_dc0_ud0_nb0	285	15	c5e1c9d0dc12576e
normal_dp0_dc0_ud0_nb0	286	11	50cc5c7186fe2f57
normal_dp0_dc0_ud0_nb0	287	175	4fa6bb54953eabcd
normal_dp0_dc0_ud0_nb0	288	5	5908aefedc42ad88
normal_dp0_dc0_ud0_nb0	289	3	74c1046dd66082f6
normal_dp0_dc0_ud0_nb0	290	2	0f3051d3fcbf1a41
normal_dp0_dc0_ud0_nb0	291	169	7e3cfd4de9027a78
normal_dp0_dc0_ud0_nb0	292	3	97def42dec590a3f
normal_dp0_dc0_ud0_nb0	293	157	a24c75d7c4941d80
normal_dp0_dc0_ud0_nb0	294	70	b2000a282ac83bbe
normal_dp0_dc0_ud0_nb0	295	2	11246c95048adcd5
normal_dp0_dc0_ud0_nb0	296	163	daf258014d3c7d07
normal_dp0_dc0_ud0_nb0	297	174	c8c2116be751d2d2
normal_dp0_dc0_ud0_nb0	298	2	b4231c8b8bf14136
normal_dp0_dc0_ud0_nb0	299	3	17a5652bcb2e5c79
normal_dp0_dc0_ud0_nb0	300	6	b93a6252f4092a05
normal_dp0_dc0_ud0_nb0	301	65	80d20f9c7705a0e5
normal_dp0_dc0_ud0_nb0	302	9	df2ddd6318193891
normal_dp0_dc0_ud0_nb0	303	6	adb56fe1642e028b
normal_dp0_dc0_ud0_nb0	304	9	883b2d869787b773
normal_dp0_dc0_ud0_nb0	305	28	adb70a4261009e0e
normal_dp0_dc0_ud0_nb0	306	9	55d08a9e81a57ceb
normal_dp0_dc0_ud0_nb0	307	25	94bd6da21cc572d5
normal_dp0_dc0_ud0_nb0	308	158	0f994bec17fa320c
normal_dp0_dc0_ud0_nb0	309	2	49f285d1dbd9cded
normal_dp0_dc0_ud0_nb0	310	3	a19a9ddc616bc40b
normal_dp0_dc0_ud0_nb0	311	5	8d7b925db37adbff
normal_dp0_dc0_ud0_nb0	312	66	2cd4dcce32dbbfd2
normal_dp0_dc0_ud0_nb0	313	66	96a7ca79bde2ff95
normal_dp0_dc0_ud0_nb0	314	67	b3cd9fb3f0543885
normal_dp0_dc0_ud0_nb0	315	2	93bc5a015f549470
normal_dp0_dc0_ud0_nb0	316	171	3df51754a84a72f6
normal_dp0_dc0_ud0_nb0	317	6	be9404b2857e93a4
normal_dp0_dc0_ud0_nb0	318	3	0be369303603bc54
normal_dp0_dc0_ud0_nb0	319	165	3589af0dd08bb9c0
normal_dp0_dc0_ud0_nb0	320	29	29b81cd7ce3bfc84
normal_dp0_dc0_ud0_nb0	321	26	fe83fa67fbcd7ca0
normal_dp0_dc0_ud0_nb0	322	72	30e97fba9173bd34
normal_dp0_dc0_ud0_nb0	323	26	3cc54fa6066cb6df
normal_dp0_dc0_ud0_nb0	324	30	16b3a4994a657030
normal_dp0_dc0_ud0_nb0	325	9	1ead67206d92303e
normal_dp0_dc0_ud0_nb0	326	62	c9b5493d8261e74a
normal_dp0_dc0_ud0_nb0	327	3	d1fb661b574d678c
normal_dp0_dc0_ud0_nb0	328	9	b46f8687da127df1
normal_dp0_dc0_ud0_nb0	329	3	f08796570f531be3
normal_dp0_dc0_ud0_nb0	330	73	40ceda49227a1090
normal_dp0_dc0_ud0_nb0	331	2	e21106527266f843
normal_dp0_dc0_ud0_nb0	332	69	05ab259394bc7fd7
normal_dp0_dc0_ud0_nb0	333	69	afb16990cdd3c976
normal_dp0_dc0_ud0_nb0	334	159	7f3ebfaa427ab12f
normal_dp0_dc0_ud0_nb0	335	22	dadbe93372ea43a3
normal_dp0_dc0_ud0_nb0	336	64	2303bb364fcb0601
normal_dp0_dc0_ud0_nb0	337	11	d6a86da1f58bf20f
normal_dp0_dc0_ud0_nb0	338	72	77228adad3d0a208
normal_dp0_dc0_ud0_nb0	339	77	4ea6dd9aa4c001fc
normal_dp0_dc0_ud0_nb0	340	30	637e0e7c708f22e8
normal_dp0_dc0_ud0_nb0	341	3	6dc1fa2d9a40944f
normal_dp0_dc0_ud0_nb0	342	30	9e0c7e8cf32545f0
normal_dp0_dc0_ud0_nb0	343	185	bfa19c59f4e429f5
normal_dp0_dc0_ud0_nb0	344	8	471a20c75631bc5b
normal_dp0_dc0_ud0_nb0	345	27	b8f4d8ac214ec105
normal_dp0_dc0_ud0_nb0	346	67	5ad960fdfca2adb7
normal_dp0_dc0_ud0_nb0	347	3	210ba93123af0172
normal_dp0_dc0_ud0_nb0	348	6	7338d3ddd2815dc0
normal_dp0_dc0_ud0_nb0	349	26	d6cdcd67aa59aa20
normal_dp0_dc0_ud0_nb0	350	10	41eb0cc2c5f497f0
normal_dp0_dc0_ud0_nb0	351	6	8f1fbe3d0f72da7e
normal_dp0_dc0_ud0_nb0	352	2	ce1ab59737c30339
normal_dp0_dc0_ud0_nb0	353	28	bde3abe13e6d6d36
normal_dp0_dc0_ud0_nb0	354	3	dca680b22649204f
normal_dp0_dc0_ud0_nb0	355	3	a581d4f3412436ff
normal_dp0_dc0_ud0_nb0	356	2	b36dc3cace10b5a9
normal_dp0_dc0_ud0_nb0	357	21	254d1fb39d4fe4f7
normal_dp0_dc0_ud0_nb0	358	2	f9fa6bf430f95da3
normal_dp0_dc0_ud0_nb0	359	2	2528591461d93ca8
normal_dp0_dc0_ud0_nb0	360	9	b047d46e7267783a
normal_dp0_dc0_ud0_nb0	361	3	189a983f4ca98b7c
normal_dp0_dc0_ud0_nb0	362	71	98ba739af9d598d9
normal_dp0_dc0_ud0_nb0	363	156	4016852ff58e4744
normal_dp0_dc0_ud0_nb0	364	10	26e247b908cf5f37
normal_dp0_dc0_ud0_nb0	365	2	0acbb33a757090a6
normal_dp0_dc0_ud0_nb0	366	2	198c1f0846c5965f
normal_dp0_dc0_ud0_nb0	367	11	89e0706fc7636119
normal_dp0_dc0_ud0_nb0	368	2	13f24330619548ba
normal_dp0_dc0_ud0_nb0	369	26	b521feb873a5332d
normal_dp0_dc0_ud0_nb0	370	6	c2b6a6d77ac0c54c
normal_dp0_dc0_ud0_nb0	371	2	4cd07f8f33b23519
normal_dp0_dc0_ud0_nb0	372	4	aa2df6b92da370e0
normal_dp0_dc0_ud0_nb0	373	5	c45f4864686173b7
normal_dp0_dc0_ud0_nb0	374	68	2a5abcfcc8dd3286
normal_dp0_dc0_ud0_nb0	375	62	32a1541807fdc7ae
normal_dp0_dc0_ud0_nb0	376	10	c1b63108770f5738
normal_dp0_dc0_ud0_nb0	377	2	c417926d6aea0d9a
normal_dp0_dc0_ud0_nb0	378	5	4037e9b3fa834bdd
normal_dp0_dc0_ud0_nb0	379	11	8f28dcf2885617d0
normal_dp0_dc0_ud0_nb0	380	70	9aa3ecce44b018e8
normal_dp0_dc0_ud0_nb0	381	5	4d17118066878656
normal_dp0_dc0_ud0_nb0	382	2	ee235b847f480214
normal_dp0_dc0_ud0_nb0	383	3	ad5d12d2c70ba4e4
normal_dp0_dc0_ud0_nb0	384	2	17487eeaec684a5e
normal_dp0_dc0_ud0_nb0	385	2	60e9a85e50134bc4
normal_dp0_dc0_ud0_nb0	386	169	04cfa6c1516f8413
normal_dp0_dc0_ud0_nb0	387	10	ea1f642c9ded811c
normal_dp0_dc0_ud0_nb0	388	74	55b07353fca1271b
normal_dp0_dc0_ud0_nb0	389	57	a25f8f84c5a0b014
normal_dp0_dc0_ud0_nb0	390	10	d4a60f09b649bf3b
normal_dp0_dc0_ud0_nb0	391	10	28af2cef007ba47a
normal_dp0_dc0_ud0_nb0	392	23	3c8f3e817b9c13a5
normal_dp0_dc0_ud0_nb0	393	7	0ab9a0f8602eac2c
normal_dp0_dc0_ud0_nb0	394	2	9e5b2dc50953735f
normal_dp0_dc0_ud0_nb0	395	8	1d0cbac2855de629
normal_dp0_dc0_ud0_nb0	396	25	0c090e08f9ff7667
normal_dp0_dc0_ud0_nb0	397	70	29a19dec680f8796
normal_dp0_dc0_ud0_nb0	398	181	091afda71e5ed182
normal_dp0_dc0_ud0_nb0	399	5	db822238ba345a03
normal_dp0_dc0_ud0_nb2000	0	2	fe3877f9123caf6f
normal_dp0_dc0_ud0_nb2000	1	25	f895dece7a772bab
normal_dp0_dc0_ud0_nb2000	2	185	cf867033af001c7f
normal_dp0_dc0_ud0_nb2000	3	3	04752421978926ff
normal_dp0_dc0_ud0_nb2000	4	64	4bc630a693979da6
normal_dp0_dc0_ud0_nb2000	5	5	0e2fd5c7671bbc23
normal_dp0_dc0_ud0_nb2000	6	67	87fd6e24b6374980
normal_dp0_dc0_ud0_nb2000	7	167	a14a045d8ccfd5eb
normal_dp0_dc0_ud0_nb2000	8	164	95bdf46572e1fc90
normal_dp0_dc0_ud0_nb2000	9	67	58910236bc7536c5
normal_dp0_dc0_ud0_nb2000	10	65	8b6e672cdfeab96d
normal_dp0_dc0_ud0_nb2000	11	71	b7570bffe931508c
normal_dp0_dc0_ud0_nb2000	12	6	e25a0797ac94cbf4
normal_dp0_dc0_ud0_nb2000	13	2	4fa0cf4bc5d18d38
normal_dp0_dc0_ud0_nb2000	14	6	06cb917caa7530f2
normal_dp0_dc0_ud0_nb2000	15	5	d3d9c8acac5507f9
normal_dp0_dc0_ud0_nb2000	16	28	beef89536482c79b
normal_dp0_dc0_ud0_nb2000	17	2	5420621e61e6b2de
normal_dp0_dc0_ud0_nb2000	18	5	3d71f266a2e565b8
normal_dp0_dc0_ud0_nb2000	19	3	5892385b1aec09f4
normal_dp0_dc0_ud0_nb2000	20	60	277585a41347671e
normal_dp0_dc0_ud0_nb2000	21	63	e1bb68e0ebed3e45
normal_dp0_dc0_ud0_nb2000	22	2	b2b47f5335448eeb
normal_dp0_dc0_ud0_nb2000	23	160	4661007755993d50
normal_dp0_dc0_ud0_nb2000	24	2	4ee24f53fa50f5fb
normal_dp0_dc0_ud0_nb2000	25	2	210c11ef7723c39c
normal_dp0_dc0_ud0_nb2000	26	27	b54b18ad67c1e81f
normal_dp0_dc0_ud0_nb2000	27	2	7a76b7ba3a15016d
normal_dp0_dc0_ud0_nb2000	28	6	eb675bbe82f65a03
normal_dp0_dc0_ud0_nb2000	29	2	0d2b0764438b4218
normal_dp0_dc0_ud0_nb2000	30	5	69ec4105565c89a1
normal_dp0_dc0_ud0_nb2000	31	2	115a740f9cd9a619
normal_dp0_dc0_ud0_nb2000	32	161	ec68556c91a149f4
normal_dp0_dc0_ud0_nb2000	33	3	fb073d01787c3389
normal_dp0_dc0_ud0_nb2000	34	5	b5aca246e8c003fe
normal_dp0_dc0_ud0_nb2000	35	165	d504e632896dabaf
normal_dp0_dc0_ud0_nb2000	36	10	2be47a4d65d010cf
normal_dp0_dc0_ud0_nb2000	37	84	22222c50138a1086
normal_dp0_dc0_ud0_nb2000	38	22	72b27f15ef10a1bc
normal_dp0_dc0_ud0_nb2000	39	165	c8c53dddcff93352
normal_dp0_dc0_ud0_nb2000	40	175	3b5d18d547e49958
normal_dp0_dc0_ud0_nb2000	41	31	df4e0d5888ada439
normal_dp0_dc0_ud0_nb2000	42	9	0a9712f00d2660bb
normal_dp0_dc0_ud0_nb2000	43	2	d62bc83a3fc4ad67
normal_dp0_dc0_ud0_nb2000	44	2	8946d53fe3b107ce
normal_dp0_dc0_ud0_nb2000	45	10	2c77cd1587197a55
normal_dp0_dc0_ud0_nb2000	46	24	f8be0763d51b363d
normal_dp0_dc0_ud0_nb2000	47	76	562267c7ca3aa053
normal_dp0_dc0_ud0_nb2000	48	10	08b4bf4392ca0976
normal_dp0_dc0_ud0_nb2000	49	6	2ce67d3a0a7e82bc
normal_dp0_dc0_ud0_nb2000	50	3	fd89f6049da2aafa
normal_dp0_dc0_ud0_nb2000	51	34	4cfcd83513322589
normal_dp0_dc0_ud0_nb2000	52	2	fd08e8dd823f631e
normal_dp0_dc0_ud0_nb2000	53	8	cf618e5da383bd99
normal_dp0_dc0_ud0_nb2000	54	4	90ac7107270a7322
normal_dp0_dc0_ud0_nb2000	55	68	e4b34d909d0b6820
normal_dp0_dc0_ud0_nb2000	56	10	425e69fb62177c9b
normal_dp0_dc0_ud0_nb2000	57	2	d8c21a02c79c5d2f
normal_dp0_dc0_ud0_nb2000	58	5	8f407593ca494b69
normal_dp0_dc0_ud0_nb2000	59	29	c57d5de4d30f5127
normal_dp0_dc0_ud0_nb2000	60	3	90e544c7aa820b5e
normal_dp0_dc0_ud0_nb2000	61	2	50c0e5e565e77d9f
normal_dp0_dc0_ud0_nb2000	62	3	490e58d435ecad3e
normal_dp0_dc0_ud0_nb2000	63	23	cf5ba468d7487799
normal_dp0_dc0_ud0_nb2000	64	65	acf80a78f014d082
normal_dp0_dc0_ud0_nb2000	65	6	18374a0373c87375
normal_dp0_dc0_ud0_nb2000	66	2	183418e639303309
normal_dp0_dc0_ud0_nb2000	67	9	837b9fd685ada532
normal_dp0_dc0_ud0_nb2000	68	8	8178a98c703434b1
normal_dp0_dc0_ud0_nb2000	69	67	af9cb2b378843bc3
normal_dp0_dc0_ud0_nb2000	70	7	0167c411519f02aa
normal_dp0_dc0_ud0_nb2000	71	15	6b43b59646407b82
normal_dp0_dc0_ud0_nb2000	72	26	0b4575cf519ae041
normal_dp0_dc0_ud0_nb2000	73	63	2099472d287c32ac
normal_dp0_dc0_ud0_nb2000	74	3	1fa1bda149e03db8
normal_dp0_dc0_ud0_nb2000	75	3	27658063d81c7912
normal_dp0_dc0_ud0_nb2000	76	71	bad27770225dce4f
normal_dp0_dc0_ud0_nb2000	77	2	72f99e536ffd074b
normal_dp0_dc0_ud0_nb2000	78	3	561e686feba94de6
normal_dp0_dc0_ud0_nb2000	79	13	aaa4bd3ecf8f5640
normal_dp0_dc0_ud0_nb2000	80	2	0fb37fca75143919
normal_dp0_dc0_ud0_nb2000	81	9	1639b51d3ae74059
normal_dp0_dc0_ud0_nb2000	82	169	089facc6b96ce207
normal_dp0_dc0_ud0_nb2000	83	6	f1015c348b042132
normal_dp0_dc0_ud0_nb2000	84	3	98be6817fedd840d
normal_dp0_dc0_ud0_nb2000	85	70	d33ad4a2dcbc0028
normal_dp0_dc0_ud0_nb2000	86	9	c218be81f282ceb9
normal_dp0_dc0_ud0_nb2000	87	24	78e7b4706f8707c2
normal_dp0_dc0_ud0_nb2000	88	29	1d70f1dea01861e0
normal_dp0_dc0_ud0_nb2000	89	168	1baa302de0415fce
normal_dp0_dc0_ud0_nb2000	90	3	34f7b7a47589cbb8
normal_dp0_dc0_ud0_nb2000	91	168	4966b01190fb1095
normal_dp0_dc0_ud0_nb2000	92	5	90c2225b0e0d3f2c
normal_dp0_dc0_ud0_nb2000	93	9	4f3ef11b2e70c9d3
normal_dp0_dc0_ud0_nb2000	94	6	98a1472c66a9b589
normal_dp0_dc0_ud0_nb2000	95	162	57a0837650a3f254
normal_dp0_dc0_ud0_nb2000	96	71	e0317a05214f3cad
normal_dp0_dc0_ud0_nb2000	97	6	d0f6ce909212a479
normal_dp0_dc0_ud0_nb2000	98	5	3e9a59cbbb2debe0
normal_dp0_dc0_ud0_nb2000	99	9	71b2b97da4b7f291
normal_dp0_dc0_ud0_nb2000	100	7	494ba0be47081fb9
normal_dp0_dc0_ud0_nb2000	101	2	3ff37d05d9e89fc7
normal_dp0_dc0_ud0_nb2000	102	65	7f3879f5dc5bf150
normal_dp0_dc0_ud0_nb2000	103	33	8d40a7fb247e5ba0
normal_dp0_dc0_ud0_nb2000	104	2	548f1ccaebf16d95
normal_dp0_dc0_ud0_nb2000	105	2	5e1645b8765c83f3
normal_dp0_dc0_ud0_nb2000	106	29	5e1d1398ba82fe2e
normal_dp0_dc0_ud0_nb2000	107	167	4b7af7e9e87193b1
normal_dp0_dc0_ud0_nb2000	108	64	01abf6d03125fb69
normal_dp0_dc0_ud0_nb2000	109	26	533ede7c1647a4e2
normal_dp0_dc0_ud0_nb2000	110	6	eaa23448c06ebdc7
normal_dp0_dc0_ud0_nb2000	111	3	01911c6ee2172564
normal_dp0_dc0_ud0_nb2000	112	3	616126a74fbcf785
normal_dp0_dc0_ud0_nb2000	113	2	60b1555914b64347
normal_dp0_dc0_ud0_nb2000	114	154	465dfb6ae52e7e52
normal_dp0_dc0_ud0_nb2000	115	3	de6fd2bd545408c7
normal_dp0_dc0_ud0_nb2000	116	3	188df6e0b9010d74
normal_dp0_dc0_ud0_nb2000	117	170	28a9d75aeda566be
normal_dp0_dc0_ud0_nb2000	118	170	1369903f578fe047
normal_dp0_dc0_ud0_nb2000	119	2	fa3b1b21769c99bc
normal_dp0_dc0_ud0_nb2000	120	160	55d132ca1a02149c
normal_dp0_dc0_ud0_nb2000	121	78	e42250cb782cc597
normal_dp0_dc0_ud0_nb2000	122	178	b938adf9c2779afa
normal_dp0_dc0_ud0_nb2000	123	2	737f3e1167508935
normal_dp0_dc0_ud0_nb2000	124	65	cfdd1ac6fe10bf1a
normal_dp0_dc0_ud0_nb2000	125	6	ee02dd66d95d2d06
normal_dp0_dc0_ud0_nb2000	126	10	55bd907aef5e856d
normal_dp0_dc0_ud0_nb2000	127	2	814dccc6d2006e69
normal_dp0_dc0_ud0_nb2000	128	29	0980d24a38b38086
normal_dp0_dc0_ud0_nb2000	129	70	44e11d55b79541df
normal_dp0_dc0_ud0_nb2000	130	2	af2325e713679114
normal_dp0_dc0_ud0_nb2000	131	164	2bb2a268bb2a6da5
normal_dp0_dc0_ud0_nb2000	132	165	436efba690f7d487
normal_dp0_dc0_ud0_nb2000	133	2	80af669c13559a46
normal_dp0_dc0_ud0_nb2000	134	10	97ceea39277c0000
normal_dp0_dc0_ud0_nb2000	135	2	785032ef26619839
normal_dp0_dc0_ud0_nb2000	136	2	cff4c6b51ab8d1e1
normal_dp0_dc0_ud0_nb2000	137	3	1dc709adf506815a
normal_dp0_dc0_ud0_nb2000	138	168	15a702687c718edb
normal_dp0_dc0_ud0_nb2000	139	162	fe9b01b59ebc0393
normal_dp0_dc0_ud0_nb2000	140	5	d0eb69f59bc41631
normal_dp0_dc0_ud0_nb2000	141	8	652decbde067615b
normal_dp0_dc0_ud0_nb2000	142	9	73cf93aa8b725dec
normal_dp0_dc0_ud0_nb2000	143	2	6ff6b8bc6619ae66
normal_dp0_dc0_ud0_nb2000	144	9	c6bfbbaf8bebabad
normal_dp0_dc0_ud0_nb2000	145	61	74b1cf40358c969b
normal_dp0_dc0_ud0_nb2000	146	70	7c27f0ef3725dcf9
normal_dp0_dc0_ud0_nb2000	147	18	212fe03f188d4dff
normal_dp0_dc0_ud0_nb2000	148	24	373426e7392d3028
normal_dp0_dc0_ud0_nb2000	149	2	0e7a7d4215ecf15a
normal_dp0_dc0_ud0_nb2000	150	5	43684eed2bcb39aa
normal_dp0_dc0_ud0_nb2000	151	7	8c24f002cdd8b0bc
normal_dp0_dc0_ud0_nb2000	152	76	902c2f8e54a0924f
normal_dp0_dc0_ud0_nb2000	153	176	374d87e165ca7aeb
normal_dp0_dc0_ud0_nb2000	154	2	60a2b5c9c2e0e62a
normal_dp0_dc0_ud0_nb2000	155	65	acaddb21036137d8
normal_dp0_dc0_ud0_nb2000	156	25	d9c1718dc745ed80
normal_dp0_dc0_ud0_nb2000	157	3	6a36bc7972855e92
normal_dp0_dc0_ud0_nb2000	158	5	8ce90f0f7bf36777
normal_dp0_dc0_ud0_nb2000	159	64	aa1f12676daabb7f
normal_dp0_dc0_ud0_nb2000	160	11	eb1e8546f2633505
normal_dp0_dc0_ud0_nb2000	161	2	a1619a4837419d10
normal_dp0_dc0_ud0_nb2000	162	162	6edcc9f179e98e69
normal_dp0_dc0_ud0_nb2000	163	9	d9a987cafc69b052
normal_dp0_dc0_ud0_nb2000	164	2	e08c08885d04564b
normal_dp0_dc0_ud0_nb2000	165	3	5c538693c1431f4b
normal_dp0_dc0_ud0_nb2000	166	182	a9840aea52e6ffd5
normal_dp0_dc0_ud0_nb2000	167	68	ce7c043e516acc49
normal_dp0_dc0_ud0_nb2000	168	2	7f186e27c595ab14
normal_dp0_dc0_ud0_nb2000	169	11	a2e05d8dfbe435b9
normal_dp0_dc0_ud0_nb2000	170	2	9a10e7aed7584972
normal_dp0_dc0_ud0_nb2000	171	63	7f3a33ccac038c1c
normal_dp0_dc0_ud0_nb2000	172	6	27e5f69c88e26f40
normal_dp0_dc0_ud0_nb2000	173	8	c803a1bbd5e5d047
normal_dp0_dc0_ud0_nb2000	174	26	ccf9e4da62109d18
normal_dp0_dc0_ud0_nb2000	175	2	72c15ba8f0c9d153
normal_dp0_dc0_ud0_nb2000	176	172	feb77f16fd7e74d8
normal_dp0_dc0_ud0_nb2000	177	3	c218bc9ef317b912
normal_dp0_dc0_ud0_nb2000	178	2	edb8b080a73ec176
normal_dp0_dc0_ud0_nb2000	179	56	e80ac5b795d2df00
normal_dp0_dc0_ud0_nb2000	180	160	743b4e764ef7574e
normal_dp0_dc0_ud0_nb2000	181	70	e7d0816c661b397a
normal_dp0_dc0_ud0_nb2000	182	6	b5bec723cdeb5f21
normal_dp0_dc0_ud0_nb2000	183	2	f715da348003fd36
normal_dp0_dc0_ud0_nb2000	184	10	17684c733aeb906a
normal_dp0_dc0_ud0_nb2000	185	159	42f9407ef4ce727d
normal_dp0_dc0_ud0_nb2000	186	2	f4c5fe0c958f3e6d
normal_dp0_dc0_ud0_nb2000	187	63	29c8076c9efe032e
normal_dp0_dc0_ud0_nb2000	188	6	095e851ce7fee1b7
normal_dp0_dc0_ud0_nb2000	189	3	4275562cef33e65f
normal_dp0_dc0_ud0_nb2000	190	3	01ea72aab73b6f2d
normal_dp0_dc0_ud0_nb2000	191	176	ea84d17e08417dd6
normal_dp0_dc0_ud0_nb2000	192	5	ae1a712b3ffd0260
normal_dp0_dc0_ud0_nb2000	193	3	9d88783521a38ff1
normal_dp0_dc0_ud0_nb2000	194	63	1a696484965afcf1
normal_dp0_dc0_ud0_nb2000	195	60	34197bff4cf93940
normal_dp0_dc0_ud0_nb2000	196	172	16425693d3c1a24d
normal_dp0_dc0_ud0_nb2000	197	11	2547b6a490f3ba28
normal_dp0_dc0_ud0_nb2000	198	2	9ae12495235be9b1
normal_dp0_dc0_ud0_nb2000	199	11	53a982c28c73c81c
normal_dp0_dc0_ud0_nb2000	200	74	3751fd202ad599d5
normal_dp0_dc0_ud0_nb2000	201	6	6af7fbc304f8b8b5
normal_dp0_dc0_ud0_nb2000	202	3	9867b26f89bd75b4
normal_dp0_dc0_ud0_nb2000	203	26	d950d6b3b4253622
normal_dp0_dc0_ud0_nb2000	204	62	10e8c88782b1a3c8
normal_dp0_dc0_ud0_nb2000	205	10	b10739592a1334cc
normal_dp0_dc0_ud0_nb2000	206	180	247e4b06a12e05c9
normal_dp0_dc0_ud0_nb2000	207	77	a5ab558e8ab7fc48
normal_dp0_dc0_ud0_nb2000	208	59	9813ae91e3172fba
normal_dp0_dc0_ud0_nb2000	209	2	7e406aca15207b29
normal_dp0_dc0_ud0_nb2000	210	3	27aa91d89ced92ad
normal_dp0_dc0_ud0_nb2000	211	11	61885b35806c0d03
normal_dp0_dc0_ud0_nb2000	212	10	444c139ff47cb46c
normal_dp0_dc0_ud0_nb2000	213	3	edd5359814ad33df
normal_dp0_dc0_ud0_nb2000	214	23	f013cdc15f99bca8
normal_dp0_dc0_ud0_nb2000	215	5	74ba7792595c3310
normal_dp0_dc0_ud0_nb2000	216	69	eb10580a9bf11918
normal_dp0_dc0_ud0_nb2000	217	7	0b07839a407a37a5
normal_dp0_dc0_ud0_nb2000	218	8	87fc2988054c7275
normal_dp0_dc0_ud0_nb2000	219	5	afc62d7020f46179
normal_dp0_dc0_ud0_nb2000	220	25	80c6e3456046a750
normal_dp0_dc0_ud0_nb2000	221	8	1e66083965185e02
normal_dp0_dc0_ud0_nb2000	222	2	155847d504fd75bd
normal_dp0_dc0_ud0_nb2000	223	3	dfc8d2c7aa545cda
normal_dp0_dc0_ud0_nb2000	224	5	5c4804092e86054c
normal_dp0_dc0_ud0_nb2000	225	2	2832a96cf84da5d8
normal_dp0_dc0_ud0_nb2000	226	181	97de48d6b6ebb0a4
normal_dp0_dc0_ud0_nb2000	227	2	bfb74ba3b9454e97
normal_dp0_dc0_ud0_nb2000	228	30	125c4641d1faaca2
normal_dp0_dc0_ud0_nb2000	229	4	00a3f85f65b1531d
normal_dp0_dc0_ud0_nb2000	230	57	720545bc3e020f64
normal_dp0_dc0_ud0_nb2000	231	6	b327776c5662a820
normal_dp0_dc0_ud0_nb2000	232	3	5612032716e11f80
normal_dp0_dc0_ud0_nb2000	233	29	4002ea50291af003
normal_dp0_dc0_ud0_nb2000	234	3	93f59ad12e846f0f
normal_dp0_dc0_ud0_nb2000	235	63	0e29b17295dd979d
normal_dp0_dc0_ud0_nb2000	236	2	d481bfb675d614dd
normal_dp0_dc0_ud0_nb2000	237	3	51749904d3065bf0
normal_dp0_dc0_ud0_nb2000	238	30	a40641c9a1660f3d
normal_dp0_dc0_ud0_nb2000	239	2	4b70e50b8edc6292
normal_dp0_dc0_ud0_nb2000	240	6	b9b7ef9ad45d886d
normal_dp0_dc0_ud0_nb2000	241	3	b2635722d8d798e2
normal_dp0_dc0_ud0_nb2000	242	5	dcae176c8012b891
normal_dp0_dc0_ud0_nb2000	243	28	9f935362945cbc09
normal_dp0_dc0_ud0_nb2000	244	3	ec05ce6608dc3176
normal_dp0_dc0_ud0_nb2000	245	26	bee196c220463511
normal_dp0_dc0_ud0_nb2000	246	175	9c9f0e70857a72e6
normal_dp0_dc0_ud0_nb2000	247	3	e0853c840dd1fdaf
normal_dp0_dc0_ud0_nb2000	248	67	593321edf0fe32fb
normal_dp0_dc0_ud0_nb2000	249	171	280d812f5e6ca9e8
normal_dp0_dc0_ud0_nb2000	250	71	5301f31f05cb8abc
normal_dp0_dc0_ud0_nb2000	251	68	0c768002d82de105
normal_dp0_dc0_ud0_nb2000	252	9	9573efbba0b7e035
normal_dp0_dc0_ud0_nb2000	253	5	68447a6baef27bb5
normal_dp0_dc0_ud0_nb2000	254	7	23796885d75abc94
normal_dp0_dc0_ud0_nb2000	255	64	3d13d5e7a9cb11b0
normal_dp0_dc0_ud0_nb2000	256	2	551a63c2d76181f6
normal_dp0_dc0_ud0_nb2000	257	11	7be012cedd4a7b9e
normal_dp0_dc0_ud0_nb2000	258	77	29aaa7076129a14f
normal_dp0_dc0_ud0_nb2000	259	27	f63d593afb2116a0
normal_dp0_dc0_ud0_nb2000	260	2	adbb7c7175eb6e52
normal_dp0_dc0_ud0_nb2000	261	2	f76307a603dd2a5d
normal_dp0_dc0_ud0_nb2000	262	6	012bcced6fa5143c
normal_dp0_dc0_ud0_nb2000	263	4	26ad5b1db2402826
normal_dp0_dc0_ud0_nb2000	264	32	a00361935261b366
normal_dp0_dc0_ud0_nb2000	265	3	9f8d916961924fb4
normal_dp0_dc0_ud0_nb2000	266	5	1b0ff3783fc45349
normal_dp0_dc0_ud0_nb2000	267	3	318574d728fb4773
normal_dp0_dc0_ud0_nb2000	268	2	8d2a9efba4c33051
normal_dp0_dc0_ud0_nb2000	269	66	9b7abd4fd4120ff3
normal_dp0_dc0_ud0_nb2000	270	28	bd6825e43716288f
normal_dp0_dc0_ud0_nb2000	271	161	cb7337949fd70ef2
normal_dp0_dc0_ud0_nb2000	272	67	43f4d66293a50a57
normal_dp0_dc0_ud0_nb2000	273	2	6f51285605f5b665
normal_dp0_dc0_ud0_nb2000	274	31	f5015ad63afb8a25
normal_dp0_dc0_ud0_nb2000	275	3	33846b194a9c5819
normal_dp0_dc0_ud0_nb2000	276	167	46f279a9222f9ada
normal_dp0_dc0_ud0_nb2000	277	9	3eb17629cd58a40a
normal_dp0_dc0_ud0_nb2000	278	167	14e41d789a8f2d47
normal_dp0_dc0_ud0_nb2000	279	29	420c26c233a40541
normal_dp0_dc0_ud0_nb2000	280	3	20205e6f2da9609c
normal_dp0_dc0_ud0_nb2000	281	3	62652c0a1c0a640d
normal_dp0_dc0_ud0_nb2000	282	2	9a10022c0daaddb3
normal_dp0_dc0_ud0_nb2000	283	30	5ae746c235dc4ab8
normal_dp0_dc0_ud0_nb2000	284	6	1517db2fd2f8a36a
normal_dp0_dc0_ud0_nb2000	285	15	c5e1c9d0dc12576e
normal_dp0_dc0_ud0_nb2000	286	11	50cc5c7186fe2f57
normal_dp0_dc0_ud0_nb2000	287	175	4fa6bb54953eabcd
normal_dp0_dc0_ud0_nb2000	288	5	5908aefedc42ad88
normal_dp0_dc0_ud0_nb2000	289	3	74c1046dd66082f6
normal_dp0_dc0_ud0_nb2000	290	2	0f3051d3fcbf1a41
normal_dp0_dc0_ud0_nb2000	291	169	7e3cfd4de9027a78
normal_dp0_dc0_ud0_nb2000	292	3	97def42dec590a3f
normal_dp0_dc0_ud0_nb2000	293	157	a24c75d7c4941d80
normal_dp0_dc0_ud0_nb2000	294	70	b2000a282ac83bbe
normal_dp0_dc0_ud0_nb2000	295	2	11246c95048adcd5
normal_dp0_dc0_ud0_nb2000	296	163	daf258014d3c7d07
normal_dp0_dc0_ud0_nb2000	297	174	d4ee03ff98a4f94e
normal_dp0_dc0_ud0_nb2000	298	2	b4231c8b8bf14136
normal_dp0_dc0_ud0_nb2000	299	3	17a5652bcb2e5c79
normal_dp0_dc0_ud0_nb2000	300	6	b93a6252f4092a05
normal_dp0_dc0_ud0_nb2000	301	65	80d20f9c7705a0e5
normal_dp0_dc0_ud0_nb2000	302	9	df2ddd6318193891
normal_dp0_dc0_ud0_nb2000	303	6	adb56fe1642e028b
normal_dp0_dc0_ud0_nb2000	304	9	883b2d869787b773
normal_dp0_dc0_ud0_nb2000	305	28	adb70a4261009e0e
normal_dp0_dc0_ud0_nb2000	306	9	55d08a9e81a57ceb
normal_dp0_dc0_ud0_nb2000	307	25	94bd6da21cc572d5
normal_dp0_dc0_ud0_nb2000	308	160	f840bc8769f8e4ea
normal_dp0_dc0_ud0_nb2000	309	2	49f285d1dbd9cded
normal_dp0_dc0_ud0_nb2000	310	3	a19a9ddc616bc40b
normal_dp0_dc0_ud0_nb2000	311	5	8d7b925db37adbff
normal_dp0_dc0_ud0_nb2000	312	66	2cd4dcce32dbbfd2
normal_dp0_dc0_ud0_nb2000	313	66	96a7ca79bde2ff95
normal_dp0_dc0_ud0_nb2000	314	67	b3cd9fb3f0543885
normal_dp0_dc0_ud0_nb2000	315	2	93bc5a015f549470
normal_dp0_dc0_ud0_nb2000	316	171	3612ac13ba962342
normal_dp0_dc0_ud0_nb2000	317	6	be9404b2857e93a4
normal_dp0_dc0_ud0_nb2000	318	3	0be369303603bc54
normal_dp0_dc0_ud0_nb2000	319	165	3589af0dd08bb9c0
normal_dp0_dc0_ud0_nb2000	320	29	29b81cd7ce3bfc84
normal_dp0_dc0_ud0_nb2000	321	26	fe83fa67fbcd7ca0
normal_dp0_dc0_ud0_nb2000	322	72	30e97fba9173bd34
normal_dp0_dc0_ud0_nb2000	323	26	3cc54fa6066cb6df
normal_dp0_dc0_ud0_nb2000	324	30	16b3a4994a657030
normal_dp0_dc0_ud0_nb2000	325	9	1ead67206d92303e
normal_dp0_dc0_ud0_nb2000	326	62	c9b5493d8261e74a
normal_dp0_dc0_ud0_nb2000	327	3	d1fb661b574d678c
normal_dp0_dc0_ud0_nb2000	328	9	b46f8687da127df1
normal_dp0_dc0_ud0_nb2000	329	3	f08796570f531be3
normal_dp0_dc0_ud0_nb2000	330	73	40ceda49227a1090
normal_dp0_dc0_ud0_nb2000	331	2	e21106527266f843
normal_dp0_dc0_ud0_nb2000	332	69	05ab259394bc7fd7
normal_dp0_dc0_ud0_nb2000	333	69	afb16990cdd3c976
normal_dp0_dc0_ud0_nb2000	334	159	7f3ebfaa427ab12f
normal_dp0_dc0_ud0_nb2000	335	22	dadbe93372ea43a3
normal_dp0_dc0_ud0_nb2000	336	64	2303bb364fcb0601
normal_dp0_dc0_ud0_nb2000	337	11	d6a86da1f58bf20f
normal_dp0_dc0_ud0_nb2000	338	72	77228adad3d0a208
normal_dp0_dc0_ud0_nb2000	339	79	64bfc91f33d68d25
normal_dp0_dc0_ud0_nb2000	340	30	637e0e7c708f22e8
normal_dp0_dc0_ud0_nb2000	341	3	6dc1fa2d9a40944f
normal_dp0_dc0_ud0_nb2000	342	30	9e0c7e8cf32545f0
normal_dp0_dc0_ud0_nb2000	343	186	0bfb306d035c70b5
normal_dp0_dc0_ud0_nb2000	344	8	471a20c75631bc5b
normal_dp0_dc0_ud0_nb2000	345	27	b8f4d8ac214ec105
normal_dp0_dc0_ud0_nb2000	346	67	5ad960fdfca2adb7
normal_dp0_dc0_ud0_nb2000	347	3	210ba93123af0172
normal_dp0_dc0_ud0_nb2000	348	6	7338d3ddd2815dc0
normal_dp0_dc0_ud0_nb2000	349	26	d6cdcd67aa59aa20
normal_dp0_dc0_ud0_nb2000	350	10	41eb0cc2c5f497f0
normal_dp0_dc0_ud0_nb2000	351	6	8f1fbe3d0f72da7e
normal_dp0_dc0_ud0_nb2000	352	2	ce1ab59737c30339
normal_dp0_dc0_ud0_nb2000	353	28	bde3abe13e6d6d36
normal_dp0_dc0_ud0_nb2000	354	3	dca680b22649204f
normal_dp0_dc0_ud0_nb2000	355	3	a581d4f3412436ff
normal_dp0_dc0_ud0_nb2000	356	2	b36dc3cace10b5a9
normal_dp0_dc0_ud0_nb2000	357	21	254d1fb39d4fe4f7
normal_dp0_dc0_ud0_nb2000	358	2	f9fa6bf430f95da3
normal_dp0_dc0_ud0_nb2000	359	2	2528591461d93ca8
normal_dp0_dc0_ud0_nb2000	360	9	b047d46e7267783a
normal_dp0_dc0_ud0_nb2000	361	3	189a983f4ca98b7c
normal_dp0_dc0_ud0_nb2000	362	72	21d0b79c7782190a
normal_dp0_dc0_ud0_nb2000	363	156	4016852ff58e4744
normal_dp0_dc0_ud0_nb2000	364	10	26e247b908cf5f37
normal_dp0_dc0_ud0_nb2000	365	2	0acbb33a757090a6
normal_dp0_dc0_ud0_nb2000	366	2	198c1f0846c5965f
normal_dp0_dc0_ud0_nb2000	367	11	89e0706fc7636119
normal_dp0_dc0_ud0_nb2000	368	2	13f24330619548ba
normal_dp0_dc0_ud0_nb2000	369	26	b521feb873a5332d
normal_dp0_dc0_ud0_nb2000	370	6	c2b6a6d77ac0c54c
normal_dp0_dc0_ud0_nb2000	371	2	4cd07f8f33b23519
normal_dp0_dc0_ud0_nb2000	372	4	aa2df6b92da370e0
normal_dp0_dc0_ud0_nb2000	373	5	c45f4864686173b7
normal_dp0_dc0_ud0_nb2000	374	68	2a5abcfcc8dd3286
normal_dp0_dc0_ud0_nb2000	375	62	32a1541807fdc7ae
normal_dp0_dc0_ud0_nb2000	376	10	c1b63108770f5738
normal_dp0_dc0_ud0_nb2000	377	2	c417926d6aea0d9a
normal_dp0_dc0_ud0_nb2000	378	5	4037e9b3fa834bdd
normal_dp0_dc0_ud0_nb2000	379	11	8f28dcf2885617d0
normal_dp0_dc0_ud0_nb2000	380	70	9aa3ecce44b018e8
normal_dp0_dc0_ud0_nb2000	381	5	4d17118066878656
normal_dp0_dc0_ud0_nb2000	382	2	ee235b847f480214
normal_dp0_dc0_ud0_nb2000	383	3	ad5d12d2c70ba4e4
normal_dp0_dc0_ud0_nb2000	384	2	17487eeaec684a5e
normal_dp0_dc0_ud0_nb2000	385	2	60e9a85e50134bc4
normal_dp0_dc0_ud0_nb2000	386	169	04cfa6c1516f8413
normal_dp0_dc0_ud0_nb2000	387	10	ea1f642c9ded811c
normal_dp0_dc0_ud0_nb2000	388	74	55b07353fca1271b
normal_dp0_dc0_ud0_nb2000	389	57	a25f8f84c5a0b014
normal_dp0_dc0_ud0_nb2000	390	10	d4a60f09b649bf3b
normal_dp0_dc0_ud0_nb2000	391	10	28af2cef007ba47a
normal_dp0_dc0_ud0_nb2000	392	23	3c8f3e817b9c13a5
normal_dp0_dc0_ud0_nb2000	393	7	0ab9a0f8602eac2c
normal_dp0_dc0_ud0_nb2000	394	2	9e5b2dc50953735f
normal_dp0_dc0_ud0_nb2000	395	8	1d0cbac2855de629
normal_dp0_dc0_ud0_nb2000	396	25	0c090e08f9ff7667
normal_dp0_dc0_ud0_nb2000	397	70	29a19dec680f8796
normal_dp0_dc0_ud0_nb2000	398	181	091afda71e5ed182
normal_dp0_dc0_ud0_nb2000	399	5	db822238ba345a03
normal_dp0_dc0_ud1_nb0	0	2	fe3877f9123caf6f
normal_dp0_dc0_ud1_nb0	1	25	f895dece7a772bab
normal_dp0_dc0_ud1_nb0	2	187	03faba7fe5484c5a
normal_dp0_dc0_ud1_nb0	3	3	04752421978926ff
normal_dp0_dc0_ud1_nb0	4	64	a0ded37644b9daae
normal_dp0_dc0_ud1_nb0	5	5	0e2fd5c7671bbc23
normal_dp0_dc0_ud1_nb0	6	67	87fd6e24b6374980
normal_dp0_dc0_ud1_nb0	7	177	86c5df292d5ff456
normal_dp0_dc0_ud1_nb0	8	164	95bdf46572e1fc90
normal_dp0_dc0_ud1_nb0	9	67	58910236bc7536c5
normal_dp0_dc0_ud1_nb0	10	65	8b6e672cdfeab96d
normal_dp0_dc0_ud1_nb0	11	71	b7570bffe931508c
normal_dp0_dc0_ud1_nb0	12	6	e25a0797ac94cbf4
normal_dp0_dc0_ud1_nb0	13	2	4fa0cf4bc5d18d38
normal_dp0_dc0_ud1_nb0	14	6	06cb917caa7530f2
normal_dp0_dc0_ud1_nb0	15	5	d3d9c8acac5507f9
normal_dp0_dc0_ud1_nb0	16	30	d0a3392d70f969ba
normal_dp0_dc0_ud1_nb0	17	2	5420621e61e6b2de
normal_dp0_dc0_ud1_nb0	18	5	3d71f266a2e565b8
normal_dp0_dc0_ud1_nb0	19	3	5892385b1aec09f4
normal_dp0_dc0_ud1_nb0	20	60	277585a41347671e
normal_dp0_dc0_ud1_nb0	21	65	d20571fa9bf2d166
normal_dp0_dc0_ud1_nb0	22	2	b2b47f5335448eeb
normal_dp0_dc0_ud1_nb0	23	160	4661007755993d50
normal_dp0_dc0_ud1_nb0	24	2	4ee24f53fa50f5fb
normal_dp0_dc0_ud1_nb0	25	2	210c11ef7723c39c
normal_dp0_dc0_ud1_nb0	26	27	b54b18ad67c1e81f
normal_dp0_dc0_ud1_nb0	27	2	7a76b7ba3a15016d
normal_dp0_dc0_ud1_nb0	28	6	eb675bbe82f65a03
normal_dp0_dc0_ud1_nb0	29	2	0d2b0764438b4218
normal_dp0_dc0_ud1_nb0	30	5	69ec4105565c89a1
normal_dp0_dc0_ud1_nb0	31	2	115a740f9cd9a619
normal_dp0_dc0_ud1_nb0	32	161	ec68556c91a149f4
normal_dp0_dc0_ud1_nb0	33	3	fb073d01787c3389
normal_dp0_dc0_ud1_nb0	34	5	b5aca246e8c003fe
normal_dp0_dc0_ud1_nb0	35	165	d504e632896dabaf
normal_dp0_dc0_ud1_nb0	36	10	2be47a4d65d010cf
normal_dp0_dc0_ud1_nb0	37	84	22222c50138a1086
normal_dp0_dc0_ud1_nb0	38	22	72b27f15ef10a1bc
normal_dp0_dc0_ud1_nb0	39	163	1c5c41a50e6969de
normal_dp0_dc0_ud1_nb0	40	175	3b5d18d547e49958
normal_dp0_dc0_ud1_nb0	41	31	df4e0d5888ada439
normal_dp0_dc0_ud1_nb0	42	9	0a9712f00d2660bb
normal_dp0_dc0_ud1_nb0	43	2	d62bc83a3fc4ad67
normal_dp0_dc0_ud1_nb0	44	2	8946d53fe3b107ce
normal_dp0_dc0_ud1_nb0	45	10	2c77cd1587197a55
normal_dp0_dc0_ud1_nb0	46	24	f8be0763d51b363d
normal_dp0_dc0_ud1_nb0	47	78	9ab5bcb91f0e3c48
normal_dp0_dc0_ud1_nb0	48	10	08b4bf4392ca0976
normal_dp0_dc0_ud1_nb0	49	6	2ce67d3a0a7e82bc
normal_dp0_dc0_ud1_nb0	50	3	fd89f6049da2aafa
normal_dp0_dc0_ud1_nb0	51	34	4cfcd83513322589
normal_dp0_dc0_ud1_nb0	52	2	fd08e8dd823f631e
normal_dp0_dc0_ud1_nb0	53	8	cf618e5da383bd99
normal_dp0_dc0_ud1_nb0	54	4	90ac7107270a7322
normal_dp0_dc0_ud1_nb0	55	68	e4b34d909d0b6820
normal_dp0_dc0_ud1_nb0	56	10	425e69fb62177c9b
normal_dp0_dc0_ud1_nb0	57	2	d8c21a02c79c5d2f
normal_dp0_dc0_ud1_nb0	58	5	8f407593ca494b69
normal_dp0_dc0_ud1_nb0	59	31	58f66b3687103d40
normal_dp0_dc0_ud1_nb0	60	3	90e544c7aa820b5e
normal_dp0_dc0_ud1_nb0	61	2	50c0e5e565e77d9f
normal_dp0_dc0_ud1_nb0	62	3	490e58d435ecad3e
normal_dp0_dc0_ud1_nb0	63	23	cf5ba468d7487799
normal_dp0_dc0_ud1_nb0	64	65	acf80a78f014d082
normal_dp0_dc0_ud1_nb0	65	6	18374a0373c87375
normal_dp0_dc0_ud1_nb0	66	2	183418e639303309
normal_dp0_dc0_ud1_nb0	67	9	837b9fd685ada532
normal_dp0_dc0_ud1_nb0	68	8	8178a98c703434b1
normal_dp0_dc0_ud1_nb0	69	69	39e39f45bec1829e
normal_dp0_dc0_ud1_nb0	70	6	47d8eac138ef74d0
normal_dp0_dc0_ud1_nb0	71	15	6b43b59646407b82
normal_dp0_dc0_ud1_nb0	72	26	0b4575cf519ae041
normal_dp0_dc0_ud1_nb0	73	63	2099472d287c32ac
normal_dp0_dc0_ud1_nb0	74	3	1fa1bda149e03db8
normal_dp0_dc0_ud1_nb0	75	3	27658063d81c7912
normal_dp0_dc0_ud1_nb0	76	73	713428ed9da021c2
normal_dp0_dc0_ud1_nb0	77	2	72f99e536ffd074b
normal_dp0_dc0_ud1_nb0	78	3	561e686feba94de6
normal_dp0_dc0_ud1_nb0	79	13	aaa4bd3ecf8f5640
normal_dp0_dc0_ud1_nb0	80	2	0fb37fca75143919
normal_dp0_dc0_ud1_nb0	81	9	1639b51d3ae74059
normal_dp0_dc0_ud1_nb0	82	170	62cee8d48b31eda2
normal_dp0_dc0_ud1_nb0	83	6	f1015c348b042132
normal_dp0_dc0_ud1_nb0	84	3	98be6817fedd840d
normal_dp0_dc0_ud1_nb0	85	70	d33ad4a2dcbc0028
normal_dp0_dc0_ud1_nb0	86	9	c218be81f282ceb9
normal_dp0_dc0_ud1_nb0	87	26	7c45b2304c8073e3
normal_dp0_dc0_ud1_nb0	88	29	1d70f1dea01861e0
normal_dp0_dc0_ud1_nb0	89	170	dd4c3f5c2f451f4b
normal_dp0_dc0_ud1_nb0	90	3	34f7b7a47589cbb8
normal_dp0_dc0_ud1_nb0	91	172	0552dd7f8bc99c63
normal_dp0_dc0_ud1_nb0	92	5	90c2225b0e0d3f2c
normal_dp0_dc0_ud1_nb0	93	9	4f3ef11b2e70c9d3
normal_dp0_dc0_ud1_nb0	94	6	98a1472c66a9b589
normal_dp0_dc0_ud1_nb0	95	166	279718be3bae2894
normal_dp0_dc0_ud1_nb0	96	71	e0317a05214f3cad
normal_dp0_dc0_ud1_nb0	97	6	d0f6ce909212a479
normal_dp0_dc0_ud1_nb0	98	5	3e9a59cbbb2debe0
normal_dp0_dc0_ud1_nb0	99	9	71b2b97da4b7f291
normal_dp0_dc0_ud1_nb0	100	7	494ba0be47081fb9
normal_dp0_dc0_ud1_nb0	101	2	3ff37d05d9e89fc7
normal_dp0_dc0_ud1_nb0	102	65	7f3879f5dc5bf150
normal_dp0_dc0_ud1_nb0	103	35	1efc5ca4061923bb
normal_dp0_dc0_ud1_nb0	104	2	548f1ccaebf16d95
normal_dp0_dc0_ud1_nb0	105	2	5e1645b8765c83f3
normal_dp0_dc0_ud1_nb0	106	29	5e1d1398ba82fe2e
normal_dp0_dc0_ud1_nb0	107	169	fbd32658c0da07fc
normal_dp0_dc0_ud1_nb0	108	64	01abf6d03125fb69
normal_dp0_dc0_ud1_nb0	109	28	400ad856f4bda3fd
normal_dp0_dc0_ud1_nb0	110	6	eaa23448c06ebdc7
normal_dp0_dc0_ud1_nb0	111	3	01911c6ee2172564
normal_dp0_dc0_ud1_nb0	112	3	616126a74fbcf785
normal_dp0_dc0_ud1_nb0	113	2	60b1555914b64347
normal_dp0_dc0_ud1_nb0	114	154	465dfb6ae52e7e52
normal_dp0_dc0_ud1_nb0	115	3	de6fd2bd545408c7
normal_dp0_dc0_ud1_nb0	116	3	188df6e0b9010d74
normal_dp0_dc0_ud1_nb0	117	170	28a9d75aeda566be
normal_dp0_dc0_ud1_nb0	118	176	32c333f5b7e2ee66
normal_dp0_dc0_ud1_nb0	119	2	fa3b1b21769c99bc
normal_dp0_dc0_ud1_nb0	120	160	55d132ca1a02149c
normal_dp0_dc0_ud1_nb0	121	78	e42250cb782cc597
normal_dp0_dc0_ud1_nb0	122	182	a9ff3771c178e324
normal_dp0_dc0_ud1_nb0	123	2	737f3e1167508935
normal_dp0_dc0_ud1_nb0	124	65	cfdd1ac6fe10bf1a
normal_dp0_dc0_ud1_nb0	125	6	ee02dd66d95d2d06
normal_dp0_dc0_ud1_nb0	126	10	55bd907aef5e856d
normal_dp0_dc0_ud1_nb0	127	2	814dccc6d2006e69
normal_dp0_dc0_ud1_nb0	128	29	0980d24a38b38086
normal_dp0_dc0_ud1_nb0	129	70	44e11d55b79541df
normal_dp0_dc0_ud1_nb0	130	2	af2325e713679114
normal_dp0_dc0_ud1_nb0	131	164	2bb2a268bb2a6da5
normal_dp0_dc0_ud1_nb0	132	168	5f2847e73797d346
normal_dp0_dc0_ud1_nb0	133	2	80af669c13559a46
normal_dp0_dc0_ud1_nb0	134	10	97ceea39277c0000
normal_dp0_dc0_ud1_nb0	135	2	785032ef26619839
normal_dp0_dc0_ud1_nb0	136	2	cff4c6b51ab8d1e1
normal_dp0_dc0_ud1_nb0	137	3	1dc709adf506815a
normal_dp0_dc0_ud1_nb0	138	168	15a702687c718edb
normal_dp0_dc0_ud1_nb0	139	166	459a984d50f05837
normal_dp0_dc0_ud1_nb0	140	5	d0eb69f59bc41631
normal_dp0_dc0_ud1_nb0	141	8	652decbde067615b
normal_dp0_dc0_ud1_nb0	142	9	73cf93aa8b725dec
normal_dp0_dc0_ud1_nb0	143	2	6ff6b8bc6619ae66
normal_dp0_dc0_ud1_nb0	144	11	f9f1379b939d6612
normal_dp0_dc0_ud1_nb0	145	61	74b1cf40358c969b
normal_dp0_dc0_ud1_nb0	146	70	7c27f0ef3725dcf9
normal_dp0_dc0_ud1_nb0	147	18	212fe03f188d4dff
normal_dp0_dc0_ud1_nb0	148	24	373426e7392d3028
normal_dp0_dc0_ud1_nb0	149	2	0e7a7d4215ecf15a
normal_dp0_dc0_ud1_nb0	150	5	43684eed2bcb39aa
normal_dp0_dc0_ud1_nb0	151	7	8c24f002cdd8b0bc
normal_dp0_dc0_ud1_nb0	152	75	c587111175744038
normal_dp0_dc0_ud1_nb0	153	176	374d87e165ca7aeb
normal_dp0_dc0_ud1_nb0	154	2	60a2b5c9c2e0e62a
normal_dp0_dc0_ud1_nb0	155	65	acaddb21036137d8
normal_dp0_dc0_ud1_nb0	156	25	d9c1718dc745ed80
normal_dp0_dc0_ud1_nb0	157	3	6a36bc7972855e92
normal_dp0_dc0_ud1_nb0	158	5	8ce90f0f7bf36777
normal_dp0_dc0_ud1_nb0	159	64	aa1f12676daabb7f
normal_dp0_dc0_ud1_nb0	160	11	eb1e8546f2633505
normal_dp0_dc0_ud1_nb0	161	2	a1619a4837419d10
normal_dp0_dc0_ud1_nb0	162	164	2d1d281b259a2de8
normal_dp0_dc0_ud1_nb0	163	9	d9a987cafc69b052
normal_dp0_dc0_ud1_nb0	164	2	e08c08885d04564b
normal_dp0_dc0_ud1_nb0	165	3	5c538693c1431f4b
normal_dp0_dc0_ud1_nb0	166	182	a9840aea52e6ffd5
normal_dp0_dc0_ud1_nb0	167	70	609985950eb063ca
normal_dp0_dc0_ud1_nb0	168	2	7f186e27c595ab14
normal_dp0_dc0_ud1_nb0	169	11	a2e05d8dfbe435b9
normal_dp0_dc0_ud1_nb0	170	2	9a10e7aed7584972
normal_dp0_dc0_ud1_nb0	171	62	015e89e1388c8f74
normal_dp0_dc0_ud1_nb0	172	6	27e5f69c88e26f40
normal_dp0_dc0_ud1_nb0	173	8	c803a1bbd5e5d047
normal_dp0_dc0_ud1_nb0	174	28	0c255f7e5f18097f
normal_dp0_dc0_ud1_nb0	175	2	72c15ba8f0c9d153
normal_dp0_dc0_ud1_nb0	176	174	c80cd008fe8d3931
normal_dp0_dc0_ud1_nb0	177	3	c218bc9ef317b912
normal_dp0_dc0_ud1_nb0	178	2	edb8b080a73ec176
normal_dp0_dc0_ud1_nb0	179	56	e80ac5b795d2df00
normal_dp0_dc0_ud1_nb0	180	166	442823bf39dce36b
normal_dp0_dc0_ud1_nb0	181	70	e7d0816c661b397a
normal_dp0_dc0_ud1_nb0	182	6	b5bec723cdeb5f21
normal_dp0_dc0_ud1_nb0	183	2	f715da348003fd36
normal_dp0_dc0_ud1_nb0	184	10	17684c733aeb906a
normal_dp0_dc0_ud1_nb0	185	161	6ffd773c5b920818
normal_dp0_dc0_ud1_nb0	186	2	f4c5fe0c958f3e6d
normal_dp0_dc0_ud1_nb0	187	65	4998a16eea424307
normal_dp0_dc0_ud1_nb0	188	6	095e851ce7fee1b7
normal_dp0_dc0_ud1_nb0	189	3	4275562cef33e65f
normal_dp0_dc0_ud1_nb0	190	3	01ea72aab73b6f2d
normal_dp0_dc0_ud1_nb0	191	176	ea84d17e08417dd6
normal_dp0_dc0_ud1_nb0	192	5	ae1a712b3ffd0260
normal_dp0_dc0_ud1_nb0	193	3	9d88783521a38ff1
normal_dp0_dc0_ud1_nb0	194	65	e24f5b0c941659ae
normal_dp0_dc0_ud1_nb0	195	60	34197bff4cf93940
normal_dp0_dc0_ud1_nb0	196	173	5911685a4f4fab13
normal_dp0_dc0_ud1_nb0	197	11	2547b6a490f3ba28
normal_dp0_dc0_ud1_nb0	198	2	9ae12495235be9b1
normal_dp0_dc0_ud1_nb0	199	11	53a982c28c73c81c
normal_dp0_dc0_ud1_nb0	200	74	3751fd202ad599d5
normal_dp0_dc0_ud1_nb0	201	6	6af7fbc304f8b8b5
normal_dp0_dc0_ud1_nb0	202	3	9867b26f89bd75b4
normal_dp0_dc0_ud1_nb0	203	26	d950d6b3b4253622
normal_dp0_dc0_ud1_nb0	204	64	95c651b6e1566529
normal_dp0_dc0_ud1_nb0	205	10	b10739592a1334cc
normal_dp0_dc0_ud1_nb0	206	182	df90e6bfc1998704
normal_dp0_dc0_ud1_nb0	207	79	f5dbc1fe49af00fb
normal_dp0_dc0_ud1_nb0	208	61	dba03d0cdcea0b53
normal_dp0_dc0_ud1_nb0	209	2	7e406aca15207b29
normal_dp0_dc0_ud1_nb0	210	3	27aa91d89ced92ad
normal_dp0_dc0_ud1_nb0	211	11	61885b35806c0d03
normal_dp0_dc0_ud1_nb0	212	10	444c139ff47cb46c
normal_dp0_dc0_ud1_nb0	213	3	edd5359814ad33df
normal_dp0_dc0_ud1_nb0	214	23	f013cdc15f99bca8
normal_dp0_dc0_ud1_nb0	215	5	74ba7792595c3310
normal_dp0_dc0_ud1_nb0	216	71	222447c195e23519
normal_dp0_dc0_ud1_nb0	217	7	0b07839a407a37a5
normal_dp0_dc0_ud1_nb0	218	8	87fc2988054c7275
normal_dp0_dc0_ud1_nb0	219	5	afc62d7020f46179
normal_dp0_dc0_ud1_nb0	220	25	80c6e3456046a750
normal_dp0_dc0_ud1_nb0	221	8	1e66083965185e02
normal_dp0_dc0_ud1_nb0	222	2	155847d504fd75bd
normal_dp0_dc0_ud1_nb0	223	3	dfc8d2c7aa545cda
normal_dp0_dc0_ud1_nb0	224	5	5c4804092e86054c
normal_dp0_dc0_ud1_nb0	225	2	2832a96cf84da5d8
normal_dp0_dc0_ud1_nb0	226	181	97de48d6b6ebb0a4
normal_dp0_dc0_ud1_nb0	227	2	bfb74ba3b9454e97
normal_dp0_dc0_ud1_nb0	228	30	125c4641d1faaca2
normal_dp0_dc0_ud1_nb0	229	4	00a3f85f65b1531d
normal_dp0_dc0_ud1_nb0	230	57	720545bc3e020f64
normal_dp0_dc0_ud1_nb0	231	6	b327776c5662a820
normal_dp0_dc0_ud1_nb0	232	3	5612032716e11f80
normal_dp0_dc0_ud1_nb0	233	29	4002ea50291af003
normal_dp0_dc0_ud1_nb0	234	3	93f59ad12e846f0f
normal_dp0_dc0_ud1_nb0	235	63	0e29b17295dd979d
normal_dp0_dc0_ud1_nb0	236	2	d481bfb675d614dd
normal_dp0_dc0_ud1_nb0	237	5	250f11e8c158cea7
normal_dp0_dc0_ud1_nb0	238	30	a40641c9a1660f3d
normal_dp0_dc0_ud1_nb0	239	2	4b70e50b8edc6292
normal_dp0_dc0_ud1_nb0	240	6	b9b7ef9ad45d886d
normal_dp0_dc0_ud1_nb0	241	3	b2635722d8d798e2
normal_dp0_dc0_ud1_nb0	242	5	dcae176c8012b891
normal_dp0_dc0_ud1_nb0	243	30	57f6c48fd7e15536
normal_dp0_dc0_ud1_nb0	244	3	ec05ce6608dc3176
normal_dp0_dc0_ud1_nb0	245	26	bee196c220463511
normal_dp0_dc0_ud1_nb0	246	175	9c9f0e70857a72e6
normal_dp0_dc0_ud1_nb0	247	3	e0853c840dd1fdaf
normal_dp0_dc0_ud1_nb0	248	67	593321edf0fe32fb
normal_dp0_dc0_ud1_nb0	249	173	a8ecc78f8bcc024d
normal_dp0_dc0_ud1_nb0	250	71	5301f31f05cb8abc
normal_dp0_dc0_ud1_nb0	251	68	0c768002d82de105
normal_dp0_dc0_ud1_nb0	252	9	9573efbba0b7e035
normal_dp0_dc0_ud1_nb0	253	5	68447a6baef27bb5
normal_dp0_dc0_ud1_nb0	254	7	23796885d75abc94
normal_dp0_dc0_ud1_nb0	255	66	27cb88ee279c6283
normal_dp0_dc0_ud1_nb0	256	2	551a63c2d76181f6
normal_dp0_dc0_ud1_nb0	257	11	7be012cedd4a7b9e
normal_dp0_dc0_ud1_nb0	258	77	29aaa7076129a14f
normal_dp0_dc0_ud1_nb0	259	27	f63d593afb2116a0
normal_dp0_dc0_ud1_nb0	260	2	adbb7c7175eb6e52
normal_dp0_dc0_ud1_nb0	261	2	f76307a603dd2a5d
normal_dp0_dc0_ud1_nb0	262	8	39e2308283fc98cb
normal_dp0_dc0_ud1_nb0	263	4	26ad5b1db2402826
normal_dp0_dc0_ud1_nb0	264	32	a00361935261b366
normal_dp0_dc0_ud1_nb0	265	3	9f8d916961924fb4
normal_dp0_dc0_ud1_nb0	266	5	1b0ff3783fc45349
normal_dp0_dc0_ud1_nb0	267	3	318574d728fb4773
normal_dp0_dc0_ud1_nb0	268	2	8d2a9efba4c33051
normal_dp0_dc0_ud1_nb0	269	66	9b7abd4fd4120ff3
normal_dp0_dc0_ud1_nb0	270	28	bd6825e43716288f
normal_dp0_dc0_ud1_nb0	271	161	cb7337949fd70ef2
normal_dp0_dc0_ud1_nb0	272	69	bc3e3c3907dd70a0
normal_dp0_dc0_ud1_nb0	273	2	6f51285605f5b665
normal_dp0_dc0_ud1_nb0	274	31	f5015ad63afb8a25
normal_dp0_dc0_ud1_nb0	275	3	33846b194a9c5819
normal_dp0_dc0_ud1_nb0	276	169	d841306f6df3fa6d
normal_dp0_dc0_ud1_nb0	277	9	3eb17629cd58a40a
normal_dp0_dc0_ud1_nb0	278	169	80c6a285332adebe
normal_dp0_dc0_ud1_nb0	279	29	420c26c233a40541
normal_dp0_dc0_ud1_nb0	280	3	20205e6f2da9609c
normal_dp0_dc0_ud1_nb0	281	3	62652c0a1c0a640d
normal_dp0_dc0_ud1_nb0	282	2	9a10022c0daaddb3
normal_dp0_dc0_ud1_nb0	283	30	5ae746c235dc4ab8
normal_dp0_dc0_ud1_nb0	284	6	1517db2fd2f8a36a
normal_dp0_dc0_ud1_nb0	285	15	c5e1c9d0dc12576e
normal_dp0_dc0_ud1_nb0	286	11	50cc5c7186fe2f57
normal_dp0_dc0_ud1_nb0	287	177	10f40a04dc87da3e
normal_dp0_dc0_ud1_nb0	288	5	5908aefedc42ad88
normal_dp0_dc0_ud1_nb0	289	3	74c1046dd66082f6
normal_dp0_dc0_ud1_nb0	290	2	0f3051d3fcbf1a41
normal_dp0_dc0_ud1_nb0	291	173	409869975acd786e
normal_dp0_dc0_ud1_nb0	292	3	97def42dec590a3f
normal_dp0_dc0_ud1_nb0	293	157	a24c75d7c4941d80
normal_dp0_dc0_ud1_nb0	294	70	b2000a282ac83bbe
normal_dp0_dc0_ud1_nb0	295	2	11246c95048adcd5
normal_dp0_dc0_ud1_nb0	296	163	daf258014d3c7d07
normal_dp0_dc0_ud1_nb0	297	174	c8c2116be751d2d2
normal_dp0_dc0_ud1_nb0	298	2	b4231c8b8bf14136
normal_dp0_dc0_ud1_nb0	299	3	17a5652bcb2e5c79
normal_dp0_dc0_ud1_nb0	300	6	b93a6252f4092a05
normal_dp0_dc0_ud1_nb0	301	65	80d20f9c7705a0e5
normal_dp0_dc0_ud1_nb0	302	9	df2ddd6318193891
normal_dp0_dc0_ud1_nb0	303	6	adb56fe1642e028b
normal_dp0_dc0_ud1_nb0	304	9	883b2d869787b773
normal_dp0_dc0_ud1_nb0	305	30	0b683dff39a1e15f
normal_dp0_dc0_ud1_nb0	306	9	55d08a9e81a57ceb
normal_dp0_dc0_ud1_nb0	307	25	94bd6da21cc572d5
normal_dp0_dc0_ud1_nb0	308	162	a078bcd45c4b15be
normal_dp0_dc0_ud1_nb0	309	2	49f285d1dbd9cded
normal_dp0_dc0_ud1_nb0	310	3	a19a9ddc616bc40b
normal_dp0_dc0_ud1_nb0	311	5	8d7b925db37adbff
normal_dp0_dc0_ud1_nb0	312	66	2cd4dcce32dbbfd2
normal_dp0_dc0_ud1_nb0	313	66	96a7ca79bde2ff95
normal_dp0_dc0_ud1_nb0	314	67	b3cd9fb3f0543885
normal_dp0_dc0_ud1_nb0	315	2	93bc5a015f549470
normal_dp0_dc0_ud1_nb0	316	173	d207c5dfcf08f5ff
normal_dp0_dc0_ud1_nb0	317	6	be9404b2857e93a4
normal_dp0_dc0_ud1_nb0	318	3	0be369303603bc54
normal_dp0_dc0_ud1_nb0	319	165	3589af0dd08bb9c0
normal_dp0_dc0_ud1_nb0	320	29	29b81cd7ce3bfc84
normal_dp0_dc0_ud1_nb0	321	26	fe83fa67fbcd7ca0
normal_dp0_dc0_ud1_nb0	322	72	30e97fba9173bd34
normal_dp0_dc0_ud1_nb0	323	28	c20d2f3f884e6310
normal_dp0_dc0_ud1_nb0	324	32	b291373f6c33750b
normal_dp0_dc0_ud1_nb0	325	9	1ead67206d92303e
normal_dp0_dc0_ud1_nb0	326	62	c9b5493d8261e74a
normal_dp0_dc0_ud1_nb0	327	3	d1fb661b574d678c
normal_dp0_dc0_ud1_nb0	328	9	b46f8687da127df1
normal_dp0_dc0_ud1_nb0	329	3	f08796570f531be3
normal_dp0_dc0_ud1_nb0	330	73	40ceda49227a1090
normal_dp0_dc0_ud1_nb0	331	2	e21106527266f843
normal_dp0_dc0_ud1_nb0	332	69	05ab259394bc7fd7
normal_dp0_dc0_ud1_nb0	333	69	afb16990cdd3c976
normal_dp0_dc0_ud1_nb0	334	161	a7f95b0a23d5323e
normal_dp0_dc0_ud1_nb0	335	24	66c9b4f6bde0cf64
normal_dp0_dc0_ud1_nb0	336	64	2303bb364fcb0601
normal_dp0_dc0_ud1_nb0	337	11	d6a86da1f58bf20f
normal_dp0_dc0_ud1_nb0	338	72	77228adad3d0a208
normal_dp0_dc0_ud1_nb0	339	77	4ea6dd9aa4c001fc
normal_dp0_dc0_ud1_nb0	340	30	637e0e7c708f22e8
normal_dp0_dc0_ud1_nb0	341	3	6dc1fa2d9a40944f
normal_dp0_dc0_ud1_nb0	342	30	9e0c7e8cf32545f0
normal_dp0_dc0_ud1_nb0	343	187	51b4fc8ac6a2b00e
normal_dp0_dc0_ud1_nb0	344	8	471a20c75631bc5b
normal_dp0_dc0_ud1_nb0	345	27	b8f4d8ac214ec105
normal_dp0_dc0_ud1_nb0	346	67	5ad960fdfca2adb7
normal_dp0_dc0_ud1_nb0	347	3	210ba93123af0172
normal_dp0_dc0_ud1_nb0	348	6	7338d3ddd2815dc0
normal_dp0_dc0_ud1_nb0	349	26	d6cdcd67aa59aa20
normal_dp0_dc0_ud1_nb0	350	10	41eb0cc2c5f497f0
normal_dp0_dc0_ud1_nb0	351	6	8f1fbe3d0f72da7e
normal_dp0_dc0_ud1_nb0	352	2	ce1ab59737c30339
normal_dp0_dc0_ud1_nb0	353	28	bde3abe13e6d6d36
normal_dp0_dc0_ud1_nb0	354	3	dca680b22649204f
normal_dp0_dc0_ud1_nb0	355	3	a581d4f3412436ff
normal_dp0_dc0_ud1_nb0	356	2	b36dc3cace10b5a9
normal_dp0_dc0_ud1_nb0	357	23	3ac5291d1d86ac98
normal_dp0_dc0_ud1_nb0	358	2	f9fa6bf430f95da3
normal_dp0_dc0_ud1_nb0	359	2	2528591461d93ca8
normal_dp0_dc0_ud1_nb0	360	9	b047d46e7267783a
normal_dp0_dc0_ud1_nb0	361	3	189a983f4ca98b7c
normal_dp0_dc0_ud1_nb0	362	73	680a65638347bd8e
normal_dp0_dc0_ud1_nb0	363	156	4016852ff58e4744
normal_dp0_dc0_ud1_nb0	364	10	26e247b908cf5f37
normal_dp0_dc0_ud1_nb0	365	2	0acbb33a757090a6
normal_dp0_dc0_ud1_nb0	366	2	198c1f0846c5965f
normal_dp0_dc0_ud1_nb0	367	11	89e0706fc7636119
normal_dp0_dc0_ud1_nb0	368	2	13f24330619548ba
normal_dp0_dc0_ud1_nb0	369	26	b521feb873a5332d
normal_dp0_dc0_ud1_nb0	370	6	c2b6a6d77ac0c54c
normal_dp0_dc0_ud1_nb0	371	2	4cd07f8f33b23519
normal_dp0_dc0_ud1_nb0	372	4	aa2df6b92da370e0
normal_dp0_dc0_ud1_nb0	373	5	c45f4864686173b7
normal_dp0_dc0_ud1_nb0	374	70	032463dc6cd08e85
normal_dp0_dc0_ud1_nb0	375	62	32a1541807fdc7ae
normal_dp0_dc0_ud1_nb0	376	10	c1b63108770f5738
normal_dp0_dc0_ud1_nb0	377	2	c417926d6aea0d9a
normal_dp0_dc0_ud1_nb0	378	5	4037e9b3fa834bdd
normal_dp0_dc0_ud1_nb0	379	11	8f28dcf2885617d0
normal_dp0_dc0_ud1_nb0	380	72	fd1742d982043b1f
normal_dp0_dc0_ud1_nb0	381	5	4d17118066878656
normal_dp0_dc0_ud1_nb0	382	2	ee235b847f480214
normal_dp0_dc0_ud1_nb0	383	3	ad5d12d2c70ba4e4
normal_dp0_dc0_ud1_nb0	384	2	17487eeaec684a5e
normal_dp0_dc0_ud1_nb0	385	2	60e9a85e50134bc4
normal_dp0_dc0_ud1_nb0	386	169	04cfa6c1516f8413
normal_dp0_dc0_ud1_nb0	387	10	ea1f642c9ded811c
normal_dp0_dc0_ud1_nb0	388	74	55b07353fca1271b
normal_dp0_dc0_ud1_nb0	389	57	a25f8f84c5a0b014
normal_dp0_dc0_ud1_nb0	390	10	d4a60f09b649bf3b
normal_dp0_dc0_ud1_nb0	391	10	28af2cef007ba47a
normal_dp0_dc0_ud1_nb0	392	23	3c8f3e817b9c13a5
normal_dp0_dc0_ud1_nb0	393	7	0ab9a0f8602eac2c
normal_dp0_dc0_ud1_nb0	394	2	9e5b2dc50953735f
normal_dp0_dc0_ud1_nb0	395	8	1d0cbac2855de629
normal_dp0_dc0_ud1_nb0	396	25	0c090e08f9ff7667
normal_dp0_dc0_ud1_nb0	397	70	29a19dec680f8796
normal_dp0_dc0_ud1_nb0	398	181	091afda71e5ed182
normal_dp0_dc0_ud1_nb0	399	5	db822238ba345a03
normal_dp0_dc0_ud1_nb2000	0	2	fe3877f9123caf6f
normal_dp0_dc0_ud1_nb2000	1	25	f895dece7a772bab
normal_dp0_dc0_ud1_nb2000	2	188	80399ee55141af4f
normal_dp0_dc0_ud1_nb2000	3	3	04752421978926ff
normal_dp0_dc0_ud1_nb2000	4	64	4bc630a693979da6
normal_dp0_dc0_ud1_nb2000	5	5	0e2fd5c7671bbc23
normal_dp0_dc0_ud1_nb2000	6	67	87fd6e24b6374980
normal_dp0_dc0_ud1_nb2000	7	182	969636407e579301
normal_dp0_dc0_ud1_nb2000	8	164	95bdf46572e1fc90
normal_dp0_dc0_ud1_nb2000	9	67	58910236bc7536c5
normal_dp0_dc0_ud1_nb2000	10	65	8b6e672cdfeab96d
normal_dp0_dc0_ud1_nb2000	11	71	b7570bffe931508c
normal_dp0_dc0_ud1_nb2000	12	6	e25a0797ac94cbf4
normal_dp0_dc0_ud1_nb2000	13	2	4fa0cf4bc5d18d38
normal_dp0_dc0_ud1_nb2000	14	6	06cb917caa7530f2
normal_dp0_dc0_ud1_nb2000	15	5	d3d9c8acac5507f9
normal_dp0_dc0_ud1_nb2000	16	31	c146825cada916d6
normal_dp0_dc0_ud1_nb2000	17	2	5420621e61e6b2de
normal_dp0_dc0_ud1_nb2000	18	5	3d71f266a2e565b8
normal_dp0_dc0_ud1_nb2000	19	3	5892385b1aec09f4
normal_dp0_dc0_ud1_nb2000	20	60	277585a41347671e
normal_dp0_dc0_ud1_nb2000	21	66	25596d173f11a0bf
normal_dp0_dc0_ud1_nb2000	22	2	b2b47f5335448eeb
normal_dp0_dc0_ud1_nb2000	23	160	4661007755993d50
normal_dp0_dc0_ud1_nb2000	24	2	4ee24f53fa50f5fb
normal_dp0_dc0_ud1_nb2000	25	2	210c11ef7723c39c
normal_dp0_dc0_ud1_nb2000	26	27	b54b18ad67c1e81f
normal_dp0_dc0_ud1_nb2000	27	2	7a76b7ba3a15016d
normal_dp0_dc0_ud1_nb2000	28	6	eb675bbe82f65a03
normal_dp0_dc0_ud1_nb2000	29	2	0d2b0764438b4218
normal_dp0_dc0_ud1_nb2000	30	5	69ec4105565c89a1
normal_dp0_dc0_ud1_nb2000	31	2	115a740f9cd9a619
normal_dp0_dc0_ud1_nb2000	32	161	ec68556c91a149f4
normal_dp0_dc0_ud1_nb2000	33	3	fb073d01787c3389
normal_dp0_dc0_ud1_nb2000	34	5	b5aca246e8c003fe
normal_dp0_dc0_ud1_nb2000	35	165	d504e632896dabaf
normal_dp0_dc0_ud1_nb2000	36	10	2be47a4d65d010cf
normal_dp0_dc0_ud1_nb2000	37	84	22222c50138a1086
normal_dp0_dc0_ud1_nb2000	38	22	72b27f15ef10a1bc
normal_dp0_dc0_ud1_nb2000	39	165	c8c53dddcff93352
normal_dp0_dc0_ud1_nb2000	40	175	3b5d18d547e49958
normal_dp0_dc0_ud1_nb2000	41	31	df4e0d5888ada439
normal_dp0_dc0_ud1_nb2000	42	9	0a9712f00d2660bb
normal_dp0_dc0_ud1_nb2000	43	2	d62bc83a3fc4ad67
normal_dp0_dc0_ud1_nb2000	44	2	8946d53fe3b107ce
normal_dp0_dc0_ud1_nb2000	45	10	2c77cd1587197a55
normal_dp0_dc0_ud1_nb2000	46	24	f8be0763d51b363d
normal_dp0_dc0_ud1_nb2000	47	79	411869c9b5d52b38
normal_dp0_dc0_ud1_nb2000	48	10	08b4bf4392ca0976
normal_dp0_dc0_ud1_nb2000	49	6	2ce67d3a0a7e82bc
normal_dp0_dc0_ud1_nb2000	50	3	fd89f6049da2aafa
normal_dp0_dc0_ud1_nb2000	51	34	4cfcd83513322589
normal_dp0_dc0_ud1_nb2000	52	2	fd08e8dd823f631e
normal_dp0_dc0_ud1_nb2000	53	8	cf618e5da383bd99
normal_dp0_dc0_ud1_nb2000	54	4	90ac7107270a7322
normal_dp0_dc0_ud1_nb2000	55	68	e4b34d909d0b6820
normal_dp0_dc0_ud1_nb2000	56	10	425e69fb62177c9b
normal_dp0_dc0_ud1_nb2000	57	2	d8c21a02c79c5d2f
normal_dp0_dc0_ud1_nb2000	58	5	8f407593ca494b69
normal_dp0_dc0_ud1_nb2000	59	32	128dda7aa9c4c7fa
normal_dp0_dc0_ud1_nb2000	60	3	90e544c7aa820b5e
normal_dp0_dc0_ud1_nb2000	61	2	50c0e5e565e77d9f
normal_dp0_dc0_ud1_nb2000	62	3	490e58d435ecad3e
normal_dp0_dc0_ud1_nb2000	63	23	cf5ba468d7487799
normal_dp0_dc0_ud1_nb2000	64	65	acf80a78f014d082
normal_dp0_dc0_ud1_nb2000	65	6	18374a0373c87375
normal_dp0_dc0_ud1_nb2000	66	2	183418e639303309
normal_dp0_dc0_ud1_nb2000	67	9	837b9fd685ada532
normal_dp0_dc0_ud1_nb2000	68	8	8178a98c703434b1
normal_dp0_dc0_ud1_nb2000	69	70	0b90e96c6362b918
normal_dp0_dc0_ud1_nb2000	70	7	0167c411519f02aa
normal_dp0_dc0_ud1_nb2000	71	15	6b43b59646407b82
normal_dp0_dc0_ud1_nb2000	72	26	0b4575cf519ae041
normal_dp0_dc0_ud1_nb2000	73	63	2099472d287c32ac
normal_dp0_dc0_ud1_nb2000	74	3	1fa1bda149e03db8
normal_dp0_dc0_ud1_nb2000	75	3	27658063d81c7912
normal_dp0_dc0_ud1_nb2000	76	74	72a4ba01573c65ba
normal_dp0_dc0_ud1_nb2000	77	2	72f99e536ffd074b
normal_dp0_dc0_ud1_nb2000	78	3	561e686feba94de6
normal_dp0_dc0_ud1_nb2000	79	13	aaa4bd3ecf8f5640
normal_dp0_dc0_ud1_nb2000	80	2	0fb37fca75143919
normal_dp0_dc0_ud1_nb2000	81	9	1639b51d3ae74059
normal_dp0_dc0_ud1_nb2000	82	172	3aecc7aacd1e913c
normal_dp0_dc0_ud1_nb2000	83	6	f1015c348b042132
normal_dp0_dc0_ud1_nb2000	84	3	98be6817fedd840d
normal_dp0_dc0_ud1_nb2000	85	70	d33ad4a2dcbc0028
normal_dp0_dc0_ud1_nb2000	86	9	c218be81f282ceb9
normal_dp0_dc0_ud1_nb2000	87	27	e14aaf38f87983d9
normal_dp0_dc0_ud1_nb2000	88	29	1d70f1dea01861e0
normal_dp0_dc0_ud1_nb2000	89	171	aa0ac926e0c319d7
normal_dp0_dc0_ud1_nb2000	90	3	34f7b7a47589cbb8
normal_dp0_dc0_ud1_nb2000	91	174	3adefaa913c33efc
normal_dp0_dc0_ud1_nb2000	92	5	90c2225b0e0d3f2c
normal_dp0_dc0_ud1_nb2000	93	9	4f3ef11b2e70c9d3
normal_dp0_dc0_ud1_nb2000	94	6	98a1472c66a9b589
normal_dp0_dc0_ud1_nb2000	95	168	e0a9c785672e47e8
normal_dp0_dc0_ud1_nb2000	96	71	e0317a05214f3cad
normal_dp0_dc0_ud1_nb2000	97	6	d0f6ce909212a479
normal_dp0_dc0_ud1_nb2000	98	5	3e9a59cbbb2debe0
normal_dp0_dc0_ud1_nb2000	99	9	71b2b97da4b7f291
normal_dp0_dc0_ud1_nb2000	100	7	494ba0be47081fb9
normal_dp0_dc0_ud1_nb2000	101	2	3ff37d05d9e89fc7
normal_dp0_dc0_ud1_nb2000	102	65	7f3879f5dc5bf150
normal_dp0_dc0_ud1_nb2000	103	36	22e733c240de6c91
normal_dp0_dc0_ud1_nb2000	104	2	548f1ccaebf16d95
normal_dp0_dc0_ud1_nb2000	105	2	5e1645b8765c83f3
normal_dp0_dc0_ud1_nb2000	106	29	5e1d1398ba82fe2e
normal_dp0_dc0_ud1_nb2000	107	170	800a7f4d8daf15c9
normal_dp0_dc0_ud1_nb2000	108	64	01abf6d03125fb69
normal_dp0_dc0_ud1_nb2000	109	29	f3c6bcc8ee2a91cb
normal_dp0_dc0_ud1_nb2000	110	6	eaa23448c06ebdc7
normal_dp0_dc0_ud1_nb2000	111	3	01911c6ee2172564
normal_dp0_dc0_ud1_nb2000	112	3	616126a74fbcf785
normal_dp0_dc0_ud1_nb2000	113	2	60b1555914b64347
normal_dp0_dc0_ud1_nb2000	114	154	465dfb6ae52e7e52
normal_dp0_dc0_ud1_nb2000	115	3	de6fd2bd545408c7
normal_dp0_dc0_ud1_nb2000	116	3	188df6e0b9010d74
normal_dp0_dc0_ud1_nb2000	117	170	28a9d75aeda566be
normal_dp0_dc0_ud1_nb2000	118	179	4dc1cadcac0c47a2
normal_dp0_dc0_ud1_nb2000	119	2	fa3b1b21769c99bc
normal_dp0_dc0_ud1_nb2000	120	160	55d132ca1a02149c
normal_dp0_dc0_ud1_nb2000	121	78	e42250cb782cc597
normal_dp0_dc0_ud1_nb2000	122	184	e906018ee13d29a8
normal_dp0_dc0_ud1_nb2000	123	2	737f3e1167508935
normal_dp0_dc0_ud1_nb2000	124	65	cfdd1ac6fe10bf1a
normal_dp0_dc0_ud1_nb2000	125	6	ee02dd66d95d2d06
normal_dp0_dc0_ud1_nb2000	126	10	55bd907aef5e856d
normal_dp0_dc0_ud1_nb2000	127	2	814dccc6d2006e69
normal_dp0_dc0_ud1_nb2000	128	29	0980d24a38b38086
normal_dp0_dc0_ud1_nb2000	129	70	44e11d55b79541df
normal_dp0_dc0_ud1_nb2000	130	2	af2325e713679114
normal_dp0_dc0_ud1_nb2000	131	164	2bb2a268bb2a6da5
normal_dp0_dc0_ud1_nb2000	132	171	5e0c4f7b73b06808
normal_dp0_dc0_ud1_nb2000	133	2	80af669c13559a46
normal_dp0_dc0_ud1_nb2000	134	10	97ceea39277c0000
normal_dp0_dc0_ud1_nb2000	135	2	785032ef26619839
normal_dp0_dc0_ud1_nb2000	136	2	cff4c6b51ab8d1e1
normal_dp0_dc0_ud1_nb2000	137	3	1dc709adf506815a
normal_dp0_dc0_ud1_nb2000	138	168	15a702687c718edb
normal_dp0_dc0_ud1_nb2000	139	168	cef8cd9cc564ad2c
normal_dp0_dc0_ud1_nb2000	140	5	d0eb69f59bc41631
normal_dp0_dc0_ud1_nb2000	141	8	652decbde067615b
normal_dp0_dc0_ud1_nb2000	142	9	73cf93aa8b725dec
normal_dp0_dc0_ud1_nb2000	143	2	6ff6b8bc6619ae66
normal_dp0_dc0_ud1_nb2000	144	12	6f1378924acc2934
normal_dp0_dc0_ud1_nb2000	145	61	74b1cf40358c969b
normal_dp0_dc0_ud1_nb2000	146	70	7c27f0ef3725dcf9
normal_dp0_dc0_ud1_nb2000	147	18	212fe03f188d4dff
normal_dp0_dc0_ud1_nb2000	148	24	373426e7392d3028
normal_dp0_dc0_ud1_nb2000	149	2	0e7a7d4215ecf15a
normal_dp0_dc0_ud1_nb2000	150	5	43684eed2bcb39aa
normal_dp0_dc0_ud1_nb2000	151	7	8c24f002cdd8b0bc
normal_dp0_dc0_ud1_nb2000	152	76	902c2f8e54a0924f
normal_dp0_dc0_ud1_nb2000	153	176	374d87e165ca7aeb
normal_dp0_dc0_ud1_nb2000	154	2	60a2b5c9c2e0e62a
normal_dp0_dc0_ud1_nb2000	155	65	acaddb21036137d8
normal_dp0_dc0_ud1_nb2000	156	25	d9c1718dc745ed80
normal_dp0_dc0_ud1_nb2000	157	3	6a36bc7972855e92
normal_dp0_dc0_ud1_nb2000	158	5	8ce90f0f7bf36777
normal_dp0_dc0_ud1_nb2000	159	64	aa1f12676daabb7f
normal_dp0_dc0_ud1_nb2000	160	11	eb1e8546f2633505
normal_dp0_dc0_ud1_nb2000	161	2	a1619a4837419d10
normal_dp0_dc0_ud1_nb2000	162	165	4ac15b2060b34faa
normal_dp0_dc0_ud1_nb2000	163	9	d9a987cafc69b052
normal_dp0_dc0_ud1_nb2000	164	2	e08c08885d04564b
normal_dp0_dc0_ud1_nb2000	165	3	5c538693c1431f4b
normal_dp0_dc0_ud1_nb2000	166	182	a9840aea52e6ffd5
normal_dp0_dc0_ud1_nb2000	167	71	ec83e592ae15d786
normal_dp0_dc0_ud1_nb2000	168	2	7f186e27c595ab14
normal_dp0_dc0_ud1_nb2000	169	11	a2e05d8dfbe435b9
normal_dp0_dc0_ud1_nb2000	170	2	9a10e7aed7584972
normal_dp0_dc0_ud1_nb2000	171	63	7f3a33ccac038c1c
normal_dp0_dc0_ud1_nb2000	172	6	27e5f69c88e26f40
normal_dp0_dc0_ud1_nb2000	173	8	c803a1bbd5e5d047
normal_dp0_dc0_ud1_nb2000	174	29	010642521d6221cc
normal_dp0_dc0_ud1_nb2000	175	2	72c15ba8f0c9d153
normal_dp0_dc0_ud1_nb2000	176	175	58fb970f68f23e8b
normal_dp0_dc0_ud1_nb2000	177	3	c218bc9ef317b912
normal_dp0_dc0_ud1_nb2000	178	2	edb8b080a73ec176
normal_dp0_dc0_ud1_nb2000	179	56	e80ac5b795d2df00
normal_dp0_dc0_ud1_nb2000	180	169	f75151163b697c9c
normal_dp0_dc0_ud1_nb2000	181	70	e7d0816c661b397a
normal_dp0_dc0_ud1_nb2000	182	6	b5bec723cdeb5f21
normal_dp0_dc0_ud1_nb2000	183	2	f715da348003fd36
normal_dp0_dc0_ud1_nb2000	184	10	17684c733aeb906a
normal_dp0_dc0_ud1_nb2000	185	162	ad86462256c5d2fd
normal_dp0_dc0_ud1_nb2000	186	2	f4c5fe0c958f3e6d
normal_dp0_dc0_ud1_nb2000	187	66	62252d611516e2c2
normal_dp0_dc0_ud1_nb2000	188	6	095e851ce7fee1b7
normal_dp0_dc0_ud1_nb2000	189	3	4275562cef33e65f
normal_dp0_dc0_ud1_nb2000	190	3	01ea72aab73b6f2d
normal_dp0_dc0_ud1_nb2000	191	176	ea84d17e08417dd6
normal_dp0_dc0_ud1_nb2000	192	5	ae1a712b3ffd0260
normal_dp0_dc0_ud1_nb2000	193	3	9d88783521a38ff1
normal_dp0_dc0_ud1_nb2000	194	66	b39264a7d36aa006
normal_dp0_dc0_ud1_nb2000	195	60	34197bff4cf93940
normal_dp0_dc0_ud1_nb2000	196	175	5eedb1a5888d9ba7
normal_dp0_dc0_ud1_nb2000	197	11	2547b6a490f3ba28
normal_dp0_dc0_ud1_nb2000	198	2	9ae12495235be9b1
normal_dp0_dc0_ud1_nb2000	199	11	53a982c28c73c81c
normal_dp0_dc0_ud1_nb2000	200	74	3751fd202ad599d5
normal_dp0_dc0_ud1_nb2000	201	6	6af7fbc304f8b8b5
normal_dp0_dc0_ud1_nb2000	202	3	9867b26f89bd75b4
normal_dp0_dc0_ud1_nb2000	203	26	d950d6b3b4253622
normal_dp0_dc0_ud1_nb2000	204	65	5e2c79a2c3ed15cd
normal_dp0_dc0_ud1_nb2000	205	10	b10739592a1334cc
normal_dp0_dc0_ud1_nb2000	206	183	5b54f73769a5d9a5
normal_dp0_dc0_ud1_nb2000	207	80	fe5bbb2d6b57cdd0
normal_dp0_dc0_ud1_nb2000	208	62	d1916f38b4d0e0b7
normal_dp0_dc0_ud1_nb2000	209	2	7e406aca15207b29
normal_dp0_dc0_ud1_nb2000	210	3	27aa91d89ced92ad
normal_dp0_dc0_ud1_nb2000	211	11	61885b35806c0d03
normal_dp0_dc0_ud1_nb2000	212	10	444c139ff47cb46c
normal_dp0_dc0_ud1_nb2000	213	3	edd5359814ad33df
normal_dp0_dc0_ud1_nb2000	214	23	f013cdc15f99bca8
normal_dp0_dc0_ud1_nb2000	215	5	74ba7792595c3310
normal_dp0_dc0_ud1_nb2000	216	72	f30c1739a572daf1
normal_dp0_dc0_ud1_nb2000	217	7	0b07839a407a37a5
normal_dp0_dc0_ud1_nb2000	218	8	87fc2988054c7275
normal_dp0_dc0_ud1_nb2000	219	5	afc62d7020f46179
normal_dp0_dc0_ud1_nb2000	220	25	80c6e3456046a750
normal_dp0_dc0_ud1_nb2000	221	8	1e66083965185e02
normal_dp0_dc0_ud1_nb2000	222	2	155847d504fd75bd
normal_dp0_dc0_ud1_nb2000	223	3	dfc8d2c7aa545cda
normal_dp0_dc0_ud1_nb2000	224	5	5c4804092e86054c
normal_dp0_dc0_ud1_nb2000	225	2	2832a96cf84da5d8
normal_dp0_dc0_ud1_nb2000	226	181	97de48d6b6ebb0a4
normal_dp0_dc0_ud1_nb2000	227	2	bfb74ba3b9454e97
normal_dp0_dc0_ud1_nb2000	228	30	125c4641d1faaca2
normal_dp0_dc0_ud1_nb2000	229	4	00a3f85f65b1531d
normal_dp0_dc0_ud1_nb2000	230	57	720545bc3e020f64
normal_dp0_dc0_ud1_nb2000	231	6	b327776c5662a820
normal_dp0_dc0_ud1_nb2000	232	3	5612032716e11f80
normal_dp0_dc0_ud1_nb2000	233	29	4002ea50291af003
normal_dp0_dc0_ud1_nb2000	234	3	93f59ad12e846f0f
normal_dp0_dc0_ud1_nb2000	235	63	0e29b17295dd979d
normal_dp0_dc0_ud1_nb2000	236	2	d481bfb675d614dd
normal_dp0_dc0_ud1_nb2000	237	6	9c374886d19d58e2
normal_dp0_dc0_ud1_nb2000	238	30	a40641c9a1660f3d
normal_dp0_dc0_ud1_nb2000	239	2	4b70e50b8edc6292
normal_dp0_dc0_ud1_nb2000	240	6	b9b7ef9ad45d886d
normal_dp0_dc0_ud1_nb2000	241	3	b2635722d8d798e2
normal_dp0_dc0_ud1_nb2000	242	5	dcae176c8012b891
normal_dp0_dc0_ud1_nb2000	243	31	f8bcfb67b2d875e7
normal_dp0_dc0_ud1_nb2000	244	3	ec05ce6608dc3176
normal_dp0_dc0_ud1_nb2000	245	26	bee196c220463511
normal_dp0_dc0_ud1_nb2000	246	175	9c9f0e70857a72e6
normal_dp0_dc0_ud1_nb2000	247	3	e0853c840dd1fdaf
normal_dp0_dc0_ud1_nb2000	248	67	593321edf0fe32fb
normal_dp0_dc0_ud1_nb2000	249	174	4a943ca82f2b5f05
normal_dp0_dc0_ud1_nb2000	250	71	5301f31f05cb8abc
normal_dp0_dc0_ud1_nb2000	251	68	0c768002d82de105
normal_dp0_dc0_ud1_nb2000	252	9	9573efbba0b7e035
normal_dp0_dc0_ud1_nb2000	253	5	68447a6baef27bb5
normal_dp0_dc0_ud1_nb2000	254	7	23796885d75abc94
normal_dp0_dc0_ud1_nb2000	255	67	445bc8635eeb629d
normal_dp0_dc0_ud1_nb2000	256	2	551a63c2d76181f6
normal_dp0_dc0_ud1_nb2000	257	11	7be012cedd4a7b9e
normal_dp0_dc0_ud1_nb2000	258	77	29aaa7076129a14f
normal_dp0_dc0_ud1_nb2000	259	27	f63d593afb2116a0
normal_dp0_dc0_ud1_nb2000	260	2	adbb7c7175eb6e52
normal_dp0_dc0_ud1_nb2000	261	2	f76307a603dd2a5d
normal_dp0_dc0_ud1_nb2000	262	9	25ff801e8277608d
normal_dp0_dc0_ud1_nb2000	263	4	26ad5b1db2402826
normal_dp0_dc0_ud1_nb2000	264	32	a00361935261b366
normal_dp0_dc0_ud1_nb2000	265	3	9f8d916961924fb4
normal_dp0_dc0_ud1_nb2000	266	5	1b0ff3783fc45349
normal_dp0_dc0_ud1_nb2000	267	3	318574d728fb4773
normal_dp0_dc0_ud1_nb2000	268	2	8d2a9efba4c33051
normal_dp0_dc0_ud1_nb2000	269	66	9b7abd4fd4120ff3
normal_dp0_dc0_ud1_nb2000	270	28	bd6825e43716288f
normal_dp0_dc0_ud1_nb2000	271	161	cb7337949fd70ef2
normal_dp0_dc0_ud1_nb2000	272	70	e2e96b19632ad957
normal_dp0_dc0_ud1_nb2000	273	2	6f51285605f5b665
normal_dp0_dc0_ud1_nb2000	274	31	f5015ad63afb8a25
normal_dp0_dc0_ud1_nb2000	275	3	33846b194a9c5819
normal_dp0_dc0_ud1_nb2000	276	170	836610ce31813d17
normal_dp0_dc0_ud1_nb2000	277	9	3eb17629cd58a40a
normal_dp0_dc0_ud1_nb2000	278	170	a78bfb3b0e64eb57
normal_dp0_dc0_ud1_nb2000	279	29	420c26c233a40541
normal_dp0_dc0_ud1_nb2000	280	3	20205e6f2da9609c
normal_dp0_dc0_ud1_nb2000	281	3	62652c0a1c0a640d
normal_dp0_dc0_ud1_nb2000	282	2	9a10022c0daaddb3
normal_dp0_dc0_ud1_nb2000	283	30	5ae746c235dc4ab8
normal_dp0_dc0_ud1_nb2000	284	6	1517db2fd2f8a36a
normal_dp0_dc0_ud1_nb2000	285	15	c5e1c9d0dc12576e
normal_dp0_dc0_ud1_nb2000	286	11	50cc5c7186fe2f57
normal_dp0_dc0_ud1_nb2000	287	178	ae54469988f3e16c
normal_dp0_dc0_ud1_nb2000	288	5	5908aefedc42ad88
normal_dp0_dc0_ud1_nb2000	289	3	74c1046dd66082f6
normal_dp0_dc0_ud1_nb2000	290	2	0f3051d3fcbf1a41
normal_dp0_dc0_ud1_nb2000	291	175	25dec6656135f2eb
normal_dp0_dc0_ud1_nb2000	292	3	97def42dec590a3f
normal_dp0_dc0_ud1_nb2000	293	157	a24c75d7c4941d80
normal_dp0_dc0_ud1_nb2000	294	70	b2000a282ac83bbe
normal_dp0_dc0_ud1_nb2000	295	2	11246c95048adcd5
normal_dp0_dc0_ud1_nb2000	296	163	daf258014d3c7d07
normal_dp0_dc0_ud1_nb2000	297	174	d4ee03ff98a4f94e
normal_dp0_dc0_ud1_nb2000	298	2	b4231c8b8bf14136
normal_dp0_dc0_ud1_nb2000	299	3	17a5652bcb2e5c79
normal_dp0_dc0_ud1_nb2000	300	6	b93a6252f4092a05
normal_dp0_dc0_ud1_nb2000	301	65	80d20f9c7705a0e5
normal_dp0_dc0_ud1_nb2000	302	9	df2ddd6318193891
normal_dp0_dc0_ud1_nb2000	303	6	adb56fe1642e028b
normal_dp0_dc0_ud1_nb2000	304	9	883b2d869787b773
normal_dp0_dc0_ud1_nb2000	305	31	84775fd6936da0dd
normal_dp0_dc0_ud1_nb2000	306	9	55d08a9e81a57ceb
normal_dp0_dc0_ud1_nb2000	307	25	94bd6da21cc572d5
normal_dp0_dc0_ud1_nb2000	308	166	4ab3dea8087bf72f
normal_dp0_dc0_ud1_nb2000	309	2	49f285d1dbd9cded
normal_dp0_dc0_ud1_nb2000	310	3	a19a9ddc616bc40b
normal_dp0_dc0_ud1_nb2000	311	5	8d7b925db37adbff
normal_dp0_dc0_ud1_nb2000	312	66	2cd4dcce32dbbfd2
normal_dp0_dc0_ud1_nb2000	313	66	96a7ca79bde2ff95
normal_dp0_dc0_ud1_nb2000	314	67	b3cd9fb3f0543885
normal_dp0_dc0_ud1_nb2000	315	2	93bc5a015f549470
normal_dp0_dc0_ud1_nb2000	316	174	fac1bff1c5b9ee9b
normal_dp0_dc0_ud1_nb2000	317	6	be9404b2857e93a4
normal_dp0_dc0_ud1_nb2000	318	3	0be369303603bc54
normal_dp0_dc0_ud1_nb2000	319	165	3589af0dd08bb9c0
normal_dp0_dc0_ud1_nb2000	320	29	29b81cd7ce3bfc84
normal_dp0_dc0_ud1_nb2000	321	26	fe83fa67fbcd7ca0
normal_dp0_dc0_ud1_nb2000	322	72	30e97fba9173bd34
normal_dp0_dc0_ud1_nb2000	323	29	2b3ace1012bc5234
normal_dp0_dc0_ud1_nb2000	324	33	ca1e3c0d41a02c11
normal_dp0_dc0_ud1_nb2000	325	9	1ead67206d92303e
normal_dp0_dc0_ud1_nb2000	326	62	c9b5493d8261e74a
normal_dp0_dc0_ud1_nb2000	327	3	d1fb661b574d678c
normal_dp0_dc0_ud1_nb2000	328	9	b46f8687da127df1
normal_dp0_dc0_ud1_nb2000	329	3	f08796570f531be3
normal_dp0_dc0_ud1_nb2000	330	73	40ceda49227a1090
normal_dp0_dc0_ud1_nb2000	331	2	e21106527266f843
normal_dp0_dc0_ud1_nb2000	332	69	05ab259394bc7fd7
normal_dp0_dc0_ud1_nb2000	333	69	afb16990cdd3c976
normal_dp0_dc0_ud1_nb2000	334	162	5b0b214c3af97c5f
normal_dp0_dc0_ud1_nb2000	335	25	1ccbb5e26436bcf3
normal_dp0_dc0_ud1_nb2000	336	64	2303bb364fcb0601
normal_dp0_dc0_ud1_nb2000	337	11	d6a86da1f58bf20f
normal_dp0_dc0_ud1_nb2000	338	72	77228adad3d0a208
normal_dp0_dc0_ud1_nb2000	339	79	64bfc91f33d68d25
normal_dp0_dc0_ud1_nb2000	340	30	637e0e7c708f22e8
normal_dp0_dc0_ud1_nb2000	341	3	6dc1fa2d9a40944f
normal_dp0_dc0_ud1_nb2000	342	30	9e0c7e8cf32545f0
normal_dp0_dc0_ud1_nb2000	343	189	fdcd7e24d7041d6a
normal_dp0_dc0_ud1_nb2000	344	8	471a20c75631bc5b
normal_dp0_dc0_ud1_nb2000	345	27	b8f4d8ac214ec105
normal_dp0_dc0_ud1_nb2000	346	67	5ad960fdfca2adb7
normal_dp0_dc0_ud1_nb2000	347	3	210ba93123af0172
normal_dp0_dc0_ud1_nb2000	348	6	7338d3ddd2815dc0
normal_dp0_dc0_ud1_nb2000	349	26	d6cdcd67aa59aa20
normal_dp0_dc0_ud1_nb2000	350	10	41eb0cc2c5f497f0
normal_dp0_dc0_ud1_nb2000	351	6	8f1fbe3d0f72da7e
normal_dp0_dc0_ud1_nb2000	352	2	ce1ab59737c30339
normal_dp0_dc0_ud1_nb2000	353	28	bde3abe13e6d6d36
normal_dp0_dc0_ud1_nb2000	354	3	dca680b22649204f
normal_dp0_dc0_ud1_nb2000	355	3	a581d4f3412436ff
normal_dp0_dc0_ud1_nb2000	356	2	b36dc3cace10b5a9
normal_dp0_dc0_ud1_nb2000	357	24	18466e007f3913b7
normal_dp0_dc0_ud1_nb2000	358	2	f9fa6bf430f95da3
normal_dp0_dc0_ud1_nb2000	359	2	2528591461d93ca8
normal_dp0_dc0_ud1_nb2000	360	9	b047d46e7267783a
normal_dp0_dc0_ud1_nb2000	361	3	189a983f4ca98b7c
normal_dp0_dc0_ud1_nb2000	362	75	2bb6636f87d19bf2
normal_dp0_dc0_ud1_nb2000	363	156	4016852ff58e4744
normal_dp0_dc0_ud1_nb2000	364	10	26e247b908cf5f37
normal_dp0_dc0_ud1_nb2000	365	2	0acbb33a757090a6
normal_dp0_dc0_ud1_nb2000	366	2	198c1f0846c5965f
normal_dp0_dc0_ud1_nb2000	367	11	89e0706fc7636119
normal_dp0_dc0_ud1_nb2000	368	2	13f24330619548ba
normal_dp0_dc0_ud1_nb2000	369	26	b521feb873a5332d
normal_dp0_dc0_ud1_nb2000	370	6	c2b6a6d77ac0c54c
normal_dp0_dc0_ud1_nb2000	371	2	4cd07f8f33b23519
normal_dp0_dc0_ud1_nb2000	372	4	aa2df6b92da370e0
normal_dp0_dc0_ud1_nb2000	373	5	c45f4864686173b7
normal_dp0_dc0_ud1_nb2000	374	71	9f15f5d66bc06591
normal_dp0_dc0_ud1_nb2000	375	62	32a1541807fdc7ae
normal_dp0_dc0_ud1_nb2000	376	10	c1b63108770f5738
normal_dp0_dc0_ud1_nb2000	377	2	c417926d6aea0d9a
normal_dp0_dc0_ud1_nb2000	378	5	4037e9b3fa834bdd
normal_dp0_dc0_ud1_nb2000	379	11	8f28dcf2885617d0
normal_dp0_dc0_ud1_nb2000	380	73	be4064599c1fa53b
normal_dp0_dc0_ud1_nb2000	381	5	4d17118066878656
normal_dp0_dc0_ud1_nb2000	382	2	ee235b847f480214
normal_dp0_dc0_ud1_nb2000	383	3	ad5d12d2c70ba4e4
normal_dp0_dc0_ud1_nb2000	384	2	17487eeaec684a5e
normal_dp0_dc0_ud1_nb2000	385	2	60e9a85e50134bc4
normal_dp0_dc0_ud1_nb2000	386	169	04cfa6c1516f8413
normal_dp0_dc0_ud1_nb2000	387	10	ea1f642c9ded811c
normal_dp0_dc0_ud1_nb2000	388	74	55b07353fca1271b
normal_dp0_dc0_ud1_nb2000	389	57	a25f8f84c5a0b014
normal_dp0_dc0_ud1_nb2000	390	10	d4a60f09b649bf3b
normal_dp0_dc0_ud1_nb2000	391	10	28af2cef007ba47a
normal_dp0_dc0_ud1_nb2000	392	23	3c8f3e817b9c13a5
normal_dp0_dc0_ud1_nb2000	393	7	0ab9a0f8602eac2c
normal_dp0_dc0_ud1_nb2000	394	2	9e5b2dc50953735f
normal_dp0_dc0_ud1_nb2000	395	8	1d0cbac2855de629
normal_dp0_dc0_ud1_nb2000	396	25	0c090e08f9ff7667
normal_dp0_dc0_ud1_nb2000	397	70	29a19dec680f8796
normal_dp0_dc0_ud1_nb2000	398	181	091afda71e5ed182
normal_dp0_dc0_ud1_nb2000	399	5	db822238ba345a03
search_dp1_dc1_ud0_nb0	0	2	fe3877f9123caf6f
search_dp1_dc1_ud0_nb0	1	17	1cc9be5912e1ae61
search_dp1_dc1_ud0_nb0	2	143	9f1232fbb9d43511
search_dp1_dc1_ud0_nb0	3	3	04752421978926ff
search_dp1_dc1_ud0_nb0	4	53	5c06eb5028c13b67
search_dp1_dc1_ud0_nb0	5	3	35c41a2159b89123
search_dp1_dc1_ud0_nb0	6	52	d87d0872a8e6d4f9
search_dp1_dc1_ud0_nb0	7	136	193c5fa21a2e73d9
search_dp1_dc1_ud0_nb0	8	117	baec0283eb54f335
search_dp1_dc1_ud0_nb0	9	52	05ad8267fd4a5703
search_dp1_dc1_ud0_nb0	10	48	fe7fadbdd74c14b4
search_dp1_dc1_ud0_nb0	11	60	203cb72076576f8f
search_dp1_dc1_ud0_nb0	12	5	cd9d2ab8d7d8e70b
search_dp1_dc1_ud0_nb0	13	1	8610e9dda182bf42
search_dp1_dc1_ud0_nb0	14	4	2e85190163e10d0c
search_dp1_dc1_ud0_nb0	15	4	5de2856cfbed0b06
search_dp1_dc1_ud0_nb0	16	26	7925b539a7044d52
search_dp1_dc1_ud0_nb0	17	2	5420621e61e6b2de
search_dp1_dc1_ud0_nb0	18	4	58a764840892cede
search_dp1_dc1_ud0_nb0	19	1	9063f58a9e418e90
search_dp1_dc1_ud0_nb0	20	46	265daf9d43ef5b38
search_dp1_dc1_ud0_nb0	21	48	88edf28e676b17ee
search_dp1_dc1_ud0_nb0	22	2	b2b47f5335448eeb
search_dp1_dc1_ud0_nb0	23	115	2bab040c1ff42fa2
search_dp1_dc1_ud0_nb0	24	2	4ee24f53fa50f5fb
search_dp1_dc1_ud0_nb0	25	2	210c11ef7723c39c
search_dp1_dc1_ud0_nb0	26	22	c7e89938e8bdb34a
search_dp1_dc1_ud0_nb0	27	2	7a76b7ba3a15016d
search_dp1_dc1_ud0_nb0	28	3	2b3be05945eccc6d
search_dp1_dc1_ud0_nb0	29	1	cb04c009a7a0f623
search_dp1_dc1_ud0_nb0	30	5	69ec4105565c89a1
search_dp1_dc1_ud0_nb0	31	2	115a740f9cd9a619
search_dp1_dc1_ud0_nb0	32	124	d1ac19078fbca1a2
search_dp1_dc1_ud0_nb0	33	3	fb073d01787c3389
search_dp1_dc1_ud0_nb0	34	4	19a003b39818982e
search_dp1_dc1_ud0_nb0	35	117	cc484c421fad78f7
search_dp1_dc1_ud0_nb0	36	7	e5b73009a55ad265
search_dp1_dc1_ud0_nb0	37	63	9a7e0f205dd07083
search_dp1_dc1_ud0_nb0	38	19	2c8451cfc18a034d
search_dp1_dc1_ud0_nb0	39	115	b8ed45531c329ea2
search_dp1_dc1_ud0_nb0	40	131	a3a356cd287dded0
search_dp1_dc1_ud0_nb0	41	24	7cd28e4b74c4982e
search_dp1_dc1_ud0_nb0	42	8	d478843d9d8f0829
search_dp1_dc1_ud0_nb0	43	1	5b21a5ec2f985d77
search_dp1_dc1_ud0_nb0	44	2	8946d53fe3b107ce
search_dp1_dc1_ud0_nb0	45	7	bcd0e6f6073295b3
search_dp1_dc1_ud0_nb0	46	17	2b3f0e64de30d21f
search_dp1_dc1_ud0_nb0	47	56	0f79ab185c978414
search_dp1_dc1_ud0_nb0	48	5	fbbc98c0c89a3eb6
search_dp1_dc1_ud0_nb0	49	4	682fb7ad4c45f435
search_dp1_dc1_ud0_nb0	50	3	fd89f6049da2aafa
search_dp1_dc1_ud0_nb0	51	23	9f735a1929b5126d
search_dp1_dc1_ud0_nb0	52	2	fd08e8dd823f631e
search_dp1_dc1_ud0_nb0	53	6	b61b87c29ab88279
search_dp1_dc1_ud0_nb0	54	3	662b542a83cdcabd
search_dp1_dc1_ud0_nb0	55	52	234e860adfe14831
search_dp1_dc1_ud0_nb0	56	9	21ef0eff9bc27471
search_dp1_dc1_ud0_nb0	57	2	d8c21a02c79c5d2f
search_dp1_dc1_ud0_nb0	58	3	6a5b37258e941d28
search_dp1_dc1_ud0_nb0	59	22	2529dcead0f54f5d
search_dp1_dc1_ud0_nb0	60	3	90e544c7aa820b5e
search_dp1_dc1_ud0_nb0	61	2	50c0e5e565e77d9f
search_dp1_dc1_ud0_nb0	62	3	490e58d435ecad3e
search_dp1_dc1_ud0_nb0	63	17	20f8b027f1304aa0
search_dp1_dc1_ud0_nb0	64	45	f9cb6581e07fc3d2
search_dp1_dc1_ud0_nb0	65	5	ef54a424735e7ba8
search_dp1_dc1_ud0_nb0	66	2	183418e639303309
search_dp1_dc1_ud0_nb0	67	6	8259cff31eddaa7e
search_dp1_dc1_ud0_nb0	68	5	3c9e4c88094cbbfb
search_dp1_dc1_ud0_nb0	69	53	be1bbe704188ac9a
search_dp1_dc1_ud0_nb0	70	5	f08af93532a2f6cd
search_dp1_dc1_ud0_nb0	71	11	8c30854b80cbff79
search_dp1_dc1_ud0_nb0	72	18	8b2fdeecc5367d2e
search_dp1_dc1_ud0_nb0	73	43	99ca928933e56269
search_dp1_dc1_ud0_nb0	74	2	c00d92a30f546d81
search_dp1_dc1_ud0_nb0	75	2	60d11ac02cca1f5c
search_dp1_dc1_ud0_nb0	76	53	2da650a3bf744e23
search_dp1_dc1_ud0_nb0	77	2	72f99e536ffd074b
search_dp1_dc1_ud0_nb0	78	2	8a316a4cbf248e78
search_dp1_dc1_ud0_nb0	79	12	5de65479b9535c0a
search_dp1_dc1_ud0_nb0	80	1	52b4ae3df5b68646
search_dp1_dc1_ud0_nb0	81	6	ff827455272f1a80
search_dp1_dc1_ud0_nb0	82	127	34792a4c38531452
search_dp1_dc1_ud0_nb0	83	4	18c6172a2b20dab9
search_dp1_dc1_ud0_nb0	84	3	98be6817fedd840d
search_dp1_dc1_ud0_nb0	85	51	7b66c3af2a7bfb21
search_dp1_dc1_ud0_nb0	86	6	18191c8901aa16ba
search_dp1_dc1_ud0_nb0	87	21	018701c98698fcaf
search_dp1_dc1_ud0_nb0	88	21	213fe18ea9153a96
search_dp1_dc1_ud0_nb0	89	136	20ddad75480e3dcd
search_dp1_dc1_ud0_nb0	90	2	7ac3584624571a10
search_dp1_dc1_ud0_nb0	91	124	ae85f9f671108df6
search_dp1_dc1_ud0_nb0	92	4	60bbda28de9b1fb0
search_dp1_dc1_ud0_nb0	93	6	8041e288b4fe476e
search_dp1_dc1_ud0_nb0	94	6	98a1472c66a9b589
search_dp1_dc1_ud0_nb0	95	118	9a877e804df83f0a
search_dp1_dc1_ud0_nb0	96	60	290661cebc03fa8c
search_dp1_dc1_ud0_nb0	97	5	61d9d102b34e1726
search_dp1_dc1_ud0_nb0	98	3	66accd03b9beeea3
search_dp1_dc1_ud0_nb0	99	7	9082acb1aa570b2b
search_dp1_dc1_ud0_nb0	100	6	bd521a92b18247d9
search_dp1_dc1_ud0_nb0	101	2	3ff37d05d9e89fc7
search_dp1_dc1_ud0_nb0	102	47	330a4fb43bca84d2
search_dp1_dc1_ud0_nb0	103	26	538d60ba05fe9499
search_dp1_dc1_ud0_nb0	104	1	2aa86b7d09c4fa67
search_dp1_dc1_ud0_nb0	105	2	5e1645b8765c83f3
search_dp1_dc1_ud0_nb0	106	19	a0ffab9c0ede9e36
search_dp1_dc1_ud0_nb0	107	137	34ecc69ba04c9331
search_dp1_dc1_ud0_nb0	108	47	51bc2ffa8f878d3e
search_dp1_dc1_ud0_nb0	109	22	4395fb261492b069
search_dp1_dc1_ud0_nb0	110	5	0929f46f2e6878c7
search_dp1_dc1_ud0_nb0	111	3	01911c6ee2172564
search_dp1_dc1_ud0_nb0	112	3	616126a74fbcf785
search_dp1_dc1_ud0_nb0	113	1	ce908bdfd8c62477
search_dp1_dc1_ud0_nb0	114	108	72cec2fd2a318a96
search_dp1_dc1_ud0_nb0	115	2	4190c4e5c47f9001
search_dp1_dc1_ud0_nb0	116	2	5f2151cdb5d26008
search_dp1_dc1_ud0_nb0	117	118	21a2db542954b17c
search_dp1_dc1_ud0_nb0	118	128	4b5ac006d2c34435
search_dp1_dc1_ud0_nb0	119	2	fa3b1b21769c99bc
search_dp1_dc1_ud0_nb0	120	116	35601a5bce93682a
search_dp1_dc1_ud0_nb0	121	58	ae3f2dd8ef307367
search_dp1_dc1_ud0_nb0	122	139	64e09ae59d168c13
search_dp1_dc1_ud0_nb0	123	2	737f3e1167508935
search_dp1_dc1_ud0_nb0	124	52	f43a6b6f4b8b2a33
search_dp1_dc1_ud0_nb0	125	4	3ec7510780c15cda
search_dp1_dc1_ud0_nb0	126	7	dabb0cde215466ff
search_dp1_dc1_ud0_nb0	127	2	814dccc6d2006e69
search_dp1_dc1_ud0_nb0	128	19	1b0c044a9b82bcb7
search_dp1_dc1_ud0_nb0	129	53	3aeddd11fbdb7fb5
search_dp1_dc1_ud0_nb0	130	2	af2325e713679114
search_dp1_dc1_ud0_nb0	131	121	d4fc36b5420247c0
search_dp1_dc1_ud0_nb0	132	130	6f5821fa4d50eccb
search_dp1_dc1_ud0_nb0	133	2	80af669c13559a46
search_dp1_dc1_ud0_nb0	134	9	c86de27979b93c2e
search_dp1_dc1_ud0_nb0	135	1	4f4429788037f093
search_dp1_dc1_ud0_nb0	136	2	cff4c6b51ab8d1e1
search_dp1_dc1_ud0_nb0	137	3	1dc709adf506815a
search_dp1_dc1_ud0_nb0	138	121	cb190c96f4ebe529
search_dp1_dc1_ud0_nb0	139	122	5357a55e13e442ac
search_dp1_dc1_ud0_nb0	140	5	d0eb69f59bc41631
search_dp1_dc1_ud0_nb0	141	5	e012e7b369b410f6
search_dp1_dc1_ud0_nb0	142	7	7f1078ad70fd6600
search_dp1_dc1_ud0_nb0	143	2	6ff6b8bc6619ae66
search_dp1_dc1_ud0_nb0	144	9	32df00530d74f542
search_dp1_dc1_ud0_nb0	145	41	2220f95de36de30a
search_dp1_dc1_ud0_nb0	146	59	06c4818e6d885599
search_dp1_dc1_ud0_nb0	147	14	286cf56322bdea4f
search_dp1_dc1_ud0_nb0	148	18	797306ee66936809
search_dp1_dc1_ud0_nb0	149	2	0e7a7d4215ecf15a
search_dp1_dc1_ud0_nb0	150	4	a8d155a0060fcc7c
search_dp1_dc1_ud0_nb0	151	5	29ec5580ac044ccc
search_dp1_dc1_ud0_nb0	152	57	cf992200bb323796
search_dp1_dc1_ud0_nb0	153	139	84be2b69e5076913
search_dp1_dc1_ud0_nb0	154	2	60a2b5c9c2e0e62a
search_dp1_dc1_ud0_nb0	155	52	bed33b65cc7f23f2
search_dp1_dc1_ud0_nb0	156	22	744e6054cf572359
search_dp1_dc1_ud0_nb0	157	3	6a36bc7972855e92
search_dp1_dc1_ud0_nb0	158	3	c66d8bfa148e1a07
search_dp1_dc1_ud0_nb0	159	50	0a23b5918db9d03a
search_dp1_dc1_ud0_nb0	160	7	af225a9e313bd07a
search_dp1_dc1_ud0_nb0	161	2	a1619a4837419d10
search_dp1_dc1_ud0_nb0	162	127	63b163698cb462a0
search_dp1_dc1_ud0_nb0	163	7	806ea40904ff7eeb
search_dp1_dc1_ud0_nb0	164	2	e08c08885d04564b
search_dp1_dc1_ud0_nb0	165	3	5c538693c1431f4b
search_dp1_dc1_ud0_nb0	166	135	ec79d74af16bc426
search_dp1_dc1_ud0_nb0	167	57	3c4bd6a67bc7d044
search_dp1_dc1_ud0_nb0	168	2	7f186e27c595ab14
search_dp1_dc1_ud0_nb0	169	8	50b094fe969e79f8
search_dp1_dc1_ud0_nb0	170	2	9a10e7aed7584972
search_dp1_dc1_ud0_nb0	171	49	e924b8d9146bcb4f
search_dp1_dc1_ud0_nb0	172	5	fc512fe2c21e0fa5
search_dp1_dc1_ud0_nb0	173	6	19b5bf88aa1621da
search_dp1_dc1_ud0_nb0	174	17	f2ca72d15b6f229e
search_dp1_dc1_ud0_nb0	175	2	72c15ba8f0c9d153
search_dp1_dc1_ud0_nb0	176	136	a98e46a620be2abe
search_dp1_dc1_ud0_nb0	177	2	bd0ecdb7188c9a68
search_dp1_dc1_ud0_nb0	178	2	edb8b080a73ec176
search_dp1_dc1_ud0_nb0	179	42	0467417239e699e3
search_dp1_dc1_ud0_nb0	180	129	e872cb4fe5edb1fb
search_dp1_dc1_ud0_nb0	181	57	f6726eb4f74738a0
search_dp1_dc1_ud0_nb0	182	6	b5bec723cdeb5f21
search_dp1_dc1_ud0_nb0	183	2	f715da348003fd36
search_dp1_dc1_ud0_nb0	184	7	1f54f8727150652f
search_dp1_dc1_ud0_nb0	185	117	6435c4ff0fc74082
search_dp1_dc1_ud0_nb0	186	2	f4c5fe0c958f3e6d
search_dp1_dc1_ud0_nb0	187	48	821bccf110476c83
search_dp1_dc1_ud0_nb0	188	3	497372c349c1b597
search_dp1_dc1_ud0_nb0	189	3	4275562cef33e65f
search_dp1_dc1_ud0_nb0	190	3	01ea72aab73b6f2d
search_dp1_dc1_ud0_nb0	191	136	af36bb7983edde43
search_dp1_dc1_ud0_nb0	192	5	ae1a712b3ffd0260
search_dp1_dc1_ud0_nb0	193	3	9d88783521a38ff1
search_dp1_dc1_ud0_nb0	194	50	7c20fc5dcf566151
search_dp1_dc1_ud0_nb0	195	45	5c80478cf09b8ce8
search_dp1_dc1_ud0_nb0	196	134	ec3d11f6db573ac1
search_dp1_dc1_ud0_nb0	197	7	d29623dcd610ad0f
search_dp1_dc1_ud0_nb0	198	2	9ae12495235be9b1
search_dp1_dc1_ud0_nb0	199	9	bb624c201e4e9cc4
search_dp1_dc1_ud0_nb0	200	55	be174d9e231cd8f9
search_dp1_dc1_ud0_nb0	201	5	35f561dd999af5d4
search_dp1_dc1_ud0_nb0	202	3	9867b26f89bd75b4
search_dp1_dc1_ud0_nb0	203	18	226e3d31443203c5
search_dp1_dc1_ud0_nb0	204	50	8bdd6c9fb676f0dd
search_dp1_dc1_ud0_nb0	205	9	d4ae11a0420b041b
search_dp1_dc1_ud0_nb0	206	138	dfcc4eafc2696fee
search_dp1_dc1_ud0_nb0	207	61	f892be54048b6e99
search_dp1_dc1_ud0_nb0	208	47	df4d7246c337d17d
search_dp1_dc1_ud0_nb0	209	2	7e406aca15207b29
search_dp1_dc1_ud0_nb0	210	2	4143f74e30e91d3c
search_dp1_dc1_ud0_nb0	211	8	578b5a7244c9cf66
search_dp1_dc1_ud0_nb0	212	9	e7c15e9c132f5e9f
search_dp1_dc1_ud0_nb0	213	3	edd5359814ad33df
search_dp1_dc1_ud0_nb0	214	15	a0861d4f20b809f4
search_dp1_dc1_ud0_nb0	215	5	74ba7792595c3310
search_dp1_dc1_ud0_nb0	216	49	4239084c55558d41
search_dp1_dc1_ud0_nb0	217	6	46526c287d5945e7
search_dp1_dc1_ud0_nb0	218	7	8985312184445782
search_dp1_dc1_ud0_nb0	219	4	dd2e7bf50bbc166f
search_dp1_dc1_ud0_nb0	220	14	31b6dd99f833b867
search_dp1_dc1_ud0_nb0	221	7	ade4e2b9128d0a25
search_dp1_dc1_ud0_nb0	222	2	155847d504fd75bd
search_dp1_dc1_ud0_nb0	223	2	4dbbca2216f7ac7b
search_dp1_dc1_ud0_nb0	224	4	3eb10ddb53008a08
search_dp1_dc1_ud0_nb0	225	2	2832a96cf84da5d8
search_dp1_dc1_ud0_nb0	226	128	7ba47bc2232da8f0
search_dp1_dc1_ud0_nb0	227	1	46eb868fb6e063a1
search_dp1_dc1_ud0_nb0	228	22	69c3dd6270d972ab
search_dp1_dc1_ud0_nb0	229	3	fbdd82a8dd59592c
search_dp1_dc1_ud0_nb0	230	41	86049af10fcb5446
search_dp1_dc1_ud0_nb0	231	4	0f4f24f624930d64
search_dp1_dc1_ud0_nb0	232	2	8266c8aed1bb63ae
search_dp1_dc1_ud0_nb0	233	26	5187808aff5433aa
search_dp1_dc1_ud0_nb0	234	2	e4ca63a93d69cb1f
search_dp1_dc1_ud0_nb0	235	41	dbf186e38664e18c
search_dp1_dc1_ud0_nb0	236	2	d481bfb675d614dd
search_dp1_dc1_ud0_nb0	237	5	5be87911c804685c
search_dp1_dc1_ud0_nb0	238	19	8833eace39f7c5ce
search_dp1_dc1_ud0_nb0	239	2	4b70e50b8edc6292
search_dp1_dc1_ud0_nb0	240	4	11399b68410123df
search_dp1_dc1_ud0_nb0	241	3	b2635722d8d798e2
search_dp1_dc1_ud0_nb0	242	5	dcae176c8012b891
search_dp1_dc1_ud0_nb0	243	19	6f017f693e5df0d7
search_dp1_dc1_ud0_nb0	244	2	a4dda3ae9e4f0f85
search_dp1_dc1_ud0_nb0	245	20	ed362c1051d17f0d
search_dp1_dc1_ud0_nb0	246	128	65ae3e2cb248556c
search_dp1_dc1_ud0_nb0	247	3	e0853c840dd1fdaf
search_dp1_dc1_ud0_nb0	248	48	b40a9b6fd6af7eae
search_dp1_dc1_ud0_nb0	249	135	c330c265683636dd
search_dp1_dc1_ud0_nb0	250	55	b2bf885d9ea9f8c0
search_dp1_dc1_ud0_nb0	251	54	6ecdef06fc50bb37
search_dp1_dc1_ud0_nb0	252	5	8c963a2c9ca6b239
search_dp1_dc1_ud0_nb0	253	5	68447a6baef27bb5
search_dp1_dc1_ud0_nb0	254	6	5d4c55fc5ab69382
search_dp1_dc1_ud0_nb0	255	52	2205fcb3d54632d0
search_dp1_dc1_ud0_nb0	256	2	551a63c2d76181f6
search_dp1_dc1_ud0_nb0	257	9	356ed3703e436ed3
search_dp1_dc1_ud0_nb0	258	62	8f593e0029a61a3f
search_dp1_dc1_ud0_nb0	259	21	2137a94346edfa43
search_dp1_dc1_ud0_nb0	260	2	adbb7c7175eb6e52
search_dp1_dc1_ud0_nb0	261	2	f76307a603dd2a5d
search_dp1_dc1_ud0_nb0	262	6	e5536c6b74cba8d4
search_dp1_dc1_ud0_nb0	263	4	26ad5b1db2402826
search_dp1_dc1_ud0_nb0	264	23	f3ebca8b04b2c17e
search_dp1_dc1_ud0_nb0	265	3	9f8d916961924fb4
search_dp1_dc1_ud0_nb0	266	4	bb31c52b28bb81b0
search_dp1_dc1_ud0_nb0	267	3	318574d728fb4773
search_dp1_dc1_ud0_nb0	268	1	25aef9909dfea048
search_dp1_dc1_ud0_nb0	269	52	3e9f0b852e3e2122
search_dp1_dc1_ud0_nb0	270	21	52e5c23aef9a7c88
search_dp1_dc1_ud0_nb0	271	117	6fa3c71816f6c58a
search_dp1_dc1_ud0_nb0	272	53	07885f861a036364
search_dp1_dc1_ud0_nb0	273	2	6f51285605f5b665
search_dp1_dc1_ud0_nb0	274	26	7689d104468df279
search_dp1_dc1_ud0_nb0	275	3	33846b194a9c5819
search_dp1_dc1_ud0_nb0	276	130	0792945a06e00092
search_dp1_dc1_ud0_nb0	277	7	8c70cecc8aa87c82
search_dp1_dc1_ud0_nb0	278	116	6f581e93df132baa
search_dp1_dc1_ud0_nb0	279	24	1df639b36edc2fb3
search_dp1_dc1_ud0_nb0	280	3	20205e6f2da9609c
search_dp1_dc1_ud0_nb0	281	1	3abc652ea33e17a5
search_dp1_dc1_ud0_nb0	282	2	9a10022c0daaddb3
search_dp1_dc1_ud0_nb0	283	18	b5d03e8ca31bb60b
search_dp1_dc1_ud0_nb0	284	5	33be49397f38c1c0
search_dp1_dc1_ud0_nb0	285	15	c5e1c9d0dc12576e
search_dp1_dc1_ud0_nb0	286	10	ffcd04acf22df2f6
search_dp1_dc1_ud0_nb0	287	140	4777401b154d80a2
search_dp1_dc1_ud0_nb0	288	4	79393d37bfeeb318
search_dp1_dc1_ud0_nb0	289	1	adf4e0e63c574ffd
search_dp1_dc1_ud0_nb0	290	2	0f3051d3fcbf1a41
search_dp1_dc1_ud0_nb0	291	139	86b17b0ce3eea542
search_dp1_dc1_ud0_nb0	292	3	97def42dec590a3f
search_dp1_dc1_ud0_nb0	293	118	d6ad307697e85869
search_dp1_dc1_ud0_nb0	294	52	09f1110f71881ad6
search_dp1_dc1_ud0_nb0	295	1	6d6c9be064bbef04
search_dp1_dc1_ud0_nb0	296	126	45fd614c086277c8
search_dp1_dc1_ud0_nb0	297	139	deca60664017310c
search_dp1_dc1_ud0_nb0	298	2	b4231c8b8bf14136
search_dp1_dc1_ud0_nb0	299	1	ec9a11734f43ecd8
search_dp1_dc1_ud0_nb0	300	5	3f94bc087489c8e4
search_dp1_dc1_ud0_nb0	301	42	4d07a7eda7d69947
search_dp1_dc1_ud0_nb0	302	8	1e5b6fdd3a4d4e63
search_dp1_dc1_ud0_nb0	303	6	adb56fe1642e028b
search_dp1_dc1_ud0_nb0	304	5	e7fe22ccd9ba11f5
search_dp1_dc1_ud0_nb0	305	24	d5a049dd7d6e5a7e
search_dp1_dc1_ud0_nb0	306	8	de2a57432debf637
search_dp1_dc1_ud0_nb0	307	21	1d5ca5bd1b41f926
search_dp1_dc1_ud0_nb0	308	124	13e5b83a69abf1b4
search_dp1_dc1_ud0_nb0	309	2	49f285d1dbd9cded
search_dp1_dc1_ud0_nb0	310	3	a19a9ddc616bc40b
search_dp1_dc1_ud0_nb0	311	3	d22ff6030491e306
search_dp1_dc1_ud0_nb0	312	49	c6186c8afdbd355a
search_dp1_dc1_ud0_nb0	313	51	eb3c2db36574c6c6
search_dp1_dc1_ud0_nb0	314	56	3e76425a6c6878cd
search_dp1_dc1_ud0_nb0	315	1	1ab4e6773c971447
search_dp1_dc1_ud0_nb0	316	132	c83ea76574e77fb0
search_dp1_dc1_ud0_nb0	317	5	a57c653d40b9330e
search_dp1_dc1_ud0_nb0	318	3	0be369303603bc54
search_dp1_dc1_ud0_nb0	319	123	28c179c4c649fdd5
search_dp1_dc1_ud0_nb0	320	26	c994bfb7552b74b5
search_dp1_dc1_ud0_nb0	321	17	5b0a7dfff0b9c268
search_dp1_dc1_ud0_nb0	322	53	d043eb405e3569e3
search_dp1_dc1_ud0_nb0	323	20	192bdfd3fabf0c0d
search_dp1_dc1_ud0_nb0	324	25	f6094db74f55da00
search_dp1_dc1_ud0_nb0	325	6	ba61619909836ace
search_dp1_dc1_ud0_nb0	326	49	8a9d531d9cb078f1
search_dp1_dc1_ud0_nb0	327	3	d1fb661b574d678c
search_dp1_dc1_ud0_nb0	328	7	564bb8edfe92bf9a
search_dp1_dc1_ud0_nb0	329	2	461827dfc2a8b43f
search_dp1_dc1_ud0_nb0	330	59	24d143c271d2927c
search_dp1_dc1_ud0_nb0	331	1	a1b05ad8878eddbd
search_dp1_dc1_ud0_nb0	332	50	cb72812b554fc6f0
search_dp1_dc1_ud0_nb0	333	55	f2f1e5d882fb0c37
search_dp1_dc1_ud0_nb0	334	121	42237fdceaebb978
search_dp1_dc1_ud0_nb0	335	20	79fcb411ac2e935b
search_dp1_dc1_ud0_nb0	336	49	c394ee78bacdd2d3
search_dp1_dc1_ud0_nb0	337	8	027765e0cef51c1c
search_dp1_dc1_ud0_nb0	338	49	9110733812730ca4
search_dp1_dc1_ud0_nb0	339	61	b2587ba4323d77f8
search_dp1_dc1_ud0_nb0	340	23	83cc50944a70869a
search_dp1_dc1_ud0_nb0	341	2	ad98a9842eda811a
search_dp1_dc1_ud0_nb0	342	25	336280dbb4f5bf4a
search_dp1_dc1_ud0_nb0	343	138	e4811195ab54099d
search_dp1_dc1_ud0_nb0	344	6	5f1b071befe1b3b9
search_dp1_dc1_ud0_nb0	345	24	a3c094ff70dad61f
search_dp1_dc1_ud0_nb0	346	54	b955144e2bedda14
search_dp1_dc1_ud0_nb0	347	2	73786eace44df5fe
search_dp1_dc1_ud0_nb0	348	5	a3cd0c88ea908c0a
search_dp1_dc1_ud0_nb0	349	19	7dd7b1bc55e0f86e
search_dp1_dc1_ud0_nb0	350	8	677ae48c18a62575
search_dp1_dc1_ud0_nb0	351	6	8f1fbe3d0f72da7e
search_dp1_dc1_ud0_nb0	352	1	8424221c01ab377a
search_dp1_dc1_ud0_nb0	353	21	86a46489ddb61ddd
search_dp1_dc1_ud0_nb0	354	2	5bda2ca495a4ab74
search_dp1_dc1_ud0_nb0	355	3	a581d4f3412436ff
search_dp1_dc1_ud0_nb0	356	1	0de197205f786e7e
search_dp1_dc1_ud0_nb0	357	20	009440910eb23345
search_dp1_dc1_ud0_nb0	358	2	f9fa6bf430f95da3
search_dp1_dc1_ud0_nb0	359	2	2528591461d93ca8
search_dp1_dc1_ud0_nb0	360	7	920d478d9a1f0969
search_dp1_dc1_ud0_nb0	361	2	c6d90e3c7d693bdd
search_dp1_dc1_ud0_nb0	362	52	ef825df0b15c9ca0
search_dp1_dc1_ud0_nb0	363	120	c5ba63010cef303b
search_dp1_dc1_ud0_nb0	364	7	ffd5dab670422ca6
search_dp1_dc1_ud0_nb0	365	2	0acbb33a757090a6
search_dp1_dc1_ud0_nb0	366	2	198c1f0846c5965f
search_dp1_dc1_ud0_nb0	367	8	983f5743d9aa7e64
search_dp1_dc1_ud0_nb0	368	1	eef15e6694a23b83
search_dp1_dc1_ud0_nb0	369	19	b894b56cac22eb0f
search_dp1_dc1_ud0_nb0	370	6	c2b6a6d77ac0c54c
search_dp1_dc1_ud0_nb0	371	2	4cd07f8f33b23519
search_dp1_dc1_ud0_nb0	372	3	97ef6c6486301c0d
search_dp1_dc1_ud0_nb0	373	5	c45f4864686173b7
search_dp1_dc1_ud0_nb0	374	54	e67b5f19375d47a2
search_dp1_dc1_ud0_nb0	375	47	18e59f2ad150c7a3
search_dp1_dc1_ud0_nb0	376	8	a92efd60205398cf
search_dp1_dc1_ud0_nb0	377	2	c417926d6aea0d9a
search_dp1_dc1_ud0_nb0	378	4	a06e054f270ac1cf
search_dp1_dc1_ud0_nb0	379	8	f7bf4b46fdb7bfe6
search_dp1_dc1_ud0_nb0	380	57	0c57fc8c62d84335
search_dp1_dc1_ud0_nb0	381	3	b1f6b2765a452e84
search_dp1_dc1_ud0_nb0	382	2	ee235b847f480214
search_dp1_dc1_ud0_nb0	383	2	1ca0393d8d48778c
search_dp1_dc1_ud0_nb0	384	2	17487eeaec684a5e
search_dp1_dc1_ud0_nb0	385	2	60e9a85e50134bc4
search_dp1_dc1_ud0_nb0	386	123	0c44e682d3281f6d
search_dp1_dc1_ud0_nb0	387	8	733e113fa41c4d5b
search_dp1_dc1_ud0_nb0	388	64	afd9317a2211d0fa
search_dp1_dc1_ud0_nb0	389	43	6c88adf900ed1e8a
search_dp1_dc1_ud0_nb0	390	7	1e514b22b438dfa3
search_dp1_dc1_ud0_nb0	391	7	109224eb648dc612
search_dp1_dc1_ud0_nb0	392	16	98dda3e153eadd6a
search_dp1_dc1_ud0_nb0	393	7	0ab9a0f8602eac2c
search_dp1_dc1_ud0_nb0	394	2	9e5b2dc50953735f
search_dp1_dc1_ud0_nb0	395	4	6122c00846bbbbae
search_dp1_dc1_ud0_nb0	396	18	331d40996af64802
search_dp1_dc1_ud0_nb0	397	49	c0a03acee2fc370f
search_dp1_dc1_ud0_nb0	398	144	3c7078f9bd1b86a3
search_dp1_dc1_ud0_nb0	399	4	3f607be684c580de
search_dp1_dc1_ud0_nb2000	0	2	fe3877f9123caf6f
search_dp1_dc1_ud0_nb2000	1	17	1cc9be5912e1ae61
search_dp1_dc1_ud0_nb2000	2	144	750e6137acc3b1d5
search_dp1_dc1_ud0_nb2000	3	3	04752421978926ff
search_dp1_dc1_ud0_nb2000	4	53	231ed8efa9d8a32b
search_dp1_dc1_ud0_nb2000	5	3	35c41a2159b89123
search_dp1_dc1_ud0_nb2000	6	52	d87d0872a8e6d4f9
search_dp1_dc1_ud0_nb2000	7	141	bf0315b284c11edd
search_dp1_dc1_ud0_nb2000	8	117	baec0283eb54f335
search_dp1_dc1_ud0_nb2000	9	52	05ad8267fd4a5703
search_dp1_dc1_ud0_nb2000	10	48	fe7fadbdd74c14b4
search_dp1_dc1_ud0_nb2000	11	60	203cb72076576f8f
search_dp1_dc1_ud0_nb2000	12	5	cd9d2ab8d7d8e70b
search_dp1_dc1_ud0_nb2000	13	1	8610e9dda182bf42
search_dp1_dc1_ud0_nb2000	14	4	2e85190163e10d0c
search_dp1_dc1_ud0_nb2000	15	4	5de2856cfbed0b06
search_dp1_dc1_ud0_nb2000	16	27	438f2f482ec2bab9
search_dp1_dc1_ud0_nb2000	17	2	5420621e61e6b2de
search_dp1_dc1_ud0_nb2000	18	4	58a764840892cede
search_dp1_dc1_ud0_nb2000	19	1	9063f58a9e418e90
search_dp1_dc1_ud0_nb2000	20	46	265daf9d43ef5b38
search_dp1_dc1_ud0_nb2000	21	49	9c245828ea4594d6
search_dp1_dc1_ud0_nb2000	22	2	b2b47f5335448eeb
search_dp1_dc1_ud0_nb2000	23	115	2bab040c1ff42fa2
search_dp1_dc1_ud0_nb2000	24	2	4ee24f53fa50f5fb
search_dp1_dc1_ud0_nb2000	25	2	210c11ef7723c39c
search_dp1_dc1_ud0_nb2000	26	22	c7e89938e8bdb34a
search_dp1_dc1_ud0_nb2000	27	2	7a76b7ba3a15016d
search_dp1_dc1_ud0_nb2000	28	3	2b3be05945eccc6d
search_dp1_dc1_ud0_nb2000	29	1	cb04c009a7a0f623
search_dp1_dc1_ud0_nb2000	30	5	69ec4105565c89a1
search_dp1_dc1_ud0_nb2000	31	2	115a740f9cd9a619
search_dp1_dc1_ud0_nb2000	32	124	d1ac19078fbca1a2
search_dp1_dc1_ud0_nb2000	33	3	fb073d01787c3389
search_dp1_dc1_ud0_nb2000	34	4	19a003b39818982e
search_dp1_dc1_ud0_nb2000	35	117	cc484c421fad78f7
search_dp1_dc1_ud0_nb2000	36	7	e5b73009a55ad265
search_dp1_dc1_ud0_nb2000	37	63	9a7e0f205dd07083
search_dp1_dc1_ud0_nb2000	38	19	2c8451cfc18a034d
search_dp1_dc1_ud0_nb2000	39	117	c681a3387c7a74c2
search_dp1_dc1_ud0_nb2000	40	131	a3a356cd287dded0
search_dp1_dc1_ud0_nb2000	41	24	7cd28e4b74c4982e
search_dp1_dc1_ud0_nb2000	42	8	d478843d9d8f0829
search_dp1_dc1_ud0_nb2000	43	1	5b21a5ec2f985d77
search_dp1_dc1_ud0_nb2000	44	2	8946d53fe3b107ce
search_dp1_dc1_ud0_nb2000	45	7	bcd0e6f6073295b3
search_dp1_dc1_ud0_nb2000	46	17	2b3f0e64de30d21f
search_dp1_dc1_ud0_nb2000	47	57	7fc2730f2a3c3ebd
search_dp1_dc1_ud0_nb2000	48	5	fbbc98c0c89a3eb6
search_dp1_dc1_ud0_nb2000	49	4	682fb7ad4c45f435
search_dp1_dc1_ud0_nb2000	50	3	fd89f6049da2aafa
search_dp1_dc1_ud0_nb2000	51	23	9f735a1929b5126d
search_dp1_dc1_ud0_nb2000	52	2	fd08e8dd823f631e
search_dp1_dc1_ud0_nb2000	53	6	b61b87c29ab88279
search_dp1_dc1_ud0_nb2000	54	3	662b542a83cdcabd
search_dp1_dc1_ud0_nb2000	55	52	234e860adfe14831
search_dp1_dc1_ud0_nb2000	56	9	21ef0eff9bc27471
search_dp1_dc1_ud0_nb2000	57	2	d8c21a02c79c5d2f
search_dp1_dc1_ud0_nb2000	58	3	6a5b37258e941d28
search_dp1_dc1_ud0_nb2000	59	23	312e489a4f8266be
search_dp1_dc1_ud0_nb2000	60	3	90e544c7aa820b5e
search_dp1_dc1_ud0_nb2000	61	2	50c0e5e565e77d9f
search_dp1_dc1_ud0_nb2000	62	3	490e58d435ecad3e
search_dp1_dc1_ud0_nb2000	63	17	20f8b027f1304aa0
search_dp1_dc1_ud0_nb2000	64	45	f9cb6581e07fc3d2
search_dp1_dc1_ud0_nb2000	65	5	ef54a424735e7ba8
search_dp1_dc1_ud0_nb2000	66	2	183418e639303309
search_dp1_dc1_ud0_nb2000	67	6	8259cff31eddaa7e
search_dp1_dc1_ud0_nb2000	68	5	3c9e4c88094cbbfb
search_dp1_dc1_ud0_nb2000	69	54	1048a2d9a0d789b3
search_dp1_dc1_ud0_nb2000	70	6	de8c5f9d34bede0d
search_dp1_dc1_ud0_nb2000	71	11	8c30854b80cbff79
search_dp1_dc1_ud0_nb2000	72	18	8b2fdeecc5367d2e
search_dp1_dc1_ud0_nb2000	73	43	99ca928933e56269
search_dp1_dc1_ud0_nb2000	74	2	c00d92a30f546d81
search_dp1_dc1_ud0_nb2000	75	2	60d11ac02cca1f5c
search_dp1_dc1_ud0_nb2000	76	54	9fb0f4682168230e
search_dp1_dc1_ud0_nb2000	77	2	72f99e536ffd074b
search_dp1_dc1_ud0_nb2000	78	2	8a316a4cbf248e78
search_dp1_dc1_ud0_nb2000	79	12	5de65479b9535c0a
search_dp1_dc1_ud0_nb2000	80	1	52b4ae3df5b68646
search_dp1_dc1_ud0_nb2000	81	6	ff827455272f1a80
search_dp1_dc1_ud0_nb2000	82	129	0fd5b52d228c8a1b
search_dp1_dc1_ud0_nb2000	83	4	18c6172a2b20dab9
search_dp1_dc1_ud0_nb2000	84	3	98be6817fedd840d
search_dp1_dc1_ud0_nb2000	85	51	7b66c3af2a7bfb21
search_dp1_dc1_ud0_nb2000	86	6	18191c8901aa16ba
search_dp1_dc1_ud0_nb2000	87	22	596f255c03e01b8c
search_dp1_dc1_ud0_nb2000	88	21	213fe18ea9153a96
search_dp1_dc1_ud0_nb2000	89	137	207135a2601018ca
search_dp1_dc1_ud0_nb2000	90	2	7ac3584624571a10
search_dp1_dc1_ud0_nb2000	91	126	efd4711bcaa12583
search_dp1_dc1_ud0_nb2000	92	4	60bbda28de9b1fb0
search_dp1_dc1_ud0_nb2000	93	6	8041e288b4fe476e
search_dp1_dc1_ud0_nb2000	94	6	98a1472c66a9b589
search_dp1_dc1_ud0_nb2000	95	120	67e2acaaf78e0b14
search_dp1_dc1_ud0_nb2000	96	60	290661cebc03fa8c
search_dp1_dc1_ud0_nb2000	97	5	61d9d102b34e1726
search_dp1_dc1_ud0_nb2000	98	3	66accd03b9beeea3
search_dp1_dc1_ud0_nb2000	99	7	9082acb1aa570b2b
search_dp1_dc1_ud0_nb2000	100	6	bd521a92b18247d9
search_dp1_dc1_ud0_nb2000	101	2	3ff37d05d9e89fc7
search_dp1_dc1_ud0_nb2000	102	47	330a4fb43bca84d2
search_dp1_dc1_ud0_nb2000	103	27	20fc49f1ed7c1de2
search_dp1_dc1_ud0_nb2000	104	1	2aa86b7d09c4fa67
search_dp1_dc1_ud0_nb2000	105	2	5e1645b8765c83f3
search_dp1_dc1_ud0_nb2000	106	19	a0ffab9c0ede9e36
search_dp1_dc1_ud0_nb2000	107	138	2eba7125e6d26fd1
search_dp1_dc1_ud0_nb2000	108	47	51bc2ffa8f878d3e
search_dp1_dc1_ud0_nb2000	109	23	188c8967e2b56318
search_dp1_dc1_ud0_nb2000	110	5	0929f46f2e6878c7
search_dp1_dc1_ud0_nb2000	111	3	01911c6ee2172564
search_dp1_dc1_ud0_nb2000	112	3	616126a74fbcf785
search_dp1_dc1_ud0_nb2000	113	1	ce908bdfd8c62477
search_dp1_dc1_ud0_nb2000	114	108	72cec2fd2a318a96
search_dp1_dc1_ud0_nb2000	115	2	4190c4e5c47f9001
search_dp1_dc1_ud0_nb2000	116	2	5f2151cdb5d26008
search_dp1_dc1_ud0_nb2000	117	118	21a2db542954b17c
search_dp1_dc1_ud0_nb2000	118	131	42dea4d3c5d7ab06
search_dp1_dc1_ud0_nb2000	119	2	fa3b1b21769c99bc
search_dp1_dc1_ud0_nb2000	120	116	35601a5bce93682a
search_dp1_dc1_ud0_nb2000	121	58	ae3f2dd8ef307367
search_dp1_dc1_ud0_nb2000	122	141	aac6b47c0ea051bb
search_dp1_dc1_ud0_nb2000	123	2	737f3e1167508935
search_dp1_dc1_ud0_nb2000	124	52	f43a6b6f4b8b2a33
search_dp1_dc1_ud0_nb2000	125	4	3ec7510780c15cda
search_dp1_dc1_ud0_nb2000	126	7	dabb0cde215466ff
search_dp1_dc1_ud0_nb2000	127	2	814dccc6d2006e69
search_dp1_dc1_ud0_nb2000	128	19	1b0c044a9b82bcb7
search_dp1_dc1_ud0_nb2000	129	53	3aeddd11fbdb7fb5
search_dp1_dc1_ud0_nb2000	130	2	af2325e713679114
search_dp1_dc1_ud0_nb2000	131	121	d4fc36b5420247c0
search_dp1_dc1_ud0_nb2000	132	133	aa9333a911fb61a7
search_dp1_dc1_ud0_nb2000	133	2	80af669c13559a46
search_dp1_dc1_ud0_nb2000	134	9	c86de27979b93c2e
search_dp1_dc1_ud0_nb2000	135	1	4f4429788037f093
search_dp1_dc1_ud0_nb2000	136	2	cff4c6b51ab8d1e1
search_dp1_dc1_ud0_nb2000	137	3	1dc709adf506815a
search_dp1_dc1_ud0_nb2000	138	121	cb190c96f4ebe529
search_dp1_dc1_ud0_nb2000	139	124	28c9167279465da7
search_dp1_dc1_ud0_nb2000	140	5	d0eb69f59bc41631
search_dp1_dc1_ud0_nb2000	141	5	e012e7b369b410f6
search_dp1_dc1_ud0_nb2000	142	7	7f1078ad70fd6600
search_dp1_dc1_ud0_nb2000	143	2	6ff6b8bc6619ae66
search_dp1_dc1_ud0_nb2000	144	10	e00561292173cdef
search_dp1_dc1_ud0_nb2000	145	41	2220f95de36de30a
search_dp1_dc1_ud0_nb2000	146	59	06c4818e6d885599
search_dp1_dc1_ud0_nb2000	147	14	286cf56322bdea4f
search_dp1_dc1_ud0_nb2000	148	18	797306ee66936809
search_dp1_dc1_ud0_nb2000	149	2	0e7a7d4215ecf15a
search_dp1_dc1_ud0_nb2000	150	4	a8d155a0060fcc7c
search_dp1_dc1_ud0_nb2000	151	5	29ec5580ac044ccc
search_dp1_dc1_ud0_nb2000	152	58	ef8dd40aa870f49f
search_dp1_dc1_ud0_nb2000	153	139	84be2b69e5076913
search_dp1_dc1_ud0_nb2000	154	2	60a2b5c9c2e0e62a
search_dp1_dc1_ud0_nb2000	155	52	bed33b65cc7f23f2
search_dp1_dc1_ud0_nb2000	156	22	744e6054cf572359
search_dp1_dc1_ud0_nb2000	157	3	6a36bc7972855e92
search_dp1_dc1_ud0_nb2000	158	3	c66d8bfa148e1a07
search_dp1_dc1_ud0_nb2000	159	50	0a23b5918db9d03a
search_dp1_dc1_ud0_nb2000	160	7	af225a9e313bd07a
search_dp1_dc1_ud0_nb2000	161	2	a1619a4837419d10
search_dp1_dc1_ud0_nb2000	162	130	802966fe1d70fab1
search_dp1_dc1_ud0_nb2000	163	7	806ea40904ff7eeb
search_dp1_dc1_ud0_nb2000	164	2	e08c08885d04564b
search_dp1_dc1_ud0_nb2000	165	3	5c538693c1431f4b
search_dp1_dc1_ud0_nb2000	166	135	ec79d74af16bc426
search_dp1_dc1_ud0_nb2000	167	58	cc31c9db260162cb
search_dp1_dc1_ud0_nb2000	168	2	7f186e27c595ab14
search_dp1_dc1_ud0_nb2000	169	8	50b094fe969e79f8
search_dp1_dc1_ud0_nb2000	170	2	9a10e7aed7584972
search_dp1_dc1_ud0_nb2000	171	50	b513722b1ad762cb
search_dp1_dc1_ud0_nb2000	172	5	fc512fe2c21e0fa5
search_dp1_dc1_ud0_nb2000	173	6	19b5bf88aa1621da
search_dp1_dc1_ud0_nb2000	174	18	c5187d4072ab161a
search_dp1_dc1_ud0_nb2000	175	2	72c15ba8f0c9d153
search_dp1_dc1_ud0_nb2000	176	137	7d611ff5c6ba02ff
search_dp1_dc1_ud0_nb2000	177	2	bd0ecdb7188c9a68
search_dp1_dc1_ud0_nb2000	178	2	edb8b080a73ec176
search_dp1_dc1_ud0_nb2000	179	42	0467417239e699e3
search_dp1_dc1_ud0_nb2000	180	132	b19440b9d30726c7
search_dp1_dc1_ud0_nb2000	181	57	f6726eb4f74738a0
search_dp1_dc1_ud0_nb2000	182	6	b5bec723cdeb5f21
search_dp1_dc1_ud0_nb2000	183	2	f715da348003fd36
search_dp1_dc1_ud0_nb2000	184	7	1f54f8727150652f
search_dp1_dc1_ud0_nb2000	185	118	62b31359991394b0
search_dp1_dc1_ud0_nb2000	186	2	f4c5fe0c958f3e6d
search_dp1_dc1_ud0_nb2000	187	49	d1f2a4a8ba9162e9
search_dp1_dc1_ud0_nb2000	188	3	497372c349c1b597
search_dp1_dc1_ud0_nb2000	189	3	4275562cef33e65f
search_dp1_dc1_ud0_nb2000	190	3	01ea72aab73b6f2d
search_dp1_dc1_ud0_nb2000	191	136	af36bb7983edde43
search_dp1_dc1_ud0_nb2000	192	5	ae1a712b3ffd0260
search_dp1_dc1_ud0_nb2000	193	3	9d88783521a38ff1
search_dp1_dc1_ud0_nb2000	194	51	2f3c3a4c565d5efc
search_dp1_dc1_ud0_nb2000	195	45	5c80478cf09b8ce8
search_dp1_dc1_ud0_nb2000	196	136	7653c1d1a2f3bc2c
search_dp1_dc1_ud0_nb2000	197	7	d29623dcd610ad0f
search_dp1_dc1_ud0_nb2000	198	2	9ae12495235be9b1
search_dp1_dc1_ud0_nb2000	199	9	bb624c201e4e9cc4
search_dp1_dc1_ud0_nb2000	200	55	be174d9e231cd8f9
search_dp1_dc1_ud0_nb2000	201	5	35f561dd999af5d4
search_dp1_dc1_ud0_nb2000	202	3	9867b26f89bd75b4
search_dp1_dc1_ud0_nb2000	203	18	226e3d31443203c5
search_dp1_dc1_ud0_nb2000	204	51	408fbe0f2425b30e
search_dp1_dc1_ud0_nb2000	205	9	d4ae11a0420b041b
search_dp1_dc1_ud0_nb2000	206	139	13c6b6e1956b7f14
search_dp1_dc1_ud0_nb2000	207	62	ff79080f338e28c1
search_dp1_dc1_ud0_nb2000	208	48	ecb24fc837fc62b4
search_dp1_dc1_ud0_nb2000	209	2	7e406aca15207b29
search_dp1_dc1_ud0_nb2000	210	2	4143f74e30e91d3c
search_dp1_dc1_ud0_nb2000	211	8	578b5a7244c9cf66
search_dp1_dc1_ud0_nb2000	212	9	e7c15e9c132f5e9f
search_dp1_dc1_ud0_nb2000	213	3	edd5359814ad33df
search_dp1_dc1_ud0_nb2000	214	15	a0861d4f20b809f4
search_dp1_dc1_ud0_nb2000	215	5	74ba7792595c3310
search_dp1_dc1_ud0_nb2000	216	50	103b850c039901cc
search_dp1_dc1_ud0_nb2000	217	6	46526c287d5945e7
search_dp1_dc1_ud0_nb2000	218	7	8985312184445782
search_dp1_dc1_ud0_nb2000	219	4	dd2e7bf50bbc166f
search_dp1_dc1_ud0_nb2000	220	14	31b6dd99f833b867
search_dp1_dc1_ud0_nb2000	221	7	ade4e2b9128d0a25
search_dp1_dc1_ud0_nb2000	222	2	155847d504fd75bd
search_dp1_dc1_ud0_nb2000	223	2	4dbbca2216f7ac7b
search_dp1_dc1_ud0_nb2000	224	4	3eb10ddb53008a08
search_dp1_dc1_ud0_nb2000	225	2	2832a96cf84da5d8
search_dp1_dc1_ud0_nb2000	226	128	7ba47bc2232da8f0
search_dp1_dc1_ud0_nb2000	227	1	46eb868fb6e063a1
search_dp1_dc1_ud0_nb2000	228	22	69c3dd6270d972ab
search_dp1_dc1_ud0_nb2000	229	3	fbdd82a8dd59592c
search_dp1_dc1_ud0_nb2000	230	41	86049af10fcb5446
search_dp1_dc1_ud0_nb2000	231	4	0f4f24f624930d64
search_dp1_dc1_ud0_nb2000	232	2	8266c8aed1bb63ae
search_dp1_dc1_ud0_nb2000	233	26	5187808aff5433aa
search_dp1_dc1_ud0_nb2000	234	2	e4ca63a93d69cb1f
search_dp1_dc1_ud0_nb2000	235	41	dbf186e38664e18c
search_dp1_dc1_ud0_nb2000	236	2	d481bfb675d614dd
search_dp1_dc1_ud0_nb2000	237	6	b04711e899c41616
search_dp1_dc1_ud0_nb2000	238	19	8833eace39f7c5ce
search_dp1_dc1_ud0_nb2000	239	2	4b70e50b8edc6292
search_dp1_dc1_ud0_nb2000	240	4	11399b68410123df
search_dp1_dc1_ud0_nb2000	241	3	b2635722d8d798e2
search_dp1_dc1_ud0_nb2000	242	5	dcae176c8012b891
search_dp1_dc1_ud0_nb2000	243	20	02303f2a953e56f7
search_dp1_dc1_ud0_nb2000	244	2	a4dda3ae9e4f0f85
search_dp1_dc1_ud0_nb2000	245	20	ed362c1051d17f0d
search_dp1_dc1_ud0_nb2000	246	128	65ae3e2cb248556c
search_dp1_dc1_ud0_nb2000	247	3	e0853c840dd1fdaf
search_dp1_dc1_ud0_nb2000	248	48	b40a9b6fd6af7eae
search_dp1_dc1_ud0_nb2000	249	136	58779c120a4ab0d4
search_dp1_dc1_ud0_nb2000	250	55	b2bf885d9ea9f8c0
search_dp1_dc1_ud0_nb2000	251	54	6ecdef06fc50bb37
search_dp1_dc1_ud0_nb2000	252	5	8c963a2c9ca6b239
search_dp1_dc1_ud0_nb2000	253	5	68447a6baef27bb5
search_dp1_dc1_ud0_nb2000	254	6	5d4c55fc5ab69382
search_dp1_dc1_ud0_nb2000	255	53	ce8166c39efb5775
search_dp1_dc1_ud0_nb2000	256	2	551a63c2d76181f6
search_dp1_dc1_ud0_nb2000	257	9	356ed3703e436ed3
search_dp1_dc1_ud0_nb2000	258	62	8f593e0029a61a3f
search_dp1_dc1_ud0_nb2000	259	21	2137a94346edfa43
search_dp1_dc1_ud0_nb2000	260	2	adbb7c7175eb6e52
search_dp1_dc1_ud0_nb2000	261	2	f76307a603dd2a5d
search_dp1_dc1_ud0_nb2000	262	7	4159b8c0b76a566f
search_dp1_dc1_ud0_nb2000	263	4	26ad5b1db2402826
search_dp1_dc1_ud0_nb2000	264	23	f3ebca8b04b2c17e
search_dp1_dc1_ud0_nb2000	265	3	9f8d916961924fb4
search_dp1_dc1_ud0_nb2000	266	4	bb31c52b28bb81b0
search_dp1_dc1_ud0_nb2000	267	3	318574d728fb4773
search_dp1_dc1_ud0_nb2000	268	1	25aef9909dfea048
search_dp1_dc1_ud0_nb2000	269	52	3e9f0b852e3e2122
search_dp1_dc1_ud0_nb2000	270	21	52e5c23aef9a7c88
search_dp1_dc1_ud0_nb2000	271	117	6fa3c71816f6c58a
search_dp1_dc1_ud0_nb2000	272	54	7a7c05e44edca3ac
search_dp1_dc1_ud0_nb2000	273	2	6f51285605f5b665
search_dp1_dc1_ud0_nb2000	274	26	7689d104468df279
search_dp1_dc1_ud0_nb2000	275	3	33846b194a9c5819
search_dp1_dc1_ud0_nb2000	276	131	b6ecd29851d42f51
search_dp1_dc1_ud0_nb2000	277	7	8c70cecc8aa87c82
search_dp1_dc1_ud0_nb2000	278	117	e1f07d10012ee194
search_dp1_dc1_ud0_nb2000	279	24	1df639b36edc2fb3
search_dp1_dc1_ud0_nb2000	280	3	20205e6f2da9609c
search_dp1_dc1_ud0_nb2000	281	1	3abc652ea33e17a5
search_dp1_dc1_ud0_nb2000	282	2	9a10022c0daaddb3
search_dp1_dc1_ud0_nb2000	283	18	b5d03e8ca31bb60b
search_dp1_dc1_ud0_nb2000	284	5	33be49397f38c1c0
search_dp1_dc1_ud0_nb2000	285	15	c5e1c9d0dc12576e
search_dp1_dc1_ud0_nb2000	286	10	ffcd04acf22df2f6
search_dp1_dc1_ud0_nb2000	287	141	e296ca765a743651
search_dp1_dc1_ud0_nb2000	288	4	79393d37bfeeb318
search_dp1_dc1_ud0_nb2000	289	1	adf4e0e63c574ffd
search_dp1_dc1_ud0_nb2000	290	2	0f3051d3fcbf1a41
search_dp1_dc1_ud0_nb2000	291	141	02c857e44efc436b
search_dp1_dc1_ud0_nb2000	292	3	97def42dec590a3f
search_dp1_dc1_ud0_nb2000	293	118	d6ad307697e85869
search_dp1_dc1_ud0_nb2000	294	52	09f1110f71881ad6
search_dp1_dc1_ud0_nb2000	295	1	6d6c9be064bbef04
search_dp1_dc1_ud0_nb2000	296	126	45fd614c086277c8
search_dp1_dc1_ud0_nb2000	297	139	6d09007002657394
search_dp1_dc1_ud0_nb2000	298	2	b4231c8b8bf14136
search_dp1_dc1_ud0_nb2000	299	1	ec9a11734f43ecd8
search_dp1_dc1_ud0_nb2000	300	5	3f94bc087489c8e4
search_dp1_dc1_ud0_nb2000	301	42	4d07a7eda7d69947
search_dp1_dc1_ud0_nb2000	302	8	1e5b6fdd3a4d4e63
search_dp1_dc1_ud0_nb2000	303	6	adb56fe1642e028b
search_dp1_dc1_ud0_nb2000	304	5	e7fe22ccd9ba11f5
search_dp1_dc1_ud0_nb2000	305	25	4353de2f98302be9
search_dp1_dc1_ud0_nb2000	306	8	de2a57432debf637
search_dp1_dc1_ud0_nb2000	307	21	1d5ca5bd1b41f926
search_dp1_dc1_ud0_nb2000	308	128	0b3a2ba85f024fd3
search_dp1_dc1_ud0_nb2000	309	2	49f285d1dbd9cded
search_dp1_dc1_ud0_nb2000	310	3	a19a9ddc616bc40b
search_dp1_dc1_ud0_nb2000	311	3	d22ff6030491e306
search_dp1_dc1_ud0_nb2000	312	49	c6186c8afdbd355a
search_dp1_dc1_ud0_nb2000	313	51	eb3c2db36574c6c6
search_dp1_dc1_ud0_nb2000	314	56	3e76425a6c6878cd
search_dp1_dc1_ud0_nb2000	315	1	1ab4e6773c971447
search_dp1_dc1_ud0_nb2000	316	133	d3daed3e1ff4efe1
search_dp1_dc1_ud0_nb2000	317	5	a57c653d40b9330e
search_dp1_dc1_ud0_nb2000	318	3	0be369303603bc54
search_dp1_dc1_ud0_nb2000	319	123	28c179c4c649fdd5
search_dp1_dc1_ud0_nb2000	320	26	c994bfb7552b74b5
search_dp1_dc1_ud0_nb2000	321	17	5b0a7dfff0b9c268
search_dp1_dc1_ud0_nb2000	322	53	d043eb405e3569e3
search_dp1_dc1_ud0_nb2000	323	21	7254abb49f42bae8
search_dp1_dc1_ud0_nb2000	324	26	60dd038dc9465c19
search_dp1_dc1_ud0_nb2000	325	6	ba61619909836ace
search_dp1_dc1_ud0_nb2000	326	49	8a9d531d9cb078f1
search_dp1_dc1_ud0_nb2000	327	3	d1fb661b574d678c
search_dp1_dc1_ud0_nb2000	328	7	564bb8edfe92bf9a
search_dp1_dc1_ud0_nb2000	329	2	461827dfc2a8b43f
search_dp1_dc1_ud0_nb2000	330	59	24d143c271d2927c
search_dp1_dc1_ud0_nb2000	331	1	a1b05ad8878eddbd
search_dp1_dc1_ud0_nb2000	332	50	cb72812b554fc6f0
search_dp1_dc1_ud0_nb2000	333	55	f2f1e5d882fb0c37
search_dp1_dc1_ud0_nb2000	334	122	dfe1c5d3ae4d5e7c
search_dp1_dc1_ud0_nb2000	335	21	a4ff4ef3110996b7
search_dp1_dc1_ud0_nb2000	336	49	c394ee78bacdd2d3
search_dp1_dc1_ud0_nb2000	337	8	027765e0cef51c1c
search_dp1_dc1_ud0_nb2000	338	49	9110733812730ca4
search_dp1_dc1_ud0_nb2000	339	63	abadfde216c22997
search_dp1_dc1_ud0_nb2000	340	23	83cc50944a70869a
search_dp1_dc1_ud0_nb2000	341	2	ad98a9842eda811a
search_dp1_dc1_ud0_nb2000	342	25	336280dbb4f5bf4a
search_dp1_dc1_ud0_nb2000	343	140	f2d208692a64d6fe
search_dp1_dc1_ud0_nb2000	344	6	5f1b071befe1b3b9
search_dp1_dc1_ud0_nb2000	345	24	a3c094ff70dad61f
search_dp1_dc1_ud0_nb2000	346	54	b955144e2bedda14
search_dp1_dc1_ud0_nb2000	347	2	73786eace44df5fe
search_dp1_dc1_ud0_nb2000	348	5	a3cd0c88ea908c0a
search_dp1_dc1_ud0_nb2000	349	19	7dd7b1bc55e0f86e
search_dp1_dc1_ud0_nb2000	350	8	677ae48c18a62575
search_dp1_dc1_ud0_nb2000	351	6	8f1fbe3d0f72da7e
search_dp1_dc1_ud0_nb2000	352	1	8424221c01ab377a
search_dp1_dc1_ud0_nb2000	353	21	86a46489ddb61ddd
search_dp1_dc1_ud0_nb2000	354	2	5bda2ca495a4ab74
search_dp1_dc1_ud0_nb2000	355	3	a581d4f3412436ff
search_dp1_dc1_ud0_nb2000	356	1	0de197205f786e7e
search_dp1_dc1_ud0_nb2000	357	21	fbe2fe24cd067217
search_dp1_dc1_ud0_nb2000	358	2	f9fa6bf430f95da3
search_dp1_dc1_ud0_nb2000	359	2	2528591461d93ca8
search_dp1_dc1_ud0_nb2000	360	7	920d478d9a1f0969
search_dp1_dc1_ud0_nb2000	361	2	c6d90e3c7d693bdd
search_dp1_dc1_ud0_nb2000	362	54	51dcc729bf18c8a7
search_dp1_dc1_ud0_nb2000	363	120	c5ba63010cef303b
search_dp1_dc1_ud0_nb2000	364	7	ffd5dab670422ca6
search_dp1_dc1_ud0_nb2000	365	2	0acbb33a757090a6
search_dp1_dc1_ud0_nb2000	366	2	198c1f0846c5965f
search_dp1_dc1_ud0_nb2000	367	8	983f5743d9aa7e64
search_dp1_dc1_ud0_nb2000	368	1	eef15e6694a23b83
search_dp1_dc1_ud0_nb2000	369	19	b894b56cac22eb0f
search_dp1_dc1_ud0_nb2000	370	6	c2b6a6d77ac0c54c
search_dp1_dc1_ud0_nb2000	371	2	4cd07f8f33b23519
search_dp1_dc1_ud0_nb2000	372	3	97ef6c6486301c0d
search_dp1_dc1_ud0_nb2000	373	5	c45f4864686173b7
search_dp1_dc1_ud0_nb2000	374	55	6247ac6f8eece8eb
search_dp1_dc1_ud0_nb2000	375	47	18e59f2ad150c7a3
search_dp1_dc1_ud0_nb2000	376	8	a92efd60205398cf
search_dp1_dc1_ud0_nb2000	377	2	c417926d6aea0d9a
search_dp1_dc1_ud0_nb2000	378	4	a06e054f270ac1cf
search_dp1_dc1_ud0_nb2000	379	8	f7bf4b46fdb7bfe6
search_dp1_dc1_ud0_nb2000	380	58	b8fb7e8248cc390e
search_dp1_dc1_ud0_nb2000	381	3	b1f6b2765a452e84
search_dp1_dc1_ud0_nb2000	382	2	ee235b847f480214
search_dp1_dc1_ud0_nb2000	383	2	1ca0393d8d48778c
search_dp1_dc1_ud0_nb2000	384	2	17487eeaec684a5e
search_dp1_dc1_ud0_nb2000	385	2	60e9a85e50134bc4
search_dp1_dc1_ud0_nb2000	386	123	0c44e682d3281f6d
search_dp1_dc1_ud0_nb2000	387	8	733e113fa41c4d5b
search_dp1_dc1_ud0_nb2000	388	64	afd9317a2211d0fa
search_dp1_dc1_ud0_nb2000	389	45	f439f643b5e85148
search_dp1_dc1_ud0_nb2000	390	7	1e514b22b438dfa3
search_dp1_dc1_ud0_nb2000	391	7	109224eb648dc612
search_dp1_dc1_ud0_nb2000	392	16	98dda3e153eadd6a
search_dp1_dc1_ud0_nb2000	393	7	0ab9a0f8602eac2c
search_dp1_dc1_ud0_nb2000	394	2	9e5b2dc50953735f
search_dp1_dc1_ud0_nb2000	395	4	6122c00846bbbbae
search_dp1_dc1_ud0_nb2000	396	18	331d40996af64802
search_dp1_dc1_ud0_nb2000	397	49	c0a03acee2fc370f
search_dp1_dc1_ud0_nb2000	398	144	3c7078f9bd1b86a3
search_dp1_dc1_ud0_nb2000	399	4	3f607be684c580de
search_dp1_dc1_ud1_nb0	0	2	fe3877f9123caf6f
search_dp1_dc1_ud1_nb0	1	17	1cc9be5912e1ae61
search_dp1_dc1_ud1_nb0	2	143	133de218ceaf90ee
search_dp1_dc1_ud1_nb0	3	3	04752421978926ff
search_dp1_dc1_ud1_nb0	4	53	5c06eb5028c13b67
search_dp1_dc1_ud1_nb0	5	3	35c41a2159b89123
search_dp1_dc1_ud1_nb0	6	52	d87d0872a8e6d4f9
search_dp1_dc1_ud1_nb0	7	136	f4ca3178a5033d1b
search_dp1_dc1_ud1_nb0	8	117	baec0283eb54f335
search_dp1_dc1_ud1_nb0	9	52	05ad8267fd4a5703
search_dp1_dc1_ud1_nb0	10	48	fe7fadbdd74c14b4
search_dp1_dc1_ud1_nb0	11	60	203cb72076576f8f
search_dp1_dc1_ud1_nb0	12	5	cd9d2ab8d7d8e70b
search_dp1_dc1_ud1_nb0	13	1	8610e9dda182bf42
search_dp1_dc1_ud1_nb0	14	4	2e85190163e10d0c
search_dp1_dc1_ud1_nb0	15	4	5de2856cfbed0b06
search_dp1_dc1_ud1_nb0	16	26	1e79ba560ed9e810
search_dp1_dc1_ud1_nb0	17	2	5420621e61e6b2de
search_dp1_dc1_ud1_nb0	18	4	58a764840892cede
search_dp1_dc1_ud1_nb0	19	1	9063f58a9e418e90
search_dp1_dc1_ud1_nb0	20	46	265daf9d43ef5b38
search_dp1_dc1_ud1_nb0	21	48	c10b4c70718969a6
search_dp1_dc1_ud1_nb0	22	2	b2b47f5335448eeb
search_dp1_dc1_ud1_nb0	23	115	2bab040c1ff42fa2
search_dp1_dc1_ud1_nb0	24	2	4ee24f53fa50f5fb
search_dp1_dc1_ud1_nb0	25	2	210c11ef7723c39c
search_dp1_dc1_ud1_nb0	26	22	c7e89938e8bdb34a
search_dp1_dc1_ud1_nb0	27	2	7a76b7ba3a15016d
search_dp1_dc1_ud1_nb0	28	3	2b3be05945eccc6d
search_dp1_dc1_ud1_nb0	29	1	cb04c009a7a0f623
search_dp1_dc1_ud1_nb0	30	5	69ec4105565c89a1
search_dp1_dc1_ud1_nb0	31	2	115a740f9cd9a619
search_dp1_dc1_ud1_nb0	32	124	d1ac19078fbca1a2
search_dp1_dc1_ud1_nb0	33	3	fb073d01787c3389
search_dp1_dc1_ud1_nb0	34	4	19a003b39818982e
search_dp1_dc1_ud1_nb0	35	117	cc484c421fad78f7
search_dp1_dc1_ud1_nb0	36	7	e5b73009a55ad265
search_dp1_dc1_ud1_nb0	37	63	9a7e0f205dd07083
search_dp1_dc1_ud1_nb0	38	19	2c8451cfc18a034d
search_dp1_dc1_ud1_nb0	39	115	b8ed45531c329ea2
search_dp1_dc1_ud1_nb0	40	131	a3a356cd287dded0
search_dp1_dc1_ud1_nb0	41	24	7cd28e4b74c4982e
search_dp1_dc1_ud1_nb0	42	8	d478843d9d8f0829
search_dp1_dc1_ud1_nb0	43	1	5b21a5ec2f985d77
search_dp1_dc1_ud1_nb0	44	2	8946d53fe3b107ce
search_dp1_dc1_ud1_nb0	45	7	bcd0e6f6073295b3
search_dp1_dc1_ud1_nb0	46	17	2b3f0e64de30d21f
search_dp1_dc1_ud1_nb0	47	56	6a3cb7a06c97a4b1
search_dp1_dc1_ud1_nb0	48	5	fbbc98c0c89a3eb6
search_dp1_dc1_ud1_nb0	49	4	682fb7ad4c45f435
search_dp1_dc1_ud1_nb0	50	3	fd89f6049da2aafa
search_dp1_dc1_ud1_nb0	51	23	9f735a1929b5126d
search_dp1_dc1_ud1_nb0	52	2	fd08e8dd823f631e
search_dp1_dc1_ud1_nb0	53	6	b61b87c29ab88279
search_dp1_dc1_ud1_nb0	54	3	662b542a83cdcabd
search_dp1_dc1_ud1_nb0	55	52	234e860adfe14831
search_dp1_dc1_ud1_nb0	56	9	21ef0eff9bc27471
search_dp1_dc1_ud1_nb0	57	2	d8c21a02c79c5d2f
search_dp1_dc1_ud1_nb0	58	3	6a5b37258e941d28
search_dp1_dc1_ud1_nb0	59	22	e6729083bcb023da
search_dp1_dc1_ud1_nb0	60	3	90e544c7aa820b5e
search_dp1_dc1_ud1_nb0	61	2	50c0e5e565e77d9f
search_dp1_dc1_ud1_nb0	62	3	490e58d435ecad3e
search_dp1_dc1_ud1_nb0	63	17	20f8b027f1304aa0
search_dp1_dc1_ud1_nb0	64	45	f9cb6581e07fc3d2
search_dp1_dc1_ud1_nb0	65	5	ef54a424735e7ba8
search_dp1_dc1_ud1_nb0	66	2	183418e639303309
search_dp1_dc1_ud1_nb0	67	6	8259cff31eddaa7e
search_dp1_dc1_ud1_nb0	68	5	3c9e4c88094cbbfb
search_dp1_dc1_ud1_nb0	69	53	dd383aa15bb640fd
search_dp1_dc1_ud1_nb0	70	5	f08af93532a2f6cd
search_dp1_dc1_ud1_nb0	71	11	8c30854b80cbff79
search_dp1_dc1_ud1_nb0	72	18	8b2fdeecc5367d2e
search_dp1_dc1_ud1_nb0	73	43	99ca928933e56269
search_dp1_dc1_ud1_nb0	74	2	c00d92a30f546d81
search_dp1_dc1_ud1_nb0	75	2	60d11ac02cca1f5c
search_dp1_dc1_ud1_nb0	76	53	530e4256d9cd4b47
search_dp1_dc1_ud1_nb0	77	2	72f99e536ffd074b
search_dp1_dc1_ud1_nb0	78	2	8a316a4cbf248e78
search_dp1_dc1_ud1_nb0	79	12	5de65479b9535c0a
search_dp1_dc1_ud1_nb0	80	1	52b4ae3df5b68646
search_dp1_dc1_ud1_nb0	81	6	ff827455272f1a80
search_dp1_dc1_ud1_nb0	82	127	d7cde40ff0baf170
search_dp1_dc1_ud1_nb0	83	4	18c6172a2b20dab9
search_dp1_dc1_ud1_nb0	84	3	98be6817fedd840d
search_dp1_dc1_ud1_nb0	85	51	7b66c3af2a7bfb21
search_dp1_dc1_ud1_nb0	86	6	18191c8901aa16ba
search_dp1_dc1_ud1_nb0	87	21	49b71f38ba9e4bc4
search_dp1_dc1_ud1_nb0	88	21	213fe18ea9153a96
search_dp1_dc1_ud1_nb0	89	136	af27eef295f1a94c
search_dp1_dc1_ud1_nb0	90	2	7ac3584624571a10
search_dp1_dc1_ud1_nb0	91	124	e23385536128f47d
search_dp1_dc1_ud1_nb0	92	4	60bbda28de9b1fb0
search_dp1_dc1_ud1_nb0	93	6	8041e288b4fe476e
search_dp1_dc1_ud1_nb0	94	6	98a1472c66a9b589
search_dp1_dc1_ud1_nb0	95	118	613395ed255bc361
search_dp1_dc1_ud1_nb0	96	60	290661cebc03fa8c
search_dp1_dc1_ud1_nb0	97	5	61d9d102b34e1726
search_dp1_dc1_ud1_nb0	98	3	66accd03b9beeea3
search_dp1_dc1_ud1_nb0	99	7	9082acb1aa570b2b
search_dp1_dc1_ud1_nb0	100	6	bd521a92b18247d9
search_dp1_dc1_ud1_nb0	101	2	3ff37d05d9e89fc7
search_dp1_dc1_ud1_nb0	102	47	330a4fb43bca84d2
search_dp1_dc1_ud1_nb0	103	26	b574cfbf39c8df45
search_dp1_dc1_ud1_nb0	104	1	2aa86b7d09c4fa67
search_dp1_dc1_ud1_nb0	105	2	5e1645b8765c83f3
search_dp1_dc1_ud1_nb0	106	19	a0ffab9c0ede9e36
search_dp1_dc1_ud1_nb0	107	137	7cfb7896630ebc02
search_dp1_dc1_ud1_nb0	108	47	51bc2ffa8f878d3e
search_dp1_dc1_ud1_nb0	109	22	011657ed451a5f69
search_dp1_dc1_ud1_nb0	110	5	0929f46f2e6878c7
search_dp1_dc1_ud1_nb0	111	3	01911c6ee2172564
search_dp1_dc1_ud1_nb0	112	3	616126a74fbcf785
search_dp1_dc1_ud1_nb0	113	1	ce908bdfd8c62477
search_dp1_dc1_ud1_nb0	114	108	72cec2fd2a318a96
search_dp1_dc1_ud1_nb0	115	2	4190c4e5c47f9001
search_dp1_dc1_ud1_nb0	116	2	5f2151cdb5d26008
search_dp1_dc1_ud1_nb0	117	118	21a2db542954b17c
search_dp1_dc1_ud1_nb0	118	128	83a5abf620e41737
search_dp1_dc1_ud1_nb0	119	2	fa3b1b21769c99bc
search_dp1_dc1_ud1_nb0	120	116	35601a5bce93682a
search_dp1_dc1_ud1_nb0	121	58	ae3f2dd8ef307367
search_dp1_dc1_ud1_nb0	122	139	c074e63f1c3a9c3f
search_dp1_dc1_ud1_nb0	123	2	737f3e1167508935
search_dp1_dc1_ud1_nb0	124	52	f43a6b6f4b8b2a33
search_dp1_dc1_ud1_nb0	125	4	3ec7510780c15cda
search_dp1_dc1_ud1_nb0	126	7	dabb0cde215466ff
search_dp1_dc1_ud1_nb0	127	2	814dccc6d2006e69
search_dp1_dc1_ud1_nb0	128	19	1b0c044a9b82bcb7
search_dp1_dc1_ud1_nb0	129	53	3aeddd11fbdb7fb5
search_dp1_dc1_ud1_nb0	130	2	af2325e713679114
search_dp1_dc1_ud1_nb0	131	121	d4fc36b5420247c0
search_dp1_dc1_ud1_nb0	132	130	91371ff452b5770b
search_dp1_dc1_ud1_nb0	133	2	80af669c13559a46
search_dp1_dc1_ud1_nb0	134	9	c86de27979b93c2e
search_dp1_dc1_ud1_nb0	135	1	4f4429788037f093
search_dp1_dc1_ud1_nb0	136	2	cff4c6b51ab8d1e1
search_dp1_dc1_ud1_nb0	137	3	1dc709adf506815a
search_dp1_dc1_ud1_nb0	138	121	cb190c96f4ebe529
search_dp1_dc1_ud1_nb0	139	122	89a3ea356bdf566b
search_dp1_dc1_ud1_nb0	140	5	d0eb69f59bc41631
search_dp1_dc1_ud1_nb0	141	5	e012e7b369b410f6
search_dp1_dc1_ud1_nb0	142	7	7f1078ad70fd6600
search_dp1_dc1_ud1_nb0	143	2	6ff6b8bc6619ae66
search_dp1_dc1_ud1_nb0	144	9	ab24e3787294d974
search_dp1_dc1_ud1_nb0	145	41	2220f95de36de30a
search_dp1_dc1_ud1_nb0	146	59	06c4818e6d885599
search_dp1_dc1_ud1_nb0	147	14	286cf56322bdea4f
search_dp1_dc1_ud1_nb0	148	18	797306ee66936809
search_dp1_dc1_ud1_nb0	149	2	0e7a7d4215ecf15a
search_dp1_dc1_ud1_nb0	150	4	a8d155a0060fcc7c
search_dp1_dc1_ud1_nb0	151	5	29ec5580ac044ccc
search_dp1_dc1_ud1_nb0	152	57	cf992200bb323796
search_dp1_dc1_ud1_nb0	153	139	84be2b69e5076913
search_dp1_dc1_ud1_nb0	154	2	60a2b5c9c2e0e62a
search_dp1_dc1_ud1_nb0	155	52	bed33b65cc7f23f2
search_dp1_dc1_ud1_nb0	156	22	744e6054cf572359
search_dp1_dc1_ud1_nb0	157	3	6a36bc7972855e92
search_dp1_dc1_ud1_nb0	158	3	c66d8bfa148e1a07
search_dp1_dc1_ud1_nb0	159	50	0a23b5918db9d03a
search_dp1_dc1_ud1_nb0	160	7	af225a9e313bd07a
search_dp1_dc1_ud1_nb0	161	2	a1619a4837419d10
search_dp1_dc1_ud1_nb0	162	127	6b7c7c582ca7d114
search_dp1_dc1_ud1_nb0	163	7	806ea40904ff7eeb
search_dp1_dc1_ud1_nb0	164	2	e08c08885d04564b
search_dp1_dc1_ud1_nb0	165	3	5c538693c1431f4b
search_dp1_dc1_ud1_nb0	166	135	ec79d74af16bc426
search_dp1_dc1_ud1_nb0	167	57	7d7cb073c4f7a22a
search_dp1_dc1_ud1_nb0	168	2	7f186e27c595ab14
search_dp1_dc1_ud1_nb0	169	8	50b094fe969e79f8
search_dp1_dc1_ud1_nb0	170	2	9a10e7aed7584972
search_dp1_dc1_ud1_nb0	171	49	e924b8d9146bcb4f
search_dp1_dc1_ud1_nb0	172	5	fc512fe2c21e0fa5
search_dp1_dc1_ud1_nb0	173	6	19b5bf88aa1621da
search_dp1_dc1_ud1_nb0	174	17	05960d72b2b307c8
search_dp1_dc1_ud1_nb0	175	2	72c15ba8f0c9d153
search_dp1_dc1_ud1_nb0	176	136	6544a7c883cd81c4
search_dp1_dc1_ud1_nb0	177	2	bd0ecdb7188c9a68
search_dp1_dc1_ud1_nb0	178	2	edb8b080a73ec176
search_dp1_dc1_ud1_nb0	179	42	0467417239e699e3
search_dp1_dc1_ud1_nb0	180	129	0ee6b02ac0808055
search_dp1_dc1_ud1_nb0	181	57	f6726eb4f74738a0
search_dp1_dc1_ud1_nb0	182	6	b5bec723cdeb5f21
search_dp1_dc1_ud1_nb0	183	2	f715da348003fd36
search_dp1_dc1_ud1_nb0	184	7	1f54f8727150652f
search_dp1_dc1_ud1_nb0	185	117	8b4c82cb23ec2768
search_dp1_dc1_ud1_nb0	186	2	f4c5fe0c958f3e6d
search_dp1_dc1_ud1_nb0	187	48	ac167e8374b2f62e
search_dp1_dc1_ud1_nb0	188	3	497372c349c1b597
search_dp1_dc1_ud1_nb0	189	3	4275562cef33e65f
search_dp1_dc1_ud1_nb0	190	3	01ea72aab73b6f2d
search_dp1_dc1_ud1_nb0	191	136	af36bb7983edde43
search_dp1_dc1_ud1_nb0	192	5	ae1a712b3ffd0260
search_dp1_dc1_ud1_nb0	193	3	9d88783521a38ff1
search_dp1_dc1_ud1_nb0	194	50	e2a819d26633c091
search_dp1_dc1_ud1_nb0	195	45	5c80478cf09b8ce8
search_dp1_dc1_ud1_nb0	196	134	1c4332ca6ad08c77
search_dp1_dc1_ud1_nb0	197	7	d29623dcd610ad0f
search_dp1_dc1_ud1_nb0	198	2	9ae12495235be9b1
search_dp1_dc1_ud1_nb0	199	9	bb624c201e4e9cc4
search_dp1_dc1_ud1_nb0	200	55	be174d9e231cd8f9
search_dp1_dc1_ud1_nb0	201	5	35f561dd999af5d4
search_dp1_dc1_ud1_nb0	202	3	9867b26f89bd75b4
search_dp1_dc1_ud1_nb0	203	18	226e3d31443203c5
search_dp1_dc1_ud1_nb0	204	50	54b8c548f0f618da
search_dp1_dc1_ud1_nb0	205	9	d4ae11a0420b041b
search_dp1_dc1_ud1_nb0	206	138	810e688b88eaf10d
search_dp1_dc1_ud1_nb0	207	61	1c0b6317027f220d
search_dp1_dc1_ud1_nb0	208	47	4f21f09da7a1e7be
search_dp1_dc1_ud1_nb0	209	2	7e406aca15207b29
search_dp1_dc1_ud1_nb0	210	2	4143f74e30e91d3c
search_dp1_dc1_ud1_nb0	211	8	578b5a7244c9cf66
search_dp1_dc1_ud1_nb0	212	9	e7c15e9c132f5e9f
search_dp1_dc1_ud1_nb0	213	3	edd5359814ad33df
search_dp1_dc1_ud1_nb0	214	15	a0861d4f20b809f4
search_dp1_dc1_ud1_nb0	215	5	74ba7792595c3310
search_dp1_dc1_ud1_nb0	216	49	4080aee5e8b74ff5
search_dp1_dc1_ud1_nb0	217	6	46526c287d5945e7
search_dp1_dc1_ud1_nb0	218	7	8985312184445782
search_dp1_dc1_ud1_nb0	219	4	dd2e7bf50bbc166f
search_dp1_dc1_ud1_nb0	220	14	31b6dd99f833b867
search_dp1_dc1_ud1_nb0	221	7	ade4e2b9128d0a25
search_dp1_dc1_ud1_nb0	222	2	155847d504fd75bd
search_dp1_dc1_ud1_nb0	223	2	4dbbca2216f7ac7b
search_dp1_dc1_ud1_nb0	224	4	3eb10ddb53008a08
search_dp1_dc1_ud1_nb0	225	2	2832a96cf84da5d8
search_dp1_dc1_ud1_nb0	226	128	7ba47bc2232da8f0
search_dp1_dc1_ud1_nb0	227	1	46eb868fb6e063a1
search_dp1_dc1_ud1_nb0	228	22	69c3dd6270d972ab
search_dp1_dc1_ud1_nb0	229	3	fbdd82a8dd59592c
search_dp1_dc1_ud1_nb0	230	41	86049af10fcb5446
search_dp1_dc1_ud1_nb0	231	4	0f4f24f624930d64
search_dp1_dc1_ud1_nb0	232	2	8266c8aed1bb63ae
search_dp1_dc1_ud1_nb0	233	26	5187808aff5433aa
search_dp1_dc1_ud1_nb0	234	2	e4ca63a93d69cb1f
search_dp1_dc1_ud1_nb0	235	41	dbf186e38664e18c
search_dp1_dc1_ud1_nb0	236	2	d481bfb675d614dd
search_dp1_dc1_ud1_nb0	237	5	250f11e8c158cea7
search_dp1_dc1_ud1_nb0	238	19	8833eace39f7c5ce
search_dp1_dc1_ud1_nb0	239	2	4b70e50b8edc6292
search_dp1_dc1_ud1_nb0	240	4	11399b68410123df
search_dp1_dc1_ud1_nb0	241	3	b2635722d8d798e2
search_dp1_dc1_ud1_nb0	242	5	dcae176c8012b891
search_dp1_dc1_ud1_nb0	243	19	9d829e079023ac77
search_dp1_dc1_ud1_nb0	244	2	a4dda3ae9e4f0f85
search_dp1_dc1_ud1_nb0	245	20	ed362c1051d17f0d
search_dp1_dc1_ud1_nb0	246	128	65ae3e2cb248556c
search_dp1_dc1_ud1_nb0	247	3	e0853c840dd1fdaf
search_dp1_dc1_ud1_nb0	248	48	b40a9b6fd6af7eae
search_dp1_dc1_ud1_nb0	249	135	d5434661ec8f946c
search_dp1_dc1_ud1_nb0	250	55	b2bf885d9ea9f8c0
search_dp1_dc1_ud1_nb0	251	54	6ecdef06fc50bb37
search_dp1_dc1_ud1_nb0	252	5	8c963a2c9ca6b239
search_dp1_dc1_ud1_nb0	253	5	68447a6baef27bb5
search_dp1_dc1_ud1_nb0	254	6	5d4c55fc5ab69382
search_dp1_dc1_ud1_nb0	255	52	ffa39c924425ccb4
search_dp1_dc1_ud1_nb0	256	2	551a63c2d76181f6
search_dp1_dc1_ud1_nb0	257	9	356ed3703e436ed3
search_dp1_dc1_ud1_nb0	258	62	8f593e0029a61a3f
search_dp1_dc1_ud1_nb0	259	21	2137a94346edfa43
search_dp1_dc1_ud1_nb0	260	2	adbb7c7175eb6e52
search_dp1_dc1_ud1_nb0	261	2	f76307a603dd2a5d
search_dp1_dc1_ud1_nb0	262	6	d30c7a79bfd000e1
search_dp1_dc1_ud1_nb0	263	4	26ad5b1db2402826
search_dp1_dc1_ud1_nb0	264	23	f3ebca8b04b2c17e
search_dp1_dc1_ud1_nb0	265	3	9f8d916961924fb4
search_dp1_dc1_ud1_nb0	266	4	bb31c52b28bb81b0
search_dp1_dc1_ud1_nb0	267	3	318574d728fb4773
search_dp1_dc1_ud1_nb0	268	1	25aef9909dfea048
search_dp1_dc1_ud1_nb0	269	52	3e9f0b852e3e2122
search_dp1_dc1_ud1_nb0	270	21	52e5c23aef9a7c88
search_dp1_dc1_ud1_nb0	271	117	6fa3c71816f6c58a
search_dp1_dc1_ud1_nb0	272	53	a17767ccdc1157fc
search_dp1_dc1_ud1_nb0	273	2	6f51285605f5b665
search_dp1_dc1_ud1_nb0	274	26	7689d104468df279
search_dp1_dc1_ud1_nb0	275	3	33846b194a9c5819
search_dp1_dc1_ud1_nb0	276	130	0f9fe6ce866494cd
search_dp1_dc1_ud1_nb0	277	7	8c70cecc8aa87c82
search_dp1_dc1_ud1_nb0	278	116	be75994d2acd9f44
search_dp1_dc1_ud1_nb0	279	24	1df639b36edc2fb3
search_dp1_dc1_ud1_nb0	280	3	20205e6f2da9609c
search_dp1_dc1_ud1_nb0	281	1	3abc652ea33e17a5
search_dp1_dc1_ud1_nb0	282	2	9a10022c0daaddb3
search_dp1_dc1_ud1_nb0	283	18	b5d03e8ca31bb60b
search_dp1_dc1_ud1_nb0	284	5	33be49397f38c1c0
search_dp1_dc1_ud1_nb0	285	15	c5e1c9d0dc12576e
search_dp1_dc1_ud1_nb0	286	10	ffcd04acf22df2f6
search_dp1_dc1_ud1_nb0	287	140	7f5b9e573084f760
search_dp1_dc1_ud1_nb0	288	4	79393d37bfeeb318
search_dp1_dc1_ud1_nb0	289	1	adf4e0e63c574ffd
search_dp1_dc1_ud1_nb0	290	2	0f3051d3fcbf1a41
search_dp1_dc1_ud1_nb0	291	139	0cd4305778fe740c
search_dp1_dc1_ud1_nb0	292	3	97def42dec590a3f
search_dp1_dc1_ud1_nb0	293	118	d6ad307697e85869
search_dp1_dc1_ud1_nb0	294	52	09f1110f71881ad6
search_dp1_dc1_ud1_nb0	295	1	6d6c9be064bbef04
search_dp1_dc1_ud1_nb0	296	126	45fd614c086277c8
search_dp1_dc1_ud1_nb0	297	139	deca60664017310c
search_dp1_dc1_ud1_nb0	298	2	b4231c8b8bf14136
search_dp1_dc1_ud1_nb0	299	1	ec9a11734f43ecd8
search_dp1_dc1_ud1_nb0	300	5	3f94bc087489c8e4
search_dp1_dc1_ud1_nb0	301	42	4d07a7eda7d69947
search_dp1_dc1_ud1_nb0	302	8	1e5b6fdd3a4d4e63
search_dp1_dc1_ud1_nb0	303	6	adb56fe1642e028b
search_dp1_dc1_ud1_nb0	304	5	e7fe22ccd9ba11f5
search_dp1_dc1_ud1_nb0	305	24	6e724c5695ad605a
search_dp1_dc1_ud1_nb0	306	8	de2a57432debf637
search_dp1_dc1_ud1_nb0	307	21	1d5ca5bd1b41f926
search_dp1_dc1_ud1_nb0	308	124	73f7e44696d553cf
search_dp1_dc1_ud1_nb0	309	2	49f285d1dbd9cded
search_dp1_dc1_ud1_nb0	310	3	a19a9ddc616bc40b
search_dp1_dc1_ud1_nb0	311	3	d22ff6030491e306
search_dp1_dc1_ud1_nb0	312	49	c6186c8afdbd355a
search_dp1_dc1_ud1_nb0	313	51	eb3c2db36574c6c6
search_dp1_dc1_ud1_nb0	314	56	3e76425a6c6878cd
search_dp1_dc1_ud1_nb0	315	1	1ab4e6773c971447
search_dp1_dc1_ud1_nb0	316	132	6073d7283c482f6a
search_dp1_dc1_ud1_nb0	317	5	a57c653d40b9330e
search_dp1_dc1_ud1_nb0	318	3	0be369303603bc54
search_dp1_dc1_ud1_nb0	319	123	28c179c4c649fdd5
search_dp1_dc1_ud1_nb0	320	26	c994bfb7552b74b5
search_dp1_dc1_ud1_nb0	321	17	5b0a7dfff0b9c268
search_dp1_dc1_ud1_nb0	322	53	d043eb405e3569e3
search_dp1_dc1_ud1_nb0	323	20	f86073e6c0a28869
search_dp1_dc1_ud1_nb0	324	25	aadf163d995781fe
search_dp1_dc1_ud1_nb0	325	6	ba61619909836ace
search_dp1_dc1_ud1_nb0	326	49	8a9d531d9cb078f1
search_dp1_dc1_ud1_nb0	327	3	d1fb661b574d678c
search_dp1_dc1_ud1_nb0	328	7	564bb8edfe92bf9a
search_dp1_dc1_ud1_nb0	329	2	461827dfc2a8b43f
search_dp1_dc1_ud1_nb0	330	59	24d143c271d2927c
search_dp1_dc1_ud1_nb0	331	1	a1b05ad8878eddbd
search_dp1_dc1_ud1_nb0	332	50	cb72812b554fc6f0
search_dp1_dc1_ud1_nb0	333	55	f2f1e5d882fb0c37
search_dp1_dc1_ud1_nb0	334	121	84b172192df1d477
search_dp1_dc1_ud1_nb0	335	20	79c4fc7af7fe6dba
search_dp1_dc1_ud1_nb0	336	49	c394ee78bacdd2d3
search_dp1_dc1_ud1_nb0	337	8	027765e0cef51c1c
search_dp1_dc1_ud1_nb0	338	49	9110733812730ca4
search_dp1_dc1_ud1_nb0	339	61	b2587ba4323d77f8
search_dp1_dc1_ud1_nb0	340	23	83cc50944a70869a
search_dp1_dc1_ud1_nb0	341	2	ad98a9842eda811a
search_dp1_dc1_ud1_nb0	342	25	336280dbb4f5bf4a
search_dp1_dc1_ud1_nb0	343	138	4e73d7a9660bf231
search_dp1_dc1_ud1_nb0	344	6	5f1b071befe1b3b9
search_dp1_dc1_ud1_nb0	345	24	a3c094ff70dad61f
search_dp1_dc1_ud1_nb0	346	54	b955144e2bedda14
search_dp1_dc1_ud1_nb0	347	2	73786eace44df5fe
search_dp1_dc1_ud1_nb0	348	5	a3cd0c88ea908c0a
search_dp1_dc1_ud1_nb0	349	19	7dd7b1bc55e0f86e
search_dp1_dc1_ud1_nb0	350	8	677ae48c18a62575
search_dp1_dc1_ud1_nb0	351	6	8f1fbe3d0f72da7e
search_dp1_dc1_ud1_nb0	352	1	8424221c01ab377a
search_dp1_dc1_ud1_nb0	353	21	86a46489ddb61ddd
search_dp1_dc1_ud1_nb0	354	2	5bda2ca495a4ab74
search_dp1_dc1_ud1_nb0	355	3	a581d4f3412436ff
search_dp1_dc1_ud1_nb0	356	1	0de197205f786e7e
search_dp1_dc1_ud1_nb0	357	20	956f970299f2bead
search_dp1_dc1_ud1_nb0	358	2	f9fa6bf430f95da3
search_dp1_dc1_ud1_nb0	359	2	2528591461d93ca8
search_dp1_dc1_ud1_nb0	360	7	920d478d9a1f0969
search_dp1_dc1_ud1_nb0	361	2	c6d90e3c7d693bdd
search_dp1_dc1_ud1_nb0	362	52	7aa91b740b965e15
search_dp1_dc1_ud1_nb0	363	120	c5ba63010cef303b
search_dp1_dc1_ud1_nb0	364	7	ffd5dab670422ca6
search_dp1_dc1_ud1_nb0	365	2	0acbb33a757090a6
search_dp1_dc1_ud1_nb0	366	2	198c1f0846c5965f
search_dp1_dc1_ud1_nb0	367	8	983f5743d9aa7e64
search_dp1_dc1_ud1_nb0	368	1	eef15e6694a23b83
search_dp1_dc1_ud1_nb0	369	19	b894b56cac22eb0f
search_dp1_dc1_ud1_nb0	370	6	c2b6a6d77ac0c54c
search_dp1_dc1_ud1_nb0	371	2	4cd07f8f33b23519
search_dp1_dc1_ud1_nb0	372	3	97ef6c6486301c0d
search_dp1_dc1_ud1_nb0	373	5	c45f4864686173b7
search_dp1_dc1_ud1_nb0	374	54	60cebdb07072ab22
search_dp1_dc1_ud1_nb0	375	47	18e59f2ad150c7a3
search_dp1_dc1_ud1_nb0	376	8	a92efd60205398cf
search_dp1_dc1_ud1_nb0	377	2	c417926d6aea0d9a
search_dp1_dc1_ud1_nb0	378	4	a06e054f270ac1cf
search_dp1_dc1_ud1_nb0	379	8	f7bf4b46fdb7bfe6
search_dp1_dc1_ud1_nb0	380	57	9d75448bcc37f9a5
search_dp1_dc1_ud1_nb0	381	3	b1f6b2765a452e84
search_dp1_dc1_ud1_nb0	382	2	ee235b847f480214
search_dp1_dc1_ud1_nb0	383	2	1ca0393d8d48778c
search_dp1_dc1_ud1_nb0	384	2	17487eeaec684a5e
search_dp1_dc1_ud1_nb0	385	2	60e9a85e50134bc4
search_dp1_dc1_ud1_nb0	386	123	0c44e682d3281f6d
search_dp1_dc1_ud1_nb0	387	8	733e113fa41c4d5b
search_dp1_dc1_ud1_nb0	388	64	afd9317a2211d0fa
search_dp1_dc1_ud1_nb0	389	43	6c88adf900ed1e8a
search_dp1_dc1_ud1_nb0	390	7	1e514b22b438dfa3
search_dp1_dc1_ud1_nb0	391	7	109224eb648dc612
search_dp1_dc1_ud1_nb0	392	16	98dda3e153eadd6a
search_dp1_dc1_ud1_nb0	393	7	0ab9a0f8602eac2c
search_dp1_dc1_ud1_nb0	394	2	9e5b2dc50953735f
search_dp1_dc1_ud1_nb0	395	4	6122c00846bbbbae
search_dp1_dc1_ud1_nb0	396	18	331d40996af64802
search_dp1_dc1_ud1_nb0	397	49	c0a03acee2fc370f
search_dp1_dc1_ud1_nb0	398	144	3c7078f9bd1b86a3
search_dp1_dc1_ud1_nb0	399	4	3f607be684c580de
search_dp1_dc1_ud1_nb2000	0	2	fe3877f9123caf6f
search_dp1_dc1_ud1_nb2000	1	17	1cc9be5912e1ae61
search_dp1_dc1_ud1_nb2000	2	144	a33b7ae8666138e7
search_dp1_dc1_ud1_nb2000	3	3	04752421978926ff
search_dp1_dc1_ud1_nb2000	4	53	231ed8efa9d8a32b
search_dp1_dc1_ud1_nb2000	5	3	35c41a2159b89123
search_dp1_dc1_ud1_nb2000	6	52	d87d0872a8e6d4f9
search_dp1_dc1_ud1_nb2000	7	141	3b34642cd0b88aac
search_dp1_dc1_ud1_nb2000	8	117	baec0283eb54f335
search_dp1_dc1_ud1_nb2000	9	52	05ad8267fd4a5703
search_dp1_dc1_ud1_nb2000	10	48	fe7fadbdd74c14b4
search_dp1_dc1_ud1_nb2000	11	60	203cb72076576f8f
search_dp1_dc1_ud1_nb2000	12	5	cd9d2ab8d7d8e70b
search_dp1_dc1_ud1_nb2000	13	1	8610e9dda182bf42
search_dp1_dc1_ud1_nb2000	14	4	2e85190163e10d0c
search_dp1_dc1_ud1_nb2000	15	4	5de2856cfbed0b06
search_dp1_dc1_ud1_nb2000	16	27	200e5bcf5df98c86
search_dp1_dc1_ud1_nb2000	17	2	5420621e61e6b2de
search_dp1_dc1_ud1_nb2000	18	4	58a764840892cede
search_dp1_dc1_ud1_nb2000	19	1	9063f58a9e418e90
search_dp1_dc1_ud1_nb2000	20	46	265daf9d43ef5b38
search_dp1_dc1_ud1_nb2000	21	49	c37ed7ab52d3c389
search_dp1_dc1_ud1_nb2000	22	2	b2b47f5335448eeb
search_dp1_dc1_ud1_nb2000	23	115	2bab040c1ff42fa2
search_dp1_dc1_ud1_nb2000	24	2	4ee24f53fa50f5fb
search_dp1_dc1_ud1_nb2000	25	2	210c11ef7723c39c
search_dp1_dc1_ud1_nb2000	26	22	c7e89938e8bdb34a
search_dp1_dc1_ud1_nb2000	27	2	7a76b7ba3a15016d
search_dp1_dc1_ud1_nb2000	28	3	2b3be05945eccc6d
search_dp1_dc1_ud1_nb2000	29	1	cb04c009a7a0f623
search_dp1_dc1_ud1_nb2000	30	5	69ec4105565c89a1
search_dp1_dc1_ud1_nb2000	31	2	115a740f9cd9a619
search_dp1_dc1_ud1_nb2000	32	124	d1ac19078fbca1a2
search_dp1_dc1_ud1_nb2000	33	3	fb073d01787c3389
search_dp1_dc1_ud1_nb2000	34	4	19a003b39818982e
search_dp1_dc1_ud1_nb2000	35	117	cc484c421fad78f7
search_dp1_dc1_ud1_nb2000	36	7	e5b73009a55ad265
search_dp1_dc1_ud1_nb2000	37	63	9a7e0f205dd07083
search_dp1_dc1_ud1_nb2000	38	19	2c8451cfc18a034d
search_dp1_dc1_ud1_nb2000	39	117	c681a3387c7a74c2
search_dp1_dc1_ud1_nb2000	40	131	a3a356cd287dded0
search_dp1_dc1_ud1_nb2000	41	24	7cd28e4b74c4982e
search_dp1_dc1_ud1_nb2000	42	8	d478843d9d8f0829
search_dp1_dc1_ud1_nb2000	43	1	5b21a5ec2f985d77
search_dp1_dc1_ud1_nb2000	44	2	8946d53fe3b107ce
search_dp1_dc1_ud1_nb2000	45	7	bcd0e6f6073295b3
search_dp1_dc1_ud1_nb2000	46	17	2b3f0e64de30d21f
search_dp1_dc1_ud1_nb2000	47	57	66f95d2d672e4cd7
search_dp1_dc1_ud1_nb2000	48	5	fbbc98c0c89a3eb6
search_dp1_dc1_ud1_nb2000	49	4	682fb7ad4c45f435
search_dp1_dc1_ud1_nb2000	50	3	fd89f6049da2aafa
search_dp1_dc1_ud1_nb2000	51	23	9f735a1929b5126d
search_dp1_dc1_ud1_nb2000	52	2	fd08e8dd823f631e
search_dp1_dc1_ud1_nb2000	53	6	b61b87c29ab88279
search_dp1_dc1_ud1_nb2000	54	3	662b542a83cdcabd
search_dp1_dc1_ud1_nb2000	55	52	234e860adfe14831
search_dp1_dc1_ud1_nb2000	56	9	21ef0eff9bc27471
search_dp1_dc1_ud1_nb2000	57	2	d8c21a02c79c5d2f
search_dp1_dc1_ud1_nb2000	58	3	6a5b37258e941d28
search_dp1_dc1_ud1_nb2000	59	23	ba13e671eb6283b2
search_dp1_dc1_ud1_nb2000	60	3	90e544c7aa820b5e
search_dp1_dc1_ud1_nb2000	61	2	50c0e5e565e77d9f
search_dp1_dc1_ud1_nb2000	62	3	490e58d435ecad3e
search_dp1_dc1_ud1_nb2000	63	17	20f8b027f1304aa0
search_dp1_dc1_ud1_nb2000	64	45	f9cb6581e07fc3d2
search_dp1_dc1_ud1_nb2000	65	5	ef54a424735e7ba8
search_dp1_dc1_ud1_nb2000	66	2	183418e639303309
search_dp1_dc1_ud1_nb2000	67	6	8259cff31eddaa7e
search_dp1_dc1_ud1_nb2000	68	5	3c9e4c88094cbbfb
search_dp1_dc1_ud1_nb2000	69	54	504433d5c8741ce1
search_dp1_dc1_ud1_nb2000	70	6	de8c5f9d34bede0d
search_dp1_dc1_ud1_nb2000	71	11	8c30854b80cbff79
search_dp1_dc1_ud1_nb2000	72	18	8b2fdeecc5367d2e
search_dp1_dc1_ud1_nb2000	73	43	99ca928933e56269
search_dp1_dc1_ud1_nb2000	74	2	c00d92a30f546d81
search_dp1_dc1_ud1_nb2000	75	2	60d11ac02cca1f5c
search_dp1_dc1_ud1_nb2000	76	54	7fe6bef86d50c599
search_dp1_dc1_ud1_nb2000	77	2	72f99e536ffd074b
search_dp1_dc1_ud1_nb2000	78	2	8a316a4cbf248e78
search_dp1_dc1_ud1_nb2000	79	12	5de65479b9535c0a
search_dp1_dc1_ud1_nb2000	80	1	52b4ae3df5b68646
search_dp1_dc1_ud1_nb2000	81	6	ff827455272f1a80
search_dp1_dc1_ud1_nb2000	82	129	d9e3475ff45cdfd4
search_dp1_dc1_ud1_nb2000	83	4	18c6172a2b20dab9
search_dp1_dc1_ud1_nb2000	84	3	98be6817fedd840d
search_dp1_dc1_ud1_nb2000	85	51	7b66c3af2a7bfb21
search_dp1_dc1_ud1_nb2000	86	6	18191c8901aa16ba
search_dp1_dc1_ud1_nb2000	87	22	3c59fa10637a4d0a
search_dp1_dc1_ud1_nb2000	88	21	213fe18ea9153a96
search_dp1_dc1_ud1_nb2000	89	137	7c1bb5f77ee11c50
search_dp1_dc1_ud1_nb2000	90	2	7ac3584624571a10
search_dp1_dc1_ud1_nb2000	91	126	8a06aa47491ab712
search_dp1_dc1_ud1_nb2000	92	4	60bbda28de9b1fb0
search_dp1_dc1_ud1_nb2000	93	6	8041e288b4fe476e
search_dp1_dc1_ud1_nb2000	94	6	98a1472c66a9b589
search_dp1_dc1_ud1_nb2000	95	120	a2a9388bd388fe29
search_dp1_dc1_ud1_nb2000	96	60	290661cebc03fa8c
search_dp1_dc1_ud1_nb2000	97	5	61d9d102b34e1726
search_dp1_dc1_ud1_nb2000	98	3	66accd03b9beeea3
search_dp1_dc1_ud1_nb2000	99	7	9082acb1aa570b2b
search_dp1_dc1_ud1_nb2000	100	6	bd521a92b18247d9
search_dp1_dc1_ud1_nb2000	101	2	3ff37d05d9e89fc7
search_dp1_dc1_ud1_nb2000	102	47	330a4fb43bca84d2
search_dp1_dc1_ud1_nb2000	103	27	5e1f662c1a9802d3
search_dp1_dc1_ud1_nb2000	104	1	2aa86b7d09c4fa67
search_dp1_dc1_ud1_nb2000	105	2	5e1645b8765c83f3
search_dp1_dc1_ud1_nb2000	106	19	a0ffab9c0ede9e36
search_dp1_dc1_ud1_nb2000	107	138	23ad075ed9606969
search_dp1_dc1_ud1_nb2000	108	47	51bc2ffa8f878d3e
search_dp1_dc1_ud1_nb2000	109	23	db9a7547b2508c17
search_dp1_dc1_ud1_nb2000	110	5	0929f46f2e6878c7
search_dp1_dc1_ud1_nb2000	111	3	01911c6ee2172564
search_dp1_dc1_ud1_nb2000	112	3	616126a74fbcf785
search_dp1_dc1_ud1_nb2000	113	1	ce908bdfd8c62477
search_dp1_dc1_ud1_nb2000	114	108	72cec2fd2a318a96
search_dp1_dc1_ud1_nb2000	115	2	4190c4e5c47f9001
search_dp1_dc1_ud1_nb2000	116	2	5f2151cdb5d26008
search_dp1_dc1_ud1_nb2000	117	118	21a2db542954b17c
search_dp1_dc1_ud1_nb2000	118	131	e3a815c0055b9c5b
search_dp1_dc1_ud1_nb2000	119	2	fa3b1b21769c99bc
search_dp1_dc1_ud1_nb2000	120	116	35601a5bce93682a
search_dp1_dc1_ud1_nb2000	121	58	ae3f2dd8ef307367
search_dp1_dc1_ud1_nb2000	122	141	2efd4b5a1a9ca35b
search_dp1_dc1_ud1_nb2000	123	2	737f3e1167508935
search_dp1_dc1_ud1_nb2000	124	52	f43a6b6f4b8b2a33
search_dp1_dc1_ud1_nb2000	125	4	3ec7510780c15cda
search_dp1_dc1_ud1_nb2000	126	7	dabb0cde215466ff
search_dp1_dc1_ud1_nb2000	127	2	814dccc6d2006e69
search_dp1_dc1_ud1_nb2000	128	19	1b0c044a9b82bcb7
search_dp1_dc1_ud1_nb2000	129	53	3aeddd11fbdb7fb5
search_dp1_dc1_ud1_nb2000	130	2	af2325e713679114
search_dp1_dc1_ud1_nb2000	131	121	d4fc36b5420247c0
search_dp1_dc1_ud1_nb2000	132	133	a416c0d0263e6e39
search_dp1_dc1_ud1_nb2000	133	2	80af669c13559a46
search_dp1_dc1_ud1_nb2000	134	9	c86de27979b93c2e
search_dp1_dc1_ud1_nb2000	135	1	4f4429788037f093
search_dp1_dc1_ud1_nb2000	136	2	cff4c6b51ab8d1e1
search_dp1_dc1_ud1_nb2000	137	3	1dc709adf506815a
search_dp1_dc1_ud1_nb2000	138	121	cb190c96f4ebe529
search_dp1_dc1_ud1_nb2000	139	124	0117d8120b02b6a2
search_dp1_dc1_ud1_nb2000	140	5	d0eb69f59bc41631
search_dp1_dc1_ud1_nb2000	141	5	e012e7b369b410f6
search_dp1_dc1_ud1_nb2000	142	7	7f1078ad70fd6600
search_dp1_dc1_ud1_nb2000	143	2	6ff6b8bc6619ae66
search_dp1_dc1_ud1_nb2000	144	10	545723f0c9ac920e
search_dp1_dc1_ud1_nb2000	145	41	2220f95de36de30a
search_dp1_dc1_ud1_nb2000	146	59	06c4818e6d885599
search_dp1_dc1_ud1_nb2000	147	14	286cf56322bdea4f
search_dp1_dc1_ud1_nb2000	148	18	797306ee66936809
search_dp1_dc1_ud1_nb2000	149	2	0e7a7d4215ecf15a
search_dp1_dc1_ud1_nb2000	150	4	a8d155a0060fcc7c
search_dp1_dc1_ud1_nb2000	151	5	29ec5580ac044ccc
search_dp1_dc1_ud1_nb2000	152	58	ef8dd40aa870f49f
search_dp1_dc1_ud1_nb2000	153	139	84be2b69e5076913
search_dp1_dc1_ud1_nb2000	154	2	60a2b5c9c2e0e62a
search_dp1_dc1_ud1_nb2000	155	52	bed33b65cc7f23f2
search_dp1_dc1_ud1_nb2000	156	22	744e6054cf572359
search_dp1_dc1_ud1_nb2000	157	3	6a36bc7972855e92
search_dp1_dc1_ud1_nb2000	158	3	c66d8bfa148e1a07
search_dp1_dc1_ud1_nb2000	159	50	0a23b5918db9d03a
search_dp1_dc1_ud1_nb2000	160	7	af225a9e313bd07a
search_dp1_dc1_ud1_nb2000	161	2	a1619a4837419d10
search_dp1_dc1_ud1_nb2000	162	130	5083689e0eab78c8
search_dp1_dc1_ud1_nb2000	163	7	806ea40904ff7eeb
search_dp1_dc1_ud1_nb2000	164	2	e08c08885d04564b
search_dp1_dc1_ud1_nb2000	165	3	5c538693c1431f4b
search_dp1_dc1_ud1_nb2000	166	135	ec79d74af16bc426
search_dp1_dc1_ud1_nb2000	167	58	95fb5e1e11c676aa
search_dp1_dc1_ud1_nb2000	168	2	7f186e27c595ab14
search_dp1_dc1_ud1_nb2000	169	8	50b094fe969e79f8
search_dp1_dc1_ud1_nb2000	170	2	9a10e7aed7584972
search_dp1_dc1_ud1_nb2000	171	50	b513722b1ad762cb
search_dp1_dc1_ud1_nb2000	172	5	fc512fe2c21e0fa5
search_dp1_dc1_ud1_nb2000	173	6	19b5bf88aa1621da
search_dp1_dc1_ud1_nb2000	174	18	ad5473d497404481
search_dp1_dc1_ud1_nb2000	175	2	72c15ba8f0c9d153
search_dp1_dc1_ud1_nb2000	176	137	4dfa298324a8a286
search_dp1_dc1_ud1_nb2000	177	2	bd0ecdb7188c9a68
search_dp1_dc1_ud1_nb2000	178	2	edb8b080a73ec176
search_dp1_dc1_ud1_nb2000	179	42	0467417239e699e3
search_dp1_dc1_ud1_nb2000	180	132	dde1b28a37aa3a58
search_dp1_dc1_ud1_nb2000	181	57	f6726eb4f74738a0
search_dp1_dc1_ud1_nb2000	182	6	b5bec723cdeb5f21
search_dp1_dc1_ud1_nb2000	183	2	f715da348003fd36
search_dp1_dc1_ud1_nb2000	184	7	1f54f8727150652f
search_dp1_dc1_ud1_nb2000	185	118	9a1f813d92766805
search_dp1_dc1_ud1_nb2000	186	2	f4c5fe0c958f3e6d
search_dp1_dc1_ud1_nb2000	187	49	f291e92cfca2091d
search_dp1_dc1_ud1_nb2000	188	3	497372c349c1b597
search_dp1_dc1_ud1_nb2000	189	3	4275562cef33e65f
search_dp1_dc1_ud1_nb2000	190	3	01ea72aab73b6f2d
search_dp1_dc1_ud1_nb2000	191	136	af36bb7983edde43
search_dp1_dc1_ud1_nb2000	192	5	ae1a712b3ffd0260
search_dp1_dc1_ud1_nb2000	193	3	9d88783521a38ff1
search_dp1_dc1_ud1_nb2000	194	51	e3a1c39f25842b35
search_dp1_dc1_ud1_nb2000	195	45	5c80478cf09b8ce8
search_dp1_dc1_ud1_nb2000	196	136	aadbae7d19c2a81d
search_dp1_dc1_ud1_nb2000	197	7	d29623dcd610ad0f
search_dp1_dc1_ud1_nb2000	198	2	9ae12495235be9b1
search_dp1_dc1_ud1_nb2000	199	9	bb624c201e4e9cc4
search_dp1_dc1_ud1_nb2000	200	55	be174d9e231cd8f9
search_dp1_dc1_ud1_nb2000	201	5	35f561dd999af5d4
search_dp1_dc1_ud1_nb2000	202	3	9867b26f89bd75b4
search_dp1_dc1_ud1_nb2000	203	18	226e3d31443203c5
search_dp1_dc1_ud1_nb2000	204	51	59015d9be8be7c8e
search_dp1_dc1_ud1_nb2000	205	9	d4ae11a0420b041b
search_dp1_dc1_ud1_nb2000	206	139	4bd34918c36e0b3e
search_dp1_dc1_ud1_nb2000	207	62	f74538e62387b240
search_dp1_dc1_ud1_nb2000	208	48	b2bc2b72580ddeb6
search_dp1_dc1_ud1_nb2000	209	2	7e406aca15207b29
search_dp1_dc1_ud1_nb2000	210	2	4143f74e30e91d3c
search_dp1_dc1_ud1_nb2000	211	8	578b5a7244c9cf66
search_dp1_dc1_ud1_nb2000	212	9	e7c15e9c132f5e9f
search_dp1_dc1_ud1_nb2000	213	3	edd5359814ad33df
search_dp1_dc1_ud1_nb2000	214	15	a0861d4f20b809f4
search_dp1_dc1_ud1_nb2000	215	5	74ba7792595c3310
search_dp1_dc1_ud1_nb2000	216	50	159b9c8324eb7ec5
search_dp1_dc1_ud1_nb2000	217	6	46526c287d5945e7
search_dp1_dc1_ud1_nb2000	218	7	8985312184445782
search_dp1_dc1_ud1_nb2000	219	4	dd2e7bf50bbc166f
search_dp1_dc1_ud1_nb2000	220	14	31b6dd99f833b867
search_dp1_dc1_ud1_nb2000	221	7	ade4e2b9128d0a25
search_dp1_dc1_ud1_nb2000	222	2	155847d504fd75bd
search_dp1_dc1_ud1_nb2000	223	2	4dbbca2216f7ac7b
search_dp1_dc1_ud1_nb2000	224	4	3eb10ddb53008a08
search_dp1_dc1_ud1_nb2000	225	2	2832a96cf84da5d8
search_dp1_dc1_ud1_nb2000	226	128	7ba47bc2232da8f0
search_dp1_dc1_ud1_nb2000	227	1	46eb868fb6e063a1
search_dp1_dc1_ud1_nb2000	228	22	69c3dd6270d972ab
search_dp1_dc1_ud1_nb2000	229	3	fbdd82a8dd59592c
search_dp1_dc1_ud1_nb2000	230	41	86049af10fcb5446
search_dp1_dc1_ud1_nb2000	231	4	0f4f24f624930d64
search_dp1_dc1_ud1_nb2000	232	2	8266c8aed1bb63ae
search_dp1_dc1_ud1_nb2000	233	26	5187808aff5433aa
search_dp1_dc1_ud1_nb2000	234	2	e4ca63a93d69cb1f
search_dp1_dc1_ud1_nb2000	235	41	dbf186e38664e18c
search_dp1_dc1_ud1_nb2000	236	2	d481bfb675d614dd
search_dp1_dc1_ud1_nb2000	237	6	9c374886d19d58e2
search_dp1_dc1_ud1_nb2000	238	19	8833eace39f7c5ce
search_dp1_dc1_ud1_nb2000	239	2	4b70e50b8edc6292
search_dp1_dc1_ud1_nb2000	240	4	11399b68410123df
search_dp1_dc1_ud1_nb2000	241	3	b2635722d8d798e2
search_dp1_dc1_ud1_nb2000	242	5	dcae176c8012b891
search_dp1_dc1_ud1_nb2000	243	20	5e11bc01c44fb09a
search_dp1_dc1_ud1_nb2000	244	2	a4dda3ae9e4f0f85
search_dp1_dc1_ud1_nb2000	245	20	ed362c1051d17f0d
search_dp1_dc1_ud1_nb2000	246	128	65ae3e2cb248556c
search_dp1_dc1_ud1_nb2000	247	3	e0853c840dd1fdaf
search_dp1_dc1_ud1_nb2000	248	48	b40a9b6fd6af7eae
search_dp1_dc1_ud1_nb2000	249	136	bc25f7185a4597f0
search_dp1_dc1_ud1_nb2000	250	55	b2bf885d9ea9f8c0
search_dp1_dc1_ud1_nb2000	251	54	6ecdef06fc50bb37
search_dp1_dc1_ud1_nb2000	252	5	8c963a2c9ca6b239
search_dp1_dc1_ud1_nb2000	253	5	68447a6baef27bb5
search_dp1_dc1_ud1_nb2000	254	6	5d4c55fc5ab69382
search_dp1_dc1_ud1_nb2000	255	53	fc6ef516c723618a
search_dp1_dc1_ud1_nb2000	256	2	551a63c2d76181f6
search_dp1_dc1_ud1_nb2000	257	9	356ed3703e436ed3
search_dp1_dc1_ud1_nb2000	258	62	8f593e0029a61a3f
search_dp1_dc1_ud1_nb2000	259	21	2137a94346edfa43
search_dp1_dc1_ud1_nb2000	260	2	adbb7c7175eb6e52
search_dp1_dc1_ud1_nb2000	261	2	f76307a603dd2a5d
search_dp1_dc1_ud1_nb2000	262	7	f97c32f3f992221b
search_dp1_dc1_ud1_nb2000	263	4	26ad5b1db2402826
search_dp1_dc1_ud1_nb2000	264	23	f3ebca8b04b2c17e
search_dp1_dc1_ud1_nb2000	265	3	9f8d916961924fb4
search_dp1_dc1_ud1_nb2000	266	4	bb31c52b28bb81b0
search_dp1_dc1_ud1_nb2000	267	3	318574d728fb4773
search_dp1_dc1_ud1_nb2000	268	1	25aef9909dfea048
search_dp1_dc1_ud1_nb2000	269	52	3e9f0b852e3e2122
search_dp1_dc1_ud1_nb2000	270	21	52e5c23aef9a7c88
search_dp1_dc1_ud1_nb2000	271	117	6fa3c71816f6c58a
search_dp1_dc1_ud1_nb2000	272	54	1eda6492eebab72d
search_dp1_dc1_ud1_nb2000	273	2	6f51285605f5b665
search_dp1_dc1_ud1_nb2000	274	26	7689d104468df279
search_dp1_dc1_ud1_nb2000	275	3	33846b194a9c5819
search_dp1_dc1_ud1_nb2000	276	131	be65408c5c860a97
search_dp1_dc1_ud1_nb2000	277	7	8c70cecc8aa87c82
search_dp1_dc1_ud1_nb2000	278	117	c8385df2aa5b2d91
search_dp1_dc1_ud1_nb2000	279	24	1df639b36edc2fb3
search_dp1_dc1_ud1_nb2000	280	3	20205e6f2da9609c
search_dp1_dc1_ud1_nb2000	281	1	3abc652ea33e17a5
search_dp1_dc1_ud1_nb2000	282	2	9a10022c0daaddb3
search_dp1_dc1_ud1_nb2000	283	18	b5d03e8ca31bb60b
search_dp1_dc1_ud1_nb2000	284	5	33be49397f38c1c0
search_dp1_dc1_ud1_nb2000	285	15	c5e1c9d0dc12576e
search_dp1_dc1_ud1_nb2000	286	10	ffcd04acf22df2f6
search_dp1_dc1_ud1_nb2000	287	141	4cdb2ebd33c24f92
search_dp1_dc1_ud1_nb2000	288	4	79393d37bfeeb318
search_dp1_dc1_ud1_nb2000	289	1	adf4e0e63c574ffd
search_dp1_dc1_ud1_nb2000	290	2	0f3051d3fcbf1a41
search_dp1_dc1_ud1_nb2000	291	141	c03a7f5b1a705e7d
search_dp1_dc1_ud1_nb2000	292	3	97def42dec590a3f
search_dp1_dc1_ud1_nb2000	293	118	d6ad307697e85869
search_dp1_dc1_ud1_nb2000	294	52	09f1110f71881ad6
search_dp1_dc1_ud1_nb2000	295	1	6d6c9be064bbef04
search_dp1_dc1_ud1_nb2000	296	126	45fd614c086277c8
search_dp1_dc1_ud1_nb2000	297	139	6d09007002657394
search_dp1_dc1_ud1_nb2000	298	2	b4231c8b8bf14136
search_dp1_dc1_ud1_nb2000	299	1	ec9a11734f43ecd8
search_dp1_dc1_ud1_nb2000	300	5	3f94bc087489c8e4
search_dp1_dc1_ud1_nb2000	301	42	4d07a7eda7d69947
search_dp1_dc1_ud1_nb2000	302	8	1e5b6fdd3a4d4e63
search_dp1_dc1_ud1_nb2000	303	6	adb56fe1642e028b
search_dp1_dc1_ud1_nb2000	304	5	e7fe22ccd9ba11f5
search_dp1_dc1_ud1_nb2000	305	25	aa7328631da534e8
search_dp1_dc1_ud1_nb2000	306	8	de2a57432debf637
search_dp1_dc1_ud1_nb2000	307	21	1d5ca5bd1b41f926
search_dp1_dc1_ud1_nb2000	308	128	8e036fc20bd0fc4c
search_dp1_dc1_ud1_nb2000	309	2	49f285d1dbd9cded
search_dp1_dc1_ud1_nb2000	310	3	a19a9ddc616bc40b
search_dp1_dc1_ud1_nb2000	311	3	d22ff6030491e306
search_dp1_dc1_ud1_nb2000	312	49	c6186c8afdbd355a
search_dp1_dc1_ud1_nb2000	313	51	eb3c2db36574c6c6
search_dp1_dc1_ud1_nb2000	314	56	3e76425a6c6878cd
search_dp1_dc1_ud1_nb2000	315	1	1ab4e6773c971447
search_dp1_dc1_ud1_nb2000	316	133	e5cebb55898287ae
search_dp1_dc1_ud1_nb2000	317	5	a57c653d40b9330e
search_dp1_dc1_ud1_nb2000	318	3	0be369303603bc54
search_dp1_dc1_ud1_nb2000	319	123	28c179c4c649fdd5
search_dp1_dc1_ud1_nb2000	320	26	c994bfb7552b74b5
search_dp1_dc1_ud1_nb2000	321	17	5b0a7dfff0b9c268
search_dp1_dc1_ud1_nb2000	322	53	d043eb405e3569e3
search_dp1_dc1_ud1_nb2000	323	21	663367867a011671
search_dp1_dc1_ud1_nb2000	324	26	9d0705b7df7b6e34
search_dp1_dc1_ud1_nb2000	325	6	ba61619909836ace
search_dp1_dc1_ud1_nb2000	326	49	8a9d531d9cb078f1
search_dp1_dc1_ud1_nb2000	327	3	d1fb661b574d678c
search_dp1_dc1_ud1_nb2000	328	7	564bb8edfe92bf9a
search_dp1_dc1_ud1_nb2000	329	2	461827dfc2a8b43f
search_dp1_dc1_ud1_nb2000	330	59	24d143c271d2927c
search_dp1_dc1_ud1_nb2000	331	1	a1b05ad8878eddbd
search_dp1_dc1_ud1_nb2000	332	50	cb72812b554fc6f0
search_dp1_dc1_ud1_nb2000	333	55	f2f1e5d882fb0c37
search_dp1_dc1_ud1_nb2000	334	122	c511165fbb96901c
search_dp1_dc1_ud1_nb2000	335	21	d4a539b6f19894e7
search_dp1_dc1_ud1_nb2000	336	49	c394ee78bacdd2d3
search_dp1_dc1_ud1_nb2000	337	8	027765e0cef51c1c
search_dp1_dc1_ud1_nb2000	338	49	9110733812730ca4
search_dp1_dc1_ud1_nb2000	339	63	abadfde216c22997
search_dp1_dc1_ud1_nb2000	340	23	83cc50944a70869a
search_dp1_dc1_ud1_nb2000	341	2	ad98a9842eda811a
search_dp1_dc1_ud1_nb2000	342	25	336280dbb4f5bf4a
search_dp1_dc1_ud1_nb2000	343	140	ac8034394ea66659
search_dp1_dc1_ud1_nb2000	344	6	5f1b071befe1b3b9
search_dp1_dc1_ud1_nb2000	345	24	a3c094ff70dad61f
search_dp1_dc1_ud1_nb2000	346	54	b955144e2bedda14
search_dp1_dc1_ud1_nb2000	347	2	73786eace44df5fe
search_dp1_dc1_ud1_nb2000	348	5	a3cd0c88ea908c0a
search_dp1_dc1_ud1_nb2000	349	19	7dd7b1bc55e0f86e
search_dp1_dc1_ud1_nb2000	350	8	677ae48c18a62575
search_dp1_dc1_ud1_nb2000	351	6	8f1fbe3d0f72da7e
search_dp1_dc1_ud1_nb2000	352	1	8424221c01ab377a
search_dp1_dc1_ud1_nb2000	353	21	86a46489ddb61ddd
search_dp1_dc1_ud1_nb2000	354	2	5bda2ca495a4ab74
search_dp1_dc1_ud1_nb2000	355	3	a581d4f3412436ff
search_dp1_dc1_ud1_nb2000	356	1	0de197205f786e7e
search_dp1_dc1_ud1_nb2000	357	21	77a29d8171842c52
search_dp1_dc1_ud1_nb2000	358	2	f9fa6bf430f95da3
search_dp1_dc1_ud1_nb2000	359	2	2528591461d93ca8
search_dp1_dc1_ud1_nb2000	360	7	920d478d9a1f0969
search_dp1_dc1_ud1_nb2000	361	2	c6d90e3c7d693bdd
search_dp1_dc1_ud1_nb2000	362	54	27ed4e681e6b52e3
search_dp1_dc1_ud1_nb2000	363	120	c5ba63010cef303b
search_dp1_dc1_ud1_nb2000	364	7	ffd5dab670422ca6
search_dp1_dc1_ud1_nb2000	365	2	0acbb33a757090a6
search_dp1_dc1_ud1_nb2000	366	2	198c1f0846c5965f
search_dp1_dc1_ud1_nb2000	367	8	983f5743d9aa7e64
search_dp1_dc1_ud1_nb2000	368	1	eef15e6694a23b83
search_dp1_dc1_ud1_nb2000	369	19	b894b56cac22eb0f
search_dp1_dc1_ud1_nb2000	370	6	c2b6a6d77ac0c54c
search_dp1_dc1_ud1_nb2000	371	2	4cd07f8f33b23519
search_dp1_dc1_ud1_nb2000	372	3	97ef6c6486301c0d
search_dp1_dc1_ud1_nb2000	373	5	c45f4864686173b7
search_dp1_dc1_ud1_nb2000	374	55	30bf12f5a8607cb6
search_dp1_dc1_ud1_nb2000	375	47	18e59f2ad150c7a3
search_dp1_dc1_ud1_nb2000	376	8	a92efd60205398cf
search_dp1_dc1_ud1_nb2000	377	2	c417926d6aea0d9a
search_dp1_dc1_ud1_nb2000	378	4	a06e054f270ac1cf
search_dp1_dc1_ud1_nb2000	379	8	f7bf4b46fdb7bfe6
search_dp1_dc1_ud1_nb2000	380	58	0f5b6662316a11c5
search_dp1_dc1_ud1_nb2000	381	3	b1f6b2765a452e84
search_dp1_dc1_ud1_nb2000	382	2	ee235b847f480214
search_dp1_dc1_ud1_nb2000	383	2	1ca0393d8d48778c
search_dp1_dc1_ud1_nb2000	384	2	17487eeaec684a5e
search_dp1_dc1_ud1_nb2000	385	2	60e9a85e50134bc4
search_dp1_dc1_ud1_nb2000	386	123	0c44e682d3281f6d
search_dp1_dc1_ud1_nb2000	387	8	733e113fa41c4d5b
search_dp1_dc1_ud1_nb2000	388	64	afd9317a2211d0fa
search_dp1_dc1_ud1_nb2000	389	45	f439f643b5e85148
search_dp1_dc1_ud1_nb2000	390	7	1e514b22b438dfa3
search_dp1_dc1_ud1_nb2000	391	7	109224eb648dc612
search_dp1_dc1_ud1_nb2000	392	16	98dda3e153eadd6a
search_dp1_dc1_ud1_nb2000	393	7	0ab9a0f8602eac2c
search_dp1_dc1_ud1_nb2000	394	2	9e5b2dc50953735f
search_dp1_dc1_ud1_nb2000	395	4	6122c00846bbbbae
search_dp1_dc1_ud1_nb2000	396	18	331d40996af64802
search_dp1_dc1_ud1_nb2000	397	49	c0a03acee2fc370f
search_dp1_dc1_ud1_nb2000	398	144	3c7078f9bd1b86a3
search_dp1_dc1_ud1_nb2000	399	4	3f607be684c580de
search_dp1_dc0_ud0_nb0	0	2	fe3877f9123caf6f
search_dp1_dc0_ud0_nb0	1	17	1cc9be5912e1ae61
search_dp1_dc0_ud0_nb0	2	144	750e6137acc3b1d5
search_dp1_dc0_ud0_nb0	3	3	04752421978926ff
search_dp1_dc0_ud0_nb0	4	53	5c06eb5028c13b67
search_dp1_dc0_ud0_nb0	5	3	35c41a2159b89123
search_dp1_dc0_ud0_nb0	6	52	d87d0872a8e6d4f9
search_dp1_dc0_ud0_nb0	7	141	bf0315b284c11edd
search_dp1_dc0_ud0_nb0	8	117	baec0283eb54f335
search_dp1_dc0_ud0_nb0	9	52	05ad8267fd4a5703
search_dp1_dc0_ud0_nb0	10	48	fe7fadbdd74c14b4
search_dp1_dc0_ud0_nb0	11	60	203cb72076576f8f
search_dp1_dc0_ud0_nb0	12	5	cd9d2ab8d7d8e70b
search_dp1_dc0_ud0_nb0	13	1	8610e9dda182bf42
search_dp1_dc0_ud0_nb0	14	4	2e85190163e10d0c
search_dp1_dc0_ud0_nb0	15	4	5de2856cfbed0b06
search_dp1_dc0_ud0_nb0	16	27	438f2f482ec2bab9
search_dp1_dc0_ud0_nb0	17	2	5420621e61e6b2de
search_dp1_dc0_ud0_nb0	18	4	58a764840892cede
search_dp1_dc0_ud0_nb0	19	1	9063f58a9e418e90
search_dp1_dc0_ud0_nb0	20	46	265daf9d43ef5b38
search_dp1_dc0_ud0_nb0	21	49	9c245828ea4594d6
search_dp1_dc0_ud0_nb0	22	2	b2b47f5335448eeb
search_dp1_dc0_ud0_nb0	23	115	2bab040c1ff42fa2
search_dp1_dc0_ud0_nb0	24	2	4ee24f53fa50f5fb
search_dp1_dc0_ud0_nb0	25	2	210c11ef7723c39c
search_dp1_dc0_ud0_nb0	26	22	c7e89938e8bdb34a
search_dp1_dc0_ud0_nb0	27	2	7a76b7ba3a15016d
search_dp1_dc0_ud0_nb0	28	3	2b3be05945eccc6d
search_dp1_dc0_ud0_nb0	29	1	cb04c009a7a0f623
search_dp1_dc0_ud0_nb0	30	5	69ec4105565c89a1
search_dp1_dc0_ud0_nb0	31	2	115a740f9cd9a619
search_dp1_dc0_ud0_nb0	32	124	d1ac19078fbca1a2
search_dp1_dc0_ud0_nb0	33	3	fb073d01787c3389
search_dp1_dc0_ud0_nb0	34	4	19a003b39818982e
search_dp1_dc0_ud0_nb0	35	117	cc484c421fad78f7
search_dp1_dc0_ud0_nb0	36	7	e5b73009a55ad265
search_dp1_dc0_ud0_nb0	37	63	9a7e0f205dd07083
search_dp1_dc0_ud0_nb0	38	19	2c8451cfc18a034d
search_dp1_dc0_ud0_nb0	39	115	b8ed45531c329ea2
search_dp1_dc0_ud0_nb0	40	131	a3a356cd287dded0
search_dp1_dc0_ud0_nb0	41	24	7cd28e4b74c4982e
search_dp1_dc0_ud0_nb0	42	8	d478843d9d8f0829
search_dp1_dc0_ud0_nb0	43	1	5b21a5ec2f985d77
search_dp1_dc0_ud0_nb0	44	2	8946d53fe3b107ce
search_dp1_dc0_ud0_nb0	45	7	bcd0e6f6073295b3
search_dp1_dc0_ud0_nb0	46	17	2b3f0e64de30d21f
search_dp1_dc0_ud0_nb0	47	57	7fc2730f2a3c3ebd
search_dp1_dc0_ud0_nb0	48	5	fbbc98c0c89a3eb6
search_dp1_dc0_ud0_nb0	49	4	682fb7ad4c45f435
search_dp1_dc0_ud0_nb0	50	3	fd89f6049da2aafa
search_dp1_dc0_ud0_nb0	51	23	9f735a1929b5126d
search_dp1_dc0_ud0_nb0	52	2	fd08e8dd823f631e
search_dp1_dc0_ud0_nb0	53	6	b61b87c29ab88279
search_dp1_dc0_ud0_nb0	54	3	662b542a83cdcabd
search_dp1_dc0_ud0_nb0	55	52	234e860adfe14831
search_dp1_dc0_ud0_nb0	56	9	21ef0eff9bc27471
search_dp1_dc0_ud0_nb0	57	2	d8c21a02c79c5d2f
search_dp1_dc0_ud0_nb0	58	3	6a5b37258e941d28
search_dp1_dc0_ud0_nb0	59	23	312e489a4f8266be
search_dp1_dc0_ud0_nb0	60	3	90e544c7aa820b5e
search_dp1_dc0_ud0_nb0	61	2	50c0e5e565e77d9f
search_dp1_dc0_ud0_nb0	62	3	490e58d435ecad3e
search_dp1_dc0_ud0_nb0	63	17	20f8b027f1304aa0
search_dp1_dc0_ud0_nb0	64	45	f9cb6581e07fc3d2
search_dp1_dc0_ud0_nb0	65	5	ef54a424735e7ba8
search_dp1_dc0_ud0_nb0	66	2	183418e639303309
search_dp1_dc0_ud0_nb0	67	6	8259cff31eddaa7e
search_dp1_dc0_ud0_nb0	68	5	3c9e4c88094cbbfb
search_dp1_dc0_ud0_nb0	69	54	1048a2d9a0d789b3
search_dp1_dc0_ud0_nb0	70	5	f08af93532a2f6cd
search_dp1_dc0_ud0_nb0	71	11	8c30854b80cbff79
search_dp1_dc0_ud0_nb0	72	18	8b2fdeecc5367d2e
search_dp1_dc0_ud0_nb0	73	43	99ca928933e56269
search_dp1_dc0_ud0_nb0	74	2	c00d92a30f546d81
search_dp1_dc0_ud0_nb0	75	2	60d11ac02cca1f5c
search_dp1_dc0_ud0_nb0	76	54	9fb0f4682168230e
search_dp1_dc0_ud0_nb0	77	2	72f99e536ffd074b
search_dp1_dc0_ud0_nb0	78	2	8a316a4cbf248e78
search_dp1_dc0_ud0_nb0	79	12	5de65479b9535c0a
search_dp1_dc0_ud0_nb0	80	1	52b4ae3df5b68646
search_dp1_dc0_ud0_nb0	81	6	ff827455272f1a80
search_dp1_dc0_ud0_nb0	82	128	904e52cfc274e651
search_dp1_dc0_ud0_nb0	83	4	18c6172a2b20dab9
search_dp1_dc0_ud0_nb0	84	3	98be6817fedd840d
search_dp1_dc0_ud0_nb0	85	51	7b66c3af2a7bfb21
search_dp1_dc0_ud0_nb0	86	6	18191c8901aa16ba
search_dp1_dc0_ud0_nb0	87	22	596f255c03e01b8c
search_dp1_dc0_ud0_nb0	88	21	213fe18ea9153a96
search_dp1_dc0_ud0_nb0	89	137	207135a2601018ca
search_dp1_dc0_ud0_nb0	90	2	7ac3584624571a10
search_dp1_dc0_ud0_nb0	91	126	efd4711bcaa12583
search_dp1_dc0_ud0_nb0	92	4	60bbda28de9b1fb0
search_dp1_dc0_ud0_nb0	93	6	8041e288b4fe476e
search_dp1_dc0_ud0_nb0	94	6	98a1472c66a9b589
search_dp1_dc0_ud0_nb0	95	120	67e2acaaf78e0b14
search_dp1_dc0_ud0_nb0	96	60	290661cebc03fa8c
search_dp1_dc0_ud0_nb0	97	5	61d9d102b34e1726
search_dp1_dc0_ud0_nb0	98	3	66accd03b9beeea3
search_dp1_dc0_ud0_nb0	99	7	9082acb1aa570b2b
search_dp1_dc0_ud0_nb0	100	6	bd521a92b18247d9
search_dp1_dc0_ud0_nb0	101	2	3ff37d05d9e89fc7
search_dp1_dc0_ud0_nb0	102	47	330a4fb43bca84d2
search_dp1_dc0_ud0_nb0	103	27	20fc49f1ed7c1de2
search_dp1_dc0_ud0_nb0	104	1	2aa86b7d09c4fa67
search_dp1_dc0_ud0_nb0	105	2	5e1645b8765c83f3
search_dp1_dc0_ud0_nb0	106	19	a0ffab9c0ede9e36
search_dp1_dc0_ud0_nb0	107	138	2eba7125e6d26fd1
search_dp1_dc0_ud0_nb0	108	47	51bc2ffa8f878d3e
search_dp1_dc0_ud0_nb0	109	23	188c8967e2b56318
search_dp1_dc0_ud0_nb0	110	5	0929f46f2e6878c7
search_dp1_dc0_ud0_nb0	111	3	01911c6ee2172564
search_dp1_dc0_ud0_nb0	112	3	616126a74fbcf785
search_dp1_dc0_ud0_nb0	113	1	ce908bdfd8c62477
search_dp1_dc0_ud0_nb0	114	108	72cec2fd2a318a96
search_dp1_dc0_ud0_nb0	115	2	4190c4e5c47f9001
search_dp1_dc0_ud0_nb0	116	2	5f2151cdb5d26008
search_dp1_dc0_ud0_nb0	117	118	21a2db542954b17c
search_dp1_dc0_ud0_nb0	118	131	42dea4d3c5d7ab06
search_dp1_dc0_ud0_nb0	119	2	fa3b1b21769c99bc
search_dp1_dc0_ud0_nb0	120	116	35601a5bce93682a
search_dp1_dc0_ud0_nb0	121	58	ae3f2dd8ef307367
search_dp1_dc0_ud0_nb0	122	141	aac6b47c0ea051bb
search_dp1_dc0_ud0_nb0	123	2	737f3e1167508935
search_dp1_dc0_ud0_nb0	124	52	f43a6b6f4b8b2a33
search_dp1_dc0_ud0_nb0	125	4	3ec7510780c15cda
search_dp1_dc0_ud0_nb0	126	7	dabb0cde215466ff
search_dp1_dc0_ud0_nb0	127	2	814dccc6d2006e69
search_dp1_dc0_ud0_nb0	128	19	1b0c044a9b82bcb7
search_dp1_dc0_ud0_nb0	129	53	3aeddd11fbdb7fb5
search_dp1_dc0_ud0_nb0	130	2	af2325e713679114
search_dp1_dc0_ud0_nb0	131	121	d4fc36b5420247c0
search_dp1_dc0_ud0_nb0	132	132	e6270f57030f1e66
search_dp1_dc0_ud0_nb0	133	2	80af669c13559a46
search_dp1_dc0_ud0_nb0	134	9	c86de27979b93c2e
search_dp1_dc0_ud0_nb0	135	1	4f4429788037f093
search_dp1_dc0_ud0_nb0	136	2	cff4c6b51ab8d1e1
search_dp1_dc0_ud0_nb0	137	3	1dc709adf506815a
search_dp1_dc0_ud0_nb0	138	121	cb190c96f4ebe529
search_dp1_dc0_ud0_nb0	139	124	28c9167279465da7
search_dp1_dc0_ud0_nb0	140	5	d0eb69f59bc41631
search_dp1_dc0_ud0_nb0	141	5	e012e7b369b410f6
search_dp1_dc0_ud0_nb0	142	7	7f1078ad70fd6600
search_dp1_dc0_ud0_nb0	143	2	6ff6b8bc6619ae66
search_dp1_dc0_ud0_nb0	144	10	e00561292173cdef
search_dp1_dc0_ud0_nb0	145	41	2220f95de36de30a
search_dp1_dc0_ud0_nb0	146	59	06c4818e6d885599
search_dp1_dc0_ud0_nb0	147	14	286cf56322bdea4f
search_dp1_dc0_ud0_nb0	148	18	797306ee66936809
search_dp1_dc0_ud0_nb0	149	2	0e7a7d4215ecf15a
search_dp1_dc0_ud0_nb0	150	4	a8d155a0060fcc7c
search_dp1_dc0_ud0_nb0	151	5	29ec5580ac044ccc
search_dp1_dc0_ud0_nb0	152	57	cf992200bb323796
search_dp1_dc0_ud0_nb0	153	139	84be2b69e5076913
search_dp1_dc0_ud0_nb0	154	2	60a2b5c9c2e0e62a
search_dp1_dc0_ud0_nb0	155	52	bed33b65cc7f23f2
search_dp1_dc0_ud0_nb0	156	22	744e6054cf572359
search_dp1_dc0_ud0_nb0	157	3	6a36bc7972855e92
search_dp1_dc0_ud0_nb0	158	3	c66d8bfa148e1a07
search_dp1_dc0_ud0_nb0	159	50	0a23b5918db9d03a
search_dp1_dc0_ud0_nb0	160	7	af225a9e313bd07a
search_dp1_dc0_ud0_nb0	161	2	a1619a4837419d10
search_dp1_dc0_ud0_nb0	162	128	cfadb072d13bf5ef
search_dp1_dc0_ud0_nb0	163	7	806ea40904ff7eeb
search_dp1_dc0_ud0_nb0	164	2	e08c08885d04564b
search_dp1_dc0_ud0_nb0	165	3	5c538693c1431f4b
search_dp1_dc0_ud0_nb0	166	135	ec79d74af16bc426
search_dp1_dc0_ud0_nb0	167	58	cc31c9db260162cb
search_dp1_dc0_ud0_nb0	168	2	7f186e27c595ab14
search_dp1_dc0_ud0_nb0	169	8	50b094fe969e79f8
search_dp1_dc0_ud0_nb0	170	2	9a10e7aed7584972
search_dp1_dc0_ud0_nb0	171	49	e924b8d9146bcb4f
search_dp1_dc0_ud0_nb0	172	5	fc512fe2c21e0fa5
search_dp1_dc0_ud0_nb0	173	6	19b5bf88aa1621da
search_dp1_dc0_ud0_nb0	174	18	c5187d4072ab161a
search_dp1_dc0_ud0_nb0	175	2	72c15ba8f0c9d153
search_dp1_dc0_ud0_nb0	176	137	7d611ff5c6ba02ff
search_dp1_dc0_ud0_nb0	177	2	bd0ecdb7188c9a68
search_dp1_dc0_ud0_nb0	178	2	edb8b080a73ec176
search_dp1_dc0_ud0_nb0	179	42	0467417239e699e3
search_dp1_dc0_ud0_nb0	180	132	b19440b9d30726c7
search_dp1_dc0_ud0_nb0	181	57	f6726eb4f74738a0
search_dp1_dc0_ud0_nb0	182	6	b5bec723cdeb5f21
search_dp1_dc0_ud0_nb0	183	2	f715da348003fd36
search_dp1_dc0_ud0_nb0	184	7	1f54f8727150652f
search_dp1_dc0_ud0_nb0	185	118	62b31359991394b0
search_dp1_dc0_ud0_nb0	186	2	f4c5fe0c958f3e6d
search_dp1_dc0_ud0_nb0	187	49	d1f2a4a8ba9162e9
search_dp1_dc0_ud0_nb0	188	3	497372c349c1b597
search_dp1_dc0_ud0_nb0	189	3	4275562cef33e65f
search_dp1_dc0_ud0_nb0	190	3	01ea72aab73b6f2d
search_dp1_dc0_ud0_nb0	191	136	af36bb7983edde43
search_dp1_dc0_ud0_nb0	192	5	ae1a712b3ffd0260
search_dp1_dc0_ud0_nb0	193	3	9d88783521a38ff1
search_dp1_dc0_ud0_nb0	194	51	2f3c3a4c565d5efc
search_dp1_dc0_ud0_nb0	195	45	5c80478cf09b8ce8
search_dp1_dc0_ud0_nb0	196	135	ebdd5f06c547f63b
search_dp1_dc0_ud0_nb0	197	7	d29623dcd610ad0f
search_dp1_dc0_ud0_nb0	198	2	9ae12495235be9b1
search_dp1_dc0_ud0_nb0	199	9	bb624c201e4e9cc4
search_dp1_dc0_ud0_nb0	200	55	be174d9e231cd8f9
search_dp1_dc0_ud0_nb0	201	5	35f561dd999af5d4
search_dp1_dc0_ud0_nb0	202	3	9867b26f89bd75b4
search_dp1_dc0_ud0_nb0	203	18	226e3d31443203c5
search_dp1_dc0_ud0_nb0	204	51	408fbe0f2425b30e
search_dp1_dc0_ud0_nb0	205	9	d4ae11a0420b041b
search_dp1_dc0_ud0_nb0	206	139	13c6b6e1956b7f14
search_dp1_dc0_ud0_nb0	207	62	ff79080f338e28c1
search_dp1_dc0_ud0_nb0	208	48	ecb24fc837fc62b4
search_dp1_dc0_ud0_nb0	209	2	7e406aca15207b29
search_dp1_dc0_ud0_nb0	210	2	4143f74e30e91d3c
search_dp1_dc0_ud0_nb0	211	8	578b5a7244c9cf66
search_dp1_dc0_ud0_nb0	212	9	e7c15e9c132f5e9f
search_dp1_dc0_ud0_nb0	213	3	edd5359814ad33df
search_dp1_dc0_ud0_nb0	214	15	a0861d4f20b809f4
search_dp1_dc0_ud0_nb0	215	5	74ba7792595c3310
search_dp1_dc0_ud0_nb0	216	50	103b850c039901cc
search_dp1_dc0_ud0_nb0	217	6	46526c287d5945e7
search_dp1_dc0_ud0_nb0	218	7	8985312184445782
search_dp1_dc0_ud0_nb0	219	4	dd2e7bf50bbc166f
search_dp1_dc0_ud0_nb0	220	14	31b6dd99f833b867
search_dp1_dc0_ud0_nb0	221	7	ade4e2b9128d0a25
search_dp1_dc0_ud0_nb0	222	2	155847d504fd75bd
search_dp1_dc0_ud0_nb0	223	2	4dbbca2216f7ac7b
search_dp1_dc0_ud0_nb0	224	4	3eb10ddb53008a08
search_dp1_dc0_ud0_nb0	225	2	2832a96cf84da5d8
search_dp1_dc0_ud0_nb0	226	128	7ba47bc2232da8f0
search_dp1_dc0_ud0_nb0	227	1	46eb868fb6e063a1
search_dp1_dc0_ud0_nb0	228	22	69c3dd6270d972ab
search_dp1_dc0_ud0_nb0	229	3	fbdd82a8dd59592c
search_dp1_dc0_ud0_nb0	230	41	86049af10fcb5446
search_dp1_dc0_ud0_nb0	231	4	0f4f24f624930d64
search_dp1_dc0_ud0_nb0	232	2	8266c8aed1bb63ae
search_dp1_dc0_ud0_nb0	233	26	5187808aff5433aa
search_dp1_dc0_ud0_nb0	234	2	e4ca63a93d69cb1f
search_dp1_dc0_ud0_nb0	235	41	dbf186e38664e18c
search_dp1_dc0_ud0_nb0	236	2	d481bfb675d614dd
search_dp1_dc0_ud0_nb0	237	6	b04711e899c41616
search_dp1_dc0_ud0_nb0	238	19	8833eace39f7c5ce
search_dp1_dc0_ud0_nb0	239	2	4b70e50b8edc6292
search_dp1_dc0_ud0_nb0	240	4	11399b68410123df
search_dp1_dc0_ud0_nb0	241	3	b2635722d8d798e2
search_dp1_dc0_ud0_nb0	242	5	dcae176c8012b891
search_dp1_dc0_ud0_nb0	243	20	02303f2a953e56f7
search_dp1_dc0_ud0_nb0	244	2	a4dda3ae9e4f0f85
search_dp1_dc0_ud0_nb0	245	20	ed362c1051d17f0d
search_dp1_dc0_ud0_nb0	246	128	65ae3e2cb248556c
search_dp1_dc0_ud0_nb0	247	3	e0853c840dd1fdaf
search_dp1_dc0_ud0_nb0	248	48	b40a9b6fd6af7eae
search_dp1_dc0_ud0_nb0	249	136	58779c120a4ab0d4
search_dp1_dc0_ud0_nb0	250	55	b2bf885d9ea9f8c0
search_dp1_dc0_ud0_nb0	251	54	6ecdef06fc50bb37
search_dp1_dc0_ud0_nb0	252	5	8c963a2c9ca6b239
search_dp1_dc0_ud0_nb0	253	5	68447a6baef27bb5
search_dp1_dc0_ud0_nb0	254	6	5d4c55fc5ab69382
search_dp1_dc0_ud0_nb0	255	53	ce8166c39efb5775
search_dp1_dc0_ud0_nb0	256	2	551a63c2d76181f6
search_dp1_dc0_ud0_nb0	257	9	356ed3703e436ed3
search_dp1_dc0_ud0_nb0	258	62	8f593e0029a61a3f
search_dp1_dc0_ud0_nb0	259	21	2137a94346edfa43
search_dp1_dc0_ud0_nb0	260	2	adbb7c7175eb6e52
search_dp1_dc0_ud0_nb0	261	2	f76307a603dd2a5d
search_dp1_dc0_ud0_nb0	262	7	4159b8c0b76a566f
search_dp1_dc0_ud0_nb0	263	4	26ad5b1db2402826
search_dp1_dc0_ud0_nb0	264	23	f3ebca8b04b2c17e
search_dp1_dc0_ud0_nb0	265	3	9f8d916961924fb4
search_dp1_dc0_ud0_nb0	266	4	bb31c52b28bb81b0
search_dp1_dc0_ud0_nb0	267	3	318574d728fb4773
search_dp1_dc0_ud0_nb0	268	1	25aef9909dfea048
search_dp1_dc0_ud0_nb0	269	52	3e9f0b852e3e2122
search_dp1_dc0_ud0_nb0	270	21	52e5c23aef9a7c88
search_dp1_dc0_ud0_nb0	271	117	6fa3c71816f6c58a
search_dp1_dc0_ud0_nb0	272	54	7a7c05e44edca3ac
search_dp1_dc0_ud0_nb0	273	2	6f51285605f5b665
search_dp1_dc0_ud0_nb0	274	26	7689d104468df279
search_dp1_dc0_ud0_nb0	275	3	33846b194a9c5819
search_dp1_dc0_ud0_nb0	276	131	b6ecd29851d42f51
search_dp1_dc0_ud0_nb0	277	7	8c70cecc8aa87c82
search_dp1_dc0_ud0_nb0	278	117	e1f07d10012ee194
search_dp1_dc0_ud0_nb0	279	24	1df639b36edc2fb3
search_dp1_dc0_ud0_nb0	280	3	20205e6f2da9609c
search_dp1_dc0_ud0_nb0	281	1	3abc652ea33e17a5
search_dp1_dc0_ud0_nb0	282	2	9a10022c0daaddb3
search_dp1_dc0_ud0_nb0	283	18	b5d03e8ca31bb60b
search_dp1_dc0_ud0_nb0	284	5	33be49397f38c1c0
search_dp1_dc0_ud0_nb0	285	15	c5e1c9d0dc12576e
search_dp1_dc0_ud0_nb0	286	10	ffcd04acf22df2f6
search_dp1_dc0_ud0_nb0	287	141	e296ca765a743651
search_dp1_dc0_ud0_nb0	288	4	79393d37bfeeb318
search_dp1_dc0_ud0_nb0	289	1	adf4e0e63c574ffd
search_dp1_dc0_ud0_nb0	290	2	0f3051d3fcbf1a41
search_dp1_dc0_ud0_nb0	291	141	02c857e44efc436b
search_dp1_dc0_ud0_nb0	292	3	97def42dec590a3f
search_dp1_dc0_ud0_nb0	293	118	d6ad307697e85869
search_dp1_dc0_ud0_nb0	294	52	09f1110f71881ad6
search_dp1_dc0_ud0_nb0	295	1	6d6c9be064bbef04
search_dp1_dc0_ud0_nb0	296	126	45fd614c086277c8
search_dp1_dc0_ud0_nb0	297	139	deca60664017310c
search_dp1_dc0_ud0_nb0	298	2	b4231c8b8bf14136
search_dp1_dc0_ud0_nb0	299	1	ec9a11734f43ecd8
search_dp1_dc0_ud0_nb0	300	5	3f94bc087489c8e4
search_dp1_dc0_ud0_nb0	301	42	4d07a7eda7d69947
search_dp1_dc0_ud0_nb0	302	8	1e5b6fdd3a4d4e63
search_dp1_dc0_ud0_nb0	303	6	adb56fe1642e028b
search_dp1_dc0_ud0_nb0	304	5	e7fe22ccd9ba11f5
search_dp1_dc0_ud0_nb0	305	25	4353de2f98302be9
search_dp1_dc0_ud0_nb0	306	8	de2a57432debf637
search_dp1_dc0_ud0_nb0	307	21	1d5ca5bd1b41f926
search_dp1_dc0_ud0_nb0	308	126	5e2ba02c458e9187
search_dp1_dc0_ud0_nb0	309	2	49f285d1dbd9cded
search_dp1_dc0_ud0_nb0	310	3	a19a9ddc616bc40b
search_dp1_dc0_ud0_nb0	311	3	d22ff6030491e306
search_dp1_dc0_ud0_nb0	312	49	c6186c8afdbd355a
search_dp1_dc0_ud0_nb0	313	51	eb3c2db36574c6c6
search_dp1_dc0_ud0_nb0	314	56	3e76425a6c6878cd
search_dp1_dc0_ud0_nb0	315	1	1ab4e6773c971447
search_dp1_dc0_ud0_nb0	316	133	55e514bba9c22d3d
search_dp1_dc0_ud0_nb0	317	5	a57c653d40b9330e
search_dp1_dc0_ud0_nb0	318	3	0be369303603bc54
search_dp1_dc0_ud0_nb0	319	123	28c179c4c649fdd5
search_dp1_dc0_ud0_nb0	320	26	c994bfb7552b74b5
search_dp1_dc0_ud0_nb0	321	17	5b0a7dfff0b9c268
search_dp1_dc0_ud0_nb0	322	53	d043eb405e3569e3
search_dp1_dc0_ud0_nb0	323	21	7254abb49f42bae8
search_dp1_dc0_ud0_nb0	324	26	60dd038dc9465c19
search_dp1_dc0_ud0_nb0	325	6	ba61619909836ace
search_dp1_dc0_ud0_nb0	326	49	8a9d531d9cb078f1
search_dp1_dc0_ud0_nb0	327	3	d1fb661b574d678c
search_dp1_dc0_ud0_nb0	328	7	564bb8edfe92bf9a
search_dp1_dc0_ud0_nb0	329	2	461827dfc2a8b43f
search_dp1_dc0_ud0_nb0	330	59	24d143c271d2927c
search_dp1_dc0_ud0_nb0	331	1	a1b05ad8878eddbd
search_dp1_dc0_ud0_nb0	332	50	cb72812b554fc6f0
search_dp1_dc0_ud0_nb0	333	55	f2f1e5d882fb0c37
search_dp1_dc0_ud0_nb0	334	122	dfe1c5d3ae4d5e7c
search_dp1_dc0_ud0_nb0	335	21	a4ff4ef3110996b7
search_dp1_dc0_ud0_nb0	336	49	c394ee78bacdd2d3
search_dp1_dc0_ud0_nb0	337	8	027765e0cef51c1c
search_dp1_dc0_ud0_nb0	338	49	9110733812730ca4
search_dp1_dc0_ud0_nb0	339	61	b2587ba4323d77f8
search_dp1_dc0_ud0_nb0	340	23	83cc50944a70869a
search_dp1_dc0_ud0_nb0	341	2	ad98a9842eda811a
search_dp1_dc0_ud0_nb0	342	25	336280dbb4f5bf4a
search_dp1_dc0_ud0_nb0	343	139	1a561db6b7ea705a
search_dp1_dc0_ud0_nb0	344	6	5f1b071befe1b3b9
search_dp1_dc0_ud0_nb0	345	24	a3c094ff70dad61f
search_dp1_dc0_ud0_nb0	346	54	b955144e2bedda14
search_dp1_dc0_ud0_nb0	347	2	73786eace44df5fe
search_dp1_dc0_ud0_nb0	348	5	a3cd0c88ea908c0a
search_dp1_dc0_ud0_nb0	349	19	7dd7b1bc55e0f86e
search_dp1_dc0_ud0_nb0	350	8	677ae48c18a62575
search_dp1_dc0_ud0_nb0	351	6	8f1fbe3d0f72da7e
search_dp1_dc0_ud0_nb0	352	1	8424221c01ab377a
search_dp1_dc0_ud0_nb0	353	21	86a46489ddb61ddd
search_dp1_dc0_ud0_nb0	354	2	5bda2ca495a4ab74
search_dp1_dc0_ud0_nb0	355	3	a581d4f3412436ff
search_dp1_dc0_ud0_nb0	356	1	0de197205f786e7e
search_dp1_dc0_ud0_nb0	357	21	fbe2fe24cd067217
search_dp1_dc0_ud0_nb0	358	2	f9fa6bf430f95da3
search_dp1_dc0_ud0_nb0	359	2	2528591461d93ca8
search_dp1_dc0_ud0_nb0	360	7	920d478d9a1f0969
search_dp1_dc0_ud0_nb0	361	2	c6d90e3c7d693bdd
search_dp1_dc0_ud0_nb0	362	53	9a20f83e8978a1ec
search_dp1_dc0_ud0_nb0	363	120	c5ba63010cef303b
search_dp1_dc0_ud0_nb0	364	7	ffd5dab670422ca6
search_dp1_dc0_ud0_nb0	365	2	0acbb33a757090a6
search_dp1_dc0_ud0_nb0	366	2	198c1f0846c5965f
search_dp1_dc0_ud0_nb0	367	8	983f5743d9aa7e64
search_dp1_dc0_ud0_nb0	368	1	eef15e6694a23b83
search_dp1_dc0_ud0_nb0	369	19	b894b56cac22eb0f
search_dp1_dc0_ud0_nb0	370	6	c2b6a6d77ac0c54c
search_dp1_dc0_ud0_nb0	371	2	4cd07f8f33b23519
search_dp1_dc0_ud0_nb0	372	3	97ef6c6486301c0d
search_dp1_dc0_ud0_nb0	373	5	c45f4864686173b7
search_dp1_dc0_ud0_nb0	374	55	6247ac6f8eece8eb
search_dp1_dc0_ud0_nb0	375	47	18e59f2ad150c7a3
search_dp1_dc0_ud0_nb0	376	8	a92efd60205398cf
search_dp1_dc0_ud0_nb0	377	2	c417926d6aea0d9a
search_dp1_dc0_ud0_nb0	378	4	a06e054f270ac1cf
search_dp1_dc0_ud0_nb0	379	8	f7bf4b46fdb7bfe6
search_dp1_dc0_ud0_nb0	380	58	b8fb7e8248cc390e
search_dp1_dc0_ud0_nb0	381	3	b1f6b2765a452e84
search_dp1_dc0_ud0_nb0	382	2	ee235b847f480214
search_dp1_dc0_ud0_nb0	383	2	1ca0393d8d48778c
search_dp1_dc0_ud0_nb0	384	2	17487eeaec684a5e
search_dp1_dc0_ud0_nb0	385	2	60e9a85e50134bc4
search_dp1_dc0_ud0_nb0	386	123	0c44e682d3281f6d
search_dp1_dc0_ud0_nb0	387	8	733e113fa41c4d5b
search_dp1_dc0_ud0_nb0	388	64	afd9317a2211d0fa
search_dp1_dc0_ud0_nb0	389	43	6c88adf900ed1e8a
search_dp1_dc0_ud0_nb0	390	7	1e514b22b438dfa3
search_dp1_dc0_ud0_nb0	391	7	109224eb648dc612
search_dp1_dc0_ud0_nb0	392	16	98dda3e153eadd6a
search_dp1_dc0_ud0_nb0	393	7	0ab9a0f8602eac2c
search_dp1_dc0_ud0_nb0	394	2	9e5b2dc50953735f
search_dp1_dc0_ud0_nb0	395	4	6122c00846bbbbae
search_dp1_dc0_ud0_nb0	396	18	331d40996af64802
search_dp1_dc0_ud0_nb0	397	49	c0a03acee2fc370f
search_dp1_dc0_ud0_nb0	398	144	3c7078f9bd1b86a3
search_dp1_dc0_ud0_nb0	399	4	3f607be684c580de
search_dp1_dc0_ud0_nb2000	0	2	fe3877f9123caf6f
search_dp1_dc0_ud0_nb2000	1	17	1cc9be5912e1ae61
search_dp1_dc0_ud0_nb2000	2	144	750e6137acc3b1d5
search_dp1_dc0_ud0_nb2000	3	3	04752421978926ff
search_dp1_dc0_ud0_nb2000	4	53	231ed8efa9d8a32b
search_dp1_dc0_ud0_nb2000	5	3	35c41a2159b89123
search_dp1_dc0_ud0_nb2000	6	52	d87d0872a8e6d4f9
search_dp1_dc0_ud0_nb2000	7	141	bf0315b284c11edd
search_dp1_dc0_ud0_nb2000	8	117	baec0283eb54f335
search_dp1_dc0_ud0_nb2000	9	52	05ad8267fd4a5703
search_dp1_dc0_ud0_nb2000	10	48	fe7fadbdd74c14b4
search_dp1_dc0_ud0_nb2000	11	60	203cb72076576f8f
search_dp1_dc0_ud0_nb2000	12	5	cd9d2ab8d7d8e70b
search_dp1_dc0_ud0_nb2000	13	1	8610e9dda182bf42
search_dp1_dc0_ud0_nb2000	14	4	2e85190163e10d0c
search_dp1_dc0_ud0_nb2000	15	4	5de2856cfbed0b06
search_dp1_dc0_ud0_nb2000	16	27	438f2f482ec2bab9
search_dp1_dc0_ud0_nb2000	17	2	5420621e61e6b2de
search_dp1_dc0_ud0_nb2000	18	4	58a764840892cede
search_dp1_dc0_ud0_nb2000	19	1	9063f58a9e418e90
search_dp1_dc0_ud0_nb2000	20	46	265daf9d43ef5b38
search_dp1_dc0_ud0_nb2000	21	49	9c245828ea4594d6
search_dp1_dc0_ud0_nb2000	22	2	b2b47f5335448eeb
search_dp1_dc0_ud0_nb2000	23	115	2bab040c1ff42fa2
search_dp1_dc0_ud0_nb2000	24	2	4ee24f53fa50f5fb
search_dp1_dc0_ud0_nb2000	25	2	210c11ef7723c39c
search_dp1_dc0_ud0_nb2000	26	22	c7e89938e8bdb34a
search_dp1_dc0_ud0_nb2000	27	2	7a76b7ba3a15016d
search_dp1_dc0_ud0_nb2000	28	3	2b3be05945eccc6d
search_dp1_dc0_ud0_nb2000	29	1	cb04c009a7a0f623
search_dp1_dc0_ud0_nb2000	30	5	69ec4105565c89a1
search_dp1_dc0_ud0_nb2000	31	2	115a740f9cd9a619
search_dp1_dc0_ud0_nb2000	32	124	d1ac19078fbca1a2
search_dp1_dc0_ud0_nb2000	33	3	fb073d01787c3389
search_dp1_dc0_ud0_nb2000	34	4	19a003b39818982e
search_dp1_dc0_ud0_nb2000	35	117	cc484c421fad78f7
search_dp1_dc0_ud0_nb2000	36	7	e5b73009a55ad265
search_dp1_dc0_ud0_nb2000	37	63	9a7e0f205dd07083
search_dp1_dc0_ud0_nb2000	38	19	2c8451cfc18a034d
search_dp1_dc0_ud0_nb2000	39	117	c681a3387c7a74c2
search_dp1_dc0_ud0_nb2000	40	131	a3a356cd287dded0
search_dp1_dc0_ud0_nb2000	41	24	7cd28e4b74c4982e
search_dp1_dc0_ud0_nb2000	42	8	d478843d9d8f0829
search_dp1_dc0_ud0_nb2000	43	1	5b21a5ec2f985d77
search_dp1_dc0_ud0_nb2000	44	2	8946d53fe3b107ce
search_dp1_dc0_ud0_nb2000	45	7	bcd0e6f6073295b3
search_dp1_dc0_ud0_nb2000	46	17	2b3f0e64de30d21f
search_dp1_dc0_ud0_nb2000	47	57	7fc2730f2a3c3ebd
search_dp1_dc0_ud0_nb2000	48	5	fbbc98c0c89a3eb6
search_dp1_dc0_ud0_nb2000	49	4	682fb7ad4c45f435
search_dp1_dc0_ud0_nb2000	50	3	fd89f6049da2aafa
search_dp1_dc0_ud0_nb2000	51	23	9f735a1929b5126d
search_dp1_dc0_ud0_nb2000	52	2	fd08e8dd823f631e
search_dp1_dc0_ud0_nb2000	53	6	b61b87c29ab88279
search_dp1_dc0_ud0_nb2000	54	3	662b542a83cdcabd
search_dp1_dc0_ud0_nb2000	55	52	234e860adfe14831
search_dp1_dc0_ud0_nb2000	56	9	21ef0eff9bc27471
search_dp1_dc0_ud0_nb2000	57	2	d8c21a02c79c5d2f
search_dp1_dc0_ud0_nb2000	58	3	6a5b37258e941d28
search_dp1_dc0_ud0_nb2000	59	23	312e489a4f8266be
search_dp1_dc0_ud0_nb2000	60	3	90e544c7aa820b5e
search_dp1_dc0_ud0_nb2000	61	2	50c0e5e565e77d9f
search_dp1_dc0_ud0_nb2000	62	3	490e58d435ecad3e
search_dp1_dc0_ud0_nb2000	63	17	20f8b027f1304aa0
search_dp1_dc0_ud0_nb2000	64	45	f9cb6581e07fc3d2
search_dp1_dc0_ud0_nb2000	65	5	ef54a424735e7ba8
search_dp1_dc0_ud0_nb2000	66	2	183418e639303309
search_dp1_dc0_ud0_nb2000	67	6	8259cff31eddaa7e
search_dp1_dc0_ud0_nb2000	68	5	3c9e4c88094cbbfb
search_dp1_dc0_ud0_nb2000	69	54	1048a2d9a0d789b3
search_dp1_dc0_ud0_nb2000	70	6	de8c5f9d34bede0d
search_dp1_dc0_ud0_nb2000	71	11	8c30854b80cbff79
search_dp1_dc0_ud0_nb2000	72	18	8b2fdeecc5367d2e
search_dp1_dc0_ud0_nb2000	73	43	99ca928933e56269
search_dp1_dc0_ud0_nb2000	74	2	c00d92a30f546d81
search_dp1_dc0_ud0_nb2000	75	2	60d11ac02cca1f5c
search_dp1_dc0_ud0_nb2000	76	54	9fb0f4682168230e
search_dp1_dc0_ud0_nb2000	77	2	72f99e536ffd074b
search_dp1_dc0_ud0_nb2000	78	2	8a316a4cbf248e78
search_dp1_dc0_ud0_nb2000	79	12	5de65479b9535c0a
search_dp1_dc0_ud0_nb2000	80	1	52b4ae3df5b68646
search_dp1_dc0_ud0_nb2000	81	6	ff827455272f1a80
search_dp1_dc0_ud0_nb2000	82	129	0fd5b52d228c8a1b
search_dp1_dc0_ud0_nb2000	83	4	18c6172a2b20dab9
search_dp1_dc0_ud0_nb2000	84	3	98be6817fedd840d
search_dp1_dc0_ud0_nb2000	85	51	7b66c3af2a7bfb21
search_dp1_dc0_ud0_nb2000	86	6	18191c8901aa16ba
search_dp1_dc0_ud0_nb2000	87	22	596f255c03e01b8c
search_dp1_dc0_ud0_nb2000	88	21	213fe18ea9153a96
search_dp1_dc0_ud0_nb2000	89	137	207135a2601018ca
search_dp1_dc0_ud0_nb2000	90	2	7ac3584624571a10
search_dp1_dc0_ud0_nb2000	91	126	efd4711bcaa12583
search_dp1_dc0_ud0_nb2000	92	4	60bbda28de9b1fb0
search_dp1_dc0_ud0_nb2000	93	6	8041e288b4fe476e
search_dp1_dc0_ud0_nb2000	94	6	98a1472c66a9b589
search_dp1_dc0_ud0_nb2000	95	120	67e2acaaf78e0b14
search_dp1_dc0_ud0_nb2000	96	60	290661cebc03fa8c
search_dp1_dc0_ud0_nb2000	97	5	61d9d102b34e1726
search_dp1_dc0_ud0_nb2000	98	3	66accd03b9beeea3
search_dp1_dc0_ud0_nb2000	99	7	9082acb1aa570b2b
search_dp1_dc0_ud0_nb2000	100	6	bd521a92b18247d9
search_dp1_dc0_ud0_nb2000	101	2	3ff37d05d9e89fc7
search_dp1_dc0_ud0_nb2000	102	47	330a4fb43bca84d2
search_dp1_dc0_ud0_nb2000	103	27	20fc49f1ed7c1de2
search_dp1_dc0_ud0_nb2000	104	1	2aa86b7d09c4fa67
search_dp1_dc0_ud0_nb2000	105	2	5e1645b8765c83f3
search_dp1_dc0_ud0_nb2000	106	19	a0ffab9c0ede9e36
search_dp1_dc0_ud0_nb2000	107	138	2eba7125e6d26fd1
search_dp1_dc0_ud0_nb2000	108	47	51bc2ffa8f878d3e
search_dp1_dc0_ud0_nb2000	109	23	188c8967e2b56318
search_dp1_dc0_ud0_nb2000	110	5	0929f46f2e6878c7
search_dp1_dc0_ud0_nb2000	111	3	01911c6ee2172564
search_dp1_dc0_ud0_nb2000	112	3	616126a74fbcf785
search_dp1_dc0_ud0_nb2000	113	1	ce908bdfd8c62477
search_dp1_dc0_ud0_nb2000	114	108	72cec2fd2a318a96
search_dp1_dc0_ud0_nb2000	115	2	4190c4e5c47f9001
search_dp1_dc0_ud0_nb2000	116	2	5f2151cdb5d26008
search_dp1_dc0_ud0_nb2000	117	118	21a2db542954b17c
search_dp1_dc0_ud0_nb2000	118	131	42dea4d3c5d7ab06
search_dp1_dc0_ud0_nb2000	119	2	fa3b1b21769c99bc
search_dp1_dc0_ud0_nb2000	120	116	35601a5bce93682a
search_dp1_dc0_ud0_nb2000	121	58	ae3f2dd8ef307367
search_dp1_dc0_ud0_nb2000	122	141	aac6b47c0ea051bb
search_dp1_dc0_ud0_nb2000	123	2	737f3e1167508935
search_dp1_dc0_ud0_nb2000	124	52	f43a6b6f4b8b2a33
search_dp1_dc0_ud0_nb2000	125	4	3ec7510780c15cda
search_dp1_dc0_ud0_nb2000	126	7	dabb0cde215466ff
search_dp1_dc0_ud0_nb2000	127	2	814dccc6d2006e69
search_dp1_dc0_ud0_nb2000	128	19	1b0c044a9b82bcb7
search_dp1_dc0_ud0_nb2000	129	53	3aeddd11fbdb7fb5
search_dp1_dc0_ud0_nb2000	130	2	af2325e713679114
search_dp1_dc0_ud0_nb2000	131	121	d4fc36b5420247c0
search_dp1_dc0_ud0_nb2000	132	133	aa9333a911fb61a7
search_dp1_dc0_ud0_nb2000	133	2	80af669c13559a46
search_dp1_dc0_ud0_nb2000	134	9	c86de27979b93c2e
search_dp1_dc0_ud0_nb2000	135	1	4f4429788037f093
search_dp1_dc0_ud0_nb2000	136	2	cff4c6b51ab8d1e1
search_dp1_dc0_ud0_nb2000	137	3	1dc709adf506815a
search_dp1_dc0_ud0_nb2000	138	121	cb190c96f4ebe529
search_dp1_dc0_ud0_nb2000	139	124	28c9167279465da7
search_dp1_dc0_ud0_nb2000	140	5	d0eb69f59bc41631
search_dp1_dc0_ud0_nb2000	141	5	e012e7b369b410f6
search_dp1_dc0_ud0_nb2000	142	7	7f1078ad70fd6600
search_dp1_dc0_ud0_nb2000	143	2	6ff6b8bc6619ae66
search_dp1_dc0_ud0_nb2000	144	10	e00561292173cdef
search_dp1_dc0_ud0_nb2000	145	41	2220f95de36de30a
search_dp1_dc0_ud0_nb2000	146	59	06c4818e6d885599
search_dp1_dc0_ud0_nb2000	147	14	286cf56322bdea4f
search_dp1_dc0_ud0_nb2000	148	18	797306ee66936809
search_dp1_dc0_ud0_nb2000	149	2	0e7a7d4215ecf15a
search_dp1_dc0_ud0_nb2000	150	4	a8d155a0060fcc7c
search_dp1_dc0_ud0_nb2000	151	5	29ec5580ac044ccc
search_dp1_dc0_ud0_nb2000	152	58	ef8dd40aa870f49f
search_dp1_dc0_ud0_nb2000	153	139	84be2b69e5076913
search_dp1_dc0_ud0_nb2000	154	2	60a2b5c9c2e0e62a
search_dp1_dc0_ud0_nb2000	155	52	bed33b65cc7f23f2
search_dp1_dc0_ud0_nb2000	156	22	744e6054cf572359
search_dp1_dc0_ud0_nb2000	157	3	6a36bc7972855e92
search_dp1_dc0_ud0_nb2000	158	3	c66d8bfa148e1a07
search_dp1_dc0_ud0_nb2000	159	50	0a23b5918db9d03a
search_dp1_dc0_ud0_nb2000	160	7	af225a9e313bd07a
search_dp1_dc0_ud0_nb2000	161	2	a1619a4837419d10
search_dp1_dc0_ud0_nb2000	162	130	802966fe1d70fab1
search_dp1_dc0_ud0_nb2000	163	7	806ea40904ff7eeb
search_dp1_dc0_ud0_nb2000	164	2	e08c08885d04564b
search_dp1_dc0_ud0_nb2000	165	3	5c538693c1431f4b
search_dp1_dc0_ud0_nb2000	166	135	ec79d74af16bc426
search_dp1_dc0_ud0_nb2000	167	58	cc31c9db260162cb
search_dp1_dc0_ud0_nb2000	168	2	7f186e27c595ab14
search_dp1_dc0_ud0_nb2000	169	8	50b094fe969e79f8
search_dp1_dc0_ud0_nb2000	170	2	9a10e7aed7584972
search_dp1_dc0_ud0_nb2000	171	50	b513722b1ad762cb
search_dp1_dc0_ud0_nb2000	172	5	fc512fe2c21e0fa5
search_dp1_dc0_ud0_nb2000	173	6	19b5bf88aa1621da
search_dp1_dc0_ud0_nb2000	174	18	c5187d4072ab161a
search_dp1_dc0_ud0_nb2000	175	2	72c15ba8f0c9d153
search_dp1_dc0_ud0_nb2000	176	137	7d611ff5c6ba02ff
search_dp1_dc0_ud0_nb2000	177	2	bd0ecdb7188c9a68
search_dp1_dc0_ud0_nb2000	178	2	edb8b080a73ec176
search_dp1_dc0_ud0_nb2000	179	42	0467417239e699e3
search_dp1_dc0_ud0_nb2000	180	132	b19440b9d30726c7
search_dp1_dc0_ud0_nb2000	181	57	f6726eb4f74738a0
search_dp1_dc0_ud0_nb2000	182	6	b5bec723cdeb5f21
search_dp1_dc0_ud0_nb2000	183	2	f715da348003fd36
search_dp1_dc0_ud0_nb2000	184	7	1f54f8727150652f
search_dp1_dc0_ud0_nb2000	185	118	62b31359991394b0
search_dp1_dc0_ud0_nb2000	186	2	f4c5fe0c958f3e6d
search_dp1_dc0_ud0_nb2000	187	49	d1f2a4a8ba9162e9
search_dp1_dc0_ud0_nb2000	188	3	497372c349c1b597
search_dp1_dc0_ud0_nb2000	189	3	4275562cef33e65f
search_dp1_dc0_ud0_nb2000	190	3	01ea72aab73b6f2d
search_dp1_dc0_ud0_nb2000	191	136	af36bb7983edde43
search_dp1_dc0_ud0_nb2000	192	5	ae1a712b3ffd0260
search_dp1_dc0_ud0_nb2000	193	3	9d88783521a38ff1
search_dp1_dc0_ud0_nb2000	194	51	2f3c3a4c565d5efc
search_dp1_dc0_ud0_nb2000	195	45	5c80478cf09b8ce8
search_dp1_dc0_ud0_nb2000	196	136	7653c1d1a2f3bc2c
search_dp1_dc0_ud0_nb2000	197	7	d29623dcd610ad0f
search_dp1_dc0_ud0_nb2000	198	2	9ae12495235be9b1
search_dp1_dc0_ud0_nb2000	199	9	bb624c201e4e9cc4
search_dp1_dc0_ud0_nb2000	200	55	be174d9e231cd8f9
search_dp1_dc0_ud0_nb2000	201	5	35f561dd999af5d4
search_dp1_dc0_ud0_nb2000	202	3	9867b26f89bd75b4
search_dp1_dc0_ud0_nb2000	203	18	226e3d31443203c5
search_dp1_dc0_ud0_nb2000	204	51	408fbe0f2425b30e
search_dp1_dc0_ud0_nb2000	205	9	d4ae11a0420b041b
search_dp1_dc0_ud0_nb2000	206	139	13c6b6e1956b7f14
search_dp1_dc0_ud0_nb2000	207	62	ff79080f338e28c1
search_dp1_dc0_ud0_nb2000	208	48	ecb24fc837fc62b4
search_dp1_dc0_ud0_nb2000	209	2	7e406aca15207b29
search_dp1_dc0_ud0_nb2000	210	2	4143f74e30e91d3c
search_dp1_dc0_ud0_nb2000	211	8	578b5a7244c9cf66
search_dp1_dc0_ud0_nb2000	212	9	e7c15e9c132f5e9f
search_dp1_dc0_ud0_nb2000	213	3	edd5359814ad33df
search_dp1_dc0_ud0_nb2000	214	15	a0861d4f20b809f4
search_dp1_dc0_ud0_nb2000	215	5	74ba7792595c3310
search_dp1_dc0_ud0_nb2000	216	50	103b850c039901cc
search_dp1_dc0_ud0_nb2000	217	6	46526c287d5945e7
search_dp1_dc0_ud0_nb2000	218	7	8985312184445782
search_dp1_dc0_ud0_nb2000	219	4	dd2e7bf50bbc166f
search_dp1_dc0_ud0_nb2000	220	14	31b6dd99f833b867
search_dp1_dc0_ud0_nb2000	221	7	ade4e2b9128d0a25
search_dp1_dc0_ud0_nb2000	222	2	155847d504fd75bd
search_dp1_dc0_ud0_nb2000	223	2	4dbbca2216f7ac7b
search_dp1_dc0_ud0_nb2000	224	4	3eb10ddb53008a08
search_dp1_dc0_ud0_nb2000	225	2	2832a96cf84da5d8
search_dp1_dc0_ud0_nb2000	226	128	7ba47bc2232da8f0
search_dp1_dc0_ud0_nb2000	227	1	46eb868fb6e063a1
search_dp1_dc0_ud0_nb2000	228	22	69c3dd6270d972ab
search_dp1_dc0_ud0_nb2000	229	3	fbdd82a8dd59592c
search_dp1_dc0_ud0_nb2000	230	41	86049af10fcb5446
search_dp1_dc0_ud0_nb2000	231	4	0f4f24f624930d64
search_dp1_dc0_ud0_nb2000	232	2	8266c8aed1bb63ae
search_dp1_dc0_ud0_nb2000	233	26	5187808aff5433aa
search_dp1_dc0_ud0_nb2000	234	2	e4ca63a93d69cb1f
search_dp1_dc0_ud0_nb2000	235	41	dbf186e38664e18c
search_dp1_dc0_ud0_nb2000	236	2	d481bfb675d614dd
search_dp1_dc0_ud0_nb2000	237	6	b04711e899c41616
search_dp1_dc0_ud0_nb2000	238	19	8833eace39f7c5ce
search_dp1_dc0_ud0_nb2000	239	2	4b70e50b8edc6292
search_dp1_dc0_ud0_nb2000	240	4	11399b68410123df
search_dp1_dc0_ud0_nb2000	241	3	b2635722d8d798e2
search_dp1_dc0_ud0_nb2000	242	5	dcae176c8012b891
search_dp1_dc0_ud0_nb2000	243	20	02303f2a953e56f7
search_dp1_dc0_ud0_nb2000	244	2	a4dda3ae9e4f0f85
search_dp1_dc0_ud0_nb2000	245	20	ed362c1051d17f0d
search_dp1_dc0_ud0_nb2000	246	128	65ae3e2cb248556c
search_dp1_dc0_ud0_nb2000	247	3	e0853c840dd1fdaf
search_dp1_dc0_ud0_nb2000	248	48	b40a9b6fd6af7eae
search_dp1_dc0_ud0_nb2000	249	136	58779c120a4ab0d4
search_dp1_dc0_ud0_nb2000	250	55	b2bf885d9ea9f8c0
search_dp1_dc0_ud0_nb2000	251	54	6ecdef06fc50bb37
search_dp1_dc0_ud0_nb2000	252	5	8c963a2c9ca6b239
search_dp1_dc0_ud0_nb2000	253	5	68447a6baef27bb5
search_dp1_dc0_ud0_nb2000	254	6	5d4c55fc5ab69382
search_dp1_dc0_ud0_nb2000	255	53	ce8166c39efb5775
search_dp1_dc0_ud0_nb2000	256	2	551a63c2d76181f6
search_dp1_dc0_ud0_nb2000	257	9	356ed3703e436ed3
search_dp1_dc0_ud0_nb2000	258	62	8f593e0029a61a3f
search_dp1_dc0_ud0_nb2000	259	21	2137a94346edfa43
search_dp1_dc0_ud0_nb2000	260	2	adbb7c7175eb6e52
search_dp1_dc0_ud0_nb2000	261	2	f76307a603dd2a5d
search_dp1_dc0_ud0_nb2000	262	7	4159b8c0b76a566f
search_dp1_dc0_ud0_nb2000	263	4	26ad5b1db2402826
search_dp1_dc0_ud0_nb2000	264	23	f3ebca8b04b2c17e
search_dp1_dc0_ud0_nb2000	265	3	9f8d916961924fb4
search_dp1_dc0_ud0_nb2000	266	4	bb31c52b28bb81b0
search_dp1_dc0_ud0_nb2000	267	3	318574d728fb4773
search_dp1_dc0_ud0_nb2000	268	1	25aef9909dfea048
search_dp1_dc0_ud0_nb2000	269	52	3e9f0b852e3e2122
search_dp1_dc0_ud0_nb2000	270	21	52e5c23aef9a7c88
search_dp1_dc0_ud0_nb2000	271	117	6fa3c71816f6c58a
search_dp1_dc0_ud0_nb2000	272	54	7a7c05e44edca3ac
search_dp1_dc0_ud0_nb2000	273	2	6f51285605f5b665
search_dp1_dc0_ud0_nb2000	274	26	7689d104468df279
search_dp1_dc0_ud0_nb2000	275	3	33846b194a9c5819
search_dp1_dc0_ud0_nb2000	276	131	b6ecd29851d42f51
search_dp1_dc0_ud0_nb2000	277	7	8c70cecc8aa87c82
search_dp1_dc0_ud0_nb2000	278	117	e1f07d10012ee194
search_dp1_dc0_ud0_nb2000	279	24	1df639b36edc2fb3
search_dp1_dc0_ud0_nb2000	280	3	20205e6f2da9609c
search_dp1_dc0_ud0_nb2000	281	1	3abc652ea33e17a5
search_dp1_dc0_ud0_nb2000	282	2	9a10022c0daaddb3
search_dp1_dc0_ud0_nb2000	283	18	b5d03e8ca31bb60b
search_dp1_dc0_ud0_nb2000	284	5	33be49397f38c1c0
search_dp1_dc0_ud0_nb2000	285	15	c5e1c9d0dc12576e
search_dp1_dc0_ud0_nb2000	286	10	ffcd04acf22df2f6
search_dp1_dc0_ud0_nb2000	287	141	e296ca765a743651
search_dp1_dc0_ud0_nb2000	288	4	79393d37bfeeb318
search_dp1_dc0_ud0_nb2000	289	1	adf4e0e63c574ffd
search_dp1_dc0_ud0_nb2000	290	2	0f3051d3fcbf1a41
search_dp1_dc0_ud0_nb2000	291	141	02c857e44efc436b
search_dp1_dc0_ud0_nb2000	292	3	97def42dec590a3f
search_dp1_dc0_ud0_nb2000	293	118	d6ad307697e85869
search_dp1_dc0_ud0_nb2000	294	52	09f1110f71881ad6
search_dp1_dc0_ud0_nb2000	295	1	6d6c9be064bbef04
search_dp1_dc0_ud0_nb2000	296	126	45fd614c086277c8
search_dp1_dc0_ud0_nb2000	297	139	6d09007002657394
search_dp1_dc0_ud0_nb2000	298	2	b4231c8b8bf14136
search_dp1_dc0_ud0_nb2000	299	1	ec9a11734f43ecd8
search_dp1_dc0_ud0_nb2000	300	5	3f94bc087489c8e4
search_dp1_dc0_ud0_nb2000	301	42	4d07a7eda7d69947
search_dp1_dc0_ud0_nb2000	302	8	1e5b6fdd3a4d4e63
search_dp1_dc0_ud0_nb2000	303	6	adb56fe1642e028b
search_dp1_dc0_ud0_nb2000	304	5	e7fe22ccd9ba11f5
search_dp1_dc0_ud0_nb2000	305	25	4353de2f98302be9
search_dp1_dc0_ud0_nb2000	306	8	de2a57432debf637
search_dp1_dc0_ud0_nb2000	307	21	1d5ca5bd1b41f926
search_dp1_dc0_ud0_nb2000	308	128	0b3a2ba85f024fd3
search_dp1_dc0_ud0_nb2000	309	2	49f285d1dbd9cded
search_dp1_dc0_ud0_nb2000	310	3	a19a9ddc616bc40b
search_dp1_dc0_ud0_nb2000	311	3	d22ff6030491e306
search_dp1_dc0_ud0_nb2000	312	49	c6186c8afdbd355a
search_dp1_dc0_ud0_nb2000	313	51	eb3c2db36574c6c6
search_dp1_dc0_ud0_nb2000	314	56	3e76425a6c6878cd
search_dp1_dc0_ud0_nb2000	315	1	1ab4e6773c971447
search_dp1_dc0_ud0_nb2000	316	133	d3daed3e1ff4efe1
search_dp1_dc0_ud0_nb2000	317	5	a57c653d40b9330e
search_dp1_dc0_ud0_nb2000	318	3	0be369303603bc54
search_dp1_dc0_ud0_nb2000	319	123	28c179c4c649fdd5
search_dp1_dc0_ud0_nb2000	320	26	c994bfb7552b74b5
search_dp1_dc0_ud0_nb2000	321	17	5b0a7dfff0b9c268
search_dp1_dc0_ud0_nb2000	322	53	d043eb405e3569e3
search_dp1_dc0_ud0_nb2000	323	21	7254abb49f42bae8
search_dp1_dc0_ud0_nb2000	324	26	60dd038dc9465c19
search_dp1_dc0_ud0_nb2000	325	6	ba61619909836ace
search_dp1_dc0_ud0_nb2000	326	49	8a9d531d9cb078f1
search_dp1_dc0_ud0_nb2000	327	3	d1fb661b574d678c
search_dp1_dc0_ud0_nb2000	328	7	564bb8edfe92bf9a
search_dp1_dc0_ud0_nb2000	329	2	461827dfc2a8b43f
search_dp1_dc0_ud0_nb2000	330	59	24d143c271d2927c
search_dp1_dc0_ud0_nb2000	331	1	a1b05ad8878eddbd
search_dp1_dc0_ud0_nb2000	332	50	cb72812b554fc6f0
search_dp1_dc0_ud0_nb2000	333	55	f2f1e5d882fb0c37
search_dp1_dc0_ud0_nb2000	334	122	dfe1c5d3ae4d5e7c
search_dp1_dc0_ud0_nb2000	335	21	a4ff4ef3110996b7
search_dp1_dc0_ud0_nb2000	336	49	c394ee78bacdd2d3
search_dp1_dc0_ud0_nb2000	337	8	027765e0cef51c1c
search_dp1_dc0_ud0_nb2000	338	49	9110733812730ca4
search_dp1_dc0_ud0_nb2000	339	63	abadfde216c22997
search_dp1_dc0_ud0_nb2000	340	23	83cc50944a70869a
search_dp1_dc0_ud0_nb2000	341	2	ad98a9842eda811a
search_dp1_dc0_ud0_nb2000	342	25	336280dbb4f5bf4a
search_dp1_dc0_ud0_nb2000	343	140	f2d208692a64d6fe
search_dp1_dc0_ud0_nb2000	344	6	5f1b071befe1b3b9
search_dp1_dc0_ud0_nb2000	345	24	a3c094ff70dad61f
search_dp1_dc0_ud0_nb2000	346	54	b955144e2bedda14
search_dp1_dc0_ud0_nb2000	347	2	73786eace44df5fe
search_dp1_dc0_ud0_nb2000	348	5	a3cd0c88ea908c0a
search_dp1_dc0_ud0_nb2000	349	19	7dd7b1bc55e0f86e
search_dp1_dc0_ud0_nb2000	350	8	677ae48c18a62575
search_dp1_dc0_ud0_nb2000	351	6	8f1fbe3d0f72da7e
search_dp1_dc0_ud0_nb2000	352	1	8424221c01ab377a
search_dp1_dc0_ud0_nb2000	353	21	86a46489ddb61ddd
search_dp1_dc0_ud0_nb2000	354	2	5bda2ca495a4ab74
search_dp1_dc0_ud0_nb2000	355	3	a581d4f3412436ff
search_dp1_dc0_ud0_nb2000	356	1	0de197205f786e7e
search_dp1_dc0_ud0_nb2000	357	21	fbe2fe24cd067217
search_dp1_dc0_ud0_nb2000	358	2	f9fa6bf430f95da3
search_dp1_dc0_ud0_nb2000	359	2	2528591461d93ca8
search_dp1_dc0_ud0_nb2000	360	7	920d478d9a1f0969
search_dp1_dc0_ud0_nb2000	361	2	c6d90e3c7d693bdd
search_dp1_dc0_ud0_nb2000	362	54	51dcc729bf18c8a7
search_dp1_dc0_ud0_nb2000	363	120	c5ba63010cef303b
search_dp1_dc0_ud0_nb2000	364	7	ffd5dab670422ca6
search_dp1_dc0_ud0_nb2000	365	2	0acbb33a757090a6
search_dp1_dc0_ud0_nb2000	366	2	198c1f0846c5965f
search_dp1_dc0_ud0_nb2000	367	8	983f5743d9aa7e64
search_dp1_dc0_ud0_nb2000	368	1	eef15e6694a23b83
search_dp1_dc0_ud0_nb2000	369	19	b894b56cac22eb0f
search_dp1_dc0_ud0_nb2000	370	6	c2b6a6d77ac0c54c
search_dp1_dc0_ud0_nb2000	371	2	4cd07f8f33b23519
search_dp1_dc0_ud0_nb2000	372	3	97ef6c6486301c0d
search_dp1_dc0_ud0_nb2000	373	5	c45f4864686173b7
search_dp1_dc0_ud0_nb2000	374	55	6247ac6f8eece8eb
search_dp1_dc0_ud0_nb2000	375	47	18e59f2ad150c7a3
search_dp1_dc0_ud0_nb2000	376	8	a92efd60205398cf
search_dp1_dc0_ud0_nb2000	377	2	c417926d6aea0d9a
search_dp1_dc0_ud0_nb2000	378	4	a06e054f270ac1cf
search_dp1_dc0_ud0_nb2000	379	8	f7bf4b46fdb7bfe6
search_dp1_dc0_ud0_nb2000	380	58	b8fb7e8248cc390e
search_dp1_dc0_ud0_nb2000	381	3	b1f6b2765a452e84
search_dp1_dc0_ud0_nb2000	382	2	ee235b847f480214
search_dp1_dc0_ud0_nb2000	383	2	1ca0393d8d48778c
search_dp1_dc0_ud0_nb2000	384	2	17487eeaec684a5e
search_dp1_dc0_ud0_nb2000	385	2	60e9a85e50134bc4
search_dp1_dc0_ud0_nb2000	386	123	0c44e682d3281f6d
search_dp1_dc0_ud0_nb2000	387	8	733e113fa41c4d5b
search_dp1_dc0_ud0_nb2000	388	64	afd9317a2211d0fa
search_dp1_dc0_ud0_nb2000	389	45	f439f643b5e85148
search_dp1_dc0_ud0_nb2000	390	7	1e514b22b438dfa3
search_dp1_dc0_ud0_nb2000	391	7	109224eb648dc612
search_dp1_dc0_ud0_nb2000	392	16	98dda3e153eadd6a
search_dp1_dc0_ud0_nb2000	393	7	0ab9a0f8602eac2c
search_dp1_dc0_ud0_nb2000	394	2	9e5b2dc50953735f
search_dp1_dc0_ud0_nb2000	395	4	6122c00846bbbbae
search_dp1_dc0_ud0_nb2000	396	18	331d40996af64802
search_dp1_dc0_ud0_nb2000	397	49	c0a03acee2fc370f
search_dp1_dc0_ud0_nb2000	398	144	3c7078f9bd1b86a3
search_dp1_dc0_ud0_nb2000	399	4	3f607be684c580de
search_dp1_dc0_ud1_nb0	0	2	fe3877f9123caf6f
search_dp1_dc0_ud1_nb0	1	17	1cc9be5912e1ae61
search_dp1_dc0_ud1_nb0	2	143	133de218ceaf90ee
search_dp1_dc0_ud1_nb0	3	3	04752421978926ff
search_dp1_dc0_ud1_nb0	4	53	5c06eb5028c13b67
search_dp1_dc0_ud1_nb0	5	3	35c41a2159b89123
search_dp1_dc0_ud1_nb0	6	52	d87d0872a8e6d4f9
search_dp1_dc0_ud1_nb0	7	136	f4ca3178a5033d1b
search_dp1_dc0_ud1_nb0	8	117	baec0283eb54f335
search_dp1_dc0_ud1_nb0	9	52	05ad8267fd4a5703
search_dp1_dc0_ud1_nb0	10	48	fe7fadbdd74c14b4
search_dp1_dc0_ud1_nb0	11	60	203cb72076576f8f
search_dp1_dc0_ud1_nb0	12	5	cd9d2ab8d7d8e70b
search_dp1_dc0_ud1_nb0	13	1	8610e9dda182bf42
search_dp1_dc0_ud1_nb0	14	4	2e85190163e10d0c
search_dp1_dc0_ud1_nb0	15	4	5de2856cfbed0b06
search_dp1_dc0_ud1_nb0	16	26	1e79ba560ed9e810
search_dp1_dc0_ud1_nb0	17	2	5420621e61e6b2de
search_dp1_dc0_ud1_nb0	18	4	58a764840892cede
search_dp1_dc0_ud1_nb0	19	1	9063f58a9e418e90
search_dp1_dc0_ud1_nb0	20	46	265daf9d43ef5b38
search_dp1_dc0_ud1_nb0	21	48	c10b4c70718969a6
search_dp1_dc0_ud1_nb0	22	2	b2b47f5335448eeb
search_dp1_dc0_ud1_nb0	23	115	2bab040c1ff42fa2
search_dp1_dc0_ud1_nb0	24	2	4ee24f53fa50f5fb
search_dp1_dc0_ud1_nb0	25	2	210c11ef7723c39c
search_dp1_dc0_ud1_nb0	26	22	c7e89938e8bdb34a
search_dp1_dc0_ud1_nb0	27	2	7a76b7ba3a15016d
search_dp1_dc0_ud1_nb0	28	3	2b3be05945eccc6d
search_dp1_dc0_ud1_nb0	29	1	cb04c009a7a0f623
search_dp1_dc0_ud1_nb0	30	5	69ec4105565c89a1
search_dp1_dc0_ud1_nb0	31	2	115a740f9cd9a619
search_dp1_dc0_ud1_nb0	32	124	d1ac19078fbca1a2
search_dp1_dc0_ud1_nb0	33	3	fb073d01787c3389
search_dp1_dc0_ud1_nb0	34	4	19a003b39818982e
search_dp1_dc0_ud1_nb0	35	117	cc484c421fad78f7
search_dp1_dc0_ud1_nb0	36	7	e5b73009a55ad265
search_dp1_dc0_ud1_nb0	37	63	9a7e0f205dd07083
search_dp1_dc0_ud1_nb0	38	19	2c8451cfc18a034d
search_dp1_dc0_ud1_nb0	39	115	b8ed45531c329ea2
search_dp1_dc0_ud1_nb0	40	131	a3a356cd287dded0
search_dp1_dc0_ud1_nb0	41	24	7cd28e4b74c4982e
search_dp1_dc0_ud1_nb0	42	8	d478843d9d8f0829
search_dp1_dc0_ud1_nb0	43	1	5b21a5ec2f985d77
search_dp1_dc0_ud1_nb0	44	2	8946d53fe3b107ce
search_dp1_dc0_ud1_nb0	45	7	bcd0e6f6073295b3
search_dp1_dc0_ud1_nb0	46	17	2b3f0e64de30d21f
search_dp1_dc0_ud1_nb0	47	56	6a3cb7a06c97a4b1
search_dp1_dc0_ud1_nb0	48	5	fbbc98c0c89a3eb6
search_dp1_dc0_ud1_nb0	49	4	682fb7ad4c45f435
search_dp1_dc0_ud1_nb0	50	3	fd89f6049da2aafa
search_dp1_dc0_ud1_nb0	51	23	9f735a1929b5126d
search_dp1_dc0_ud1_nb0	52	2	fd08e8dd823f631e
search_dp1_dc0_ud1_nb0	53	6	b61b87c29ab88279
search_dp1_dc0_ud1_nb0	54	3	662b542a83cdcabd
search_dp1_dc0_ud1_nb0	55	52	234e860adfe14831
search_dp1_dc0_ud1_nb0	56	9	21ef0eff9bc27471
search_dp1_dc0_ud1_nb0	57	2	d8c21a02c79c5d2f
search_dp1_dc0_ud1_nb0	58	3	6a5b37258e941d28
search_dp1_dc0_ud1_nb0	59	22	e6729083bcb023da
search_dp1_dc0_ud1_nb0	60	3	90e544c7aa820b5e
search_dp1_dc0_ud1_nb0	61	2	50c0e5e565e77d9f
search_dp1_dc0_ud1_nb0	62	3	490e58d435ecad3e
search_dp1_dc0_ud1_nb0	63	17	20f8b027f1304aa0
search_dp1_dc0_ud1_nb0	64	45	f9cb6581e07fc3d2
search_dp1_dc0_ud1_nb0	65	5	ef54a424735e7ba8
search_dp1_dc0_ud1_nb0	66	2	183418e639303309
search_dp1_dc0_ud1_nb0	67	6	8259cff31eddaa7e
search_dp1_dc0_ud1_nb0	68	5	3c9e4c88094cbbfb
search_dp1_dc0_ud1_nb0	69	53	dd383aa15bb640fd
search_dp1_dc0_ud1_nb0	70	5	f08af93532a2f6cd
search_dp1_dc0_ud1_nb0	71	11	8c30854b80cbff79
search_dp1_dc0_ud1_nb0	72	18	8b2fdeecc5367d2e
search_dp1_dc0_ud1_nb0	73	43	99ca928933e56269
search_dp1_dc0_ud1_nb0	74	2	c00d92a30f546d81
search_dp1_dc0_ud1_nb0	75	2	60d11ac02cca1f5c
search_dp1_dc0_ud1_nb0	76	53	530e4256d9cd4b47
search_dp1_dc0_ud1_nb0	77	2	72f99e536ffd074b
search_dp1_dc0_ud1_nb0	78	2	8a316a4cbf248e78
search_dp1_dc0_ud1_nb0	79	12	5de65479b9535c0a
search_dp1_dc0_ud1_nb0	80	1	52b4ae3df5b68646
search_dp1_dc0_ud1_nb0	81	6	ff827455272f1a80
search_dp1_dc0_ud1_nb0	82	127	d7cde40ff0baf170
search_dp1_dc0_ud1_nb0	83	4	18c6172a2b20dab9
search_dp1_dc0_ud1_nb0	84	3	98be6817fedd840d
search_dp1_dc0_ud1_nb0	85	51	7b66c3af2a7bfb21
search_dp1_dc0_ud1_nb0	86	6	18191c8901aa16ba
search_dp1_dc0_ud1_nb0	87	21	49b71f38ba9e4bc4
search_dp1_dc0_ud1_nb0	88	21	213fe18ea9153a96
search_dp1_dc0_ud1_nb0	89	136	af27eef295f1a94c
search_dp1_dc0_ud1_nb0	90	2	7ac3584624571a10
search_dp1_dc0_ud1_nb0	91	124	e23385536128f47d
search_dp1_dc0_ud1_nb0	92	4	60bbda28de9b1fb0
search_dp1_dc0_ud1_nb0	93	6	8041e288b4fe476e
search_dp1_dc0_ud1_nb0	94	6	98a1472c66a9b589
search_dp1_dc0_ud1_nb0	95	118	613395ed255bc361
search_dp1_dc0_ud1_nb0	96	60	290661cebc03fa8c
search_dp1_dc0_ud1_nb0	97	5	61d9d102b34e1726
search_dp1_dc0_ud1_nb0	98	3	66accd03b9beeea3
search_dp1_dc0_ud1_nb0	99	7	9082acb1aa570b2b
search_dp1_dc0_ud1_nb0	100	6	bd521a92b18247d9
search_dp1_dc0_ud1_nb0	101	2	3ff37d05d9e89fc7
search_dp1_dc0_ud1_nb0	102	47	330a4fb43bca84d2
search_dp1_dc0_ud1_nb0	103	26	b574cfbf39c8df45
search_dp1_dc0_ud1_nb0	104	1	2aa86b7d09c4fa67
search_dp1_dc0_ud1_nb0	105	2	5e1645b8765c83f3
search_dp1_dc0_ud1_nb0	106	19	a0ffab9c0ede9e36
search_dp1_dc0_ud1_nb0	107	137	7cfb7896630ebc02
search_dp1_dc0_ud1_nb0	108	47	51bc2ffa8f878d3e
search_dp1_dc0_ud1_nb0	109	22	011657ed451a5f69
search_dp1_dc0_ud1_nb0	110	5	0929f46f2e6878c7
search_dp1_dc0_ud1_nb0	111	3	01911c6ee2172564
search_dp1_dc0_ud1_nb0	112	3	616126a74fbcf785
search_dp1_dc0_ud1_nb0	113	1	ce908bdfd8c62477
search_dp1_dc0_ud1_nb0	114	108	72cec2fd2a318a96
search_dp1_dc0_ud1_nb0	115	2	4190c4e5c47f9001
search_dp1_dc0_ud1_nb0	116	2	5f2151cdb5d26008
search_dp1_dc0_ud1_nb0	117	118	21a2db542954b17c
search_dp1_dc0_ud1_nb0	118	128	83a5abf620e41737
search_dp1_dc0_ud1_nb0	119	2	fa3b1b21769c99bc
search_dp1_dc0_ud1_nb0	120	116	35601a5bce93682a
search_dp1_dc0_ud1_nb0	121	58	ae3f2dd8ef307367
search_dp1_dc0_ud1_nb0	122	139	c074e63f1c3a9c3f
search_dp1_dc0_ud1_nb0	123	2	737f3e1167508935
search_dp1_dc0_ud1_nb0	124	52	f43a6b6f4b8b2a33
search_dp1_dc0_ud1_nb0	125	4	3ec7510780c15cda
search_dp1_dc0_ud1_nb0	126	7	dabb0cde215466ff
search_dp1_dc0_ud1_nb0	127	2	814dccc6d2006e69
search_dp1_dc0_ud1_nb0	128	19	1b0c044a9b82bcb7
search_dp1_dc0_ud1_nb0	129	53	3aeddd11fbdb7fb5
search_dp1_dc0_ud1_nb0	130	2	af2325e713679114
search_dp1_dc0_ud1_nb0	131	121	d4fc36b5420247c0
search_dp1_dc0_ud1_nb0	132	130	91371ff452b5770b
search_dp1_dc0_ud1_nb0	133	2	80af669c13559a46
search_dp1_dc0_ud1_nb0	134	9	c86de27979b93c2e
search_dp1_dc0_ud1_nb0	135	1	4f4429788037f093
search_dp1_dc0_ud1_nb0	136	2	cff4c6b51ab8d1e1
search_dp1_dc0_ud1_nb0	137	3	1dc709adf506815a
search_dp1_dc0_ud1_nb0	138	121	cb190c96f4ebe529
search_dp1_dc0_ud1_nb0	139	122	89a3ea356bdf566b
search_dp1_dc0_ud1_nb0	140	5	d0eb69f59bc41631
search_dp1_dc0_ud1_nb0	141	5	e012e7b369b410f6
search_dp1_dc0_ud1_nb0	142	7	7f1078ad70fd6600
search_dp1_dc0_ud1_nb0	143	2	6ff6b8bc6619ae66
search_dp1_dc0_ud1_nb0	144	9	ab24e3787294d974
search_dp1_dc0_ud1_nb0	145	41	2220f95de36de30a
search_dp1_dc0_ud1_nb0	146	59	06c4818e6d885599
search_dp1_dc0_ud1_nb0	147	14	286cf56322bdea4f
search_dp1_dc0_ud1_nb0	148	18	797306ee66936809
search_dp1_dc0_ud1_nb0	149	2	0e7a7d4215ecf15a
search_dp1_dc0_ud1_nb0	150	4	a8d155a0060fcc7c
search_dp1_dc0_ud1_nb0	151	5	29ec5580ac044ccc
search_dp1_dc0_ud1_nb0	152	57	cf992200bb323796
search_dp1_dc0_ud1_nb0	153	139	84be2b69e5076913
search_dp1_dc0_ud1_nb0	154	2	60a2b5c9c2e0e62a
search_dp1_dc0_ud1_nb0	155	52	bed33b65cc7f23f2
search_dp1_dc0_ud1_nb0	156	22	744e6054cf572359
search_dp1_dc0_ud1_nb0	157	3	6a36bc7972855e92
search_dp1_dc0_ud1_nb0	158	3	c66d8bfa148e1a07
search_dp1_dc0_ud1_nb0	159	50	0a23b5918db9d03a
search_dp1_dc0_ud1_nb0	160	7	af225a9e313bd07a
search_dp1_dc0_ud1_nb0	161	2	a1619a4837419d10
search_dp1_dc0_ud1_nb0	162	127	6b7c7c582ca7d114
search_dp1_dc0_ud1_nb0	163	7	806ea40904ff7eeb
search_dp1_dc0_ud1_nb0	164	2	e08c08885d04564b
search_dp1_dc0_ud1_nb0	165	3	5c538693c1431f4b
search_dp1_dc0_ud1_nb0	166	135	ec79d74af16bc426
search_dp1_dc0_ud1_nb0	167	57	7d7cb073c4f7a22a
search_dp1_dc0_ud1_nb0	168	2	7f186e27c595ab14
search_dp1_dc0_ud1_nb0	169	8	50b094fe969e79f8
search_dp1_dc0_ud1_nb0	170	2	9a10e7aed7584972
search_dp1_dc0_ud1_nb0	171	49	e924b8d9146bcb4f
search_dp1_dc0_ud1_nb0	172	5	fc512fe2c21e0fa5
search_dp1_dc0_ud1_nb0	173	6	19b5bf88aa1621da
search_dp1_dc0_ud1_nb0	174	17	05960d72b2b307c8
search_dp1_dc0_ud1_nb0	175	2	72c15ba8f0c9d153
search_dp1_dc0_ud1_nb0	176	136	6544a7c883cd81c4
search_dp1_dc0_ud1_nb0	177	2	bd0ecdb7188c9a68
search_dp1_dc0_ud1_nb0	178	2	edb8b080a73ec176
search_dp1_dc0_ud1_nb0	179	42	0467417239e699e3
search_dp1_dc0_ud1_nb0	180	129	0ee6b02ac0808055
search_dp1_dc0_ud1_nb0	181	57	f6726eb4f74738a0
search_dp1_dc0_ud1_nb0	182	6	b5bec723cdeb5f21
search_dp1_dc0_ud1_nb0	183	2	f715da348003fd36
search_dp1_dc0_ud1_nb0	184	7	1f54f8727150652f
search_dp1_dc0_ud1_nb0	185	117	8b4c82cb23ec2768
search_dp1_dc0_ud1_nb0	186	2	f4c5fe0c958f3e6d
search_dp1_dc0_ud1_nb0	187	48	ac167e8374b2f62e
search_dp1_dc0_ud1_nb0	188	3	497372c349c1b597
search_dp1_dc0_ud1_nb0	189	3	4275562cef33e65f
search_dp1_dc0_ud1_nb0	190	3	01ea72aab73b6f2d
search_dp1_dc0_ud1_nb0	191	136	af36bb7983edde43
search_dp1_dc0_ud1_nb0	192	5	ae1a712b3ffd0260
search_dp1_dc0_ud1_nb0	193	3	9d88783521a38ff1
search_dp1_dc0_ud1_nb0	194	50	e2a819d26633c091
search_dp1_dc0_ud1_nb0	195	45	5c80478cf09b8ce8
search_dp1_dc0_ud1_nb0	196	134	1c4332ca6ad08c77
search_dp1_dc0_ud1_nb0	197	7	d29623dcd610ad0f
search_dp1_dc0_ud1_nb0	198	2	9ae12495235be9b1
search_dp1_dc0_ud1_nb0	199	9	bb624c201e4e9cc4
search_dp1_dc0_ud1_nb0	200	55	be174d9e231cd8f9
search_dp1_dc0_ud1_nb0	201	5	35f561dd999af5d4
search_dp1_dc0_ud1_nb0	202	3	9867b26f89bd75b4
search_dp1_dc0_ud1_nb0	203	18	226e3d31443203c5
search_dp1_dc0_ud1_nb0	204	50	54b8c548f0f618da
search_dp1_dc0_ud1_nb0	205	9	d4ae11a0420b041b
search_dp1_dc0_ud1_nb0	206	138	810e688b88eaf10d
search_dp1_dc0_ud1_nb0	207	61	1c0b6317027f220d
search_dp1_dc0_ud1_nb0	208	47	4f21f09da7a1e7be
search_dp1_dc0_ud1_nb0	209	2	7e406aca15207b29
search_dp1_dc0_ud1_nb0	210	2	4143f74e30e91d3c
search_dp1_dc0_ud1_nb0	211	8	578b5a7244c9cf66
search_dp1_dc0_ud1_nb0	212	9	e7c15e9c132f5e9f
search_dp1_dc0_ud1_nb0	213	3	edd5359814ad33df
search_dp1_dc0_ud1_nb0	214	15	a0861d4f20b809f4
search_dp1_dc0_ud1_nb0	215	5	74ba7792595c3310
search_dp1_dc0_ud1_nb0	216	49	4080aee5e8b74ff5
search_dp1_dc0_ud1_nb0	217	6	46526c287d5945e7
search_dp1_dc0_ud1_nb0	218	7	8985312184445782
search_dp1_dc0_ud1_nb0	219	4	dd2e7bf50bbc166f
search_dp1_dc0_ud1_nb0	220	14	31b6dd99f833b867
search_dp1_dc0_ud1_nb0	221	7	ade4e2b9128d0a25
search_dp1_dc0_ud1_nb0	222	2	155847d504fd75bd
search_dp1_dc0_ud1_nb0	223	2	4dbbca2216f7ac7b
search_dp1_dc0_ud1_nb0	224	4	3eb10ddb53008a08
search_dp1_dc0_ud1_nb0	225	2	2832a96cf84da5d8
search_dp1_dc0_ud1_nb0	226	128	7ba47bc2232da8f0
search_dp1_dc0_ud1_nb0	227	1	46eb868fb6e063a1
search_dp1_dc0_ud1_nb0	228	22	69c3dd6270d972ab
search_dp1_dc0_ud1_nb0	229	3	fbdd82a8dd59592c
search_dp1_dc0_ud1_nb0	230	41	86049af10fcb5446
search_dp1_dc0_ud1_nb0	231	4	0f4f24f624930d64
search_dp1_dc0_ud1_nb0	232	2	8266c8aed1bb63ae
search_dp1_dc0_ud1_nb0	233	26	5187808aff5433aa
search_dp1_dc0_ud1_nb0	234	2	e4ca63a93d69cb1f
search_dp1_dc0_ud1_nb0	235	41	dbf186e38664e18c
search_dp1_dc0_ud1_nb0	236	2	d481bfb675d614dd
search_dp1_dc0_ud1_nb0	237	5	250f11e8c158cea7
search_dp1_dc0_ud1_nb0	238	19	8833eace39f7c5ce
search_dp1_dc0_ud1_nb0	239	2	4b70e50b8edc6292
search_dp1_dc0_ud1_nb0	240	4	11399b68410123df
search_dp1_dc0_ud1_nb0	241	3	b2635722d8d798e2
search_dp1_dc0_ud1_nb0	242	5	dcae176c8012b891
search_dp1_dc0_ud1_nb0	243	19	9d829e079023ac77
search_dp1_dc0_ud1_nb0	244	2	a4dda3ae9e4f0f85
search_dp1_dc0_ud1_nb0	245	20	ed362c1051d17f0d
search_dp1_dc0_ud1_nb0	246	128	65ae3e2cb248556c
search_dp1_dc0_ud1_nb0	247	3	e0853c840dd1fdaf
search_dp1_dc0_ud1_nb0	248	48	b40a9b6fd6af7eae
search_dp1_dc0_ud1_nb0	249	135	d5434661ec8f946c
search_dp1_dc0_ud1_nb0	250	55	b2bf885d9ea9f8c0
search_dp1_dc0_ud1_nb0	251	54	6ecdef06fc50bb37
search_dp1_dc0_ud1_nb0	252	5	8c963a2c9ca6b239
search_dp1_dc0_ud1_nb0	253	5	68447a6baef27bb5
search_dp1_dc0_ud1_nb0	254	6	5d4c55fc5ab69382
search_dp1_dc0_ud1_nb0	255	52	ffa39c924425ccb4
search_dp1_dc0_ud1_nb0	256	2	551a63c2d76181f6
search_dp1_dc0_ud1_nb0	257	9	356ed3703e436ed3
search_dp1_dc0_ud1_nb0	258	62	8f593e0029a61a3f
search_dp1_dc0_ud1_nb0	259	21	2137a94346edfa43
search_dp1_dc0_ud1_nb0	260	2	adbb7c7175eb6e52
search_dp1_dc0_ud1_nb0	261	2	f76307a603dd2a5d
search_dp1_dc0_ud1_nb0	262	6	d30c7a79bfd000e1
search_dp1_dc0_ud1_nb0	263	4	26ad5b1db2402826
search_dp1_dc0_ud1_nb0	264	23	f3ebca8b04b2c17e
search_dp1_dc0_ud1_nb0	265	3	9f8d916961924fb4
search_dp1_dc0_ud1_nb0	266	4	bb31c52b28bb81b0
search_dp1_dc0_ud1_nb0	267	3	318574d728fb4773
search_dp1_dc0_ud1_nb0	268	1	25aef9909dfea048
search_dp1_dc0_ud1_nb0	269	52	3e9f0b852e3e2122
search_dp1_dc0_ud1_nb0	270	21	52e5c23aef9a7c88
search_dp1_dc0_ud1_nb0	271	117	6fa3c71816f6c58a
search_dp1_dc0_ud1_nb0	272	53	a17767ccdc1157fc
search_dp1_dc0_ud1_nb0	273	2	6f51285605f5b665
search_dp1_dc0_ud1_nb0	274	26	7689d104468df279
search_dp1_dc0_ud1_nb0	275	3	33846b194a9c5819
search_dp1_dc0_ud1_nb0	276	130	0f9fe6ce866494cd
search_dp1_dc0_ud1_nb0	277	7	8c70cecc8aa87c82
search_dp1_dc0_ud1_nb0	278	116	be75994d2acd9f44
search_dp1_dc0_ud1_nb0	279	24	1df639b36edc2fb3
search_dp1_dc0_ud1_nb0	280	3	20205e6f2da9609c
search_dp1_dc0_ud1_nb0	281	1	3abc652ea33e17a5
search_dp1_dc0_ud1_nb0	282	2	9a10022c0daaddb3
search_dp1_dc0_ud1_nb0	283	18	b5d03e8ca31bb60b
search_dp1_dc0_ud1_nb0	284	5	33be49397f38c1c0
search_dp1_dc0_ud1_nb0	285	15	c5e1c9d0dc12576e
search_dp1_dc0_ud1_nb0	286	10	ffcd04acf22df2f6
search_dp1_dc0_ud1_nb0	287	140	7f5b9e573084f760
search_dp1_dc0_ud1_nb0	288	4	79393d37bfeeb318
search_dp1_dc0_ud1_nb0	289	1	adf4e0e63c574ffd
search_dp1_dc0_ud1_nb0	290	2	0f3051d3fcbf1a41
search_dp1_dc0_ud1_nb0	291	139	0cd4305778fe740c
search_dp1_dc0_ud1_nb0	292	3	97def42dec590a3f
search_dp1_dc0_ud1_nb0	293	118	d6ad307697e85869
search_dp1_dc0_ud1_nb0	294	52	09f1110f71881ad6
search_dp1_dc0_ud1_nb0	295	1	6d6c9be064bbef04
search_dp1_dc0_ud1_nb0	296	126	45fd614c086277c8
search_dp1_dc0_ud1_nb0	297	139	deca60664017310c
search_dp1_dc0_ud1_nb0	298	2	b4231c8b8bf14136
search_dp1_dc0_ud1_nb0	299	1	ec9a11734f43ecd8
search_dp1_dc0_ud1_nb0	300	5	3f94bc087489c8e4
search_dp1_dc0_ud1_nb0	301	42	4d07a7eda7d69947
search_dp1_dc0_ud1_nb0	302	8	1e5b6fdd3a4d4e63
search_dp1_dc0_ud1_nb0	303	6	adb56fe1642e028b
search_dp1_dc0_ud1_nb0	304	5	e7fe22ccd9ba11f5
search_dp1_dc0_ud1_nb0	305	24	6e724c5695ad605a
search_dp1_dc0_ud1_nb0	306	8	de2a57432debf637
search_dp1_dc0_ud1_nb0	307	21	1d5ca5bd1b41f926
search_dp1_dc0_ud1_nb0	308	124	73f7e44696d553cf
search_dp1_dc0_ud1_nb0	309	2	49f285d1dbd9cded
search_dp1_dc0_ud1_nb0	310	3	a19a9ddc616bc40b
search_dp1_dc0_ud1_nb0	311	3	d22ff6030491e306
search_dp1_dc0_ud1_nb0	312	49	c6186c8afdbd355a
search_dp1_dc0_ud1_nb0	313	51	eb3c2db36574c6c6
search_dp1_dc0_ud1_nb0	314	56	3e76425a6c6878cd
search_dp1_dc0_ud1_nb0	315	1	1ab4e6773c971447
search_dp1_dc0_ud1_nb0	316	132	6073d7283c482f6a
search_dp1_dc0_ud1_nb0	317	5	a57c653d40b9330e
search_dp1_dc0_ud1_nb0	318	3	0be369303603bc54
search_dp1_dc0_ud1_nb0	319	123	28c179c4c649fdd5
search_dp1_dc0_ud1_nb0	320	26	c994bfb7552b74b5
search_dp1_dc0_ud1_nb0	321	17	5b0a7dfff0b9c268
search_dp1_dc0_ud1_nb0	322	53	d043eb405e3569e3
search_dp1_dc0_ud1_nb0	323	20	f86073e6c0a28869
search_dp1_dc0_ud1_nb0	324	25	aadf163d995781fe
search_dp1_dc0_ud1_nb0	325	6	ba61619909836ace
search_dp1_dc0_ud1_nb0	326	49	8a9d531d9cb078f1
search_dp1_dc0_ud1_nb0	327	3	d1fb661b574d678c
search_dp1_dc0_ud1_nb0	328	7	564bb8edfe92bf9a
search_dp1_dc0_ud1_nb0	329	2	461827dfc2a8b43f
search_dp1_dc0_ud1_nb0	330	59	24d143c271d2927c
search_dp1_dc0_ud1_nb0	331	1	a1b05ad8878eddbd
search_dp1_dc0_ud1_nb0	332	50	cb72812b554fc6f0
search_dp1_dc0_ud1_nb0	333	55	f2f1e5d882fb0c37
search_dp1_dc0_ud1_nb0	334	121	84b172192df1d477
search_dp1_dc0_ud1_nb0	335	20	79c4fc7af7fe6dba
search_dp1_dc0_ud1_nb0	336	49	c394ee78bacdd2d3
search_dp1_dc0_ud1_nb0	337	8	027765e0cef51c1c
search_dp1_dc0_ud1_nb0	338	49	9110733812730ca4
search_dp1_dc0_ud1_nb0	339	61	b2587ba4323d77f8
search_dp1_dc0_ud1_nb0	340	23	83cc50944a70869a
search_dp1_dc0_ud1_nb0	341	2	ad98a9842eda811a
search_dp1_dc0_ud1_nb0	342	25	336280dbb4f5bf4a
search_dp1_dc0_ud1_nb0	343	138	4e73d7a9660bf231
search_dp1_dc0_ud1_nb0	344	6	5f1b071befe1b3b9
search_dp1_dc0_ud1_nb0	345	24	a3c094ff70dad61f
search_dp1_dc0_ud1_nb0	346	54	b955144e2bedda14
search_dp1_dc0_ud1_nb0	347	2	73786eace44df5fe
search_dp1_dc0_ud1_nb0	348	5	a3cd0c88ea908c0a
search_dp1_dc0_ud1_nb0	349	19	7dd7b1bc55e0f86e
search_dp1_dc0_ud1_nb0	350	8	677ae48c18a62575
search_dp1_dc0_ud1_nb0	351	6	8f1fbe3d0f72da7e
search_dp1_dc0_ud1_nb0	352	1	8424221c01ab377a
search_dp1_dc0_ud1_nb0	353	21	86a46489ddb61ddd
search_dp1_dc0_ud1_nb0	354	2	5bda2ca495a4ab74
search_dp1_dc0_ud1_nb0	355	3	a581d4f3412436ff
search_dp1_dc0_ud1_nb0	356	1	0de197205f786e7e
search_dp1_dc0_ud1_nb0	357	20	956f970299f2bead
search_dp1_dc0_ud1_nb0	358	2	f9fa6bf430f95da3
search_dp1_dc0_ud1_nb0	359	2	2528591461d93ca8
search_dp1_dc0_ud1_nb0	360	7	920d478d9a1f0969
search_dp1_dc0_ud1_nb0	361	2	c6d90e3c7d693bdd
search_dp1_dc0_ud1_nb0	362	52	7aa91b740b965e15
search_dp1_dc0_ud1_nb0	363	120	c5ba63010cef303b
search_dp1_dc0_ud1_nb0	364	7	ffd5dab670422ca6
search_dp1_dc0_ud1_nb0	365	2	0acbb33a757090a6
search_dp1_dc0_ud1_nb0	366	2	198c1f0846c5965f
search_dp1_dc0_ud1_nb0	367	8	983f5743d9aa7e64
search_dp1_dc0_ud1_nb0	368	1	eef15e6694a23b83
search_dp1_dc0_ud1_nb0	369	19	b894b56cac22eb0f
search_dp1_dc0_ud1_nb0	370	6	c2b6a6d77ac0c54c
search_dp1_dc0_ud1_nb0	371	2	4cd07f8f33b23519
search_dp1_dc0_ud1_nb0	372	3	97ef6c6486301c0d
search_dp1_dc0_ud1_nb0	373	5	c45f4864686173b7
search_dp1_dc0_ud1_nb0	374	54	60cebdb07072ab22
search_dp1_dc0_ud1_nb0	375	47	18e59f2ad150c7a3
search_dp1_dc0_ud1_nb0	376	8	a92efd60205398cf
search_dp1_dc0_ud1_nb0	377	2	c417926d6aea0d9a
search_dp1_dc0_ud1_nb0	378	4	a06e054f270ac1cf
search_dp1_dc0_ud1_nb0	379	8	f7bf4b46fdb7bfe6
search_dp1_dc0_ud1_nb0	380	57	9d75448bcc37f9a5
search_dp1_dc0_ud1_nb0	381	3	b1f6b2765a452e84
search_dp1_dc0_ud1_nb0	382	2	ee235b847f480214
search_dp1_dc0_ud1_nb0	383	2	1ca0393d8d48778c
search_dp1_dc0_ud1_nb0	384	2	17487eeaec684a5e
search_dp1_dc0_ud1_nb0	385	2	60e9a85e50134bc4
search_dp1_dc0_ud1_nb0	386	123	0c44e682d3281f6d
search_dp1_dc0_ud1_nb0	387	8	733e113fa41c4d5b
search_dp1_dc0_ud1_nb0	388	64	afd9317a2211d0fa
search_dp1_dc0_ud1_nb0	389	43	6c88adf900ed1e8a
search_dp1_dc0_ud1_nb0	390	7	1e514b22b438dfa3
search_dp1_dc0_ud1_nb0	391	7	109224eb648dc612
search_dp1_dc0_ud1_nb0	392	16	98dda3e153eadd6a
search_dp1_dc0_ud1_nb0	393	7	0ab9a0f8602eac2c
search_dp1_dc0_ud1_nb0	394	2	9e5b2dc50953735f
search_dp1_dc0_ud1_nb0	395	4	6122c00846bbbbae
search_dp1_dc0_ud1_nb0	396	18	331d40996af64802
search_dp1_dc0_ud1_nb0	397	49	c0a03acee2fc370f
search_dp1_dc0_ud1_nb0	398	144	3c7078f9bd1b86a3
search_dp1_dc0_ud1_nb0	399	4	3f607be684c580de
search_dp1_dc0_ud1_nb2000	0	2	fe3877f9123caf6f
search_dp1_dc0_ud1_nb2000	1	17	1cc9be5912e1ae61
search_dp1_dc0_ud1_nb2000	2	144	a33b7ae8666138e7
search_dp1_dc0_ud1_nb2000	3	3	04752421978926ff
search_dp1_dc0_ud1_nb2000	4	53	231ed8efa9d8a32b
search_dp1_dc0_ud1_nb2000	5	3	35c41a2159b89123
search_dp1_dc0_ud1_nb2000	6	52	d87d0872a8e6d4f9
search_dp1_dc0_ud1_nb2000	7	141	3b34642cd0b88aac
search_dp1_dc0_ud1_nb2000	8	117	baec0283eb54f335
search_dp1_dc0_ud1_nb2000	9	52	05ad8267fd4a5703
search_dp1_dc0_ud1_nb2000	10	48	fe7fadbdd74c14b4
search_dp1_dc0_ud1_nb2000	11	60	203cb72076576f8f
search_dp1_dc0_ud1_nb2000	12	5	cd9d2ab8d7d8e70b
search_dp1_dc0_ud1_nb2000	13	1	8610e9dda182bf42
search_dp1_dc0_ud1_nb2000	14	4	2e85190163e10d0c
search_dp1_dc0_ud1_nb2000	15	4	5de2856cfbed0b06
search_dp1_dc0_ud1_nb2000	16	27	200e5bcf5df98c86
search_dp1_dc0_ud1_nb2000	17	2	5420621e61e6b2de
search_dp1_dc0_ud1_nb2000	18	4	58a764840892cede
search_dp1_dc0_ud1_nb2000	19	1	9063f58a9e418e90
search_dp1_dc0_ud1_nb2000	20	46	265daf9d43ef5b38
search_dp1_dc0_ud1_nb2000	21	49	c37ed7ab52d3c389
search_dp1_dc0_ud1_nb2000	22	2	b2b47f5335448eeb
search_dp1_dc0_ud1_nb2000	23	115	2bab040c1ff42fa2
search_dp1_dc0_ud1_nb2000	24	2	4ee24f53fa50f5fb
search_dp1_dc0_ud1_nb2000	25	2	210c11ef7723c39c
search_dp1_dc0_ud1_nb2000	26	22	c7e89938e8bdb34a
search_dp1_dc0_ud1_nb2000	27	2	7a76b7ba3a15016d
search_dp1_dc0_ud1_nb2000	28	3	2b3be05945eccc6d
search_dp1_dc0_ud1_nb2000	29	1	cb04c009a7a0f623
search_dp1_dc0_ud1_nb2000	30	5	69ec4105565c89a1
search_dp1_dc0_ud1_nb2000	31	2	115a740f9cd9a619
search_dp1_dc0_ud1_nb2000	32	124	d1ac19078fbca1a2
search_dp1_dc0_ud1_nb2000	33	3	fb073d01787c3389
search_dp1_dc0_ud1_nb2000	34	4	19a003b39818982e
search_dp1_dc0_ud1_nb2000	35	117	cc484c421fad78f7
search_dp1_dc0_ud1_nb2000	36	7	e5b73009a55ad265
search_dp1_dc0_ud1_nb2000	37	63	9a7e0f205dd07083
search_dp1_dc0_ud1_nb2000	38	19	2c8451cfc18a034d
search_dp1_dc0_ud1_nb2000	39	117	c681a3387c7a74c2
search_dp1_dc0_ud1_nb2000	40	131	a3a356cd287dded0
search_dp1_dc0_ud1_nb2000	41	24	7cd28e4b74c4982e
search_dp1_dc0_ud1_nb2000	42	8	d478843d9d8f0829
search_dp1_dc0_ud1_nb2000	43	1	5b21a5ec2f985d77
search_dp1_dc0_ud1_nb2000	44	2	8946d53fe3b107ce
search_dp1_dc0_ud1_nb2000	45	7	bcd0e6f6073295b3
search_dp1_dc0_ud1_nb2000	46	17	2b3f0e64de30d21f
search_dp1_dc0_ud1_nb2000	47	57	66f95d2d672e4cd7
search_dp1_dc0_ud1_nb2000	48	5	fbbc98c0c89a3eb6
search_dp1_dc0_ud1_nb2000	49	4	682fb7ad4c45f435
search_dp1_dc0_ud1_nb2000	50	3	fd89f6049da2aafa
search_dp1_dc0_ud1_nb2000	51	23	9f735a1929b5126d
search_dp1_dc0_ud1_nb2000	52	2	fd08e8dd823f631e
search_dp1_dc0_ud1_nb2000	53	6	b61b87c29ab88279
search_dp1_dc0_ud1_nb2000	54	3	662b542a83cdcabd
search_dp1_dc0_ud1_nb2000	55	52	234e860adfe14831
search_dp1_dc0_ud1_nb2000	56	9	21ef0eff9bc27471
search_dp1_dc0_ud1_nb2000	57	2	d8c21a02c79c5d2f
search_dp1_dc0_ud1_nb2000	58	3	6a5b37258e941d28
search_dp1_dc0_ud1_nb2000	59	23	ba13e671eb6283b2
search_dp1_dc0_ud1_nb2000	60	3	90e544c7aa820b5e
search_dp1_dc0_ud1_nb2000	61	2	50c0e5e565e77d9f
search_dp1_dc0_ud1_nb2000	62	3	490e58d435ecad3e
search_dp1_dc0_ud1_nb2000	63	17	20f8b027f1304aa0
search_dp1_dc0_ud1_nb2000	64	45	f9cb6581e07fc3d2
search_dp1_dc0_ud1_nb2000	65	5	ef54a424735e7ba8
search_dp1_dc0_ud1_nb2000	66	2	183418e639303309
search_dp1_dc0_ud1_nb2000	67	6	8259cff31eddaa7e
search_dp1_dc0_ud1_nb2000	68	5	3c9e4c88094cbbfb
search_dp1_dc0_ud1_nb2000	69	54	504433d5c8741ce1
search_dp1_dc0_ud1_nb2000	70	6	de8c5f9d34bede0d
search_dp1_dc0_ud1_nb2000	71	11	8c30854b80cbff79
search_dp1_dc0_ud1_nb2000	72	18	8b2fdeecc5367d2e
search_dp1_dc0_ud1_nb2000	73	43	99ca928933e56269
search_dp1_dc0_ud1_nb2000	74	2	c00d92a30f546d81
search_dp1_dc0_ud1_nb2000	75	2	60d11ac02cca1f5c
search_dp1_dc0_ud1_nb2000	76	54	7fe6bef86d50c599
search_dp1_dc0_ud1_nb2000	77	2	72f99e536ffd074b
search_dp1_dc0_ud1_nb2000	78	2	8a316a4cbf248e78
search_dp1_dc0_ud1_nb2000	79	12	5de65479b9535c0a
search_dp1_dc0_ud1_nb2000	80	1	52b4ae3df5b68646
search_dp1_dc0_ud1_nb2000	81	6	ff827455272f1a80
search_dp1_dc0_ud1_nb2000	82	129	d9e3475ff45cdfd4
search_dp1_dc0_ud1_nb2000	83	4	18c6172a2b20dab9
search_dp1_dc0_ud1_nb2000	84	3	98be6817fedd840d
search_dp1_dc0_ud1_nb2000	85	51	7b66c3af2a7bfb21
search_dp1_dc0_ud1_nb2000	86	6	18191c8901aa16ba
search_dp1_dc0_ud1_nb2000	87	22	3c59fa10637a4d0a
search_dp1_dc0_ud1_nb2000	88	21	213fe18ea9153a96
search_dp1_dc0_ud1_nb2000	89	137	7c1bb5f77ee11c50
search_dp1_dc0_ud1_nb2000	90	2	7ac3584624571a10
search_dp1_dc0_ud1_nb2000	91	126	8a06aa47491ab712
search_dp1_dc0_ud1_nb2000	92	4	60bbda28de9b1fb0
search_dp1_dc0_ud1_nb2000	93	6	8041e288b4fe476e
search_dp1_dc0_ud1_nb2000	94	6	98a1472c66a9b589
search_dp1_dc0_ud1_nb2000	95	120	a2a9388bd388fe29
search_dp1_dc0_ud1_nb2000	96	60	290661cebc03fa8c
search_dp1_dc0_ud1_nb2000	97	5	61d9d102b34e1726
search_dp1_dc0_ud1_nb2000	98	3	66accd03b9beeea3
search_dp1_dc0_ud1_nb2000	99	7	9082acb1aa570b2b
search_dp1_dc0_ud1_nb2000	100	6	bd521a92b18247d9
search_dp1_dc0_ud1_nb2000	101	2	3ff37d05d9e89fc7
search_dp1_dc0_ud1_nb2000	102	47	330a4fb43bca84d2
search_dp1_dc0_ud1_nb2000	103	27	5e1f662c1a9802d3
search_dp1_dc0_ud1_nb2000	104	1	2aa86b7d09c4fa67
search_dp1_dc0_ud1_nb2000	105	2	5e1645b8765c83f3
search_dp1_dc0_ud1_nb2000	106	19	a0ffab9c0ede9e36
search_dp1_dc0_ud1_nb2000	107	138	23ad075ed9606969
search_dp1_dc0_ud1_nb2000	108	47	51bc2ffa8f878d3e
search_dp1_dc0_ud1_nb2000	109	23	db9a7547b2508c17
search_dp1_dc0_ud1_nb2000	110	5	0929f46f2e6878c7
search_dp1_dc0_ud1_nb2000	111	3	01911c6ee2172564
search_dp1_dc0_ud1_nb2000	112	3	616126a74fbcf785
search_dp1_dc0_ud1_nb2000	113	1	ce908bdfd8c62477
search_dp1_dc0_ud1_nb2000	114	108	72cec2fd2a318a96
search_dp1_dc0_ud1_nb2000	115	2	4190c4e5c47f9001
search_dp1_dc0_ud1_nb2000	116	2	5f2151cdb5d26008
search_dp1_dc0_ud1_nb2000	117	118	21a2db542954b17c
search_dp1_dc0_ud1_nb2000	118	131	e3a815c0055b9c5b
search_dp1_dc0_ud1_nb2000	119	2	fa3b1b21769c99bc
search_dp1_dc0_ud1_nb2000	120	116	35601a5bce93682a
search_dp1_dc0_ud1_nb2000	121	58	ae3f2dd8ef307367
search_dp1_dc0_ud1_nb2000	122	141	2efd4b5a1a9ca35b
search_dp1_dc0_ud1_nb2000	123	2	737f3e1167508935
search_dp1_dc0_ud1_nb2000	124	52	f43a6b6f4b8b2a33
search_dp1_dc0_ud1_nb2000	125	4	3ec7510780c15cda
search_dp1_dc0_ud1_nb2000	126	7	dabb0cde215466ff
search_dp1_dc0_ud1_nb2000	127	2	814dccc6d2006e69
search_dp1_dc0_ud1_nb2000	128	19	1b0c044a9b82bcb7
search_dp1_dc0_ud1_nb2000	129	53	3aeddd11fbdb7fb5
search_dp1_dc0_ud1_nb2000	130	2	af2325e713679114
search_dp1_dc0_ud1_nb2000	131	121	d4fc36b5420247c0
search_dp1_dc0_ud1_nb2000	132	133	a416c0d0263e6e39
search_dp1_dc0_ud1_nb2000	133	2	80af669c13559a46
search_dp1_dc0_ud1_nb2000	134	9	c86de27979b93c2e
search_dp1_dc0_ud1_nb2000	135	1	4f4429788037f093
search_dp1_dc0_ud1_nb2000	136	2	cff4c6b51ab8d1e1
search_dp1_dc0_ud1_nb2000	137	3	1dc709adf506815a
search_dp1_dc0_ud1_nb2000	138	121	cb190c96f4ebe529
search_dp1_dc0_ud1_nb2000	139	124	0117d8120b02b6a2
search_dp1_dc0_ud1_nb2000	140	5	d0eb69f59bc41631
search_dp1_dc0_ud1_nb2000	141	5	e012e7b369b410f6
search_dp1_dc0_ud1_nb2000	142	7	7f1078ad70fd6600
search_dp1_dc0_ud1_nb2000	143	2	6ff6b8bc6619ae66
search_dp1_dc0_ud1_nb2000	144	10	545723f0c9ac920e
search_dp1_dc0_ud1_nb2000	145	41	2220f95de36de30a
search_dp1_dc0_ud1_nb2000	146	59	06c4818e6d885599
search_dp1_dc0_ud1_nb2000	147	14	286cf56322bdea4f
search_dp1_dc0_ud1_nb2000	148	18	797306ee66936809
search_dp1_dc0_ud1_nb2000	149	2	0e7a7d4215ecf15a
search_dp1_dc0_ud1_nb2000	150	4	a8d155a0060fcc7c
search_dp1_dc0_ud1_nb2000	151	5	29ec5580ac044ccc
search_dp1_dc0_ud1_nb2000	152	58	ef8dd40aa870f49f
search_dp1_dc0_ud1_nb2000	153	139	84be2b69e5076913
search_dp1_dc0_ud1_nb2000	154	2	60a2b5c9c2e0e62a
search_dp1_dc0_ud1_nb2000	155	52	bed33b65cc7f23f2
search_dp1_dc0_ud1_nb2000	156	22	744e6054cf572359
search_dp1_dc0_ud1_nb2000	157	3	6a36bc7972855e92
search_dp1_dc0_ud1_nb2000	158	3	c66d8bfa148e1a07
search_dp1_dc0_ud1_nb2000	159	50	0a23b5918db9d03a
search_dp1_dc0_ud1_nb2000	160	7	af225a9e313bd07a
search_dp1_dc0_ud1_nb2000	161	2	a1619a4837419d10
search_dp1_dc0_ud1_nb2000	162	130	5083689e0eab78c8
search_dp1_dc0_ud1_nb2000	163	7	806ea40904ff7eeb
search_dp1_dc0_ud1_nb2000	164	2	e08c08885d04564b
search_dp1_dc0_ud1_nb2000	165	3	5c538693c1431f4b
search_dp1_dc0_ud1_nb2000	166	135	ec79d74af16bc426
search_dp1_dc0_ud1_nb2000	167	58	95fb5e1e11c676aa
search_dp1_dc0_ud1_nb2000	168	2	7f186e27c595ab14
search_dp1_dc0_ud1_nb2000	169	8	50b094fe969e79f8
search_dp1_dc0_ud1_nb2000	170	2	9a10e7aed7584972
search_dp1_dc0_ud1_nb2000	171	50	b513722b1ad762cb
search_dp1_dc0_ud1_nb2000	172	5	fc512fe2c21e0fa5
search_dp1_dc0_ud1_nb2000	173	6	19b5bf88aa1621da
search_dp1_dc0_ud1_nb2000	174	18	ad5473d497404481
search_dp1_dc0_ud1_nb2000	175	2	72c15ba8f0c9d153
search_dp1_dc0_ud1_nb2000	176	137	4dfa298324a8a286
search_dp1_dc0_ud1_nb2000	177	2	bd0ecdb7188c9a68
search_dp1_dc0_ud1_nb2000	178	2	edb8b080a73ec176
search_dp1_dc0_ud1_nb2000	179	42	0467417239e699e3
search_dp1_dc0_ud1_nb2000	180	132	dde1b28a37aa3a58
search_dp1_dc0_ud1_nb2000	181	57	f6726eb4f74738a0
search_dp1_dc0_ud1_nb2000	182	6	b5bec723cdeb5f21
search_dp1_dc0_ud1_nb2000	183	2	f715da348003fd36
search_dp1_dc0_ud1_nb2000	184	7	1f54f8727150652f
search_dp1_dc0_ud1_nb2000	185	118	9a1f813d92766805
search_dp1_dc0_ud1_nb2000	186	2	f4c5fe0c958f3e6d
search_dp1_dc0_ud1_nb2000	187	49	f291e92cfca2091d
search_dp1_dc0_ud1_nb2000	188	3	497372c349c1b597
search_dp1_dc0_ud1_nb2000	189	3	4275562cef33e65f
search_dp1_dc0_ud1_nb2000	190	3	01ea72aab73b6f2d
search_dp1_dc0_ud1_nb2000	191	136	af36bb7983edde43
search_dp1_dc0_ud1_nb2000	192	5	ae1a712b3ffd0260
search_dp1_dc0_ud1_nb2000	193	3	9d88783521a38ff1
search_dp1_dc0_ud1_nb2000	194	51	e3a1c39f25842b35
search_dp1_dc0_ud1_nb2000	195	45	5c80478cf09b8ce8
search_dp1_dc0_ud1_nb2000	196	136	aadbae7d19c2a81d
search_dp1_dc0_ud1_nb2000	197	7	d29623dcd610ad0f
search_dp1_dc0_ud1_nb2000	198	2	9ae12495235be9b1
search_dp1_dc0_ud1_nb2000	199	9	bb624c201e4e9cc4
search_dp1_dc0_ud1_nb2000	200	55	be174d9e231cd8f9
search_dp1_dc0_ud1_nb2000	201	5	35f561dd999af5d4
search_dp1_dc0_ud1_nb2000	202	3	9867b26f89bd75b4
search_dp1_dc0_ud1_nb2000	203	18	226e3d31443203c5
search_dp1_dc0_ud1_nb2000	204	51	59015d9be8be7c8e
search_dp1_dc0_ud1_nb2000	205	9	d4ae11a0420b041b
search_dp1_dc0_ud1_nb2000	206	139	4bd34918c36e0b3e
search_dp1_dc0_ud1_nb2000	207	62	f74538e62387b240
search_dp1_dc0_ud1_nb2000	208	48	b2bc2b72580ddeb6
search_dp1_dc0_ud1_nb2000	209	2	7e406aca15207b29
search_dp1_dc0_ud1_nb2000	210	2	4143f74e30e91d3c
search_dp1_dc0_ud1_nb2000	211	8	578b5a7244c9cf66
search_dp1_dc0_ud1_nb2000	212	9	e7c15e9c132f5e9f
search_dp1_dc0_ud1_nb2000	213	3	edd5359814ad33df
search_dp1_dc0_ud1_nb2000	214	15	a0861d4f20b809f4
search_dp1_dc0_ud1_nb2000	215	5	74ba7792595c3310
search_dp1_dc0_ud1_nb2000	216	50	159b9c8324eb7ec5
search_dp1_dc0_ud1_nb2000	217	6	46526c287d5945e7
search_dp1_dc0_ud1_nb2000	218	7	8985312184445782
search_dp1_dc0_ud1_nb2000	219	4	dd2e7bf50bbc166f
search_dp1_dc0_ud1_nb2000	220	14	31b6dd99f833b867
search_dp1_dc0_ud1_nb2000	221	7	ade4e2b9128d0a25
search_dp1_dc0_ud1_nb2000	222	2	155847d504fd75bd
search_dp1_dc0_ud1_nb2000	223	2	4dbbca2216f7ac7b
search_dp1_dc0_ud1_nb2000	224	4	3eb10ddb53008a08
search_dp1_dc0_ud1_nb2000	225	2	2832a96cf84da5d8
search_dp1_dc0_ud1_nb2000	226	128	7ba47bc2232da8f0
search_dp1_dc0_ud1_nb2000	227	1	46eb868fb6e063a1
search_dp1_dc0_ud1_nb2000	228	22	69c3dd6270d972ab
search_dp1_dc0_ud1_nb2000	229	3	fbdd82a8dd59592c
search_dp1_dc0_ud1_nb2000	230	41	86049af10fcb5446
search_dp1_dc0_ud1_nb2000	231	4	0f4f24f624930d64
search_dp1_dc0_ud1_nb2000	232	2	8266c8aed1bb63ae
search_dp1_dc0_ud1_nb2000	233	26	5187808aff5433aa
search_dp1_dc0_ud1_nb2000	234	2	e4ca63a93d69cb1f
search_dp1_dc0_ud1_nb2000	235	41	dbf186e38664e18c
search_dp1_dc0_ud1_nb2000	236	2	d481bfb675d614dd
search_dp1_dc0_ud1_nb2000	237	6	9c374886d19d58e2
search_dp1_dc0_ud1_nb2000	238	19	8833eace39f7c5ce
search_dp1_dc0_ud1_nb2000	239	2	4b70e50b8edc6292
search_dp1_dc0_ud1_nb2000	240	4	11399b68410123df
search_dp1_dc0_ud1_nb2000	241	3	b2635722d8d798e2
search_dp1_dc0_ud1_nb2000	242	5	dcae176c8012b891
search_dp1_dc0_ud1_nb2000	243	20	5e11bc01c44fb09a
search_dp1_dc0_ud1_nb2000	244	2	a4dda3ae9e4f0f85
search_dp1_dc0_ud1_nb2000	245	20	ed362c1051d17f0d
search_dp1_dc0_ud1_nb2000	246	128	65ae3e2cb248556c
search_dp1_dc0_ud1_nb2000	247	3	e0853c840dd1fdaf
search_dp1_dc0_ud1_nb2000	248	48	b40a9b6fd6af7eae
search_dp1_dc0_ud1_nb2000	249	136	bc25f7185a4597f0
search_dp1_dc0_ud1_nb2000	250	55	b2bf885d9ea9f8c0
search_dp1_dc0_ud1_nb2000	251	54	6ecdef06fc50bb37
search_dp1_dc0_ud1_nb2000	252	5	8c963a2c9ca6b239
search_dp1_dc0_ud1_nb2000	253	5	68447a6baef27bb5
search_dp1_dc0_ud1_nb2000	254	6	5d4c55fc5ab69382
search_dp1_dc0_ud1_nb2000	255	53	fc6ef516c723618a
search_dp1_dc0_ud1_nb2000	256	2	551a63c2d76181f6
search_dp1_dc0_ud1_nb2000	257	9	356ed3703e436ed3
search_dp1_dc0_ud1_nb2000	258	62	8f593e0029a61a3f
search_dp1_dc0_ud1_nb2000	259	21	2137a94346edfa43
search_dp1_dc0_ud1_nb2000	260	2	adbb7c7175eb6e52
search_dp1_dc0_ud1_nb2000	261	2	f76307a603dd2a5d
search_dp1_dc0_ud1_nb2000	262	7	f97c32f3f992221b
search_dp1_dc0_ud1_nb2000	263	4	26ad5b1db2402826
search_dp1_dc0_ud1_nb2000	264	23	f3ebca8b04b2c17e
search_dp1_dc0_ud1_nb2000	265	3	9f8d916961924fb4
search_dp1_dc0_ud1_nb2000	266	4	bb31c52b28bb81b0
search_dp1_dc0_ud1_nb2000	267	3	318574d728fb4773
search_dp1_dc0_ud1_nb2000	268	1	25aef9909dfea048
search_dp1_dc0_ud1_nb2000	269	52	3e9f0b852e3e2122
search_dp1_dc0_ud1_nb2000	270	21	52e5c23aef9a7c88
search_dp1_dc0_ud1_nb2000	271	117	6fa3c71816f6c58a
search_dp1_dc0_ud1_nb2000	272	54	1eda6492eebab72d
search_dp1_dc0_ud1_nb2000	273	2	6f51285605f5b665
search_dp1_dc0_ud1_nb2000	274	26	7689d104468df279
search_dp1_dc0_ud1_nb2000	275	3	33846b194a9c5819
search_dp1_dc0_ud1_nb2000	276	131	be65408c5c860a97
search_dp1_dc0_ud1_nb2000	277	7	8c70cecc8aa87c82
search_dp1_dc0_ud1_nb2000	278	117	c8385df2aa5b2d91
search_dp1_dc0_ud1_nb2000	279	24	1df639b36edc2fb3
search_dp1_dc0_ud1_nb2000	280	3	20205e6f2da9609c
search_dp1_dc0_ud1_nb2000	281	1	3abc652ea33e17a5
search_dp1_dc0_ud1_nb2000	282	2	9a10022c0daaddb3
search_dp1_dc0_ud1_nb2000	283	18	b5d03e8ca31bb60b
search_dp1_dc0_ud1_nb2000	284	5	33be49397f38c1c0
search_dp1_dc0_ud1_nb2000	285	15	c5e1c9d0dc12576e
search_dp1_dc0_ud1_nb2000	286	10	ffcd04acf22df2f6
search_dp1_dc0_ud1_nb2000	287	141	4cdb2ebd33c24f92
search_dp1_dc0_ud1_nb2000	288	4	79393d37bfeeb318
search_dp1_dc0_ud1_nb2000	289	1	adf4e0e63c574ffd
search_dp1_dc0_ud1_nb2000	290	2	0f3051d3fcbf1a41
search_dp1_dc0_ud1_nb2000	291	141	c03a7f5b1a705e7d
search_dp1_dc0_ud1_nb2000	292	3	97def42dec590a3f
search_dp1_dc0_ud1_nb2000	293	118	d6ad307697e85869
search_dp1_dc0_ud1_nb2000	294	52	09f1110f71881ad6
search_dp1_dc0_ud1_nb2000	295	1	6d6c9be064bbef04
search_dp1_dc0_ud1_nb2000	296	126	45fd614c086277c8
search_dp1_dc0_ud1_nb2000	297	139	6d09007002657394
search_dp1_dc0_ud1_nb2000	298	2	b4231c8b8bf14136
search_dp1_dc0_ud1_nb2000	299	1	ec9a11734f43ecd8
search_dp1_dc0_ud1_nb2000	300	5	3f94bc087489c8e4
search_dp1_dc0_ud1_nb2000	301	42	4d07a7eda7d69947
search_dp1_dc0_ud1_nb2000	302	8	1e5b6fdd3a4d4e63
search_dp1_dc0_ud1_nb2000	303	6	adb56fe1642e028b
search_dp1_dc0_ud1_nb2000	304	5	e7fe22ccd9ba11f5
search_dp1_dc0_ud1_nb2000	305	25	aa7328631da534e8
search_dp1_dc0_ud1_nb2000	306	8	de2a57432debf637
search_dp1_dc0_ud1_nb2000	307	21	1d5ca5bd1b41f926
search_dp1_dc0_ud1_nb2000	308	128	8e036fc20bd0fc4c
search_dp1_dc0_ud1_nb2000	309	2	49f285d1dbd9cded
search_dp1_dc0_ud1_nb2000	310	3	a19a9ddc616bc40b
search_dp1_dc0_ud1_nb2000	311	3	d22ff6030491e306
search_dp1_dc0_ud1_nb2000	312	49	c6186c8afdbd355a
search_dp1_dc0_ud1_nb2000	313	51	eb3c2db36574c6c6
search_dp1_dc0_ud1_nb2000	314	56	3e76425a6c6878cd
search_dp1_dc0_ud1_nb2000	315	1	1ab4e6773c971447
search_dp1_dc0_ud1_nb2000	316	133	e5cebb55898287ae
search_dp1_dc0_ud1_nb2000	317	5	a57c653d40b9330e
search_dp1_dc0_ud1_nb2000	318	3	0be369303603bc54
search_dp1_dc0_ud1_nb2000	319	123	28c179c4c649fdd5
search_dp1_dc0_ud1_nb2000	320	26	c994bfb7552b74b5
search_dp1_dc0_ud1_nb2000	321	17	5b0a7dfff0b9c268
search_dp1_dc0_ud1_nb2000	322	53	d043eb405e3569e3
search_dp1_dc0_ud1_nb2000	323	21	663367867a011671
search_dp1_dc0_ud1_nb2000	324	26	9d0705b7df7b6e34
search_dp1_dc0_ud1_nb2000	325	6	ba61619909836ace
search_dp1_dc0_ud1_nb2000	326	49	8a9d531d9cb078f1
search_dp1_dc0_ud1_nb2000	327	3	d1fb661b574d678c
search_dp1_dc0_ud1_nb2000	328	7	564bb8edfe92bf9a
search_dp1_dc0_ud1_nb2000	329	2	461827dfc2a8b43f
search_dp1_dc0_ud1_nb2000	330	59	24d143c271d2927c
search_dp1_dc0_ud1_nb2000	331	1	a1b05ad8878eddbd
search_dp1_dc0_ud1_nb2000	332	50	cb72812b554fc6f0
search_dp1_dc0_ud1_nb2000	333	55	f2f1e5d882fb0c37
search_dp1_dc0_ud1_nb2000	334	122	c511165fbb96901c
search_dp1_dc0_ud1_nb2000	335	21	d4a539b6f19894e7
search_dp1_dc0_ud1_nb2000	336	49	c394ee78bacdd2d3
search_dp1_dc0_ud1_nb2000	337	8	027765e0cef51c1c
search_dp1_dc0_ud1_nb2000	338	49	9110733812730ca4
search_dp1_dc0_ud1_nb2000	339	63	abadfde216c22997
search_dp1_dc0_ud1_nb2000	340	23	83cc50944a70869a
search_dp1_dc0_ud1_nb2000	341	2	ad98a9842eda811a
search_dp1_dc0_ud1_nb2000	342	25	336280dbb4f5bf4a
search_dp1_dc0_ud1_nb2000	343	140	ac8034394ea66659
search_dp1_dc0_ud1_nb2000	344	6	5f1b071befe1b3b9
search_dp1_dc0_ud1_nb2000	345	24	a3c094ff70dad61f
search_dp1_dc0_ud1_nb2000	346	54	b955144e2bedda14
search_dp1_dc0_ud1_nb2000	347	2	73786eace44df5fe
search_dp1_dc0_ud1_nb2000	348	5	a3cd0c88ea908c0a
search_dp1_dc0_ud1_nb2000	349	19	7dd7b1bc55e0f86e
search_dp1_dc0_ud1_nb2000	350	8	677ae48c18a62575
search_dp1_dc0_ud1_nb2000	351	6	8f1fbe3d0f72da7e
search_dp1_dc0_ud1_nb2000	352	1	8424221c01ab377a
search_dp1_dc0_ud1_nb2000	353	21	86a46489ddb61ddd
search_dp1_dc0_ud1_nb2000	354	2	5bda2ca495a4ab74
search_dp1_dc0_ud1_nb2000	355	3	a581d4f3412436ff
search_dp1_dc0_ud1_nb2000	356	1	0de197205f786e7e
search_dp1_dc0_ud1_nb2000	357	21	77a29d8171842c52
search_dp1_dc0_ud1_nb2000	358	2	f9fa6bf430f95da3
search_dp1_dc0_ud1_nb2000	359	2	2528591461d93ca8
search_dp1_dc0_ud1_nb2000	360	7	920d478d9a1f0969
search_dp1_dc0_ud1_nb2000	361	2	c6d90e3c7d693bdd
search_dp1_dc0_ud1_nb2000	362	54	27ed4e681e6b52e3
search_dp1_dc0_ud1_nb2000	363	120	c5ba63010cef303b
search_dp1_dc0_ud1_nb2000	364	7	ffd5dab670422ca6
search_dp1_dc0_ud1_nb2000	365	2	0acbb33a757090a6
search_dp1_dc0_ud1_nb2000	366	2	198c1f0846c5965f
search_dp1_dc0_ud1_nb2000	367	8	983f5743d9aa7e64
search_dp1_dc0_ud1_nb2000	368	1	eef15e6694a23b83
search_dp1_dc0_ud1_nb2000	369	19	b894b56cac22eb0f
search_dp1_dc0_ud1_nb2000	370	6	c2b6a6d77ac0c54c
search_dp1_dc0_ud1_nb2000	371	2	4cd07f8f33b23519
search_dp1_dc0_ud1_nb2000	372	3	97ef6c6486301c0d
search_dp1_dc0_ud1_nb2000	373	5	c45f4864686173b7
search_dp1_dc0_ud1_nb2000	374	55	30bf12f5a8607cb6
search_dp1_dc0_ud1_nb2000	375	47	18e59f2ad150c7a3
search_dp1_dc0_ud1_nb2000	376	8	a92efd60205398cf
search_dp1_dc0_ud1_nb2000	377	2	c417926d6aea0d9a
search_dp1_dc0_ud1_nb2000	378	4	a06e054f270ac1cf
search_dp1_dc0_ud1_nb2000	379	8	f7bf4b46fdb7bfe6
search_dp1_dc0_ud1_nb2000	380	58	0f5b6662316a11c5
search_dp1_dc0_ud1_nb2000	381	3	b1f6b2765a452e84
search_dp1_dc0_ud1_nb2000	382	2	ee235b847f480214
search_dp1_dc0_ud1_nb2000	383	2	1ca0393d8d48778c
search_dp1_dc0_ud1_nb2000	384	2	17487eeaec684a5e
search_dp1_dc0_ud1_nb2000	385	2	60e9a85e50134bc4
search_dp1_dc0_ud1_nb2000	386	123	0c44e682d3281f6d
search_dp1_dc0_ud1_nb2000	387	8	733e113fa41c4d5b
search_dp1_dc0_ud1_nb2000	388	64	afd9317a2211d0fa
search_dp1_dc0_ud1_nb2000	389	45	f439f643b5e85148
search_dp1_dc0_ud1_nb2000	390	7	1e514b22b438dfa3
search_dp1_dc0_ud1_nb2000	391	7	109224eb648dc612
search_dp1_dc0_ud1_nb2000	392	16	98dda3e153eadd6a
search_dp1_dc0_ud1_nb2000	393	7	0ab9a0f8602eac2c
search_dp1_dc0_ud1_nb2000	394	2	9e5b2dc50953735f
search_dp1_dc0_ud1_nb2000	395	4	6122c00846bbbbae
search_dp1_dc0_ud1_nb2000	396	18	331d40996af64802
search_dp1_dc0_ud1_nb2000	397	49	c0a03acee2fc370f
search_dp1_dc0_ud1_nb2000	398	144	3c7078f9bd1b86a3
search_dp1_dc0_ud1_nb2000	399	4	3f607be684c580de
search_dp0_dc1_ud0_nb0	0	2	fe3877f9123caf6f
search_dp0_dc1_ud0_nb0	1	25	f895dece7a772bab
search_dp0_dc1_ud0_nb0	2	187	e1e636e809124251
search_dp0_dc1_ud0_nb0	3	3	04752421978926ff
search_dp0_dc1_ud0_nb0	4	64	a0ded37644b9daae
search_dp0_dc1_ud0_nb0	5	5	0e2fd5c7671bbc23
search_dp0_dc1_ud0_nb0	6	67	87fd6e24b6374980
search_dp0_dc1_ud0_nb0	7	178	44ad4e3016bde842
search_dp0_dc1_ud0_nb0	8	164	95bdf46572e1fc90
search_dp0_dc1_ud0_nb0	9	67	58910236bc7536c5
search_dp0_dc1_ud0_nb0	10	65	8b6e672cdfeab96d
search_dp0_dc1_ud0_nb0	11	71	b7570bffe931508c
search_dp0_dc1_ud0_nb0	12	6	e25a0797ac94cbf4
search_dp0_dc1_ud0_nb0	13	2	4fa0cf4bc5d18d38
search_dp0_dc1_ud0_nb0	14	6	06cb917caa7530f2
search_dp0_dc1_ud0_nb0	15	5	d3d9c8acac5507f9
search_dp0_dc1_ud0_nb0	16	30	057308c2a23e7168
search_dp0_dc1_ud0_nb0	17	2	5420621e61e6b2de
search_dp0_dc1_ud0_nb0	18	5	3d71f266a2e565b8
search_dp0_dc1_ud0_nb0	19	3	5892385b1aec09f4
search_dp0_dc1_ud0_nb0	20	60	277585a41347671e
search_dp0_dc1_ud0_nb0	21	65	2f21c5dc5451c626
search_dp0_dc1_ud0_nb0	22	2	b2b47f5335448eeb
search_dp0_dc1_ud0_nb0	23	161	b59ee6ebb2af9714
search_dp0_dc1_ud0_nb0	24	2	4ee24f53fa50f5fb
search_dp0_dc1_ud0_nb0	25	2	210c11ef7723c39c
search_dp0_dc1_ud0_nb0	26	27	b54b18ad67c1e81f
search_dp0_dc1_ud0_nb0	27	2	7a76b7ba3a15016d
search_dp0_dc1_ud0_nb0	28	6	eb675bbe82f65a03
search_dp0_dc1_ud0_nb0	29	2	0d2b0764438b4218
search_dp0_dc1_ud0_nb0	30	5	69ec4105565c89a1
search_dp0_dc1_ud0_nb0	31	2	115a740f9cd9a619
search_dp0_dc1_ud0_nb0	32	161	ec68556c91a149f4
search_dp0_dc1_ud0_nb0	33	3	fb073d01787c3389
search_dp0_dc1_ud0_nb0	34	5	b5aca246e8c003fe
search_dp0_dc1_ud0_nb0	35	165	d504e632896dabaf
search_dp0_dc1_ud0_nb0	36	10	2be47a4d65d010cf
search_dp0_dc1_ud0_nb0	37	84	22222c50138a1086
search_dp0_dc1_ud0_nb0	38	22	72b27f15ef10a1bc
search_dp0_dc1_ud0_nb0	39	163	1c5c41a50e6969de
search_dp0_dc1_ud0_nb0	40	175	3b5d18d547e49958
search_dp0_dc1_ud0_nb0	41	31	df4e0d5888ada439
search_dp0_dc1_ud0_nb0	42	9	0a9712f00d2660bb
search_dp0_dc1_ud0_nb0	43	2	d62bc83a3fc4ad67
search_dp0_dc1_ud0_nb0	44	2	8946d53fe3b107ce
search_dp0_dc1_ud0_nb0	45	10	2c77cd1587197a55
search_dp0_dc1_ud0_nb0	46	24	f8be0763d51b363d
search_dp0_dc1_ud0_nb0	47	78	71e7ad512d3f77b1
search_dp0_dc1_ud0_nb0	48	10	08b4bf4392ca0976
search_dp0_dc1_ud0_nb0	49	6	2ce67d3a0a7e82bc
search_dp0_dc1_ud0_nb0	50	3	fd89f6049da2aafa
search_dp0_dc1_ud0_nb0	51	34	4cfcd83513322589
search_dp0_dc1_ud0_nb0	52	2	fd08e8dd823f631e
search_dp0_dc1_ud0_nb0	53	8	cf618e5da383bd99
search_dp0_dc1_ud0_nb0	54	4	90ac7107270a7322
search_dp0_dc1_ud0_nb0	55	68	e4b34d909d0b6820
search_dp0_dc1_ud0_nb0	56	10	425e69fb62177c9b
search_dp0_dc1_ud0_nb0	57	2	d8c21a02c79c5d2f
search_dp0_dc1_ud0_nb0	58	5	8f407593ca494b69
search_dp0_dc1_ud0_nb0	59	31	6a324e061f395be1
search_dp0_dc1_ud0_nb0	60	3	90e544c7aa820b5e
search_dp0_dc1_ud0_nb0	61	2	50c0e5e565e77d9f
search_dp0_dc1_ud0_nb0	62	3	490e58d435ecad3e
search_dp0_dc1_ud0_nb0	63	23	cf5ba468d7487799
search_dp0_dc1_ud0_nb0	64	65	acf80a78f014d082
search_dp0_dc1_ud0_nb0	65	6	18374a0373c87375
search_dp0_dc1_ud0_nb0	66	2	183418e639303309
search_dp0_dc1_ud0_nb0	67	9	837b9fd685ada532
search_dp0_dc1_ud0_nb0	68	8	8178a98c703434b1
search_dp0_dc1_ud0_nb0	69	69	7e226495a8f67df1
search_dp0_dc1_ud0_nb0	70	6	47d8eac138ef74d0
search_dp0_dc1_ud0_nb0	71	15	6b43b59646407b82
search_dp0_dc1_ud0_nb0	72	26	0b4575cf519ae041
search_dp0_dc1_ud0_nb0	73	63	2099472d287c32ac
search_dp0_dc1_ud0_nb0	74	3	1fa1bda149e03db8
search_dp0_dc1_ud0_nb0	75	3	27658063d81c7912
search_dp0_dc1_ud0_nb0	76	73	e1c9a68cdf444e06
search_dp0_dc1_ud0_nb0	77	2	72f99e536ffd074b
search_dp0_dc1_ud0_nb0	78	3	561e686feba94de6
search_dp0_dc1_ud0_nb0	79	13	aaa4bd3ecf8f5640
search_dp0_dc1_ud0_nb0	80	2	0fb37fca75143919
search_dp0_dc1_ud0_nb0	81	9	1639b51d3ae74059
search_dp0_dc1_ud0_nb0	82	170	0372ee1f4de5a270
search_dp0_dc1_ud0_nb0	83	6	f1015c348b042132
search_dp0_dc1_ud0_nb0	84	3	98be6817fedd840d
search_dp0_dc1_ud0_nb0	85	70	d33ad4a2dcbc0028
search_dp0_dc1_ud0_nb0	86	9	c218be81f282ceb9
search_dp0_dc1_ud0_nb0	87	26	95cf8628744bbb6c
search_dp0_dc1_ud0_nb0	88	29	1d70f1dea01861e0
search_dp0_dc1_ud0_nb0	89	170	2059a87c5ec5ec88
search_dp0_dc1_ud0_nb0	90	3	34f7b7a47589cbb8
search_dp0_dc1_ud0_nb0	91	172	4d36fa3152ac8f30
search_dp0_dc1_ud0_nb0	92	5	90c2225b0e0d3f2c
search_dp0_dc1_ud0_nb0	93	9	4f3ef11b2e70c9d3
search_dp0_dc1_ud0_nb0	94	6	98a1472c66a9b589
search_dp0_dc1_ud0_nb0	95	166	f9479ea39b7a5a8b
search_dp0_dc1_ud0_nb0	96	71	e0317a05214f3cad
search_dp0_dc1_ud0_nb0	97	6	d0f6ce909212a479
search_dp0_dc1_ud0_nb0	98	5	3e9a59cbbb2debe0
search_dp0_dc1_ud0_nb0	99	9	71b2b97da4b7f291
search_dp0_dc1_ud0_nb0	100	7	494ba0be47081fb9
search_dp0_dc1_ud0_nb0	101	2	3ff37d05d9e89fc7
search_dp0_dc1_ud0_nb0	102	66	ded7436ed15f2214
search_dp0_dc1_ud0_nb0	103	35	8fbe84249456b2c7
search_dp0_dc1_ud0_nb0	104	2	548f1ccaebf16d95
search_dp0_dc1_ud0_nb0	105	2	5e1645b8765c83f3
search_dp0_dc1_ud0_nb0	106	29	5e1d1398ba82fe2e
search_dp0_dc1_ud0_nb0	107	169	228917c07e9a6c89
search_dp0_dc1_ud0_nb0	108	64	01abf6d03125fb69
search_dp0_dc1_ud0_nb0	109	28	902cc647daecaf6d
search_dp0_dc1_ud0_nb0	110	6	eaa23448c06ebdc7
search_dp0_dc1_ud0_nb0	111	3	01911c6ee2172564
search_dp0_dc1_ud0_nb0	112	3	616126a74fbcf785
search_dp0_dc1_ud0_nb0	113	2	60b1555914b64347
search_dp0_dc1_ud0_nb0	114	154	465dfb6ae52e7e52
search_dp0_dc1_ud0_nb0	115	3	de6fd2bd545408c7
search_dp0_dc1_ud0_nb0	116	3	188df6e0b9010d74
search_dp0_dc1_ud0_nb0	117	170	28a9d75aeda566be
search_dp0_dc1_ud0_nb0	118	176	5bc74c72531f30a0
search_dp0_dc1_ud0_nb0	119	2	fa3b1b21769c99bc
search_dp0_dc1_ud0_nb0	120	160	55d132ca1a02149c
search_dp0_dc1_ud0_nb0	121	78	e42250cb782cc597
search_dp0_dc1_ud0_nb0	122	182	a66ab7a101769c12
search_dp0_dc1_ud0_nb0	123	2	737f3e1167508935
search_dp0_dc1_ud0_nb0	124	65	cfdd1ac6fe10bf1a
search_dp0_dc1_ud0_nb0	125	6	ee02dd66d95d2d06
search_dp0_dc1_ud0_nb0	126	10	55bd907aef5e856d
search_dp0_dc1_ud0_nb0	127	2	814dccc6d2006e69
search_dp0_dc1_ud0_nb0	128	29	0980d24a38b38086
search_dp0_dc1_ud0_nb0	129	70	44e11d55b79541df
search_dp0_dc1_ud0_nb0	130	2	af2325e713679114
search_dp0_dc1_ud0_nb0	131	164	2bb2a268bb2a6da5
search_dp0_dc1_ud0_nb0	132	168	1bb7f0664b3c4ee6
search_dp0_dc1_ud0_nb0	133	2	80af669c13559a46
search_dp0_dc1_ud0_nb0	134	10	97ceea39277c0000
search_dp0_dc1_ud0_nb0	135	2	785032ef26619839
search_dp0_dc1_ud0_nb0	136	2	cff4c6b51ab8d1e1
search_dp0_dc1_ud0_nb0	137	3	1dc709adf506815a
search_dp0_dc1_ud0_nb0	138	168	15a702687c718edb
search_dp0_dc1_ud0_nb0	139	166	22263c1f7e415e3e
search_dp0_dc1_ud0_nb0	140	5	d0eb69f59bc41631
search_dp0_dc1_ud0_nb0	141	8	652decbde067615b
search_dp0_dc1_ud0_nb0	142	9	73cf93aa8b725dec
search_dp0_dc1_ud0_nb0	143	2	6ff6b8bc6619ae66
search_dp0_dc1_ud0_nb0	144	11	babb20bbf1cf9fac
search_dp0_dc1_ud0_nb0	145	61	74b1cf40358c969b
search_dp0_dc1_ud0_nb0	146	70	7c27f0ef3725dcf9
search_dp0_dc1_ud0_nb0	147	18	212fe03f188d4dff
search_dp0_dc1_ud0_nb0	148	24	373426e7392d3028
search_dp0_dc1_ud0_nb0	149	2	0e7a7d4215ecf15a
search_dp0_dc1_ud0_nb0	150	5	43684eed2bcb39aa
search_dp0_dc1_ud0_nb0	151	7	8c24f002cdd8b0bc
search_dp0_dc1_ud0_nb0	152	75	c587111175744038
search_dp0_dc1_ud0_nb0	153	176	374d87e165ca7aeb
search_dp0_dc1_ud0_nb0	154	2	60a2b5c9c2e0e62a
search_dp0_dc1_ud0_nb0	155	65	acaddb21036137d8
search_dp0_dc1_ud0_nb0	156	25	d9c1718dc745ed80
search_dp0_dc1_ud0_nb0	157	3	6a36bc7972855e92
search_dp0_dc1_ud0_nb0	158	5	8ce90f0f7bf36777
search_dp0_dc1_ud0_nb0	159	64	aa1f12676daabb7f
search_dp0_dc1_ud0_nb0	160	11	eb1e8546f2633505
search_dp0_dc1_ud0_nb0	161	2	a1619a4837419d10
search_dp0_dc1_ud0_nb0	162	164	c01fa3c5df35b292
search_dp0_dc1_ud0_nb0	163	9	d9a987cafc69b052
search_dp0_dc1_ud0_nb0	164	2	e08c08885d04564b
search_dp0_dc1_ud0_nb0	165	3	5c538693c1431f4b
search_dp0_dc1_ud0_nb0	166	182	a9840aea52e6ffd5
search_dp0_dc1_ud0_nb0	167	70	ca5fe26f6cc6cde0
search_dp0_dc1_ud0_nb0	168	2	7f186e27c595ab14
search_dp0_dc1_ud0_nb0	169	11	a2e05d8dfbe435b9
search_dp0_dc1_ud0_nb0	170	2	9a10e7aed7584972
search_dp0_dc1_ud0_nb0	171	62	015e89e1388c8f74
search_dp0_dc1_ud0_nb0	172	6	27e5f69c88e26f40
search_dp0_dc1_ud0_nb0	173	8	c803a1bbd5e5d047
search_dp0_dc1_ud0_nb0	174	28	c5e9a1dd9462f745
search_dp0_dc1_ud0_nb0	175	2	72c15ba8f0c9d153
search_dp0_dc1_ud0_nb0	176	174	2599831b72420823
search_dp0_dc1_ud0_nb0	177	3	c218bc9ef317b912
search_dp0_dc1_ud0_nb0	178	2	edb8b080a73ec176
search_dp0_dc1_ud0_nb0	179	56	e80ac5b795d2df00
search_dp0_dc1_ud0_nb0	180	166	2cbf333d130d7845
search_dp0_dc1_ud0_nb0	181	70	e7d0816c661b397a
search_dp0_dc1_ud0_nb0	182	6	b5bec723cdeb5f21
search_dp0_dc1_ud0_nb0	183	2	f715da348003fd36
search_dp0_dc1_ud0_nb0	184	10	17684c733aeb906a
search_dp0_dc1_ud0_nb0	185	161	3b2356e55e2af2e2
search_dp0_dc1_ud0_nb0	186	2	f4c5fe0c958f3e6d
search_dp0_dc1_ud0_nb0	187	65	6ce18b96796790e0
search_dp0_dc1_ud0_nb0	188	6	095e851ce7fee1b7
search_dp0_dc1_ud0_nb0	189	3	4275562cef33e65f
search_dp0_dc1_ud0_nb0	190	3	01ea72aab73b6f2d
search_dp0_dc1_ud0_nb0	191	176	ea84d17e08417dd6
search_dp0_dc1_ud0_nb0	192	5	ae1a712b3ffd0260
search_dp0_dc1_ud0_nb0	193	3	9d88783521a38ff1
search_dp0_dc1_ud0_nb0	194	65	14102a9db5a8d97a
search_dp0_dc1_ud0_nb0	195	60	34197bff4cf93940
search_dp0_dc1_ud0_nb0	196	173	b45b9f8fa6fd3fc9
search_dp0_dc1_ud0_nb0	197	11	2547b6a490f3ba28
search_dp0_dc1_ud0_nb0	198	2	9ae12495235be9b1
search_dp0_dc1_ud0_nb0	199	11	53a982c28c73c81c
search_dp0_dc1_ud0_nb0	200	74	3751fd202ad599d5
search_dp0_dc1_ud0_nb0	201	6	6af7fbc304f8b8b5
search_dp0_dc1_ud0_nb0	202	3	9867b26f89bd75b4
search_dp0_dc1_ud0_nb0	203	26	d950d6b3b4253622
search_dp0_dc1_ud0_nb0	204	64	29a93001cd98e94e
search_dp0_dc1_ud0_nb0	205	10	b10739592a1334cc
search_dp0_dc1_ud0_nb0	206	182	80d539fd29acb3a1
search_dp0_dc1_ud0_nb0	207	79	c845dbea94da2def
search_dp0_dc1_ud0_nb0	208	61	07499f6d74792b94
search_dp0_dc1_ud0_nb0	209	2	7e406aca15207b29
search_dp0_dc1_ud0_nb0	210	3	27aa91d89ced92ad
search_dp0_dc1_ud0_nb0	211	11	61885b35806c0d03
search_dp0_dc1_ud0_nb0	212	10	444c139ff47cb46c
search_dp0_dc1_ud0_nb0	213	3	edd5359814ad33df
search_dp0_dc1_ud0_nb0	214	23	f013cdc15f99bca8
search_dp0_dc1_ud0_nb0	215	5	74ba7792595c3310
search_dp0_dc1_ud0_nb0	216	71	3fd52bd1a3fd2ae1
search_dp0_dc1_ud0_nb0	217	7	0b07839a407a37a5
search_dp0_dc1_ud0_nb0	218	8	87fc2988054c7275
search_dp0_dc1_ud0_nb0	219	5	afc62d7020f46179
search_dp0_dc1_ud0_nb0	220	25	80c6e3456046a750
search_dp0_dc1_ud0_nb0	221	8	1e66083965185e02
search_dp0_dc1_ud0_nb0	222	2	155847d504fd75bd
search_dp0_dc1_ud0_nb0	223	3	dfc8d2c7aa545cda
search_dp0_dc1_ud0_nb0	224	5	5c4804092e86054c
search_dp0_dc1_ud0_nb0	225	2	2832a96cf84da5d8
search_dp0_dc1_ud0_nb0	226	181	97de48d6b6ebb0a4
search_dp0_dc1_ud0_nb0	227	2	bfb74ba3b9454e97
search_dp0_dc1_ud0_nb0	228	30	125c4641d1faaca2
search_dp0_dc1_ud0_nb0	229	4	00a3f85f65b1531d
search_dp0_dc1_ud0_nb0	230	57	720545bc3e020f64
search_dp0_dc1_ud0_nb0	231	6	b327776c5662a820
search_dp0_dc1_ud0_nb0	232	3	5612032716e11f80
search_dp0_dc1_ud0_nb0	233	29	4002ea50291af003
search_dp0_dc1_ud0_nb0	234	3	93f59ad12e846f0f
search_dp0_dc1_ud0_nb0	235	63	0e29b17295dd979d
search_dp0_dc1_ud0_nb0	236	2	d481bfb675d614dd
search_dp0_dc1_ud0_nb0	237	5	5be87911c804685c
search_dp0_dc1_ud0_nb0	238	30	a40641c9a1660f3d
search_dp0_dc1_ud0_nb0	239	2	4b70e50b8edc6292
search_dp0_dc1_ud0_nb0	240	6	b9b7ef9ad45d886d
search_dp0_dc1_ud0_nb0	241	3	b2635722d8d798e2
search_dp0_dc1_ud0_nb0	242	5	dcae176c8012b891
search_dp0_dc1_ud0_nb0	243	30	c423225441c258a2
search_dp0_dc1_ud0_nb0	244	3	ec05ce6608dc3176
search_dp0_dc1_ud0_nb0	245	26	bee196c220463511
search_dp0_dc1_ud0_nb0	246	175	9c9f0e70857a72e6
search_dp0_dc1_ud0_nb0	247	3	e0853c840dd1fdaf
search_dp0_dc1_ud0_nb0	248	67	593321edf0fe32fb
search_dp0_dc1_ud0_nb0	249	173	2ec7f43f671c5ee8
search_dp0_dc1_ud0_nb0	250	71	5301f31f05cb8abc
search_dp0_dc1_ud0_nb0	251	68	0c768002d82de105
search_dp0_dc1_ud0_nb0	252	9	9573efbba0b7e035
search_dp0_dc1_ud0_nb0	253	5	68447a6baef27bb5
search_dp0_dc1_ud0_nb0	254	7	23796885d75abc94
search_dp0_dc1_ud0_nb0	255	66	49e1c51a7f8d12e3
search_dp0_dc1_ud0_nb0	256	2	551a63c2d76181f6
search_dp0_dc1_ud0_nb0	257	11	7be012cedd4a7b9e
search_dp0_dc1_ud0_nb0	258	77	29aaa7076129a14f
search_dp0_dc1_ud0_nb0	259	27	f63d593afb2116a0
search_dp0_dc1_ud0_nb0	260	2	adbb7c7175eb6e52
search_dp0_dc1_ud0_nb0	261	2	f76307a603dd2a5d
search_dp0_dc1_ud0_nb0	262	8	ceeeaef1658e9e6e
search_dp0_dc1_ud0_nb0	263	4	26ad5b1db2402826
search_dp0_dc1_ud0_nb0	264	32	a00361935261b366
search_dp0_dc1_ud0_nb0	265	3	9f8d916961924fb4
search_dp0_dc1_ud0_nb0	266	5	1b0ff3783fc45349
search_dp0_dc1_ud0_nb0	267	3	318574d728fb4773
search_dp0_dc1_ud0_nb0	268	2	8d2a9efba4c33051
search_dp0_dc1_ud0_nb0	269	66	9b7abd4fd4120ff3
search_dp0_dc1_ud0_nb0	270	28	bd6825e43716288f
search_dp0_dc1_ud0_nb0	271	162	f7abda6b3fc20597
search_dp0_dc1_ud0_nb0	272	69	55c12a4e4a22f2a0
search_dp0_dc1_ud0_nb0	273	2	6f51285605f5b665
search_dp0_dc1_ud0_nb0	274	31	f5015ad63afb8a25
search_dp0_dc1_ud0_nb0	275	3	33846b194a9c5819
search_dp0_dc1_ud0_nb0	276	169	b1d7aca20d0406fa
search_dp0_dc1_ud0_nb0	277	9	3eb17629cd58a40a
search_dp0_dc1_ud0_nb0	278	169	b0977d3904009c8c
search_dp0_dc1_ud0_nb0	279	29	420c26c233a40541
search_dp0_dc1_ud0_nb0	280	3	20205e6f2da9609c
search_dp0_dc1_ud0_nb0	281	3	62652c0a1c0a640d
search_dp0_dc1_ud0_nb0	282	2	9a10022c0daaddb3
search_dp0_dc1_ud0_nb0	283	30	5ae746c235dc4ab8
search_dp0_dc1_ud0_nb0	284	6	1517db2fd2f8a36a
search_dp0_dc1_ud0_nb0	285	15	c5e1c9d0dc12576e
search_dp0_dc1_ud0_nb0	286	11	50cc5c7186fe2f57
search_dp0_dc1_ud0_nb0	287	177	8bd0bd3e21bef570
search_dp0_dc1_ud0_nb0	288	5	5908aefedc42ad88
search_dp0_dc1_ud0_nb0	289	3	74c1046dd66082f6
search_dp0_dc1_ud0_nb0	290	2	0f3051d3fcbf1a41
search_dp0_dc1_ud0_nb0	291	173	f383970d60dbbf00
search_dp0_dc1_ud0_nb0	292	3	97def42dec590a3f
search_dp0_dc1_ud0_nb0	293	157	a24c75d7c4941d80
search_dp0_dc1_ud0_nb0	294	70	b2000a282ac83bbe
search_dp0_dc1_ud0_nb0	295	2	11246c95048adcd5
search_dp0_dc1_ud0_nb0	296	163	daf258014d3c7d07
search_dp0_dc1_ud0_nb0	297	175	7cf712124ea8aa93
search_dp0_dc1_ud0_nb0	298	2	b4231c8b8bf14136
search_dp0_dc1_ud0_nb0	299	3	17a5652bcb2e5c79
search_dp0_dc1_ud0_nb0	300	6	b93a6252f4092a05
search_dp0_dc1_ud0_nb0	301	65	80d20f9c7705a0e5
search_dp0_dc1_ud0_nb0	302	9	df2ddd6318193891
search_dp0_dc1_ud0_nb0	303	6	adb56fe1642e028b
search_dp0_dc1_ud0_nb0	304	9	883b2d869787b773
search_dp0_dc1_ud0_nb0	305	30	dab15ecc1a29c8d3
search_dp0_dc1_ud0_nb0	306	9	55d08a9e81a57ceb
search_dp0_dc1_ud0_nb0	307	25	94bd6da21cc572d5
search_dp0_dc1_ud0_nb0	308	162	cdb2e0cdbe04d635
search_dp0_dc1_ud0_nb0	309	2	49f285d1dbd9cded
search_dp0_dc1_ud0_nb0	310	3	a19a9ddc616bc40b
search_dp0_dc1_ud0_nb0	311	5	8d7b925db37adbff
search_dp0_dc1_ud0_nb0	312	66	2cd4dcce32dbbfd2
search_dp0_dc1_ud0_nb0	313	66	96a7ca79bde2ff95
search_dp0_dc1_ud0_nb0	314	67	b3cd9fb3f0543885
search_dp0_dc1_ud0_nb0	315	2	93bc5a015f549470
search_dp0_dc1_ud0_nb0	316	173	1ec4e138f77854dd
search_dp0_dc1_ud0_nb0	317	6	be9404b2857e93a4
search_dp0_dc1_ud0_nb0	318	3	0be369303603bc54
search_dp0_dc1_ud0_nb0	319	165	3589af0dd08bb9c0
search_dp0_dc1_ud0_nb0	320	29	29b81cd7ce3bfc84
search_dp0_dc1_ud0_nb0	321	26	fe83fa67fbcd7ca0
search_dp0_dc1_ud0_nb0	322	72	30e97fba9173bd34
search_dp0_dc1_ud0_nb0	323	29	3de6213ddf599179
search_dp0_dc1_ud0_nb0	324	32	c3010e7ae0cb735f
search_dp0_dc1_ud0_nb0	325	9	1ead67206d92303e
search_dp0_dc1_ud0_nb0	326	62	c9b5493d8261e74a
search_dp0_dc1_ud0_nb0	327	3	d1fb661b574d678c
search_dp0_dc1_ud0_nb0	328	9	b46f8687da127df1
search_dp0_dc1_ud0_nb0	329	3	f08796570f531be3
search_dp0_dc1_ud0_nb0	330	73	40ceda49227a1090
search_dp0_dc1_ud0_nb0	331	2	e21106527266f843
search_dp0_dc1_ud0_nb0	332	69	05ab259394bc7fd7
search_dp0_dc1_ud0_nb0	333	69	afb16990cdd3c976
search_dp0_dc1_ud0_nb0	334	161	af013fe356cd951b
search_dp0_dc1_ud0_nb0	335	24	7c564eaa0bbae553
search_dp0_dc1_ud0_nb0	336	64	2303bb364fcb0601
search_dp0_dc1_ud0_nb0	337	11	d6a86da1f58bf20f
search_dp0_dc1_ud0_nb0	338	72	77228adad3d0a208
search_dp0_dc1_ud0_nb0	339	77	4ea6dd9aa4c001fc
search_dp0_dc1_ud0_nb0	340	30	637e0e7c708f22e8
search_dp0_dc1_ud0_nb0	341	3	6dc1fa2d9a40944f
search_dp0_dc1_ud0_nb0	342	30	9e0c7e8cf32545f0
search_dp0_dc1_ud0_nb0	343	187	f211a07b97bf483e
search_dp0_dc1_ud0_nb0	344	8	471a20c75631bc5b
search_dp0_dc1_ud0_nb0	345	27	b8f4d8ac214ec105
search_dp0_dc1_ud0_nb0	346	67	5ad960fdfca2adb7
search_dp0_dc1_ud0_nb0	347	3	210ba93123af0172
search_dp0_dc1_ud0_nb0	348	6	7338d3ddd2815dc0
search_dp0_dc1_ud0_nb0	349	26	d6cdcd67aa59aa20
search_dp0_dc1_ud0_nb0	350	10	41eb0cc2c5f497f0
search_dp0_dc1_ud0_nb0	351	6	8f1fbe3d0f72da7e
search_dp0_dc1_ud0_nb0	352	2	ce1ab59737c30339
search_dp0_dc1_ud0_nb0	353	28	bde3abe13e6d6d36
search_dp0_dc1_ud0_nb0	354	3	dca680b22649204f
search_dp0_dc1_ud0_nb0	355	3	a581d4f3412436ff
search_dp0_dc1_ud0_nb0	356	2	b36dc3cace10b5a9
search_dp0_dc1_ud0_nb0	357	23	928c491fc89a2a8c
search_dp0_dc1_ud0_nb0	358	2	f9fa6bf430f95da3
search_dp0_dc1_ud0_nb0	359	2	2528591461d93ca8
search_dp0_dc1_ud0_nb0	360	9	b047d46e7267783a
search_dp0_dc1_ud0_nb0	361	3	189a983f4ca98b7c
search_dp0_dc1_ud0_nb0	362	73	831d915c30d89d79
search_dp0_dc1_ud0_nb0	363	156	4016852ff58e4744
search_dp0_dc1_ud0_nb0	364	10	26e247b908cf5f37
search_dp0_dc1_ud0_nb0	365	2	0acbb33a757090a6
search_dp0_dc1_ud0_nb0	366	2	198c1f0846c5965f
search_dp0_dc1_ud0_nb0	367	11	89e0706fc7636119
search_dp0_dc1_ud0_nb0	368	2	13f24330619548ba
search_dp0_dc1_ud0_nb0	369	26	b521feb873a5332d
search_dp0_dc1_ud0_nb0	370	6	c2b6a6d77ac0c54c
search_dp0_dc1_ud0_nb0	371	2	4cd07f8f33b23519
search_dp0_dc1_ud0_nb0	372	4	aa2df6b92da370e0
search_dp0_dc1_ud0_nb0	373	5	c45f4864686173b7
search_dp0_dc1_ud0_nb0	374	70	6becfbe72885ddd5
search_dp0_dc1_ud0_nb0	375	62	32a1541807fdc7ae
search_dp0_dc1_ud0_nb0	376	10	c1b63108770f5738
search_dp0_dc1_ud0_nb0	377	2	c417926d6aea0d9a
search_dp0_dc1_ud0_nb0	378	5	4037e9b3fa834bdd
search_dp0_dc1_ud0_nb0	379	11	8f28dcf2885617d0
search_dp0_dc1_ud0_nb0	380	72	42608b4579f9b42b
search_dp0_dc1_ud0_nb0	381	5	4d17118066878656
search_dp0_dc1_ud0_nb0	382	2	ee235b847f480214
search_dp0_dc1_ud0_nb0	383	3	ad5d12d2c70ba4e4
search_dp0_dc1_ud0_nb0	384	2	17487eeaec684a5e
search_dp0_dc1_ud0_nb0	385	2	60e9a85e50134bc4
search_dp0_dc1_ud0_nb0	386	170	522a0b282da8fca5
search_dp0_dc1_ud0_nb0	387	10	ea1f642c9ded811c
search_dp0_dc1_ud0_nb0	388	74	55b07353fca1271b
search_dp0_dc1_ud0_nb0	389	57	a25f8f84c5a0b014
search_dp0_dc1_ud0_nb0	390	10	d4a60f09b649bf3b
search_dp0_dc1_ud0_nb0	391	10	28af2cef007ba47a
search_dp0_dc1_ud0_nb0	392	23	3c8f3e817b9c13a5
search_dp0_dc1_ud0_nb0	393	7	0ab9a0f8602eac2c
search_dp0_dc1_ud0_nb0	394	2	9e5b2dc50953735f
search_dp0_dc1_ud0_nb0	395	8	1d0cbac2855de629
search_dp0_dc1_ud0_nb0	396	25	0c090e08f9ff7667
search_dp0_dc1_ud0_nb0	397	70	29a19dec680f8796
search_dp0_dc1_ud0_nb0	398	181	091afda71e5ed182
search_dp0_dc1_ud0_nb0	399	5	db822238ba345a03
search_dp0_dc1_ud0_nb2000	0	2	fe3877f9123caf6f
search_dp0_dc1_ud0_nb2000	1	25	f895dece7a772bab
search_dp0_dc1_ud0_nb2000	2	188	638007bc1f92d29d
search_dp0_dc1_ud0_nb2000	3	3	04752421978926ff
search_dp0_dc1_ud0_nb2000	4	64	4bc630a693979da6
search_dp0_dc1_ud0_nb2000	5	5	0e2fd5c7671bbc23
search_dp0_dc1_ud0_nb2000	6	67	87fd6e24b6374980
search_dp0_dc1_ud0_nb2000	7	184	56d41165dd78bd88
search_dp0_dc1_ud0_nb2000	8	164	95bdf46572e1fc90
search_dp0_dc1_ud0_nb2000	9	67	58910236bc7536c5
search_dp0_dc1_ud0_nb2000	10	67	a83ca090a5765221
search_dp0_dc1_ud0_nb2000	11	71	b7570bffe931508c
search_dp0_dc1_ud0_nb2000	12	6	e25a0797ac94cbf4
search_dp0_dc1_ud0_nb2000	13	2	4fa0cf4bc5d18d38
search_dp0_dc1_ud0_nb2000	14	6	06cb917caa7530f2
search_dp0_dc1_ud0_nb2000	15	5	d3d9c8acac5507f9
search_dp0_dc1_ud0_nb2000	16	33	e598c18276700e18
search_dp0_dc1_ud0_nb2000	17	2	5420621e61e6b2de
search_dp0_dc1_ud0_nb2000	18	5	3d71f266a2e565b8
search_dp0_dc1_ud0_nb2000	19	3	5892385b1aec09f4
search_dp0_dc1_ud0_nb2000	20	60	277585a41347671e
search_dp0_dc1_ud0_nb2000	21	66	515c7d215913ed68
search_dp0_dc1_ud0_nb2000	22	2	b2b47f5335448eeb
search_dp0_dc1_ud0_nb2000	23	162	b947b74d855df208
search_dp0_dc1_ud0_nb2000	24	2	4ee24f53fa50f5fb
search_dp0_dc1_ud0_nb2000	25	2	210c11ef7723c39c
search_dp0_dc1_ud0_nb2000	26	27	b54b18ad67c1e81f
search_dp0_dc1_ud0_nb2000	27	2	7a76b7ba3a15016d
search_dp0_dc1_ud0_nb2000	28	6	eb675bbe82f65a03
search_dp0_dc1_ud0_nb2000	29	2	0d2b0764438b4218
search_dp0_dc1_ud0_nb2000	30	5	69ec4105565c89a1
search_dp0_dc1_ud0_nb2000	31	2	115a740f9cd9a619
search_dp0_dc1_ud0_nb2000	32	161	ec68556c91a149f4
search_dp0_dc1_ud0_nb2000	33	3	fb073d01787c3389
search_dp0_dc1_ud0_nb2000	34	5	b5aca246e8c003fe
search_dp0_dc1_ud0_nb2000	35	165	d504e632896dabaf
search_dp0_dc1_ud0_nb2000	36	10	2be47a4d65d010cf
search_dp0_dc1_ud0_nb2000	37	84	22222c50138a1086
search_dp0_dc1_ud0_nb2000	38	22	72b27f15ef10a1bc
search_dp0_dc1_ud0_nb2000	39	165	c8c53dddcff93352
search_dp0_dc1_ud0_nb2000	40	175	3b5d18d547e49958
search_dp0_dc1_ud0_nb2000	41	31	df4e0d5888ada439
search_dp0_dc1_ud0_nb2000	42	9	0a9712f00d2660bb
search_dp0_dc1_ud0_nb2000	43	2	d62bc83a3fc4ad67
search_dp0_dc1_ud0_nb2000	44	2	8946d53fe3b107ce
search_dp0_dc1_ud0_nb2000	45	10	2c77cd1587197a55
search_dp0_dc1_ud0_nb2000	46	24	f8be0763d51b363d
search_dp0_dc1_ud0_nb2000	47	79	bd0b2784d9b45f7e
search_dp0_dc1_ud0_nb2000	48	10	08b4bf4392ca0976
search_dp0_dc1_ud0_nb2000	49	6	2ce67d3a0a7e82bc
search_dp0_dc1_ud0_nb2000	50	3	fd89f6049da2aafa
search_dp0_dc1_ud0_nb2000	51	34	4cfcd83513322589
search_dp0_dc1_ud0_nb2000	52	2	fd08e8dd823f631e
search_dp0_dc1_ud0_nb2000	53	8	cf618e5da383bd99
search_dp0_dc1_ud0_nb2000	54	4	90ac7107270a7322
search_dp0_dc1_ud0_nb2000	55	68	e4b34d909d0b6820
search_dp0_dc1_ud0_nb2000	56	10	425e69fb62177c9b
search_dp0_dc1_ud0_nb2000	57	2	d8c21a02c79c5d2f
search_dp0_dc1_ud0_nb2000	58	5	8f407593ca494b69
search_dp0_dc1_ud0_nb2000	59	32	3d847320bddff8d6
search_dp0_dc1_ud0_nb2000	60	3	90e544c7aa820b5e
search_dp0_dc1_ud0_nb2000	61	2	50c0e5e565e77d9f
search_dp0_dc1_ud0_nb2000	62	3	490e58d435ecad3e
search_dp0_dc1_ud0_nb2000	63	23	cf5ba468d7487799
search_dp0_dc1_ud0_nb2000	64	65	acf80a78f014d082
search_dp0_dc1_ud0_nb2000	65	6	18374a0373c87375
search_dp0_dc1_ud0_nb2000	66	2	183418e639303309
search_dp0_dc1_ud0_nb2000	67	9	837b9fd685ada532
search_dp0_dc1_ud0_nb2000	68	8	8178a98c703434b1
search_dp0_dc1_ud0_nb2000	69	72	bd8a463e88440846
search_dp0_dc1_ud0_nb2000	70	7	0167c411519f02aa
search_dp0_dc1_ud0_nb2000	71	15	6b43b59646407b82
search_dp0_dc1_ud0_nb2000	72	26	0b4575cf519ae041
search_dp0_dc1_ud0_nb2000	73	63	2099472d287c32ac
search_dp0_dc1_ud0_nb2000	74	3	1fa1bda149e03db8
search_dp0_dc1_ud0_nb2000	75	3	27658063d81c7912
search_dp0_dc1_ud0_nb2000	76	74	6714cf2fa725503f
search_dp0_dc1_ud0_nb2000	77	2	72f99e536ffd074b
search_dp0_dc1_ud0_nb2000	78	3	561e686feba94de6
search_dp0_dc1_ud0_nb2000	79	13	aaa4bd3ecf8f5640
search_dp0_dc1_ud0_nb2000	80	2	0fb37fca75143919
search_dp0_dc1_ud0_nb2000	81	9	1639b51d3ae74059
search_dp0_dc1_ud0_nb2000	82	172	33e2c4a144a8d179
search_dp0_dc1_ud0_nb2000	83	6	f1015c348b042132
search_dp0_dc1_ud0_nb2000	84	3	98be6817fedd840d
search_dp0_dc1_ud0_nb2000	85	70	d33ad4a2dcbc0028
search_dp0_dc1_ud0_nb2000	86	9	c218be81f282ceb9
search_dp0_dc1_ud0_nb2000	87	27	ee9af977ad770a0f
search_dp0_dc1_ud0_nb2000	88	29	1d70f1dea01861e0
search_dp0_dc1_ud0_nb2000	89	171	c3de26540644d3d5
search_dp0_dc1_ud0_nb2000	90	3	34f7b7a47589cbb8
search_dp0_dc1_ud0_nb2000	91	174	075fdb5e93b90113
search_dp0_dc1_ud0_nb2000	92	5	90c2225b0e0d3f2c
search_dp0_dc1_ud0_nb2000	93	9	4f3ef11b2e70c9d3
search_dp0_dc1_ud0_nb2000	94	6	98a1472c66a9b589
search_dp0_dc1_ud0_nb2000	95	168	8575a88f6a48bbcb
search_dp0_dc1_ud0_nb2000	96	71	e0317a05214f3cad
search_dp0_dc1_ud0_nb2000	97	6	d0f6ce909212a479
search_dp0_dc1_ud0_nb2000	98	5	3e9a59cbbb2debe0
search_dp0_dc1_ud0_nb2000	99	9	71b2b97da4b7f291
search_dp0_dc1_ud0_nb2000	100	7	494ba0be47081fb9
search_dp0_dc1_ud0_nb2000	101	2	3ff37d05d9e89fc7
search_dp0_dc1_ud0_nb2000	102	67	6bfb4079f5269693
search_dp0_dc1_ud0_nb2000	103	36	1d9aa7a770417de0
search_dp0_dc1_ud0_nb2000	104	2	548f1ccaebf16d95
search_dp0_dc1_ud0_nb2000	105	2	5e1645b8765c83f3
search_dp0_dc1_ud0_nb2000	106	29	5e1d1398ba82fe2e
search_dp0_dc1_ud0_nb2000	107	170	df376e552982cd59
search_dp0_dc1_ud0_nb2000	108	64	01abf6d03125fb69
search_dp0_dc1_ud0_nb2000	109	29	6ae86bf98d0bb1a2
search_dp0_dc1_ud0_nb2000	110	6	eaa23448c06ebdc7
search_dp0_dc1_ud0_nb2000	111	3	01911c6ee2172564
search_dp0_dc1_ud0_nb2000	112	3	616126a74fbcf785
search_dp0_dc1_ud0_nb2000	113	2	60b1555914b64347
search_dp0_dc1_ud0_nb2000	114	154	465dfb6ae52e7e52
search_dp0_dc1_ud0_nb2000	115	3	de6fd2bd545408c7
search_dp0_dc1_ud0_nb2000	116	3	188df6e0b9010d74
search_dp0_dc1_ud0_nb2000	117	172	1683e91a1675538a
search_dp0_dc1_ud0_nb2000	118	179	27eeb5cc16bb2afb
search_dp0_dc1_ud0_nb2000	119	2	fa3b1b21769c99bc
search_dp0_dc1_ud0_nb2000	120	160	55d132ca1a02149c
search_dp0_dc1_ud0_nb2000	121	78	e42250cb782cc597
search_dp0_dc1_ud0_nb2000	122	186	ab92fba969fde29d
search_dp0_dc1_ud0_nb2000	123	2	737f3e1167508935
search_dp0_dc1_ud0_nb2000	124	65	cfdd1ac6fe10bf1a
search_dp0_dc1_ud0_nb2000	125	6	ee02dd66d95d2d06
search_dp0_dc1_ud0_nb2000	126	10	55bd907aef5e856d
search_dp0_dc1_ud0_nb2000	127	2	814dccc6d2006e69
search_dp0_dc1_ud0_nb2000	128	29	0980d24a38b38086
search_dp0_dc1_ud0_nb2000	129	70	44e11d55b79541df
search_dp0_dc1_ud0_nb2000	130	2	af2325e713679114
search_dp0_dc1_ud0_nb2000	131	164	2bb2a268bb2a6da5
search_dp0_dc1_ud0_nb2000	132	171	81aa9d53691a72e0
search_dp0_dc1_ud0_nb2000	133	2	80af669c13559a46
search_dp0_dc1_ud0_nb2000	134	10	97ceea39277c0000
search_dp0_dc1_ud0_nb2000	135	2	785032ef26619839
search_dp0_dc1_ud0_nb2000	136	2	cff4c6b51ab8d1e1
search_dp0_dc1_ud0_nb2000	137	3	1dc709adf506815a
search_dp0_dc1_ud0_nb2000	138	168	15a702687c718edb
search_dp0_dc1_ud0_nb2000	139	170	94fcbaa60c1c1297
search_dp0_dc1_ud0_nb2000	140	5	d0eb69f59bc41631
search_dp0_dc1_ud0_nb2000	141	8	652decbde067615b
search_dp0_dc1_ud0_nb2000	142	9	73cf93aa8b725dec
search_dp0_dc1_ud0_nb2000	143	2	6ff6b8bc6619ae66
search_dp0_dc1_ud0_nb2000	144	12	f0af45fc4401cb91
search_dp0_dc1_ud0_nb2000	145	61	74b1cf40358c969b
search_dp0_dc1_ud0_nb2000	146	70	7c27f0ef3725dcf9
search_dp0_dc1_ud0_nb2000	147	18	212fe03f188d4dff
search_dp0_dc1_ud0_nb2000	148	24	373426e7392d3028
search_dp0_dc1_ud0_nb2000	149	2	0e7a7d4215ecf15a
search_dp0_dc1_ud0_nb2000	150	5	43684eed2bcb39aa
search_dp0_dc1_ud0_nb2000	151	7	8c24f002cdd8b0bc
search_dp0_dc1_ud0_nb2000	152	76	902c2f8e54a0924f
search_dp0_dc1_ud0_nb2000	153	176	374d87e165ca7aeb
search_dp0_dc1_ud0_nb2000	154	2	60a2b5c9c2e0e62a
search_dp0_dc1_ud0_nb2000	155	65	acaddb21036137d8
search_dp0_dc1_ud0_nb2000	156	25	d9c1718dc745ed80
search_dp0_dc1_ud0_nb2000	157	3	6a36bc7972855e92
search_dp0_dc1_ud0_nb2000	158	5	8ce90f0f7bf36777
search_dp0_dc1_ud0_nb2000	159	64	aa1f12676daabb7f
search_dp0_dc1_ud0_nb2000	160	11	eb1e8546f2633505
search_dp0_dc1_ud0_nb2000	161	2	a1619a4837419d10
search_dp0_dc1_ud0_nb2000	162	167	769e6163b8703375
search_dp0_dc1_ud0_nb2000	163	9	d9a987cafc69b052
search_dp0_dc1_ud0_nb2000	164	2	e08c08885d04564b
search_dp0_dc1_ud0_nb2000	165	3	5c538693c1431f4b
search_dp0_dc1_ud0_nb2000	166	182	a9840aea52e6ffd5
search_dp0_dc1_ud0_nb2000	167	71	58aa5bafcd374b59
search_dp0_dc1_ud0_nb2000	168	2	7f186e27c595ab14
search_dp0_dc1_ud0_nb2000	169	11	a2e05d8dfbe435b9
search_dp0_dc1_ud0_nb2000	170	2	9a10e7aed7584972
search_dp0_dc1_ud0_nb2000	171	63	7f3a33ccac038c1c
search_dp0_dc1_ud0_nb2000	172	6	27e5f69c88e26f40
search_dp0_dc1_ud0_nb2000	173	8	c803a1bbd5e5d047
search_dp0_dc1_ud0_nb2000	174	29	0099e48afff0f5d1
search_dp0_dc1_ud0_nb2000	175	2	72c15ba8f0c9d153
search_dp0_dc1_ud0_nb2000	176	175	c2e598b2c1cbd798
search_dp0_dc1_ud0_nb2000	177	3	c218bc9ef317b912
search_dp0_dc1_ud0_nb2000	178	2	edb8b080a73ec176
search_dp0_dc1_ud0_nb2000	179	56	e80ac5b795d2df00
search_dp0_dc1_ud0_nb2000	180	171	65318441bc6fdf81
search_dp0_dc1_ud0_nb2000	181	70	e7d0816c661b397a
search_dp0_dc1_ud0_nb2000	182	6	b5bec723cdeb5f21
search_dp0_dc1_ud0_nb2000	183	2	f715da348003fd36
search_dp0_dc1_ud0_nb2000	184	10	17684c733aeb906a
search_dp0_dc1_ud0_nb2000	185	162	846dc9924cd736a0
search_dp0_dc1_ud0_nb2000	186	2	f4c5fe0c958f3e6d
search_dp0_dc1_ud0_nb2000	187	66	11db970b0d5dd986
search_dp0_dc1_ud0_nb2000	188	6	095e851ce7fee1b7
search_dp0_dc1_ud0_nb2000	189	3	4275562cef33e65f
search_dp0_dc1_ud0_nb2000	190	3	01ea72aab73b6f2d
search_dp0_dc1_ud0_nb2000	191	176	ea84d17e08417dd6
search_dp0_dc1_ud0_nb2000	192	5	ae1a712b3ffd0260
search_dp0_dc1_ud0_nb2000	193	3	9d88783521a38ff1
search_dp0_dc1_ud0_nb2000	194	66	9aae0cf6812c98b7
search_dp0_dc1_ud0_nb2000	195	62	226395ea929ea833
search_dp0_dc1_ud0_nb2000	196	175	dae19cbf99baab36
search_dp0_dc1_ud0_nb2000	197	11	2547b6a490f3ba28
search_dp0_dc1_ud0_nb2000	198	2	9ae12495235be9b1
search_dp0_dc1_ud0_nb2000	199	11	53a982c28c73c81c
search_dp0_dc1_ud0_nb2000	200	74	3751fd202ad599d5
search_dp0_dc1_ud0_nb2000	201	6	6af7fbc304f8b8b5
search_dp0_dc1_ud0_nb2000	202	3	9867b26f89bd75b4
search_dp0_dc1_ud0_nb2000	203	26	d950d6b3b4253622
search_dp0_dc1_ud0_nb2000	204	65	ba1c8ef3172bbee9
search_dp0_dc1_ud0_nb2000	205	10	b10739592a1334cc
search_dp0_dc1_ud0_nb2000	206	183	b2fa0b78ca98a70b
search_dp0_dc1_ud0_nb2000	207	80	a4623116914d6513
search_dp0_dc1_ud0_nb2000	208	62	a575b63caed646fd
search_dp0_dc1_ud0_nb2000	209	2	7e406aca15207b29
search_dp0_dc1_ud0_nb2000	210	3	27aa91d89ced92ad
search_dp0_dc1_ud0_nb2000	211	11	61885b35806c0d03
search_dp0_dc1_ud0_nb2000	212	10	444c139ff47cb46c
search_dp0_dc1_ud0_nb2000	213	3	edd5359814ad33df
search_dp0_dc1_ud0_nb2000	214	23	f013cdc15f99bca8
search_dp0_dc1_ud0_nb2000	215	5	74ba7792595c3310
search_dp0_dc1_ud0_nb2000	216	72	5aa9934a7e0ae0d4
search_dp0_dc1_ud0_nb2000	217	7	0b07839a407a37a5
search_dp0_dc1_ud0_nb2000	218	8	87fc2988054c7275
search_dp0_dc1_ud0_nb2000	219	5	afc62d7020f46179
search_dp0_dc1_ud0_nb2000	220	25	80c6e3456046a750
search_dp0_dc1_ud0_nb2000	221	8	1e66083965185e02
search_dp0_dc1_ud0_nb2000	222	2	155847d504fd75bd
search_dp0_dc1_ud0_nb2000	223	3	dfc8d2c7aa545cda
search_dp0_dc1_ud0_nb2000	224	5	5c4804092e86054c
search_dp0_dc1_ud0_nb2000	225	2	2832a96cf84da5d8
search_dp0_dc1_ud0_nb2000	226	181	97de48d6b6ebb0a4
search_dp0_dc1_ud0_nb2000	227	2	bfb74ba3b9454e97
search_dp0_dc1_ud0_nb2000	228	30	125c4641d1faaca2
search_dp0_dc1_ud0_nb2000	229	4	00a3f85f65b1531d
search_dp0_dc1_ud0_nb2000	230	57	720545bc3e020f64
search_dp0_dc1_ud0_nb2000	231	6	b327776c5662a820
search_dp0_dc1_ud0_nb2000	232	3	5612032716e11f80
search_dp0_dc1_ud0_nb2000	233	29	4002ea50291af003
search_dp0_dc1_ud0_nb2000	234	3	93f59ad12e846f0f
search_dp0_dc1_ud0_nb2000	235	63	0e29b17295dd979d
search_dp0_dc1_ud0_nb2000	236	2	d481bfb675d614dd
search_dp0_dc1_ud0_nb2000	237	6	b04711e899c41616
search_dp0_dc1_ud0_nb2000	238	30	a40641c9a1660f3d
search_dp0_dc1_ud0_nb2000	239	2	4b70e50b8edc6292
search_dp0_dc1_ud0_nb2000	240	6	b9b7ef9ad45d886d
search_dp0_dc1_ud0_nb2000	241	3	b2635722d8d798e2
search_dp0_dc1_ud0_nb2000	242	5	dcae176c8012b891
search_dp0_dc1_ud0_nb2000	243	31	b1e68c1a5ff5d1e2
search_dp0_dc1_ud0_nb2000	244	3	ec05ce6608dc3176
search_dp0_dc1_ud0_nb2000	245	26	bee196c220463511
search_dp0_dc1_ud0_nb2000	246	175	9c9f0e70857a72e6
search_dp0_dc1_ud0_nb2000	247	3	e0853c840dd1fdaf
search_dp0_dc1_ud0_nb2000	248	67	593321edf0fe32fb
search_dp0_dc1_ud0_nb2000	249	176	629a3179f0d608eb
search_dp0_dc1_ud0_nb2000	250	71	5301f31f05cb8abc
search_dp0_dc1_ud0_nb2000	251	68	0c768002d82de105
search_dp0_dc1_ud0_nb2000	252	9	9573efbba0b7e035
search_dp0_dc1_ud0_nb2000	253	5	68447a6baef27bb5
search_dp0_dc1_ud0_nb2000	254	7	23796885d75abc94
search_dp0_dc1_ud0_nb2000	255	67	f43f6a07d3d58074
search_dp0_dc1_ud0_nb2000	256	2	551a63c2d76181f6
search_dp0_dc1_ud0_nb2000	257	11	7be012cedd4a7b9e
search_dp0_dc1_ud0_nb2000	258	77	29aaa7076129a14f
search_dp0_dc1_ud0_nb2000	259	27	f63d593afb2116a0
search_dp0_dc1_ud0_nb2000	260	2	adbb7c7175eb6e52
search_dp0_dc1_ud0_nb2000	261	2	f76307a603dd2a5d
search_dp0_dc1_ud0_nb2000	262	9	4d81c91623c1f8c1
search_dp0_dc1_ud0_nb2000	263	4	26ad5b1db2402826
search_dp0_dc1_ud0_nb2000	264	32	a00361935261b366
search_dp0_dc1_ud0_nb2000	265	3	9f8d916961924fb4
search_dp0_dc1_ud0_nb2000	266	5	1b0ff3783fc45349
search_dp0_dc1_ud0_nb2000	267	3	318574d728fb4773
search_dp0_dc1_ud0_nb2000	268	2	8d2a9efba4c33051
search_dp0_dc1_ud0_nb2000	269	66	9b7abd4fd4120ff3
search_dp0_dc1_ud0_nb2000	270	28	bd6825e43716288f
search_dp0_dc1_ud0_nb2000	271	162	f7abda6b3fc20597
search_dp0_dc1_ud0_nb2000	272	70	f8045646d564da7c
search_dp0_dc1_ud0_nb2000	273	2	6f51285605f5b665
search_dp0_dc1_ud0_nb2000	274	31	f5015ad63afb8a25
search_dp0_dc1_ud0_nb2000	275	3	33846b194a9c5819
search_dp0_dc1_ud0_nb2000	276	172	3c95f2bdb91b3926
search_dp0_dc1_ud0_nb2000	277	9	3eb17629cd58a40a
search_dp0_dc1_ud0_nb2000	278	170	6ab4deb9cb22f306
search_dp0_dc1_ud0_nb2000	279	29	420c26c233a40541
search_dp0_dc1_ud0_nb2000	280	3	20205e6f2da9609c
search_dp0_dc1_ud0_nb2000	281	3	62652c0a1c0a640d
search_dp0_dc1_ud0_nb2000	282	2	9a10022c0daaddb3
search_dp0_dc1_ud0_nb2000	283	30	5ae746c235dc4ab8
search_dp0_dc1_ud0_nb2000	284	6	1517db2fd2f8a36a
search_dp0_dc1_ud0_nb2000	285	15	c5e1c9d0dc12576e
search_dp0_dc1_ud0_nb2000	286	11	50cc5c7186fe2f57
search_dp0_dc1_ud0_nb2000	287	178	47c59377a61366d5
search_dp0_dc1_ud0_nb2000	288	5	5908aefedc42ad88
search_dp0_dc1_ud0_nb2000	289	3	74c1046dd66082f6
search_dp0_dc1_ud0_nb2000	290	2	0f3051d3fcbf1a41
search_dp0_dc1_ud0_nb2000	291	175	4630fdc99038f0f5
search_dp0_dc1_ud0_nb2000	292	3	97def42dec590a3f
search_dp0_dc1_ud0_nb2000	293	159	82ecbfc657c6f9c4
search_dp0_dc1_ud0_nb2000	294	70	b2000a282ac83bbe
search_dp0_dc1_ud0_nb2000	295	2	11246c95048adcd5
search_dp0_dc1_ud0_nb2000	296	163	daf258014d3c7d07
search_dp0_dc1_ud0_nb2000	297	175	55763274fbb0e917
search_dp0_dc1_ud0_nb2000	298	2	b4231c8b8bf14136
search_dp0_dc1_ud0_nb2000	299	3	17a5652bcb2e5c79
search_dp0_dc1_ud0_nb2000	300	6	b93a6252f4092a05
search_dp0_dc1_ud0_nb2000	301	65	80d20f9c7705a0e5
search_dp0_dc1_ud0_nb2000	302	9	df2ddd6318193891
search_dp0_dc1_ud0_nb2000	303	6	adb56fe1642e028b
search_dp0_dc1_ud0_nb2000	304	9	883b2d869787b773
search_dp0_dc1_ud0_nb2000	305	31	73e6e5c8b608e58a
search_dp0_dc1_ud0_nb2000	306	9	55d08a9e81a57ceb
search_dp0_dc1_ud0_nb2000	307	25	94bd6da21cc572d5
search_dp0_dc1_ud0_nb2000	308	166	64dc9d2908961762
search_dp0_dc1_ud0_nb2000	309	2	49f285d1dbd9cded
search_dp0_dc1_ud0_nb2000	310	3	a19a9ddc616bc40b
search_dp0_dc1_ud0_nb2000	311	5	8d7b925db37adbff
search_dp0_dc1_ud0_nb2000	312	66	2cd4dcce32dbbfd2
search_dp0_dc1_ud0_nb2000	313	66	96a7ca79bde2ff95
search_dp0_dc1_ud0_nb2000	314	67	b3cd9fb3f0543885
search_dp0_dc1_ud0_nb2000	315	2	93bc5a015f549470
search_dp0_dc1_ud0_nb2000	316	174	701826ed80f46cf4
search_dp0_dc1_ud0_nb2000	317	6	be9404b2857e93a4
search_dp0_dc1_ud0_nb2000	318	3	0be369303603bc54
search_dp0_dc1_ud0_nb2000	319	165	3589af0dd08bb9c0
search_dp0_dc1_ud0_nb2000	320	29	29b81cd7ce3bfc84
search_dp0_dc1_ud0_nb2000	321	26	fe83fa67fbcd7ca0
search_dp0_dc1_ud0_nb2000	322	72	30e97fba9173bd34
search_dp0_dc1_ud0_nb2000	323	31	c26681067127f86b
search_dp0_dc1_ud0_nb2000	324	33	c94ba477a923ba3c
search_dp0_dc1_ud0_nb2000	325	9	1ead67206d92303e
search_dp0_dc1_ud0_nb2000	326	62	c9b5493d8261e74a
search_dp0_dc1_ud0_nb2000	327	3	d1fb661b574d678c
search_dp0_dc1_ud0_nb2000	328	9	b46f8687da127df1
search_dp0_dc1_ud0_nb2000	329	3	f08796570f531be3
search_dp0_dc1_ud0_nb2000	330	73	40ceda49227a1090
search_dp0_dc1_ud0_nb2000	331	2	e21106527266f843
search_dp0_dc1_ud0_nb2000	332	69	05ab259394bc7fd7
search_dp0_dc1_ud0_nb2000	333	69	afb16990cdd3c976
search_dp0_dc1_ud0_nb2000	334	162	bfe9771eaabb5c07
search_dp0_dc1_ud0_nb2000	335	25	97cf964e0b0fa14f
search_dp0_dc1_ud0_nb2000	336	64	2303bb364fcb0601
search_dp0_dc1_ud0_nb2000	337	11	d6a86da1f58bf20f
search_dp0_dc1_ud0_nb2000	338	72	77228adad3d0a208
search_dp0_dc1_ud0_nb2000	339	79	64bfc91f33d68d25
search_dp0_dc1_ud0_nb2000	340	30	637e0e7c708f22e8
search_dp0_dc1_ud0_nb2000	341	3	6dc1fa2d9a40944f
search_dp0_dc1_ud0_nb2000	342	30	9e0c7e8cf32545f0
search_dp0_dc1_ud0_nb2000	343	189	ab1d44ee8c19bfcf
search_dp0_dc1_ud0_nb2000	344	8	471a20c75631bc5b
search_dp0_dc1_ud0_nb2000	345	27	b8f4d8ac214ec105
search_dp0_dc1_ud0_nb2000	346	67	5ad960fdfca2adb7
search_dp0_dc1_ud0_nb2000	347	3	210ba93123af0172
search_dp0_dc1_ud0_nb2000	348	6	7338d3ddd2815dc0
search_dp0_dc1_ud0_nb2000	349	26	d6cdcd67aa59aa20
search_dp0_dc1_ud0_nb2000	350	10	41eb0cc2c5f497f0
search_dp0_dc1_ud0_nb2000	351	6	8f1fbe3d0f72da7e
search_dp0_dc1_ud0_nb2000	352	2	ce1ab59737c30339
search_dp0_dc1_ud0_nb2000	353	28	bde3abe13e6d6d36
search_dp0_dc1_ud0_nb2000	354	3	dca680b22649204f
search_dp0_dc1_ud0_nb2000	355	3	a581d4f3412436ff
search_dp0_dc1_ud0_nb2000	356	2	b36dc3cace10b5a9
search_dp0_dc1_ud0_nb2000	357	24	ec9abbe1e6fd185e
search_dp0_dc1_ud0_nb2000	358	2	f9fa6bf430f95da3
search_dp0_dc1_ud0_nb2000	359	2	2528591461d93ca8
search_dp0_dc1_ud0_nb2000	360	9	b047d46e7267783a
search_dp0_dc1_ud0_nb2000	361	3	189a983f4ca98b7c
search_dp0_dc1_ud0_nb2000	362	75	a0fafaa8cf1d9a9a
search_dp0_dc1_ud0_nb2000	363	156	4016852ff58e4744
search_dp0_dc1_ud0_nb2000	364	10	26e247b908cf5f37
search_dp0_dc1_ud0_nb2000	365	2	0acbb33a757090a6
search_dp0_dc1_ud0_nb2000	366	2	198c1f0846c5965f
search_dp0_dc1_ud0_nb2000	367	11	89e0706fc7636119
search_dp0_dc1_ud0_nb2000	368	2	13f24330619548ba
search_dp0_dc1_ud0_nb2000	369	26	b521feb873a5332d
search_dp0_dc1_ud0_nb2000	370	6	c2b6a6d77ac0c54c
search_dp0_dc1_ud0_nb2000	371	2	4cd07f8f33b23519
search_dp0_dc1_ud0_nb2000	372	4	aa2df6b92da370e0
search_dp0_dc1_ud0_nb2000	373	5	c45f4864686173b7
search_dp0_dc1_ud0_nb2000	374	71	5824e06fd1197058
search_dp0_dc1_ud0_nb2000	375	62	32a1541807fdc7ae
search_dp0_dc1_ud0_nb2000	376	10	c1b63108770f5738
search_dp0_dc1_ud0_nb2000	377	2	c417926d6aea0d9a
search_dp0_dc1_ud0_nb2000	378	5	4037e9b3fa834bdd
search_dp0_dc1_ud0_nb2000	379	11	8f28dcf2885617d0
search_dp0_dc1_ud0_nb2000	380	73	faf9f12aea0be540
search_dp0_dc1_ud0_nb2000	381	5	4d17118066878656
search_dp0_dc1_ud0_nb2000	382	2	ee235b847f480214
search_dp0_dc1_ud0_nb2000	383	3	ad5d12d2c70ba4e4
search_dp0_dc1_ud0_nb2000	384	2	17487eeaec684a5e
search_dp0_dc1_ud0_nb2000	385	2	60e9a85e50134bc4
search_dp0_dc1_ud0_nb2000	386	173	72ae0891b8e78f36
search_dp0_dc1_ud0_nb2000	387	10	ea1f642c9ded811c
search_dp0_dc1_ud0_nb2000	388	74	55b07353fca1271b
search_dp0_dc1_ud0_nb2000	389	59	cea4d802264061ca
search_dp0_dc1_ud0_nb2000	390	10	d4a60f09b649bf3b
search_dp0_dc1_ud0_nb2000	391	10	28af2cef007ba47a
search_dp0_dc1_ud0_nb2000	392	23	3c8f3e817b9c13a5
search_dp0_dc1_ud0_nb2000	393	7	0ab9a0f8602eac2c
search_dp0_dc1_ud0_nb2000	394	2	9e5b2dc50953735f
search_dp0_dc1_ud0_nb2000	395	8	1d0cbac2855de629
search_dp0_dc1_ud0_nb2000	396	25	0c090e08f9ff7667
search_dp0_dc1_ud0_nb2000	397	70	29a19dec680f8796
search_dp0_dc1_ud0_nb2000	398	181	091afda71e5ed182
search_dp0_dc1_ud0_nb2000	399	5	db822238ba345a03
search_dp0_dc1_ud1_nb0	0	2	fe3877f9123caf6f
search_dp0_dc1_ud1_nb0	1	25	f895dece7a772bab
search_dp0_dc1_ud1_nb0	2	187	03faba7fe5484c5a
search_dp0_dc1_ud1_nb0	3	3	04752421978926ff
search_dp0_dc1_ud1_nb0	4	64	a0ded37644b9daae
search_dp0_dc1_ud1_nb0	5	5	0e2fd5c7671bbc23
search_dp0_dc1_ud1_nb0	6	67	87fd6e24b6374980
search_dp0_dc1_ud1_nb0	7	178	8b1832337616ce16
search_dp0_dc1_ud1_nb0	8	164	95bdf46572e1fc90
search_dp0_dc1_ud1_nb0	9	67	58910236bc7536c5
search_dp0_dc1_ud1_nb0	10	65	8b6e672cdfeab96d
search_dp0_dc1_ud1_nb0	11	71	b7570bffe931508c
search_dp0_dc1_ud1_nb0	12	6	e25a0797ac94cbf4
search_dp0_dc1_ud1_nb0	13	2	4fa0cf4bc5d18d38
search_dp0_dc1_ud1_nb0	14	6	06cb917caa7530f2
search_dp0_dc1_ud1_nb0	15	5	d3d9c8acac5507f9
search_dp0_dc1_ud1_nb0	16	30	d0a3392d70f969ba
search_dp0_dc1_ud1_nb0	17	2	5420621e61e6b2de
search_dp0_dc1_ud1_nb0	18	5	3d71f266a2e565b8
search_dp0_dc1_ud1_nb0	19	3	5892385b1aec09f4
search_dp0_dc1_ud1_nb0	20	60	277585a41347671e
search_dp0_dc1_ud1_nb0	21	65	d20571fa9bf2d166
search_dp0_dc1_ud1_nb0	22	2	b2b47f5335448eeb
search_dp0_dc1_ud1_nb0	23	161	b59ee6ebb2af9714
search_dp0_dc1_ud1_nb0	24	2	4ee24f53fa50f5fb
search_dp0_dc1_ud1_nb0	25	2	210c11ef7723c39c
search_dp0_dc1_ud1_nb0	26	27	b54b18ad67c1e81f
search_dp0_dc1_ud1_nb0	27	2	7a76b7ba3a15016d
search_dp0_dc1_ud1_nb0	28	6	eb675bbe82f65a03
search_dp0_dc1_ud1_nb0	29	2	0d2b0764438b4218
search_dp0_dc1_ud1_nb0	30	5	69ec4105565c89a1
search_dp0_dc1_ud1_nb0	31	2	115a740f9cd9a619
search_dp0_dc1_ud1_nb0	32	161	ec68556c91a149f4
search_dp0_dc1_ud1_nb0	33	3	fb073d01787c3389
search_dp0_dc1_ud1_nb0	34	5	b5aca246e8c003fe
search_dp0_dc1_ud1_nb0	35	165	d504e632896dabaf
search_dp0_dc1_ud1_nb0	36	10	2be47a4d65d010cf
search_dp0_dc1_ud1_nb0	37	84	22222c50138a1086
search_dp0_dc1_ud1_nb0	38	22	72b27f15ef10a1bc
search_dp0_dc1_ud1_nb0	39	163	1c5c41a50e6969de
search_dp0_dc1_ud1_nb0	40	175	3b5d18d547e49958
search_dp0_dc1_ud1_nb0	41	31	df4e0d5888ada439
search_dp0_dc1_ud1_nb0	42	9	0a9712f00d2660bb
search_dp0_dc1_ud1_nb0	43	2	d62bc83a3fc4ad67
search_dp0_dc1_ud1_nb0	44	2	8946d53fe3b107ce
search_dp0_dc1_ud1_nb0	45	10	2c77cd1587197a55
search_dp0_dc1_ud1_nb0	46	24	f8be0763d51b363d
search_dp0_dc1_ud1_nb0	47	78	9ab5bcb91f0e3c48
search_dp0_dc1_ud1_nb0	48	10	08b4bf4392ca0976
search_dp0_dc1_ud1_nb0	49	6	2ce67d3a0a7e82bc
search_dp0_dc1_ud1_nb0	50	3	fd89f6049da2aafa
search_dp0_dc1_ud1_nb0	51	34	4cfcd83513322589
search_dp0_dc1_ud1_nb0	52	2	fd08e8dd823f631e
search_dp0_dc1_ud1_nb0	53	8	cf618e5da383bd99
search_dp0_dc1_ud1_nb0	54	4	90ac7107270a7322
search_dp0_dc1_ud1_nb0	55	68	e4b34d909d0b6820
search_dp0_dc1_ud1_nb0	56	10	425e69fb62177c9b
search_dp0_dc1_ud1_nb0	57	2	d8c21a02c79c5d2f
search_dp0_dc1_ud1_nb0	58	5	8f407593ca494b69
search_dp0_dc1_ud1_nb0	59	31	58f66b3687103d40
search_dp0_dc1_ud1_nb0	60	3	90e544c7aa820b5e
search_dp0_dc1_ud1_nb0	61	2	50c0e5e565e77d9f
search_dp0_dc1_ud1_nb0	62	3	490e58d435ecad3e
search_dp0_dc1_ud1_nb0	63	23	cf5ba468d7487799
search_dp0_dc1_ud1_nb0	64	65	acf80a78f014d082
search_dp0_dc1_ud1_nb0	65	6	18374a0373c87375
search_dp0_dc1_ud1_nb0	66	2	183418e639303309
search_dp0_dc1_ud1_nb0	67	9	837b9fd685ada532
search_dp0_dc1_ud1_nb0	68	8	8178a98c703434b1
search_dp0_dc1_ud1_nb0	69	69	39e39f45bec1829e
search_dp0_dc1_ud1_nb0	70	6	47d8eac138ef74d0
search_dp0_dc1_ud1_nb0	71	15	6b43b59646407b82
search_dp0_dc1_ud1_nb0	72	26	0b4575cf519ae041
search_dp0_dc1_ud1_nb0	73	63	2099472d287c32ac
search_dp0_dc1_ud1_nb0	74	3	1fa1bda149e03db8
search_dp0_dc1_ud1_nb0	75	3	27658063d81c7912
search_dp0_dc1_ud1_nb0	76	73	713428ed9da021c2
search_dp0_dc1_ud1_nb0	77	2	72f99e536ffd074b
search_dp0_dc1_ud1_nb0	78	3	561e686feba94de6
search_dp0_dc1_ud1_nb0	79	13	aaa4bd3ecf8f5640
search_dp0_dc1_ud1_nb0	80	2	0fb37fca75143919
search_dp0_dc1_ud1_nb0	81	9	1639b51d3ae74059
search_dp0_dc1_ud1_nb0	82	170	62cee8d48b31eda2
search_dp0_dc1_ud1_nb0	83	6	f1015c348b042132
search_dp0_dc1_ud1_nb0	84	3	98be6817fedd840d
search_dp0_dc1_ud1_nb0	85	70	d33ad4a2dcbc0028
search_dp0_dc1_ud1_nb0	86	9	c218be81f282ceb9
search_dp0_dc1_ud1_nb0	87	26	7c45b2304c8073e3
search_dp0_dc1_ud1_nb0	88	29	1d70f1dea01861e0
search_dp0_dc1_ud1_nb0	89	170	dd4c3f5c2f451f4b
search_dp0_dc1_ud1_nb0	90	3	34f7b7a47589cbb8
search_dp0_dc1_ud1_nb0	91	172	0552dd7f8bc99c63
search_dp0_dc1_ud1_nb0	92	5	90c2225b0e0d3f2c
search_dp0_dc1_ud1_nb0	93	9	4f3ef11b2e70c9d3
search_dp0_dc1_ud1_nb0	94	6	98a1472c66a9b589
search_dp0_dc1_ud1_nb0	95	166	279718be3bae2894
search_dp0_dc1_ud1_nb0	96	71	e0317a05214f3cad
search_dp0_dc1_ud1_nb0	97	6	d0f6ce909212a479
search_dp0_dc1_ud1_nb0	98	5	3e9a59cbbb2debe0
search_dp0_dc1_ud1_nb0	99	9	71b2b97da4b7f291
search_dp0_dc1_ud1_nb0	100	7	494ba0be47081fb9
search_dp0_dc1_ud1_nb0	101	2	3ff37d05d9e89fc7
search_dp0_dc1_ud1_nb0	102	66	ded7436ed15f2214
search_dp0_dc1_ud1_nb0	103	35	1efc5ca4061923bb
search_dp0_dc1_ud1_nb0	104	2	548f1ccaebf16d95
search_dp0_dc1_ud1_nb0	105	2	5e1645b8765c83f3
search_dp0_dc1_ud1_nb0	106	29	5e1d1398ba82fe2e
search_dp0_dc1_ud1_nb0	107	169	fbd32658c0da07fc
search_dp0_dc1_ud1_nb0	108	64	01abf6d03125fb69
search_dp0_dc1_ud1_nb0	109	28	400ad856f4bda3fd
search_dp0_dc1_ud1_nb0	110	6	eaa23448c06ebdc7
search_dp0_dc1_ud1_nb0	111	3	01911c6ee2172564
search_dp0_dc1_ud1_nb0	112	3	616126a74fbcf785
search_dp0_dc1_ud1_nb0	113	2	60b1555914b64347
search_dp0_dc1_ud1_nb0	114	154	465dfb6ae52e7e52
search_dp0_dc1_ud1_nb0	115	3	de6fd2bd545408c7
search_dp0_dc1_ud1_nb0	116	3	188df6e0b9010d74
search_dp0_dc1_ud1_nb0	117	170	28a9d75aeda566be
search_dp0_dc1_ud1_nb0	118	176	32c333f5b7e2ee66
search_dp0_dc1_ud1_nb0	119	2	fa3b1b21769c99bc
search_dp0_dc1_ud1_nb0	120	160	55d132ca1a02149c
search_dp0_dc1_ud1_nb0	121	78	e42250cb782cc597
search_dp0_dc1_ud1_nb0	122	182	a9ff3771c178e324
search_dp0_dc1_ud1_nb0	123	2	737f3e1167508935
search_dp0_dc1_ud1_nb0	124	65	cfdd1ac6fe10bf1a
search_dp0_dc1_ud1_nb0	125	6	ee02dd66d95d2d06
search_dp0_dc1_ud1_nb0	126	10	55bd907aef5e856d
search_dp0_dc1_ud1_nb0	127	2	814dccc6d2006e69
search_dp0_dc1_ud1_nb0	128	29	0980d24a38b38086
search_dp0_dc1_ud1_nb0	129	70	44e11d55b79541df
search_dp0_dc1_ud1_nb0	130	2	af2325e713679114
search_dp0_dc1_ud1_nb0	131	164	2bb2a268bb2a6da5
search_dp0_dc1_ud1_nb0	132	168	5f2847e73797d346
search_dp0_dc1_ud1_nb0	133	2	80af669c13559a46
search_dp0_dc1_ud1_nb0	134	10	97ceea39277c0000
search_dp0_dc1_ud1_nb0	135	2	785032ef26619839
search_dp0_dc1_ud1_nb0	136	2	cff4c6b51ab8d1e1
search_dp0_dc1_ud1_nb0	137	3	1dc709adf506815a
search_dp0_dc1_ud1_nb0	138	168	15a702687c718edb
search_dp0_dc1_ud1_nb0	139	166	459a984d50f05837
search_dp0_dc1_ud1_nb0	140	5	d0eb69f59bc41631
search_dp0_dc1_ud1_nb0	141	8	652decbde067615b
search_dp0_dc1_ud1_nb0	142	9	73cf93aa8b725dec
search_dp0_dc1_ud1_nb0	143	2	6ff6b8bc6619ae66
search_dp0_dc1_ud1_nb0	144	11	f9f1379b939d6612
search_dp0_dc1_ud1_nb0	145	61	74b1cf40358c969b
search_dp0_dc1_ud1_nb0	146	70	7c27f0ef3725dcf9
search_dp0_dc1_ud1_nb0	147	18	212fe03f188d4dff
search_dp0_dc1_ud1_nb0	148	24	373426e7392d3028
search_dp0_dc1_ud1_nb0	149	2	0e7a7d4215ecf15a
search_dp0_dc1_ud1_nb0	150	5	43684eed2bcb39aa
search_dp0_dc1_ud1_nb0	151	7	8c24f002cdd8b0bc
search_dp0_dc1_ud1_nb0	152	75	c587111175744038
search_dp0_dc1_ud1_nb0	153	176	374d87e165ca7aeb
search_dp0_dc1_ud1_nb0	154	2	60a2b5c9c2e0e62a
search_dp0_dc1_ud1_nb0	155	65	acaddb21036137d8
search_dp0_dc1_ud1_nb0	156	25	d9c1718dc745ed80
search_dp0_dc1_ud1_nb0	157	3	6a36bc7972855e92
search_dp0_dc1_ud1_nb0	158	5	8ce90f0f7bf36777
search_dp0_dc1_ud1_nb0	159	64	aa1f12676daabb7f
search_dp0_dc1_ud1_nb0	160	11	eb1e8546f2633505
search_dp0_dc1_ud1_nb0	161	2	a1619a4837419d10
search_dp0_dc1_ud1_nb0	162	164	2d1d281b259a2de8
search_dp0_dc1_ud1_nb0	163	9	d9a987cafc69b052
search_dp0_dc1_ud1_nb0	164	2	e08c08885d04564b
search_dp0_dc1_ud1_nb0	165	3	5c538693c1431f4b
search_dp0_dc1_ud1_nb0	166	182	a9840aea52e6ffd5
search_dp0_dc1_ud1_nb0	167	70	609985950eb063ca
search_dp0_dc1_ud1_nb0	168	2	7f186e27c595ab14
search_dp0_dc1_ud1_nb0	169	11	a2e05d8dfbe435b9
search_dp0_dc1_ud1_nb0	170	2	9a10e7aed7584972
search_dp0_dc1_ud1_nb0	171	62	015e89e1388c8f74
search_dp0_dc1_ud1_nb0	172	6	27e5f69c88e26f40
search_dp0_dc1_ud1_nb0	173	8	c803a1bbd5e5d047
search_dp0_dc1_ud1_nb0	174	28	0c255f7e5f18097f
search_dp0_dc1_ud1_nb0	175	2	72c15ba8f0c9d153
search_dp0_dc1_ud1_nb0	176	174	c80cd008fe8d3931
search_dp0_dc1_ud1_nb0	177	3	c218bc9ef317b912
search_dp0_dc1_ud1_nb0	178	2	edb8b080a73ec176
search_dp0_dc1_ud1_nb0	179	56	e80ac5b795d2df00
search_dp0_dc1_ud1_nb0	180	166	442823bf39dce36b
search_dp0_dc1_ud1_nb0	181	70	e7d0816c661b397a
search_dp0_dc1_ud1_nb0	182	6	b5bec723cdeb5f21
search_dp0_dc1_ud1_nb0	183	2	f715da348003fd36
search_dp0_dc1_ud1_nb0	184	10	17684c733aeb906a
search_dp0_dc1_ud1_nb0	185	161	6ffd773c5b920818
search_dp0_dc1_ud1_nb0	186	2	f4c5fe0c958f3e6d
search_dp0_dc1_ud1_nb0	187	65	4998a16eea424307
search_dp0_dc1_ud1_nb0	188	6	095e851ce7fee1b7
search_dp0_dc1_ud1_nb0	189	3	4275562cef33e65f
search_dp0_dc1_ud1_nb0	190	3	01ea72aab73b6f2d
search_dp0_dc1_ud1_nb0	191	176	ea84d17e08417dd6
search_dp0_dc1_ud1_nb0	192	5	ae1a712b3ffd0260
search_dp0_dc1_ud1_nb0	193	3	9d88783521a38ff1
search_dp0_dc1_ud1_nb0	194	65	e24f5b0c941659ae
search_dp0_dc1_ud1_nb0	195	60	34197bff4cf93940
search_dp0_dc1_ud1_nb0	196	173	5911685a4f4fab13
search_dp0_dc1_ud1_nb0	197	11	2547b6a490f3ba28
search_dp0_dc1_ud1_nb0	198	2	9ae12495235be9b1
search_dp0_dc1_ud1_nb0	199	11	53a982c28c73c81c
search_dp0_dc1_ud1_nb0	200	74	3751fd202ad599d5
search_dp0_dc1_ud1_nb0	201	6	6af7fbc304f8b8b5
search_dp0_dc1_ud1_nb0	202	3	9867b26f89bd75b4
search_dp0_dc1_ud1_nb0	203	26	d950d6b3b4253622
search_dp0_dc1_ud1_nb0	204	64	95c651b6e1566529
search_dp0_dc1_ud1_nb0	205	10	b10739592a1334cc
search_dp0_dc1_ud1_nb0	206	182	df90e6bfc1998704
search_dp0_dc1_ud1_nb0	207	79	f5dbc1fe49af00fb
search_dp0_dc1_ud1_nb0	208	61	dba03d0cdcea0b53
search_dp0_dc1_ud1_nb0	209	2	7e406aca15207b29
search_dp0_dc1_ud1_nb0	210	3	27aa91d89ced92ad
search_dp0_dc1_ud1_nb0	211	11	61885b35806c0d03
search_dp0_dc1_ud1_nb0	212	10	444c139ff47cb46c
search_dp0_dc1_ud1_nb0	213	3	edd5359814ad33df
search_dp0_dc1_ud1_nb0	214	23	f013cdc15f99bca8
search_dp0_dc1_ud1_nb0	215	5	74ba7792595c3310
search_dp0_dc1_ud1_nb0	216	71	222447c195e23519
search_dp0_dc1_ud1_nb0	217	7	0b07839a407a37a5
search_dp0_dc1_ud1_nb0	218	8	87fc2988054c7275
search_dp0_dc1_ud1_nb0	219	5	afc62d7020f46179
search_dp0_dc1_ud1_nb0	220	25	80c6e3456046a750
search_dp0_dc1_ud1_nb0	221	8	1e66083965185e02
search_dp0_dc1_ud1_nb0	222	2	155847d504fd75bd
search_dp0_dc1_ud1_nb0	223	3	dfc8d2c7aa545cda
search_dp0_dc1_ud1_nb0	224	5	5c4804092e86054c
search_dp0_dc1_ud1_nb0	225	2	2832a96cf84da5d8
search_dp0_dc1_ud1_nb0	226	181	97de48d6b6ebb0a4
search_dp0_dc1_ud1_nb0	227	2	bfb74ba3b9454e97
search_dp0_dc1_ud1_nb0	228	30	125c4641d1faaca2
search_dp0_dc1_ud1_nb0	229	4	00a3f85f65b1531d
search_dp0_dc1_ud1_nb0	230	57	720545bc3e020f64
search_dp0_dc1_ud1_nb0	231	6	b327776c5662a820
search_dp0_dc1_ud1_nb0	232	3	5612032716e11f80
search_dp0_dc1_ud1_nb0	233	29	4002ea50291af003
search_dp0_dc1_ud1_nb0	234	3	93f59ad12e846f0f
search_dp0_dc1_ud1_nb0	235	63	0e29b17295dd979d
search_dp0_dc1_ud1_nb0	236	2	d481bfb675d614dd
search_dp0_dc1_ud1_nb0	237	5	250f11e8c158cea7
search_dp0_dc1_ud1_nb0	238	30	a40641c9a1660f3d
search_dp0_dc1_ud1_nb0	239	2	4b70e50b8edc6292
search_dp0_dc1_ud1_nb0	240	6	b9b7ef9ad45d886d
search_dp0_dc1_ud1_nb0	241	3	b2635722d8d798e2
search_dp0_dc1_ud1_nb0	242	5	dcae176c8012b891
search_dp0_dc1_ud1_nb0	243	30	57f6c48fd7e15536
search_dp0_dc1_ud1_nb0	244	3	ec05ce6608dc3176
search_dp0_dc1_ud1_nb0	245	26	bee196c220463511
search_dp0_dc1_ud1_nb0	246	175	9c9f0e70857a72e6
search_dp0_dc1_ud1_nb0	247	3	e0853c840dd1fdaf
search_dp0_dc1_ud1_nb0	248	67	593321edf0fe32fb
search_dp0_dc1_ud1_nb0	249	173	a8ecc78f8bcc024d
search_dp0_dc1_ud1_nb0	250	71	5301f31f05cb8abc
search_dp0_dc1_ud1_nb0	251	68	0c768002d82de105
search_dp0_dc1_ud1_nb0	252	9	9573efbba0b7e035
search_dp0_dc1_ud1_nb0	253	5	68447a6baef27bb5
search_dp0_dc1_ud1_nb0	254	7	23796885d75abc94
search_dp0_dc1_ud1_nb0	255	66	27cb88ee279c6283
search_dp0_dc1_ud1_nb0	256	2	551a63c2d76181f6
search_dp0_dc1_ud1_nb0	257	11	7be012cedd4a7b9e
search_dp0_dc1_ud1_nb0	258	77	29aaa7076129a14f
search_dp0_dc1_ud1_nb0	259	27	f63d593afb2116a0
search_dp0_dc1_ud1_nb0	260	2	adbb7c7175eb6e52
search_dp0_dc1_ud1_nb0	261	2	f76307a603dd2a5d
search_dp0_dc1_ud1_nb0	262	8	39e2308283fc98cb
search_dp0_dc1_ud1_nb0	263	4	26ad5b1db2402826
search_dp0_dc1_ud1_nb0	264	32	a00361935261b366
search_dp0_dc1_ud1_nb0	265	3	9f8d916961924fb4
search_dp0_dc1_ud1_nb0	266	5	1b0ff3783fc45349
search_dp0_dc1_ud1_nb0	267	3	318574d728fb4773
search_dp0_dc1_ud1_nb0	268	2	8d2a9efba4c33051
search_dp0_dc1_ud1_nb0	269	66	9b7abd4fd4120ff3
search_dp0_dc1_ud1_nb0	270	28	bd6825e43716288f
search_dp0_dc1_ud1_nb0	271	162	f7abda6b3fc20597
search_dp0_dc1_ud1_nb0	272	69	bc3e3c3907dd70a0
search_dp0_dc1_ud1_nb0	273	2	6f51285605f5b665
search_dp0_dc1_ud1_nb0	274	31	f5015ad63afb8a25
search_dp0_dc1_ud1_nb0	275	3	33846b194a9c5819
search_dp0_dc1_ud1_nb0	276	169	d841306f6df3fa6d
search_dp0_dc1_ud1_nb0	277	9	3eb17629cd58a40a
search_dp0_dc1_ud1_nb0	278	169	80c6a285332adebe
search_dp0_dc1_ud1_nb0	279	29	420c26c233a40541
search_dp0_dc1_ud1_nb0	280	3	20205e6f2da9609c
search_dp0_dc1_ud1_nb0	281	3	62652c0a1c0a640d
search_dp0_dc1_ud1_nb0	282	2	9a10022c0daaddb3
search_dp0_dc1_ud1_nb0	283	30	5ae746c235dc4ab8
search_dp0_dc1_ud1_nb0	284	6	1517db2fd2f8a36a
search_dp0_dc1_ud1_nb0	285	15	c5e1c9d0dc12576e
search_dp0_dc1_ud1_nb0	286	11	50cc5c7186fe2f57
search_dp0_dc1_ud1_nb0	287	177	10f40a04dc87da3e
search_dp0_dc1_ud1_nb0	288	5	5908aefedc42ad88
search_dp0_dc1_ud1_nb0	289	3	74c1046dd66082f6
search_dp0_dc1_ud1_nb0	290	2	0f3051d3fcbf1a41
search_dp0_dc1_ud1_nb0	291	173	409869975acd786e
search_dp0_dc1_ud1_nb0	292	3	97def42dec590a3f
search_dp0_dc1_ud1_nb0	293	157	a24c75d7c4941d80
search_dp0_dc1_ud1_nb0	294	70	b2000a282ac83bbe
search_dp0_dc1_ud1_nb0	295	2	11246c95048adcd5
search_dp0_dc1_ud1_nb0	296	163	daf258014d3c7d07
search_dp0_dc1_ud1_nb0	297	175	7cf712124ea8aa93
search_dp0_dc1_ud1_nb0	298	2	b4231c8b8bf14136
search_dp0_dc1_ud1_nb0	299	3	17a5652bcb2e5c79
search_dp0_dc1_ud1_nb0	300	6	b93a6252f4092a05
search_dp0_dc1_ud1_nb0	301	65	80d20f9c7705a0e5
search_dp0_dc1_ud1_nb0	302	9	df2ddd6318193891
search_dp0_dc1_ud1_nb0	303	6	adb56fe1642e028b
search_dp0_dc1_ud1_nb0	304	9	883b2d869787b773
search_dp0_dc1_ud1_nb0	305	30	0b683dff39a1e15f
search_dp0_dc1_ud1_nb0	306	9	55d08a9e81a57ceb
search_dp0_dc1_ud1_nb0	307	25	94bd6da21cc572d5
search_dp0_dc1_ud1_nb0	308	162	a078bcd45c4b15be
search_dp0_dc1_ud1_nb0	309	2	49f285d1dbd9cded
search_dp0_dc1_ud1_nb0	310	3	a19a9ddc616bc40b
search_dp0_dc1_ud1_nb0	311	5	8d7b925db37adbff
search_dp0_dc1_ud1_nb0	312	66	2cd4dcce32dbbfd2
search_dp0_dc1_ud1_nb0	313	66	96a7ca79bde2ff95
search_dp0_dc1_ud1_nb0	314	67	b3cd9fb3f0543885
search_dp0_dc1_ud1_nb0	315	2	93bc5a015f549470
search_dp0_dc1_ud1_nb0	316	173	d207c5dfcf08f5ff
search_dp0_dc1_ud1_nb0	317	6	be9404b2857e93a4
search_dp0_dc1_ud1_nb0	318	3	0be369303603bc54
search_dp0_dc1_ud1_nb0	319	165	3589af0dd08bb9c0
search_dp0_dc1_ud1_nb0	320	29	29b81cd7ce3bfc84
search_dp0_dc1_ud1_nb0	321	26	fe83fa67fbcd7ca0
search_dp0_dc1_ud1_nb0	322	72	30e97fba9173bd34
search_dp0_dc1_ud1_nb0	323	29	722fcff45f659fc1
search_dp0_dc1_ud1_nb0	324	32	b291373f6c33750b
search_dp0_dc1_ud1_nb0	325	9	1ead67206d92303e
search_dp0_dc1_ud1_nb0	326	62	c9b5493d8261e74a
search_dp0_dc1_ud1_nb0	327	3	d1fb661b574d678c
search_dp0_dc1_ud1_nb0	328	9	b46f8687da127df1
search_dp0_dc1_ud1_nb0	329	3	f08796570f531be3
search_dp0_dc1_ud1_nb0	330	73	40ceda49227a1090
search_dp0_dc1_ud1_nb0	331	2	e21106527266f843
search_dp0_dc1_ud1_nb0	332	69	05ab259394bc7fd7
search_dp0_dc1_ud1_nb0	333	69	afb16990cdd3c976
search_dp0_dc1_ud1_nb0	334	161	a7f95b0a23d5323e
search_dp0_dc1_ud1_nb0	335	24	66c9b4f6bde0cf64
search_dp0_dc1_ud1_nb0	336	64	2303bb364fcb0601
search_dp0_dc1_ud1_nb0	337	11	d6a86da1f58bf20f
search_dp0_dc1_ud1_nb0	338	72	77228adad3d0a208
search_dp0_dc1_ud1_nb0	339	77	4ea6dd9aa4c001fc
search_dp0_dc1_ud1_nb0	340	30	637e0e7c708f22e8
search_dp0_dc1_ud1_nb0	341	3	6dc1fa2d9a40944f
search_dp0_dc1_ud1_nb0	342	30	9e0c7e8cf32545f0
search_dp0_dc1_ud1_nb0	343	187	51b4fc8ac6a2b00e
search_dp0_dc1_ud1_nb0	344	8	471a20c75631bc5b
search_dp0_dc1_ud1_nb0	345	27	b8f4d8ac214ec105
search_dp0_dc1_ud1_nb0	346	67	5ad960fdfca2adb7
search_dp0_dc1_ud1_nb0	347	3	210ba93123af0172
search_dp0_dc1_ud1_nb0	348	6	7338d3ddd2815dc0
search_dp0_dc1_ud1_nb0	349	26	d6cdcd67aa59aa20
search_dp0_dc1_ud1_nb0	350	10	41eb0cc2c5f497f0
search_dp0_dc1_ud1_nb0	351	6	8f1fbe3d0f72da7e
search_dp0_dc1_ud1_nb0	352	2	ce1ab59737c30339
search_dp0_dc1_ud1_nb0	353	28	bde3abe13e6d6d36
search_dp0_dc1_ud1_nb0	354	3	dca680b22649204f
search_dp0_dc1_ud1_nb0	355	3	a581d4f3412436ff
search_dp0_dc1_ud1_nb0	356	2	b36dc3cace10b5a9
search_dp0_dc1_ud1_nb0	357	23	3ac5291d1d86ac98
search_dp0_dc1_ud1_nb0	358	2	f9fa6bf430f95da3
search_dp0_dc1_ud1_nb0	359	2	2528591461d93ca8
search_dp0_dc1_ud1_nb0	360	9	b047d46e7267783a
search_dp0_dc1_ud1_nb0	361	3	189a983f4ca98b7c
search_dp0_dc1_ud1_nb0	362	73	680a65638347bd8e
search_dp0_dc1_ud1_nb0	363	156	4016852ff58e4744
search_dp0_dc1_ud1_nb0	364	10	26e247b908cf5f37
search_dp0_dc1_ud1_nb0	365	2	0acbb33a757090a6
search_dp0_dc1_ud1_nb0	366	2	198c1f0846c5965f
search_dp0_dc1_ud1_nb0	367	11	89e0706fc7636119
search_dp0_dc1_ud1_nb0	368	2	13f24330619548ba
search_dp0_dc1_ud1_nb0	369	26	b521feb873a5332d
search_dp0_dc1_ud1_nb0	370	6	c2b6a6d77ac0c54c
search_dp0_dc1_ud1_nb0	371	2	4cd07f8f33b23519
search_dp0_dc1_ud1_nb0	372	4	aa2df6b92da370e0
search_dp0_dc1_ud1_nb0	373	5	c45f4864686173b7
search_dp0_dc1_ud1_nb0	374	70	032463dc6cd08e85
search_dp0_dc1_ud1_nb0	375	62	32a1541807fdc7ae
search_dp0_dc1_ud1_nb0	376	10	c1b63108770f5738
search_dp0_dc1_ud1_nb0	377	2	c417926d6aea0d9a
search_dp0_dc1_ud1_nb0	378	5	4037e9b3fa834bdd
search_dp0_dc1_ud1_nb0	379	11	8f28dcf2885617d0
search_dp0_dc1_ud1_nb0	380	72	fd1742d982043b1f
search_dp0_dc1_ud1_nb0	381	5	4d17118066878656
search_dp0_dc1_ud1_nb0	382	2	ee235b847f480214
search_dp0_dc1_ud1_nb0	383	3	ad5d12d2c70ba4e4
search_dp0_dc1_ud1_nb0	384	2	17487eeaec684a5e
search_dp0_dc1_ud1_nb0	385	2	60e9a85e50134bc4
search_dp0_dc1_ud1_nb0	386	170	522a0b282da8fca5
search_dp0_dc1_ud1_nb0	387	10	ea1f642c9ded811c
search_dp0_dc1_ud1_nb0	388	74	55b07353fca1271b
search_dp0_dc1_ud1_nb0	389	57	a25f8f84c5a0b014
search_dp0_dc1_ud1_nb0	390	10	d4a60f09b649bf3b
search_dp0_dc1_ud1_nb0	391	10	28af2cef007ba47a
search_dp0_dc1_ud1_nb0	392	23	3c8f3e817b9c13a5
search_dp0_dc1_ud1_nb0	393	7	0ab9a0f8602eac2c
search_dp0_dc1_ud1_nb0	394	2	9e5b2dc50953735f
search_dp0_dc1_ud1_nb0	395	8	1d0cbac2855de629
search_dp0_dc1_ud1_nb0	396	25	0c090e08f9ff7667
search_dp0_dc1_ud1_nb0	397	70	29a19dec680f8796
search_dp0_dc1_ud1_nb0	398	181	091afda71e5ed182
search_dp0_dc1_ud1_nb0	399	5	db822238ba345a03
search_dp0_dc1_ud1_nb2000	0	2	fe3877f9123caf6f
search_dp0_dc1_ud1_nb2000	1	25	f895dece7a772bab
search_dp0_dc1_ud1_nb2000	2	188	80399ee55141af4f
search_dp0_dc1_ud1_nb2000	3	3	04752421978926ff
search_dp0_dc1_ud1_nb2000	4	64	4bc630a693979da6
search_dp0_dc1_ud1_nb2000	5	5	0e2fd5c7671bbc23
search_dp0_dc1_ud1_nb2000	6	67	87fd6e24b6374980
search_dp0_dc1_ud1_nb2000	7	184	6ac78e6f20f08471
search_dp0_dc1_ud1_nb2000	8	164	95bdf46572e1fc90
search_dp0_dc1_ud1_nb2000	9	67	58910236bc7536c5
search_dp0_dc1_ud1_nb2000	10	67	a83ca090a5765221
search_dp0_dc1_ud1_nb2000	11	71	b7570bffe931508c
search_dp0_dc1_ud1_nb2000	12	6	e25a0797ac94cbf4
search_dp0_dc1_ud1_nb2000	13	2	4fa0cf4bc5d18d38
search_dp0_dc1_ud1_nb2000	14	6	06cb917caa7530f2
search_dp0_dc1_ud1_nb2000	15	5	d3d9c8acac5507f9
search_dp0_dc1_ud1_nb2000	16	33	ca8f4d84c0884a33
search_dp0_dc1_ud1_nb2000	17	2	5420621e61e6b2de
search_dp0_dc1_ud1_nb2000	18	5	3d71f266a2e565b8
search_dp0_dc1_ud1_nb2000	19	3	5892385b1aec09f4
search_dp0_dc1_ud1_nb2000	20	60	277585a41347671e
search_dp0_dc1_ud1_nb2000	21	66	25596d173f11a0bf
search_dp0_dc1_ud1_nb2000	22	2	b2b47f5335448eeb
search_dp0_dc1_ud1_nb2000	23	162	b947b74d855df208
search_dp0_dc1_ud1_nb2000	24	2	4ee24f53fa50f5fb
search_dp0_dc1_ud1_nb2000	25	2	210c11ef7723c39c
search_dp0_dc1_ud1_nb2000	26	27	b54b18ad67c1e81f
search_dp0_dc1_ud1_nb2000	27	2	7a76b7ba3a15016d
search_dp0_dc1_ud1_nb2000	28	6	eb675bbe82f65a03
search_dp0_dc1_ud1_nb2000	29	2	0d2b0764438b4218
search_dp0_dc1_ud1_nb2000	30	5	69ec4105565c89a1
search_dp0_dc1_ud1_nb2000	31	2	115a740f9cd9a619
search_dp0_dc1_ud1_nb2000	32	161	ec68556c91a149f4
search_dp0_dc1_ud1_nb2000	33	3	fb073d01787c3389
search_dp0_dc1_ud1_nb2000	34	5	b5aca246e8c003fe
search_dp0_dc1_ud1_nb2000	35	165	d504e632896dabaf
search_dp0_dc1_ud1_nb2000	36	10	2be47a4d65d010cf
search_dp0_dc1_ud1_nb2000	37	84	22222c50138a1086
search_dp0_dc1_ud1_nb2000	38	22	72b27f15ef10a1bc
search_dp0_dc1_ud1_nb2000	39	165	c8c53dddcff93352
search_dp0_dc1_ud1_nb2000	40	175	3b5d18d547e49958
search_dp0_dc1_ud1_nb2000	41	31	df4e0d5888ada439
search_dp0_dc1_ud1_nb2000	42	9	0a9712f00d2660bb
search_dp0_dc1_ud1_nb2000	43	2	d62bc83a3fc4ad67
search_dp0_dc1_ud1_nb2000	44	2	8946d53fe3b107ce
search_dp0_dc1_ud1_nb2000	45	10	2c77cd1587197a55
search_dp0_dc1_ud1_nb2000	46	24	f8be0763d51b363d
search_dp0_dc1_ud1_nb2000	47	79	411869c9b5d52b38
search_dp0_dc1_ud1_nb2000	48	10	08b4bf4392ca0976
search_dp0_dc1_ud1_nb2000	49	6	2ce67d3a0a7e82bc
search_dp0_dc1_ud1_nb2000	50	3	fd89f6049da2aafa
search_dp0_dc1_ud1_nb2000	51	34	4cfcd83513322589
search_dp0_dc1_ud1_nb2000	52	2	fd08e8dd823f631e
search_dp0_dc1_ud1_nb2000	53	8	cf618e5da383bd99
search_dp0_dc1_ud1_nb2000	54	4	90ac7107270a7322
search_dp0_dc1_ud1_nb2000	55	68	e4b34d909d0b6820
search_dp0_dc1_ud1_nb2000	56	10	425e69fb62177c9b
search_dp0_dc1_ud1_nb2000	57	2	d8c21a02c79c5d2f
search_dp0_dc1_ud1_nb2000	58	5	8f407593ca494b69
search_dp0_dc1_ud1_nb2000	59	32	128dda7aa9c4c7fa
search_dp0_dc1_ud1_nb2000	60	3	90e544c7aa820b5e
search_dp0_dc1_ud1_nb2000	61	2	50c0e5e565e77d9f
search_dp0_dc1_ud1_nb2000	62	3	490e58d435ecad3e
search_dp0_dc1_ud1_nb2000	63	23	cf5ba468d7487799
search_dp0_dc1_ud1_nb2000	64	65	acf80a78f014d082
search_dp0_dc1_ud1_nb2000	65	6	18374a0373c87375
search_dp0_dc1_ud1_nb2000	66	2	183418e639303309
search_dp0_dc1_ud1_nb2000	67	9	837b9fd685ada532
search_dp0_dc1_ud1_nb2000	68	8	8178a98c703434b1
search_dp0_dc1_ud1_nb2000	69	72	3b56ec0cd14e007c
search_dp0_dc1_ud1_nb2000	70	7	0167c411519f02aa
search_dp0_dc1_ud1_nb2000	71	15	6b43b59646407b82
search_dp0_dc1_ud1_nb2000	72	26	0b4575cf519ae041
search_dp0_dc1_ud1_nb2000	73	63	2099472d287c32ac
search_dp0_dc1_ud1_nb2000	74	3	1fa1bda149e03db8
search_dp0_dc1_ud1_nb2000	75	3	27658063d81c7912
search_dp0_dc1_ud1_nb2000	76	74	72a4ba01573c65ba
search_dp0_dc1_ud1_nb2000	77	2	72f99e536ffd074b
search_dp0_dc1_ud1_nb2000	78	3	561e686feba94de6
search_dp0_dc1_ud1_nb2000	79	13	aaa4bd3ecf8f5640
search_dp0_dc1_ud1_nb2000	80	2	0fb37fca75143919
search_dp0_dc1_ud1_nb2000	81	9	1639b51d3ae74059
search_dp0_dc1_ud1_nb2000	82	172	3aecc7aacd1e913c
search_dp0_dc1_ud1_nb2000	83	6	f1015c348b042132
search_dp0_dc1_ud1_nb2000	84	3	98be6817fedd840d
search_dp0_dc1_ud1_nb2000	85	70	d33ad4a2dcbc0028
search_dp0_dc1_ud1_nb2000	86	9	c218be81f282ceb9
search_dp0_dc1_ud1_nb2000	87	27	e14aaf38f87983d9
search_dp0_dc1_ud1_nb2000	88	29	1d70f1dea01861e0
search_dp0_dc1_ud1_nb2000	89	171	aa0ac926e0c319d7
search_dp0_dc1_ud1_nb2000	90	3	34f7b7a47589cbb8
search_dp0_dc1_ud1_nb2000	91	174	3adefaa913c33efc
search_dp0_dc1_ud1_nb2000	92	5	90c2225b0e0d3f2c
search_dp0_dc1_ud1_nb2000	93	9	4f3ef11b2e70c9d3
search_dp0_dc1_ud1_nb2000	94	6	98a1472c66a9b589
search_dp0_dc1_ud1_nb2000	95	168	e0a9c785672e47e8
search_dp0_dc1_ud1_nb2000	96	71	e0317a05214f3cad
search_dp0_dc1_ud1_nb2000	97	6	d0f6ce909212a479
search_dp0_dc1_ud1_nb2000	98	5	3e9a59cbbb2debe0
search_dp0_dc1_ud1_nb2000	99	9	71b2b97da4b7f291
search_dp0_dc1_ud1_nb2000	100	7	494ba0be47081fb9
search_dp0_dc1_ud1_nb2000	101	2	3ff37d05d9e89fc7
search_dp0_dc1_ud1_nb2000	102	67	6bfb4079f5269693
search_dp0_dc1_ud1_nb2000	103	36	22e733c240de6c91
search_dp0_dc1_ud1_nb2000	104	2	548f1ccaebf16d95
search_dp0_dc1_ud1_nb2000	105	2	5e1645b8765c83f3
search_dp0_dc1_ud1_nb2000	106	29	5e1d1398ba82fe2e
search_dp0_dc1_ud1_nb2000	107	170	800a7f4d8daf15c9
search_dp0_dc1_ud1_nb2000	108	64	01abf6d03125fb69
search_dp0_dc1_ud1_nb2000	109	29	f3c6bcc8ee2a91cb
search_dp0_dc1_ud1_nb2000	110	6	eaa23448c06ebdc7
search_dp0_dc1_ud1_nb2000	111	3	01911c6ee2172564
search_dp0_dc1_ud1_nb2000	112	3	616126a74fbcf785
search_dp0_dc1_ud1_nb2000	113	2	60b1555914b64347
search_dp0_dc1_ud1_nb2000	114	154	465dfb6ae52e7e52
search_dp0_dc1_ud1_nb2000	115	3	de6fd2bd545408c7
search_dp0_dc1_ud1_nb2000	116	3	188df6e0b9010d74
search_dp0_dc1_ud1_nb2000	117	172	1683e91a1675538a
search_dp0_dc1_ud1_nb2000	118	179	4dc1cadcac0c47a2
search_dp0_dc1_ud1_nb2000	119	2	fa3b1b21769c99bc
search_dp0_dc1_ud1_nb2000	120	160	55d132ca1a02149c
search_dp0_dc1_ud1_nb2000	121	78	e42250cb782cc597
search_dp0_dc1_ud1_nb2000	122	186	dcd384b892ebc83b
search_dp0_dc1_ud1_nb2000	123	2	737f3e1167508935
search_dp0_dc1_ud1_nb2000	124	65	cfdd1ac6fe10bf1a
search_dp0_dc1_ud1_nb2000	125	6	ee02dd66d95d2d06
search_dp0_dc1_ud1_nb2000	126	10	55bd907aef5e856d
search_dp0_dc1_ud1_nb2000	127	2	814dccc6d2006e69
search_dp0_dc1_ud1_nb2000	128	29	0980d24a38b38086
search_dp0_dc1_ud1_nb2000	129	70	44e11d55b79541df
search_dp0_dc1_ud1_nb2000	130	2	af2325e713679114
search_dp0_dc1_ud1_nb2000	131	164	2bb2a268bb2a6da5
search_dp0_dc1_ud1_nb2000	132	171	5e0c4f7b73b06808
search_dp0_dc1_ud1_nb2000	133	2	80af669c13559a46
search_dp0_dc1_ud1_nb2000	134	10	97ceea39277c0000
search_dp0_dc1_ud1_nb2000	135	2	785032ef26619839
search_dp0_dc1_ud1_nb2000	136	2	cff4c6b51ab8d1e1
search_dp0_dc1_ud1_nb2000	137	3	1dc709adf506815a
search_dp0_dc1_ud1_nb2000	138	168	15a702687c718edb
search_dp0_dc1_ud1_nb2000	139	170	c36fa9d87b1c49de
search_dp0_dc1_ud1_nb2000	140	5	d0eb69f59bc41631
search_dp0_dc1_ud1_nb2000	141	8	652decbde067615b
search_dp0_dc1_ud1_nb2000	142	9	73cf93aa8b725dec
search_dp0_dc1_ud1_nb2000	143	2	6ff6b8bc6619ae66
search_dp0_dc1_ud1_nb2000	144	12	6f1378924acc2934
search_dp0_dc1_ud1_nb2000	145	61	74b1cf40358c969b
search_dp0_dc1_ud1_nb2000	146	70	7c27f0ef3725dcf9
search_dp0_dc1_ud1_nb2000	147	18	212fe03f188d4dff
search_dp0_dc1_ud1_nb2000	148	24	373426e7392d3028
search_dp0_dc1_ud1_nb2000	149	2	0e7a7d4215ecf15a
search_dp0_dc1_ud1_nb2000	150	5	43684eed2bcb39aa
search_dp0_dc1_ud1_nb2000	151	7	8c24f002cdd8b0bc
search_dp0_dc1_ud1_nb2000	152	76	902c2f8e54a0924f
search_dp0_dc1_ud1_nb2000	153	176	374d87e165ca7aeb
search_dp0_dc1_ud1_nb2000	154	2	60a2b5c9c2e0e62a
search_dp0_dc1_ud1_nb2000	155	65	acaddb21036137d8
search_dp0_dc1_ud1_nb2000	156	25	d9c1718dc745ed80
search_dp0_dc1_ud1_nb2000	157	3	6a36bc7972855e92
search_dp0_dc1_ud1_nb2000	158	5	8ce90f0f7bf36777
search_dp0_dc1_ud1_nb2000	159	64	aa1f12676daabb7f
search_dp0_dc1_ud1_nb2000	160	11	eb1e8546f2633505
search_dp0_dc1_ud1_nb2000	161	2	a1619a4837419d10
search_dp0_dc1_ud1_nb2000	162	167	4f7ab6ad48394eac
search_dp0_dc1_ud1_nb2000	163	9	d9a987cafc69b052
search_dp0_dc1_ud1_nb2000	164	2	e08c08885d04564b
search_dp0_dc1_ud1_nb2000	165	3	5c538693c1431f4b
search_dp0_dc1_ud1_nb2000	166	182	a9840aea52e6ffd5
search_dp0_dc1_ud1_nb2000	167	71	ec83e592ae15d786
search_dp0_dc1_ud1_nb2000	168	2	7f186e27c595ab14
search_dp0_dc1_ud1_nb2000	169	11	a2e05d8dfbe435b9
search_dp0_dc1_ud1_nb2000	170	2	9a10e7aed7584972
search_dp0_dc1_ud1_nb2000	171	63	7f3a33ccac038c1c
search_dp0_dc1_ud1_nb2000	172	6	27e5f69c88e26f40
search_dp0_dc1_ud1_nb2000	173	8	c803a1bbd5e5d047
search_dp0_dc1_ud1_nb2000	174	29	010642521d6221cc
search_dp0_dc1_ud1_nb2000	175	2	72c15ba8f0c9d153
search_dp0_dc1_ud1_nb2000	176	175	58fb970f68f23e8b
search_dp0_dc1_ud1_nb2000	177	3	c218bc9ef317b912
search_dp0_dc1_ud1_nb2000	178	2	edb8b080a73ec176
search_dp0_dc1_ud1_nb2000	179	56	e80ac5b795d2df00
search_dp0_dc1_ud1_nb2000	180	171	9c6bd519b51dd42e
search_dp0_dc1_ud1_nb2000	181	70	e7d0816c661b397a
search_dp0_dc1_ud1_nb2000	182	6	b5bec723cdeb5f21
search_dp0_dc1_ud1_nb2000	183	2	f715da348003fd36
search_dp0_dc1_ud1_nb2000	184	10	17684c733aeb906a
search_dp0_dc1_ud1_nb2000	185	162	ad86462256c5d2fd
search_dp0_dc1_ud1_nb2000	186	2	f4c5fe0c958f3e6d
search_dp0_dc1_ud1_nb2000	187	66	62252d611516e2c2
search_dp0_dc1_ud1_nb2000	188	6	095e851ce7fee1b7
search_dp0_dc1_ud1_nb2000	189	3	4275562cef33e65f
search_dp0_dc1_ud1_nb2000	190	3	01ea72aab73b6f2d
search_dp0_dc1_ud1_nb2000	191	176	ea84d17e08417dd6
search_dp0_dc1_ud1_nb2000	192	5	ae1a712b3ffd0260
search_dp0_dc1_ud1_nb2000	193	3	9d88783521a38ff1
search_dp0_dc1_ud1_nb2000	194	66	b39264a7d36aa006
search_dp0_dc1_ud1_nb2000	195	62	226395ea929ea833
search_dp0_dc1_ud1_nb2000	196	175	5eedb1a5888d9ba7
search_dp0_dc1_ud1_nb2000	197	11	2547b6a490f3ba28
search_dp0_dc1_ud1_nb2000	198	2	9ae12495235be9b1
search_dp0_dc1_ud1_nb2000	199	11	53a982c28c73c81c
search_dp0_dc1_ud1_nb2000	200	74	3751fd202ad599d5
search_dp0_dc1_ud1_nb2000	201	6	6af7fbc304f8b8b5
search_dp0_dc1_ud1_nb2000	202	3	9867b26f89bd75b4
search_dp0_dc1_ud1_nb2000	203	26	d950d6b3b4253622
search_dp0_dc1_ud1_nb2000	204	65	5e2c79a2c3ed15cd
search_dp0_dc1_ud1_nb2000	205	10	b10739592a1334cc
search_dp0_dc1_ud1_nb2000	206	183	5b54f73769a5d9a5
search_dp0_dc1_ud1_nb2000	207	80	fe5bbb2d6b57cdd0
search_dp0_dc1_ud1_nb2000	208	62	d1916f38b4d0e0b7
search_dp0_dc1_ud1_nb2000	209	2	7e406aca15207b29
search_dp0_dc1_ud1_nb2000	210	3	27aa91d89ced92ad
search_dp0_dc1_ud1_nb2000	211	11	61885b35806c0d03
search_dp0_dc1_ud1_nb2000	212	10	444c139ff47cb46c
search_dp0_dc1_ud1_nb2000	213	3	edd5359814ad33df
search_dp0_dc1_ud1_nb2000	214	23	f013cdc15f99bca8
search_dp0_dc1_ud1_nb2000	215	5	74ba7792595c3310
search_dp0_dc1_ud1_nb2000	216	72	f30c1739a572daf1
search_dp0_dc1_ud1_nb2000	217	7	0b07839a407a37a5
search_dp0_dc1_ud1_nb2000	218	8	87fc2988054c7275
search_dp0_dc1_ud1_nb2000	219	5	afc62d7020f46179
search_dp0_dc1_ud1_nb2000	220	25	80c6e3456046a750
search_dp0_dc1_ud1_nb2000	221	8	1e66083965185e02
search_dp0_dc1_ud1_nb2000	222	2	155847d504fd75bd
search_dp0_dc1_ud1_nb2000	223	3	dfc8d2c7aa545cda
search_dp0_dc1_ud1_nb2000	224	5	5c4804092e86054c
search_dp0_dc1_ud1_nb2000	225	2	2832a96cf84da5d8
search_dp0_dc1_ud1_nb2000	226	181	97de48d6b6ebb0a4
search_dp0_dc1_ud1_nb2000	227	2	bfb74ba3b9454e97
search_dp0_dc1_ud1_nb2000	228	30	125c4641d1faaca2
search_dp0_dc1_ud1_nb2000	229	4	00a3f85f65b1531d
search_dp0_dc1_ud1_nb2000	230	57	720545bc3e020f64
search_dp0_dc1_ud1_nb2000	231	6	b327776c5662a820
search_dp0_dc1_ud1_nb2000	232	3	5612032716e11f80
search_dp0_dc1_ud1_nb2000	233	29	4002ea50291af003
search_dp0_dc1_ud1_nb2000	234	3	93f59ad12e846f0f
search_dp0_dc1_ud1_nb2000	235	63	0e29b17295dd979d
search_dp0_dc1_ud1_nb2000	236	2	d481bfb675d614dd
search_dp0_dc1_ud1_nb2000	237	6	9c374886d19d58e2
search_dp0_dc1_ud1_nb2000	238	30	a40641c9a1660f3d
search_dp0_dc1_ud1_nb2000	239	2	4b70e50b8edc6292
search_dp0_dc1_ud1_nb2000	240	6	b9b7ef9ad45d886d
search_dp0_dc1_ud1_nb2000	241	3	b2635722d8d798e2
search_dp0_dc1_ud1_nb2000	242	5	dcae176c8012b891
search_dp0_dc1_ud1_nb2000	243	31	f8bcfb67b2d875e7
search_dp0_dc1_ud1_nb2000	244	3	ec05ce6608dc3176
search_dp0_dc1_ud1_nb2000	245	26	bee196c220463511
search_dp0_dc1_ud1_nb2000	246	175	9c9f0e70857a72e6
search_dp0_dc1_ud1_nb2000	247	3	e0853c840dd1fdaf
search_dp0_dc1_ud1_nb2000	248	67	593321edf0fe32fb
search_dp0_dc1_ud1_nb2000	249	176	1992285da1a2881b
search_dp0_dc1_ud1_nb2000	250	71	5301f31f05cb8abc
search_dp0_dc1_ud1_nb2000	251	68	0c768002d82de105
search_dp0_dc1_ud1_nb2000	252	9	9573efbba0b7e035
search_dp0_dc1_ud1_nb2000	253	5	68447a6baef27bb5
search_dp0_dc1_ud1_nb2000	254	7	23796885d75abc94
search_dp0_dc1_ud1_nb2000	255	67	445bc8635eeb629d
search_dp0_dc1_ud1_nb2000	256	2	551a63c2d76181f6
search_dp0_dc1_ud1_nb2000	257	11	7be012cedd4a7b9e
search_dp0_dc1_ud1_nb2000	258	77	29aaa7076129a14f
search_dp0_dc1_ud1_nb2000	259	27	f63d593afb2116a0
search_dp0_dc1_ud1_nb2000	260	2	adbb7c7175eb6e52
search_dp0_dc1_ud1_nb2000	261	2	f76307a603dd2a5d
search_dp0_dc1_ud1_nb2000	262	9	25ff801e8277608d
search_dp0_dc1_ud1_nb2000	263	4	26ad5b1db2402826
search_dp0_dc1_ud1_nb2000	264	32	a00361935261b366
search_dp0_dc1_ud1_nb2000	265	3	9f8d916961924fb4
search_dp0_dc1_ud1_nb2000	266	5	1b0ff3783fc45349
search_dp0_dc1_ud1_nb2000	267	3	318574d728fb4773
search_dp0_dc1_ud1_nb2000	268	2	8d2a9efba4c33051
search_dp0_dc1_ud1_nb2000	269	66	9b7abd4fd4120ff3
search_dp0_dc1_ud1_nb2000	270	28	bd6825e43716288f
search_dp0_dc1_ud1_nb2000	271	162	f7abda6b3fc20597
search_dp0_dc1_ud1_nb2000	272	70	e2e96b19632ad957
search_dp0_dc1_ud1_nb2000	273	2	6f51285605f5b665
search_dp0_dc1_ud1_nb2000	274	31	f5015ad63afb8a25
search_dp0_dc1_ud1_nb2000	275	3	33846b194a9c5819
search_dp0_dc1_ud1_nb2000	276	172	fd6ec06d382c5d38
search_dp0_dc1_ud1_nb2000	277	9	3eb17629cd58a40a
search_dp0_dc1_ud1_nb2000	278	170	a78bfb3b0e64eb57
search_dp0_dc1_ud1_nb2000	279	29	420c26c233a40541
search_dp0_dc1_ud1_nb2000	280	3	20205e6f2da9609c
search_dp0_dc1_ud1_nb2000	281	3	62652c0a1c0a640d
search_dp0_dc1_ud1_nb2000	282	2	9a10022c0daaddb3
search_dp0_dc1_ud1_nb2000	283	30	5ae746c235dc4ab8
search_dp0_dc1_ud1_nb2000	284	6	1517db2fd2f8a36a
search_dp0_dc1_ud1_nb2000	285	15	c5e1c9d0dc12576e
search_dp0_dc1_ud1_nb2000	286	11	50cc5c7186fe2f57
search_dp0_dc1_ud1_nb2000	287	178	ae54469988f3e16c
search_dp0_dc1_ud1_nb2000	288	5	5908aefedc42ad88
search_dp0_dc1_ud1_nb2000	289	3	74c1046dd66082f6
search_dp0_dc1_ud1_nb2000	290	2	0f3051d3fcbf1a41
search_dp0_dc1_ud1_nb2000	291	175	25dec6656135f2eb
search_dp0_dc1_ud1_nb2000	292	3	97def42dec590a3f
search_dp0_dc1_ud1_nb2000	293	159	82ecbfc657c6f9c4
search_dp0_dc1_ud1_nb2000	294	70	b2000a282ac83bbe
search_dp0_dc1_ud1_nb2000	295	2	11246c95048adcd5
search_dp0_dc1_ud1_nb2000	296	163	daf258014d3c7d07
search_dp0_dc1_ud1_nb2000	297	175	55763274fbb0e917
search_dp0_dc1_ud1_nb2000	298	2	b4231c8b8bf14136
search_dp0_dc1_ud1_nb2000	299	3	17a5652bcb2e5c79
search_dp0_dc1_ud1_nb2000	300	6	b93a6252f4092a05
search_dp0_dc1_ud1_nb2000	301	65	80d20f9c7705a0e5
search_dp0_dc1_ud1_nb2000	302	9	df2ddd6318193891
search_dp0_dc1_ud1_nb2000	303	6	adb56fe1642e028b
search_dp0_dc1_ud1_nb2000	304	9	883b2d869787b773
search_dp0_dc1_ud1_nb2000	305	31	84775fd6936da0dd
search_dp0_dc1_ud1_nb2000	306	9	55d08a9e81a57ceb
search_dp0_dc1_ud1_nb2000	307	25	94bd6da21cc572d5
search_dp0_dc1_ud1_nb2000	308	166	4ab3dea8087bf72f
search_dp0_dc1_ud1_nb2000	309	2	49f285d1dbd9cded
search_dp0_dc1_ud1_nb2000	310	3	a19a9ddc616bc40b
search_dp0_dc1_ud1_nb2000	311	5	8d7b925db37adbff
search_dp0_dc1_ud1_nb2000	312	66	2cd4dcce32dbbfd2
search_dp0_dc1_ud1_nb2000	313	66	96a7ca79bde2ff95
search_dp0_dc1_ud1_nb2000	314	67	b3cd9fb3f0543885
search_dp0_dc1_ud1_nb2000	315	2	93bc5a015f549470
search_dp0_dc1_ud1_nb2000	316	174	fac1bff1c5b9ee9b
search_dp0_dc1_ud1_nb2000	317	6	be9404b2857e93a4
search_dp0_dc1_ud1_nb2000	318	3	0be369303603bc54
search_dp0_dc1_ud1_nb2000	319	165	3589af0dd08bb9c0
search_dp0_dc1_ud1_nb2000	320	29	29b81cd7ce3bfc84
search_dp0_dc1_ud1_nb2000	321	26	fe83fa67fbcd7ca0
search_dp0_dc1_ud1_nb2000	322	72	30e97fba9173bd34
search_dp0_dc1_ud1_nb2000	323	31	1c51def9cb87861a
search_dp0_dc1_ud1_nb2000	324	33	ca1e3c0d41a02c11
search_dp0_dc1_ud1_nb2000	325	9	1ead67206d92303e
search_dp0_dc1_ud1_nb2000	326	62	c9b5493d8261e74a
search_dp0_dc1_ud1_nb2000	327	3	d1fb661b574d678c
search_dp0_dc1_ud1_nb2000	328	9	b46f8687da127df1
search_dp0_dc1_ud1_nb2000	329	3	f08796570f531be3
search_dp0_dc1_ud1_nb2000	330	73	40ceda49227a1090
search_dp0_dc1_ud1_nb2000	331	2	e21106527266f843
search_dp0_dc1_ud1_nb2000	332	69	05ab259394bc7fd7
search_dp0_dc1_ud1_nb2000	333	69	afb16990cdd3c976
search_dp0_dc1_ud1_nb2000	334	162	5b0b214c3af97c5f
search_dp0_dc1_ud1_nb2000	335	25	1ccbb5e26436bcf3
search_dp0_dc1_ud1_nb2000	336	64	2303bb364fcb0601
search_dp0_dc1_ud1_nb2000	337	11	d6a86da1f58bf20f
search_dp0_dc1_ud1_nb2000	338	72	77228adad3d0a208
search_dp0_dc1_ud1_nb2000	339	79	64bfc91f33d68d25
search_dp0_dc1_ud1_nb2000	340	30	637e0e7c708f22e8
search_dp0_dc1_ud1_nb2000	341	3	6dc1fa2d9a40944f
search_dp0_dc1_ud1_nb2000	342	30	9e0c7e8cf32545f0
search_dp0_dc1_ud1_nb2000	343	189	fdcd7e24d7041d6a
search_dp0_dc1_ud1_nb2000	344	8	471a20c75631bc5b
search_dp0_dc1_ud1_nb2000	345	27	b8f4d8ac214ec105
search_dp0_dc1_ud1_nb2000	346	67	5ad960fdfca2adb7
search_dp0_dc1_ud1_nb2000	347	3	210ba93123af0172
search_dp0_dc1_ud1_nb2000	348	6	7338d3ddd2815dc0
search_dp0_dc1_ud1_nb2000	349	26	d6cdcd67aa59aa20
search_dp0_dc1_ud1_nb2000	350	10	41eb0cc2c5f497f0
search_dp0_dc1_ud1_nb2000	351	6	8f1fbe3d0f72da7e
search_dp0_dc1_ud1_nb2000	352	2	ce1ab59737c30339
search_dp0_dc1_ud1_nb2000	353	28	bde3abe13e6d6d36
search_dp0_dc1_ud1_nb2000	354	3	dca680b22649204f
search_dp0_dc1_ud1_nb2000	355	3	a581d4f3412436ff
search_dp0_dc1_ud1_nb2000	356	2	b36dc3cace10b5a9
search_dp0_dc1_ud1_nb2000	357	24	18466e007f3913b7
search_dp0_dc1_ud1_nb2000	358	2	f9fa6bf430f95da3
search_dp0_dc1_ud1_nb2000	359	2	2528591461d93ca8
search_dp0_dc1_ud1_nb2000	360	9	b047d46e7267783a
search_dp0_dc1_ud1_nb2000	361	3	189a983f4ca98b7c
search_dp0_dc1_ud1_nb2000	362	75	2bb6636f87d19bf2
search_dp0_dc1_ud1_nb2000	363	156	4016852ff58e4744
search_dp0_dc1_ud1_nb2000	364	10	26e247b908cf5f37
search_dp0_dc1_ud1_nb2000	365	2	0acbb33a757090a6
search_dp0_dc1_ud1_nb2000	366	2	198c1f0846c5965f
search_dp0_dc1_ud1_nb2000	367	11	89e0706fc7636119
search_dp0_dc1_ud1_nb2000	368	2	13f24330619548ba
search_dp0_dc1_ud1_nb2000	369	26	b521feb873a5332d
search_dp0_dc1_ud1_nb2000	370	6	c2b6a6d77ac0c54c
search_dp0_dc1_ud1_nb2000	371	2	4cd07f8f33b23519
search_dp0_dc1_ud1_nb2000	372	4	aa2df6b92da370e0
search_dp0_dc1_ud1_nb2000	373	5	c45f4864686173b7
search_dp0_dc1_ud1_nb2000	374	71	9f15f5d66bc06591
search_dp0_dc1_ud1_nb2000	375	62	32a1541807fdc7ae
search_dp0_dc1_ud1_nb2000	376	10	c1b63108770f5738
search_dp0_dc1_ud1_nb2000	377	2	c417926d6aea0d9a
search_dp0_dc1_ud1_nb2000	378	5	4037e9b3fa834bdd
search_dp0_dc1_ud1_nb2000	379	11	8f28dcf2885617d0
search_dp0_dc1_ud1_nb2000	380	73	be4064599c1fa53b
search_dp0_dc1_ud1_nb2000	381	5	4d17118066878656
search_dp0_dc1_ud1_nb2000	382	2	ee235b847f480214
search_dp0_dc1_ud1_nb2000	383	3	ad5d12d2c70ba4e4
search_dp0_dc1_ud1_nb2000	384	2	17487eeaec684a5e
search_dp0_dc1_ud1_nb2000	385	2	60e9a85e50134bc4
search_dp0_dc1_ud1_nb2000	386	173	72ae0891b8e78f36
search_dp0_dc1_ud1_nb2000	387	10	ea1f642c9ded811c
search_dp0_dc1_ud1_nb2000	388	74	55b07353fca1271b
search_dp0_dc1_ud1_nb2000	389	59	cea4d802264061ca
search_dp0_dc1_ud1_nb2000	390	10	d4a60f09b649bf3b
search_dp0_dc1_ud1_nb2000	391	10	28af2cef007ba47a
search_dp0_dc1_ud1_nb2000	392	23	3c8f3e817b9c13a5
search_dp0_dc1_ud1_nb2000	393	7	0ab9a0f8602eac2c
search_dp0_dc1_ud1_nb2000	394	2	9e5b2dc50953735f
search_dp0_dc1_ud1_nb2000	395	8	1d0cbac2855de629
search_dp0_dc1_ud1_nb2000	396	25	0c090e08f9ff7667
search_dp0_dc1_ud1_nb2000	397	70	29a19dec680f8796
search_dp0_dc1_ud1_nb2000	398	181	091afda71e5ed182
search_dp0_dc1_ud1_nb2000	399	5	db822238ba345a03
search_dp0_dc0_ud0_nb0	0	2	fe3877f9123caf6f
search_dp0_dc0_ud0_nb0	1	25	f895dece7a772bab
search_dp0_dc0_ud0_nb0	2	188	638007bc1f92d29d
search_dp0_dc0_ud0_nb0	3	3	04752421978926ff
search_dp0_dc0_ud0_nb0	4	64	a0ded37644b9daae
search_dp0_dc0_ud0_nb0	5	5	0e2fd5c7671bbc23
search_dp0_dc0_ud0_nb0	6	67	87fd6e24b6374980
search_dp0_dc0_ud0_nb0	7	183	6bb025e126526ddc
search_dp0_dc0_ud0_nb0	8	164	95bdf46572e1fc90
search_dp0_dc0_ud0_nb0	9	67	58910236bc7536c5
search_dp0_dc0_ud0_nb0	10	65	8b6e672cdfeab96d
search_dp0_dc0_ud0_nb0	11	71	b7570bffe931508c
search_dp0_dc0_ud0_nb0	12	6	e25a0797ac94cbf4
search_dp0_dc0_ud0_nb0	13	2	4fa0cf4bc5d18d38
search_dp0_dc0_ud0_nb0	14	6	06cb917caa7530f2
search_dp0_dc0_ud0_nb0	15	5	d3d9c8acac5507f9
search_dp0_dc0_ud0_nb0	16	31	747b3275f6559b83
search_dp0_dc0_ud0_nb0	17	2	5420621e61e6b2de
search_dp0_dc0_ud0_nb0	18	5	3d71f266a2e565b8
search_dp0_dc0_ud0_nb0	19	3	5892385b1aec09f4
search_dp0_dc0_ud0_nb0	20	60	277585a41347671e
search_dp0_dc0_ud0_nb0	21	66	515c7d215913ed68
search_dp0_dc0_ud0_nb0	22	2	b2b47f5335448eeb
search_dp0_dc0_ud0_nb0	23	161	b59ee6ebb2af9714
search_dp0_dc0_ud0_nb0	24	2	4ee24f53fa50f5fb
search_dp0_dc0_ud0_nb0	25	2	210c11ef7723c39c
search_dp0_dc0_ud0_nb0	26	27	b54b18ad67c1e81f
search_dp0_dc0_ud0_nb0	27	2	7a76b7ba3a15016d
search_dp0_dc0_ud0_nb0	28	6	eb675bbe82f65a03
search_dp0_dc0_ud0_nb0	29	2	0d2b0764438b4218
search_dp0_dc0_ud0_nb0	30	5	69ec4105565c89a1
search_dp0_dc0_ud0_nb0	31	2	115a740f9cd9a619
search_dp0_dc0_ud0_nb0	32	161	ec68556c91a149f4
search_dp0_dc0_ud0_nb0	33	3	fb073d01787c3389
search_dp0_dc0_ud0_nb0	34	5	b5aca246e8c003fe
search_dp0_dc0_ud0_nb0	35	165	d504e632896dabaf
search_dp0_dc0_ud0_nb0	36	10	2be47a4d65d010cf
search_dp0_dc0_ud0_nb0	37	84	22222c50138a1086
search_dp0_dc0_ud0_nb0	38	22	72b27f15ef10a1bc
search_dp0_dc0_ud0_nb0	39	163	1c5c41a50e6969de
search_dp0_dc0_ud0_nb0	40	175	3b5d18d547e49958
search_dp0_dc0_ud0_nb0	41	31	df4e0d5888ada439
search_dp0_dc0_ud0_nb0	42	9	0a9712f00d2660bb
search_dp0_dc0_ud0_nb0	43	2	d62bc83a3fc4ad67
search_dp0_dc0_ud0_nb0	44	2	8946d53fe3b107ce
search_dp0_dc0_ud0_nb0	45	10	2c77cd1587197a55
search_dp0_dc0_ud0_nb0	46	24	f8be0763d51b363d
search_dp0_dc0_ud0_nb0	47	79	bd0b2784d9b45f7e
search_dp0_dc0_ud0_nb0	48	10	08b4bf4392ca0976
search_dp0_dc0_ud0_nb0	49	6	2ce67d3a0a7e82bc
search_dp0_dc0_ud0_nb0	50	3	fd89f6049da2aafa
search_dp0_dc0_ud0_nb0	51	34	4cfcd83513322589
search_dp0_dc0_ud0_nb0	52	2	fd08e8dd823f631e
search_dp0_dc0_ud0_nb0	53	8	cf618e5da383bd99
search_dp0_dc0_ud0_nb0	54	4	90ac7107270a7322
search_dp0_dc0_ud0_nb0	55	68	e4b34d909d0b6820
search_dp0_dc0_ud0_nb0	56	10	425e69fb62177c9b
search_dp0_dc0_ud0_nb0	57	2	d8c21a02c79c5d2f
search_dp0_dc0_ud0_nb0	58	5	8f407593ca494b69
search_dp0_dc0_ud0_nb0	59	32	3d847320bddff8d6
search_dp0_dc0_ud0_nb0	60	3	90e544c7aa820b5e
search_dp0_dc0_ud0_nb0	61	2	50c0e5e565e77d9f
search_dp0_dc0_ud0_nb0	62	3	490e58d435ecad3e
search_dp0_dc0_ud0_nb0	63	23	cf5ba468d7487799
search_dp0_dc0_ud0_nb0	64	65	acf80a78f014d082
search_dp0_dc0_ud0_nb0	65	6	18374a0373c87375
search_dp0_dc0_ud0_nb0	66	2	183418e639303309
search_dp0_dc0_ud0_nb0	67	9	837b9fd685ada532
search_dp0_dc0_ud0_nb0	68	8	8178a98c703434b1
search_dp0_dc0_ud0_nb0	69	70	fe98c0fecee7b30a
search_dp0_dc0_ud0_nb0	70	6	47d8eac138ef74d0
search_dp0_dc0_ud0_nb0	71	15	6b43b59646407b82
search_dp0_dc0_ud0_nb0	72	26	0b4575cf519ae041
search_dp0_dc0_ud0_nb0	73	63	2099472d287c32ac
search_dp0_dc0_ud0_nb0	74	3	1fa1bda149e03db8
search_dp0_dc0_ud0_nb0	75	3	27658063d81c7912
search_dp0_dc0_ud0_nb0	76	74	6714cf2fa725503f
search_dp0_dc0_ud0_nb0	77	2	72f99e536ffd074b
search_dp0_dc0_ud0_nb0	78	3	561e686feba94de6
search_dp0_dc0_ud0_nb0	79	13	aaa4bd3ecf8f5640
search_dp0_dc0_ud0_nb0	80	2	0fb37fca75143919
search_dp0_dc0_ud0_nb0	81	9	1639b51d3ae74059
search_dp0_dc0_ud0_nb0	82	171	aeb07fa2bc9708fd
search_dp0_dc0_ud0_nb0	83	6	f1015c348b042132
search_dp0_dc0_ud0_nb0	84	3	98be6817fedd840d
search_dp0_dc0_ud0_nb0	85	70	d33ad4a2dcbc0028
search_dp0_dc0_ud0_nb0	86	9	c218be81f282ceb9
search_dp0_dc0_ud0_nb0	87	27	ee9af977ad770a0f
search_dp0_dc0_ud0_nb0	88	29	1d70f1dea01861e0
search_dp0_dc0_ud0_nb0	89	171	c3de26540644d3d5
search_dp0_dc0_ud0_nb0	90	3	34f7b7a47589cbb8
search_dp0_dc0_ud0_nb0	91	174	075fdb5e93b90113
search_dp0_dc0_ud0_nb0	92	5	90c2225b0e0d3f2c
search_dp0_dc0_ud0_nb0	93	9	4f3ef11b2e70c9d3
search_dp0_dc0_ud0_nb0	94	6	98a1472c66a9b589
search_dp0_dc0_ud0_nb0	95	168	8575a88f6a48bbcb
search_dp0_dc0_ud0_nb0	96	71	e0317a05214f3cad
search_dp0_dc0_ud0_nb0	97	6	d0f6ce909212a479
search_dp0_dc0_ud0_nb0	98	5	3e9a59cbbb2debe0
search_dp0_dc0_ud0_nb0	99	9	71b2b97da4b7f291
search_dp0_dc0_ud0_nb0	100	7	494ba0be47081fb9
search_dp0_dc0_ud0_nb0	101	2	3ff37d05d9e89fc7
search_dp0_dc0_ud0_nb0	102	66	ded7436ed15f2214
search_dp0_dc0_ud0_nb0	103	36	1d9aa7a770417de0
search_dp0_dc0_ud0_nb0	104	2	548f1ccaebf16d95
search_dp0_dc0_ud0_nb0	105	2	5e1645b8765c83f3
search_dp0_dc0_ud0_nb0	106	29	5e1d1398ba82fe2e
search_dp0_dc0_ud0_nb0	107	170	df376e552982cd59
search_dp0_dc0_ud0_nb0	108	64	01abf6d03125fb69
search_dp0_dc0_ud0_nb0	109	29	6ae86bf98d0bb1a2
search_dp0_dc0_ud0_nb0	110	6	eaa23448c06ebdc7
search_dp0_dc0_ud0_nb0	111	3	01911c6ee2172564
search_dp0_dc0_ud0_nb0	112	3	616126a74fbcf785
search_dp0_dc0_ud0_nb0	113	2	60b1555914b64347
search_dp0_dc0_ud0_nb0	114	154	465dfb6ae52e7e52
search_dp0_dc0_ud0_nb0	115	3	de6fd2bd545408c7
search_dp0_dc0_ud0_nb0	116	3	188df6e0b9010d74
search_dp0_dc0_ud0_nb0	117	170	28a9d75aeda566be
search_dp0_dc0_ud0_nb0	118	179	27eeb5cc16bb2afb
search_dp0_dc0_ud0_nb0	119	2	fa3b1b21769c99bc
search_dp0_dc0_ud0_nb0	120	160	55d132ca1a02149c
search_dp0_dc0_ud0_nb0	121	78	e42250cb782cc597
search_dp0_dc0_ud0_nb0	122	184	458d96b23acef4ce
search_dp0_dc0_ud0_nb0	123	2	737f3e1167508935
search_dp0_dc0_ud0_nb0	124	65	cfdd1ac6fe10bf1a
search_dp0_dc0_ud0_nb0	125	6	ee02dd66d95d2d06
search_dp0_dc0_ud0_nb0	126	10	55bd907aef5e856d
search_dp0_dc0_ud0_nb0	127	2	814dccc6d2006e69
search_dp0_dc0_ud0_nb0	128	29	0980d24a38b38086
search_dp0_dc0_ud0_nb0	129	70	44e11d55b79541df
search_dp0_dc0_ud0_nb0	130	2	af2325e713679114
search_dp0_dc0_ud0_nb0	131	164	2bb2a268bb2a6da5
search_dp0_dc0_ud0_nb0	132	170	ee9c262a53e6ce75
search_dp0_dc0_ud0_nb0	133	2	80af669c13559a46
search_dp0_dc0_ud0_nb0	134	10	97ceea39277c0000
search_dp0_dc0_ud0_nb0	135	2	785032ef26619839
search_dp0_dc0_ud0_nb0	136	2	cff4c6b51ab8d1e1
search_dp0_dc0_ud0_nb0	137	3	1dc709adf506815a
search_dp0_dc0_ud0_nb0	138	168	15a702687c718edb
search_dp0_dc0_ud0_nb0	139	168	6193ccb59e5373cb
search_dp0_dc0_ud0_nb0	140	5	d0eb69f59bc41631
search_dp0_dc0_ud0_nb0	141	8	652decbde067615b
search_dp0_dc0_ud0_nb0	142	9	73cf93aa8b725dec
search_dp0_dc0_ud0_nb0	143	2	6ff6b8bc6619ae66
search_dp0_dc0_ud0_nb0	144	12	f0af45fc4401cb91
search_dp0_dc0_ud0_nb0	145	61	74b1cf40358c969b
search_dp0_dc0_ud0_nb0	146	70	7c27f0ef3725dcf9
search_dp0_dc0_ud0_nb0	147	18	212fe03f188d4dff
search_dp0_dc0_ud0_nb0	148	24	373426e7392d3028
search_dp0_dc0_ud0_nb0	149	2	0e7a7d4215ecf15a
search_dp0_dc0_ud0_nb0	150	5	43684eed2bcb39aa
search_dp0_dc0_ud0_nb0	151	7	8c24f002cdd8b0bc
search_dp0_dc0_ud0_nb0	152	75	c587111175744038
search_dp0_dc0_ud0_nb0	153	176	374d87e165ca7aeb
search_dp0_dc0_ud0_nb0	154	2	60a2b5c9c2e0e62a
search_dp0_dc0_ud0_nb0	155	65	acaddb21036137d8
search_dp0_dc0_ud0_nb0	156	25	d9c1718dc745ed80
search_dp0_dc0_ud0_nb0	157	3	6a36bc7972855e92
search_dp0_dc0_ud0_nb0	158	5	8ce90f0f7bf36777
search_dp0_dc0_ud0_nb0	159	64	aa1f12676daabb7f
search_dp0_dc0_ud0_nb0	160	11	eb1e8546f2633505
search_dp0_dc0_ud0_nb0	161	2	a1619a4837419d10
search_dp0_dc0_ud0_nb0	162	165	f5a6070002e76bb3
search_dp0_dc0_ud0_nb0	163	9	d9a987cafc69b052
search_dp0_dc0_ud0_nb0	164	2	e08c08885d04564b
search_dp0_dc0_ud0_nb0	165	3	5c538693c1431f4b
search_dp0_dc0_ud0_nb0	166	182	a9840aea52e6ffd5
search_dp0_dc0_ud0_nb0	167	71	58aa5bafcd374b59
search_dp0_dc0_ud0_nb0	168	2	7f186e27c595ab14
search_dp0_dc0_ud0_nb0	169	11	a2e05d8dfbe435b9
search_dp0_dc0_ud0_nb0	170	2	9a10e7aed7584972
search_dp0_dc0_ud0_nb0	171	62	015e89e1388c8f74
search_dp0_dc0_ud0_nb0	172	6	27e5f69c88e26f40
search_dp0_dc0_ud0_nb0	173	8	c803a1bbd5e5d047
search_dp0_dc0_ud0_nb0	174	29	0099e48afff0f5d1
search_dp0_dc0_ud0_nb0	175	2	72c15ba8f0c9d153
search_dp0_dc0_ud0_nb0	176	175	c2e598b2c1cbd798
search_dp0_dc0_ud0_nb0	177	3	c218bc9ef317b912
search_dp0_dc0_ud0_nb0	178	2	edb8b080a73ec176
search_dp0_dc0_ud0_nb0	179	56	e80ac5b795d2df00
search_dp0_dc0_ud0_nb0	180	169	b86b8128803c7b0b
search_dp0_dc0_ud0_nb0	181	70	e7d0816c661b397a
search_dp0_dc0_ud0_nb0	182	6	b5bec723cdeb5f21
search_dp0_dc0_ud0_nb0	183	2	f715da348003fd36
search_dp0_dc0_ud0_nb0	184	10	17684c733aeb906a
search_dp0_dc0_ud0_nb0	185	162	846dc9924cd736a0
search_dp0_dc0_ud0_nb0	186	2	f4c5fe0c958f3e6d
search_dp0_dc0_ud0_nb0	187	66	11db970b0d5dd986
search_dp0_dc0_ud0_nb0	188	6	095e851ce7fee1b7
search_dp0_dc0_ud0_nb0	189	3	4275562cef33e65f
search_dp0_dc0_ud0_nb0	190	3	01ea72aab73b6f2d
search_dp0_dc0_ud0_nb0	191	176	ea84d17e08417dd6
search_dp0_dc0_ud0_nb0	192	5	ae1a712b3ffd0260
search_dp0_dc0_ud0_nb0	193	3	9d88783521a38ff1
search_dp0_dc0_ud0_nb0	194	66	9aae0cf6812c98b7
search_dp0_dc0_ud0_nb0	195	60	34197bff4cf93940
search_dp0_dc0_ud0_nb0	196	174	513a985efd9b9547
search_dp0_dc0_ud0_nb0	197	11	2547b6a490f3ba28
search_dp0_dc0_ud0_nb0	198	2	9ae12495235be9b1
search_dp0_dc0_ud0_nb0	199	11	53a982c28c73c81c
search_dp0_dc0_ud0_nb0	200	74	3751fd202ad599d5
search_dp0_dc0_ud0_nb0	201	6	6af7fbc304f8b8b5
search_dp0_dc0_ud0_nb0	202	3	9867b26f89bd75b4
search_dp0_dc0_ud0_nb0	203	26	d950d6b3b4253622
search_dp0_dc0_ud0_nb0	204	65	ba1c8ef3172bbee9
search_dp0_dc0_ud0_nb0	205	10	b10739592a1334cc
search_dp0_dc0_ud0_nb0	206	183	b2fa0b78ca98a70b
search_dp0_dc0_ud0_nb0	207	80	a4623116914d6513
search_dp0_dc0_ud0_nb0	208	62	a575b63caed646fd
search_dp0_dc0_ud0_nb0	209	2	7e406aca15207b29
search_dp0_dc0_ud0_nb0	210	3	27aa91d89ced92ad
search_dp0_dc0_ud0_nb0	211	11	61885b35806c0d03
search_dp0_dc0_ud0_nb0	212	10	444c139ff47cb46c
search_dp0_dc0_ud0_nb0	213	3	edd5359814ad33df
search_dp0_dc0_ud0_nb0	214	23	f013cdc15f99bca8
search_dp0_dc0_ud0_nb0	215	5	74ba7792595c3310
search_dp0_dc0_ud0_nb0	216	72	5aa9934a7e0ae0d4
search_dp0_dc0_ud0_nb0	217	7	0b07839a407a37a5
search_dp0_dc0_ud0_nb0	218	8	87fc2988054c7275
search_dp0_dc0_ud0_nb0	219	5	afc62d7020f46179
search_dp0_dc0_ud0_nb0	220	25	80c6e3456046a750
search_dp0_dc0_ud0_nb0	221	8	1e66083965185e02
search_dp0_dc0_ud0_nb0	222	2	155847d504fd75bd
search_dp0_dc0_ud0_nb0	223	3	dfc8d2c7aa545cda
search_dp0_dc0_ud0_nb0	224	5	5c4804092e86054c
search_dp0_dc0_ud0_nb0	225	2	2832a96cf84da5d8
search_dp0_dc0_ud0_nb0	226	181	97de48d6b6ebb0a4
search_dp0_dc0_ud0_nb0	227	2	bfb74ba3b9454e97
search_dp0_dc0_ud0_nb0	228	30	125c4641d1faaca2
search_dp0_dc0_ud0_nb0	229	4	00a3f85f65b1531d
search_dp0_dc0_ud0_nb0	230	57	720545bc3e020f64
search_dp0_dc0_ud0_nb0	231	6	b327776c5662a820
search_dp0_dc0_ud0_nb0	232	3	5612032716e11f80
search_dp0_dc0_ud0_nb0	233	29	4002ea50291af003
search_dp0_dc0_ud0_nb0	234	3	93f59ad12e846f0f
search_dp0_dc0_ud0_nb0	235	63	0e29b17295dd979d
search_dp0_dc0_ud0_nb0	236	2	d481bfb675d614dd
search_dp0_dc0_ud0_nb0	237	6	b04711e899c41616
search_dp0_dc0_ud0_nb0	238	30	a40641c9a1660f3d
search_dp0_dc0_ud0_nb0	239	2	4b70e50b8edc6292
search_dp0_dc0_ud0_nb0	240	6	b9b7ef9ad45d886d
search_dp0_dc0_ud0_nb0	241	3	b2635722d8d798e2
search_dp0_dc0_ud0_nb0	242	5	dcae176c8012b891
search_dp0_dc0_ud0_nb0	243	31	b1e68c1a5ff5d1e2
search_dp0_dc0_ud0_nb0	244	3	ec05ce6608dc3176
search_dp0_dc0_ud0_nb0	245	26	bee196c220463511
search_dp0_dc0_ud0_nb0	246	175	9c9f0e70857a72e6
search_dp0_dc0_ud0_nb0	247	3	e0853c840dd1fdaf
search_dp0_dc0_ud0_nb0	248	67	593321edf0fe32fb
search_dp0_dc0_ud0_nb0	249	174	134552a0b4483b55
search_dp0_dc0_ud0_nb0	250	71	5301f31f05cb8abc
search_dp0_dc0_ud0_nb0	251	68	0c768002d82de105
search_dp0_dc0_ud0_nb0	252	9	9573efbba0b7e035
search_dp0_dc0_ud0_nb0	253	5	68447a6baef27bb5
search_dp0_dc0_ud0_nb0	254	7	23796885d75abc94
search_dp0_dc0_ud0_nb0	255	67	f43f6a07d3d58074
search_dp0_dc0_ud0_nb0	256	2	551a63c2d76181f6
search_dp0_dc0_ud0_nb0	257	11	7be012cedd4a7b9e
search_dp0_dc0_ud0_nb0	258	77	29aaa7076129a14f
search_dp0_dc0_ud0_nb0	259	27	f63d593afb2116a0
search_dp0_dc0_ud0_nb0	260	2	adbb7c7175eb6e52
search_dp0_dc0_ud0_nb0	261	2	f76307a603dd2a5d
search_dp0_dc0_ud0_nb0	262	9	4d81c91623c1f8c1
search_dp0_dc0_ud0_nb0	263	4	26ad5b1db2402826
search_dp0_dc0_ud0_nb0	264	32	a00361935261b366
search_dp0_dc0_ud0_nb0	265	3	9f8d916961924fb4
search_dp0_dc0_ud0_nb0	266	5	1b0ff3783fc45349
search_dp0_dc0_ud0_nb0	267	3	318574d728fb4773
search_dp0_dc0_ud0_nb0	268	2	8d2a9efba4c33051
search_dp0_dc0_ud0_nb0	269	66	9b7abd4fd4120ff3
search_dp0_dc0_ud0_nb0	270	28	bd6825e43716288f
search_dp0_dc0_ud0_nb0	271	162	f7abda6b3fc20597
search_dp0_dc0_ud0_nb0	272	70	f8045646d564da7c
search_dp0_dc0_ud0_nb0	273	2	6f51285605f5b665
search_dp0_dc0_ud0_nb0	274	31	f5015ad63afb8a25
search_dp0_dc0_ud0_nb0	275	3	33846b194a9c5819
search_dp0_dc0_ud0_nb0	276	170	94a5d7a12b7402a1
search_dp0_dc0_ud0_nb0	277	9	3eb17629cd58a40a
search_dp0_dc0_ud0_nb0	278	170	6ab4deb9cb22f306
search_dp0_dc0_ud0_nb0	279	29	420c26c233a40541
search_dp0_dc0_ud0_nb0	280	3	20205e6f2da9609c
search_dp0_dc0_ud0_nb0	281	3	62652c0a1c0a640d
search_dp0_dc0_ud0_nb0	282	2	9a10022c0daaddb3
search_dp0_dc0_ud0_nb0	283	30	5ae746c235dc4ab8
search_dp0_dc0_ud0_nb0	284	6	1517db2fd2f8a36a
search_dp0_dc0_ud0_nb0	285	15	c5e1c9d0dc12576e
search_dp0_dc0_ud0_nb0	286	11	50cc5c7186fe2f57
search_dp0_dc0_ud0_nb0	287	178	47c59377a61366d5
search_dp0_dc0_ud0_nb0	288	5	5908aefedc42ad88
search_dp0_dc0_ud0_nb0	289	3	74c1046dd66082f6
search_dp0_dc0_ud0_nb0	290	2	0f3051d3fcbf1a41
search_dp0_dc0_ud0_nb0	291	175	4630fdc99038f0f5
search_dp0_dc0_ud0_nb0	292	3	97def42dec590a3f
search_dp0_dc0_ud0_nb0	293	157	a24c75d7c4941d80
search_dp0_dc0_ud0_nb0	294	70	b2000a282ac83bbe
search_dp0_dc0_ud0_nb0	295	2	11246c95048adcd5
search_dp0_dc0_ud0_nb0	296	163	daf258014d3c7d07
search_dp0_dc0_ud0_nb0	297	175	7cf712124ea8aa93
search_dp0_dc0_ud0_nb0	298	2	b4231c8b8bf14136
search_dp0_dc0_ud0_nb0	299	3	17a5652bcb2e5c79
search_dp0_dc0_ud0_nb0	300	6	b93a6252f4092a05
search_dp0_dc0_ud0_nb0	301	65	80d20f9c7705a0e5
search_dp0_dc0_ud0_nb0	302	9	df2ddd6318193891
search_dp0_dc0_ud0_nb0	303	6	adb56fe1642e028b
search_dp0_dc0_ud0_nb0	304	9	883b2d869787b773
search_dp0_dc0_ud0_nb0	305	31	73e6e5c8b608e58a
search_dp0_dc0_ud0_nb0	306	9	55d08a9e81a57ceb
search_dp0_dc0_ud0_nb0	307	25	94bd6da21cc572d5
search_dp0_dc0_ud0_nb0	308	164	3282dbe2c0e728ee
search_dp0_dc0_ud0_nb0	309	2	49f285d1dbd9cded
search_dp0_dc0_ud0_nb0	310	3	a19a9ddc616bc40b
search_dp0_dc0_ud0_nb0	311	5	8d7b925db37adbff
search_dp0_dc0_ud0_nb0	312	66	2cd4dcce32dbbfd2
search_dp0_dc0_ud0_nb0	313	66	96a7ca79bde2ff95
search_dp0_dc0_ud0_nb0	314	67	b3cd9fb3f0543885
search_dp0_dc0_ud0_nb0	315	2	93bc5a015f549470
search_dp0_dc0_ud0_nb0	316	174	99c4d9e6ee501580
search_dp0_dc0_ud0_nb0	317	6	be9404b2857e93a4
search_dp0_dc0_ud0_nb0	318	3	0be369303603bc54
search_dp0_dc0_ud0_nb0	319	165	3589af0dd08bb9c0
search_dp0_dc0_ud0_nb0	320	29	29b81cd7ce3bfc84
search_dp0_dc0_ud0_nb0	321	26	fe83fa67fbcd7ca0
search_dp0_dc0_ud0_nb0	322	72	30e97fba9173bd34
search_dp0_dc0_ud0_nb0	323	30	adb06ad931a36ecc
search_dp0_dc0_ud0_nb0	324	33	c94ba477a923ba3c
search_dp0_dc0_ud0_nb0	325	9	1ead67206d92303e
search_dp0_dc0_ud0_nb0	326	62	c9b5493d8261e74a
search_dp0_dc0_ud0_nb0	327	3	d1fb661b574d678c
search_dp0_dc0_ud0_nb0	328	9	b46f8687da127df1
search_dp0_dc0_ud0_nb0	329	3	f08796570f531be3
search_dp0_dc0_ud0_nb0	330	73	40ceda49227a1090
search_dp0_dc0_ud0_nb0	331	2	e21106527266f843
search_dp0_dc0_ud0_nb0	332	69	05ab259394bc7fd7
search_dp0_dc0_ud0_nb0	333	69	afb16990cdd3c976
search_dp0_dc0_ud0_nb0	334	162	bfe9771eaabb5c07
search_dp0_dc0_ud0_nb0	335	25	97cf964e0b0fa14f
search_dp0_dc0_ud0_nb0	336	64	2303bb364fcb0601
search_dp0_dc0_ud0_nb0	337	11	d6a86da1f58bf20f
search_dp0_dc0_ud0_nb0	338	72	77228adad3d0a208
search_dp0_dc0_ud0_nb0	339	77	4ea6dd9aa4c001fc
search_dp0_dc0_ud0_nb0	340	30	637e0e7c708f22e8
search_dp0_dc0_ud0_nb0	341	3	6dc1fa2d9a40944f
search_dp0_dc0_ud0_nb0	342	30	9e0c7e8cf32545f0
search_dp0_dc0_ud0_nb0	343	188	d3dd43fb553b5e77
search_dp0_dc0_ud0_nb0	344	8	471a20c75631bc5b
search_dp0_dc0_ud0_nb0	345	27	b8f4d8ac214ec105
search_dp0_dc0_ud0_nb0	346	67	5ad960fdfca2adb7
search_dp0_dc0_ud0_nb0	347	3	210ba93123af0172
search_dp0_dc0_ud0_nb0	348	6	7338d3ddd2815dc0
search_dp0_dc0_ud0_nb0	349	26	d6cdcd67aa59aa20
search_dp0_dc0_ud0_nb0	350	10	41eb0cc2c5f497f0
search_dp0_dc0_ud0_nb0	351	6	8f1fbe3d0f72da7e
search_dp0_dc0_ud0_nb0	352	2	ce1ab59737c30339
search_dp0_dc0_ud0_nb0	353	28	bde3abe13e6d6d36
search_dp0_dc0_ud0_nb0	354	3	dca680b22649204f
search_dp0_dc0_ud0_nb0	355	3	a581d4f3412436ff
search_dp0_dc0_ud0_nb0	356	2	b36dc3cace10b5a9
search_dp0_dc0_ud0_nb0	357	24	ec9abbe1e6fd185e
search_dp0_dc0_ud0_nb0	358	2	f9fa6bf430f95da3
search_dp0_dc0_ud0_nb0	359	2	2528591461d93ca8
search_dp0_dc0_ud0_nb0	360	9	b047d46e7267783a
search_dp0_dc0_ud0_nb0	361	3	189a983f4ca98b7c
search_dp0_dc0_ud0_nb0	362	74	bfaf6a63d979af69
search_dp0_dc0_ud0_nb0	363	156	4016852ff58e4744
search_dp0_dc0_ud0_nb0	364	10	26e247b908cf5f37
search_dp0_dc0_ud0_nb0	365	2	0acbb33a757090a6
search_dp0_dc0_ud0_nb0	366	2	198c1f0846c5965f
search_dp0_dc0_ud0_nb0	367	11	89e0706fc7636119
search_dp0_dc0_ud0_nb0	368	2	13f24330619548ba
search_dp0_dc0_ud0_nb0	369	26	b521feb873a5332d
search_dp0_dc0_ud0_nb0	370	6	c2b6a6d77ac0c54c
search_dp0_dc0_ud0_nb0	371	2	4cd07f8f33b23519
search_dp0_dc0_ud0_nb0	372	4	aa2df6b92da370e0
search_dp0_dc0_ud0_nb0	373	5	c45f4864686173b7
search_dp0_dc0_ud0_nb0	374	71	5824e06fd1197058
search_dp0_dc0_ud0_nb0	375	62	32a1541807fdc7ae
search_dp0_dc0_ud0_nb0	376	10	c1b63108770f5738
search_dp0_dc0_ud0_nb0	377	2	c417926d6aea0d9a
search_dp0_dc0_ud0_nb0	378	5	4037e9b3fa834bdd
search_dp0_dc0_ud0_nb0	379	11	8f28dcf2885617d0
search_dp0_dc0_ud0_nb0	380	73	faf9f12aea0be540
search_dp0_dc0_ud0_nb0	381	5	4d17118066878656
search_dp0_dc0_ud0_nb0	382	2	ee235b847f480214
search_dp0_dc0_ud0_nb0	383	3	ad5d12d2c70ba4e4
search_dp0_dc0_ud0_nb0	384	2	17487eeaec684a5e
search_dp0_dc0_ud0_nb0	385	2	60e9a85e50134bc4
search_dp0_dc0_ud0_nb0	386	170	522a0b282da8fca5
search_dp0_dc0_ud0_nb0	387	10	ea1f642c9ded811c
search_dp0_dc0_ud0_nb0	388	74	55b07353fca1271b
search_dp0_dc0_ud0_nb0	389	57	a25f8f84c5a0b014
search_dp0_dc0_ud0_nb0	390	10	d4a60f09b649bf3b
search_dp0_dc0_ud0_nb0	391	10	28af2cef007ba47a
search_dp0_dc0_ud0_nb0	392	23	3c8f3e817b9c13a5
search_dp0_dc0_ud0_nb0	393	7	0ab9a0f8602eac2c
search_dp0_dc0_ud0_nb0	394	2	9e5b2dc50953735f
search_dp0_dc0_ud0_nb0	395	8	1d0cbac2855de629
search_dp0_dc0_ud0_nb0	396	25	0c090e08f9ff7667
search_dp0_dc0_ud0_nb0	397	70	29a19dec680f8796
search_dp0_dc0_ud0_nb0	398	181	091afda71e5ed182
search_dp0_dc0_ud0_nb0	399	5	db822238ba345a03
search_dp0_dc0_ud0_nb2000	0	2	fe3877f9123caf6f
search_dp0_dc0_ud0_nb2000	1	25	f895dece7a772bab
search_dp0_dc0_ud0_nb2000	2	188	638007bc1f92d29d
search_dp0_dc0_ud0_nb2000	3	3	04752421978926ff
search_dp0_dc0_ud0_nb2000	4	64	4bc630a693979da6
search_dp0_dc0_ud0_nb2000	5	5	0e2fd5c7671bbc23
search_dp0_dc0_ud0_nb2000	6	67	87fd6e24b6374980
search_dp0_dc0_ud0_nb2000	7	184	56d41165dd78bd88
search_dp0_dc0_ud0_nb2000	8	164	95bdf46572e1fc90
search_dp0_dc0_ud0_nb2000	9	67	58910236bc7536c5
search_dp0_dc0_ud0_nb2000	10	67	a83ca090a5765221
search_dp0_dc0_ud0_nb2000	11	71	b7570bffe931508c
search_dp0_dc0_ud0_nb2000	12	6	e25a0797ac94cbf4
search_dp0_dc0_ud0_nb2000	13	2	4fa0cf4bc5d18d38
search_dp0_dc0_ud0_nb2000	14	6	06cb917caa7530f2
search_dp0_dc0_ud0_nb2000	15	5	d3d9c8acac5507f9
search_dp0_dc0_ud0_nb2000	16	33	e598c18276700e18
search_dp0_dc0_ud0_nb2000	17	2	5420621e61e6b2de
search_dp0_dc0_ud0_nb2000	18	5	3d71f266a2e565b8
search_dp0_dc0_ud0_nb2000	19	3	5892385b1aec09f4
search_dp0_dc0_ud0_nb2000	20	60	277585a41347671e
search_dp0_dc0_ud0_nb2000	21	66	515c7d215913ed68
search_dp0_dc0_ud0_nb2000	22	2	b2b47f5335448eeb
search_dp0_dc0_ud0_nb2000	23	162	b947b74d855df208
search_dp0_dc0_ud0_nb2000	24	2	4ee24f53fa50f5fb
search_dp0_dc0_ud0_nb2000	25	2	210c11ef7723c39c
search_dp0_dc0_ud0_nb2000	26	27	b54b18ad67c1e81f
search_dp0_dc0_ud0_nb2000	27	2	7a76b7ba3a15016d
search_dp0_dc0_ud0_nb2000	28	6	eb675bbe82f65a03
search_dp0_dc0_ud0_nb2000	29	2	0d2b0764438b4218
search_dp0_dc0_ud0_nb2000	30	5	69ec4105565c89a1
search_dp0_dc0_ud0_nb2000	31	2	115a740f9cd9a619
search_dp0_dc0_ud0_nb2000	32	161	ec68556c91a149f4
search_dp0_dc0_ud0_nb2000	33	3	fb073d01787c3389
search_dp0_dc0_ud0_nb2000	34	5	b5aca246e8c003fe
search_dp0_dc0_ud0_nb2000	35	165	d504e632896dabaf
search_dp0_dc0_ud0_nb2000	36	10	2be47a4d65d010cf
search_dp0_dc0_ud0_nb2000	37	84	22222c50138a1086
search_dp0_dc0_ud0_nb2000	38	22	72b27f15ef10a1bc
search_dp0_dc0_ud0_nb2000	39	165	c8c53dddcff93352
search_dp0_dc0_ud0_nb2000	40	175	3b5d18d547e49958
search_dp0_dc0_ud0_nb2000	41	31	df4e0d5888ada439
search_dp0_dc0_ud0_nb2000	42	9	0a9712f00d2660bb
search_dp0_dc0_ud0_nb2000	43	2	d62bc83a3fc4ad67
search_dp0_dc0_ud0_nb2000	44	2	8946d53fe3b107ce
search_dp0_dc0_ud0_nb2000	45	10	2c77cd1587197a55
search_dp0_dc0_ud0_nb2000	46	24	f8be0763d51b363d
search_dp0_dc0_ud0_nb2000	47	79	bd0b2784d9b45f7e
search_dp0_dc0_ud0_nb2000	48	10	08b4bf4392ca0976
search_dp0_dc0_ud0_nb2000	49	6	2ce67d3a0a7e82bc
search_dp0_dc0_ud0_nb2000	50	3	fd89f6049da2aafa
search_dp0_dc0_ud0_nb2000	51	34	4cfcd83513322589
search_dp0_dc0_ud0_nb2000	52	2	fd08e8dd823f631e
search_dp0_dc0_ud0_nb2000	53	8	cf618e5da383bd99
search_dp0_dc0_ud0_nb2000	54	4	90ac7107270a7322
search_dp0_dc0_ud0_nb2000	55	68	e4b34d909d0b6820
search_dp0_dc0_ud0_nb2000	56	10	425e69fb62177c9b
search_dp0_dc0_ud0_nb2000	57	2	d8c21a02c79c5d2f
search_dp0_dc0_ud0_nb2000	58	5	8f407593ca494b69
search_dp0_dc0_ud0_nb2000	59	32	3d847320bddff8d6
search_dp0_dc0_ud0_nb2000	60	3	90e544c7aa820b5e
search_dp0_dc0_ud0_nb2000	61	2	50c0e5e565e77d9f
search_dp0_dc0_ud0_nb2000	62	3	490e58d435ecad3e
search_dp0_dc0_ud0_nb2000	63	23	cf5ba468d7487799
search_dp0_dc0_ud0_nb2000	64	65	acf80a78f014d082
search_dp0_dc0_ud0_nb2000	65	6	18374a0373c87375
search_dp0_dc0_ud0_nb2000	66	2	183418e639303309
search_dp0_dc0_ud0_nb2000	67	9	837b9fd685ada532
search_dp0_dc0_ud0_nb2000	68	8	8178a98c703434b1
search_dp0_dc0_ud0_nb2000	69	72	bd8a463e88440846
search_dp0_dc0_ud0_nb2000	70	7	0167c411519f02aa
search_dp0_dc0_ud0_nb2000	71	15	6b43b59646407b82
search_dp0_dc0_ud0_nb2000	72	26	0b4575cf519ae041
search_dp0_dc0_ud0_nb2000	73	63	2099472d287c32ac
search_dp0_dc0_ud0_nb2000	74	3	1fa1bda149e03db8
search_dp0_dc0_ud0_nb2000	75	3	27658063d81c7912
search_dp0_dc0_ud0_nb2000	76	74	6714cf2fa725503f
search_dp0_dc0_ud0_nb2000	77	2	72f99e536ffd074b
search_dp0_dc0_ud0_nb2000	78	3	561e686feba94de6
search_dp0_dc0_ud0_nb2000	79	13	aaa4bd3ecf8f5640
search_dp0_dc0_ud0_nb2000	80	2	0fb37fca75143919
search_dp0_dc0_ud0_nb2000	81	9	1639b51d3ae74059
search_dp0_dc0_ud0_nb2000	82	172	33e2c4a144a8d179
search_dp0_dc0_ud0_nb2000	83	6	f1015c348b042132
search_dp0_dc0_ud0_nb2000	84	3	98be6817fedd840d
search_dp0_dc0_ud0_nb2000	85	70	d33ad4a2dcbc0028
search_dp0_dc0_ud0_nb2000	86	9	c218be81f282ceb9
search_dp0_dc0_ud0_nb2000	87	27	ee9af977ad770a0f
search_dp0_dc0_ud0_nb2000	88	29	1d70f1dea01861e0
search_dp0_dc0_ud0_nb2000	89	171	c3de26540644d3d5
search_dp0_dc0_ud0_nb2000	90	3	34f7b7a47589cbb8
search_dp0_dc0_ud0_nb2000	91	174	075fdb5e93b90113
search_dp0_dc0_ud0_nb2000	92	5	90c2225b0e0d3f2c
search_dp0_dc0_ud0_nb2000	93	9	4f3ef11b2e70c9d3
search_dp0_dc0_ud0_nb2000	94	6	98a1472c66a9b589
search_dp0_dc0_ud0_nb2000	95	168	8575a88f6a48bbcb
search_dp0_dc0_ud0_nb2000	96	71	e0317a05214f3cad
search_dp0_dc0_ud0_nb2000	97	6	d0f6ce909212a479
search_dp0_dc0_ud0_nb2000	98	5	3e9a59cbbb2debe0
search_dp0_dc0_ud0_nb2000	99	9	71b2b97da4b7f291
search_dp0_dc0_ud0_nb2000	100	7	494ba0be47081fb9
search_dp0_dc0_ud0_nb2000	101	2	3ff37d05d9e89fc7
search_dp0_dc0_ud0_nb2000	102	67	6bfb4079f5269693
search_dp0_dc0_ud0_nb2000	103	36	1d9aa7a770417de0
search_dp0_dc0_ud0_nb2000	104	2	548f1ccaebf16d95
search_dp0_dc0_ud0_nb2000	105	2	5e1645b8765c83f3
search_dp0_dc0_ud0_nb2000	106	29	5e1d1398ba82fe2e
search_dp0_dc0_ud0_nb2000	107	170	df376e552982cd59
search_dp0_dc0_ud0_nb2000	108	64	01abf6d03125fb69
search_dp0_dc0_ud0_nb2000	109	29	6ae86bf98d0bb1a2
search_dp0_dc0_ud0_nb2000	110	6	eaa23448c06ebdc7
search_dp0_dc0_ud0_nb2000	111	3	01911c6ee2172564
search_dp0_dc0_ud0_nb2000	112	3	616126a74fbcf785
search_dp0_dc0_ud0_nb2000	113	2	60b1555914b64347
search_dp0_dc0_ud0_nb2000	114	154	465dfb6ae52e7e52
search_dp0_dc0_ud0_nb2000	115	3	de6fd2bd545408c7
search_dp0_dc0_ud0_nb2000	116	3	188df6e0b9010d74
search_dp0_dc0_ud0_nb2000	117	172	1683e91a1675538a
search_dp0_dc0_ud0_nb2000	118	179	27eeb5cc16bb2afb
search_dp0_dc0_ud0_nb2000	119	2	fa3b1b21769c99bc
search_dp0_dc0_ud0_nb2000	120	160	55d132ca1a02149c
search_dp0_dc0_ud0_nb2000	121	78	e42250cb782cc597
search_dp0_dc0_ud0_nb2000	122	186	ab92fba969fde29d
search_dp0_dc0_ud0_nb2000	123	2	737f3e1167508935
search_dp0_dc0_ud0_nb2000	124	65	cfdd1ac6fe10bf1a
search_dp0_dc0_ud0_nb2000	125	6	ee02dd66d95d2d06
search_dp0_dc0_ud0_nb2000	126	10	55bd907aef5e856d
search_dp0_dc0_ud0_nb2000	127	2	814dccc6d2006e69
search_dp0_dc0_ud0_nb2000	128	29	0980d24a38b38086
search_dp0_dc0_ud0_nb2000	129	70	44e11d55b79541df
search_dp0_dc0_ud0_nb2000	130	2	af2325e713679114
search_dp0_dc0_ud0_nb2000	131	164	2bb2a268bb2a6da5
search_dp0_dc0_ud0_nb2000	132	171	81aa9d53691a72e0
search_dp0_dc0_ud0_nb2000	133	2	80af669c13559a46
search_dp0_dc0_ud0_nb2000	134	10	97ceea39277c0000
search_dp0_dc0_ud0_nb2000	135	2	785032ef26619839
search_dp0_dc0_ud0_nb2000	136	2	cff4c6b51ab8d1e1
search_dp0_dc0_ud0_nb2000	137	3	1dc709adf506815a
search_dp0_dc0_ud0_nb2000	138	168	15a702687c718edb
search_dp0_dc0_ud0_nb2000	139	170	94fcbaa60c1c1297
search_dp0_dc0_ud0_nb2000	140	5	d0eb69f59bc41631
search_dp0_dc0_ud0_nb2000	141	8	652decbde067615b
search_dp0_dc0_ud0_nb2000	142	9	73cf93aa8b725dec
search_dp0_dc0_ud0_nb2000	143	2	6ff6b8bc6619ae66
search_dp0_dc0_ud0_nb2000	144	12	f0af45fc4401cb91
search_dp0_dc0_ud0_nb2000	145	61	74b1cf40358c969b
search_dp0_dc0_ud0_nb2000	146	70	7c27f0ef3725dcf9
search_dp0_dc0_ud0_nb2000	147	18	212fe03f188d4dff
search_dp0_dc0_ud0_nb2000	148	24	373426e7392d3028
search_dp0_dc0_ud0_nb2000	149	2	0e7a7d4215ecf15a
search_dp0_dc0_ud0_nb2000	150	5	43684eed2bcb39aa
search_dp0_dc0_ud0_nb2000	151	7	8c24f002cdd8b0bc
search_dp0_dc0_ud0_nb2000	152	76	902c2f8e54a0924f
search_dp0_dc0_ud0_nb2000	153	176	374d87e165ca7aeb
search_dp0_dc0_ud0_nb2000	154	2	60a2b5c9c2e0e62a
search_dp0_dc0_ud0_nb2000	155	65	acaddb21036137d8
search_dp0_dc0_ud0_nb2000	156	25	d9c1718dc745ed80
search_dp0_dc0_ud0_nb2000	157	3	6a36bc7972855e92
search_dp0_dc0_ud0_nb2000	158	5	8ce90f0f7bf36777
search_dp0_dc0_ud0_nb2000	159	64	aa1f12676daabb7f
search_dp0_dc0_ud0_nb2000	160	11	eb1e8546f2633505
search_dp0_dc0_ud0_nb2000	161	2	a1619a4837419d10
search_dp0_dc0_ud0_nb2000	162	167	769e6163b8703375
search_dp0_dc0_ud0_nb2000	163	9	d9a987cafc69b052
search_dp0_dc0_ud0_nb2000	164	2	e08c08885d04564b
search_dp0_dc0_ud0_nb2000	165	3	5c538693c1431f4b
search_dp0_dc0_ud0_nb2000	166	182	a9840aea52e6ffd5
search_dp0_dc0_ud0_nb2000	167	71	58aa5bafcd374b59
search_dp0_dc0_ud0_nb2000	168	2	7f186e27c595ab14
search_dp0_dc0_ud0_nb2000	169	11	a2e05d8dfbe435b9
search_dp0_dc0_ud0_nb2000	170	2	9a10e7aed7584972
search_dp0_dc0_ud0_nb2000	171	63	7f3a33ccac038c1c
search_dp0_dc0_ud0_nb2000	172	6	27e5f69c88e26f40
search_dp0_dc0_ud0_nb2000	173	8	c803a1bbd5e5d047
search_dp0_dc0_ud0_nb2000	174	29	0099e48afff0f5d1
search_dp0_dc0_ud0_nb2000	175	2	72c15ba8f0c9d153
search_dp0_dc0_ud0_nb2000	176	175	c2e598b2c1cbd798
search_dp0_dc0_ud0_nb2000	177	3	c218bc9ef317b912
search_dp0_dc0_ud0_nb2000	178	2	edb8b080a73ec176
search_dp0_dc0_ud0_nb2000	179	56	e80ac5b795d2df00
search_dp0_dc0_ud0_nb2000	180	171	65318441bc6fdf81
search_dp0_dc0_ud0_nb2000	181	70	e7d0816c661b397a
search_dp0_dc0_ud0_nb2000	182	6	b5bec723cdeb5f21
search_dp0_dc0_ud0_nb2000	183	2	f715da348003fd36
search_dp0_dc0_ud0_nb2000	184	10	17684c733aeb906a
search_dp0_dc0_ud0_nb2000	185	162	846dc9924cd736a0
search_dp0_dc0_ud0_nb2000	186	2	f4c5fe0c958f3e6d
search_dp0_dc0_ud0_nb2000	187	66	11db970b0d5dd986
search_dp0_dc0_ud0_nb2000	188	6	095e851ce7fee1b7
search_dp0_dc0_ud0_nb2000	189	3	4275562cef33e65f
search_dp0_dc0_ud0_nb2000	190	3	01ea72aab73b6f2d
search_dp0_dc0_ud0_nb2000	191	176	ea84d17e08417dd6
search_dp0_dc0_ud0_nb2000	192	5	ae1a712b3ffd0260
search_dp0_dc0_ud0_nb2000	193	3	9d88783521a38ff1
search_dp0_dc0_ud0_nb2000	194	66	9aae0cf6812c98b7
search_dp0_dc0_ud0_nb2000	195	62	226395ea929ea833
search_dp0_dc0_ud0_nb2000	196	175	dae19cbf99baab36
search_dp0_dc0_ud0_nb2000	197	11	2547b6a490f3ba28
search_dp0_dc0_ud0_nb2000	198	2	9ae12495235be9b1
search_dp0_dc0_ud0_nb2000	199	11	53a982c28c73c81c
search_dp0_dc0_ud0_nb2000	200	74	3751fd202ad599d5
search_dp0_dc0_ud0_nb2000	201	6	6af7fbc304f8b8b5
search_dp0_dc0_ud0_nb2000	202	3	9867b26f89bd75b4
search_dp0_dc0_ud0_nb2000	203	26	d950d6b3b4253622
search_dp0_dc0_ud0_nb2000	204	65	ba1c8ef3172bbee9
search_dp0_dc0_ud0_nb2000	205	10	b10739592a1334cc
search_dp0_dc0_ud0_nb2000	206	183	b2fa0b78ca98a70b
search_dp0_dc0_ud0_nb2000	207	80	a4623116914d6513
search_dp0_dc0_ud0_nb2000	208	62	a575b63caed646fd
search_dp0_dc0_ud0_nb2000	209	2	7e406aca15207b29
search_dp0_dc0_ud0_nb2000	210	3	27aa91d89ced92ad
search_dp0_dc0_ud0_nb2000	211	11	61885b35806c0d03
search_dp0_dc0_ud0_nb2000	212	10	444c139ff47cb46c
search_dp0_dc0_ud0_nb2000	213	3	edd5359814ad33df
search_dp0_dc0_ud0_nb2000	214	23	f013cdc15f99bca8
search_dp0_dc0_ud0_nb2000	215	5	74ba7792595c3310
search_dp0_dc0_ud0_nb2000	216	72	5aa9934a7e0ae0d4
search_dp0_dc0_ud0_nb2000	217	7	0b07839a407a37a5
search_dp0_dc0_ud0_nb2000	218	8	87fc2988054c7275
search_dp0_dc0_ud0_nb2000	219	5	afc62d7020f46179
search_dp0_dc0_ud0_nb2000	220	25	80c6e3456046a750
search_dp0_dc0_ud0_nb2000	221	8	1e66083965185e02
search_dp0_dc0_ud0_nb2000	222	2	155847d504fd75bd
search_dp0_dc0_ud0_nb2000	223	3	dfc8d2c7aa545cda
search_dp0_dc0_ud0_nb2000	224	5	5c4804092e86054c
search_dp0_dc0_ud0_nb2000	225	2	2832a96cf84da5d8
search_dp0_dc0_ud0_nb2000	226	181	97de48d6b6ebb0a4
search_dp0_dc0_ud0_nb2000	227	2	bfb74ba3b9454e97
search_dp0_dc0_ud0_nb2000	228	30	125c4641d1faaca2
search_dp0_dc0_ud0_nb2000	229	4	00a3f85f65b1531d
search_dp0_dc0_ud0_nb2000	230	57	720545bc3e020f64
search_dp0_dc0_ud0_nb2000	231	6	b327776c5662a820
search_dp0_dc0_ud0_nb2000	232	3	5612032716e11f80
search_dp0_dc0_ud0_nb2000	233	29	4002ea50291af003
search_dp0_dc0_ud0_nb2000	234	3	93f59ad12e846f0f
search_dp0_dc0_ud0_nb2000	235	63	0e29b17295dd979d
search_dp0_dc0_ud0_nb2000	236	2	d481bfb675d614dd
search_dp0_dc0_ud0_nb2000	237	6	b04711e899c41616
search_dp0_dc0_ud0_nb2000	238	30	a40641c9a1660f3d
search_dp0_dc0_ud0_nb2000	239	2	4b70e50b8edc6292
search_dp0_dc0_ud0_nb2000	240	6	b9b7ef9ad45d886d
search_dp0_dc0_ud0_nb2000	241	3	b2635722d8d798e2
search_dp0_dc0_ud0_nb2000	242	5	dcae176c8012b891
search_dp0_dc0_ud0_nb2000	243	31	b1e68c1a5ff5d1e2
search_dp0_dc0_ud0_nb2000	244	3	ec05ce6608dc3176
search_dp0_dc0_ud0_nb2000	245	26	bee196c220463511
search_dp0_dc0_ud0_nb2000	246	175	9c9f0e70857a72e6
search_dp0_dc0_ud0_nb2000	247	3	e0853c840dd1fdaf
search_dp0_dc0_ud0_nb2000	248	67	593321edf0fe32fb
search_dp0_dc0_ud0_nb2000	249	176	629a3179f0d608eb
search_dp0_dc0_ud0_nb2000	250	71	5301f31f05cb8abc
search_dp0_dc0_ud0_nb2000	251	68	0c768002d82de105
search_dp0_dc0_ud0_nb2000	252	9	9573efbba0b7e035
search_dp0_dc0_ud0_nb2000	253	5	68447a6baef27bb5
search_dp0_dc0_ud0_nb2000	254	7	23796885d75abc94
search_dp0_dc0_ud0_nb2000	255	67	f43f6a07d3d58074
search_dp0_dc0_ud0_nb2000	256	2	551a63c2d76181f6
search_dp0_dc0_ud0_nb2000	257	11	7be012cedd4a7b9e
search_dp0_dc0_ud0_nb2000	258	77	29aaa7076129a14f
search_dp0_dc0_ud0_nb2000	259	27	f63d593afb2116a0
search_dp0_dc0_ud0_nb2000	260	2	adbb7c7175eb6e52
search_dp0_dc0_ud0_nb2000	261	2	f76307a603dd2a5d
search_dp0_dc0_ud0_nb2000	262	9	4d81c91623c1f8c1
search_dp0_dc0_ud0_nb2000	263	4	26ad5b1db2402826
search_dp0_dc0_ud0_nb2000	264	32	a00361935261b366
search_dp0_dc0_ud0_nb2000	265	3	9f8d916961924fb4
search_dp0_dc0_ud0_nb2000	266	5	1b0ff3783fc45349
search_dp0_dc0_ud0_nb2000	267	3	318574d728fb4773
search_dp0_dc0_ud0_nb2000	268	2	8d2a9efba4c33051
search_dp0_dc0_ud0_nb2000	269	66	9b7abd4fd4120ff3
search_dp0_dc0_ud0_nb2000	270	28	bd6825e43716288f
search_dp0_dc0_ud0_nb2000	271	162	f7abda6b3fc20597
search_dp0_dc0_ud0_nb2000	272	70	f8045646d564da7c
search_dp0_dc0_ud0_nb2000	273	2	6f51285605f5b665
search_dp0_dc0_ud0_nb2000	274	31	f5015ad63afb8a25
search_dp0_dc0_ud0_nb2000	275	3	33846b194a9c5819
search_dp0_dc0_ud0_nb2000	276	172	3c95f2bdb91b3926
search_dp0_dc0_ud0_nb2000	277	9	3eb17629cd58a40a
search_dp0_dc0_ud0_nb2000	278	170	6ab4deb9cb22f306
search_dp0_dc0_ud0_nb2000	279	29	420c26c233a40541
search_dp0_dc0_ud0_nb2000	280	3	20205e6f2da9609c
search_dp0_dc0_ud0_nb2000	281	3	62652c0a1c0a640d
search_dp0_dc0_ud0_nb2000	282	2	9a10022c0daaddb3
search_dp0_dc0_ud0_nb2000	283	30	5ae746c235dc4ab8
search_dp0_dc0_ud0_nb2000	284	6	1517db2fd2f8a36a
search_dp0_dc0_ud0_nb2000	285	15	c5e1c9d0dc12576e
search_dp0_dc0_ud0_nb2000	286	11	50cc5c7186fe2f57
search_dp0_dc0_ud0_nb2000	287	178	47c59377a61366d5
search_dp0_dc0_ud0_nb2000	288	5	5908aefedc42ad88
search_dp0_dc0_ud0_nb2000	289	3	74c1046dd66082f6
search_dp0_dc0_ud0_nb2000	290	2	0f3051d3fcbf1a41
search_dp0_dc0_ud0_nb2000	291	175	4630fdc99038f0f5
search_dp0_dc0_ud0_nb2000	292	3	97def42dec590a3f
search_dp0_dc0_ud0_nb2000	293	159	82ecbfc657c6f9c4
search_dp0_dc0_ud0_nb2000	294	70	b2000a282ac83bbe
search_dp0_dc0_ud0_nb2000	295	2	11246c95048adcd5
search_dp0_dc0_ud0_nb2000	296	163	daf258014d3c7d07
search_dp0_dc0_ud0_nb2000	297	175	55763274fbb0e917
search_dp0_dc0_ud0_nb2000	298	2	b4231c8b8bf14136
search_dp0_dc0_ud0_nb2000	299	3	17a5652bcb2e5c79
search_dp0_dc0_ud0_nb2000	300	6	b93a6252f4092a05
search_dp0_dc0_ud0_nb2000	301	65	80d20f9c7705a0e5
search_dp0_dc0_ud0_nb2000	302	9	df2ddd6318193891
search_dp0_dc0_ud0_nb2000	303	6	adb56fe1642e028b
search_dp0_dc0_ud0_nb2000	304	9	883b2d869787b773
search_dp0_dc0_ud0_nb2000	305	31	73e6e5c8b608e58a
search_dp0_dc0_ud0_nb2000	306	9	55d08a9e81a57ceb
search_dp0_dc0_ud0_nb2000	307	25	94bd6da21cc572d5
search_dp0_dc0_ud0_nb2000	308	166	64dc9d2908961762
search_dp0_dc0_ud0_nb2000	309	2	49f285d1dbd9cded
search_dp0_dc0_ud0_nb2000	310	3	a19a9ddc616bc40b
search_dp0_dc0_ud0_nb2000	311	5	8d7b925db37adbff
search_dp0_dc0_ud0_nb2000	312	66	2cd4dcce32dbbfd2
search_dp0_dc0_ud0_nb2000	313	66	96a7ca79bde2ff95
search_dp0_dc0_ud0_nb2000	314	67	b3cd9fb3f0543885
search_dp0_dc0_ud0_nb2000	315	2	93bc5a015f549470
search_dp0_dc0_ud0_nb2000	316	174	701826ed80f46cf4
search_dp0_dc0_ud0_nb2000	317	6	be9404b2857e93a4
search_dp0_dc0_ud0_nb2000	318	3	0be369303603bc54
search_dp0_dc0_ud0_nb2000	319	165	3589af0dd08bb9c0
search_dp0_dc0_ud0_nb2000	320	29	29b81cd7ce3bfc84
search_dp0_dc0_ud0_nb2000	321	26	fe83fa67fbcd7ca0
search_dp0_dc0_ud0_nb2000	322	72	30e97fba9173bd34
search_dp0_dc0_ud0_nb2000	323	31	c26681067127f86b
search_dp0_dc0_ud0_nb2000	324	33	c94ba477a923ba3c
search_dp0_dc0_ud0_nb2000	325	9	1ead67206d92303e
search_dp0_dc0_ud0_nb2000	326	62	c9b5493d8261e74a
search_dp0_dc0_ud0_nb2000	327	3	d1fb661b574d678c
search_dp0_dc0_ud0_nb2000	328	9	b46f8687da127df1
search_dp0_dc0_ud0_nb2000	329	3	f08796570f531be3
search_dp0_dc0_ud0_nb2000	330	73	40ceda49227a1090
search_dp0_dc0_ud0_nb2000	331	2	e21106527266f843
search_dp0_dc0_ud0_nb2000	332	69	05ab259394bc7fd7
search_dp0_dc0_ud0_nb2000	333	69	afb16990cdd3c976
search_dp0_dc0_ud0_nb2000	334	162	bfe9771eaabb5c07
search_dp0_dc0_ud0_nb2000	335	25	97cf964e0b0fa14f
search_dp0_dc0_ud0_nb2000	336	64	2303bb364fcb0601
search_dp0_dc0_ud0_nb2000	337	11	d6a86da1f58bf20f
search_dp0_dc0_ud0_nb2000	338	72	77228adad3d0a208
search_dp0_dc0_ud0_nb2000	339	79	64bfc91f33d68d25
search_dp0_dc0_ud0_nb2000	340	30	637e0e7c708f22e8
search_dp0_dc0_ud0_nb2000	341	3	6dc1fa2d9a40944f
search_dp0_dc0_ud0_nb2000	342	30	9e0c7e8cf32545f0
search_dp0_dc0_ud0_nb2000	343	189	ab1d44ee8c19bfcf
search_dp0_dc0_ud0_nb2000	344	8	471a20c75631bc5b
search_dp0_dc0_ud0_nb2000	345	27	b8f4d8ac214ec105
search_dp0_dc0_ud0_nb2000	346	67	5ad960fdfca2adb7
search_dp0_dc0_ud0_nb2000	347	3	210ba93123af0172
search_dp0_dc0_ud0_nb2000	348	6	7338d3ddd2815dc0
search_dp0_dc0_ud0_nb2000	349	26	d6cdcd67aa59aa20
search_dp0_dc0_ud0_nb2000	350	10	41eb0cc2c5f497f0
search_dp0_dc0_ud0_nb2000	351	6	8f1fbe3d0f72da7e
search_dp0_dc0_ud0_nb2000	352	2	ce1ab59737c30339
search_dp0_dc0_ud0_nb2000	353	28	bde3abe13e6d6d36
search_dp0_dc0_ud0_nb2000	354	3	dca680b22649204f
search_dp0_dc0_ud0_nb2000	355	3	a581d4f3412436ff
search_dp0_dc0_ud0_nb2000	356	2	b36dc3cace10b5a9
search_dp0_dc0_ud0_nb2000	357	24	ec9abbe1e6fd185e
search_dp0_dc0_ud0_nb2000	358	2	f9fa6bf430f95da3
search_dp0_dc0_ud0_nb2000	359	2	2528591461d93ca8
search_dp0_dc0_ud0_nb2000	360	9	b047d46e7267783a
search_dp0_dc0_ud0_nb2000	361	3	189a983f4ca98b7c
search_dp0_dc0_ud0_nb2000	362	75	a0fafaa8cf1d9a9a
search_dp0_dc0_ud0_nb2000	363	156	4016852ff58e4744
search_dp0_dc0_ud0_nb2000	364	10	26e247b908cf5f37
search_dp0_dc0_ud0_nb2000	365	2	0acbb33a757090a6
search_dp0_dc0_ud0_nb2000	366	2	198c1f0846c5965f
search_dp0_dc0_ud0_nb2000	367	11	89e0706fc7636119
search_dp0_dc0_ud0_nb2000	368	2	13f24330619548ba
search_dp0_dc0_ud0_nb2000	369	26	b521feb873a5332d
search_dp0_dc0_ud0_nb2000	370	6	c2b6a6d77ac0c54c
search_dp0_dc0_ud0_nb2000	371	2	4cd07f8f33b23519
search_dp0_dc0_ud0_nb2000	372	4	aa2df6b92da370e0
search_dp0_dc0_ud0_nb2000	373	5	c45f4864686173b7
search_dp0_dc0_ud0_nb2000	374	71	5824e06fd1197058
search_dp0_dc0_ud0_nb2000	375	62	32a1541807fdc7ae
search_dp0_dc0_ud0_nb2000	376	10	c1b63108770f5738
search_dp0_dc0_ud0_nb2000	377	2	c417926d6aea0d9a
search_dp0_dc0_ud0_nb2000	378	5	4037e9b3fa834bdd
search_dp0_dc0_ud0_nb2000	379	11	8f28dcf2885617d0
search_dp0_dc0_ud0_nb2000	380	73	faf9f12aea0be540
search_dp0_dc0_ud0_nb2000	381	5	4d17118066878656
search_dp0_dc0_ud0_nb2000	382	2	ee235b847f480214
search_dp0_dc0_ud0_nb2000	383	3	ad5d12d2c70ba4e4
search_dp0_dc0_ud0_nb2000	384	2	17487eeaec684a5e
search_dp0_dc0_ud0_nb2000	385	2	60e9a85e50134bc4
search_dp0_dc0_ud0_nb2000	386	173	72ae0891b8e78f36
search_dp0_dc0_ud0_nb2000	387	10	ea1f642c9ded811c
search_dp0_dc0_ud0_nb2000	388	74	55b07353fca1271b
search_dp0_dc0_ud0_nb2000	389	59	cea4d802264061ca
search_dp0_dc0_ud0_nb2000	390	10	d4a60f09b649bf3b
search_dp0_dc0_ud0_nb2000	391	10	28af2cef007ba47a
search_dp0_dc0_ud0_nb2000	392	23	3c8f3e817b9c13a5
search_dp0_dc0_ud0_nb2000	393	7	0ab9a0f8602eac2c
search_dp0_dc0_ud0_nb2000	394	2	9e5b2dc50953735f
search_dp0_dc0_ud0_nb2000	395	8	1d0cbac2855de629
search_dp0_dc0_ud0_nb2000	396	25	0c090e08f9ff7667
search_dp0_dc0_ud0_nb2000	397	70	29a19dec680f8796
search_dp0_dc0_ud0_nb2000	398	181	091afda71e5ed182
search_dp0_dc0_ud0_nb2000	399	5	db822238ba345a03
search_dp0_dc0_ud1_nb0	0	2	fe3877f9123caf6f
search_dp0_dc0_ud1_nb0	1	25	f895dece7a772bab
search_dp0_dc0_ud1_nb0	2	187	03faba7fe5484c5a
search_dp0_dc0_ud1_nb0	3	3	04752421978926ff
search_dp0_dc0_ud1_nb0	4	64	a0ded37644b9daae
search_dp0_dc0_ud1_nb0	5	5	0e2fd5c7671bbc23
search_dp0_dc0_ud1_nb0	6	67	87fd6e24b6374980
search_dp0_dc0_ud1_nb0	7	178	8b1832337616ce16
search_dp0_dc0_ud1_nb0	8	164	95bdf46572e1fc90
search_dp0_dc0_ud1_nb0	9	67	58910236bc7536c5
search_dp0_dc0_ud1_nb0	10	65	8b6e672cdfeab96d
search_dp0_dc0_ud1_nb0	11	71	b7570bffe931508c
search_dp0_dc0_ud1_nb0	12	6	e25a0797ac94cbf4
search_dp0_dc0_ud1_nb0	13	2	4fa0cf4bc5d18d38
search_dp0_dc0_ud1_nb0	14	6	06cb917caa7530f2
search_dp0_dc0_ud1_nb0	15	5	d3d9c8acac5507f9
search_dp0_dc0_ud1_nb0	16	30	d0a3392d70f969ba
search_dp0_dc0_ud1_nb0	17	2	5420621e61e6b2de
search_dp0_dc0_ud1_nb0	18	5	3d71f266a2e565b8
search_dp0_dc0_ud1_nb0	19	3	5892385b1aec09f4
search_dp0_dc0_ud1_nb0	20	60	277585a41347671e
search_dp0_dc0_ud1_nb0	21	65	d20571fa9bf2d166
search_dp0_dc0_ud1_nb0	22	2	b2b47f5335448eeb
search_dp0_dc0_ud1_nb0	23	161	b59ee6ebb2af9714
search_dp0_dc0_ud1_nb0	24	2	4ee24f53fa50f5fb
search_dp0_dc0_ud1_nb0	25	2	210c11ef7723c39c
search_dp0_dc0_ud1_nb0	26	27	b54b18ad67c1e81f
search_dp0_dc0_ud1_nb0	27	2	7a76b7ba3a15016d
search_dp0_dc0_ud1_nb0	28	6	eb675bbe82f65a03
search_dp0_dc0_ud1_nb0	29	2	0d2b0764438b4218
search_dp0_dc0_ud1_nb0	30	5	69ec4105565c89a1
search_dp0_dc0_ud1_nb0	31	2	115a740f9cd9a619
search_dp0_dc0_ud1_nb0	32	161	ec68556c91a149f4
search_dp0_dc0_ud1_nb0	33	3	fb073d01787c3389
search_dp0_dc0_ud1_nb0	34	5	b5aca246e8c003fe
search_dp0_dc0_ud1_nb0	35	165	d504e632896dabaf
search_dp0_dc0_ud1_nb0	36	10	2be47a4d65d010cf
search_dp0_dc0_ud1_nb0	37	84	22222c50138a1086
search_dp0_dc0_ud1_nb0	38	22	72b27f15ef10a1bc
search_dp0_dc0_ud1_nb0	39	163	1c5c41a50e6969de
search_dp0_dc0_ud1_nb0	40	175	3b5d18d547e49958
search_dp0_dc0_ud1_nb0	41	31	df4e0d5888ada439
search_dp0_dc0_ud1_nb0	42	9	0a9712f00d2660bb
search_dp0_dc0_ud1_nb0	43	2	d62bc83a3fc4ad67
search_dp0_dc0_ud1_nb0	44	2	8946d53fe3b107ce
search_dp0_dc0_ud1_nb0	45	10	2c77cd1587197a55
search_dp0_dc0_ud1_nb0	46	24	f8be0763d51b363d
search_dp0_dc0_ud1_nb0	47	78	9ab5bcb91f0e3c48
search_dp0_dc0_ud1_nb0	48	10	08b4bf4392ca0976
search_dp0_dc0_ud1_nb0	49	6	2ce67d3a0a7e82bc
search_dp0_dc0_ud1_nb0	50	3	fd89f6049da2aafa
search_dp0_dc0_ud1_nb0	51	34	4cfcd83513322589
search_dp0_dc0_ud1_nb0	52	2	fd08e8dd823f631e
search_dp0_dc0_ud1_nb0	53	8	cf618e5da383bd99
search_dp0_dc0_ud1_nb0	54	4	90ac7107270a7322
search_dp0_dc0_ud1_nb0	55	68	e4b34d909d0b6820
search_dp0_dc0_ud1_nb0	56	10	425e69fb62177c9b
search_dp0_dc0_ud1_nb0	57	2	d8c21a02c79c5d2f
search_dp0_dc0_ud1_nb0	58	5	8f407593ca494b69
search_dp0_dc0_ud1_nb0	59	31	58f66b3687103d40
search_dp0_dc0_ud1_nb0	60	3	90e544c7aa820b5e
search_dp0_dc0_ud1_nb0	61	2	50c0e5e565e77d9f
search_dp0_dc0_ud1_nb0	62	3	490e58d435ecad3e
search_dp0_dc0_ud1_nb0	63	23	cf5ba468d7487799
search_dp0_dc0_ud1_nb0	64	65	acf80a78f014d082
search_dp0_dc0_ud1_nb0	65	6	18374a0373c87375
search_dp0_dc0_ud1_nb0	66	2	183418e639303309
search_dp0_dc0_ud1_nb0	67	9	837b9fd685ada532
search_dp0_dc0_ud1_nb0	68	8	8178a98c703434b1
search_dp0_dc0_ud1_nb0	69	69	39e39f45bec1829e
search_dp0_dc0_ud1_nb0	70	6	47d8eac138ef74d0
search_dp0_dc0_ud1_nb0	71	15	6b43b59646407b82
search_dp0_dc0_ud1_nb0	72	26	0b4575cf519ae041
search_dp0_dc0_ud1_nb0	73	63	2099472d287c32ac
search_dp0_dc0_ud1_nb0	74	3	1fa1bda149e03db8
search_dp0_dc0_ud1_nb0	75	3	27658063d81c7912
search_dp0_dc0_ud1_nb0	76	73	713428ed9da021c2
search_dp0_dc0_ud1_nb0	77	2	72f99e536ffd074b
search_dp0_dc0_ud1_nb0	78	3	561e686feba94de6
search_dp0_dc0_ud1_nb0	79	13	aaa4bd3ecf8f5640
search_dp0_dc0_ud1_nb0	80	2	0fb37fca75143919
search_dp0_dc0_ud1_nb0	81	9	1639b51d3ae74059
search_dp0_dc0_ud1_nb0	82	170	62cee8d48b31eda2
search_dp0_dc0_ud1_nb0	83	6	f1015c348b042132
search_dp0_dc0_ud1_nb0	84	3	98be6817fedd840d
search_dp0_dc0_ud1_nb0	85	70	d33ad4a2dcbc0028
search_dp0_dc0_ud1_nb0	86	9	c218be81f282ceb9
search_dp0_dc0_ud1_nb0	87	26	7c45b2304c8073e3
search_dp0_dc0_ud1_nb0	88	29	1d70f1dea01861e0
search_dp0_dc0_ud1_nb0	89	170	dd4c3f5c2f451f4b
search_dp0_dc0_ud1_nb0	90	3	34f7b7a47589cbb8
search_dp0_dc0_ud1_nb0	91	172	0552dd7f8bc99c63
search_dp0_dc0_ud1_nb0	92	5	90c2225b0e0d3f2c
search_dp0_dc0_ud1_nb0	93	9	4f3ef11b2e70c9d3
search_dp0_dc0_ud1_nb0	94	6	98a1472c66a9b589
search_dp0_dc0_ud1_nb0	95	166	279718be3bae2894
search_dp0_dc0_ud1_nb0	96	71	e0317a05214f3cad
search_dp0_dc0_ud1_nb0	97	6	d0f6ce909212a479
search_dp0_dc0_ud1_nb0	98	5	3e9a59cbbb2debe0
search_dp0_dc0_ud1_nb0	99	9	71b2b97da4b7f291
search_dp0_dc0_ud1_nb0	100	7	494ba0be47081fb9
search_dp0_dc0_ud1_nb0	101	2	3ff37d05d9e89fc7
search_dp0_dc0_ud1_nb0	102	66	ded7436ed15f2214
search_dp0_dc0_ud1_nb0	103	35	1efc5ca4061923bb
search_dp0_dc0_ud1_nb0	104	2	548f1ccaebf16d95
search_dp0_dc0_ud1_nb0	105	2	5e1645b8765c83f3
search_dp0_dc0_ud1_nb0	106	29	5e1d1398ba82fe2e
search_dp0_dc0_ud1_nb0	107	169	fbd32658c0da07fc
search_dp0_dc0_ud1_nb0	108	64	01abf6d03125fb69
search_dp0_dc0_ud1_nb0	109	28	400ad856f4bda3fd
search_dp0_dc0_ud1_nb0	110	6	eaa23448c06ebdc7
search_dp0_dc0_ud1_nb0	111	3	01911c6ee2172564
search_dp0_dc0_ud1_nb0	112	3	616126a74fbcf785
search_dp0_dc0_ud1_nb0	113	2	60b1555914b64347
search_dp0_dc0_ud1_nb0	114	154	465dfb6ae52e7e52
search_dp0_dc0_ud1_nb0	115	3	de6fd2bd545408c7
search_dp0_dc0_ud1_nb0	116	3	188df6e0b9010d74
search_dp0_dc0_ud1_nb0	117	170	28a9d75aeda566be
search_dp0_dc0_ud1_nb0	118	176	32c333f5b7e2ee66
search_dp0_dc0_ud1_nb0	119	2	fa3b1b21769c99bc
search_dp0_dc0_ud1_nb0	120	160	55d132ca1a02149c
search_dp0_dc0_ud1_nb0	121	78	e42250cb782cc597
search_dp0_dc0_ud1_nb0	122	182	a9ff3771c178e324
search_dp0_dc0_ud1_nb0	123	2	737f3e1167508935
search_dp0_dc0_ud1_nb0	124	65	cfdd1ac6fe10bf1a
search_dp0_dc0_ud1_nb0	125	6	ee02dd66d95d2d06
search_dp0_dc0_ud1_nb0	126	10	55bd907aef5e856d
search_dp0_dc0_ud1_nb0	127	2	814dccc6d2006e69
search_dp0_dc0_ud1_nb0	128	29	0980d24a38b38086
search_dp0_dc0_ud1_nb0	129	70	44e11d55b79541df
search_dp0_dc0_ud1_nb0	130	2	af2325e713679114
search_dp0_dc0_ud1_nb0	131	164	2bb2a268bb2a6da5
search_dp0_dc0_ud1_nb0	132	168	5f2847e73797d346
search_dp0_dc0_ud1_nb0	133	2	80af669c13559a46
search_dp0_dc0_ud1_nb0	134	10	97ceea39277c0000
search_dp0_dc0_ud1_nb0	135	2	785032ef26619839
search_dp0_dc0_ud1_nb0	136	2	cff4c6b51ab8d1e1
search_dp0_dc0_ud1_nb0	137	3	1dc709adf506815a
search_dp0_dc0_ud1_nb0	138	168	15a702687c718edb
search_dp0_dc0_ud1_nb0	139	166	459a984d50f05837
search_dp0_dc0_ud1_nb0	140	5	d0eb69f59bc41631
search_dp0_dc0_ud1_nb0	141	8	652decbde067615b
search_dp0_dc0_ud1_nb0	142	9	73cf93aa8b725dec
search_dp0_dc0_ud1_nb0	143	2	6ff6b8bc6619ae66
search_dp0_dc0_ud1_nb0	144	11	f9f1379b939d6612
search_dp0_dc0_ud1_nb0	145	61	74b1cf40358c969b
search_dp0_dc0_ud1_nb0	146	70	7c27f0ef3725dcf9
search_dp0_dc0_ud1_nb0	147	18	212fe03f188d4dff
search_dp0_dc0_ud1_nb0	148	24	373426e7392d3028
search_dp0_dc0_ud1_nb0	149	2	0e7a7d4215ecf15a
search_dp0_dc0_ud1_nb0	150	5	43684eed2bcb39aa
search_dp0_dc0_ud1_nb0	151	7	8c24f002cdd8b0bc
search_dp0_dc0_ud1_nb0	152	75	c587111175744038
search_dp0_dc0_ud1_nb0	153	176	374d87e165ca7aeb
search_dp0_dc0_ud1_nb0	154	2	60a2b5c9c2e0e62a
search_dp0_dc0_ud1_nb0	155	65	acaddb21036137d8
search_dp0_dc0_ud1_nb0	156	25	d9c1718dc745ed80
search_dp0_dc0_ud1_nb0	157	3	6a36bc7972855e92
search_dp0_dc0_ud1_nb0	158	5	8ce90f0f7bf36777
search_dp0_dc0_ud1_nb0	159	64	aa1f12676daabb7f
search_dp0_dc0_ud1_nb0	160	11	eb1e8546f2633505
search_dp0_dc0_ud1_nb0	161	2	a1619a4837419d10
search_dp0_dc0_ud1_nb0	162	164	2d1d281b259a2de8
search_dp0_dc0_ud1_nb0	163	9	d9a987cafc69b052
search_dp0_dc0_ud1_nb0	164	2	e08c08885d04564b
search_dp0_dc0_ud1_nb0	165	3	5c538693c1431f4b
search_dp0_dc0_ud1_nb0	166	182	a9840aea52e6ffd5
search_dp0_dc0_ud1_nb0	167	70	609985950eb063ca
search_dp0_dc0_ud1_nb0	168	2	7f186e27c595ab14
search_dp0_dc0_ud1_nb0	169	11	a2e05d8dfbe435b9
search_dp0_dc0_ud1_nb0	170	2	9a10e7aed7584972
search_dp0_dc0_ud1_nb0	171	62	015e89e1388c8f74
search_dp0_dc0_ud1_nb0	172	6	27e5f69c88e26f40
search_dp0_dc0_ud1_nb0	173	8	c803a1bbd5e5d047
search_dp0_dc0_ud1_nb0	174	28	0c255f7e5f18097f
search_dp0_dc0_ud1_nb0	175	2	72c15ba8f0c9d153
search_dp0_dc0_ud1_nb0	176	174	c80cd008fe8d3931
search_dp0_dc0_ud1_nb0	177	3	c218bc9ef317b912
search_dp0_dc0_ud1_nb0	178	2	edb8b080a73ec176
search_dp0_dc0_ud1_nb0	179	56	e80ac5b795d2df00
search_dp0_dc0_ud1_nb0	180	166	442823bf39dce36b
search_dp0_dc0_ud1_nb0	181	70	e7d0816c661b397a
search_dp0_dc0_ud1_nb0	182	6	b5bec723cdeb5f21
search_dp0_dc0_ud1_nb0	183	2	f715da348003fd36
search_dp0_dc0_ud1_nb0	184	10	17684c733aeb906a
search_dp0_dc0_ud1_nb0	185	161	6ffd773c5b920818
search_dp0_dc0_ud1_nb0	186	2	f4c5fe0c958f3e6d
search_dp0_dc0_ud1_nb0	187	65	4998a16eea424307
search_dp0_dc0_ud1_nb0	188	6	095e851ce7fee1b7
search_dp0_dc0_ud1_nb0	189	3	4275562cef33e65f
search_dp0_dc0_ud1_nb0	190	3	01ea72aab73b6f2d
search_dp0_dc0_ud1_nb0	191	176	ea84d17e08417dd6
search_dp0_dc0_ud1_nb0	192	5	ae1a712b3ffd0260
search_dp0_dc0_ud1_nb0	193	3	9d88783521a38ff1
search_dp0_dc0_ud1_nb0	194	65	e24f5b0c941659ae
search_dp0_dc0_ud1_nb0	195	60	34197bff4cf93940
search_dp0_dc0_ud1_nb0	196	173	5911685a4f4fab13
search_dp0_dc0_ud1_nb0	197	11	2547b6a490f3ba28
search_dp0_dc0_ud1_nb0	198	2	9ae12495235be9b1
search_dp0_dc0_ud1_nb0	199	11	53a982c28c73c81c
search_dp0_dc0_ud1_nb0	200	74	3751fd202ad599d5
search_dp0_dc0_ud1_nb0	201	6	6af7fbc304f8b8b5
search_dp0_dc0_ud1_nb0	202	3	9867b26f89bd75b4
search_dp0_dc0_ud1_nb0	203	26	d950d6b3b4253622
search_dp0_dc0_ud1_nb0	204	64	95c651b6e1566529
search_dp0_dc0_ud1_nb0	205	10	b10739592a1334cc
search_dp0_dc0_ud1_nb0	206	182	df90e6bfc1998704
search_dp0_dc0_ud1_nb0	207	79	f5dbc1fe49af00fb
search_dp0_dc0_ud1_nb0	208	61	dba03d0cdcea0b53
search_dp0_dc0_ud1_nb0	209	2	7e406aca15207b29
search_dp0_dc0_ud1_nb0	210	3	27aa91d89ced92ad
search_dp0_dc0_ud1_nb0	211	11	61885b35806c0d03
search_dp0_dc0_ud1_nb0	212	10	444c139ff47cb46c
search_dp0_dc0_ud1_nb0	213	3	edd5359814ad33df
search_dp0_dc0_ud1_nb0	214	23	f013cdc15f99bca8
search_dp0_dc0_ud1_nb0	215	5	74ba7792595c3310
search_dp0_dc0_ud1_nb0	216	71	222447c195e23519
search_dp0_dc0_ud1_nb0	217	7	0b07839a407a37a5
search_dp0_dc0_ud1_nb0	218	8	87fc2988054c7275
search_dp0_dc0_ud1_nb0	219	5	afc62d7020f46179
search_dp0_dc0_ud1_nb0	220	25	80c6e3456046a750
search_dp0_dc0_ud1_nb0	221	8	1e66083965185e02
search_dp0_dc0_ud1_nb0	222	2	155847d504fd75bd
search_dp0_dc0_ud1_nb0	223	3	dfc8d2c7aa545cda
search_dp0_dc0_ud1_nb0	224	5	5c4804092e86054c
search_dp0_dc0_ud1_nb0	225	2	2832a96cf84da5d8
search_dp0_dc0_ud1_nb0	226	181	97de48d6b6ebb0a4
search_dp0_dc0_ud1_nb0	227	2	bfb74ba3b9454e97
search_dp0_dc0_ud1_nb0	228	30	125c4641d1faaca2
search_dp0_dc0_ud1_nb0	229	4	00a3f85f65b1531d
search_dp0_dc0_ud1_nb0	230	57	720545bc3e020f64
search_dp0_dc0_ud1_nb0	231	6	b327776c5662a820
search_dp0_dc0_ud1_nb0	232	3	5612032716e11f80
search_dp0_dc0_ud1_nb0	233	29	4002ea50291af003
search_dp0_dc0_ud1_nb0	234	3	93f59ad12e846f0f
search_dp0_dc0_ud1_nb0	235	63	0e29b17295dd979d
search_dp0_dc0_ud1_nb0	236	2	d481bfb675d614dd
search_dp0_dc0_ud1_nb0	237	5	250f11e8c158cea7
search_dp0_dc0_ud1_nb0	238	30	a40641c9a1660f3d
search_dp0_dc0_ud1_nb0	239	2	4b70e50b8edc6292
search_dp0_dc0_ud1_nb0	240	6	b9b7ef9ad45d886d
search_dp0_dc0_ud1_nb0	241	3	b2635722d8d798e2
search_dp0_dc0_ud1_nb0	242	5	dcae176c8012b891
search_dp0_dc0_ud1_nb0	243	30	57f6c48fd7e15536
search_dp0_dc0_ud1_nb0	244	3	ec05ce6608dc3176
search_dp0_dc0_ud1_nb0	245	26	bee196c220463511
search_dp0_dc0_ud1_nb0	246	175	9c9f0e70857a72e6
search_dp0_dc0_ud1_nb0	247	3	e0853c840dd1fdaf
search_dp0_dc0_ud1_nb0	248	67	593321edf0fe32fb
search_dp0_dc0_ud1_nb0	249	173	a8ecc78f8bcc024d
search_dp0_dc0_ud1_nb0	250	71	5301f31f05cb8abc
search_dp0_dc0_ud1_nb0	251	68	0c768002d82de105
search_dp0_dc0_ud1_nb0	252	9	9573efbba0b7e035
search_dp0_dc0_ud1_nb0	253	5	68447a6baef27bb5
search_dp0_dc0_ud1_nb0	254	7	23796885d75abc94
search_dp0_dc0_ud1_nb0	255	66	27cb88ee279c6283
search_dp0_dc0_ud1_nb0	256	2	551a63c2d76181f6
search_dp0_dc0_ud1_nb0	257	11	7be012cedd4a7b9e
search_dp0_dc0_ud1_nb0	258	77	29aaa7076129a14f
search_dp0_dc0_ud1_nb0	259	27	f63d593afb2116a0
search_dp0_dc0_ud1_nb0	260	2	adbb7c7175eb6e52
search_dp0_dc0_ud1_nb0	261	2	f76307a603dd2a5d
search_dp0_dc0_ud1_nb0	262	8	39e2308283fc98cb
search_dp0_dc0_ud1_nb0	263	4	26ad5b1db2402826
search_dp0_dc0_ud1_nb0	264	32	a00361935261b366
search_dp0_dc0_ud1_nb0	265	3	9f8d916961924fb4
search_dp0_dc0_ud1_nb0	266	5	1b0ff3783fc45349
search_dp0_dc0_ud1_nb0	267	3	318574d728fb4773
search_dp0_dc0_ud1_nb0	268	2	8d2a9efba4c33051
search_dp0_dc0_ud1_nb0	269	66	9b7abd4fd4120ff3
search_dp0_dc0_ud1_nb0	270	28	bd6825e43716288f
search_dp0_dc0_ud1_nb0	271	162	f7abda6b3fc20597
search_dp0_dc0_ud1_nb0	272	69	bc3e3c3907dd70a0
search_dp0_dc0_ud1_nb0	273	2	6f51285605f5b665
search_dp0_dc0_ud1_nb0	274	31	f5015ad63afb8a25
search_dp0_dc0_ud1_nb0	275	3	33846b194a9c5819
search_dp0_dc0_ud1_nb0	276	169	d841306f6df3fa6d
search_dp0_dc0_ud1_nb0	277	9	3eb17629cd58a40a
search_dp0_dc0_ud1_nb0	278	169	80c6a285332adebe
search_dp0_dc0_ud1_nb0	279	29	420c26c233a40541
search_dp0_dc0_ud1_nb0	280	3	20205e6f2da9609c
search_dp0_dc0_ud1_nb0	281	3	62652c0a1c0a640d
search_dp0_dc0_ud1_nb0	282	2	9a10022c0daaddb3
search_dp0_dc0_ud1_nb0	283	30	5ae746c235dc4ab8
search_dp0_dc0_ud1_nb0	284	6	1517db2fd2f8a36a
search_dp0_dc0_ud1_nb0	285	15	c5e1c9d0dc12576e
search_dp0_dc0_ud1_nb0	286	11	50cc5c7186fe2f57
search_dp0_dc0_ud1_nb0	287	177	10f40a04dc87da3e
search_dp0_dc0_ud1_nb0	288	5	5908aefedc42ad88
search_dp0_dc0_ud1_nb0	289	3	74c1046dd66082f6
search_dp0_dc0_ud1_nb0	290	2	0f3051d3fcbf1a41
search_dp0_dc0_ud1_nb0	291	173	409869975acd786e
search_dp0_dc0_ud1_nb0	292	3	97def42dec590a3f
search_dp0_dc0_ud1_nb0	293	157	a24c75d7c4941d80
search_dp0_dc0_ud1_nb0	294	70	b2000a282ac83bbe
search_dp0_dc0_ud1_nb0	295	2	11246c95048adcd5
search_dp0_dc0_ud1_nb0	296	163	daf258014d3c7d07
search_dp0_dc0_ud1_nb0	297	175	7cf712124ea8aa93
search_dp0_dc0_ud1_nb0	298	2	b4231c8b8bf14136
search_dp0_dc0_ud1_nb0	299	3	17a5652bcb2e5c79
search_dp0_dc0_ud1_nb0	300	6	b93a6252f4092a05
search_dp0_dc0_ud1_nb0	301	65	80d20f9c7705a0e5
search_dp0_dc0_ud1_nb0	302	9	df2ddd6318193891
search_dp0_dc0_ud1_nb0	303	6	adb56fe1642e028b
search_dp0_dc0_ud1_nb0	304	9	883b2d869787b773
search_dp0_dc0_ud1_nb0	305	30	0b683dff39a1e15f
search_dp0_dc0_ud1_nb0	306	9	55d08a9e81a57ceb
search_dp0_dc0_ud1_nb0	307	25	94bd6da21cc572d5
search_dp0_dc0_ud1_nb0	308	162	a078bcd45c4b15be
search_dp0_dc0_ud1_nb0	309	2	49f285d1dbd9cded
search_dp0_dc0_ud1_nb0	310	3	a19a9ddc616bc40b
search_dp0_dc0_ud1_nb0	311	5	8d7b925db37adbff
search_dp0_dc0_ud1_nb0	312	66	2cd4dcce32dbbfd2
search_dp0_dc0_ud1_nb0	313	66	96a7ca79bde2ff95
search_dp0_dc0_ud1_nb0	314	67	b3cd9fb3f0543885
search_dp0_dc0_ud1_nb0	315	2	93bc5a015f549470
search_dp0_dc0_ud1_nb0	316	173	d207c5dfcf08f5ff
search_dp0_dc0_ud1_nb0	317	6	be9404b2857e93a4
search_dp0_dc0_ud1_nb0	318	3	0be369303603bc54
search_dp0_dc0_ud1_nb0	319	165	3589af0dd08bb9c0
search_dp0_dc0_ud1_nb0	320	29	29b81cd7ce3bfc84
search_dp0_dc0_ud1_nb0	321	26	fe83fa67fbcd7ca0
search_dp0_dc0_ud1_nb0	322	72	30e97fba9173bd34
search_dp0_dc0_ud1_nb0	323	29	722fcff45f659fc1
search_dp0_dc0_ud1_nb0	324	32	b291373f6c33750b
search_dp0_dc0_ud1_nb0	325	9	1ead67206d92303e
search_dp0_dc0_ud1_nb0	326	62	c9b5493d8261e74a
search_dp0_dc0_ud1_nb0	327	3	d1fb661b574d678c
search_dp0_dc0_ud1_nb0	328	9	b46f8687da127df1
search_dp0_dc0_ud1_nb0	329	3	f08796570f531be3
search_dp0_dc0_ud1_nb0	330	73	40ceda49227a1090
search_dp0_dc0_ud1_nb0	331	2	e21106527266f843
search_dp0_dc0_ud1_nb0	332	69	05ab259394bc7fd7
search_dp0_dc0_ud1_nb0	333	69	afb16990cdd3c976
search_dp0_dc0_ud1_nb0	334	161	a7f95b0a23d5323e
search_dp0_dc0_ud1_nb0	335	24	66c9b4f6bde0cf64
search_dp0_dc0_ud1_nb0	336	64	2303bb364fcb0601
search_dp0_dc0_ud1_nb0	337	11	d6a86da1f58bf20f
search_dp0_dc0_ud1_nb0	338	72	77228adad3d0a208
search_dp0_dc0_ud1_nb0	339	77	4ea6dd9aa4c001fc
search_dp0_dc0_ud1_nb0	340	30	637e0e7c708f22e8
search_dp0_dc0_ud1_nb0	341	3	6dc1fa2d9a40944f
search_dp0_dc0_ud1_nb0	342	30	9e0c7e8cf32545f0
search_dp0_dc0_ud1_nb0	343	187	51b4fc8ac6a2b00e
search_dp0_dc0_ud1_nb0	344	8	471a20c75631bc5b
search_dp0_dc0_ud1_nb0	345	27	b8f4d8ac214ec105
search_dp0_dc0_ud1_nb0	346	67	5ad960fdfca2adb7
search_dp0_dc0_ud1_nb0	347	3	210ba93123af0172
search_dp0_dc0_ud1_nb0	348	6	7338d3ddd2815dc0
search_dp0_dc0_ud1_nb0	349	26	d6cdcd67aa59aa20
search_dp0_dc0_ud1_nb0	350	10	41eb0cc2c5f497f0
search_dp0_dc0_ud1_nb0	351	6	8f1fbe3d0f72da7e
search_dp0_dc0_ud1_nb0	352	2	ce1ab59737c30339
search_dp0_dc0_ud1_nb0	353	28	bde3abe13e6d6d36
search_dp0_dc0_ud1_nb0	354	3	dca680b22649204f
search_dp0_dc0_ud1_nb0	355	3	a581d4f3412436ff
search_dp0_dc0_ud1_nb0	356	2	b36dc3cace10b5a9
search_dp0_dc0_ud1_nb0	357	23	3ac5291d1d86ac98
search_dp0_dc0_ud1_nb0	358	2	f9fa6bf430f95da3
search_dp0_dc0_ud1_nb0	359	2	2528591461d93ca8
search_dp0_dc0_ud1_nb0	360	9	b047d46e7267783a
search_dp0_dc0_ud1_nb0	361	3	189a983f4ca98b7c
search_dp0_dc0_ud1_nb0	362	73	680a65638347bd8e
search_dp0_dc0_ud1_nb0	363	156	4016852ff58e4744
search_dp0_dc0_ud1_nb0	364	10	26e247b908cf5f37
search_dp0_dc0_ud1_nb0	365	2	0acbb33a757090a6
search_dp0_dc0_ud1_nb0	366	2	198c1f0846c5965f
search_dp0_dc0_ud1_nb0	367	11	89e0706fc7636119
search_dp0_dc0_ud1_nb0	368	2	13f24330619548ba
search_dp0_dc0_ud1_nb0	369	26	b521feb873a5332d
search_dp0_dc0_ud1_nb0	370	6	c2b6a6d77ac0c54c
search_dp0_dc0_ud1_nb0	371	2	4cd07f8f33b23519
search_dp0_dc0_ud1_nb0	372	4	aa2df6b92da370e0
search_dp0_dc0_ud1_nb0	373	5	c45f4864686173b7
search_dp0_dc0_ud1_nb0	374	70	032463dc6cd08e85
search_dp0_dc0_ud1_nb0	375	62	32a1541807fdc7ae
search_dp0_dc0_ud1_nb0	376	10	c1b63108770f5738
search_dp0_dc0_ud1_nb0	377	2	c417926d6aea0d9a
search_dp0_dc0_ud1_nb0	378	5	4037e9b3fa834bdd
search_dp0_dc0_ud1_nb0	379	11	8f28dcf2885617d0
search_dp0_dc0_ud1_nb0	380	72	fd1742d982043b1f
search_dp0_dc0_ud1_nb0	381	5	4d17118066878656
search_dp0_dc0_ud1_nb0	382	2	ee235b847f480214
search_dp0_dc0_ud1_nb0	383	3	ad5d12d2c70ba4e4
search_dp0_dc0_ud1_nb0	384	2	17487eeaec684a5e
search_dp0_dc0_ud1_nb0	385	2	60e9a85e50134bc4
search_dp0_dc0_ud1_nb0	386	170	522a0b282da8fca5
search_dp0_dc0_ud1_nb0	387	10	ea1f642c9ded811c
search_dp0_dc0_ud1_nb0	388	74	55b07353fca1271b
search_dp0_dc0_ud1_nb0	389	57	a25f8f84c5a0b014
search_dp0_dc0_ud1_nb0	390	10	d4a60f09b649bf3b
search_dp0_dc0_ud1_nb0	391	10	28af2cef007ba47a
search_dp0_dc0_ud1_nb0	392	23	3c8f3e817b9c13a5
search_dp0_dc0_ud1_nb0	393	7	0ab9a0f8602eac2c
search_dp0_dc0_ud1_nb0	394	2	9e5b2dc50953735f
search_dp0_dc0_ud1_nb0	395	8	1d0cbac2855de629
search_dp0_dc0_ud1_nb0	396	25	0c090e08f9ff7667
search_dp0_dc0_ud1_nb0	397	70	29a19dec680f8796
search_dp0_dc0_ud1_nb0	398	181	091afda71e5ed182
search_dp0_dc0_ud1_nb0	399	5	db822238ba345a03
search_dp0_dc0_ud1_nb2000	0	2	fe3877f9123caf6f
search_dp0_dc0_ud1_nb2000	1	25	f895dece7a772bab
search_dp0_dc0_ud1_nb2000	2	188	80399ee55141af4f
search_dp0_dc0_ud1_nb2000	3	3	04752421978926ff
search_dp0_dc0_ud1_nb2000	4	64	4bc630a693979da6
search_dp0_dc0_ud1_nb2000	5	5	0e2fd5c7671bbc23
search_dp0_dc0_ud1_nb2000	6	67	87fd6e24b6374980
search_dp0_dc0_ud1_nb2000	7	184	6ac78e6f20f08471
search_dp0_dc0_ud1_nb2000	8	164	95bdf46572e1fc90
search_dp0_dc0_ud1_nb2000	9	67	58910236bc7536c5
search_dp0_dc0_ud1_nb2000	10	67	a83ca090a5765221
search_dp0_dc0_ud1_nb2000	11	71	b7570bffe931508c
search_dp0_dc0_ud1_nb2000	12	6	e25a0797ac94cbf4
search_dp0_dc0_ud1_nb2000	13	2	4fa0cf4bc5d18d38
search_dp0_dc0_ud1_nb2000	14	6	06cb917caa7530f2
search_dp0_dc0_ud1_nb2000	15	5	d3d9c8acac5507f9
search_dp0_dc0_ud1_nb2000	16	33	ca8f4d84c0884a33
search_dp0_dc0_ud1_nb2000	17	2	5420621e61e6b2de
search_dp0_dc0_ud1_nb2000	18	5	3d71f266a2e565b8
search_dp0_dc0_ud1_nb2000	19	3	5892385b1aec09f4
search_dp0_dc0_ud1_nb2000	20	60	277585a41347671e
search_dp0_dc0_ud1_nb2000	21	66	25596d173f11a0bf
search_dp0_dc0_ud1_nb2000	22	2	b2b47f5335448eeb
search_dp0_dc0_ud1_nb2000	23	162	b947b74d855df208
search_dp0_dc0_ud1_nb2000	24	2	4ee24f53fa50f5fb
search_dp0_dc0_ud1_nb2000	25	2	210c11ef7723c39c
search_dp0_dc0_ud1_nb2000	26	27	b54b18ad67c1e81f
search_dp0_dc0_ud1_nb2000	27	2	7a76b7ba3a15016d
search_dp0_dc0_ud1_nb2000	28	6	eb675bbe82f65a03
search_dp0_dc0_ud1_nb2000	29	2	0d2b0764438b4218
search_dp0_dc0_ud1_nb2000	30	5	69ec4105565c89a1
search_dp0_dc0_ud1_nb2000	31	2	115a740f9cd9a619
search_dp0_dc0_ud1_nb2000	32	161	ec68556c91a149f4
search_dp0_dc0_ud1_nb2000	33	3	fb073d01787c3389
search_dp0_dc0_ud1_nb2000	34	5	b5aca246e8c003fe
search_dp0_dc0_ud1_nb2000	35	165	d504e632896dabaf
search_dp0_dc0_ud1_nb2000	36	10	2be47a4d65d010cf
search_dp0_dc0_ud1_nb2000	37	84	22222c50138a1086
search_dp0_dc0_ud1_nb2000	38	22	72b27f15ef10a1bc
search_dp0_dc0_ud1_nb2000	39	165	c8c53dddcff93352
search_dp0_dc0_ud1_nb2000	40	175	3b5d18d547e49958
search_dp0_dc0_ud1_nb2000	41	31	df4e0d5888ada439
search_dp0_dc0_ud1_nb2000	42	9	0a9712f00d2660bb
search_dp0_dc0_ud1_nb2000	43	2	d62bc83a3fc4ad67
search_dp0_dc0_ud1_nb2000	44	2	8946d53fe3b107ce
search_dp0_dc0_ud1_nb2000	45	10	2c77cd1587197a55
search_dp0_dc0_ud1_nb2000	46	24	f8be0763d51b363d
search_dp0_dc0_ud1_nb2000	47	79	411869c9b5d52b38
search_dp0_dc0_ud1_nb2000	48	10	08b4bf4392ca0976
search_dp0_dc0_ud1_nb2000	49	6	2ce67d3a0a7e82bc
search_dp0_dc0_ud1_nb2000	50	3	fd89f6049da2aafa
search_dp0_dc0_ud1_nb2000	51	34	4cfcd83513322589
search_dp0_dc0_ud1_nb2000	52	2	fd08e8dd823f631e
search_dp0_dc0_ud1_nb2000	53	8	cf618e5da383bd99
search_dp0_dc0_ud1_nb2000	54	4	90ac7107270a7322
search_dp0_dc0_ud1_nb2000	55	68	e4b34d909d0b6820
search_dp0_dc0_ud1_nb2000	56	10	425e69fb62177c9b
search_dp0_dc0_ud1_nb2000	57	2	d8c21a02c79c5d2f
search_dp0_dc0_ud1_nb2000	58	5	8f407593ca494b69
search_dp0_dc0_ud1_nb2000	59	32	128dda7aa9c4c7fa
search_dp0_dc0_ud1_nb2000	60	3	90e544c7aa820b5e
search_dp0_dc0_ud1_nb2000	61	2	50c0e5e565e77d9f
search_dp0_dc0_ud1_nb2000	62	3	490e58d435ecad3e
search_dp0_dc0_ud1_nb2000	63	23	cf5ba468d7487799
search_dp0_dc0_ud1_nb2000	64	65	acf80a78f014d082
search_dp0_dc0_ud1_nb2000	65	6	18374a0373c87375
search_dp0_dc0_ud1_nb2000	66	2	183418e639303309
search_dp0_dc0_ud1_nb2000	67	9	837b9fd685ada532
search_dp0_dc0_ud1_nb2000	68	8	8178a98c703434b1
search_dp0_dc0_ud1_nb2000	69	72	3b56ec0cd14e007c
search_dp0_dc0_ud1_nb2000	70	7	0167c411519f02aa
search_dp0_dc0_ud1_nb2000	71	15	6b43b59646407b82
search_dp0_dc0_ud1_nb2000	72	26	0b4575cf519ae041
search_dp0_dc0_ud1_nb2000	73	63	2099472d287c32ac
search_dp0_dc0_ud1_nb2000	74	3	1fa1bda149e03db8
search_dp0_dc0_ud1_nb2000	75	3	27658063d81c7912
search_dp0_dc0_ud1_nb2000	76	74	72a4ba01573c65ba
search_dp0_dc0_ud1_nb2000	77	2	72f99e536ffd074b
search_dp0_dc0_ud1_nb2000	78	3	561e686feba94de6
search_dp0_dc0_ud1_nb2000	79	13	aaa4bd3ecf8f5640
search_dp0_dc0_ud1_nb2000	80	2	0fb37fca75143919
search_dp0_dc0_ud1_nb2000	81	9	1639b51d3ae74059
search_dp0_dc0_ud1_nb2000	82	172	3aecc7aacd1e913c
search_dp0_dc0_ud1_nb2000	83	6	f1015c348b042132
search_dp0_dc0_ud1_nb2000	84	3	98be6817fedd840d
search_dp0_dc0_ud1_nb2000	85	70	d33ad4a2dcbc0028
search_dp0_dc0_ud1_nb2000	86	9	c218be81f282ceb9
search_dp0_dc0_ud1_nb2000	87	27	e14aaf38f87983d9
search_dp0_dc0_ud1_nb2000	88	29	1d70f1dea01861e0
search_dp0_dc0_ud1_nb2000	89	171	aa0ac926e0c319d7
search_dp0_dc0_ud1_nb2000	90	3	34f7b7a47589cbb8
search_dp0_dc0_ud1_nb2000	91	174	3adefaa913c33efc
search_dp0_dc0_ud1_nb2000	92	5	90c2225b0e0d3f2c
search_dp0_dc0_ud1_nb2000	93	9	4f3ef11b2e70c9d3
search_dp0_dc0_ud1_nb2000	94	6	98a1472c66a9b589
search_dp0_dc0_ud1_nb2000	95	168	e0a9c785672e47e8
search_dp0_dc0_ud1_nb2000	96	71	e0317a05214f3cad
search_dp0_dc0_ud1_nb2000	97	6	d0f6ce909212a479
search_dp0_dc0_ud1_nb2000	98	5	3e9a59cbbb2debe0
search_dp0_dc0_ud1_nb2000	99	9	71b2b97da4b7f291
search_dp0_dc0_ud1_nb2000	100	7	494ba0be47081fb9
search_dp0_dc0_ud1_nb2000	101	2	3ff37d05d9e89fc7
search_dp0_dc0_ud1_nb2000	102	67	6bfb4079f5269693
search_dp0_dc0_ud1_nb2000	103	36	22e733c240de6c91
search_dp0_dc0_ud1_nb2000	104	2	548f1ccaebf16d95
search_dp0_dc0_ud1_nb2000	105	2	5e1645b8765c83f3
search_dp0_dc0_ud1_nb2000	106	29	5e1d1398ba82fe2e
search_dp0_dc0_ud1_nb2000	107	170	800a7f4d8daf15c9
search_dp0_dc0_ud1_nb2000	108	64	01abf6d03125fb69
search_dp0_dc0_ud1_nb2000	109	29	f3c6bcc8ee2a91cb
search_dp0_dc0_ud1_nb2000	110	6	eaa23448c06ebdc7
search_dp0_dc0_ud1_nb2000	111	3	01911c6ee2172564
search_dp0_dc0_ud1_nb2000	112	3	616126a74fbcf785
search_dp0_dc0_ud1_nb2000	113	2	60b1555914b64347
search_dp0_dc0_ud1_nb2000	114	154	465dfb6ae52e7e52
search_dp0_dc0_ud1_nb2000	115	3	de6fd2bd545408c7
search_dp0_dc0_ud1_nb2000	116	3	188df6e0b9010d74
search_dp0_dc0_ud1_nb2000	117	172	1683e91a1675538a
search_dp0_dc0_ud1_nb2000	118	179	4dc1cadcac0c47a2
search_dp0_dc0_ud1_nb2000	119	2	fa3b1b21769c99bc
search_dp0_dc0_ud1_nb2000	120	160	55d132ca1a02149c
search_dp0_dc0_ud1_nb2000	121	78	e42250cb782cc597
search_dp0_dc0_ud1_nb2000	122	186	dcd384b892ebc83b
search_dp0_dc0_ud1_nb2000	123	2	737f3e1167508935
search_dp0_dc0_ud1_nb2000	124	65	cfdd1ac6fe10bf1a
search_dp0_dc0_ud1_nb2000	125	6	ee02dd66d95d2d06
search_dp0_dc0_ud1_nb2000	126	10	55bd907aef5e856d
search_dp0_dc0_ud1_nb2000	127	2	814dccc6d2006e69
search_dp0_dc0_ud1_nb2000	128	29	0980d24a38b38086
search_dp0_dc0_ud1_nb2000	129	70	44e11d55b79541df
search_dp0_dc0_ud1_nb2000	130	2	af2325e713679114
search_dp0_dc0_ud1_nb2000	131	164	2bb2a268bb2a6da5
search_dp0_dc0_ud1_nb2000	132	171	5e0c4f7b73b06808
search_dp0_dc0_ud1_nb2000	133	2	80af669c13559a46
search_dp0_dc0_ud1_nb2000	134	10	97ceea39277c0000
search_dp0_dc0_ud1_nb2000	135	2	785032ef26619839
search_dp0_dc0_ud1_nb2000	136	2	cff4c6b51ab8d1e1
search_dp0_dc0_ud1_nb2000	137	3	1dc709adf506815a
search_dp0_dc0_ud1_nb2000	138	168	15a702687c718edb
search_dp0_dc0_ud1_nb2000	139	170	c36fa9d87b1c49de
search_dp0_dc0_ud1_nb2000	140	5	d0eb69f59bc41631
search_dp0_dc0_ud1_nb2000	141	8	652decbde067615b
search_dp0_dc0_ud1_nb2000	142	9	73cf93aa8b725dec
search_dp0_dc0_ud1_nb2000	143	2	6ff6b8bc6619ae66
search_dp0_dc0_ud1_nb2000	144	12	6f1378924acc2934
search_dp0_dc0_ud1_nb2000	145	61	74b1cf40358c969b
search_dp0_dc0_ud1_nb2000	146	70	7c27f0ef3725dcf9
search_dp0_dc0_ud1_nb2000	147	18	212fe03f188d4dff
search_dp0_dc0_ud1_nb2000	148	24	373426e7392d3028
search_dp0_dc0_ud1_nb2000	149	2	0e7a7d4215ecf15a
search_dp0_dc0_ud1_nb2000	150	5	43684eed2bcb39aa
search_dp0_dc0_ud1_nb2000	151	7	8c24f002cdd8b0bc
search_dp0_dc0_ud1_nb2000	152	76	902c2f8e54a0924f
search_dp0_dc0_ud1_nb2000	153	176	374d87e165ca7aeb
search_dp0_dc0_ud1_nb2000	154	2	60a2b5c9c2e0e62a
search_dp0_dc0_ud1_nb2000	155	65	acaddb21036137d8
search_dp0_dc0_ud1_nb2000	156	25	d9c1718dc745ed80
search_dp0_dc0_ud1_nb2000	157	3	6a36bc7972855e92
search_dp0_dc0_ud1_nb2000	158	5	8ce90f0f7bf36777
search_dp0_dc0_ud1_nb2000	159	64	aa1f12676daabb7f
search_dp0_dc0_ud1_nb2000	160	11	eb1e8546f2633505
search_dp0_dc0_ud1_nb2000	161	2	a1619a4837419d10
search_dp0_dc0_ud1_nb2000	162	167	4f7ab6ad48394eac
search_dp0_dc0_ud1_nb2000	163	9	d9a987cafc69b052
search_dp0_dc0_ud1_nb2000	164	2	e08c08885d04564b
search_dp0_dc0_ud1_nb2000	165	3	5c538693c1431f4b
search_dp0_dc0_ud1_nb2000	166	182	a9840aea52e6ffd5
search_dp0_dc0_ud1_nb2000	167	71	ec83e592ae15d786
search_dp0_dc0_ud1_nb2000	168	2	7f186e27c595ab14
search_dp0_dc0_ud1_nb2000	169	11	a2e05d8dfbe435b9
search_dp0_dc0_ud1_nb2000	170	2	9a10e7aed7584972
search_dp0_dc0_ud1_nb2000	171	63	7f3a33ccac038c1c
search_dp0_dc0_ud1_nb2000	172	6	27e5f69c88e26f40
search_dp0_dc0_ud1_nb2000	173	8	c803a1bbd5e5d047
search_dp0_dc0_ud1_nb2000	174	29	010642521d6221cc
search_dp0_dc0_ud1_nb2000	175	2	72c15ba8f0c9d153
search_dp0_dc0_ud1_nb2000	176	175	58fb970f68f23e8b
search_dp0_dc0_ud1_nb2000	177	3	c218bc9ef317b912
search_dp0_dc0_ud1_nb2000	178	2	edb8b080a73ec176
search_dp0_dc0_ud1_nb2000	179	56	e80ac5b795d2df00
search_dp0_dc0_ud1_nb2000	180	171	9c6bd519b51dd42e
search_dp0_dc0_ud1_nb2000	181	70	e7d0816c661b397a
search_dp0_dc0_ud1_nb2000	182	6	b5bec723cdeb5f21
search_dp0_dc0_ud1_nb2000	183	2	f715da348003fd36
search_dp0_dc0_ud1_nb2000	184	10	17684c733aeb906a
search_dp0_dc0_ud1_nb2000	185	162	ad86462256c5d2fd
search_dp0_dc0_ud1_nb2000	186	2	f4c5fe0c958f3e6d
search_dp0_dc0_ud1_nb2000	187	66	62252d611516e2c2
search_dp0_dc0_ud1_nb2000	188	6	095e851ce7fee1b7
search_dp0_dc0_ud1_nb2000	189	3	4275562cef33e65f
search_dp0_dc0_ud1_nb2000	190	3	01ea72aab73b6f2d
search_dp0_dc0_ud1_nb2000	191	176	ea84d17e08417dd6
search_dp0_dc0_ud1_nb2000	192	5	ae1a712b3ffd0260
search_dp0_dc0_ud1_nb2000	193	3	9d88783521a38ff1
search_dp0_dc0_ud1_nb2000	194	66	b39264a7d36aa006
search_dp0_dc0_ud1_nb2000	195	62	226395ea929ea833
search_dp0_dc0_ud1_nb2000	196	175	5eedb1a5888d9ba7
search_dp0_dc0_ud1_nb2000	197	11	2547b6a490f3ba28
search_dp0_dc0_ud1_nb2000	198	2	9ae12495235be9b1
search_dp0_dc0_ud1_nb2000	199	11	53a982c28c73c81c
search_dp0_dc0_ud1_nb2000	200	74	3751fd202ad599d5
search_dp0_dc0_ud1_nb2000	201	6	6af7fbc304f8b8b5
search_dp0_dc0_ud1_nb2000	202	3	9867b26f89bd75b4
search_dp0_dc0_ud1_nb2000	203	26	d950d6b3b4253622
search_dp0_dc0_ud1_nb2000	204	65	5e2c79a2c3ed15cd
search_dp0_dc0_ud1_nb2000	205	10	b10739592a1334cc
search_dp0_dc0_ud1_nb2000	206	183	5b54f73769a5d9a5
search_dp0_dc0_ud1_nb2000	207	80	fe5bbb2d6b57cdd0
search_dp0_dc0_ud1_nb2000	208	62	d1916f38b4d0e0b7
search_dp0_dc0_ud1_nb2000	209	2	7e406aca15207b29
search_dp0_dc0_ud1_nb2000	210	3	27aa91d89ced92ad
search_dp0_dc0_ud1_nb2000	211	11	61885b35806c0d03
search_dp0_dc0_ud1_nb2000	212	10	444c139ff47cb46c
search_dp0_dc0_ud1_nb2000	213	3	edd5359814ad33df
search_dp0_dc0_ud1_nb2000	214	23	f013cdc15f99bca8
search_dp0_dc0_ud1_nb2000	215	5	74ba7792595c3310
search_dp0_dc0_ud1_nb2000	216	72	f30c1739a572daf1
search_dp0_dc0_ud1_nb2000	217	7	0b07839a407a37a5
search_dp0_dc0_ud1_nb2000	218	8	87fc2988054c7275
search_dp0_dc0_ud1_nb2000	219	5	afc62d7020f46179
search_dp0_dc0_ud1_nb2000	220	25	80c6e3456046a750
search_dp0_dc0_ud1_nb2000	221	8	1e66083965185e02
search_dp0_dc0_ud1_nb2000	222	2	155847d504fd75bd
search_dp0_dc0_ud1_nb2000	223	3	dfc8d2c7aa545cda
search_dp0_dc0_ud1_nb2000	224	5	5c4804092e86054c
search_dp0_dc0_ud1_nb2000	225	2	2832a96cf84da5d8
search_dp0_dc0_ud1_nb2000	226	181	97de48d6b6ebb0a4
search_dp0_dc0_ud1_nb2000	227	2	bfb74ba3b9454e97
search_dp0_dc0_ud1_nb2000	228	30	125c4641d1faaca2
search_dp0_dc0_ud1_nb2000	229	4	00a3f85f65b1531d
search_dp0_dc0_ud1_nb2000	230	57	720545bc3e020f64
search_dp0_dc0_ud1_nb2000	231	6	b327776c5662a820
search_dp0_dc0_ud1_nb2000	232	3	5612032716e11f80
search_dp0_dc0_ud1_nb2000	233	29	4002ea50291af003
search_dp0_dc0_ud1_nb2000	234	3	93f59ad12e846f0f
search_dp0_dc0_ud1_nb2000	235	63	0e29b17295dd979d
search_dp0_dc0_ud1_nb2000	236	2	d481bfb675d614dd
search_dp0_dc0_ud1_nb2000	237	6	9c374886d19d58e2
search_dp0_dc0_ud1_nb2000	238	30	a40641c9a1660f3d
search_dp0_dc0_ud1_nb2000	239	2	4b70e50b8edc6292
search_dp0_dc0_ud1_nb2000	240	6	b9b7ef9ad45d886d
search_dp0_dc0_ud1_nb2000	241	3	b2635722d8d798e2
search_dp0_dc0_ud1_nb2000	242	5	dcae176c8012b891
search_dp0_dc0_ud1_nb2000	243	31	f8bcfb67b2d875e7
search_dp0_dc0_ud1_nb2000	244	3	ec05ce6608dc3176
search_dp0_dc0_ud1_nb2000	245	26	bee196c220463511
search_dp0_dc0_ud1_nb2000	246	175	9c9f0e70857a72e6
search_dp0_dc0_ud1_nb2000	247	3	e0853c840dd1fdaf
search_dp0_dc0_ud1_nb2000	248	67	593321edf0fe32fb
search_dp0_dc0_ud1_nb2000	249	176	1992285da1a2881b
search_dp0_dc0_ud1_nb2000	250	71	5301f31f05cb8abc
search_dp0_dc0_ud1_nb2000	251	68	0c768002d82de105
search_dp0_dc0_ud1_nb2000	252	9	9573efbba0b7e035
search_dp0_dc0_ud1_nb2000	253	5	68447a6baef27bb5
search_dp0_dc0_ud1_nb2000	254	7	23796885d75abc94
search_dp0_dc0_ud1_nb2000	255	67	445bc8635eeb629d
search_dp0_dc0_ud1_nb2000	256	2	551a63c2d76181f6
search_dp0_dc0_ud1_nb2000	257	11	7be012cedd4a7b9e
search_dp0_dc0_ud1_nb2000	258	77	29aaa7076129a14f
search_dp0_dc0_ud1_nb2000	259	27	f63d593afb2116a0
search_dp0_dc0_ud1_nb2000	260	2	adbb7c7175eb6e52
search_dp0_dc0_ud1_nb2000	261	2	f76307a603dd2a5d
search_dp0_dc0_ud1_nb2000	262	9	25ff801e8277608d
search_dp0_dc0_ud1_nb2000	263	4	26ad5b1db2402826
search_dp0_dc0_ud1_nb2000	264	32	a00361935261b366
search_dp0_dc0_ud1_nb2000	265	3	9f8d916961924fb4
search_dp0_dc0_ud1_nb2000	266	5	1b0ff3783fc45349
search_dp0_dc0_ud1_nb2000	267	3	318574d728fb4773
search_dp0_dc0_ud1_nb2000	268	2	8d2a9efba4c33051
search_dp0_dc0_ud1_nb2000	269	66	9b7abd4fd4120ff3
search_dp0_dc0_ud1_nb2000	270	28	bd6825e43716288f
search_dp0_dc0_ud1_nb2000	271	162	f7abda6b3fc20597
search_dp0_dc0_ud1_nb2000	272	70	e2e96b19632ad957
search_dp0_dc0_ud1_nb2000	273	2	6f51285605f5b665
search_dp0_dc0_ud1_nb2000	274	31	f5015ad63afb8a25
search_dp0_dc0_ud1_nb2000	275	3	33846b194a9c5819
search_dp0_dc0_ud1_nb2000	276	172	fd6ec06d382c5d38
search_dp0_dc0_ud1_nb2000	277	9	3eb17629cd58a40a
search_dp0_dc0_ud1_nb2000	278	170	a78bfb3b0e64eb57
search_dp0_dc0_ud1_nb2000	279	29	420c26c233a40541
search_dp0_dc0_ud1_nb2000	280	3	20205e6f2da9609c
search_dp0_dc0_ud1_nb2000	281	3	62652c0a1c0a640d
search_dp0_dc0_ud1_nb2000	282	2	9a10022c0daaddb3
search_dp0_dc0_ud1_nb2000	283	30	5ae746c235dc4ab8
search_dp0_dc0_ud1_nb2000	284	6	1517db2fd2f8a36a
search_dp0_dc0_ud1_nb2000	285	15	c5e1c9d0dc12576e
search_dp0_dc0_ud1_nb2000	286	11	50cc5c7186fe2f57
search_dp0_dc0_ud1_nb2000	287	178	ae54469988f3e16c
search_dp0_dc0_ud1_nb2000	288	5	5908aefedc42ad88
search_dp0_dc0_ud1_nb2000	289	3	74c1046dd66082f6
search_dp0_dc0_ud1_nb2000	290	2	0f3051d3fcbf1a41
search_dp0_dc0_ud1_nb2000	291	175	25dec6656135f2eb
search_dp0_dc0_ud1_nb2000	292	3	97def42dec590a3f
search_dp0_dc0_ud1_nb2000	293	159	82ecbfc657c6f9c4
search_dp0_dc0_ud1_nb2000	294	70	b2000a282ac83bbe
search_dp0_dc0_ud1_nb2000	295	2	11246c95048adcd5
search_dp0_dc0_ud1_nb2000	296	163	daf258014d3c7d07
search_dp0_dc0_ud1_nb2000	297	175	55763274fbb0e917
search_dp0_dc0_ud1_nb2000	298	2	b4231c8b8bf14136
search_dp0_dc0_ud1_nb2000	299	3	17a5652bcb2e5c79
search_dp0_dc0_ud1_nb2000	300	6	b93a6252f4092a05
search_dp0_dc0_ud1_nb2000	301	65	80d20f9c7705a0e5
search_dp0_dc0_ud1_nb2000	302	9	df2ddd6318193891
search_dp0_dc0_ud1_nb2000	303	6	adb56fe1642e028b
search_dp0_dc0_ud1_nb2000	304	9	883b2d869787b773
search_dp0_dc0_ud1_nb2000	305	31	84775fd6936da0dd
search_dp0_dc0_ud1_nb2000	306	9	55d08a9e81a57ceb
search_dp0_dc0_ud1_nb2000	307	25	94bd6da21cc572d5
search_dp0_dc0_ud1_nb2000	308	166	4ab3dea8087bf72f
search_dp0_dc0_ud1_nb2000	309	2	49f285d1dbd9cded
search_dp0_dc0_ud1_nb2000	310	3	a19a9ddc616bc40b
search_dp0_dc0_ud1_nb2000	311	5	8d7b925db37adbff
search_dp0_dc0_ud1_nb2000	312	66	2cd4dcce32dbbfd2
search_dp0_dc0_ud1_nb2000	313	66	96a7ca79bde2ff95
search_dp0_dc0_ud1_nb2000	314	67	b3cd9fb3f0543885
search_dp0_dc0_ud1_nb2000	315	2	93bc5a015f549470
search_dp0_dc0_ud1_nb2000	316	174	fac1bff1c5b9ee9b
search_dp0_dc0_ud1_nb2000	317	6	be9404b2857e93a4
search_dp0_dc0_ud1_nb2000	318	3	0be369303603bc54
search_dp0_dc0_ud1_nb2000	319	165	3589af0dd08bb9c0
search_dp0_dc0_ud1_nb2000	320	29	29b81cd7ce3bfc84
search_dp0_dc0_ud1_nb2000	321	26	fe83fa67fbcd7ca0
search_dp0_dc0_ud1_nb2000	322	72	30e97fba9173bd34
search_dp0_dc0_ud1_nb2000	323	31	1c51def9cb87861a
search_dp0_dc0_ud1_nb2000	324	33	ca1e3c0d41a02c11
search_dp0_dc0_ud1_nb2000	325	9	1ead67206d92303e
search_dp0_dc0_ud1_nb2000	326	62	c9b5493d8261e74a
search_dp0_dc0_ud1_nb2000	327	3	d1fb661b574d678c
search_dp0_dc0_ud1_nb2000	328	9	b46f8687da127df1
search_dp0_dc0_ud1_nb2000	329	3	f08796570f531be3
search_dp0_dc0_ud1_nb2000	330	73	40ceda49227a1090
search_dp0_dc0_ud1_nb2000	331	2	e21106527266f843
search_dp0_dc0_ud1_nb2000	332	69	05ab259394bc7fd7
search_dp0_dc0_ud1_nb2000	333	69	afb16990cdd3c976
search_dp0_dc0_ud1_nb2000	334	162	5b0b214c3af97c5f
search_dp0_dc0_ud1_nb2000	335	25	1ccbb5e26436bcf3
search_dp0_dc0_ud1_nb2000	336	64	2303bb364fcb0601
search_dp0_dc0_ud1_nb2000	337	11	d6a86da1f58bf20f
search_dp0_dc0_ud1_nb2000	338	72	77228adad3d0a208
search_dp0_dc0_ud1_nb2000	339	79	64bfc91f33d68d25
search_dp0_dc0_ud1_nb2000	340	30	637e0e7c708f22e8
search_dp0_dc0_ud1_nb2000	341	3	6dc1fa2d9a40944f
search_dp0_dc0_ud1_nb2000	342	30	9e0c7e8cf32545f0
search_dp0_dc0_ud1_nb2000	343	189	fdcd7e24d7041d6a
search_dp0_dc0_ud1_nb2000	344	8	471a20c75631bc5b
search_dp0_dc0_ud1_nb2000	345	27	b8f4d8ac214ec105
search_dp0_dc0_ud1_nb2000	346	67	5ad960fdfca2adb7
search_dp0_dc0_ud1_nb2000	347	3	210ba93123af0172
search_dp0_dc0_ud1_nb2000	348	6	7338d3ddd2815dc0
search_dp0_dc0_ud1_nb2000	349	26	d6cdcd67aa59aa20
search_dp0_dc0_ud1_nb2000	350	10	41eb0cc2c5f497f0
search_dp0_dc0_ud1_nb2000	351	6	8f1fbe3d0f72da7e
search_dp0_dc0_ud1_nb2000	352	2	ce1ab59737c30339
search_dp0_dc0_ud1_nb2000	353	28	bde3abe13e6d6d36
search_dp0_dc0_ud1_nb2000	354	3	dca680b22649204f
search_dp0_dc0_ud1_nb2000	355	3	a581d4f3412436ff
search_dp0_dc0_ud1_nb2000	356	2	b36dc3cace10b5a9
search_dp0_dc0_ud1_nb2000	357	24	18466e007f3913b7
search_dp0_dc0_ud1_nb2000	358	2	f9fa6bf430f95da3
search_dp0_dc0_ud1_nb2000	359	2	2528591461d93ca8
search_dp0_dc0_ud1_nb2000	360	9	b047d46e7267783a
search_dp0_dc0_ud1_nb2000	361	3	189a983f4ca98b7c
search_dp0_dc0_ud1_nb2000	362	75	2bb6636f87d19bf2
search_dp0_dc0_ud1_nb2000	363	156	4016852ff58e4744
search_dp0_dc0_ud1_nb2000	364	10	26e247b908cf5f37
search_dp0_dc0_ud1_nb2000	365	2	0acbb33a757090a6
search_dp0_dc0_ud1_nb2000	366	2	198c1f0846c5965f
search_dp0_dc0_ud1_nb2000	367	11	89e0706fc7636119
search_dp0_dc0_ud1_nb2000	368	2	13f24330619548ba
search_dp0_dc0_ud1_nb2000	369	26	b521feb873a5332d
search_dp0_dc0_ud1_nb2000	370	6	c2b6a6d77ac0c54c
search_dp0_dc0_ud1_nb2000	371	2	4cd07f8f33b23519
search_dp0_dc0_ud1_nb2000	372	4	aa2df6b92da370e0
search_dp0_dc0_ud1_nb2000	373	5	c45f4864686173b7
search_dp0_dc0_ud1_nb2000	374	71	9f15f5d66bc06591
search_dp0_dc0_ud1_nb2000	375	62	32a1541807fdc7ae
search_dp0_dc0_ud1_nb2000	376	10	c1b63108770f5738
search_dp0_dc0_ud1_nb2000	377	2	c417926d6aea0d9a
search_dp0_dc0_ud1_nb2000	378	5	4037e9b3fa834bdd
search_dp0_dc0_ud1_nb2000	379	11	8f28dcf2885617d0
search_dp0_dc0_ud1_nb2000	380	73	be4064599c1fa53b
search_dp0_dc0_ud1_nb2000	381	5	4d17118066878656
search_dp0_dc0_ud1_nb2000	382	2	ee235b847f480214
search_dp0_dc0_ud1_nb2000	383	3	ad5d12d2c70ba4e4
search_dp0_dc0_ud1_nb2000	384	2	17487eeaec684a5e
search_dp0_dc0_ud1_nb2000	385	2	60e9a85e50134bc4
search_dp0_dc0_ud1_nb2000	386	173	72ae0891b8e78f36
search_dp0_dc0_ud1_nb2000	387	10	ea1f642c9ded811c
search_dp0_dc0_ud1_nb2000	388	74	55b07353fca1271b
search_dp0_dc0_ud1_nb2000	389	59	cea4d802264061ca
search_dp0_dc0_ud1_nb2000	390	10	d4a60f09b649bf3b
search_dp0_dc0_ud1_nb2000	391	10	28af2cef007ba47a
search_dp0_dc0_ud1_nb2000	392	23	3c8f3e817b9c13a5
search_dp0_dc0_ud1_nb2000	393	7	0ab9a0f8602eac2c
search_dp0_dc0_ud1_nb2000	394	2	9e5b2dc50953735f
search_dp0_dc0_ud1_nb2000	395	8	1d0cbac2855de629
search_dp0_dc0_ud1_nb2000	396	25	0c090e08f9ff7667
search_dp0_dc0_ud1_nb2000	397	70	29a19dec680f8796
search_dp0_dc0_ud1_nb2000	398	181	091afda71e5ed182
search_dp0_dc0_ud1_nb2000	399	5	db822238ba345a03
extended_dp1_dc1_ud0_nb0	0	2	fe3877f9123caf6f
extended_dp1_dc1_ud0_nb0	1	25	e92e6c2de672e26d
extended_dp1_dc1_ud0_nb0	2	174	fee62533036c0d83
extended_dp1_dc1_ud0_nb0	3	3	5ce12fbe07e08005
extended_dp1_dc1_ud0_nb0	4	71	8eeed952ec9beb38
extended_dp1_dc1_ud0_nb0	5	4	321f8879029afc68
extended_dp1_dc1_ud0_nb0	6	75	08fe840217854691
extended_dp1_dc1_ud0_nb0	7	189	8e592173c49b5d8b
extended_dp1_dc1_ud0_nb0	8	168	ba9b2c25a9e99d23
extended_dp1_dc1_ud0_nb0	9	70	fb0b0c4df37b952e
extended_dp1_dc1_ud0_nb0	10	71	86716f68fa7cb21c
extended_dp1_dc1_ud0_nb0	11	82	8a663a8565481a30
extended_dp1_dc1_ud0_nb0	12	5	f2f99fc063270e3e
extended_dp1_dc1_ud0_nb0	13	1	8610e9dda182bf42
extended_dp1_dc1_ud0_nb0	14	4	49b3085f96bd4896
extended_dp1_dc1_ud0_nb0	15	5	64c20245173d693f
extended_dp1_dc1_ud0_nb0	16	35	50c461410c518e9c
extended_dp1_dc1_ud0_nb0	17	2	5420621e61e6b2de
extended_dp1_dc1_ud0_nb0	18	5	1b0bf70233d5593e
extended_dp1_dc1_ud0_nb0	19	1	9063f58a9e418e90
extended_dp1_dc1_ud0_nb0	20	74	d1f6653983567579
extended_dp1_dc1_ud0_nb0	21	66	972d5fd82f541496
extended_dp1_dc1_ud0_nb0	22	3	1bed7a6b96bbcec8
extended_dp1_dc1_ud0_nb0	23	154	810517449747ba95
extended_dp1_dc1_ud0_nb0	24	2	4ee24f53fa50f5fb
extended_dp1_dc1_ud0_nb0	25	2	210c11ef7723c39c
extended_dp1_dc1_ud0_nb0	26	26	d25345eeb13caaee
extended_dp1_dc1_ud0_nb0	27	2	3885165b33459ef6
extended_dp1_dc1_ud0_nb0	28	8	e5a9c6013cd01b54
extended_dp1_dc1_ud0_nb0	29	1	cb04c009a7a0f623
extended_dp1_dc1_ud0_nb0	30	6	b854c5ee41dae81c
extended_dp1_dc1_ud0_nb0	31	2	fd1674dfae946a3e
extended_dp1_dc1_ud0_nb0	32	175	54ed6cdb57e41d74
extended_dp1_dc1_ud0_nb0	33	3	fb073d01787c3389
extended_dp1_dc1_ud0_nb0	34	5	05c15c89addbcf88
extended_dp1_dc1_ud0_nb0	35	160	4bb77909b5c0bb06
extended_dp1_dc1_ud0_nb0	36	8	47b57660ca412194
extended_dp1_dc1_ud0_nb0	37	74	99821b2df67fd4fa
extended_dp1_dc1_ud0_nb0	38	28	98d293687b1553cf
extended_dp1_dc1_ud0_nb0	39	155	1243787ddbaaffe1
extended_dp1_dc1_ud0_nb0	40	184	cf5507272876a2cc
extended_dp1_dc1_ud0_nb0	41	31	025b65eec8de50f7
extended_dp1_dc1_ud0_nb0	42	10	e99bcd214b5a95d1
extended_dp1_dc1_ud0_nb0	43	1	5b21a5ec2f985d77
extended_dp1_dc1_ud0_nb0	44	3	1b0ec72d164d2bd9
extended_dp1_dc1_ud0_nb0	45	8	ffe7e7c2ec481272
extended_dp1_dc1_ud0_nb0	46	24	78383426572a088b
extended_dp1_dc1_ud0_nb0	47	66	3bc689a3621d9fe6
extended_dp1_dc1_ud0_nb0	48	6	14450c83e11941a5
extended_dp1_dc1_ud0_nb0	49	4	da61160155583c10
extended_dp1_dc1_ud0_nb0	50	3	80ac0c3c66e2a95d
extended_dp1_dc1_ud0_nb0	51	27	a0a560087ce863f4
extended_dp1_dc1_ud0_nb0	52	2	5f7bd191f9ea2b7d
extended_dp1_dc1_ud0_nb0	53	11	3819f5ac6eb7f905
extended_dp1_dc1_ud0_nb0	54	4	102e39818cf02f74
extended_dp1_dc1_ud0_nb0	55	66	524b6a4ea7699ec1
extended_dp1_dc1_ud0_nb0	56	10	17b2e5081784ae55
extended_dp1_dc1_ud0_nb0	57	2	d8c21a02c79c5d2f
extended_dp1_dc1_ud0_nb0	58	3	c4ae3d3021af8cf1
extended_dp1_dc1_ud0_nb0	59	23	98942c887557cbd4
extended_dp1_dc1_ud0_nb0	60	3	61070690beee6f2a
extended_dp1_dc1_ud0_nb0	61	2	3f0ec68644b4d988
extended_dp1_dc1_ud0_nb0	62	3	631c18c05f4786ca
extended_dp1_dc1_ud0_nb0	63	26	55e00742f1ce5edc
extended_dp1_dc1_ud0_nb0	64	67	a3067d8cdd4ab15b
extended_dp1_dc1_ud0_nb0	65	5	e9b6b1da9f427f0c
extended_dp1_dc1_ud0_nb0	66	3	09917b61d0641400
extended_dp1_dc1_ud0_nb0	67	8	99f6ec5a4afef8ba
extended_dp1_dc1_ud0_nb0	68	8	92f2ea852321d960
extended_dp1_dc1_ud0_nb0	69	76	0bb2eefbe6b06f28
extended_dp1_dc1_ud0_nb0	70	5	f08af93532a2f6cd
extended_dp1_dc1_ud0_nb0	71	14	e4744f6e85cd0c7f
extended_dp1_dc1_ud0_nb0	72	23	26ffbf349cebfdf1
extended_dp1_dc1_ud0_nb0	73	63	23f32c9ad765a872
extended_dp1_dc1_ud0_nb0	74	2	c00d92a30f546d81
extended_dp1_dc1_ud0_nb0	75	2	60d11ac02cca1f5c
extended_dp1_dc1_ud0_nb0	76	62	7ec19eca8978fea0
extended_dp1_dc1_ud0_nb0	77	2	78571ef702fe8a78
extended_dp1_dc1_ud0_nb0	78	2	8a316a4cbf248e78
extended_dp1_dc1_ud0_nb0	79	13	dcad1b956454732f
extended_dp1_dc1_ud0_nb0	80	1	52b4ae3df5b68646
extended_dp1_dc1_ud0_nb0	81	11	a1dca8bfc4ae4451
extended_dp1_dc1_ud0_nb0	82	159	a63d0211f86a165b
extended_dp1_dc1_ud0_nb0	83	4	109c5d83cf5d9f1c
extended_dp1_dc1_ud0_nb0	84	3	98be6817fedd840d
extended_dp1_dc1_ud0_nb0	85	62	aee1cad1a3463074
extended_dp1_dc1_ud0_nb0	86	8	493e1287f7b59d05
extended_dp1_dc1_ud0_nb0	87	28	5e39d1b50f65cb8a
extended_dp1_dc1_ud0_nb0	88	28	12a8382014f5a604
extended_dp1_dc1_ud0_nb0	89	180	60b3ab128113e8af
extended_dp1_dc1_ud0_nb0	90	2	7ac3584624571a10
extended_dp1_dc1_ud0_nb0	91	165	1646818258689418
extended_dp1_dc1_ud0_nb0	92	7	536c08e0f81df446
extended_dp1_dc1_ud0_nb0	93	8	b150258055d3b899
extended_dp1_dc1_ud0_nb0	94	6	f33ee757f2edc937
extended_dp1_dc1_ud0_nb0	95	161	b3e04ffbc60e70d8
extended_dp1_dc1_ud0_nb0	96	81	73fe810cb3a8aa27
extended_dp1_dc1_ud0_nb0	97	5	d329cbd437066fbe
extended_dp1_dc1_ud0_nb0	98	4	42501a86403a2a8e
extended_dp1_dc1_ud0_nb0	99	12	d2d3b5cdbb73b691
extended_dp1_dc1_ud0_nb0	100	13	6bb2311ef9f8af6e
extended_dp1_dc1_ud0_nb0	101	3	5713dd7830461484
extended_dp1_dc1_ud0_nb0	102	62	2204318596461bd0
extended_dp1_dc1_ud0_nb0	103	31	7add19488c759348
extended_dp1_dc1_ud0_nb0	104	1	2aa86b7d09c4fa67
extended_dp1_dc1_ud0_nb0	105	2	33b5365d16a95dba
extended_dp1_dc1_ud0_nb0	106	21	2cd6a70bb88ad675
extended_dp1_dc1_ud0_nb0	107	189	93b29360ed93461d
extended_dp1_dc1_ud0_nb0	108	70	7b98182020ae1eb1
extended_dp1_dc1_ud0_nb0	109	27	1db7e2995c8c9984
extended_dp1_dc1_ud0_nb0	110	6	dea6ff056c04009a
extended_dp1_dc1_ud0_nb0	111	3	fdb1fbf425fbf5f1
extended_dp1_dc1_ud0_nb0	112	6	02beb0f9522c8445
extended_dp1_dc1_ud0_nb0	113	1	ce908bdfd8c62477
extended_dp1_dc1_ud0_nb0	114	163	71814fd0e5a2973a
extended_dp1_dc1_ud0_nb0	115	2	4190c4e5c47f9001
extended_dp1_dc1_ud0_nb0	116	2	5f2151cdb5d26008
extended_dp1_dc1_ud0_nb0	117	162	7d1cb7899c6157e4
extended_dp1_dc1_ud0_nb0	118	161	bc1d502e287b5ad4
extended_dp1_dc1_ud0_nb0	119	2	fa3b1b21769c99bc
extended_dp1_dc1_ud0_nb0	120	170	626e9c0b66fda2c8
extended_dp1_dc1_ud0_nb0	121	70	a5337c850886d802
extended_dp1_dc1_ud0_nb0	122	173	fb3ac2b2b943c82c
extended_dp1_dc1_ud0_nb0	123	2	737f3e1167508935
extended_dp1_dc1_ud0_nb0	124	78	08504b9b7d0daa80
extended_dp1_dc1_ud0_nb0	125	4	3ec7510780c15cda
extended_dp1_dc1_ud0_nb0	126	7	a86ba550341bc96b
extended_dp1_dc1_ud0_nb0	127	2	11415ff7efeb9160
extended_dp1_dc1_ud0_nb0	128	21	fce42b6a6f4bb08b
extended_dp1_dc1_ud0_nb0	129	74	8df90889aee1bfeb
extended_dp1_dc1_ud0_nb0	130	2	af2325e713679114
extended_dp1_dc1_ud0_nb0	131	178	d19f10c18fbe2844
extended_dp1_dc1_ud0_nb0	132	180	94ee2b5f6fc0d635
extended_dp1_dc1_ud0_nb0	133	5	662eaf77173ddb60
extended_dp1_dc1_ud0_nb0	134	10	37f654ad5ad65cce
extended_dp1_dc1_ud0_nb0	135	1	4f4429788037f093
extended_dp1_dc1_ud0_nb0	136	2	cff4c6b51ab8d1e1
extended_dp1_dc1_ud0_nb0	137	3	a41f1b32a1b4d8bf
extended_dp1_dc1_ud0_nb0	138	156	203a020c8e0f4d49
extended_dp1_dc1_ud0_nb0	139	171	bc2c6c6562bd5a21
extended_dp1_dc1_ud0_nb0	140	6	8e58e22dff6fe35c
extended_dp1_dc1_ud0_nb0	141	8	e7abdad378fa0a3f
extended_dp1_dc1_ud0_nb0	142	9	fc38d895050f1b1d
extended_dp1_dc1_ud0_nb0	143	2	1b54d0530affef27
extended_dp1_dc1_ud0_nb0	144	11	aabaddfe72984cb4
extended_dp1_dc1_ud0_nb0	145	65	1eaf9561abd7707e
extended_dp1_dc1_ud0_nb0	146	69	1e293c0b45602b26
extended_dp1_dc1_ud0_nb0	147	27	5a5d06c8f51010ce
extended_dp1_dc1_ud0_nb0	148	25	eab8902f5bf2c781
extended_dp1_dc1_ud0_nb0	149	2	0e7a7d4215ecf15a
extended_dp1_dc1_ud0_nb0	150	5	80c8d3f769c2a030
extended_dp1_dc1_ud0_nb0	151	9	afc702c8179ae8d4
extended_dp1_dc1_ud0_nb0	152	68	4cd842305e998ab9
extended_dp1_dc1_ud0_nb0	153	179	a135f69a94aa5ec3
extended_dp1_dc1_ud0_nb0	154	2	d160fa2bda5374f3
extended_dp1_dc1_ud0_nb0	155	71	3f150e06b8267dc2
extended_dp1_dc1_ud0_nb0	156	31	8239b389fb84917c
extended_dp1_dc1_ud0_nb0	157	3	8488d59377cdcfd3
extended_dp1_dc1_ud0_nb0	158	4	b14c439e4d4ecc1a
extended_dp1_dc1_ud0_nb0	159	67	8c3eb0a8e3282600
extended_dp1_dc1_ud0_nb0	160	7	6506463ef9782f9a
extended_dp1_dc1_ud0_nb0	161	3	40e50f4eb30e6155
extended_dp1_dc1_ud0_nb0	162	180	10615798dc0736a3
extended_dp1_dc1_ud0_nb0	163	9	ae2dba14a8a8c07d
extended_dp1_dc1_ud0_nb0	164	3	64ce08596bd5bea5
extended_dp1_dc1_ud0_nb0	165	3	2426a1e0d74b6fab
extended_dp1_dc1_ud0_nb0	166	174	c2869ffb875b5722
extended_dp1_dc1_ud0_nb0	167	71	978066715117d7aa
extended_dp1_dc1_ud0_nb0	168	2	7f186e27c595ab14
extended_dp1_dc1_ud0_nb0	169	8	018219b414268b2a
extended_dp1_dc1_ud0_nb0	170	2	9a10e7aed7584972
extended_dp1_dc1_ud0_nb0	171	66	cceacd70b0a70817
extended_dp1_dc1_ud0_nb0	172	6	30d86c57d5d7e8bc
extended_dp1_dc1_ud0_nb0	173	7	03d7fa69480e8e80
extended_dp1_dc1_ud0_nb0	174	20	74bdae2f4b1379b4
extended_dp1_dc1_ud0_nb0	175	2	72c15ba8f0c9d153
extended_dp1_dc1_ud0_nb0	176	187	d4a705db61f62bf5
extended_dp1_dc1_ud0_nb0	177	2	bd0ecdb7188c9a68
extended_dp1_dc1_ud0_nb0	178	2	edb8b080a73ec176
extended_dp1_dc1_ud0_nb0	179	71	b1827cdd25542124
extended_dp1_dc1_ud0_nb0	180	171	14084515e20e14a9
extended_dp1_dc1_ud0_nb0	181	78	54020650b317ef68
extended_dp1_dc1_ud0_nb0	182	6	ff71b5097cbe6a94
extended_dp1_dc1_ud0_nb0	183	3	7f317189aa4c185a
extended_dp1_dc1_ud0_nb0	184	8	f9937d7586f0d769
extended_dp1_dc1_ud0_nb0	185	172	f6099766d32f08a0
extended_dp1_dc1_ud0_nb0	186	5	42279d51c85f5796
extended_dp1_dc1_ud0_nb0	187	72	23f92d0c707fc92d
extended_dp1_dc1_ud0_nb0	188	3	4f83ecb89d2d3bdc
extended_dp1_dc1_ud0_nb0	189	3	b707e8613282f6a0
extended_dp1_dc1_ud0_nb0	190	3	01ea72aab73b6f2d
extended_dp1_dc1_ud0_nb0	191	175	38d7cd5668c7cf9c
extended_dp1_dc1_ud0_nb0	192	6	6601abc543e60189
extended_dp1_dc1_ud0_nb0	193	3	2d3a9352ff8fbc56
extended_dp1_dc1_ud0_nb0	194	67	e59327aa10ec85b2
extended_dp1_dc1_ud0_nb0	195	73	e27578683ac7bcb7
extended_dp1_dc1_ud0_nb0	196	174	0bf438f56cdfa6b4
extended_dp1_dc1_ud0_nb0	197	7	bf9255dfdba10db4
extended_dp1_dc1_ud0_nb0	198	3	ce238d187758e508
extended_dp1_dc1_ud0_nb0	199	9	fc9e70e2c9a20948
extended_dp1_dc1_ud0_nb0	200	63	b69261bf49bac7d7
extended_dp1_dc1_ud0_nb0	201	5	eef7540142f4de4b
extended_dp1_dc1_ud0_nb0	202	3	ad5adcf2242e03e9
extended_dp1_dc1_ud0_nb0	203	23	f7b5c4c4a9d8e9ad
extended_dp1_dc1_ud0_nb0	204	80	645e28c6e501bc55
extended_dp1_dc1_ud0_nb0	205	10	f2277298c8612c36
extended_dp1_dc1_ud0_nb0	206	180	617345115f0bd509
extended_dp1_dc1_ud0_nb0	207	71	f6ef87703481479a
extended_dp1_dc1_ud0_nb0	208	71	0e7f42ece02f427a
extended_dp1_dc1_ud0_nb0	209	2	7e406aca15207b29
extended_dp1_dc1_ud0_nb0	210	2	4143f74e30e91d3c
extended_dp1_dc1_ud0_nb0	211	8	1ef8313b8b4fc0a1
extended_dp1_dc1_ud0_nb0	212	12	1896899290e941bb
extended_dp1_dc1_ud0_nb0	213	3	6fdef77cd5f3ed9c
extended_dp1_dc1_ud0_nb0	214	22	9b604e56a1b4936d
extended_dp1_dc1_ud0_nb0	215	6	6c65c2615bc0b46c
extended_dp1_dc1_ud0_nb0	216	62	f58dd72bc7403e1f
extended_dp1_dc1_ud0_nb0	217	10	ea66e20d2b5f5ca6
extended_dp1_dc1_ud0_nb0	218	10	ff2aca55fb1cb8eb
extended_dp1_dc1_ud0_nb0	219	5	e88ff77bb9c745be
extended_dp1_dc1_ud0_nb0	220	22	49bdaccf05ee797c
extended_dp1_dc1_ud0_nb0	221	10	3910427eff762556
extended_dp1_dc1_ud0_nb0	222	2	155847d504fd75bd
extended_dp1_dc1_ud0_nb0	223	2	4dbbca2216f7ac7b
extended_dp1_dc1_ud0_nb0	224	12	5541ac560663a663
extended_dp1_dc1_ud0_nb0	225	2	2832a96cf84da5d8
extended_dp1_dc1_ud0_nb0	226	176	14e206f114ca6506
extended_dp1_dc1_ud0_nb0	227	1	46eb868fb6e063a1
extended_dp1_dc1_ud0_nb0	228	26	bf141af177882543
extended_dp1_dc1_ud0_nb0	229	8	7674c0b17d164941
extended_dp1_dc1_ud0_nb0	230	67	1c1e00e680c32c25
extended_dp1_dc1_ud0_nb0	231	4	2495ac24bcc3355c
extended_dp1_dc1_ud0_nb0	232	2	8266c8aed1bb63ae
extended_dp1_dc1_ud0_nb0	233	30	49591a24f8697200
extended_dp1_dc1_ud0_nb0	234	2	e4ca63a93d69cb1f
extended_dp1_dc1_ud0_nb0	235	65	9f6c8e5c66f51207
extended_dp1_dc1_ud0_nb0	236	2	00e649886ebb9e7c
extended_dp1_dc1_ud0_nb0	237	5	92d56a1e19495045
extended_dp1_dc1_ud0_nb0	238	20	3642469857f10d5e
extended_dp1_dc1_ud0_nb0	239	2	4b70e50b8edc6292
extended_dp1_dc1_ud0_nb0	240	4	11399b68410123df
extended_dp1_dc1_ud0_nb0	241	3	af4404150c063f13
extended_dp1_dc1_ud0_nb0	242	8	baab10b4051dd510
extended_dp1_dc1_ud0_nb0	243	22	2a97da6457bcd6be
extended_dp1_dc1_ud0_nb0	244	2	a4dda3ae9e4f0f85
extended_dp1_dc1_ud0_nb0	245	25	e057ff8ad9a76c7f
extended_dp1_dc1_ud0_nb0	246	167	2e67e5f62ca70348
extended_dp1_dc1_ud0_nb0	247	3	e0853c840dd1fdaf
extended_dp1_dc1_ud0_nb0	248	67	92cbb1247f428e17
extended_dp1_dc1_ud0_nb0	249	181	c683ab1c6fd3dfae
extended_dp1_dc1_ud0_nb0	250	66	6c11f5abe6da9059
extended_dp1_dc1_ud0_nb0	251	78	5977ca088b731e1e
extended_dp1_dc1_ud0_nb0	252	7	52f853bc6ebe9df3
extended_dp1_dc1_ud0_nb0	253	6	ce6cdcbd812a0a55
extended_dp1_dc1_ud0_nb0	254	7	1af21cc0c5fd3dca
extended_dp1_dc1_ud0_nb0	255	73	c8da028cff596cde
extended_dp1_dc1_ud0_nb0	256	2	551a63c2d76181f6
extended_dp1_dc1_ud0_nb0	257	13	7bb4fd1f2dd32bfa
extended_dp1_dc1_ud0_nb0	258	73	1ae54bba386a3fd2
extended_dp1_dc1_ud0_nb0	259	29	27776fc4f6e14c93
extended_dp1_dc1_ud0_nb0	260	2	74defcaa3b35bd3c
extended_dp1_dc1_ud0_nb0	261	2	f76307a603dd2a5d
extended_dp1_dc1_ud0_nb0	262	6	e5536c6b74cba8d4
extended_dp1_dc1_ud0_nb0	263	6	cfb268392fa71828
extended_dp1_dc1_ud0_nb0	264	26	fc87dd048db15f5c
extended_dp1_dc1_ud0_nb0	265	5	a6528b54d51e66ff
extended_dp1_dc1_ud0_nb0	266	5	830f88c62f7c6352
extended_dp1_dc1_ud0_nb0	267	3	40b38c95fc7c1aa6
extended_dp1_dc1_ud0_nb0	268	1	25aef9909dfea048
extended_dp1_dc1_ud0_nb0	269	68	2ef6a2018886a58e
extended_dp1_dc1_ud0_nb0	270	24	ad510b1a9a92e629
extended_dp1_dc1_ud0_nb0	271	158	5586bb24b6fada4b
extended_dp1_dc1_ud0_nb0	272	75	da527988c55afcaf
extended_dp1_dc1_ud0_nb0	273	2	6f51285605f5b665
extended_dp1_dc1_ud0_nb0	274	37	46ee8fcefaea12c7
extended_dp1_dc1_ud0_nb0	275	3	33846b194a9c5819
extended_dp1_dc1_ud0_nb0	276	168	09a40fa49a87dece
extended_dp1_dc1_ud0_nb0	277	9	74db3b4bae3cf67a
extended_dp1_dc1_ud0_nb0	278	159	032080c1e69f809b
extended_dp1_dc1_ud0_nb0	279	27	3bf42e9ccf40bb4c
extended_dp1_dc1_ud0_nb0	280	6	1bb7d1d818afd2d5
extended_dp1_dc1_ud0_nb0	281	1	3abc652ea33e17a5
extended_dp1_dc1_ud0_nb0	282	2	9a10022c0daaddb3
extended_dp1_dc1_ud0_nb0	283	19	9aeec9f9f49bb31a
extended_dp1_dc1_ud0_nb0	284	5	2fb848e7cae72783
extended_dp1_dc1_ud0_nb0	285	18	9a32bb7946968489
extended_dp1_dc1_ud0_nb0	286	12	a7afc8585b6361f5
extended_dp1_dc1_ud0_nb0	287	183	ac37d5ae3d5a30aa
extended_dp1_dc1_ud0_nb0	288	5	cbc03b900102c413
extended_dp1_dc1_ud0_nb0	289	1	adf4e0e63c574ffd
extended_dp1_dc1_ud0_nb0	290	2	755010a29b611eac
extended_dp1_dc1_ud0_nb0	291	179	39f337575e8415df
extended_dp1_dc1_ud0_nb0	292	3	e949d0f76c39e16e
extended_dp1_dc1_ud0_nb0	293	172	4a8759768c6918bc
extended_dp1_dc1_ud0_nb0	294	68	0be04d2c6e9fc40e
extended_dp1_dc1_ud0_nb0	295	1	6d6c9be064bbef04
extended_dp1_dc1_ud0_nb0	296	170	b8d839403b84afdb
extended_dp1_dc1_ud0_nb0	297	177	e4b3cdb7a9fce02f
extended_dp1_dc1_ud0_nb0	298	2	b4231c8b8bf14136
extended_dp1_dc1_ud0_nb0	299	1	ec9a11734f43ecd8
extended_dp1_dc1_ud0_nb0	300	5	5d3d421a02f23af3
extended_dp1_dc1_ud0_nb0	301	65	5da2ae9b6102983f
extended_dp1_dc1_ud0_nb0	302	10	db1c500925225a3c
extended_dp1_dc1_ud0_nb0	303	6	2b46fd55dcde153a
extended_dp1_dc1_ud0_nb0	304	6	bcf2989c6c4f78c2
extended_dp1_dc1_ud0_nb0	305	34	27f3365c54112ea2
extended_dp1_dc1_ud0_nb0	306	15	5a480b572e1ec826
extended_dp1_dc1_ud0_nb0	307	27	68a66456a114da55
extended_dp1_dc1_ud0_nb0	308	178	3dbd5c76537a9045
extended_dp1_dc1_ud0_nb0	309	3	9a811aa38df195a8
extended_dp1_dc1_ud0_nb0	310	3	dc5522b8da7bb01e
extended_dp1_dc1_ud0_nb0	311	4	098c5623f338dbb0
extended_dp1_dc1_ud0_nb0	312	70	7b36a485488403ed
extended_dp1_dc1_ud0_nb0	313	69	b03f9cc030698e65
extended_dp1_dc1_ud0_nb0	314	76	85dbd18e14a1fa5d
extended_dp1_dc1_ud0_nb0	315	1	1ab4e6773c971447
extended_dp1_dc1_ud0_nb0	316	175	b27682027ca29d72
extended_dp1_dc1_ud0_nb0	317	5	acbcba685beb266f
extended_dp1_dc1_ud0_nb0	318	3	823f5d6c99a85f01
extended_dp1_dc1_ud0_nb0	319	169	612a129a974a6f52
extended_dp1_dc1_ud0_nb0	320	35	3b2bbdb2739187a4
extended_dp1_dc1_ud0_nb0	321	24	ee7c193acf7e8656
extended_dp1_dc1_ud0_nb0	322	70	84129e760ccd2fd7
extended_dp1_dc1_ud0_nb0	323	24	7792d1be87c5553f
extended_dp1_dc1_ud0_nb0	324	28	c258ed1347fcc53b
extended_dp1_dc1_ud0_nb0	325	8	8676cda0d509be8e
extended_dp1_dc1_ud0_nb0	326	68	e3255325510431dc
extended_dp1_dc1_ud0_nb0	327	3	a6c2ae93c967753e
extended_dp1_dc1_ud0_nb0	328	12	21de4623c2fe1f4c
extended_dp1_dc1_ud0_nb0	329	2	461827dfc2a8b43f
extended_dp1_dc1_ud0_nb0	330	77	ff6a331171398e87
extended_dp1_dc1_ud0_nb0	331	1	a1b05ad8878eddbd
extended_dp1_dc1_ud0_nb0	332	62	61c6b2d952a965ff
extended_dp1_dc1_ud0_nb0	333	75	8481d2d280403050
extended_dp1_dc1_ud0_nb0	334	168	e76d6d339c5e4ee3
extended_dp1_dc1_ud0_nb0	335	31	e980500fd9a0de22
extended_dp1_dc1_ud0_nb0	336	83	3f4d17080891d5ec
extended_dp1_dc1_ud0_nb0	337	8	5ee8960a3da49fd9
extended_dp1_dc1_ud0_nb0	338	63	8ba71dbf0fe357cb
extended_dp1_dc1_ud0_nb0	339	80	48f78745c5e2947c
extended_dp1_dc1_ud0_nb0	340	29	dde3ecf02d3542b8
extended_dp1_dc1_ud0_nb0	341	2	ad98a9842eda811a
extended_dp1_dc1_ud0_nb0	342	30	e3c1041a08bb5765
extended_dp1_dc1_ud0_nb0	343	166	2e99702771128226
extended_dp1_dc1_ud0_nb0	344	13	42413ecee1d7778e
extended_dp1_dc1_ud0_nb0	345	28	e1b419beb71874b7
extended_dp1_dc1_ud0_nb0	346	73	462e8a80977c77ff
extended_dp1_dc1_ud0_nb0	347	2	843d4454ffc8a3c7
extended_dp1_dc1_ud0_nb0	348	5	7e91c30124c2642b
extended_dp1_dc1_ud0_nb0	349	24	b4bc1eb13c7c78ff
extended_dp1_dc1_ud0_nb0	350	11	2596473b1543b38b
extended_dp1_dc1_ud0_nb0	351	14	b8677be0374fcf69
extended_dp1_dc1_ud0_nb0	352	1	8424221c01ab377a
extended_dp1_dc1_ud0_nb0	353	29	d4864f694ecc83b3
extended_dp1_dc1_ud0_nb0	354	2	5bda2ca495a4ab74
extended_dp1_dc1_ud0_nb0	355	3	95f66d4114646871
extended_dp1_dc1_ud0_nb0	356	1	0de197205f786e7e
extended_dp1_dc1_ud0_nb0	357	32	ee14e41972d93130
extended_dp1_dc1_ud0_nb0	358	2	f9fa6bf430f95da3
extended_dp1_dc1_ud0_nb0	359	3	098105451cd10742
extended_dp1_dc1_ud0_nb0	360	8	c4f0f920b9fa5cfa
extended_dp1_dc1_ud0_nb0	361	2	c6d90e3c7d693bdd
extended_dp1_dc1_ud0_nb0	362	61	84917a8ae72e4b3a
extended_dp1_dc1_ud0_nb0	363	171	b7c0adf5810d22f8
extended_dp1_dc1_ud0_nb0	364	8	447c2d4173b9d46a
extended_dp1_dc1_ud0_nb0	365	2	62d81744abb53f13
extended_dp1_dc1_ud0_nb0	366	2	198c1f0846c5965f
extended_dp1_dc1_ud0_nb0	367	8	91b660e5b1be6a2b
extended_dp1_dc1_ud0_nb0	368	1	eef15e6694a23b83
extended_dp1_dc1_ud0_nb0	369	24	c0a73e31c9a53a66
extended_dp1_dc1_ud0_nb0	370	6	c31ef7faaea9bbc5
extended_dp1_dc1_ud0_nb0	371	2	4cd07f8f33b23519
extended_dp1_dc1_ud0_nb0	372	5	5ed645a5fbcfca6d
extended_dp1_dc1_ud0_nb0	373	6	940f3e69d8318ea0
extended_dp1_dc1_ud0_nb0	374	72	3673cf75545da50c
extended_dp1_dc1_ud0_nb0	375	73	393d5cfe022b8f2b
extended_dp1_dc1_ud0_nb0	376	9	fd52ace97e75784d
extended_dp1_dc1_ud0_nb0	377	2	c417926d6aea0d9a
extended_dp1_dc1_ud0_nb0	378	5	b32bdc866c7a49d7
extended_dp1_dc1_ud0_nb0	379	8	d9070ed1e38b0721
extended_dp1_dc1_ud0_nb0	380	81	b18bc9d40b4cf52e
extended_dp1_dc1_ud0_nb0	381	4	5a319d3839992556
extended_dp1_dc1_ud0_nb0	382	2	ee235b847f480214
extended_dp1_dc1_ud0_nb0	383	2	1ca0393d8d48778c
extended_dp1_dc1_ud0_nb0	384	3	21bed12db54d8f82
extended_dp1_dc1_ud0_nb0	385	2	60e9a85e50134bc4
extended_dp1_dc1_ud0_nb0	386	161	6a3efcae4d29967f
extended_dp1_dc1_ud0_nb0	387	9	fe1b5563260e23e9
extended_dp1_dc1_ud0_nb0	388	81	ca66040fe9d11722
extended_dp1_dc1_ud0_nb0	389	74	62893f6ba80b2313
extended_dp1_dc1_ud0_nb0	390	8	651b04399a97d9a3
extended_dp1_dc1_ud0_nb0	391	8	dbaa737f7bb1aa5a
extended_dp1_dc1_ud0_nb0	392	24	c7e046ec8461c1de
extended_dp1_dc1_ud0_nb0	393	11	b5446e046187bfdf
extended_dp1_dc1_ud0_nb0	394	2	3a26d4d1964e45ce
extended_dp1_dc1_ud0_nb0	395	10	1b7788b984c5ffd0
extended_dp1_dc1_ud0_nb0	396	24	8abdf73cf97fb22a
extended_dp1_dc1_ud0_nb0	397	60	3133532adf86cb39
extended_dp1_dc1_ud0_nb0	398	186	1b805e08b82c7bd2
extended_dp1_dc1_ud0_nb0	399	5	c9d028df57c60b8b
extended_dp1_dc1_ud0_nb2000	0	2	fe3877f9123caf6f
extended_dp1_dc1_ud0_nb2000	1	30	f7a2e77077e1802f
extended_dp1_dc1_ud0_nb2000	2	192	f20526843c1f13c5
extended_dp1_dc1_ud0_nb2000	3	3	04752421978926ff
extended_dp1_dc1_ud0_nb2000	4	81	30e744a60598dbfa
extended_dp1_dc1_ud0_nb2000	5	5	e0655920d5a36a52
extended_dp1_dc1_ud0_nb2000	6	84	03992be0a0614001
extended_dp1_dc1_ud0_nb2000	7	220	3b67cdee381b294c
extended_dp1_dc1_ud0_nb2000	8	192	ea0ce6596358e469
extended_dp1_dc1_ud0_nb2000	9	79	f3bdf3d430aaf184
extended_dp1_dc1_ud0_nb2000	10	83	2e4e4c79a69c9fde
extended_dp1_dc1_ud0_nb2000	11	92	34279c6a92a14e30
extended_dp1_dc1_ud0_nb2000	12	5	cd9d2ab8d7d8e70b
extended_dp1_dc1_ud0_nb2000	13	1	8610e9dda182bf42
extended_dp1_dc1_ud0_nb2000	14	4	2e85190163e10d0c
extended_dp1_dc1_ud0_nb2000	15	6	b3c87cf276079c6a
extended_dp1_dc1_ud0_nb2000	16	41	f990808294ec49a5
extended_dp1_dc1_ud0_nb2000	17	2	5420621e61e6b2de
extended_dp1_dc1_ud0_nb2000	18	6	b2f596f0001feca0
extended_dp1_dc1_ud0_nb2000	19	1	9063f58a9e418e90
extended_dp1_dc1_ud0_nb2000	20	89	86cbab0a8d2eb0c8
extended_dp1_dc1_ud0_nb2000	21	77	266614f41a2d4865
extended_dp1_dc1_ud0_nb2000	22	4	eaa8ad25233fea23
extended_dp1_dc1_ud0_nb2000	23	181	992c5a82c70793ac
extended_dp1_dc1_ud0_nb2000	24	2	4ee24f53fa50f5fb
extended_dp1_dc1_ud0_nb2000	25	2	210c11ef7723c39c
extended_dp1_dc1_ud0_nb2000	26	29	6aad7cd896fd9076
extended_dp1_dc1_ud0_nb2000	27	2	7a76b7ba3a15016d
extended_dp1_dc1_ud0_nb2000	28	10	7b08e81d37a46cd6
extended_dp1_dc1_ud0_nb2000	29	1	cb04c009a7a0f623
extended_dp1_dc1_ud0_nb2000	30	7	3fde2982b725e481
extended_dp1_dc1_ud0_nb2000	31	2	115a740f9cd9a619
extended_dp1_dc1_ud0_nb2000	32	205	9b6a66fa0667c568
extended_dp1_dc1_ud0_nb2000	33	3	fb073d01787c3389
extended_dp1_dc1_ud0_nb2000	34	6	d59d98f4ecce3bbf
extended_dp1_dc1_ud0_nb2000	35	183	2959f10a576c95ad
extended_dp1_dc1_ud0_nb2000	36	9	527e4261ee14206d
extended_dp1_dc1_ud0_nb2000	37	79	2b05ac7cfcd0a08b
extended_dp1_dc1_ud0_nb2000	38	33	31a93b380c7fe211
extended_dp1_dc1_ud0_nb2000	39	180	bdf5040411cab18f
extended_dp1_dc1_ud0_nb2000	40	210	d4a0973a621c6d00
extended_dp1_dc1_ud0_nb2000	41	34	f48cdeff9f0c1621
extended_dp1_dc1_ud0_nb2000	42	12	168ceeb71ee05fd6
extended_dp1_dc1_ud0_nb2000	43	1	5b21a5ec2f985d77
extended_dp1_dc1_ud0_nb2000	44	4	64bb20437661a3b9
extended_dp1_dc1_ud0_nb2000	45	9	fd8d6b53800df25f
extended_dp1_dc1_ud0_nb2000	46	29	a2d26d2dd5c0197a
extended_dp1_dc1_ud0_nb2000	47	72	51768a24e11b8a58
extended_dp1_dc1_ud0_nb2000	48	7	9f51da93598d7bfe
extended_dp1_dc1_ud0_nb2000	49	4	682fb7ad4c45f435
extended_dp1_dc1_ud0_nb2000	50	3	fd89f6049da2aafa
extended_dp1_dc1_ud0_nb2000	51	29	273c69b85afc6d34
extended_dp1_dc1_ud0_nb2000	52	2	fd08e8dd823f631e
extended_dp1_dc1_ud0_nb2000	53	12	f4dde560b2b50141
extended_dp1_dc1_ud0_nb2000	54	5	31bb37d5b0fb1e70
extended_dp1_dc1_ud0_nb2000	55	75	aed96db02f1e2efe
extended_dp1_dc1_ud0_nb2000	56	11	0108022563b9a204
extended_dp1_dc1_ud0_nb2000	57	2	d8c21a02c79c5d2f
extended_dp1_dc1_ud0_nb2000	58	3	6a5b37258e941d28
extended_dp1_dc1_ud0_nb2000	59	25	f72ee869d8779c7d
extended_dp1_dc1_ud0_nb2000	60	3	90e544c7aa820b5e
extended_dp1_dc1_ud0_nb2000	61	2	50c0e5e565e77d9f
extended_dp1_dc1_ud0_nb2000	62	3	490e58d435ecad3e
extended_dp1_dc1_ud0_nb2000	63	29	eada4a5863d62f71
extended_dp1_dc1_ud0_nb2000	64	77	23702e0f60f5e578
extended_dp1_dc1_ud0_nb2000	65	5	ef54a424735e7ba8
extended_dp1_dc1_ud0_nb2000	66	4	cf688d71ffe9a693
extended_dp1_dc1_ud0_nb2000	67	10	aedb3d8c0790c715
extended_dp1_dc1_ud0_nb2000	68	9	ccdb218b96a208ba
extended_dp1_dc1_ud0_nb2000	69	88	6088d961d5d5b9ee
extended_dp1_dc1_ud0_nb2000	70	6	de8c5f9d34bede0d
extended_dp1_dc1_ud0_nb2000	71	15	369d42954ba6b0be
extended_dp1_dc1_ud0_nb2000	72	27	08db49c494b1dd3a
extended_dp1_dc1_ud0_nb2000	73	74	ce4f9437f5f103ed
extended_dp1_dc1_ud0_nb2000	74	2	c00d92a30f546d81
extended_dp1_dc1_ud0_nb2000	75	2	60d11ac02cca1f5c
extended_dp1_dc1_ud0_nb2000	76	71	b46db5f1bbeac28b
extended_dp1_dc1_ud0_nb2000	77	2	72f99e536ffd074b
extended_dp1_dc1_ud0_nb2000	78	2	8a316a4cbf248e78
extended_dp1_dc1_ud0_nb2000	79	14	f12efb677f68839b
extended_dp1_dc1_ud0_nb2000	80	1	52b4ae3df5b68646
extended_dp1_dc1_ud0_nb2000	81	12	3dc26e78de5a96d3
extended_dp1_dc1_ud0_nb2000	82	186	8d7b66a648789973
extended_dp1_dc1_ud0_nb2000	83	4	18c6172a2b20dab9
extended_dp1_dc1_ud0_nb2000	84	3	98be6817fedd840d
extended_dp1_dc1_ud0_nb2000	85	68	ec1de5cef8cdb154
extended_dp1_dc1_ud0_nb2000	86	9	c7a0b1d1f5239f44
extended_dp1_dc1_ud0_nb2000	87	33	c88acda1e2cca273
extended_dp1_dc1_ud0_nb2000	88	32	190d283a6e6e7ff7
extended_dp1_dc1_ud0_nb2000	89	202	f1d517ce91527253
extended_dp1_dc1_ud0_nb2000	90	2	7ac3584624571a10
extended_dp1_dc1_ud0_nb2000	91	185	4d07d1789c241a9d
extended_dp1_dc1_ud0_nb2000	92	8	9c5a449753c9b89a
extended_dp1_dc1_ud0_nb2000	93	9	bd4a0417f576691e
extended_dp1_dc1_ud0_nb2000	94	6	98a1472c66a9b589
extended_dp1_dc1_ud0_nb2000	95	190	f27d3f2abbd27f36
extended_dp1_dc1_ud0_nb2000	96	94	7ca9e513e0bf5143
extended_dp1_dc1_ud0_nb2000	97	5	61d9d102b34e1726
extended_dp1_dc1_ud0_nb2000	98	5	bc1cfdd9175b248c
extended_dp1_dc1_ud0_nb2000	99	14	6002d7de4b622590
extended_dp1_dc1_ud0_nb2000	100	14	cdaa34732df69f56
extended_dp1_dc1_ud0_nb2000	101	4	d169faaa37a5c1e1
extended_dp1_dc1_ud0_nb2000	102	68	af13fefddc3d8a8b
extended_dp1_dc1_ud0_nb2000	103	36	aa49b9b27a0c1116
extended_dp1_dc1_ud0_nb2000	104	1	2aa86b7d09c4fa67
extended_dp1_dc1_ud0_nb2000	105	2	5e1645b8765c83f3
extended_dp1_dc1_ud0_nb2000	106	23	1c55bd7d79dba68d
extended_dp1_dc1_ud0_nb2000	107	220	d4205a8384b81917
extended_dp1_dc1_ud0_nb2000	108	81	e555f70864bbbe68
extended_dp1_dc1_ud0_nb2000	109	31	72a4113a5b1c4df5
extended_dp1_dc1_ud0_nb2000	110	7	07ee6578df11c742
extended_dp1_dc1_ud0_nb2000	111	3	01911c6ee2172564
extended_dp1_dc1_ud0_nb2000	112	7	136a89fc80798f9e
extended_dp1_dc1_ud0_nb2000	113	1	ce908bdfd8c62477
extended_dp1_dc1_ud0_nb2000	114	190	4fba8fe57a8a6f12
extended_dp1_dc1_ud0_nb2000	115	2	4190c4e5c47f9001
extended_dp1_dc1_ud0_nb2000	116	2	5f2151cdb5d26008
extended_dp1_dc1_ud0_nb2000	117	189	dc662cca7795bc8c
extended_dp1_dc1_ud0_nb2000	118	190	bcede7297bdad7ba
extended_dp1_dc1_ud0_nb2000	119	2	fa3b1b21769c99bc
extended_dp1_dc1_ud0_nb2000	120	196	c10803b5f65aae95
extended_dp1_dc1_ud0_nb2000	121	79	a76ee16c93074014
extended_dp1_dc1_ud0_nb2000	122	195	0b952c1ab0870044
extended_dp1_dc1_ud0_nb2000	123	2	737f3e1167508935
extended_dp1_dc1_ud0_nb2000	124	91	a885802ae4874748
extended_dp1_dc1_ud0_nb2000	125	4	3ec7510780c15cda
extended_dp1_dc1_ud0_nb2000	126	7	dabb0cde215466ff
extended_dp1_dc1_ud0_nb2000	127	2	814dccc6d2006e69
extended_dp1_dc1_ud0_nb2000	128	23	6ea7b78f82467602
extended_dp1_dc1_ud0_nb2000	129	84	b5cce3118b80bc76
extended_dp1_dc1_ud0_nb2000	130	2	af2325e713679114
extended_dp1_dc1_ud0_nb2000	131	206	99f857d65fad3cd2
extended_dp1_dc1_ud0_nb2000	132	210	f694b451707158db
extended_dp1_dc1_ud0_nb2000	133	6	b516e7d332f84d1d
extended_dp1_dc1_ud0_nb2000	134	11	9bf024333f2789c5
extended_dp1_dc1_ud0_nb2000	135	1	4f4429788037f093
extended_dp1_dc1_ud0_nb2000	136	2	cff4c6b51ab8d1e1
extended_dp1_dc1_ud0_nb2000	137	3	1dc709adf506815a
extended_dp1_dc1_ud0_nb2000	138	176	404f5fe100e95a36
extended_dp1_dc1_ud0_nb2000	139	195	0bb831553beabc29
extended_dp1_dc1_ud0_nb2000	140	7	dc6d609246fee55b
extended_dp1_dc1_ud0_nb2000	141	10	071e7419227f5ced
extended_dp1_dc1_ud0_nb2000	142	11	4c9146a4fcf8e721
extended_dp1_dc1_ud0_nb2000	143	2	6ff6b8bc6619ae66
extended_dp1_dc1_ud0_nb2000	144	13	6bffecf9f51e4214
extended_dp1_dc1_ud0_nb2000	145	73	ea22a365f53953ba
extended_dp1_dc1_ud0_nb2000	146	75	cf3671e4027b7bce
extended_dp1_dc1_ud0_nb2000	147	32	aa240a5b96884a18
extended_dp1_dc1_ud0_nb2000	148	28	ad6e01ea71d5c68d
extended_dp1_dc1_ud0_nb2000	149	2	0e7a7d4215ecf15a
extended_dp1_dc1_ud0_nb2000	150	6	5872b2549ebbe623
extended_dp1_dc1_ud0_nb2000	151	11	026850c1ab19cd3c
extended_dp1_dc1_ud0_nb2000	152	78	13e6fd62d596676a
extended_dp1_dc1_ud0_nb2000	153	203	23f30c0c09a34692
extended_dp1_dc1_ud0_nb2000	154	2	60a2b5c9c2e0e62a
extended_dp1_dc1_ud0_nb2000	155	80	0eb3502b1f4b81a0
extended_dp1_dc1_ud0_nb2000	156	34	0b488b96a4270b18
extended_dp1_dc1_ud0_nb2000	157	3	6a36bc7972855e92
extended_dp1_dc1_ud0_nb2000	158	5	980f36241ff087b2
extended_dp1_dc1_ud0_nb2000	159	79	95e7647ab67bbc56
extended_dp1_dc1_ud0_nb2000	160	7	af225a9e313bd07a
extended_dp1_dc1_ud0_nb2000	161	4	2224d338ee0c92e9
extended_dp1_dc1_ud0_nb2000	162	210	d303fb03f3d67723
extended_dp1_dc1_ud0_nb2000	163	10	425951021ef4a581
extended_dp1_dc1_ud0_nb2000	164	4	832f5c2fce7ba965
extended_dp1_dc1_ud0_nb2000	165	3	5c538693c1431f4b
extended_dp1_dc1_ud0_nb2000	166	198	666c76d6ed1ac589
extended_dp1_dc1_ud0_nb2000	167	81	cb9e345be8bcd78c
extended_dp1_dc1_ud0_nb2000	168	2	7f186e27c595ab14
extended_dp1_dc1_ud0_nb2000	169	8	50b094fe969e79f8
extended_dp1_dc1_ud0_nb2000	170	2	9a10e7aed7584972
extended_dp1_dc1_ud0_nb2000	171	75	8befd1d85e6ea613
extended_dp1_dc1_ud0_nb2000	172	7	820d72ff93bc9917
extended_dp1_dc1_ud0_nb2000	173	8	02834af452189f2d
extended_dp1_dc1_ud0_nb2000	174	23	0633f1d37f1cd41f
extended_dp1_dc1_ud0_nb2000	175	2	72c15ba8f0c9d153
extended_dp1_dc1_ud0_nb2000	176	210	ad8adcf6fe3c5e46
extended_dp1_dc1_ud0_nb2000	177	2	bd0ecdb7188c9a68
extended_dp1_dc1_ud0_nb2000	178	2	edb8b080a73ec176
extended_dp1_dc1_ud0_nb2000	179	81	12504a6a8413c77a
extended_dp1_dc1_ud0_nb2000	180	198	361a3ee674ba9120
extended_dp1_dc1_ud0_nb2000	181	88	b9b96c7146904bd2
extended_dp1_dc1_ud0_nb2000	182	6	b5bec723cdeb5f21
extended_dp1_dc1_ud0_nb2000	183	4	11f7094f697eac0c
extended_dp1_dc1_ud0_nb2000	184	9	1d5f89e2a6f29719
extended_dp1_dc1_ud0_nb2000	185	198	77a3c5a060480651
extended_dp1_dc1_ud0_nb2000	186	6	11760524a2054f12
extended_dp1_dc1_ud0_nb2000	187	86	643e229feba970a6
extended_dp1_dc1_ud0_nb2000	188	3	497372c349c1b597
extended_dp1_dc1_ud0_nb2000	189	3	4275562cef33e65f
extended_dp1_dc1_ud0_nb2000	190	3	01ea72aab73b6f2d
extended_dp1_dc1_ud0_nb2000	191	198	7c50dfeb7f30af49
extended_dp1_dc1_ud0_nb2000	192	7	80c9d512da64fd85
extended_dp1_dc1_ud0_nb2000	193	3	9d88783521a38ff1
extended_dp1_dc1_ud0_nb2000	194	78	2ae401c982db1dc1
extended_dp1_dc1_ud0_nb2000	195	87	38209c4e4d34701a
extended_dp1_dc1_ud0_nb2000	196	197	fa0149a6eef2e859
extended_dp1_dc1_ud0_nb2000	197	7	d29623dcd610ad0f
extended_dp1_dc1_ud0_nb2000	198	4	d95422b38e7ccb9d
extended_dp1_dc1_ud0_nb2000	199	9	bb624c201e4e9cc4
extended_dp1_dc1_ud0_nb2000	200	69	7419422dc52573f9
extended_dp1_dc1_ud0_nb2000	201	5	35f561dd999af5d4
extended_dp1_dc1_ud0_nb2000	202	3	9867b26f89bd75b4
extended_dp1_dc1_ud0_nb2000	203	26	e0409345a3f325b3
extended_dp1_dc1_ud0_nb2000	204	95	cdb6f1c7d36fc178
extended_dp1_dc1_ud0_nb2000	205	11	b6623dd123f66ca7
extended_dp1_dc1_ud0_nb2000	206	202	2abc83d62a8e13dc
extended_dp1_dc1_ud0_nb2000	207	77	4d588c28f394130f
extended_dp1_dc1_ud0_nb2000	208	86	d2e531e016e5c0aa
extended_dp1_dc1_ud0_nb2000	209	2	7e406aca15207b29
extended_dp1_dc1_ud0_nb2000	210	2	4143f74e30e91d3c
extended_dp1_dc1_ud0_nb2000	211	8	578b5a7244c9cf66
extended_dp1_dc1_ud0_nb2000	212	14	e101cf2edce5fedf
extended_dp1_dc1_ud0_nb2000	213	3	edd5359814ad33df
extended_dp1_dc1_ud0_nb2000	214	24	34b428819eb9d815
extended_dp1_dc1_ud0_nb2000	215	7	60c3fbd347358362
extended_dp1_dc1_ud0_nb2000	216	71	647c183db3e95a3f
extended_dp1_dc1_ud0_nb2000	217	12	a97d7e8db8b9f5bd
extended_dp1_dc1_ud0_nb2000	218	12	8f111dce9fe400f4
extended_dp1_dc1_ud0_nb2000	219	6	316d58ebb32b62e8
extended_dp1_dc1_ud0_nb2000	220	27	8b33a2d7da06b036
extended_dp1_dc1_ud0_nb2000	221	12	5a2848bc56eb7484
extended_dp1_dc1_ud0_nb2000	222	2	155847d504fd75bd
extended_dp1_dc1_ud0_nb2000	223	2	4dbbca2216f7ac7b
extended_dp1_dc1_ud0_nb2000	224	14	c4ad5c3adf200271
extended_dp1_dc1_ud0_nb2000	225	2	2832a96cf84da5d8
extended_dp1_dc1_ud0_nb2000	226	202	1c2d14d51822f7d1
extended_dp1_dc1_ud0_nb2000	227	1	46eb868fb6e063a1
extended_dp1_dc1_ud0_nb2000	228	28	091c971374308138
extended_dp1_dc1_ud0_nb2000	229	9	f0f130f0e3a2faae
extended_dp1_dc1_ud0_nb2000	230	76	3b25ef61757b15f9
extended_dp1_dc1_ud0_nb2000	231	4	0f4f24f624930d64
extended_dp1_dc1_ud0_nb2000	232	2	8266c8aed1bb63ae
extended_dp1_dc1_ud0_nb2000	233	32	a165a95ed115d24d
extended_dp1_dc1_ud0_nb2000	234	2	e4ca63a93d69cb1f
extended_dp1_dc1_ud0_nb2000	235	75	5e7a9c204c6cae47
extended_dp1_dc1_ud0_nb2000	236	2	d481bfb675d614dd
extended_dp1_dc1_ud0_nb2000	237	6	b04711e899c41616
extended_dp1_dc1_ud0_nb2000	238	21	c7f2303cb8c797c2
extended_dp1_dc1_ud0_nb2000	239	2	4b70e50b8edc6292
extended_dp1_dc1_ud0_nb2000	240	4	11399b68410123df
extended_dp1_dc1_ud0_nb2000	241	3	b2635722d8d798e2
extended_dp1_dc1_ud0_nb2000	242	10	f1ce5b32ce93dfb6
extended_dp1_dc1_ud0_nb2000	243	25	965be25242a8d92b
extended_dp1_dc1_ud0_nb2000	244	2	a4dda3ae9e4f0f85
extended_dp1_dc1_ud0_nb2000	245	28	9da4b398411278b4
extended_dp1_dc1_ud0_nb2000	246	187	3a05f0bfbe02a13d
extended_dp1_dc1_ud0_nb2000	247	3	e0853c840dd1fdaf
extended_dp1_dc1_ud0_nb2000	248	77	e82ee562f3a6eb7d
extended_dp1_dc1_ud0_nb2000	249	204	65485944f8aa196f
extended_dp1_dc1_ud0_nb2000	250	72	9c877811c01a74b7
extended_dp1_dc1_ud0_nb2000	251	92	97a961ae2fdadbbf
extended_dp1_dc1_ud0_nb2000	252	8	48a9671106065434
extended_dp1_dc1_ud0_nb2000	253	7	0443009996f09f8c
extended_dp1_dc1_ud0_nb2000	254	8	9c7afc08130d80de
extended_dp1_dc1_ud0_nb2000	255	83	84a8cc2c8c24f1a1
extended_dp1_dc1_ud0_nb2000	256	2	551a63c2d76181f6
extended_dp1_dc1_ud0_nb2000	257	14	1eb2342b5e9931e7
extended_dp1_dc1_ud0_nb2000	258	83	bacf2bfae27bcbac
extended_dp1_dc1_ud0_nb2000	259	33	2f643bfed1eeaa01
extended_dp1_dc1_ud0_nb2000	260	2	adbb7c7175eb6e52
extended_dp1_dc1_ud0_nb2000	261	2	f76307a603dd2a5d
extended_dp1_dc1_ud0_nb2000	262	7	4159b8c0b76a566f
extended_dp1_dc1_ud0_nb2000	263	7	fd6d2a785103841e
extended_dp1_dc1_ud0_nb2000	264	29	3f603d30f3ce3f9f
extended_dp1_dc1_ud0_nb2000	265	6	4986a5545daf0830
extended_dp1_dc1_ud0_nb2000	266	6	ba20ef3b6b3e2918
extended_dp1_dc1_ud0_nb2000	267	3	318574d728fb4773
extended_dp1_dc1_ud0_nb2000	268	1	25aef9909dfea048
extended_dp1_dc1_ud0_nb2000	269	74	afb8c306b750e958
extended_dp1_dc1_ud0_nb2000	270	27	2c5c138a416a0740
extended_dp1_dc1_ud0_nb2000	271	184	e0077433163c38bd
extended_dp1_dc1_ud0_nb2000	272	88	a9a7025fc576b8be
extended_dp1_dc1_ud0_nb2000	273	2	6f51285605f5b665
extended_dp1_dc1_ud0_nb2000	274	40	03b4c9289b27a110
extended_dp1_dc1_ud0_nb2000	275	3	33846b194a9c5819
extended_dp1_dc1_ud0_nb2000	276	194	8dbf5b089e373efc
extended_dp1_dc1_ud0_nb2000	277	11	1c96d5678ec3f6bd
extended_dp1_dc1_ud0_nb2000	278	186	1e6a75da688fc3c1
extended_dp1_dc1_ud0_nb2000	279	30	06e9b905f83696c5
extended_dp1_dc1_ud0_nb2000	280	7	b73b7c66198298c4
extended_dp1_dc1_ud0_nb2000	281	1	3abc652ea33e17a5
extended_dp1_dc1_ud0_nb2000	282	2	9a10022c0daaddb3
extended_dp1_dc1_ud0_nb2000	283	20	7eccfb456bc24b9c
extended_dp1_dc1_ud0_nb2000	284	5	33be49397f38c1c0
extended_dp1_dc1_ud0_nb2000	285	20	dabdcf6241c18d86
extended_dp1_dc1_ud0_nb2000	286	13	e0c9169940268f94
extended_dp1_dc1_ud0_nb2000	287	209	9e37fdd0d19302ed
extended_dp1_dc1_ud0_nb2000	288	6	6579e3de6c71cd63
extended_dp1_dc1_ud0_nb2000	289	1	adf4e0e63c574ffd
extended_dp1_dc1_ud0_nb2000	290	2	0f3051d3fcbf1a41
extended_dp1_dc1_ud0_nb2000	291	209	3d1974c4b6e5486a
extended_dp1_dc1_ud0_nb2000	292	3	97def42dec590a3f
extended_dp1_dc1_ud0_nb2000	293	204	cc70064171db5a0a
extended_dp1_dc1_ud0_nb2000	294	78	6875448bbec2820f
extended_dp1_dc1_ud0_nb2000	295	1	6d6c9be064bbef04
extended_dp1_dc1_ud0_nb2000	296	194	9a4e19d0dff8dc83
extended_dp1_dc1_ud0_nb2000	297	204	683828f2d6af754e
extended_dp1_dc1_ud0_nb2000	298	2	b4231c8b8bf14136
extended_dp1_dc1_ud0_nb2000	299	1	ec9a11734f43ecd8
extended_dp1_dc1_ud0_nb2000	300	5	3f94bc087489c8e4
extended_dp1_dc1_ud0_nb2000	301	75	b39c1872376cad17
extended_dp1_dc1_ud0_nb2000	302	12	438888afca2bcd91
extended_dp1_dc1_ud0_nb2000	303	6	adb56fe1642e028b
extended_dp1_dc1_ud0_nb2000	304	7	8c0044053a1f4092
extended_dp1_dc1_ud0_nb2000	305	39	f40f01bf335430d0
extended_dp1_dc1_ud0_nb2000	306	17	1e02c21a67d0fc02
extended_dp1_dc1_ud0_nb2000	307	31	468a88e689b5be47
extended_dp1_dc1_ud0_nb2000	308	209	14a16816f6b5ce85
extended_dp1_dc1_ud0_nb2000	309	4	91770c86f0b32675
extended_dp1_dc1_ud0_nb2000	310	3	a19a9ddc616bc40b
extended_dp1_dc1_ud0_nb2000	311	5	eb26a6b2edf79306
extended_dp1_dc1_ud0_nb2000	312	81	8d5ef0adad140231
extended_dp1_dc1_ud0_nb2000	313	77	ec6cfe6384544ef6
extended_dp1_dc1_ud0_nb2000	314	89	1dc5dab97f044e14
extended_dp1_dc1_ud0_nb2000	315	1	1ab4e6773c971447
extended_dp1_dc1_ud0_nb2000	316	199	b45a907eb8edf8bf
extended_dp1_dc1_ud0_nb2000	317	5	a57c653d40b9330e
extended_dp1_dc1_ud0_nb2000	318	3	0be369303603bc54
extended_dp1_dc1_ud0_nb2000	319	191	e2b76efe028c1569
extended_dp1_dc1_ud0_nb2000	320	40	50930bd85f341f4e
extended_dp1_dc1_ud0_nb2000	321	28	6713869f4efc9fe2
extended_dp1_dc1_ud0_nb2000	322	79	4e4335fd77740e14
extended_dp1_dc1_ud0_nb2000	323	28	68a08c8db4b67001
extended_dp1_dc1_ud0_nb2000	324	30	0170c3e2ab5e6a3f
extended_dp1_dc1_ud0_nb2000	325	10	052b710361a63ec6
extended_dp1_dc1_ud0_nb2000	326	77	b57291e2dd26a862
extended_dp1_dc1_ud0_nb2000	327	3	d1fb661b574d678c
extended_dp1_dc1_ud0_nb2000	328	14	b05202c9adf9f33a
extended_dp1_dc1_ud0_nb2000	329	2	461827dfc2a8b43f
extended_dp1_dc1_ud0_nb2000	330	89	bccb749d87e35dee
extended_dp1_dc1_ud0_nb2000	331	1	a1b05ad8878eddbd
extended_dp1_dc1_ud0_nb2000	332	70	5a52ff1f6e902dcf
extended_dp1_dc1_ud0_nb2000	333	84	eda93e566967aa96
extended_dp1_dc1_ud0_nb2000	334	196	f93e44bb3f808553
extended_dp1_dc1_ud0_nb2000	335	38	71129d107ec858d2
extended_dp1_dc1_ud0_nb2000	336	94	182945bb11b79422
extended_dp1_dc1_ud0_nb2000	337	8	027765e0cef51c1c
extended_dp1_dc1_ud0_nb2000	338	72	b2e5131a0d471154
extended_dp1_dc1_ud0_nb2000	339	92	d9f340cc3f8ebdca
extended_dp1_dc1_ud0_nb2000	340	32	18569e9ca18b81cc
extended_dp1_dc1_ud0_nb2000	341	2	ad98a9842eda811a
extended_dp1_dc1_ud0_nb2000	342	33	8296b199adef1c6e
extended_dp1_dc1_ud0_nb2000	343	188	9e589e676c656c24
extended_dp1_dc1_ud0_nb2000	344	15	950a06ac34faeaec
extended_dp1_dc1_ud0_nb2000	345	31	fc594e1b7e3d261a
extended_dp1_dc1_ud0_nb2000	346	85	9800cad06d779482
extended_dp1_dc1_ud0_nb2000	347	2	73786eace44df5fe
extended_dp1_dc1_ud0_nb2000	348	5	a3cd0c88ea908c0a
extended_dp1_dc1_ud0_nb2000	349	27	aa624dfcca389cab
extended_dp1_dc1_ud0_nb2000	350	12	ac05af76388a9cb6
extended_dp1_dc1_ud0_nb2000	351	16	f47ef809cfd558ae
extended_dp1_dc1_ud0_nb2000	352	1	8424221c01ab377a
extended_dp1_dc1_ud0_nb2000	353	32	3a2a6bcca626b0e2
extended_dp1_dc1_ud0_nb2000	354	2	5bda2ca495a4ab74
extended_dp1_dc1_ud0_nb2000	355	3	a581d4f3412436ff
extended_dp1_dc1_ud0_nb2000	356	1	0de197205f786e7e
extended_dp1_dc1_ud0_nb2000	357	38	0e82b4058ec74dc0
extended_dp1_dc1_ud0_nb2000	358	2	f9fa6bf430f95da3
extended_dp1_dc1_ud0_nb2000	359	4	d9ec5d7e2cac1565
extended_dp1_dc1_ud0_nb2000	360	9	993cc61af4457b30
extended_dp1_dc1_ud0_nb2000	361	2	c6d90e3c7d693bdd
extended_dp1_dc1_ud0_nb2000	362	70	173334646674d1ee
extended_dp1_dc1_ud0_nb2000	363	200	baca56e99b560155
extended_dp1_dc1_ud0_nb2000	364	9	22adfe28dfc25f68
extended_dp1_dc1_ud0_nb2000	365	2	0acbb33a757090a6
extended_dp1_dc1_ud0_nb2000	366	2	198c1f0846c5965f
extended_dp1_dc1_ud0_nb2000	367	8	983f5743d9aa7e64
extended_dp1_dc1_ud0_nb2000	368	1	eef15e6694a23b83
extended_dp1_dc1_ud0_nb2000	369	28	4e0913652313343b
extended_dp1_dc1_ud0_nb2000	370	6	c2b6a6d77ac0c54c
extended_dp1_dc1_ud0_nb2000	371	2	4cd07f8f33b23519
extended_dp1_dc1_ud0_nb2000	372	6	56a48d0fb6cf2544
extended_dp1_dc1_ud0_nb2000	373	7	56d6124a2a2bdbcb
extended_dp1_dc1_ud0_nb2000	374	86	7d26f27bddc6dba8
extended_dp1_dc1_ud0_nb2000	375	83	18772eadbe1728a1
extended_dp1_dc1_ud0_nb2000	376	10	2d5dfe6461720c7c
extended_dp1_dc1_ud0_nb2000	377	2	c417926d6aea0d9a
extended_dp1_dc1_ud0_nb2000	378	6	409548856d2c5bdd
extended_dp1_dc1_ud0_nb2000	379	8	f7bf4b46fdb7bfe6
extended_dp1_dc1_ud0_nb2000	380	93	2df22378c299fe49
extended_dp1_dc1_ud0_nb2000	381	5	8adf936efbae1c82
extended_dp1_dc1_ud0_nb2000	382	2	ee235b847f480214
extended_dp1_dc1_ud0_nb2000	383	2	1ca0393d8d48778c
extended_dp1_dc1_ud0_nb2000	384	4	72b491db44d93aa9
extended_dp1_dc1_ud0_nb2000	385	2	60e9a85e50134bc4
extended_dp1_dc1_ud0_nb2000	386	181	ac222217ecdc8153
extended_dp1_dc1_ud0_nb2000	387	10	e2bdfb092d82d632
extended_dp1_dc1_ud0_nb2000	388	91	946b05dfad73719b
extended_dp1_dc1_ud0_nb2000	389	90	7ce444d8ed720056
extended_dp1_dc1_ud0_nb2000	390	9	7f6fcec8c293d70d
extended_dp1_dc1_ud0_nb2000	391	9	1fcfa7a41f5825fe
extended_dp1_dc1_ud0_nb2000	392	30	8ea2ba5cb08b3b10
extended_dp1_dc1_ud0_nb2000	393	13	cfc5242a35fbce88
extended_dp1_dc1_ud0_nb2000	394	2	9e5b2dc50953735f
extended_dp1_dc1_ud0_nb2000	395	11	9175e46cd721cce9
extended_dp1_dc1_ud0_nb2000	396	28	04d49af4bec1ee62
extended_dp1_dc1_ud0_nb2000	397	68	c34d96bcb8f332b2
extended_dp1_dc1_ud0_nb2000	398	212	0c2ec80285631f27
extended_dp1_dc1_ud0_nb2000	399	6	357806859da125e5
extended_dp1_dc1_ud1_nb0	0	2	fe3877f9123caf6f
extended_dp1_dc1_ud1_nb0	1	25	e92e6c2de672e26d
extended_dp1_dc1_ud1_nb0	2	174	5350ee36aa9b1836
extended_dp1_dc1_ud1_nb0	3	3	5ce12fbe07e08005
extended_dp1_dc1_ud1_nb0	4	71	8eeed952ec9beb38
extended_dp1_dc1_ud1_nb0	5	4	321f8879029afc68
extended_dp1_dc1_ud1_nb0	6	75	08fe840217854691
extended_dp1_dc1_ud1_nb0	7	189	51a59013528e2763
extended_dp1_dc1_ud1_nb0	8	168	ba9b2c25a9e99d23
extended_dp1_dc1_ud1_nb0	9	70	fb0b0c4df37b952e
extended_dp1_dc1_ud1_nb0	10	71	86716f68fa7cb21c
extended_dp1_dc1_ud1_nb0	11	82	8a663a8565481a30
extended_dp1_dc1_ud1_nb0	12	5	f2f99fc063270e3e
extended_dp1_dc1_ud1_nb0	13	1	8610e9dda182bf42
extended_dp1_dc1_ud1_nb0	14	4	49b3085f96bd4896
extended_dp1_dc1_ud1_nb0	15	5	64c20245173d693f
extended_dp1_dc1_ud1_nb0	16	35	faadd998c89d3106
extended_dp1_dc1_ud1_nb0	17	2	5420621e61e6b2de
extended_dp1_dc1_ud1_nb0	18	5	1b0bf70233d5593e
extended_dp1_dc1_ud1_nb0	19	1	9063f58a9e418e90
extended_dp1_dc1_ud1_nb0	20	74	d1f6653983567579
extended_dp1_dc1_ud1_nb0	21	66	118bde99b2dc390a
extended_dp1_dc1_ud1_nb0	22	3	1bed7a6b96bbcec8
extended_dp1_dc1_ud1_nb0	23	154	810517449747ba95
extended_dp1_dc1_ud1_nb0	24	2	4ee24f53fa50f5fb
extended_dp1_dc1_ud1_nb0	25	2	210c11ef7723c39c
extended_dp1_dc1_ud1_nb0	26	26	d25345eeb13caaee
extended_dp1_dc1_ud1_nb0	27	2	3885165b33459ef6
extended_dp1_dc1_ud1_nb0	28	8	e5a9c6013cd01b54
extended_dp1_dc1_ud1_nb0	29	1	cb04c009a7a0f623
extended_dp1_dc1_ud1_nb0	30	6	b854c5ee41dae81c
extended_dp1_dc1_ud1_nb0	31	2	fd1674dfae946a3e
extended_dp1_dc1_ud1_nb0	32	175	54ed6cdb57e41d74
extended_dp1_dc1_ud1_nb0	33	3	fb073d01787c3389
extended_dp1_dc1_ud1_nb0	34	5	05c15c89addbcf88
extended_dp1_dc1_ud1_nb0	35	160	4bb77909b5c0bb06
extended_dp1_dc1_ud1_nb0	36	8	47b57660ca412194
extended_dp1_dc1_ud1_nb0	37	74	99821b2df67fd4fa
extended_dp1_dc1_ud1_nb0	38	28	98d293687b1553cf
extended_dp1_dc1_ud1_nb0	39	155	1243787ddbaaffe1
extended_dp1_dc1_ud1_nb0	40	184	cf5507272876a2cc
extended_dp1_dc1_ud1_nb0	41	31	025b65eec8de50f7
extended_dp1_dc1_ud1_nb0	42	10	e99bcd214b5a95d1
extended_dp1_dc1_ud1_nb0	43	1	5b21a5ec2f985d77
extended_dp1_dc1_ud1_nb0	44	3	1b0ec72d164d2bd9
extended_dp1_dc1_ud1_nb0	45	8	ffe7e7c2ec481272
extended_dp1_dc1_ud1_nb0	46	24	78383426572a088b
extended_dp1_dc1_ud1_nb0	47	66	e7ccfd009f260d7f
extended_dp1_dc1_ud1_nb0	48	6	14450c83e11941a5
extended_dp1_dc1_ud1_nb0	49	4	da61160155583c10
extended_dp1_dc1_ud1_nb0	50	3	80ac0c3c66e2a95d
extended_dp1_dc1_ud1_nb0	51	27	a0a560087ce863f4
extended_dp1_dc1_ud1_nb0	52	2	5f7bd191f9ea2b7d
extended_dp1_dc1_ud1_nb0	53	11	3819f5ac6eb7f905
extended_dp1_dc1_ud1_nb0	54	4	102e39818cf02f74
extended_dp1_dc1_ud1_nb0	55	66	524b6a4ea7699ec1
extended_dp1_dc1_ud1_nb0	56	10	17b2e5081784ae55
extended_dp1_dc1_ud1_nb0	57	2	d8c21a02c79c5d2f
extended_dp1_dc1_ud1_nb0	58	3	c4ae3d3021af8cf1
extended_dp1_dc1_ud1_nb0	59	23	e4248ac250f35449
extended_dp1_dc1_ud1_nb0	60	3	61070690beee6f2a
extended_dp1_dc1_ud1_nb0	61	2	3f0ec68644b4d988
extended_dp1_dc1_ud1_nb0	62	3	631c18c05f4786ca
extended_dp1_dc1_ud1_nb0	63	26	55e00742f1ce5edc
extended_dp1_dc1_ud1_nb0	64	67	a3067d8cdd4ab15b
extended_dp1_dc1_ud1_nb0	65	5	e9b6b1da9f427f0c
extended_dp1_dc1_ud1_nb0	66	3	09917b61d0641400
extended_dp1_dc1_ud1_nb0	67	8	99f6ec5a4afef8ba
extended_dp1_dc1_ud1_nb0	68	8	92f2ea852321d960
extended_dp1_dc1_ud1_nb0	69	76	e39e45eb708189bd
extended_dp1_dc1_ud1_nb0	70	5	f08af93532a2f6cd
extended_dp1_dc1_ud1_nb0	71	14	e4744f6e85cd0c7f
extended_dp1_dc1_ud1_nb0	72	23	26ffbf349cebfdf1
extended_dp1_dc1_ud1_nb0	73	63	23f32c9ad765a872
extended_dp1_dc1_ud1_nb0	74	2	c00d92a30f546d81
extended_dp1_dc1_ud1_nb0	75	2	60d11ac02cca1f5c
extended_dp1_dc1_ud1_nb0	76	62	8d098eb01d80bf5e
extended_dp1_dc1_ud1_nb0	77	2	78571ef702fe8a78
extended_dp1_dc1_ud1_nb0	78	2	8a316a4cbf248e78
extended_dp1_dc1_ud1_nb0	79	13	dcad1b956454732f
extended_dp1_dc1_ud1_nb0	80	1	52b4ae3df5b68646
extended_dp1_dc1_ud1_nb0	81	11	a1dca8bfc4ae4451
extended_dp1_dc1_ud1_nb0	82	159	55a6fb656c91dae9
extended_dp1_dc1_ud1_nb0	83	4	109c5d83cf5d9f1c
extended_dp1_dc1_ud1_nb0	84	3	98be6817fedd840d
extended_dp1_dc1_ud1_nb0	85	62	aee1cad1a3463074
extended_dp1_dc1_ud1_nb0	86	8	493e1287f7b59d05
extended_dp1_dc1_ud1_nb0	87	28	3823354e43d5567f
extended_dp1_dc1_ud1_nb0	88	28	12a8382014f5a604
extended_dp1_dc1_ud1_nb0	89	180	b85b0d4a720fd7a2
extended_dp1_dc1_ud1_nb0	90	2	7ac3584624571a10
extended_dp1_dc1_ud1_nb0	91	165	dc3e2e4ef9a793d1
extended_dp1_dc1_ud1_nb0	92	7	536c08e0f81df446
extended_dp1_dc1_ud1_nb0	93	8	b150258055d3b899
extended_dp1_dc1_ud1_nb0	94	6	f33ee757f2edc937
extended_dp1_dc1_ud1_nb0	95	161	fc73f0ad452e2985
extended_dp1_dc1_ud1_nb0	96	81	73fe810cb3a8aa27
extended_dp1_dc1_ud1_nb0	97	5	d329cbd437066fbe
extended_dp1_dc1_ud1_nb0	98	4	42501a86403a2a8e
extended_dp1_dc1_ud1_nb0	99	12	d2d3b5cdbb73b691
extended_dp1_dc1_ud1_nb0	100	13	6bb2311ef9f8af6e
extended_dp1_dc1_ud1_nb0	101	3	5713dd7830461484
extended_dp1_dc1_ud1_nb0	102	62	2204318596461bd0
extended_dp1_dc1_ud1_nb0	103	31	2c1394f94ca99190
extended_dp1_dc1_ud1_nb0	104	1	2aa86b7d09c4fa67
extended_dp1_dc1_ud1_nb0	105	2	33b5365d16a95dba
extended_dp1_dc1_ud1_nb0	106	21	2cd6a70bb88ad675
extended_dp1_dc1_ud1_nb0	107	189	5485216d1893557a
extended_dp1_dc1_ud1_nb0	108	70	7b98182020ae1eb1
extended_dp1_dc1_ud1_nb0	109	27	6ef40afad6256718
extended_dp1_dc1_ud1_nb0	110	6	dea6ff056c04009a
extended_dp1_dc1_ud1_nb0	111	3	fdb1fbf425fbf5f1
extended_dp1_dc1_ud1_nb0	112	6	02beb0f9522c8445
extended_dp1_dc1_ud1_nb0	113	1	ce908bdfd8c62477
extended_dp1_dc1_ud1_nb0	114	163	71814fd0e5a2973a
extended_dp1_dc1_ud1_nb0	115	2	4190c4e5c47f9001
extended_dp1_dc1_ud1_nb0	116	2	5f2151cdb5d26008
extended_dp1_dc1_ud1_nb0	117	162	7d1cb7899c6157e4
extended_dp1_dc1_ud1_nb0	118	161	9665b57db7bad43a
extended_dp1_dc1_ud1_nb0	119	2	fa3b1b21769c99bc
extended_dp1_dc1_ud1_nb0	120	170	626e9c0b66fda2c8
extended_dp1_dc1_ud1_nb0	121	70	a5337c850886d802
extended_dp1_dc1_ud1_nb0	122	173	8c8d9d88f9ad1310
extended_dp1_dc1_ud1_nb0	123	2	737f3e1167508935
extended_dp1_dc1_ud1_nb0	124	78	08504b9b7d0daa80
extended_dp1_dc1_ud1_nb0	125	4	3ec7510780c15cda
extended_dp1_dc1_ud1_nb0	126	7	a86ba550341bc96b
extended_dp1_dc1_ud1_nb0	127	2	11415ff7efeb9160
extended_dp1_dc1_ud1_nb0	128	21	fce42b6a6f4bb08b
extended_dp1_dc1_ud1_nb0	129	74	8df90889aee1bfeb
extended_dp1_dc1_ud1_nb0	130	2	af2325e713679114
extended_dp1_dc1_ud1_nb0	131	178	d19f10c18fbe2844
extended_dp1_dc1_ud1_nb0	132	180	281638f5deeb2461
extended_dp1_dc1_ud1_nb0	133	5	662eaf77173ddb60
extended_dp1_dc1_ud1_nb0	134	10	37f654ad5ad65cce
extended_dp1_dc1_ud1_nb0	135	1	4f4429788037f093
extended_dp1_dc1_ud1_nb0	136	2	cff4c6b51ab8d1e1
extended_dp1_dc1_ud1_nb0	137	3	a41f1b32a1b4d8bf
extended_dp1_dc1_ud1_nb0	138	156	203a020c8e0f4d49
extended_dp1_dc1_ud1_nb0	139	171	ee4df80f47c9ee36
extended_dp1_dc1_ud1_nb0	140	6	8e58e22dff6fe35c
extended_dp1_dc1_ud1_nb0	141	8	e7abdad378fa0a3f
extended_dp1_dc1_ud1_nb0	142	9	fc38d895050f1b1d
extended_dp1_dc1_ud1_nb0	143	2	1b54d0530affef27
extended_dp1_dc1_ud1_nb0	144	11	f248900a3d87301a
extended_dp1_dc1_ud1_nb0	145	65	1eaf9561abd7707e
extended_dp1_dc1_ud1_nb0	146	69	1e293c0b45602b26
extended_dp1_dc1_ud1_nb0	147	27	5a5d06c8f51010ce
extended_dp1_dc1_ud1_nb0	148	25	eab8902f5bf2c781
extended_dp1_dc1_ud1_nb0	149	2	0e7a7d4215ecf15a
extended_dp1_dc1_ud1_nb0	150	5	80c8d3f769c2a030
extended_dp1_dc1_ud1_nb0	151	9	afc702c8179ae8d4
extended_dp1_dc1_ud1_nb0	152	68	4cd842305e998ab9
extended_dp1_dc1_ud1_nb0	153	179	a135f69a94aa5ec3
extended_dp1_dc1_ud1_nb0	154	2	d160fa2bda5374f3
extended_dp1_dc1_ud1_nb0	155	71	3f150e06b8267dc2
extended_dp1_dc1_ud1_nb0	156	31	8239b389fb84917c
extended_dp1_dc1_ud1_nb0	157	3	8488d59377cdcfd3
extended_dp1_dc1_ud1_nb0	158	4	b14c439e4d4ecc1a
extended_dp1_dc1_ud1_nb0	159	67	8c3eb0a8e3282600
extended_dp1_dc1_ud1_nb0	160	7	6506463ef9782f9a
extended_dp1_dc1_ud1_nb0	161	3	40e50f4eb30e6155
extended_dp1_dc1_ud1_nb0	162	180	bf2a45044e457c39
extended_dp1_dc1_ud1_nb0	163	9	ae2dba14a8a8c07d
extended_dp1_dc1_ud1_nb0	164	3	64ce08596bd5bea5
extended_dp1_dc1_ud1_nb0	165	3	2426a1e0d74b6fab
extended_dp1_dc1_ud1_nb0	166	174	c2869ffb875b5722
extended_dp1_dc1_ud1_nb0	167	71	391895836b1b73c8
extended_dp1_dc1_ud1_nb0	168	2	7f186e27c595ab14
extended_dp1_dc1_ud1_nb0	169	8	018219b414268b2a
extended_dp1_dc1_ud1_nb0	170	2	9a10e7aed7584972
extended_dp1_dc1_ud1_nb0	171	66	cceacd70b0a70817
extended_dp1_dc1_ud1_nb0	172	6	30d86c57d5d7e8bc
extended_dp1_dc1_ud1_nb0	173	7	03d7fa69480e8e80
extended_dp1_dc1_ud1_nb0	174	20	25bdefbf48456796
extended_dp1_dc1_ud1_nb0	175	2	72c15ba8f0c9d153
extended_dp1_dc1_ud1_nb0	176	187	ff956492f5c57b8b
extended_dp1_dc1_ud1_nb0	177	2	bd0ecdb7188c9a68
extended_dp1_dc1_ud1_nb0	178	2	edb8b080a73ec176
extended_dp1_dc1_ud1_nb0	179	71	b1827cdd25542124
extended_dp1_dc1_ud1_nb0	180	171	f2ec8cc73ef086b3
extended_dp1_dc1_ud1_nb0	181	78	54020650b317ef68
extended_dp1_dc1_ud1_nb0	182	6	ff71b5097cbe6a94
extended_dp1_dc1_ud1_nb0	183	3	7f317189aa4c185a
extended_dp1_dc1_ud1_nb0	184	8	f9937d7586f0d769
extended_dp1_dc1_ud1_nb0	185	172	f34609b932b4f176
extended_dp1_dc1_ud1_nb0	186	5	42279d51c85f5796
extended_dp1_dc1_ud1_nb0	187	72	3525deca6f08a19c
extended_dp1_dc1_ud1_nb0	188	3	4f83ecb89d2d3bdc
extended_dp1_dc1_ud1_nb0	189	3	b707e8613282f6a0
extended_dp1_dc1_ud1_nb0	190	3	01ea72aab73b6f2d
extended_dp1_dc1_ud1_nb0	191	175	38d7cd5668c7cf9c
extended_dp1_dc1_ud1_nb0	192	6	6601abc543e60189
extended_dp1_dc1_ud1_nb0	193	3	2d3a9352ff8fbc56
extended_dp1_dc1_ud1_nb0	194	67	3935be6f89476272
extended_dp1_dc1_ud1_nb0	195	73	e27578683ac7bcb7
extended_dp1_dc1_ud1_nb0	196	174	5c12208c9b1b49fa
extended_dp1_dc1_ud1_nb0	197	7	bf9255dfdba10db4
extended_dp1_dc1_ud1_nb0	198	3	ce238d187758e508
extended_dp1_dc1_ud1_nb0	199	9	fc9e70e2c9a20948
extended_dp1_dc1_ud1_nb0	200	63	b69261bf49bac7d7
extended_dp1_dc1_ud1_nb0	201	5	eef7540142f4de4b
extended_dp1_dc1_ud1_nb0	202	3	ad5adcf2242e03e9
extended_dp1_dc1_ud1_nb0	203	23	f7b5c4c4a9d8e9ad
extended_dp1_dc1_ud1_nb0	204	80	b8a5abc9625f19e8
extended_dp1_dc1_ud1_nb0	205	10	f2277298c8612c36
extended_dp1_dc1_ud1_nb0	206	180	5f5329b170bfdeec
extended_dp1_dc1_ud1_nb0	207	71	b990d4d703cbec76
extended_dp1_dc1_ud1_nb0	208	71	8e7c16db2c1df729
extended_dp1_dc1_ud1_nb0	209	2	7e406aca15207b29
extended_dp1_dc1_ud1_nb0	210	2	4143f74e30e91d3c
extended_dp1_dc1_ud1_nb0	211	8	1ef8313b8b4fc0a1
extended_dp1_dc1_ud1_nb0	212	12	1896899290e941bb
extended_dp1_dc1_ud1_nb0	213	3	6fdef77cd5f3ed9c
extended_dp1_dc1_ud1_nb0	214	22	9b604e56a1b4936d
extended_dp1_dc1_ud1_nb0	215	6	6c65c2615bc0b46c
extended_dp1_dc1_ud1_nb0	216	62	ae11a81b4ada7169
extended_dp1_dc1_ud1_nb0	217	10	ea66e20d2b5f5ca6
extended_dp1_dc1_ud1_nb0	218	10	ff2aca55fb1cb8eb
extended_dp1_dc1_ud1_nb0	219	5	e88ff77bb9c745be
extended_dp1_dc1_ud1_nb0	220	22	49bdaccf05ee797c
extended_dp1_dc1_ud1_nb0	221	10	3910427eff762556
extended_dp1_dc1_ud1_nb0	222	2	155847d504fd75bd
extended_dp1_dc1_ud1_nb0	223	2	4dbbca2216f7ac7b
extended_dp1_dc1_ud1_nb0	224	12	5541ac560663a663
extended_dp1_dc1_ud1_nb0	225	2	2832a96cf84da5d8
extended_dp1_dc1_ud1_nb0	226	176	14e206f114ca6506
extended_dp1_dc1_ud1_nb0	227	1	46eb868fb6e063a1
extended_dp1_dc1_ud1_nb0	228	26	bf141af177882543
extended_dp1_dc1_ud1_nb0	229	8	7674c0b17d164941
extended_dp1_dc1_ud1_nb0	230	67	1c1e00e680c32c25
extended_dp1_dc1_ud1_nb0	231	4	2495ac24bcc3355c
extended_dp1_dc1_ud1_nb0	232	2	8266c8aed1bb63ae
extended_dp1_dc1_ud1_nb0	233	30	49591a24f8697200
extended_dp1_dc1_ud1_nb0	234	2	e4ca63a93d69cb1f
extended_dp1_dc1_ud1_nb0	235	65	9f6c8e5c66f51207
extended_dp1_dc1_ud1_nb0	236	2	00e649886ebb9e7c
extended_dp1_dc1_ud1_nb0	237	5	a52f2af243d094d2
extended_dp1_dc1_ud1_nb0	238	20	3642469857f10d5e
extended_dp1_dc1_ud1_nb0	239	2	4b70e50b8edc6292
extended_dp1_dc1_ud1_nb0	240	4	11399b68410123df
extended_dp1_dc1_ud1_nb0	241	3	af4404150c063f13
extended_dp1_dc1_ud1_nb0	242	8	baab10b4051dd510
extended_dp1_dc1_ud1_nb0	243	22	139195a1fb22145e
extended_dp1_dc1_ud1_nb0	244	2	a4dda3ae9e4f0f85
extended_dp1_dc1_ud1_nb0	245	25	e057ff8ad9a76c7f
extended_dp1_dc1_ud1_nb0	246	167	2e67e5f62ca70348
extended_dp1_dc1_ud1_nb0	247	3	e0853c840dd1fdaf
extended_dp1_dc1_ud1_nb0	248	67	92cbb1247f428e17
extended_dp1_dc1_ud1_nb0	249	181	c8b3149daae07583
extended_dp1_dc1_ud1_nb0	250	66	6c11f5abe6da9059
extended_dp1_dc1_ud1_nb0	251	78	5977ca088b731e1e
extended_dp1_dc1_ud1_nb0	252	7	52f853bc6ebe9df3
extended_dp1_dc1_ud1_nb0	253	6	ce6cdcbd812a0a55
extended_dp1_dc1_ud1_nb0	254	7	1af21cc0c5fd3dca
extended_dp1_dc1_ud1_nb0	255	73	dfd8852806e40ffa
extended_dp1_dc1_ud1_nb0	256	2	551a63c2d76181f6
extended_dp1_dc1_ud1_nb0	257	13	7bb4fd1f2dd32bfa
extended_dp1_dc1_ud1_nb0	258	73	1ae54bba386a3fd2
extended_dp1_dc1_ud1_nb0	259	29	27776fc4f6e14c93
extended_dp1_dc1_ud1_nb0	260	2	74defcaa3b35bd3c
extended_dp1_dc1_ud1_nb0	261	2	f76307a603dd2a5d
extended_dp1_dc1_ud1_nb0	262	6	d30c7a79bfd000e1
extended_dp1_dc1_ud1_nb0	263	6	cfb268392fa71828
extended_dp1_dc1_ud1_nb0	264	26	fc87dd048db15f5c
extended_dp1_dc1_ud1_nb0	265	5	a6528b54d51e66ff
extended_dp1_dc1_ud1_nb0	266	5	830f88c62f7c6352
extended_dp1_dc1_ud1_nb0	267	3	40b38c95fc7c1aa6
extended_dp1_dc1_ud1_nb0	268	1	25aef9909dfea048
extended_dp1_dc1_ud1_nb0	269	68	2ef6a2018886a58e
extended_dp1_dc1_ud1_nb0	270	24	ad510b1a9a92e629
extended_dp1_dc1_ud1_nb0	271	158	5586bb24b6fada4b
extended_dp1_dc1_ud1_nb0	272	75	e7413bed58448fa7
extended_dp1_dc1_ud1_nb0	273	2	6f51285605f5b665
extended_dp1_dc1_ud1_nb0	274	37	46ee8fcefaea12c7
extended_dp1_dc1_ud1_nb0	275	3	33846b194a9c5819
extended_dp1_dc1_ud1_nb0	276	168	0d27d79ad4ddbce3
extended_dp1_dc1_ud1_nb0	277	9	74db3b4bae3cf67a
extended_dp1_dc1_ud1_nb0	278	159	517ea29c8da5613d
extended_dp1_dc1_ud1_nb0	279	27	3bf42e9ccf40bb4c
extended_dp1_dc1_ud1_nb0	280	6	1bb7d1d818afd2d5
extended_dp1_dc1_ud1_nb0	281	1	3abc652ea33e17a5
extended_dp1_dc1_ud1_nb0	282	2	9a10022c0daaddb3
extended_dp1_dc1_ud1_nb0	283	19	9aeec9f9f49bb31a
extended_dp1_dc1_ud1_nb0	284	5	2fb848e7cae72783
extended_dp1_dc1_ud1_nb0	285	18	9a32bb7946968489
extended_dp1_dc1_ud1_nb0	286	12	a7afc8585b6361f5
extended_dp1_dc1_ud1_nb0	287	183	42b60f34c0a6830c
extended_dp1_dc1_ud1_nb0	288	5	cbc03b900102c413
extended_dp1_dc1_ud1_nb0	289	1	adf4e0e63c574ffd
extended_dp1_dc1_ud1_nb0	290	2	755010a29b611eac
extended_dp1_dc1_ud1_nb0	291	179	82356716acbd9659
extended_dp1_dc1_ud1_nb0	292	3	e949d0f76c39e16e
extended_dp1_dc1_ud1_nb0	293	172	4a8759768c6918bc
extended_dp1_dc1_ud1_nb0	294	68	0be04d2c6e9fc40e
extended_dp1_dc1_ud1_nb0	295	1	6d6c9be064bbef04
extended_dp1_dc1_ud1_nb0	296	170	b8d839403b84afdb
extended_dp1_dc1_ud1_nb0	297	177	e4b3cdb7a9fce02f
extended_dp1_dc1_ud1_nb0	298	2	b4231c8b8bf14136
extended_dp1_dc1_ud1_nb0	299	1	ec9a11734f43ecd8
extended_dp1_dc1_ud1_nb0	300	5	5d3d421a02f23af3
extended_dp1_dc1_ud1_nb0	301	65	5da2ae9b6102983f
extended_dp1_dc1_ud1_nb0	302	10	db1c500925225a3c
extended_dp1_dc1_ud1_nb0	303	6	2b46fd55dcde153a
extended_dp1_dc1_ud1_nb0	304	6	bcf2989c6c4f78c2
extended_dp1_dc1_ud1_nb0	305	34	722cab43cf88ea6e
extended_dp1_dc1_ud1_nb0	306	15	5a480b572e1ec826
extended_dp1_dc1_ud1_nb0	307	27	68a66456a114da55
extended_dp1_dc1_ud1_nb0	308	178	af87b80ed1e6bd02
extended_dp1_dc1_ud1_nb0	309	3	9a811aa38df195a8
extended_dp1_dc1_ud1_nb0	310	3	dc5522b8da7bb01e
extended_dp1_dc1_ud1_nb0	311	4	098c5623f338dbb0
extended_dp1_dc1_ud1_nb0	312	70	7b36a485488403ed
extended_dp1_dc1_ud1_nb0	313	69	b03f9cc030698e65
extended_dp1_dc1_ud1_nb0	314	76	85dbd18e14a1fa5d
extended_dp1_dc1_ud1_nb0	315	1	1ab4e6773c971447
extended_dp1_dc1_ud1_nb0	316	175	8a47b5e56d7dd2a0
extended_dp1_dc1_ud1_nb0	317	5	acbcba685beb266f
extended_dp1_dc1_ud1_nb0	318	3	823f5d6c99a85f01
extended_dp1_dc1_ud1_nb0	319	169	612a129a974a6f52
extended_dp1_dc1_ud1_nb0	320	35	3b2bbdb2739187a4
extended_dp1_dc1_ud1_nb0	321	24	ee7c193acf7e8656
extended_dp1_dc1_ud1_nb0	322	70	84129e760ccd2fd7
extended_dp1_dc1_ud1_nb0	323	24	50a8060b69a636bb
extended_dp1_dc1_ud1_nb0	324	28	384edc829bde9cd5
extended_dp1_dc1_ud1_nb0	325	8	8676cda0d509be8e
extended_dp1_dc1_ud1_nb0	326	68	e3255325510431dc
extended_dp1_dc1_ud1_nb0	327	3	a6c2ae93c967753e
extended_dp1_dc1_ud1_nb0	328	12	21de4623c2fe1f4c
extended_dp1_dc1_ud1_nb0	329	2	461827dfc2a8b43f
extended_dp1_dc1_ud1_nb0	330	77	ff6a331171398e87
extended_dp1_dc1_ud1_nb0	331	1	a1b05ad8878eddbd
extended_dp1_dc1_ud1_nb0	332	62	61c6b2d952a965ff
extended_dp1_dc1_ud1_nb0	333	75	8481d2d280403050
extended_dp1_dc1_ud1_nb0	334	168	8dedff474c8c8c64
extended_dp1_dc1_ud1_nb0	335	31	e8c218afe916e7b5
extended_dp1_dc1_ud1_nb0	336	83	3f4d17080891d5ec
extended_dp1_dc1_ud1_nb0	337	8	5ee8960a3da49fd9
extended_dp1_dc1_ud1_nb0	338	63	8ba71dbf0fe357cb
extended_dp1_dc1_ud1_nb0	339	80	48f78745c5e2947c
extended_dp1_dc1_ud1_nb0	340	29	dde3ecf02d3542b8
extended_dp1_dc1_ud1_nb0	341	2	ad98a9842eda811a
extended_dp1_dc1_ud1_nb0	342	30	e3c1041a08bb5765
extended_dp1_dc1_ud1_nb0	343	166	19bb00f0a0ebb74e
extended_dp1_dc1_ud1_nb0	344	13	42413ecee1d7778e
extended_dp1_dc1_ud1_nb0	345	28	e1b419beb71874b7
extended_dp1_dc1_ud1_nb0	346	73	462e8a80977c77ff
extended_dp1_dc1_ud1_nb0	347	2	843d4454ffc8a3c7
extended_dp1_dc1_ud1_nb0	348	5	7e91c30124c2642b
extended_dp1_dc1_ud1_nb0	349	24	b4bc1eb13c7c78ff
extended_dp1_dc1_ud1_nb0	350	11	2596473b1543b38b
extended_dp1_dc1_ud1_nb0	351	14	b8677be0374fcf69
extended_dp1_dc1_ud1_nb0	352	1	8424221c01ab377a
extended_dp1_dc1_ud1_nb0	353	29	d4864f694ecc83b3
extended_dp1_dc1_ud1_nb0	354	2	5bda2ca495a4ab74
extended_dp1_dc1_ud1_nb0	355	3	95f66d4114646871
extended_dp1_dc1_ud1_nb0	356	1	0de197205f786e7e
extended_dp1_dc1_ud1_nb0	357	32	d4a89d7486c067ec
extended_dp1_dc1_ud1_nb0	358	2	f9fa6bf430f95da3
extended_dp1_dc1_ud1_nb0	359	3	098105451cd10742
extended_dp1_dc1_ud1_nb0	360	8	c4f0f920b9fa5cfa
extended_dp1_dc1_ud1_nb0	361	2	c6d90e3c7d693bdd
extended_dp1_dc1_ud1_nb0	362	61	21d6a571402d178f
extended_dp1_dc1_ud1_nb0	363	171	b7c0adf5810d22f8
extended_dp1_dc1_ud1_nb0	364	8	447c2d4173b9d46a
extended_dp1_dc1_ud1_nb0	365	2	62d81744abb53f13
extended_dp1_dc1_ud1_nb0	366	2	198c1f0846c5965f
extended_dp1_dc1_ud1_nb0	367	8	91b660e5b1be6a2b
extended_dp1_dc1_ud1_nb0	368	1	eef15e6694a23b83
extended_dp1_dc1_ud1_nb0	369	24	c0a73e31c9a53a66
extended_dp1_dc1_ud1_nb0	370	6	c31ef7faaea9bbc5
extended_dp1_dc1_ud1_nb0	371	2	4cd07f8f33b23519
extended_dp1_dc1_ud1_nb0	372	5	5ed645a5fbcfca6d
extended_dp1_dc1_ud1_nb0	373	6	940f3e69d8318ea0
extended_dp1_dc1_ud1_nb0	374	72	160479b13ba501ca
extended_dp1_dc1_ud1_nb0	375	73	393d5cfe022b8f2b
extended_dp1_dc1_ud1_nb0	376	9	fd52ace97e75784d
extended_dp1_dc1_ud1_nb0	377	2	c417926d6aea0d9a
extended_dp1_dc1_ud1_nb0	378	5	b32bdc866c7a49d7
extended_dp1_dc1_ud1_nb0	379	8	d9070ed1e38b0721
extended_dp1_dc1_ud1_nb0	380	81	ea1969a5529ccf70
extended_dp1_dc1_ud1_nb0	381	4	5a319d3839992556
extended_dp1_dc1_ud1_nb0	382	2	ee235b847f480214
extended_dp1_dc1_ud1_nb0	383	2	1ca0393d8d48778c
extended_dp1_dc1_ud1_nb0	384	3	21bed12db54d8f82
extended_dp1_dc1_ud1_nb0	385	2	60e9a85e50134bc4
extended_dp1_dc1_ud1_nb0	386	161	6a3efcae4d29967f
extended_dp1_dc1_ud1_nb0	387	9	fe1b5563260e23e9
extended_dp1_dc1_ud1_nb0	388	81	ca66040fe9d11722
extended_dp1_dc1_ud1_nb0	389	74	62893f6ba80b2313
extended_dp1_dc1_ud1_nb0	390	8	651b04399a97d9a3
extended_dp1_dc1_ud1_nb0	391	8	dbaa737f7bb1aa5a
extended_dp1_dc1_ud1_nb0	392	24	c7e046ec8461c1de
extended_dp1_dc1_ud1_nb0	393	11	b5446e046187bfdf
extended_dp1_dc1_ud1_nb0	394	2	3a26d4d1964e45ce
extended_dp1_dc1_ud1_nb0	395	10	1b7788b984c5ffd0
extended_dp1_dc1_ud1_nb0	396	24	8abdf73cf97fb22a
extended_dp1_dc1_ud1_nb0	397	60	3133532adf86cb39
extended_dp1_dc1_ud1_nb0	398	186	1b805e08b82c7bd2
extended_dp1_dc1_ud1_nb0	399	5	c9d028df57c60b8b
extended_dp1_dc1_ud1_nb2000	0	2	fe3877f9123caf6f
extended_dp1_dc1_ud1_nb2000	1	30	f7a2e77077e1802f
extended_dp1_dc1_ud1_nb2000	2	192	c447fb3a3bd25243
extended_dp1_dc1_ud1_nb2000	3	3	04752421978926ff
extended_dp1_dc1_ud1_nb2000	4	81	30e744a60598dbfa
extended_dp1_dc1_ud1_nb2000	5	5	e0655920d5a36a52
extended_dp1_dc1_ud1_nb2000	6	84	03992be0a0614001
extended_dp1_dc1_ud1_nb2000	7	220	32a6caea9e8ab52b
extended_dp1_dc1_ud1_nb2000	8	192	ea0ce6596358e469
extended_dp1_dc1_ud1_nb2000	9	79	f3bdf3d430aaf184
extended_dp1_dc1_ud1_nb2000	10	83	2e4e4c79a69c9fde
extended_dp1_dc1_ud1_nb2000	11	92	34279c6a92a14e30
extended_dp1_dc1_ud1_nb2000	12	5	cd9d2ab8d7d8e70b
extended_dp1_dc1_ud1_nb2000	13	1	8610e9dda182bf42
extended_dp1_dc1_ud1_nb2000	14	4	2e85190163e10d0c
extended_dp1_dc1_ud1_nb2000	15	6	b3c87cf276079c6a
extended_dp1_dc1_ud1_nb2000	16	41	f422d34af95986ce
extended_dp1_dc1_ud1_nb2000	17	2	5420621e61e6b2de
extended_dp1_dc1_ud1_nb2000	18	6	b2f596f0001feca0
extended_dp1_dc1_ud1_nb2000	19	1	9063f58a9e418e90
extended_dp1_dc1_ud1_nb2000	20	89	86cbab0a8d2eb0c8
extended_dp1_dc1_ud1_nb2000	21	77	def3b150ab5bdf32
extended_dp1_dc1_ud1_nb2000	22	4	eaa8ad25233fea23
extended_dp1_dc1_ud1_nb2000	23	181	992c5a82c70793ac
extended_dp1_dc1_ud1_nb2000	24	2	4ee24f53fa50f5fb
extended_dp1_dc1_ud1_nb2000	25	2	210c11ef7723c39c
extended_dp1_dc1_ud1_nb2000	26	29	6aad7cd896fd9076
extended_dp1_dc1_ud1_nb2000	27	2	7a76b7ba3a15016d
extended_dp1_dc1_ud1_nb2000	28	10	7b08e81d37a46cd6
extended_dp1_dc1_ud1_nb2000	29	1	cb04c009a7a0f623
extended_dp1_dc1_ud1_nb2000	30	7	3fde2982b725e481
extended_dp1_dc1_ud1_nb2000	31	2	115a740f9cd9a619
extended_dp1_dc1_ud1_nb2000	32	205	9b6a66fa0667c568
extended_dp1_dc1_ud1_nb2000	33	3	fb073d01787c3389
extended_dp1_dc1_ud1_nb2000	34	6	d59d98f4ecce3bbf
extended_dp1_dc1_ud1_nb2000	35	183	2959f10a576c95ad
extended_dp1_dc1_ud1_nb2000	36	9	527e4261ee14206d
extended_dp1_dc1_ud1_nb2000	37	79	2b05ac7cfcd0a08b
extended_dp1_dc1_ud1_nb2000	38	33	31a93b380c7fe211
extended_dp1_dc1_ud1_nb2000	39	180	bdf5040411cab18f
extended_dp1_dc1_ud1_nb2000	40	210	d4a0973a621c6d00
extended_dp1_dc1_ud1_nb2000	41	34	f48cdeff9f0c1621
extended_dp1_dc1_ud1_nb2000	42	12	168ceeb71ee05fd6
extended_dp1_dc1_ud1_nb2000	43	1	5b21a5ec2f985d77
extended_dp1_dc1_ud1_nb2000	44	4	64bb20437661a3b9
extended_dp1_dc1_ud1_nb2000	45	9	fd8d6b53800df25f
extended_dp1_dc1_ud1_nb2000	46	29	a2d26d2dd5c0197a
extended_dp1_dc1_ud1_nb2000	47	72	fc48403c2cd90d2e
extended_dp1_dc1_ud1_nb2000	48	7	9f51da93598d7bfe
extended_dp1_dc1_ud1_nb2000	49	4	682fb7ad4c45f435
extended_dp1_dc1_ud1_nb2000	50	3	fd89f6049da2aafa
extended_dp1_dc1_ud1_nb2000	51	29	273c69b85afc6d34
extended_dp1_dc1_ud1_nb2000	52	2	fd08e8dd823f631e
extended_dp1_dc1_ud1_nb2000	53	12	f4dde560b2b50141
extended_dp1_dc1_ud1_nb2000	54	5	31bb37d5b0fb1e70
extended_dp1_dc1_ud1_nb2000	55	75	aed96db02f1e2efe
extended_dp1_dc1_ud1_nb2000	56	11	0108022563b9a204
extended_dp1_dc1_ud1_nb2000	57	2	d8c21a02c79c5d2f
extended_dp1_dc1_ud1_nb2000	58	3	6a5b37258e941d28
extended_dp1_dc1_ud1_nb2000	59	25	b9f17ca913512ce1
extended_dp1_dc1_ud1_nb2000	60	3	90e544c7aa820b5e
extended_dp1_dc1_ud1_nb2000	61	2	50c0e5e565e77d9f
extended_dp1_dc1_ud1_nb2000	62	3	490e58d435ecad3e
extended_dp1_dc1_ud1_nb2000	63	29	eada4a5863d62f71
extended_dp1_dc1_ud1_nb2000	64	77	23702e0f60f5e578
extended_dp1_dc1_ud1_nb2000	65	5	ef54a424735e7ba8
extended_dp1_dc1_ud1_nb2000	66	4	cf688d71ffe9a693
extended_dp1_dc1_ud1_nb2000	67	10	aedb3d8c0790c715
extended_dp1_dc1_ud1_nb2000	68	9	ccdb218b96a208ba
extended_dp1_dc1_ud1_nb2000	69	88	f2a14cb0df571890
extended_dp1_dc1_ud1_nb2000	70	6	de8c5f9d34bede0d
extended_dp1_dc1_ud1_nb2000	71	15	369d42954ba6b0be
extended_dp1_dc1_ud1_nb2000	72	27	08db49c494b1dd3a
extended_dp1_dc1_ud1_nb2000	73	74	ce4f9437f5f103ed
extended_dp1_dc1_ud1_nb2000	74	2	c00d92a30f546d81
extended_dp1_dc1_ud1_nb2000	75	2	60d11ac02cca1f5c
extended_dp1_dc1_ud1_nb2000	76	71	c40489d2773b76b4
extended_dp1_dc1_ud1_nb2000	77	2	72f99e536ffd074b
extended_dp1_dc1_ud1_nb2000	78	2	8a316a4cbf248e78
extended_dp1_dc1_ud1_nb2000	79	14	f12efb677f68839b
extended_dp1_dc1_ud1_nb2000	80	1	52b4ae3df5b68646
extended_dp1_dc1_ud1_nb2000	81	12	3dc26e78de5a96d3
extended_dp1_dc1_ud1_nb2000	82	186	e6caf09fee8af176
extended_dp1_dc1_ud1_nb2000	83	4	18c6172a2b20dab9
extended_dp1_dc1_ud1_nb2000	84	3	98be6817fedd840d
extended_dp1_dc1_ud1_nb2000	85	68	ec1de5cef8cdb154
extended_dp1_dc1_ud1_nb2000	86	9	c7a0b1d1f5239f44
extended_dp1_dc1_ud1_nb2000	87	33	124a42db52d8c925
extended_dp1_dc1_ud1_nb2000	88	32	190d283a6e6e7ff7
extended_dp1_dc1_ud1_nb2000	89	202	f8ff518eeea66f29
extended_dp1_dc1_ud1_nb2000	90	2	7ac3584624571a10
extended_dp1_dc1_ud1_nb2000	91	185	9f941558f8e5f8d6
extended_dp1_dc1_ud1_nb2000	92	8	9c5a449753c9b89a
extended_dp1_dc1_ud1_nb2000	93	9	bd4a0417f576691e
extended_dp1_dc1_ud1_nb2000	94	6	98a1472c66a9b589
extended_dp1_dc1_ud1_nb2000	95	190	ea6e8c38ffde44eb
extended_dp1_dc1_ud1_nb2000	96	94	7ca9e513e0bf5143
extended_dp1_dc1_ud1_nb2000	97	5	61d9d102b34e1726
extended_dp1_dc1_ud1_nb2000	98	5	bc1cfdd9175b248c
extended_dp1_dc1_ud1_nb2000	99	14	6002d7de4b622590
extended_dp1_dc1_ud1_nb2000	100	14	cdaa34732df69f56
extended_dp1_dc1_ud1_nb2000	101	4	d169faaa37a5c1e1
extended_dp1_dc1_ud1_nb2000	102	68	af13fefddc3d8a8b
extended_dp1_dc1_ud1_nb2000	103	36	7f8761163e71871f
extended_dp1_dc1_ud1_nb2000	104	1	2aa86b7d09c4fa67
extended_dp1_dc1_ud1_nb2000	105	2	5e1645b8765c83f3
extended_dp1_dc1_ud1_nb2000	106	23	1c55bd7d79dba68d
extended_dp1_dc1_ud1_nb2000	107	220	c2151fe7a8fd517f
extended_dp1_dc1_ud1_nb2000	108	81	e555f70864bbbe68
extended_dp1_dc1_ud1_nb2000	109	31	7ef7276c1339a9bc
extended_dp1_dc1_ud1_nb2000	110	7	07ee6578df11c742
extended_dp1_dc1_ud1_nb2000	111	3	01911c6ee2172564
extended_dp1_dc1_ud1_nb2000	112	7	136a89fc80798f9e
extended_dp1_dc1_ud1_nb2000	113	1	ce908bdfd8c62477
extended_dp1_dc1_ud1_nb2000	114	190	4fba8fe57a8a6f12
extended_dp1_dc1_ud1_nb2000	115	2	4190c4e5c47f9001
extended_dp1_dc1_ud1_nb2000	116	2	5f2151cdb5d26008
extended_dp1_dc1_ud1_nb2000	117	189	dc662cca7795bc8c
extended_dp1_dc1_ud1_nb2000	118	190	ecee529882c44605
extended_dp1_dc1_ud1_nb2000	119	2	fa3b1b21769c99bc
extended_dp1_dc1_ud1_nb2000	120	196	c10803b5f65aae95
extended_dp1_dc1_ud1_nb2000	121	79	a76ee16c93074014
extended_dp1_dc1_ud1_nb2000	122	195	ac50f32231ba6484
extended_dp1_dc1_ud1_nb2000	123	2	737f3e1167508935
extended_dp1_dc1_ud1_nb2000	124	91	a885802ae4874748
extended_dp1_dc1_ud1_nb2000	125	4	3ec7510780c15cda
extended_dp1_dc1_ud1_nb2000	126	7	dabb0cde215466ff
extended_dp1_dc1_ud1_nb2000	127	2	814dccc6d2006e69
extended_dp1_dc1_ud1_nb2000	128	23	6ea7b78f82467602
extended_dp1_dc1_ud1_nb2000	129	84	b5cce3118b80bc76
extended_dp1_dc1_ud1_nb2000	130	2	af2325e713679114
extended_dp1_dc1_ud1_nb2000	131	206	99f857d65fad3cd2
extended_dp1_dc1_ud1_nb2000	132	210	848bcc95298e111f
extended_dp1_dc1_ud1_nb2000	133	6	b516e7d332f84d1d
extended_dp1_dc1_ud1_nb2000	134	11	9bf024333f2789c5
extended_dp1_dc1_ud1_nb2000	135	1	4f4429788037f093
extended_dp1_dc1_ud1_nb2000	136	2	cff4c6b51ab8d1e1
extended_dp1_dc1_ud1_nb2000	137	3	1dc709adf506815a
extended_dp1_dc1_ud1_nb2000	138	176	404f5fe100e95a36
extended_dp1_dc1_ud1_nb2000	139	195	d34632c4f98d984c
extended_dp1_dc1_ud1_nb2000	140	7	dc6d609246fee55b
extended_dp1_dc1_ud1_nb2000	141	10	071e7419227f5ced
extended_dp1_dc1_ud1_nb2000	142	11	4c9146a4fcf8e721
extended_dp1_dc1_ud1_nb2000	143	2	6ff6b8bc6619ae66
extended_dp1_dc1_ud1_nb2000	144	13	4bdcb3ef867a94e5
extended_dp1_dc1_ud1_nb2000	145	73	ea22a365f53953ba
extended_dp1_dc1_ud1_nb2000	146	75	cf3671e4027b7bce
extended_dp1_dc1_ud1_nb2000	147	32	aa240a5b96884a18
extended_dp1_dc1_ud1_nb2000	148	28	ad6e01ea71d5c68d
extended_dp1_dc1_ud1_nb2000	149	2	0e7a7d4215ecf15a
extended_dp1_dc1_ud1_nb2000	150	6	5872b2549ebbe623
extended_dp1_dc1_ud1_nb2000	151	11	026850c1ab19cd3c
extended_dp1_dc1_ud1_nb2000	152	78	13e6fd62d596676a
extended_dp1_dc1_ud1_nb2000	153	203	23f30c0c09a34692
extended_dp1_dc1_ud1_nb2000	154	2	60a2b5c9c2e0e62a
extended_dp1_dc1_ud1_nb2000	155	80	0eb3502b1f4b81a0
extended_dp1_dc1_ud1_nb2000	156	34	0b488b96a4270b18
extended_dp1_dc1_ud1_nb2000	157	3	6a36bc7972855e92
extended_dp1_dc1_ud1_nb2000	158	5	980f36241ff087b2
extended_dp1_dc1_ud1_nb2000	159	79	95e7647ab67bbc56
extended_dp1_dc1_ud1_nb2000	160	7	af225a9e313bd07a
extended_dp1_dc1_ud1_nb2000	161	4	2224d338ee0c92e9
extended_dp1_dc1_ud1_nb2000	162	210	d9601e3bde2c3570
extended_dp1_dc1_ud1_nb2000	163	10	425951021ef4a581
extended_dp1_dc1_ud1_nb2000	164	4	832f5c2fce7ba965
extended_dp1_dc1_ud1_nb2000	165	3	5c538693c1431f4b
extended_dp1_dc1_ud1_nb2000	166	198	666c76d6ed1ac589
extended_dp1_dc1_ud1_nb2000	167	81	539aeb939870510d
extended_dp1_dc1_ud1_nb2000	168	2	7f186e27c595ab14
extended_dp1_dc1_ud1_nb2000	169	8	50b094fe969e79f8
extended_dp1_dc1_ud1_nb2000	170	2	9a10e7aed7584972
extended_dp1_dc1_ud1_nb2000	171	75	8befd1d85e6ea613
extended_dp1_dc1_ud1_nb2000	172	7	820d72ff93bc9917
extended_dp1_dc1_ud1_nb2000	173	8	02834af452189f2d
extended_dp1_dc1_ud1_nb2000	174	23	ac775b9508dc1092
extended_dp1_dc1_ud1_nb2000	175	2	72c15ba8f0c9d153
extended_dp1_dc1_ud1_nb2000	176	210	08348e4532d52a89
extended_dp1_dc1_ud1_nb2000	177	2	bd0ecdb7188c9a68
extended_dp1_dc1_ud1_nb2000	178	2	edb8b080a73ec176
extended_dp1_dc1_ud1_nb2000	179	81	12504a6a8413c77a
extended_dp1_dc1_ud1_nb2000	180	198	9857e0b179ce3539
extended_dp1_dc1_ud1_nb2000	181	88	b9b96c7146904bd2
extended_dp1_dc1_ud1_nb2000	182	6	b5bec723cdeb5f21
extended_dp1_dc1_ud1_nb2000	183	4	11f7094f697eac0c
extended_dp1_dc1_ud1_nb2000	184	9	1d5f89e2a6f29719
extended_dp1_dc1_ud1_nb2000	185	198	ac2741df5e53cb0c
extended_dp1_dc1_ud1_nb2000	186	6	11760524a2054f12
extended_dp1_dc1_ud1_nb2000	187	86	0bd7b553091e7eb6
extended_dp1_dc1_ud1_nb2000	188	3	497372c349c1b597
extended_dp1_dc1_ud1_nb2000	189	3	4275562cef33e65f
extended_dp1_dc1_ud1_nb2000	190	3	01ea72aab73b6f2d
extended_dp1_dc1_ud1_nb2000	191	198	7c50dfeb7f30af49
extended_dp1_dc1_ud1_nb2000	192	7	80c9d512da64fd85
extended_dp1_dc1_ud1_nb2000	193	3	9d88783521a38ff1
extended_dp1_dc1_ud1_nb2000	194	78	0b1f28782e36f1fe
extended_dp1_dc1_ud1_nb2000	195	87	38209c4e4d34701a
extended_dp1_dc1_ud1_nb2000	196	197	54dae5a7c417f22a
extended_dp1_dc1_ud1_nb2000	197	7	d29623dcd610ad0f
extended_dp1_dc1_ud1_nb2000	198	4	d95422b38e7ccb9d
extended_dp1_dc1_ud1_nb2000	199	9	bb624c201e4e9cc4
extended_dp1_dc1_ud1_nb2000	200	69	7419422dc52573f9
extended_dp1_dc1_ud1_nb2000	201	5	35f561dd999af5d4
extended_dp1_dc1_ud1_nb2000	202	3	9867b26f89bd75b4
extended_dp1_dc1_ud1_nb2000	203	26	e0409345a3f325b3
extended_dp1_dc1_ud1_nb2000	204	95	5dfc9c6f362ec8cc
extended_dp1_dc1_ud1_nb2000	205	11	b6623dd123f66ca7
extended_dp1_dc1_ud1_nb2000	206	202	5ffdb46be685289a
extended_dp1_dc1_ud1_nb2000	207	77	c3c922b53b24c374
extended_dp1_dc1_ud1_nb2000	208	86	56dc33995b000fe4
extended_dp1_dc1_ud1_nb2000	209	2	7e406aca15207b29
extended_dp1_dc1_ud1_nb2000	210	2	4143f74e30e91d3c
extended_dp1_dc1_ud1_nb2000	211	8	578b5a7244c9cf66
extended_dp1_dc1_ud1_nb2000	212	14	e101cf2edce5fedf
extended_dp1_dc1_ud1_nb2000	213	3	edd5359814ad33df
extended_dp1_dc1_ud1_nb2000	214	24	34b428819eb9d815
extended_dp1_dc1_ud1_nb2000	215	7	60c3fbd347358362
extended_dp1_dc1_ud1_nb2000	216	71	7c12e0080c07cd3e
extended_dp1_dc1_ud1_nb2000	217	12	a97d7e8db8b9f5bd
extended_dp1_dc1_ud1_nb2000	218	12	8f111dce9fe400f4
extended_dp1_dc1_ud1_nb2000	219	6	316d58ebb32b62e8
extended_dp1_dc1_ud1_nb2000	220	27	8b33a2d7da06b036
extended_dp1_dc1_ud1_nb2000	221	12	5a2848bc56eb7484
extended_dp1_dc1_ud1_nb2000	222	2	155847d504fd75bd
extended_dp1_dc1_ud1_nb2000	223	2	4dbbca2216f7ac7b
extended_dp1_dc1_ud1_nb2000	224	14	c4ad5c3adf200271
extended_dp1_dc1_ud1_nb2000	225	2	2832a96cf84da5d8
extended_dp1_dc1_ud1_nb2000	226	202	1c2d14d51822f7d1
extended_dp1_dc1_ud1_nb2000	227	1	46eb868fb6e063a1
extended_dp1_dc1_ud1_nb2000	228	28	091c971374308138
extended_dp1_dc1_ud1_nb2000	229	9	f0f130f0e3a2faae
extended_dp1_dc1_ud1_nb2000	230	76	3b25ef61757b15f9
extended_dp1_dc1_ud1_nb2000	231	4	0f4f24f624930d64
extended_dp1_dc1_ud1_nb2000	232	2	8266c8aed1bb63ae
extended_dp1_dc1_ud1_nb2000	233	32	a165a95ed115d24d
extended_dp1_dc1_ud1_nb2000	234	2	e4ca63a93d69cb1f
extended_dp1_dc1_ud1_nb2000	235	75	5e7a9c204c6cae47
extended_dp1_dc1_ud1_nb2000	236	2	d481bfb675d614dd
extended_dp1_dc1_ud1_nb2000	237	6	9c374886d19d58e2
extended_dp1_dc1_ud1_nb2000	238	21	c7f2303cb8c797c2
extended_dp1_dc1_ud1_nb2000	239	2	4b70e50b8edc6292
extended_dp1_dc1_ud1_nb2000	240	4	11399b68410123df
extended_dp1_dc1_ud1_nb2000	241	3	b2635722d8d798e2
extended_dp1_dc1_ud1_nb2000	242	10	f1ce5b32ce93dfb6
extended_dp1_dc1_ud1_nb2000	243	25	cf47e6103824a566
extended_dp1_dc1_ud1_nb2000	244	2	a4dda3ae9e4f0f85
extended_dp1_dc1_ud1_nb2000	245	28	9da4b398411278b4
extended_dp1_dc1_ud1_nb2000	246	187	3a05f0bfbe02a13d
extended_dp1_dc1_ud1_nb2000	247	3	e0853c840dd1fdaf
extended_dp1_dc1_ud1_nb2000	248	77	e82ee562f3a6eb7d
extended_dp1_dc1_ud1_nb2000	249	204	82ae06b07f9d772f
extended_dp1_dc1_ud1_nb2000	250	72	9c877811c01a74b7
extended_dp1_dc1_ud1_nb2000	251	92	97a961ae2fdadbbf
extended_dp1_dc1_ud1_nb2000	252	8	48a9671106065434
extended_dp1_dc1_ud1_nb2000	253	7	0443009996f09f8c
extended_dp1_dc1_ud1_nb2000	254	8	9c7afc08130d80de
extended_dp1_dc1_ud1_nb2000	255	83	86607f750aea51b6
extended_dp1_dc1_ud1_nb2000	256	2	551a63c2d76181f6
extended_dp1_dc1_ud1_nb2000	257	14	1eb2342b5e9931e7
extended_dp1_dc1_ud1_nb2000	258	83	bacf2bfae27bcbac
extended_dp1_dc1_ud1_nb2000	259	33	2f643bfed1eeaa01
extended_dp1_dc1_ud1_nb2000	260	2	adbb7c7175eb6e52
extended_dp1_dc1_ud1_nb2000	261	2	f76307a603dd2a5d
extended_dp1_dc1_ud1_nb2000	262	7	f97c32f3f992221b
extended_dp1_dc1_ud1_nb2000	263	7	fd6d2a785103841e
extended_dp1_dc1_ud1_nb2000	264	29	3f603d30f3ce3f9f
extended_dp1_dc1_ud1_nb2000	265	6	4986a5545daf0830
extended_dp1_dc1_ud1_nb2000	266	6	ba20ef3b6b3e2918
extended_dp1_dc1_ud1_nb2000	267	3	318574d728fb4773
extended_dp1_dc1_ud1_nb2000	268	1	25aef9909dfea048
extended_dp1_dc1_ud1_nb2000	269	74	afb8c306b750e958
extended_dp1_dc1_ud1_nb2000	270	27	2c5c138a416a0740
extended_dp1_dc1_ud1_nb2000	271	184	e0077433163c38bd
extended_dp1_dc1_ud1_nb2000	272	88	2fb13e50c3b6bd57
extended_dp1_dc1_ud1_nb2000	273	2	6f51285605f5b665
extended_dp1_dc1_ud1_nb2000	274	40	03b4c9289b27a110
extended_dp1_dc1_ud1_nb2000	275	3	33846b194a9c5819
extended_dp1_dc1_ud1_nb2000	276	194	a381f22f54a3826a
extended_dp1_dc1_ud1_nb2000	277	11	1c96d5678ec3f6bd
extended_dp1_dc1_ud1_nb2000	278	186	31a64a6ca72c1498
extended_dp1_dc1_ud1_nb2000	279	30	06e9b905f83696c5
extended_dp1_dc1_ud1_nb2000	280	7	b73b7c66198298c4
extended_dp1_dc1_ud1_nb2000	281	1	3abc652ea33e17a5
extended_dp1_dc1_ud1_nb2000	282	2	9a10022c0daaddb3
extended_dp1_dc1_ud1_nb2000	283	20	7eccfb456bc24b9c
extended_dp1_dc1_ud1_nb2000	284	5	33be49397f38c1c0
extended_dp1_dc1_ud1_nb2000	285	20	dabdcf6241c18d86
extended_dp1_dc1_ud1_nb2000	286	13	e0c9169940268f94
extended_dp1_dc1_ud1_nb2000	287	209	a924404b10d17f98
extended_dp1_dc1_ud1_nb2000	288	6	6579e3de6c71cd63
extended_dp1_dc1_ud1_nb2000	289	1	adf4e0e63c574ffd
extended_dp1_dc1_ud1_nb2000	290	2	0f3051d3fcbf1a41
extended_dp1_dc1_ud1_nb2000	291	209	e815587d18eae242
extended_dp1_dc1_ud1_nb2000	292	3	97def42dec590a3f
extended_dp1_dc1_ud1_nb2000	293	204	cc70064171db5a0a
extended_dp1_dc1_ud1_nb2000	294	78	6875448bbec2820f
extended_dp1_dc1_ud1_nb2000	295	1	6d6c9be064bbef04
extended_dp1_dc1_ud1_nb2000	296	194	9a4e19d0dff8dc83
extended_dp1_dc1_ud1_nb2000	297	204	683828f2d6af754e
extended_dp1_dc1_ud1_nb2000	298	2	b4231c8b8bf14136
extended_dp1_dc1_ud1_nb2000	299	1	ec9a11734f43ecd8
extended_dp1_dc1_ud1_nb2000	300	5	3f94bc087489c8e4
extended_dp1_dc1_ud1_nb2000	301	75	b39c1872376cad17
extended_dp1_dc1_ud1_nb2000	302	12	438888afca2bcd91
extended_dp1_dc1_ud1_nb2000	303	6	adb56fe1642e028b
extended_dp1_dc1_ud1_nb2000	304	7	8c0044053a1f4092
extended_dp1_dc1_ud1_nb2000	305	39	0d98dd3f7a9e36c3
extended_dp1_dc1_ud1_nb2000	306	17	1e02c21a67d0fc02
extended_dp1_dc1_ud1_nb2000	307	31	468a88e689b5be47
extended_dp1_dc1_ud1_nb2000	308	209	7302bbb10b4d9510
extended_dp1_dc1_ud1_nb2000	309	4	91770c86f0b32675
extended_dp1_dc1_ud1_nb2000	310	3	a19a9ddc616bc40b
extended_dp1_dc1_ud1_nb2000	311	5	eb26a6b2edf79306
extended_dp1_dc1_ud1_nb2000	312	81	8d5ef0adad140231
extended_dp1_dc1_ud1_nb2000	313	77	ec6cfe6384544ef6
extended_dp1_dc1_ud1_nb2000	314	89	1dc5dab97f044e14
extended_dp1_dc1_ud1_nb2000	315	1	1ab4e6773c971447
extended_dp1_dc1_ud1_nb2000	316	199	76bf34e2299653f0
extended_dp1_dc1_ud1_nb2000	317	5	a57c653d40b9330e
extended_dp1_dc1_ud1_nb2000	318	3	0be369303603bc54
extended_dp1_dc1_ud1_nb2000	319	191	e2b76efe028c1569
extended_dp1_dc1_ud1_nb2000	320	40	50930bd85f341f4e
extended_dp1_dc1_ud1_nb2000	321	28	6713869f4efc9fe2
extended_dp1_dc1_ud1_nb2000	322	79	4e4335fd77740e14
extended_dp1_dc1_ud1_nb2000	323	28	b8910d6196bf5af6
extended_dp1_dc1_ud1_nb2000	324	30	6516bcfde0a959ee
extended_dp1_dc1_ud1_nb2000	325	10	052b710361a63ec6
extended_dp1_dc1_ud1_nb2000	326	77	b57291e2dd26a862
extended_dp1_dc1_ud1_nb2000	327	3	d1fb661b574d678c
extended_dp1_dc1_ud1_nb2000	328	14	b05202c9adf9f33a
extended_dp1_dc1_ud1_nb2000	329	2	461827dfc2a8b43f
extended_dp1_dc1_ud1_nb2000	330	89	bccb749d87e35dee
extended_dp1_dc1_ud1_nb2000	331	1	a1b05ad8878eddbd
extended_dp1_dc1_ud1_nb2000	332	70	5a52ff1f6e902dcf
extended_dp1_dc1_ud1_nb2000	333	84	eda93e566967aa96
extended_dp1_dc1_ud1_nb2000	334	196	f906bc12c38be603
extended_dp1_dc1_ud1_nb2000	335	38	4023cafc461b62f6
extended_dp1_dc1_ud1_nb2000	336	94	182945bb11b79422
extended_dp1_dc1_ud1_nb2000	337	8	027765e0cef51c1c
extended_dp1_dc1_ud1_nb2000	338	72	b2e5131a0d471154
extended_dp1_dc1_ud1_nb2000	339	92	d9f340cc3f8ebdca
extended_dp1_dc1_ud1_nb2000	340	32	18569e9ca18b81cc
extended_dp1_dc1_ud1_nb2000	341	2	ad98a9842eda811a
extended_dp1_dc1_ud1_nb2000	342	33	8296b199adef1c6e
extended_dp1_dc1_ud1_nb2000	343	188	97f9de9152fea25d
extended_dp1_dc1_ud1_nb2000	344	15	950a06ac34faeaec
extended_dp1_dc1_ud1_nb2000	345	31	fc594e1b7e3d261a
extended_dp1_dc1_ud1_nb2000	346	85	9800cad06d779482
extended_dp1_dc1_ud1_nb2000	347	2	73786eace44df5fe
extended_dp1_dc1_ud1_nb2000	348	5	a3cd0c88ea908c0a
extended_dp1_dc1_ud1_nb2000	349	27	aa624dfcca389cab
extended_dp1_dc1_ud1_nb2000	350	12	ac05af76388a9cb6
extended_dp1_dc1_ud1_nb2000	351	16	f47ef809cfd558ae
extended_dp1_dc1_ud1_nb2000	352	1	8424221c01ab377a
extended_dp1_dc1_ud1_nb2000	353	32	3a2a6bcca626b0e2
extended_dp1_dc1_ud1_nb2000	354	2	5bda2ca495a4ab74
extended_dp1_dc1_ud1_nb2000	355	3	a581d4f3412436ff
extended_dp1_dc1_ud1_nb2000	356	1	0de197205f786e7e
extended_dp1_dc1_ud1_nb2000	357	38	8433b79a1b7d5c01
extended_dp1_dc1_ud1_nb2000	358	2	f9fa6bf430f95da3
extended_dp1_dc1_ud1_nb2000	359	4	d9ec5d7e2cac1565
extended_dp1_dc1_ud1_nb2000	360	9	993cc61af4457b30
extended_dp1_dc1_ud1_nb2000	361	2	c6d90e3c7d693bdd
extended_dp1_dc1_ud1_nb2000	362	70	80656977e6a2d4ea
extended_dp1_dc1_ud1_nb2000	363	200	baca56e99b560155
extended_dp1_dc1_ud1_nb2000	364	9	22adfe28dfc25f68
extended_dp1_dc1_ud1_nb2000	365	2	0acbb33a757090a6
extended_dp1_dc1_ud1_nb2000	366	2	198c1f0846c5965f
extended_dp1_dc1_ud1_nb2000	367	8	983f5743d9aa7e64
extended_dp1_dc1_ud1_nb2000	368	1	eef15e6694a23b83
extended_dp1_dc1_ud1_nb2000	369	28	4e0913652313343b
extended_dp1_dc1_ud1_nb2000	370	6	c2b6a6d77ac0c54c
extended_dp1_dc1_ud1_nb2000	371	2	4cd07f8f33b23519
extended_dp1_dc1_ud1_nb2000	372	6	56a48d0fb6cf2544
extended_dp1_dc1_ud1_nb2000	373	7	56d6124a2a2bdbcb
extended_dp1_dc1_ud1_nb2000	374	86	2776a244c5ef71b7
extended_dp1_dc1_ud1_nb2000	375	83	18772eadbe1728a1
extended_dp1_dc1_ud1_nb2000	376	10	2d5dfe6461720c7c
extended_dp1_dc1_ud1_nb2000	377	2	c417926d6aea0d9a
extended_dp1_dc1_ud1_nb2000	378	6	409548856d2c5bdd
extended_dp1_dc1_ud1_nb2000	379	8	f7bf4b46fdb7bfe6
extended_dp1_dc1_ud1_nb2000	380	93	fc8d6a3826c74d02
extended_dp1_dc1_ud1_nb2000	381	5	8adf936efbae1c82
extended_dp1_dc1_ud1_nb2000	382	2	ee235b847f480214
extended_dp1_dc1_ud1_nb2000	383	2	1ca0393d8d48778c
extended_dp1_dc1_ud1_nb2000	384	4	72b491db44d93aa9
extended_dp1_dc1_ud1_nb2000	385	2	60e9a85e50134bc4
extended_dp1_dc1_ud1_nb2000	386	181	ac222217ecdc8153
extended_dp1_dc1_ud1_nb2000	387	10	e2bdfb092d82d632
extended_dp1_dc1_ud1_nb2000	388	91	946b05dfad73719b
extended_dp1_dc1_ud1_nb2000	389	90	7ce444d8ed720056
extended_dp1_dc1_ud1_nb2000	390	9	7f6fcec8c293d70d
extended_dp1_dc1_ud1_nb2000	391	9	1fcfa7a41f5825fe
extended_dp1_dc1_ud1_nb2000	392	30	8ea2ba5cb08b3b10
extended_dp1_dc1_ud1_nb2000	393	13	cfc5242a35fbce88
extended_dp1_dc1_ud1_nb2000	394	2	9e5b2dc50953735f
extended_dp1_dc1_ud1_nb2000	395	11	9175e46cd721cce9
extended_dp1_dc1_ud1_nb2000	396	28	04d49af4bec1ee62
extended_dp1_dc1_ud1_nb2000	397	68	c34d96bcb8f332b2
extended_dp1_dc1_ud1_nb2000	398	212	0c2ec80285631f27
extended_dp1_dc1_ud1_nb2000	399	6	357806859da125e5
extended_dp1_dc0_ud0_nb0	0	2	fe3877f9123caf6f
extended_dp1_dc0_ud0_nb0	1	25	e92e6c2de672e26d
extended_dp1_dc0_ud0_nb0	2	175	99567aad434fd13f
extended_dp1_dc0_ud0_nb0	3	3	5ce12fbe07e08005
extended_dp1_dc0_ud0_nb0	4	71	8eeed952ec9beb38
extended_dp1_dc0_ud0_nb0	5	4	321f8879029afc68
extended_dp1_dc0_ud0_nb0	6	75	08fe840217854691
extended_dp1_dc0_ud0_nb0	7	194	f2c279ba786b8f0b
extended_dp1_dc0_ud0_nb0	8	168	ba9b2c25a9e99d23
extended_dp1_dc0_ud0_nb0	9	70	fb0b0c4df37b952e
extended_dp1_dc0_ud0_nb0	10	71	86716f68fa7cb21c
extended_dp1_dc0_ud0_nb0	11	82	8a663a8565481a30
extended_dp1_dc0_ud0_nb0	12	5	f2f99fc063270e3e
extended_dp1_dc0_ud0_nb0	13	1	8610e9dda182bf42
extended_dp1_dc0_ud0_nb0	14	4	49b3085f96bd4896
extended_dp1_dc0_ud0_nb0	15	5	64c20245173d693f
extended_dp1_dc0_ud0_nb0	16	36	7a681011add41905
extended_dp1_dc0_ud0_nb0	17	2	5420621e61e6b2de
extended_dp1_dc0_ud0_nb0	18	5	1b0bf70233d5593e
extended_dp1_dc0_ud0_nb0	19	1	9063f58a9e418e90
extended_dp1_dc0_ud0_nb0	20	74	d1f6653983567579
extended_dp1_dc0_ud0_nb0	21	67	370312b301ee5180
extended_dp1_dc0_ud0_nb0	22	3	1bed7a6b96bbcec8
extended_dp1_dc0_ud0_nb0	23	154	810517449747ba95
extended_dp1_dc0_ud0_nb0	24	2	4ee24f53fa50f5fb
extended_dp1_dc0_ud0_nb0	25	2	210c11ef7723c39c
extended_dp1_dc0_ud0_nb0	26	26	d25345eeb13caaee
extended_dp1_dc0_ud0_nb0	27	2	3885165b33459ef6
extended_dp1_dc0_ud0_nb0	28	8	e5a9c6013cd01b54
extended_dp1_dc0_ud0_nb0	29	1	cb04c009a7a0f623
extended_dp1_dc0_ud0_nb0	30	6	b854c5ee41dae81c
extended_dp1_dc0_ud0_nb0	31	2	fd1674dfae946a3e
extended_dp1_dc0_ud0_nb0	32	175	54ed6cdb57e41d74
extended_dp1_dc0_ud0_nb0	33	3	fb073d01787c3389
extended_dp1_dc0_ud0_nb0	34	5	05c15c89addbcf88
extended_dp1_dc0_ud0_nb0	35	160	4bb77909b5c0bb06
extended_dp1_dc0_ud0_nb0	36	8	47b57660ca412194
extended_dp1_dc0_ud0_nb0	37	74	99821b2df67fd4fa
extended_dp1_dc0_ud0_nb0	38	28	98d293687b1553cf
extended_dp1_dc0_ud0_nb0	39	155	1243787ddbaaffe1
extended_dp1_dc0_ud0_nb0	40	184	cf5507272876a2cc
extended_dp1_dc0_ud0_nb0	41	31	025b65eec8de50f7
extended_dp1_dc0_ud0_nb0	42	10	e99bcd214b5a95d1
extended_dp1_dc0_ud0_nb0	43	1	5b21a5ec2f985d77
extended_dp1_dc0_ud0_nb0	44	3	1b0ec72d164d2bd9
extended_dp1_dc0_ud0_nb0	45	8	ffe7e7c2ec481272
extended_dp1_dc0_ud0_nb0	46	24	78383426572a088b
extended_dp1_dc0_ud0_nb0	47	67	33f241a4941a21bf
extended_dp1_dc0_ud0_nb0	48	6	14450c83e11941a5
extended_dp1_dc0_ud0_nb0	49	4	da61160155583c10
extended_dp1_dc0_ud0_nb0	50	3	80ac0c3c66e2a95d
extended_dp1_dc0_ud0_nb0	51	27	a0a560087ce863f4
extended_dp1_dc0_ud0_nb0	52	2	5f7bd191f9ea2b7d
extended_dp1_dc0_ud0_nb0	53	11	3819f5ac6eb7f905
extended_dp1_dc0_ud0_nb0	54	4	102e39818cf02f74
extended_dp1_dc0_ud0_nb0	55	66	524b6a4ea7699ec1
extended_dp1_dc0_ud0_nb0	56	10	17b2e5081784ae55
extended_dp1_dc0_ud0_nb0	57	2	d8c21a02c79c5d2f
extended_dp1_dc0_ud0_nb0	58	3	c4ae3d3021af8cf1
extended_dp1_dc0_ud0_nb0	59	24	03a11f2d8bc0d025
extended_dp1_dc0_ud0_nb0	60	3	61070690beee6f2a
extended_dp1_dc0_ud0_nb0	61	2	3f0ec68644b4d988
extended_dp1_dc0_ud0_nb0	62	3	631c18c05f4786ca
extended_dp1_dc0_ud0_nb0	63	26	55e00742f1ce5edc
extended_dp1_dc0_ud0_nb0	64	67	a3067d8cdd4ab15b
extended_dp1_dc0_ud0_nb0	65	5	e9b6b1da9f427f0c
extended_dp1_dc0_ud0_nb0	66	3	09917b61d0641400
extended_dp1_dc0_ud0_nb0	67	8	99f6ec5a4afef8ba
extended_dp1_dc0_ud0_nb0	68	8	92f2ea852321d960
extended_dp1_dc0_ud0_nb0	69	77	af8af33d08354df7
extended_dp1_dc0_ud0_nb0	70	5	f08af93532a2f6cd
extended_dp1_dc0_ud0_nb0	71	14	e4744f6e85cd0c7f
extended_dp1_dc0_ud0_nb0	72	23	26ffbf349cebfdf1
extended_dp1_dc0_ud0_nb0	73	63	23f32c9ad765a872
extended_dp1_dc0_ud0_nb0	74	2	c00d92a30f546d81
extended_dp1_dc0_ud0_nb0	75	2	60d11ac02cca1f5c
extended_dp1_dc0_ud0_nb0	76	63	aa016d5c5572f279
extended_dp1_dc0_ud0_nb0	77	2	78571ef702fe8a78
extended_dp1_dc0_ud0_nb0	78	2	8a316a4cbf248e78
extended_dp1_dc0_ud0_nb0	79	13	dcad1b956454732f
extended_dp1_dc0_ud0_nb0	80	1	52b4ae3df5b68646
extended_dp1_dc0_ud0_nb0	81	11	a1dca8bfc4ae4451
extended_dp1_dc0_ud0_nb0	82	160	4089ff566c10aef8
extended_dp1_dc0_ud0_nb0	83	4	109c5d83cf5d9f1c
extended_dp1_dc0_ud0_nb0	84	3	98be6817fedd840d
extended_dp1_dc0_ud0_nb0	85	62	aee1cad1a3463074
extended_dp1_dc0_ud0_nb0	86	8	493e1287f7b59d05
extended_dp1_dc0_ud0_nb0	87	29	84c8771e294811e1
extended_dp1_dc0_ud0_nb0	88	28	12a8382014f5a604
extended_dp1_dc0_ud0_nb0	89	181	64aa78a520f17270
extended_dp1_dc0_ud0_nb0	90	2	7ac3584624571a10
extended_dp1_dc0_ud0_nb0	91	167	f81c89b74b868d6f
extended_dp1_dc0_ud0_nb0	92	7	536c08e0f81df446
extended_dp1_dc0_ud0_nb0	93	8	b150258055d3b899
extended_dp1_dc0_ud0_nb0	94	6	f33ee757f2edc937
extended_dp1_dc0_ud0_nb0	95	163	d64cbe507e538bbc
extended_dp1_dc0_ud0_nb0	96	81	73fe810cb3a8aa27
extended_dp1_dc0_ud0_nb0	97	5	d329cbd437066fbe
extended_dp1_dc0_ud0_nb0	98	4	42501a86403a2a8e
extended_dp1_dc0_ud0_nb0	99	12	d2d3b5cdbb73b691
extended_dp1_dc0_ud0_nb0	100	13	6bb2311ef9f8af6e
extended_dp1_dc0_ud0_nb0	101	3	5713dd7830461484
extended_dp1_dc0_ud0_nb0	102	62	2204318596461bd0
extended_dp1_dc0_ud0_nb0	103	32	cdff0134a6fcc4bb
extended_dp1_dc0_ud0_nb0	104	1	2aa86b7d09c4fa67
extended_dp1_dc0_ud0_nb0	105	2	33b5365d16a95dba
extended_dp1_dc0_ud0_nb0	106	21	2cd6a70bb88ad675
extended_dp1_dc0_ud0_nb0	107	190	82320b10e3178005
extended_dp1_dc0_ud0_nb0	108	70	7b98182020ae1eb1
extended_dp1_dc0_ud0_nb0	109	28	b0bb91b471cd325f
extended_dp1_dc0_ud0_nb0	110	6	dea6ff056c04009a
extended_dp1_dc0_ud0_nb0	111	3	fdb1fbf425fbf5f1
extended_dp1_dc0_ud0_nb0	112	6	02beb0f9522c8445
extended_dp1_dc0_ud0_nb0	113	1	ce908bdfd8c62477
extended_dp1_dc0_ud0_nb0	114	163	71814fd0e5a2973a
extended_dp1_dc0_ud0_nb0	115	2	4190c4e5c47f9001
extended_dp1_dc0_ud0_nb0	116	2	5f2151cdb5d26008
extended_dp1_dc0_ud0_nb0	117	162	7d1cb7899c6157e4
extended_dp1_dc0_ud0_nb0	118	164	9890be329b6b73ef
extended_dp1_dc0_ud0_nb0	119	2	fa3b1b21769c99bc
extended_dp1_dc0_ud0_nb0	120	170	626e9c0b66fda2c8
extended_dp1_dc0_ud0_nb0	121	70	a5337c850886d802
extended_dp1_dc0_ud0_nb0	122	175	1f2ab6ca7d28df64
extended_dp1_dc0_ud0_nb0	123	2	737f3e1167508935
extended_dp1_dc0_ud0_nb0	124	78	08504b9b7d0daa80
extended_dp1_dc0_ud0_nb0	125	4	3ec7510780c15cda
extended_dp1_dc0_ud0_nb0	126	7	a86ba550341bc96b
extended_dp1_dc0_ud0_nb0	127	2	11415ff7efeb9160
extended_dp1_dc0_ud0_nb0	128	21	fce42b6a6f4bb08b
extended_dp1_dc0_ud0_nb0	129	74	8df90889aee1bfeb
extended_dp1_dc0_ud0_nb0	130	2	af2325e713679114
extended_dp1_dc0_ud0_nb0	131	178	d19f10c18fbe2844
extended_dp1_dc0_ud0_nb0	132	182	955db6533dd81fe4
extended_dp1_dc0_ud0_nb0	133	5	662eaf77173ddb60
extended_dp1_dc0_ud0_nb0	134	10	37f654ad5ad65cce
extended_dp1_dc0_ud0_nb0	135	1	4f4429788037f093
extended_dp1_dc0_ud0_nb0	136	2	cff4c6b51ab8d1e1
extended_dp1_dc0_ud0_nb0	137	3	a41f1b32a1b4d8bf
extended_dp1_dc0_ud0_nb0	138	156	203a020c8e0f4d49
extended_dp1_dc0_ud0_nb0	139	173	7ce428e8bbd566b2
extended_dp1_dc0_ud0_nb0	140	6	8e58e22dff6fe35c
extended_dp1_dc0_ud0_nb0	141	8	e7abdad378fa0a3f
extended_dp1_dc0_ud0_nb0	142	9	fc38d895050f1b1d
extended_dp1_dc0_ud0_nb0	143	2	1b54d0530affef27
extended_dp1_dc0_ud0_nb0	144	12	24423e8100064e39
extended_dp1_dc0_ud0_nb0	145	65	1eaf9561abd7707e
extended_dp1_dc0_ud0_nb0	146	69	1e293c0b45602b26
extended_dp1_dc0_ud0_nb0	147	27	5a5d06c8f51010ce
extended_dp1_dc0_ud0_nb0	148	25	eab8902f5bf2c781
extended_dp1_dc0_ud0_nb0	149	2	0e7a7d4215ecf15a
extended_dp1_dc0_ud0_nb0	150	5	80c8d3f769c2a030
extended_dp1_dc0_ud0_nb0	151	9	afc702c8179ae8d4
extended_dp1_dc0_ud0_nb0	152	68	4cd842305e998ab9
extended_dp1_dc0_ud0_nb0	153	179	a135f69a94aa5ec3
extended_dp1_dc0_ud0_nb0	154	2	d160fa2bda5374f3
extended_dp1_dc0_ud0_nb0	155	71	3f150e06b8267dc2
extended_dp1_dc0_ud0_nb0	156	31	8239b389fb84917c
extended_dp1_dc0_ud0_nb0	157	3	8488d59377cdcfd3
extended_dp1_dc0_ud0_nb0	158	4	b14c439e4d4ecc1a
extended_dp1_dc0_ud0_nb0	159	67	8c3eb0a8e3282600
extended_dp1_dc0_ud0_nb0	160	7	6506463ef9782f9a
extended_dp1_dc0_ud0_nb0	161	3	40e50f4eb30e6155
extended_dp1_dc0_ud0_nb0	162	181	828bd0af1aef37a8
extended_dp1_dc0_ud0_nb0	163	9	ae2dba14a8a8c07d
extended_dp1_dc0_ud0_nb0	164	3	64ce08596bd5bea5
extended_dp1_dc0_ud0_nb0	165	3	2426a1e0d74b6fab
extended_dp1_dc0_ud0_nb0	166	174	c2869ffb875b5722
extended_dp1_dc0_ud0_nb0	167	72	65ac18e95d45a301
extended_dp1_dc0_ud0_nb0	168	2	7f186e27c595ab14
extended_dp1_dc0_ud0_nb0	169	8	018219b414268b2a
extended_dp1_dc0_ud0_nb0	170	2	9a10e7aed7584972
extended_dp1_dc0_ud0_nb0	171	66	cceacd70b0a70817
extended_dp1_dc0_ud0_nb0	172	6	30d86c57d5d7e8bc
extended_dp1_dc0_ud0_nb0	173	7	03d7fa69480e8e80
extended_dp1_dc0_ud0_nb0	174	21	bbfd0882f5916104
extended_dp1_dc0_ud0_nb0	175	2	72c15ba8f0c9d153
extended_dp1_dc0_ud0_nb0	176	188	e6e6d7ff8ca09854
extended_dp1_dc0_ud0_nb0	177	2	bd0ecdb7188c9a68
extended_dp1_dc0_ud0_nb0	178	2	edb8b080a73ec176
extended_dp1_dc0_ud0_nb0	179	71	b1827cdd25542124
extended_dp1_dc0_ud0_nb0	180	174	b839e6fd09328995
extended_dp1_dc0_ud0_nb0	181	78	54020650b317ef68
extended_dp1_dc0_ud0_nb0	182	6	ff71b5097cbe6a94
extended_dp1_dc0_ud0_nb0	183	3	7f317189aa4c185a
extended_dp1_dc0_ud0_nb0	184	8	f9937d7586f0d769
extended_dp1_dc0_ud0_nb0	185	173	6196ec00bb79b336
extended_dp1_dc0_ud0_nb0	186	5	42279d51c85f5796
extended_dp1_dc0_ud0_nb0	187	73	e54fabec418ad11b
extended_dp1_dc0_ud0_nb0	188	3	4f83ecb89d2d3bdc
extended_dp1_dc0_ud0_nb0	189	3	b707e8613282f6a0
extended_dp1_dc0_ud0_nb0	190	3	01ea72aab73b6f2d
extended_dp1_dc0_ud0_nb0	191	175	38d7cd5668c7cf9c
extended_dp1_dc0_ud0_nb0	192	6	6601abc543e60189
extended_dp1_dc0_ud0_nb0	193	3	2d3a9352ff8fbc56
extended_dp1_dc0_ud0_nb0	194	68	8dff51c8eea0b187
extended_dp1_dc0_ud0_nb0	195	73	e27578683ac7bcb7
extended_dp1_dc0_ud0_nb0	196	175	ef60d7f3d9c6d226
extended_dp1_dc0_ud0_nb0	197	7	bf9255dfdba10db4
extended_dp1_dc0_ud0_nb0	198	3	ce238d187758e508
extended_dp1_dc0_ud0_nb0	199	9	fc9e70e2c9a20948
extended_dp1_dc0_ud0_nb0	200	63	b69261bf49bac7d7
extended_dp1_dc0_ud0_nb0	201	5	eef7540142f4de4b
extended_dp1_dc0_ud0_nb0	202	3	ad5adcf2242e03e9
extended_dp1_dc0_ud0_nb0	203	23	f7b5c4c4a9d8e9ad
extended_dp1_dc0_ud0_nb0	204	81	58ea3477e4efd43a
extended_dp1_dc0_ud0_nb0	205	10	f2277298c8612c36
extended_dp1_dc0_ud0_nb0	206	181	2770b34199f10fe3
extended_dp1_dc0_ud0_nb0	207	72	b37bd3690b71ba62
extended_dp1_dc0_ud0_nb0	208	72	ac74483fc8211097
extended_dp1_dc0_ud0_nb0	209	2	7e406aca15207b29
extended_dp1_dc0_ud0_nb0	210	2	4143f74e30e91d3c
extended_dp1_dc0_ud0_nb0	211	8	1ef8313b8b4fc0a1
extended_dp1_dc0_ud0_nb0	212	12	1896899290e941bb
extended_dp1_dc0_ud0_nb0	213	3	6fdef77cd5f3ed9c
extended_dp1_dc0_ud0_nb0	214	22	9b604e56a1b4936d
extended_dp1_dc0_ud0_nb0	215	6	6c65c2615bc0b46c
extended_dp1_dc0_ud0_nb0	216	63	b3f5f71425883d26
extended_dp1_dc0_ud0_nb0	217	10	ea66e20d2b5f5ca6
extended_dp1_dc0_ud0_nb0	218	10	ff2aca55fb1cb8eb
extended_dp1_dc0_ud0_nb0	219	5	e88ff77bb9c745be
extended_dp1_dc0_ud0_nb0	220	22	49bdaccf05ee797c
extended_dp1_dc0_ud0_nb0	221	10	3910427eff762556
extended_dp1_dc0_ud0_nb0	222	2	155847d504fd75bd
extended_dp1_dc0_ud0_nb0	223	2	4dbbca2216f7ac7b
extended_dp1_dc0_ud0_nb0	224	12	5541ac560663a663
extended_dp1_dc0_ud0_nb0	225	2	2832a96cf84da5d8
extended_dp1_dc0_ud0_nb0	226	176	14e206f114ca6506
extended_dp1_dc0_ud0_nb0	227	1	46eb868fb6e063a1
extended_dp1_dc0_ud0_nb0	228	26	bf141af177882543
extended_dp1_dc0_ud0_nb0	229	8	7674c0b17d164941
extended_dp1_dc0_ud0_nb0	230	67	1c1e00e680c32c25
extended_dp1_dc0_ud0_nb0	231	4	2495ac24bcc3355c
extended_dp1_dc0_ud0_nb0	232	2	8266c8aed1bb63ae
extended_dp1_dc0_ud0_nb0	233	30	49591a24f8697200
extended_dp1_dc0_ud0_nb0	234	2	e4ca63a93d69cb1f
extended_dp1_dc0_ud0_nb0	235	65	9f6c8e5c66f51207
extended_dp1_dc0_ud0_nb0	236	2	00e649886ebb9e7c
extended_dp1_dc0_ud0_nb0	237	6	341fc27ba1928223
extended_dp1_dc0_ud0_nb0	238	20	3642469857f10d5e
extended_dp1_dc0_ud0_nb0	239	2	4b70e50b8edc6292
extended_dp1_dc0_ud0_nb0	240	4	11399b68410123df
extended_dp1_dc0_ud0_nb0	241	3	af4404150c063f13
extended_dp1_dc0_ud0_nb0	242	8	baab10b4051dd510
extended_dp1_dc0_ud0_nb0	243	23	4dc424770f6acade
extended_dp1_dc0_ud0_nb0	244	2	a4dda3ae9e4f0f85
extended_dp1_dc0_ud0_nb0	245	25	e057ff8ad9a76c7f
extended_dp1_dc0_ud0_nb0	246	167	2e67e5f62ca70348
extended_dp1_dc0_ud0_nb0	247	3	e0853c840dd1fdaf
extended_dp1_dc0_ud0_nb0	248	67	92cbb1247f428e17
extended_dp1_dc0_ud0_nb0	249	182	a04808ac912d385b
extended_dp1_dc0_ud0_nb0	250	66	6c11f5abe6da9059
extended_dp1_dc0_ud0_nb0	251	78	5977ca088b731e1e
extended_dp1_dc0_ud0_nb0	252	7	52f853bc6ebe9df3
extended_dp1_dc0_ud0_nb0	253	6	ce6cdcbd812a0a55
extended_dp1_dc0_ud0_nb0	254	7	1af21cc0c5fd3dca
extended_dp1_dc0_ud0_nb0	255	74	3e68b2d289408467
extended_dp1_dc0_ud0_nb0	256	2	551a63c2d76181f6
extended_dp1_dc0_ud0_nb0	257	13	7bb4fd1f2dd32bfa
extended_dp1_dc0_ud0_nb0	258	73	1ae54bba386a3fd2
extended_dp1_dc0_ud0_nb0	259	29	27776fc4f6e14c93
extended_dp1_dc0_ud0_nb0	260	2	74defcaa3b35bd3c
extended_dp1_dc0_ud0_nb0	261	2	f76307a603dd2a5d
extended_dp1_dc0_ud0_nb0	262	7	4159b8c0b76a566f
extended_dp1_dc0_ud0_nb0	263	6	cfb268392fa71828
extended_dp1_dc0_ud0_nb0	264	26	fc87dd048db15f5c
extended_dp1_dc0_ud0_nb0	265	5	a6528b54d51e66ff
extended_dp1_dc0_ud0_nb0	266	5	830f88c62f7c6352
extended_dp1_dc0_ud0_nb0	267	3	40b38c95fc7c1aa6
extended_dp1_dc0_ud0_nb0	268	1	25aef9909dfea048
extended_dp1_dc0_ud0_nb0	269	68	2ef6a2018886a58e
extended_dp1_dc0_ud0_nb0	270	24	ad510b1a9a92e629
extended_dp1_dc0_ud0_nb0	271	158	5586bb24b6fada4b
extended_dp1_dc0_ud0_nb0	272	76	5b67f2037f54aad7
extended_dp1_dc0_ud0_nb0	273	2	6f51285605f5b665
extended_dp1_dc0_ud0_nb0	274	37	46ee8fcefaea12c7
extended_dp1_dc0_ud0_nb0	275	3	33846b194a9c5819
extended_dp1_dc0_ud0_nb0	276	169	b8c152d09c7a1961
extended_dp1_dc0_ud0_nb0	277	9	74db3b4bae3cf67a
extended_dp1_dc0_ud0_nb0	278	160	a906f497fb38a675
extended_dp1_dc0_ud0_nb0	279	27	3bf42e9ccf40bb4c
extended_dp1_dc0_ud0_nb0	280	6	1bb7d1d818afd2d5
extended_dp1_dc0_ud0_nb0	281	1	3abc652ea33e17a5
extended_dp1_dc0_ud0_nb0	282	2	9a10022c0daaddb3
extended_dp1_dc0_ud0_nb0	283	19	9aeec9f9f49bb31a
extended_dp1_dc0_ud0_nb0	284	5	2fb848e7cae72783
extended_dp1_dc0_ud0_nb0	285	18	9a32bb7946968489
extended_dp1_dc0_ud0_nb0	286	12	a7afc8585b6361f5
extended_dp1_dc0_ud0_nb0	287	184	407e0e0bca16cf95
extended_dp1_dc0_ud0_nb0	288	5	cbc03b900102c413
extended_dp1_dc0_ud0_nb0	289	1	adf4e0e63c574ffd
extended_dp1_dc0_ud0_nb0	290	2	755010a29b611eac
extended_dp1_dc0_ud0_nb0	291	181	1722405c3539ac52
extended_dp1_dc0_ud0_nb0	292	3	e949d0f76c39e16e
extended_dp1_dc0_ud0_nb0	293	172	4a8759768c6918bc
extended_dp1_dc0_ud0_nb0	294	68	0be04d2c6e9fc40e
extended_dp1_dc0_ud0_nb0	295	1	6d6c9be064bbef04
extended_dp1_dc0_ud0_nb0	296	170	b8d839403b84afdb
extended_dp1_dc0_ud0_nb0	297	177	e4b3cdb7a9fce02f
extended_dp1_dc0_ud0_nb0	298	2	b4231c8b8bf14136
extended_dp1_dc0_ud0_nb0	299	1	ec9a11734f43ecd8
extended_dp1_dc0_ud0_nb0	300	5	5d3d421a02f23af3
extended_dp1_dc0_ud0_nb0	301	65	5da2ae9b6102983f
extended_dp1_dc0_ud0_nb0	302	10	db1c500925225a3c
extended_dp1_dc0_ud0_nb0	303	6	2b46fd55dcde153a
extended_dp1_dc0_ud0_nb0	304	6	bcf2989c6c4f78c2
extended_dp1_dc0_ud0_nb0	305	35	c653d726724a3b45
extended_dp1_dc0_ud0_nb0	306	15	5a480b572e1ec826
extended_dp1_dc0_ud0_nb0	307	27	68a66456a114da55
extended_dp1_dc0_ud0_nb0	308	180	149064a92db8500e
extended_dp1_dc0_ud0_nb0	309	3	9a811aa38df195a8
extended_dp1_dc0_ud0_nb0	310	3	dc5522b8da7bb01e
extended_dp1_dc0_ud0_nb0	311	4	098c5623f338dbb0
extended_dp1_dc0_ud0_nb0	312	70	7b36a485488403ed
extended_dp1_dc0_ud0_nb0	313	69	b03f9cc030698e65
extended_dp1_dc0_ud0_nb0	314	76	85dbd18e14a1fa5d
extended_dp1_dc0_ud0_nb0	315	1	1ab4e6773c971447
extended_dp1_dc0_ud0_nb0	316	176	6430fdf197b894e7
extended_dp1_dc0_ud0_nb0	317	5	acbcba685beb266f
extended_dp1_dc0_ud0_nb0	318	3	823f5d6c99a85f01
extended_dp1_dc0_ud0_nb0	319	169	612a129a974a6f52
extended_dp1_dc0_ud0_nb0	320	35	3b2bbdb2739187a4
extended_dp1_dc0_ud0_nb0	321	24	ee7c193acf7e8656
extended_dp1_dc0_ud0_nb0	322	70	84129e760ccd2fd7
extended_dp1_dc0_ud0_nb0	323	25	7e2eb6bad38c78d2
extended_dp1_dc0_ud0_nb0	324	29	b7d35f96ba9b6b5e
extended_dp1_dc0_ud0_nb0	325	8	8676cda0d509be8e
extended_dp1_dc0_ud0_nb0	326	68	e3255325510431dc
extended_dp1_dc0_ud0_nb0	327	3	a6c2ae93c967753e
extended_dp1_dc0_ud0_nb0	328	12	21de4623c2fe1f4c
extended_dp1_dc0_ud0_nb0	329	2	461827dfc2a8b43f
extended_dp1_dc0_ud0_nb0	330	77	ff6a331171398e87
extended_dp1_dc0_ud0_nb0	331	1	a1b05ad8878eddbd
extended_dp1_dc0_ud0_nb0	332	62	61c6b2d952a965ff
extended_dp1_dc0_ud0_nb0	333	75	8481d2d280403050
extended_dp1_dc0_ud0_nb0	334	169	45a00aa149287b1f
extended_dp1_dc0_ud0_nb0	335	32	93f4634731e3f9be
extended_dp1_dc0_ud0_nb0	336	83	3f4d17080891d5ec
extended_dp1_dc0_ud0_nb0	337	8	5ee8960a3da49fd9
extended_dp1_dc0_ud0_nb0	338	63	8ba71dbf0fe357cb
extended_dp1_dc0_ud0_nb0	339	80	48f78745c5e2947c
extended_dp1_dc0_ud0_nb0	340	29	dde3ecf02d3542b8
extended_dp1_dc0_ud0_nb0	341	2	ad98a9842eda811a
extended_dp1_dc0_ud0_nb0	342	30	e3c1041a08bb5765
extended_dp1_dc0_ud0_nb0	343	167	a33e982736bea461
extended_dp1_dc0_ud0_nb0	344	13	42413ecee1d7778e
extended_dp1_dc0_ud0_nb0	345	28	e1b419beb71874b7
extended_dp1_dc0_ud0_nb0	346	73	462e8a80977c77ff
extended_dp1_dc0_ud0_nb0	347	2	843d4454ffc8a3c7
extended_dp1_dc0_ud0_nb0	348	5	7e91c30124c2642b
extended_dp1_dc0_ud0_nb0	349	24	b4bc1eb13c7c78ff
extended_dp1_dc0_ud0_nb0	350	11	2596473b1543b38b
extended_dp1_dc0_ud0_nb0	351	14	b8677be0374fcf69
extended_dp1_dc0_ud0_nb0	352	1	8424221c01ab377a
extended_dp1_dc0_ud0_nb0	353	29	d4864f694ecc83b3
extended_dp1_dc0_ud0_nb0	354	2	5bda2ca495a4ab74
extended_dp1_dc0_ud0_nb0	355	3	95f66d4114646871
extended_dp1_dc0_ud0_nb0	356	1	0de197205f786e7e
extended_dp1_dc0_ud0_nb0	357	33	aa6ca3eb604060de
extended_dp1_dc0_ud0_nb0	358	2	f9fa6bf430f95da3
extended_dp1_dc0_ud0_nb0	359	3	098105451cd10742
extended_dp1_dc0_ud0_nb0	360	8	c4f0f920b9fa5cfa
extended_dp1_dc0_ud0_nb0	361	2	c6d90e3c7d693bdd
extended_dp1_dc0_ud0_nb0	362	62	e7caedfc61057a66
extended_dp1_dc0_ud0_nb0	363	171	b7c0adf5810d22f8
extended_dp1_dc0_ud0_nb0	364	8	447c2d4173b9d46a
extended_dp1_dc0_ud0_nb0	365	2	62d81744abb53f13
extended_dp1_dc0_ud0_nb0	366	2	198c1f0846c5965f
extended_dp1_dc0_ud0_nb0	367	8	91b660e5b1be6a2b
extended_dp1_dc0_ud0_nb0	368	1	eef15e6694a23b83
extended_dp1_dc0_ud0_nb0	369	24	c0a73e31c9a53a66
extended_dp1_dc0_ud0_nb0	370	6	c31ef7faaea9bbc5
extended_dp1_dc0_ud0_nb0	371	2	4cd07f8f33b23519
extended_dp1_dc0_ud0_nb0	372	5	5ed645a5fbcfca6d
extended_dp1_dc0_ud0_nb0	373	6	940f3e69d8318ea0
extended_dp1_dc0_ud0_nb0	374	73	9b34fe184eaf0559
extended_dp1_dc0_ud0_nb0	375	73	393d5cfe022b8f2b
extended_dp1_dc0_ud0_nb0	376	9	fd52ace97e75784d
extended_dp1_dc0_ud0_nb0	377	2	c417926d6aea0d9a
extended_dp1_dc0_ud0_nb0	378	5	b32bdc866c7a49d7
extended_dp1_dc0_ud0_nb0	379	8	d9070ed1e38b0721
extended_dp1_dc0_ud0_nb0	380	82	cddad07f9a55050d
extended_dp1_dc0_ud0_nb0	381	4	5a319d3839992556
extended_dp1_dc0_ud0_nb0	382	2	ee235b847f480214
extended_dp1_dc0_ud0_nb0	383	2	1ca0393d8d48778c
extended_dp1_dc0_ud0_nb0	384	3	21bed12db54d8f82
extended_dp1_dc0_ud0_nb0	385	2	60e9a85e50134bc4
extended_dp1_dc0_ud0_nb0	386	161	6a3efcae4d29967f
extended_dp1_dc0_ud0_nb0	387	9	fe1b5563260e23e9
extended_dp1_dc0_ud0_nb0	388	81	ca66040fe9d11722
extended_dp1_dc0_ud0_nb0	389	74	62893f6ba80b2313
extended_dp1_dc0_ud0_nb0	390	8	651b04399a97d9a3
extended_dp1_dc0_ud0_nb0	391	8	dbaa737f7bb1aa5a
extended_dp1_dc0_ud0_nb0	392	24	c7e046ec8461c1de
extended_dp1_dc0_ud0_nb0	393	11	b5446e046187bfdf
extended_dp1_dc0_ud0_nb0	394	2	3a26d4d1964e45ce
extended_dp1_dc0_ud0_nb0	395	10	1b7788b984c5ffd0
extended_dp1_dc0_ud0_nb0	396	24	8abdf73cf97fb22a
extended_dp1_dc0_ud0_nb0	397	60	3133532adf86cb39
extended_dp1_dc0_ud0_nb0	398	186	1b805e08b82c7bd2
extended_dp1_dc0_ud0_nb0	399	5	c9d028df57c60b8b
extended_dp1_dc0_ud0_nb2000	0	2	fe3877f9123caf6f
extended_dp1_dc0_ud0_nb2000	1	30	f7a2e77077e1802f
extended_dp1_dc0_ud0_nb2000	2	192	f20526843c1f13c5
extended_dp1_dc0_ud0_nb2000	3	3	04752421978926ff
extended_dp1_dc0_ud0_nb2000	4	81	30e744a60598dbfa
extended_dp1_dc0_ud0_nb2000	5	5	e0655920d5a36a52
extended_dp1_dc0_ud0_nb2000	6	84	03992be0a0614001
extended_dp1_dc0_ud0_nb2000	7	220	3b67cdee381b294c
extended_dp1_dc0_ud0_nb2000	8	192	ea0ce6596358e469
extended_dp1_dc0_ud0_nb2000	9	79	f3bdf3d430aaf184
extended_dp1_dc0_ud0_nb2000	10	83	2e4e4c79a69c9fde
extended_dp1_dc0_ud0_nb2000	11	92	34279c6a92a14e30
extended_dp1_dc0_ud0_nb2000	12	5	cd9d2ab8d7d8e70b
extended_dp1_dc0_ud0_nb2000	13	1	8610e9dda182bf42
extended_dp1_dc0_ud0_nb2000	14	4	2e85190163e10d0c
extended_dp1_dc0_ud0_nb2000	15	6	b3c87cf276079c6a
extended_dp1_dc0_ud0_nb2000	16	41	f990808294ec49a5
extended_dp1_dc0_ud0_nb2000	17	2	5420621e61e6b2de
extended_dp1_dc0_ud0_nb2000	18	6	b2f596f0001feca0
extended_dp1_dc0_ud0_nb2000	19	1	9063f58a9e418e90
extended_dp1_dc0_ud0_nb2000	20	89	86cbab0a8d2eb0c8
extended_dp1_dc0_ud0_nb2000	21	77	266614f41a2d4865
extended_dp1_dc0_ud0_nb2000	22	4	eaa8ad25233fea23
extended_dp1_dc0_ud0_nb2000	23	181	992c5a82c70793ac
extended_dp1_dc0_ud0_nb2000	24	2	4ee24f53fa50f5fb
extended_dp1_dc0_ud0_nb2000	25	2	210c11ef7723c39c
extended_dp1_dc0_ud0_nb2000	26	29	6aad7cd896fd9076
extended_dp1_dc0_ud0_nb2000	27	2	7a76b7ba3a15016d
extended_dp1_dc0_ud0_nb2000	28	10	7b08e81d37a46cd6
extended_dp1_dc0_ud0_nb2000	29	1	cb04c009a7a0f623
extended_dp1_dc0_ud0_nb2000	30	7	3fde2982b725e481
extended_dp1_dc0_ud0_nb2000	31	2	115a740f9cd9a619
extended_dp1_dc0_ud0_nb2000	32	205	9b6a66fa0667c568
extended_dp1_dc0_ud0_nb2000	33	3	fb073d01787c3389
extended_dp1_dc0_ud0_nb2000	34	6	d59d98f4ecce3bbf
extended_dp1_dc0_ud0_nb2000	35	183	2959f10a576c95ad
extended_dp1_dc0_ud0_nb2000	36	9	527e4261ee14206d
extended_dp1_dc0_ud0_nb2000	37	79	2b05ac7cfcd0a08b
extended_dp1_dc0_ud0_nb2000	38	33	31a93b380c7fe211
extended_dp1_dc0_ud0_nb2000	39	180	bdf5040411cab18f
extended_dp1_dc0_ud0_nb2000	40	210	d4a0973a621c6d00
extended_dp1_dc0_ud0_nb2000	41	34	f48cdeff9f0c1621
extended_dp1_dc0_ud0_nb2000	42	12	168ceeb71ee05fd6
extended_dp1_dc0_ud0_nb2000	43	1	5b21a5ec2f985d77
extended_dp1_dc0_ud0_nb2000	44	4	64bb20437661a3b9
extended_dp1_dc0_ud0_nb2000	45	9	fd8d6b53800df25f
extended_dp1_dc0_ud0_nb2000	46	29	a2d26d2dd5c0197a
extended_dp1_dc0_ud0_nb2000	47	72	51768a24e11b8a58
extended_dp1_dc0_ud0_nb2000	48	7	9f51da93598d7bfe
extended_dp1_dc0_ud0_nb2000	49	4	682fb7ad4c45f435
extended_dp1_dc0_ud0_nb2000	50	3	fd89f6049da2aafa
extended_dp1_dc0_ud0_nb2000	51	29	273c69b85afc6d34
extended_dp1_dc0_ud0_nb2000	52	2	fd08e8dd823f631e
extended_dp1_dc0_ud0_nb2000	53	12	f4dde560b2b50141
extended_dp1_dc0_ud0_nb2000	54	5	31bb37d5b0fb1e70
extended_dp1_dc0_ud0_nb2000	55	75	aed96db02f1e2efe
extended_dp1_dc0_ud0_nb2000	56	11	0108022563b9a204
extended_dp1_dc0_ud0_nb2000	57	2	d8c21a02c79c5d2f
extended_dp1_dc0_ud0_nb2000	58	3	6a5b37258e941d28
extended_dp1_dc0_ud0_nb2000	59	25	f72ee869d8779c7d
extended_dp1_dc0_ud0_nb2000	60	3	90e544c7aa820b5e
extended_dp1_dc0_ud0_nb2000	61	2	50c0e5e565e77d9f
extended_dp1_dc0_ud0_nb2000	62	3	490e58d435ecad3e
extended_dp1_dc0_ud0_nb2000	63	29	eada4a5863d62f71
extended_dp1_dc0_ud0_nb2000	64	77	23702e0f60f5e578
extended_dp1_dc0_ud0_nb2000	65	5	ef54a424735e7ba8
extended_dp1_dc0_ud0_nb2000	66	4	cf688d71ffe9a693
extended_dp1_dc0_ud0_nb2000	67	10	aedb3d8c0790c715
extended_dp1_dc0_ud0_nb2000	68	9	ccdb218b96a208ba
extended_dp1_dc0_ud0_nb2000	69	88	6088d961d5d5b9ee
extended_dp1_dc0_ud0_nb2000	70	6	de8c5f9d34bede0d
extended_dp1_dc0_ud0_nb2000	71	15	369d42954ba6b0be
extended_dp1_dc0_ud0_nb2000	72	27	08db49c494b1dd3a
extended_dp1_dc0_ud0_nb2000	73	74	ce4f9437f5f103ed
extended_dp1_dc0_ud0_nb2000	74	2	c00d92a30f546d81
extended_dp1_dc0_ud0_nb2000	75	2	60d11ac02cca1f5c
extended_dp1_dc0_ud0_nb2000	76	71	b46db5f1bbeac28b
extended_dp1_dc0_ud0_nb2000	77	2	72f99e536ffd074b
extended_dp1_dc0_ud0_nb2000	78	2	8a316a4cbf248e78
extended_dp1_dc0_ud0_nb2000	79	14	f12efb677f68839b
extended_dp1_dc0_ud0_nb2000	80	1	52b4ae3df5b68646
extended_dp1_dc0_ud0_nb2000	81	12	3dc26e78de5a96d3
extended_dp1_dc0_ud0_nb2000	82	186	8d7b66a648789973
extended_dp1_dc0_ud0_nb2000	83	4	18c6172a2b20dab9
extended_dp1_dc0_ud0_nb2000	84	3	98be6817fedd840d
extended_dp1_dc0_ud0_nb2000	85	68	ec1de5cef8cdb154
extended_dp1_dc0_ud0_nb2000	86	9	c7a0b1d1f5239f44
extended_dp1_dc0_ud0_nb2000	87	33	c88acda1e2cca273
extended_dp1_dc0_ud0_nb2000	88	32	190d283a6e6e7ff7
extended_dp1_dc0_ud0_nb2000	89	202	f1d517ce91527253
extended_dp1_dc0_ud0_nb2000	90	2	7ac3584624571a10
extended_dp1_dc0_ud0_nb2000	91	185	4d07d1789c241a9d
extended_dp1_dc0_ud0_nb2000	92	8	9c5a449753c9b89a
extended_dp1_dc0_ud0_nb2000	93	9	bd4a0417f576691e
extended_dp1_dc0_ud0_nb2000	94	6	98a1472c66a9b589
extended_dp1_dc0_ud0_nb2000	95	190	f27d3f2abbd27f36
extended_dp1_dc0_ud0_nb2000	96	94	7ca9e513e0bf5143
extended_dp1_dc0_ud0_nb2000	97	5	61d9d102b34e1726
extended_dp1_dc0_ud0_nb2000	98	5	bc1cfdd9175b248c
extended_dp1_dc0_ud0_nb2000	99	14	6002d7de4b622590
extended_dp1_dc0_ud0_nb2000	100	14	cdaa34732df69f56
extended_dp1_dc0_ud0_nb2000	101	4	d169faaa37a5c1e1
extended_dp1_dc0_ud0_nb2000	102	68	af13fefddc3d8a8b
extended_dp1_dc0_ud0_nb2000	103	36	aa49b9b27a0c1116
extended_dp1_dc0_ud0_nb2000	104	1	2aa86b7d09c4fa67
extended_dp1_dc0_ud0_nb2000	105	2	5e1645b8765c83f3
extended_dp1_dc0_ud0_nb2000	106	23	1c55bd7d79dba68d
extended_dp1_dc0_ud0_nb2000	107	220	d4205a8384b81917
extended_dp1_dc0_ud0_nb2000	108	81	e555f70864bbbe68
extended_dp1_dc0_ud0_nb2000	109	31	72a4113a5b1c4df5
extended_dp1_dc0_ud0_nb2000	110	7	07ee6578df11c742
extended_dp1_dc0_ud0_nb2000	111	3	01911c6ee2172564
extended_dp1_dc0_ud0_nb2000	112	7	136a89fc80798f9e
extended_dp1_dc0_ud0_nb2000	113	1	ce908bdfd8c62477
extended_dp1_dc0_ud0_nb2000	114	190	4fba8fe57a8a6f12
extended_dp1_dc0_ud0_nb2000	115	2	4190c4e5c47f9001
extended_dp1_dc0_ud0_nb2000	116	2	5f2151cdb5d26008
extended_dp1_dc0_ud0_nb2000	117	189	dc662cca7795bc8c
extended_dp1_dc0_ud0_nb2000	118	190	bcede7297bdad7ba
extended_dp1_dc0_ud0_nb2000	119	2	fa3b1b21769c99bc
extended_dp1_dc0_ud0_nb2000	120	196	c10803b5f65aae95
extended_dp1_dc0_ud0_nb2000	121	79	a76ee16c93074014
extended_dp1_dc0_ud0_nb2000	122	195	0b952c1ab0870044
extended_dp1_dc0_ud0_nb2000	123	2	737f3e1167508935
extended_dp1_dc0_ud0_nb2000	124	91	a885802ae4874748
extended_dp1_dc0_ud0_nb2000	125	4	3ec7510780c15cda
extended_dp1_dc0_ud0_nb2000	126	7	dabb0cde215466ff
extended_dp1_dc0_ud0_nb2000	127	2	814dccc6d2006e69
extended_dp1_dc0_ud0_nb2000	128	23	6ea7b78f82467602
extended_dp1_dc0_ud0_nb2000	129	84	b5cce3118b80bc76
extended_dp1_dc0_ud0_nb2000	130	2	af2325e713679114
extended_dp1_dc0_ud0_nb2000	131	206	99f857d65fad3cd2
extended_dp1_dc0_ud0_nb2000	132	210	f694b451707158db
extended_dp1_dc0_ud0_nb2000	133	6	b516e7d332f84d1d
extended_dp1_dc0_ud0_nb2000	134	11	9bf024333f2789c5
extended_dp1_dc0_ud0_nb2000	135	1	4f4429788037f093
extended_dp1_dc0_ud0_nb2000	136	2	cff4c6b51ab8d1e1
extended_dp1_dc0_ud0_nb2000	137	3	1dc709adf506815a
extended_dp1_dc0_ud0_nb2000	138	176	404f5fe100e95a36
extended_dp1_dc0_ud0_nb2000	139	195	0bb831553beabc29
extended_dp1_dc0_ud0_nb2000	140	7	dc6d609246fee55b
extended_dp1_dc0_ud0_nb2000	141	10	071e7419227f5ced
extended_dp1_dc0_ud0_nb2000	142	11	4c9146a4fcf8e721
extended_dp1_dc0_ud0_nb2000	143	2	6ff6b8bc6619ae66
extended_dp1_dc0_ud0_nb2000	144	13	6bffecf9f51e4214
extended_dp1_dc0_ud0_nb2000	145	73	ea22a365f53953ba
extended_dp1_dc0_ud0_nb2000	146	75	cf3671e4027b7bce
extended_dp1_dc0_ud0_nb2000	147	32	aa240a5b96884a18
extended_dp1_dc0_ud0_nb2000	148	28	ad6e01ea71d5c68d
extended_dp1_dc0_ud0_nb2000	149	2	0e7a7d4215ecf15a
extended_dp1_dc0_ud0_nb2000	150	6	5872b2549ebbe623
extended_dp1_dc0_ud0_nb2000	151	11	026850c1ab19cd3c
extended_dp1_dc0_ud0_nb2000	152	78	13e6fd62d596676a
extended_dp1_dc0_ud0_nb2000	153	203	23f30c0c09a34692
extended_dp1_dc0_ud0_nb2000	154	2	60a2b5c9c2e0e62a
extended_dp1_dc0_ud0_nb2000	155	80	0eb3502b1f4b81a0
extended_dp1_dc0_ud0_nb2000	156	34	0b488b96a4270b18
extended_dp1_dc0_ud0_nb2000	157	3	6a36bc7972855e92
extended_dp1_dc0_ud0_nb2000	158	5	980f36241ff087b2
extended_dp1_dc0_ud0_nb2000	159	79	95e7647ab67bbc56
extended_dp1_dc0_ud0_nb2000	160	7	af225a9e313bd07a
extended_dp1_dc0_ud0_nb2000	161	4	2224d338ee0c92e9
extended_dp1_dc0_ud0_nb2000	162	210	d303fb03f3d67723
extended_dp1_dc0_ud0_nb2000	163	10	425951021ef4a581
extended_dp1_dc0_ud0_nb2000	164	4	832f5c2fce7ba965
extended_dp1_dc0_ud0_nb2000	165	3	5c538693c1431f4b
extended_dp1_dc0_ud0_nb2000	166	198	666c76d6ed1ac589
extended_dp1_dc0_ud0_nb2000	167	81	cb9e345be8bcd78c
extended_dp1_dc0_ud0_nb2000	168	2	7f186e27c595ab14
extended_dp1_dc0_ud0_nb2000	169	8	50b094fe969e79f8
extended_dp1_dc0_ud0_nb2000	170	2	9a10e7aed7584972
extended_dp1_dc0_ud0_nb2000	171	75	8befd1d85e6ea613
extended_dp1_dc0_ud0_nb2000	172	7	820d72ff93bc9917
extended_dp1_dc0_ud0_nb2000	173	8	02834af452189f2d
extended_dp1_dc0_ud0_nb2000	174	23	0633f1d37f1cd41f
extended_dp1_dc0_ud0_nb2000	175	2	72c15ba8f0c9d153
extended_dp1_dc0_ud0_nb2000	176	210	ad8adcf6fe3c5e46
extended_dp1_dc0_ud0_nb2000	177	2	bd0ecdb7188c9a68
extended_dp1_dc0_ud0_nb2000	178	2	edb8b080a73ec176
extended_dp1_dc0_ud0_nb2000	179	81	12504a6a8413c77a
extended_dp1_dc0_ud0_nb2000	180	198	361a3ee674ba9120
extended_dp1_dc0_ud0_nb2000	181	88	b9b96c7146904bd2
extended_dp1_dc0_ud0_nb2000	182	6	b5bec723cdeb5f21
extended_dp1_dc0_ud0_nb2000	183	4	11f7094f697eac0c
extended_dp1_dc0_ud0_nb2000	184	9	1d5f89e2a6f29719
extended_dp1_dc0_ud0_nb2000	185	198	77a3c5a060480651
extended_dp1_dc0_ud0_nb2000	186	6	11760524a2054f12
extended_dp1_dc0_ud0_nb2000	187	86	643e229feba970a6
extended_dp1_dc0_ud0_nb2000	188	3	497372c349c1b597
extended_dp1_dc0_ud0_nb2000	189	3	4275562cef33e65f
extended_dp1_dc0_ud0_nb2000	190	3	01ea72aab73b6f2d
extended_dp1_dc0_ud0_nb2000	191	198	7c50dfeb7f30af49
extended_dp1_dc0_ud0_nb2000	192	7	80c9d512da64fd85
extended_dp1_dc0_ud0_nb2000	193	3	9d88783521a38ff1
extended_dp1_dc0_ud0_nb2000	194	78	2ae401c982db1dc1
extended_dp1_dc0_ud0_nb2000	195	87	38209c4e4d34701a
extended_dp1_dc0_ud0_nb2000	196	197	fa0149a6eef2e859
extended_dp1_dc0_ud0_nb2000	197	7	d29623dcd610ad0f
extended_dp1_dc0_ud0_nb2000	198	4	d95422b38e7ccb9d
extended_dp1_dc0_ud0_nb2000	199	9	bb624c201e4e9cc4
extended_dp1_dc0_ud0_nb2000	200	69	7419422dc52573f9
extended_dp1_dc0_ud0_nb2000	201	5	35f561dd999af5d4
extended_dp1_dc0_ud0_nb2000	202	3	9867b26f89bd75b4
extended_dp1_dc0_ud0_nb2000	203	26	e0409345a3f325b3
extended_dp1_dc0_ud0_nb2000	204	95	cdb6f1c7d36fc178
extended_dp1_dc0_ud0_nb2000	205	11	b6623dd123f66ca7
extended_dp1_dc0_ud0_nb2000	206	202	2abc83d62a8e13dc
extended_dp1_dc0_ud0_nb2000	207	77	4d588c28f394130f
extended_dp1_dc0_ud0_nb2000	208	86	d2e531e016e5c0aa
extended_dp1_dc0_ud0_nb2000	209	2	7e406aca15207b29
extended_dp1_dc0_ud0_nb2000	210	2	4143f74e30e91d3c
extended_dp1_dc0_ud0_nb2000	211	8	578b5a7244c9cf66
extended_dp1_dc0_ud0_nb2000	212	14	e101cf2edce5fedf
extended_dp1_dc0_ud0_nb2000	213	3	edd5359814ad33df
extended_dp1_dc0_ud0_nb2000	214	24	34b428819eb9d815
extended_dp1_dc0_ud0_nb2000	215	7	60c3fbd347358362
extended_dp1_dc0_ud0_nb2000	216	71	647c183db3e95a3f
extended_dp1_dc0_ud0_nb2000	217	12	a97d7e8db8b9f5bd
extended_dp1_dc0_ud0_nb2000	218	12	8f111dce9fe400f4
extended_dp1_dc0_ud0_nb2000	219	6	316d58ebb32b62e8
extended_dp1_dc0_ud0_nb2000	220	27	8b33a2d7da06b036
extended_dp1_dc0_ud0_nb2000	221	12	5a2848bc56eb7484
extended_dp1_dc0_ud0_nb2000	222	2	155847d504fd75bd
extended_dp1_dc0_ud0_nb2000	223	2	4dbbca2216f7ac7b
extended_dp1_dc0_ud0_nb2000	224	14	c4ad5c3adf200271
extended_dp1_dc0_ud0_nb2000	225	2	2832a96cf84da5d8
extended_dp1_dc0_ud0_nb2000	226	202	1c2d14d51822f7d1
extended_dp1_dc0_ud0_nb2000	227	1	46eb868fb6e063a1
extended_dp1_dc0_ud0_nb2000	228	28	091c971374308138
extended_dp1_dc0_ud0_nb2000	229	9	f0f130f0e3a2faae
extended_dp1_dc0_ud0_nb2000	230	76	3b25ef61757b15f9
extended_dp1_dc0_ud0_nb2000	231	4	0f4f24f624930d64
extended_dp1_dc0_ud0_nb2000	232	2	8266c8aed1bb63ae
extended_dp1_dc0_ud0_nb2000	233	32	a165a95ed115d24d
extended_dp1_dc0_ud0_nb2000	234	2	e4ca63a93d69cb1f
extended_dp1_dc0_ud0_nb2000	235	75	5e7a9c204c6cae47
extended_dp1_dc0_ud0_nb2000	236	2	d481bfb675d614dd
extended_dp1_dc0_ud0_nb2000	237	6	b04711e899c41616
extended_dp1_dc0_ud0_nb2000	238	21	c7f2303cb8c797c2
extended_dp1_dc0_ud0_nb2000	239	2	4b70e50b8edc6292
extended_dp1_dc0_ud0_nb2000	240	4	11399b68410123df
extended_dp1_dc0_ud0_nb2000	241	3	b2635722d8d798e2
extended_dp1_dc0_ud0_nb2000	242	10	f1ce5b32ce93dfb6
extended_dp1_dc0_ud0_nb2000	243	25	965be25242a8d92b
extended_dp1_dc0_ud0_nb2000	244	2	a4dda3ae9e4f0f85
extended_dp1_dc0_ud0_nb2000	245	28	9da4b398411278b4
extended_dp1_dc0_ud0_nb2000	246	187	3a05f0bfbe02a13d
extended_dp1_dc0_ud0_nb2000	247	3	e0853c840dd1fdaf
extended_dp1_dc0_ud0_nb2000	248	77	e82ee562f3a6eb7d
extended_dp1_dc0_ud0_nb2000	249	204	65485944f8aa196f
extended_dp1_dc0_ud0_nb2000	250	72	9c877811c01a74b7
extended_dp1_dc0_ud0_nb2000	251	92	97a961ae2fdadbbf
extended_dp1_dc0_ud0_nb2000	252	8	48a9671106065434
extended_dp1_dc0_ud0_nb2000	253	7	0443009996f09f8c
extended_dp1_dc0_ud0_nb2000	254	8	9c7afc08130d80de
extended_dp1_dc0_ud0_nb2000	255	83	84a8cc2c8c24f1a1
extended_dp1_dc0_ud0_nb2000	256	2	551a63c2d76181f6
extended_dp1_dc0_ud0_nb2000	257	14	1eb2342b5e9931e7
extended_dp1_dc0_ud0_nb2000	258	83	bacf2bfae27bcbac
extended_dp1_dc0_ud0_nb2000	259	33	2f643bfed1eeaa01
extended_dp1_dc0_ud0_nb2000	260	2	adbb7c7175eb6e52
extended_dp1_dc0_ud0_nb2000	261	2	f76307a603dd2a5d
extended_dp1_dc0_ud0_nb2000	262	7	4159b8c0b76a566f
extended_dp1_dc0_ud0_nb2000	263	7	fd6d2a785103841e
extended_dp1_dc0_ud0_nb2000	264	29	3f603d30f3ce3f9f
extended_dp1_dc0_ud0_nb2000	265	6	4986a5545daf0830
extended_dp1_dc0_ud0_nb2000	266	6	ba20ef3b6b3e2918
extended_dp1_dc0_ud0_nb2000	267	3	318574d728fb4773
extended_dp1_dc0_ud0_nb2000	268	1	25aef9909dfea048
extended_dp1_dc0_ud0_nb2000	269	74	afb8c306b750e958
extended_dp1_dc0_ud0_nb2000	270	27	2c5c138a416a0740
extended_dp1_dc0_ud0_nb2000	271	184	e0077433163c38bd
extended_dp1_dc0_ud0_nb2000	272	88	a9a7025fc576b8be
extended_dp1_dc0_ud0_nb2000	273	2	6f51285605f5b665
extended_dp1_dc0_ud0_nb2000	274	40	03b4c9289b27a110
extended_dp1_dc0_ud0_nb2000	275	3	33846b194a9c5819
extended_dp1_dc0_ud0_nb2000	276	194	8dbf5b089e373efc
extended_dp1_dc0_ud0_nb2000	277	11	1c96d5678ec3f6bd
extended_dp1_dc0_ud0_nb2000	278	186	1e6a75da688fc3c1
extended_dp1_dc0_ud0_nb2000	279	30	06e9b905f83696c5
extended_dp1_dc0_ud0_nb2000	280	7	b73b7c66198298c4
extended_dp1_dc0_ud0_nb2000	281	1	3abc652ea33e17a5
extended_dp1_dc0_ud0_nb2000	282	2	9a10022c0daaddb3
extended_dp1_dc0_ud0_nb2000	283	20	7eccfb456bc24b9c
extended_dp1_dc0_ud0_nb2000	284	5	33be49397f38c1c0
extended_dp1_dc0_ud0_nb2000	285	20	dabdcf6241c18d86
extended_dp1_dc0_ud0_nb2000	286	13	e0c9169940268f94
extended_dp1_dc0_ud0_nb2000	287	209	9e37fdd0d19302ed
extended_dp1_dc0_ud0_nb2000	288	6	6579e3de6c71cd63
extended_dp1_dc0_ud0_nb2000	289	1	adf4e0e63c574ffd
extended_dp1_dc0_ud0_nb2000	290	2	0f3051d3fcbf1a41
extended_dp1_dc0_ud0_nb2000	291	209	3d1974c4b6e5486a
extended_dp1_dc0_ud0_nb2000	292	3	97def42dec590a3f
extended_dp1_dc0_ud0_nb2000	293	204	cc70064171db5a0a
extended_dp1_dc0_ud0_nb2000	294	78	6875448bbec2820f
extended_dp1_dc0_ud0_nb2000	295	1	6d6c9be064bbef04
extended_dp1_dc0_ud0_nb2000	296	194	9a4e19d0dff8dc83
extended_dp1_dc0_ud0_nb2000	297	204	683828f2d6af754e
extended_dp1_dc0_ud0_nb2000	298	2	b4231c8b8bf14136
extended_dp1_dc0_ud0_nb2000	299	1	ec9a11734f43ecd8
extended_dp1_dc0_ud0_nb2000	300	5	3f94bc087489c8e4
extended_dp1_dc0_ud0_nb2000	301	75	b39c1872376cad17
extended_dp1_dc0_ud0_nb2000	302	12	438888afca2bcd91
extended_dp1_dc0_ud0_nb2000	303	6	adb56fe1642e028b
extended_dp1_dc0_ud0_nb2000	304	7	8c0044053a1f4092
extended_dp1_dc0_ud0_nb2000	305	39	f40f01bf335430d0
extended_dp1_dc0_ud0_nb2000	306	17	1e02c21a67d0fc02
extended_dp1_dc0_ud0_nb2000	307	31	468a88e689b5be47
extended_dp1_dc0_ud0_nb2000	308	209	14a16816f6b5ce85
extended_dp1_dc0_ud0_nb2000	309	4	91770c86f0b32675
extended_dp1_dc0_ud0_nb2000	310	3	a19a9ddc616bc40b
extended_dp1_dc0_ud0_nb2000	311	5	eb26a6b2edf79306
extended_dp1_dc0_ud0_nb2000	312	81	8d5ef0adad140231
extended_dp1_dc0_ud0_nb2000	313	77	ec6cfe6384544ef6
extended_dp1_dc0_ud0_nb2000	314	89	1dc5dab97f044e14
extended_dp1_dc0_ud0_nb2000	315	1	1ab4e6773c971447
extended_dp1_dc0_ud0_nb2000	316	199	b45a907eb8edf8bf
extended_dp1_dc0_ud0_nb2000	317	5	a57c653d40b9330e
extended_dp1_dc0_ud0_nb2000	318	3	0be369303603bc54
extended_dp1_dc0_ud0_nb2000	319	191	e2b76efe028c1569
extended_dp1_dc0_ud0_nb2000	320	40	50930bd85f341f4e
extended_dp1_dc0_ud0_nb2000	321	28	6713869f4efc9fe2
extended_dp1_dc0_ud0_nb2000	322	79	4e4335fd77740e14
extended_dp1_dc0_ud0_nb2000	323	28	68a08c8db4b67001
extended_dp1_dc0_ud0_nb2000	324	30	0170c3e2ab5e6a3f
extended_dp1_dc0_ud0_nb2000	325	10	052b710361a63ec6
extended_dp1_dc0_ud0_nb2000	326	77	b57291e2dd26a862
extended_dp1_dc0_ud0_nb2000	327	3	d1fb661b574d678c
extended_dp1_dc0_ud0_nb2000	328	14	b05202c9adf9f33a
extended_dp1_dc0_ud0_nb2000	329	2	461827dfc2a8b43f
extended_dp1_dc0_ud0_nb2000	330	89	bccb749d87e35dee
extended_dp1_dc0_ud0_nb2000	331	1	a1b05ad8878eddbd
extended_dp1_dc0_ud0_nb2000	332	70	5a52ff1f6e902dcf
extended_dp1_dc0_ud0_nb2000	333	84	eda93e566967aa96
extended_dp1_dc0_ud0_nb2000	334	196	f93e44bb3f808553
extended_dp1_dc0_ud0_nb2000	335	38	71129d107ec858d2
extended_dp1_dc0_ud0_nb2000	336	94	182945bb11b79422
extended_dp1_dc0_ud0_nb2000	337	8	027765e0cef51c1c
extended_dp1_dc0_ud0_nb2000	338	72	b2e5131a0d471154
extended_dp1_dc0_ud0_nb2000	339	92	d9f340cc3f8ebdca
extended_dp1_dc0_ud0_nb2000	340	32	18569e9ca18b81cc
extended_dp1_dc0_ud0_nb2000	341	2	ad98a9842eda811a
extended_dp1_dc0_ud0_nb2000	342	33	8296b199adef1c6e
extended_dp1_dc0_ud0_nb2000	343	188	9e589e676c656c24
extended_dp1_dc0_ud0_nb2000	344	15	950a06ac34faeaec
extended_dp1_dc0_ud0_nb2000	345	31	fc594e1b7e3d261a
extended_dp1_dc0_ud0_nb2000	346	85	9800cad06d779482
extended_dp1_dc0_ud0_nb2000	347	2	73786eace44df5fe
extended_dp1_dc0_ud0_nb2000	348	5	a3cd0c88ea908c0a
extended_dp1_dc0_ud0_nb2000	349	27	aa624dfcca389cab
extended_dp1_dc0_ud0_nb2000	350	12	ac05af76388a9cb6
extended_dp1_dc0_ud0_nb2000	351	16	f47ef809cfd558ae
extended_dp1_dc0_ud0_nb2000	352	1	8424221c01ab377a
extended_dp1_dc0_ud0_nb2000	353	32	3a2a6bcca626b0e2
extended_dp1_dc0_ud0_nb2000	354	2	5bda2ca495a4ab74
extended_dp1_dc0_ud0_nb2000	355	3	a581d4f3412436ff
extended_dp1_dc0_ud0_nb2000	356	1	0de197205f786e7e
extended_dp1_dc0_ud0_nb2000	357	38	0e82b4058ec74dc0
extended_dp1_dc0_ud0_nb2000	358	2	f9fa6bf430f95da3
extended_dp1_dc0_ud0_nb2000	359	4	d9ec5d7e2cac1565
extended_dp1_dc0_ud0_nb2000	360	9	993cc61af4457b30
extended_dp1_dc0_ud0_nb2000	361	2	c6d90e3c7d693bdd
extended_dp1_dc0_ud0_nb2000	362	70	173334646674d1ee
extended_dp1_dc0_ud0_nb2000	363	200	baca56e99b560155
extended_dp1_dc0_ud0_nb2000	364	9	22adfe28dfc25f68
extended_dp1_dc0_ud0_nb2000	365	2	0acbb33a757090a6
extended_dp1_dc0_ud0_nb2000	366	2	198c1f0846c5965f
extended_dp1_dc0_ud0_nb2000	367	8	983f5743d9aa7e64
extended_dp1_dc0_ud0_nb2000	368	1	eef15e6694a23b83
extended_dp1_dc0_ud0_nb2000	369	28	4e0913652313343b
extended_dp1_dc0_ud0_nb2000	370	6	c2b6a6d77ac0c54c
extended_dp1_dc0_ud0_nb2000	371	2	4cd07f8f33b23519
extended_dp1_dc0_ud0_nb2000	372	6	56a48d0fb6cf2544
extended_dp1_dc0_ud0_nb2000	373	7	56d6124a2a2bdbcb
extended_dp1_dc0_ud0_nb2000	374	86	7d26f27bddc6dba8
extended_dp1_dc0_ud0_nb2000	375	83	18772eadbe1728a1
extended_dp1_dc0_ud0_nb2000	376	10	2d5dfe6461720c7c
extended_dp1_dc0_ud0_nb2000	377	2	c417926d6aea0d9a
extended_dp1_dc0_ud0_nb2000	378	6	409548856d2c5bdd
extended_dp1_dc0_ud0_nb2000	379	8	f7bf4b46fdb7bfe6
extended_dp1_dc0_ud0_nb2000	380	93	2df22378c299fe49
extended_dp1_dc0_ud0_nb2000	381	5	8adf936efbae1c82
extended_dp1_dc0_ud0_nb2000	382	2	ee235b847f480214
extended_dp1_dc0_ud0_nb2000	383	2	1ca0393d8d48778c
extended_dp1_dc0_ud0_nb2000	384	4	72b491db44d93aa9
extended_dp1_dc0_ud0_nb2000	385	2	60e9a85e50134bc4
extended_dp1_dc0_ud0_nb2000	386	181	ac222217ecdc8153
extended_dp1_dc0_ud0_nb2000	387	10	e2bdfb092d82d632
extended_dp1_dc0_ud0_nb2000	388	91	946b05dfad73719b
extended_dp1_dc0_ud0_nb2000	389	90	7ce444d8ed720056
extended_dp1_dc0_ud0_nb2000	390	9	7f6fcec8c293d70d
extended_dp1_dc0_ud0_nb2000	391	9	1fcfa7a41f5825fe
extended_dp1_dc0_ud0_nb2000	392	30	8ea2ba5cb08b3b10
extended_dp1_dc0_ud0_nb2000	393	13	cfc5242a35fbce88
extended_dp1_dc0_ud0_nb2000	394	2	9e5b2dc50953735f
extended_dp1_dc0_ud0_nb2000	395	11	9175e46cd721cce9
extended_dp1_dc0_ud0_nb2000	396	28	04d49af4bec1ee62
extended_dp1_dc0_ud0_nb2000	397	68	c34d96bcb8f332b2
extended_dp1_dc0_ud0_nb2000	398	212	0c2ec80285631f27
extended_dp1_dc0_ud0_nb2000	399	6	357806859da125e5
extended_dp1_dc0_ud1_nb0	0	2	fe3877f9123caf6f
extended_dp1_dc0_ud1_nb0	1	25	e92e6c2de672e26d
extended_dp1_dc0_ud1_nb0	2	174	5350ee36aa9b1836
extended_dp1_dc0_ud1_nb0	3	3	5ce12fbe07e08005
extended_dp1_dc0_ud1_nb0	4	71	8eeed952ec9beb38
extended_dp1_dc0_ud1_nb0	5	4	321f8879029afc68
extended_dp1_dc0_ud1_nb0	6	75	08fe840217854691
extended_dp1_dc0_ud1_nb0	7	189	51a59013528e2763
extended_dp1_dc0_ud1_nb0	8	168	ba9b2c25a9e99d23
extended_dp1_dc0_ud1_nb0	9	70	fb0b0c4df37b952e
extended_dp1_dc0_ud1_nb0	10	71	86716f68fa7cb21c
extended_dp1_dc0_ud1_nb0	11	82	8a663a8565481a30
extended_dp1_dc0_ud1_nb0	12	5	f2f99fc063270e3e
extended_dp1_dc0_ud1_nb0	13	1	8610e9dda182bf42
extended_dp1_dc0_ud1_nb0	14	4	49b3085f96bd4896
extended_dp1_dc0_ud1_nb0	15	5	64c20245173d693f
extended_dp1_dc0_ud1_nb0	16	35	faadd998c89d3106
extended_dp1_dc0_ud1_nb0	17	2	5420621e61e6b2de
extended_dp1_dc0_ud1_nb0	18	5	1b0bf70233d5593e
extended_dp1_dc0_ud1_nb0	19	1	9063f58a9e418e90
extended_dp1_dc0_ud1_nb0	20	74	d1f6653983567579
extended_dp1_dc0_ud1_nb0	21	66	118bde99b2dc390a
extended_dp1_dc0_ud1_nb0	22	3	1bed7a6b96bbcec8
extended_dp1_dc0_ud1_nb0	23	154	810517449747ba95
extended_dp1_dc0_ud1_nb0	24	2	4ee24f53fa50f5fb
extended_dp1_dc0_ud1_nb0	25	2	210c11ef7723c39c
extended_dp1_dc0_ud1_nb0	26	26	d25345eeb13caaee
extended_dp1_dc0_ud1_nb0	27	2	3885165b33459ef6
extended_dp1_dc0_ud1_nb0	28	8	e5a9c6013cd01b54
extended_dp1_dc0_ud1_nb0	29	1	cb04c009a7a0f623
extended_dp1_dc0_ud1_nb0	30	6	b854c5ee41dae81c
extended_dp1_dc0_ud1_nb0	31	2	fd1674dfae946a3e
extended_dp1_dc0_ud1_nb0	32	175	54ed6cdb57e41d74
extended_dp1_dc0_ud1_nb0	33	3	fb073d01787c3389
extended_dp1_dc0_ud1_nb0	34	5	05c15c89addbcf88
extended_dp1_dc0_ud1_nb0	35	160	4bb77909b5c0bb06
extended_dp1_dc0_ud1_nb0	36	8	47b57660ca412194
extended_dp1_dc0_ud1_nb0	37	74	99821b2df67fd4fa
extended_dp1_dc0_ud1_nb0	38	28	98d293687b1553cf
extended_dp1_dc0_ud1_nb0	39	155	1243787ddbaaffe1
extended_dp1_dc0_ud1_nb0	40	184	cf5507272876a2cc
extended_dp1_dc0_ud1_nb0	41	31	025b65eec8de50f7
extended_dp1_dc0_ud1_nb0	42	10	e99bcd214b5a95d1
extended_dp1_dc0_ud1_nb0	43	1	5b21a5ec2f985d77
extended_dp1_dc0_ud1_nb0	44	3	1b0ec72d164d2bd9
extended_dp1_dc0_ud1_nb0	45	8	ffe7e7c2ec481272
extended_dp1_dc0_ud1_nb0	46	24	78383426572a088b
extended_dp1_dc0_ud1_nb0	47	66	e7ccfd009f260d7f
extended_dp1_dc0_ud1_nb0	48	6	14450c83e11941a5
extended_dp1_dc0_ud1_nb0	49	4	da61160155583c10
extended_dp1_dc0_ud1_nb0	50	3	80ac0c3c66e2a95d
extended_dp1_dc0_ud1_nb0	51	27	a0a560087ce863f4
extended_dp1_dc0_ud1_nb0	52	2	5f7bd191f9ea2b7d
extended_dp1_dc0_ud1_nb0	53	11	3819f5ac6eb7f905
extended_dp1_dc0_ud1_nb0	54	4	102e39818cf02f74
extended_dp1_dc0_ud1_nb0	55	66	524b6a4ea7699ec1
extended_dp1_dc0_ud1_nb0	56	10	17b2e5081784ae55
extended_dp1_dc0_ud1_nb0	57	2	d8c21a02c79c5d2f
extended_dp1_dc0_ud1_nb0	58	3	c4ae3d3021af8cf1
extended_dp1_dc0_ud1_nb0	59	23	e4248ac250f35449
extended_dp1_dc0_ud1_nb0	60	3	61070690beee6f2a
extended_dp1_dc0_ud1_nb0	61	2	3f0ec68644b4d988
extended_dp1_dc0_ud1_nb0	62	3	631c18c05f4786ca
extended_dp1_dc0_ud1_nb0	63	26	55e00742f1ce5edc
extended_dp1_dc0_ud1_nb0	64	67	a3067d8cdd4ab15b
extended_dp1_dc0_ud1_nb0	65	5	e9b6b1da9f427f0c
extended_dp1_dc0_ud1_nb0	66	3	09917b61d0641400
extended_dp1_dc0_ud1_nb0	67	8	99f6ec5a4afef8ba
extended_dp1_dc0_ud1_nb0	68	8	92f2ea852321d960
extended_dp1_dc0_ud1_nb0	69	76	e39e45eb708189bd
extended_dp1_dc0_ud1_nb0	70	5	f08af93532a2f6cd
extended_dp1_dc0_ud1_nb0	71	14	e4744f6e85cd0c7f
extended_dp1_dc0_ud1_nb0	72	23	26ffbf349cebfdf1
extended_dp1_dc0_ud1_nb0	73	63	23f32c9ad765a872
extended_dp1_dc0_ud1_nb0	74	2	c00d92a30f546d81
extended_dp1_dc0_ud1_nb0	75	2	60d11ac02cca1f5c
extended_dp1_dc0_ud1_nb0	76	62	8d098eb01d80bf5e
extended_dp1_dc0_ud1_nb0	77	2	78571ef702fe8a78
extended_dp1_dc0_ud1_nb0	78	2	8a316a4cbf248e78
extended_dp1_dc0_ud1_nb0	79	13	dcad1b956454732f
extended_dp1_dc0_ud1_nb0	80	1	52b4ae3df5b68646
extended_dp1_dc0_ud1_nb0	81	11	a1dca8bfc4ae4451
extended_dp1_dc0_ud1_nb0	82	159	55a6fb656c91dae9
extended_dp1_dc0_ud1_nb0	83	4	109c5d83cf5d9f1c
extended_dp1_dc0_ud1_nb0	84	3	98be6817fedd840d
extended_dp1_dc0_ud1_nb0	85	62	aee1cad1a3463074
extended_dp1_dc0_ud1_nb0	86	8	493e1287f7b59d05
extended_dp1_dc0_ud1_nb0	87	28	3823354e43d5567f
extended_dp1_dc0_ud1_nb0	88	28	12a8382014f5a604
extended_dp1_dc0_ud1_nb0	89	180	b85b0d4a720fd7a2
extended_dp1_dc0_ud1_nb0	90	2	7ac3584624571a10
extended_dp1_dc0_ud1_nb0	91	165	dc3e2e4ef9a793d1
extended_dp1_dc0_ud1_nb0	92	7	536c08e0f81df446
extended_dp1_dc0_ud1_nb0	93	8	b150258055d3b899
extended_dp1_dc0_ud1_nb0	94	6	f33ee757f2edc937
extended_dp1_dc0_ud1_nb0	95	161	fc73f0ad452e2985
extended_dp1_dc0_ud1_nb0	96	81	73fe810cb3a8aa27
extended_dp1_dc0_ud1_nb0	97	5	d329cbd437066fbe
extended_dp1_dc0_ud1_nb0	98	4	42501a86403a2a8e
extended_dp1_dc0_ud1_nb0	99	12	d2d3b5cdbb73b691
extended_dp1_dc0_ud1_nb0	100	13	6bb2311ef9f8af6e
extended_dp1_dc0_ud1_nb0	101	3	5713dd7830461484
extended_dp1_dc0_ud1_nb0	102	62	2204318596461bd0
extended_dp1_dc0_ud1_nb0	103	31	2c1394f94ca99190
extended_dp1_dc0_ud1_nb0	104	1	2aa86b7d09c4fa67
extended_dp1_dc0_ud1_nb0	105	2	33b5365d16a95dba
extended_dp1_dc0_ud1_nb0	106	21	2cd6a70bb88ad675
extended_dp1_dc0_ud1_nb0	107	189	5485216d1893557a
extended_dp1_dc0_ud1_nb0	108	70	7b98182020ae1eb1
extended_dp1_dc0_ud1_nb0	109	27	6ef40afad6256718
extended_dp1_dc0_ud1_nb0	110	6	dea6ff056c04009a
extended_dp1_dc0_ud1_nb0	111	3	fdb1fbf425fbf5f1
extended_dp1_dc0_ud1_nb0	112	6	02beb0f9522c8445
extended_dp1_dc0_ud1_nb0	113	1	ce908bdfd8c62477
extended_dp1_dc0_ud1_nb0	114	163	71814fd0e5a2973a
extended_dp1_dc0_ud1_nb0	115	2	4190c4e5c47f9001
extended_dp1_dc0_ud1_nb0	116	2	5f2151cdb5d26008
extended_dp1_dc0_ud1_nb0	117	162	7d1cb7899c6157e4
extended_dp1_dc0_ud1_nb0	118	161	9665b57db7bad43a
extended_dp1_dc0_ud1_nb0	119	2	fa3b1b21769c99bc
extended_dp1_dc0_ud1_nb0	120	170	626e9c0b66fda2c8
extended_dp1_dc0_ud1_nb0	121	70	a5337c850886d802
extended_dp1_dc0_ud1_nb0	122	173	8c8d9d88f9ad1310
extended_dp1_dc0_ud1_nb0	123	2	737f3e1167508935
extended_dp1_dc0_ud1_nb0	124	78	08504b9b7d0daa80
extended_dp1_dc0_ud1_nb0	125	4	3ec7510780c15cda
extended_dp1_dc0_ud1_nb0	126	7	a86ba550341bc96b
extended_dp1_dc0_ud1_nb0	127	2	11415ff7efeb9160
extended_dp1_dc0_ud1_nb0	128	21	fce42b6a6f4bb08b
extended_dp1_dc0_ud1_nb0	129	74	8df90889aee1bfeb
extended_dp1_dc0_ud1_nb0	130	2	af2325e713679114
extended_dp1_dc0_ud1_nb0	131	178	d19f10c18fbe2844
extended_dp1_dc0_ud1_nb0	132	180	281638f5deeb2461
extended_dp1_dc0_ud1_nb0	133	5	662eaf77173ddb60
extended_dp1_dc0_ud1_nb0	134	10	37f654ad5ad65cce
extended_dp1_dc0_ud1_nb0	135	1	4f4429788037f093
extended_dp1_dc0_ud1_nb0	136	2	cff4c6b51ab8d1e1
extended_dp1_dc0_ud1_nb0	137	3	a41f1b32a1b4d8bf
extended_dp1_dc0_ud1_nb0	138	156	203a020c8e0f4d49
extended_dp1_dc0_ud1_nb0	139	171	ee4df80f47c9ee36
extended_dp1_dc0_ud1_nb0	140	6	8e58e22dff6fe35c
extended_dp1_dc0_ud1_nb0	141	8	e7abdad378fa0a3f
extended_dp1_dc0_ud1_nb0	142	9	fc38d895050f1b1d
extended_dp1_dc0_ud1_nb0	143	2	1b54d0530affef27
extended_dp1_dc0_ud1_nb0	144	11	f248900a3d87301a
extended_dp1_dc0_ud1_nb0	145	65	1eaf9561abd7707e
extended_dp1_dc0_ud1_nb0	146	69	1e293c0b45602b26
extended_dp1_dc0_ud1_nb0	147	27	5a5d06c8f51010ce
extended_dp1_dc0_ud1_nb0	148	25	eab8902f5bf2c781
extended_dp1_dc0_ud1_nb0	149	2	0e7a7d4215ecf15a
extended_dp1_dc0_ud1_nb0	150	5	80c8d3f769c2a030
extended_dp1_dc0_ud1_nb0	151	9	afc702c8179ae8d4
extended_dp1_dc0_ud1_nb0	152	68	4cd842305e998ab9
extended_dp1_dc0_ud1_nb0	153	179	a135f69a94aa5ec3
extended_dp1_dc0_ud1_nb0	154	2	d160fa2bda5374f3
extended_dp1_dc0_ud1_nb0	155	71	3f150e06b8267dc2
extended_dp1_dc0_ud1_nb0	156	31	8239b389fb84917c
extended_dp1_dc0_ud1_nb0	157	3	8488d59377cdcfd3
extended_dp1_dc0_ud1_nb0	158	4	b14c439e4d4ecc1a
extended_dp1_dc0_ud1_nb0	159	67	8c3eb0a8e3282600
extended_dp1_dc0_ud1_nb0	160	7	6506463ef9782f9a
extended_dp1_dc0_ud1_nb0	161	3	40e50f4eb30e6155
extended_dp1_dc0_ud1_nb0	162	180	bf2a45044e457c39
extended_dp1_dc0_ud1_nb0	163	9	ae2dba14a8a8c07d
extended_dp1_dc0_ud1_nb0	164	3	64ce08596bd5bea5
extended_dp1_dc0_ud1_nb0	165	3	2426a1e0d74b6fab
extended_dp1_dc0_ud1_nb0	166	174	c2869ffb875b5722
extended_dp1_dc0_ud1_nb0	167	71	391895836b1b73c8
extended_dp1_dc0_ud1_nb0	168	2	7f186e27c595ab14
extended_dp1_dc0_ud1_nb0	169	8	018219b414268b2a
extended_dp1_dc0_ud1_nb0	170	2	9a10e7aed7584972
extended_dp1_dc0_ud1_nb0	171	66	cceacd70b0a70817
extended_dp1_dc0_ud1_nb0	172	6	30d86c57d5d7e8bc
extended_dp1_dc0_ud1_nb0	173	7	03d7fa69480e8e80
extended_dp1_dc0_ud1_nb0	174	20	25bdefbf48456796
extended_dp1_dc0_ud1_nb0	175	2	72c15ba8f0c9d153
extended_dp1_dc0_ud1_nb0	176	187	ff956492f5c57b8b
extended_dp1_dc0_ud1_nb0	177	2	bd0ecdb7188c9a68
extended_dp1_dc0_ud1_nb0	178	2	edb8b080a73ec176
extended_dp1_dc0_ud1_nb0	179	71	b1827cdd25542124
extended_dp1_dc0_ud1_nb0	180	171	f2ec8cc73ef086b3
extended_dp1_dc0_ud1_nb0	181	78	54020650b317ef68
extended_dp1_dc0_ud1_nb0	182	6	ff71b5097cbe6a94
extended_dp1_dc0_ud1_nb0	183	3	7f317189aa4c185a
extended_dp1_dc0_ud1_nb0	184	8	f9937d7586f0d769
extended_dp1_dc0_ud1_nb0	185	172	f34609b932b4f176
extended_dp1_dc0_ud1_nb0	186	5	42279d51c85f5796
extended_dp1_dc0_ud1_nb0	187	72	3525deca6f08a19c
extended_dp1_dc0_ud1_nb0	188	3	4f83ecb89d2d3bdc
extended_dp1_dc0_ud1_nb0	189	3	b707e8613282f6a0
extended_dp1_dc0_ud1_nb0	190	3	01ea72aab73b6f2d
extended_dp1_dc0_ud1_nb0	191	175	38d7cd5668c7cf9c
extended_dp1_dc0_ud1_nb0	192	6	6601abc543e60189
extended_dp1_dc0_ud1_nb0	193	3	2d3a9352ff8fbc56
extended_dp1_dc0_ud1_nb0	194	67	3935be6f89476272
extended_dp1_dc0_ud1_nb0	195	73	e27578683ac7bcb7
extended_dp1_dc0_ud1_nb0	196	174	5c12208c9b1b49fa
extended_dp1_dc0_ud1_nb0	197	7	bf9255dfdba10db4
extended_dp1_dc0_ud1_nb0	198	3	ce238d187758e508
extended_dp1_dc0_ud1_nb0	199	9	fc9e70e2c9a20948
extended_dp1_dc0_ud1_nb0	200	63	b69261bf49bac7d7
extended_dp1_dc0_ud1_nb0	201	5	eef7540142f4de4b
extended_dp1_dc0_ud1_nb0	202	3	ad5adcf2242e03e9
extended_dp1_dc0_ud1_nb0	203	23	f7b5c4c4a9d8e9ad
extended_dp1_dc0_ud1_nb0	204	80	b8a5abc9625f19e8
extended_dp1_dc0_ud1_nb0	205	10	f2277298c8612c36
extended_dp1_dc0_ud1_nb0	206	180	5f5329b170bfdeec
extended_dp1_dc0_ud1_nb0	207	71	b990d4d703cbec76
extended_dp1_dc0_ud1_nb0	208	71	8e7c16db2c1df729
extended_dp1_dc0_ud1_nb0	209	2	7e406aca15207b29
extended_dp1_dc0_ud1_nb0	210	2	4143f74e30e91d3c
extended_dp1_dc0_ud1_nb0	211	8	1ef8313b8b4fc0a1
extended_dp1_dc0_ud1_nb0	212	12	1896899290e941bb
extended_dp1_dc0_ud1_nb0	213	3	6fdef77cd5f3ed9c
extended_dp1_dc0_ud1_nb0	214	22	9b604e56a1b4936d
extended_dp1_dc0_ud1_nb0	215	6	6c65c2615bc0b46c
extended_dp1_dc0_ud1_nb0	216	62	ae11a81b4ada7169
extended_dp1_dc0_ud1_nb0	217	10	ea66e20d2b5f5ca6
extended_dp1_dc0_ud1_nb0	218	10	ff2aca55fb1cb8eb
extended_dp1_dc0_ud1_nb0	219	5	e88ff77bb9c745be
extended_dp1_dc0_ud1_nb0	220	22	49bdaccf05ee797c
extended_dp1_dc0_ud1_nb0	221	10	3910427eff762556
extended_dp1_dc0_ud1_nb0	222	2	155847d504fd75bd
extended_dp1_dc0_ud1_nb0	223	2	4dbbca2216f7ac7b
extended_dp1_dc0_ud1_nb0	224	12	5541ac560663a663
extended_dp1_dc0_ud1_nb0	225	2	2832a96cf84da5d8
extended_dp1_dc0_ud1_nb0	226	176	14e206f114ca6506
extended_dp1_dc0_ud1_nb0	227	1	46eb868fb6e063a1
extended_dp1_dc0_ud1_nb0	228	26	bf141af177882543
extended_dp1_dc0_ud1_nb0	229	8	7674c0b17d164941
extended_dp1_dc0_ud1_nb0	230	67	1c1e00e680c32c25
extended_dp1_dc0_ud1_nb0	231	4	2495ac24bcc3355c
extended_dp1_dc0_ud1_nb0	232	2	8266c8aed1bb63ae
extended_dp1_dc0_ud1_nb0	233	30	49591a24f8697200
extended_dp1_dc0_ud1_nb0	234	2	e4ca63a93d69cb1f
extended_dp1_dc0_ud1_nb0	235	65	9f6c8e5c66f51207
extended_dp1_dc0_ud1_nb0	236	2	00e649886ebb9e7c
extended_dp1_dc0_ud1_nb0	237	5	a52f2af243d094d2
extended_dp1_dc0_ud1_nb0	238	20	3642469857f10d5e
extended_dp1_dc0_ud1_nb0	239	2	4b70e50b8edc6292
extended_dp1_dc0_ud1_nb0	240	4	11399b68410123df
extended_dp1_dc0_ud1_nb0	241	3	af4404150c063f13
extended_dp1_dc0_ud1_nb0	242	8	baab10b4051dd510
extended_dp1_dc0_ud1_nb0	243	22	139195a1fb22145e
extended_dp1_dc0_ud1_nb0	244	2	a4dda3ae9e4f0f85
extended_dp1_dc0_ud1_nb0	245	25	e057ff8ad9a76c7f
extended_dp1_dc0_ud1_nb0	246	167	2e67e5f62ca70348
extended_dp1_dc0_ud1_nb0	247	3	e0853c840dd1fdaf
extended_dp1_dc0_ud1_nb0	248	67	92cbb1247f428e17
extended_dp1_dc0_ud1_nb0	249	181	c8b3149daae07583
extended_dp1_dc0_ud1_nb0	250	66	6c11f5abe6da9059
extended_dp1_dc0_ud1_nb0	251	78	5977ca088b731e1e
extended_dp1_dc0_ud1_nb0	252	7	52f853bc6ebe9df3
extended_dp1_dc0_ud1_nb0	253	6	ce6cdcbd812a0a55
extended_dp1_dc0_ud1_nb0	254	7	1af21cc0c5fd3dca
extended_dp1_dc0_ud1_nb0	255	73	dfd8852806e40ffa
extended_dp1_dc0_ud1_nb0	256	2	551a63c2d76181f6
extended_dp1_dc0_ud1_nb0	257	13	7bb4fd1f2dd32bfa
extended_dp1_dc0_ud1_nb0	258	73	1ae54bba386a3fd2
extended_dp1_dc0_ud1_nb0	259	29	27776fc4f6e14c93
extended_dp1_dc0_ud1_nb0	260	2	74defcaa3b35bd3c
extended_dp1_dc0_ud1_nb0	261	2	f76307a603dd2a5d
extended_dp1_dc0_ud1_nb0	262	6	d30c7a79bfd000e1
extended_dp1_dc0_ud1_nb0	263	6	cfb268392fa71828
extended_dp1_dc0_ud1_nb0	264	26	fc87dd048db15f5c
extended_dp1_dc0_ud1_nb0	265	5	a6528b54d51e66ff
extended_dp1_dc0_ud1_nb0	266	5	830f88c62f7c6352
extended_dp1_dc0_ud1_nb0	267	3	40b38c95fc7c1aa6
extended_dp1_dc0_ud1_nb0	268	1	25aef9909dfea048
extended_dp1_dc0_ud1_nb0	269	68	2ef6a2018886a58e
extended_dp1_dc0_ud1_nb0	270	24	ad510b1a9a92e629
extended_dp1_dc0_ud1_nb0	271	158	5586bb24b6fada4b
extended_dp1_dc0_ud1_nb0	272	75	e7413bed58448fa7
extended_dp1_dc0_ud1_nb0	273	2	6f51285605f5b665
extended_dp1_dc0_ud1_nb0	274	37	46ee8fcefaea12c7
extended_dp1_dc0_ud1_nb0	275	3	33846b194a9c5819
extended_dp1_dc0_ud1_nb0	276	168	0d27d79ad4ddbce3
extended_dp1_dc0_ud1_nb0	277	9	74db3b4bae3cf67a
extended_dp1_dc0_ud1_nb0	278	159	517ea29c8da5613d
extended_dp1_dc0_ud1_nb0	279	27	3bf42e9ccf40bb4c
extended_dp1_dc0_ud1_nb0	280	6	1bb7d1d818afd2d5
extended_dp1_dc0_ud1_nb0	281	1	3abc652ea33e17a5
extended_dp1_dc0_ud1_nb0	282	2	9a10022c0daaddb3
extended_dp1_dc0_ud1_nb0	283	19	9aeec9f9f49bb31a
extended_dp1_dc0_ud1_nb0	284	5	2fb848e7cae72783
extended_dp1_dc0_ud1_nb0	285	18	9a32bb7946968489
extended_dp1_dc0_ud1_nb0	286	12	a7afc8585b6361f5
extended_dp1_dc0_ud1_nb0	287	183	42b60f34c0a6830c
extended_dp1_dc0_ud1_nb0	288	5	cbc03b900102c413
extended_dp1_dc0_ud1_nb0	289	1	adf4e0e63c574ffd
extended_dp1_dc0_ud1_nb0	290	2	755010a29b611eac
extended_dp1_dc0_ud1_nb0	291	179	82356716acbd9659
extended_dp1_dc0_ud1_nb0	292	3	e949d0f76c39e16e
extended_dp1_dc0_ud1_nb0	293	172	4a8759768c6918bc
extended_dp1_dc0_ud1_nb0	294	68	0be04d2c6e9fc40e
extended_dp1_dc0_ud1_nb0	295	1	6d6c9be064bbef04
extended_dp1_dc0_ud1_nb0	296	170	b8d839403b84afdb
extended_dp1_dc0_ud1_nb0	297	177	e4b3cdb7a9fce02f
extended_dp1_dc0_ud1_nb0	298	2	b4231c8b8bf14136
extended_dp1_dc0_ud1_nb0	299	1	ec9a11734f43ecd8
extended_dp1_dc0_ud1_nb0	300	5	5d3d421a02f23af3
extended_dp1_dc0_ud1_nb0	301	65	5da2ae9b6102983f
extended_dp1_dc0_ud1_nb0	302	10	db1c500925225a3c
extended_dp1_dc0_ud1_nb0	303	6	2b46fd55dcde153a
extended_dp1_dc0_ud1_nb0	304	6	bcf2989c6c4f78c2
extended_dp1_dc0_ud1_nb0	305	34	722cab43cf88ea6e
extended_dp1_dc0_ud1_nb0	306	15	5a480b572e1ec826
extended_dp1_dc0_ud1_nb0	307	27	68a66456a114da55
extended_dp1_dc0_ud1_nb0	308	178	af87b80ed1e6bd02
extended_dp1_dc0_ud1_nb0	309	3	9a811aa38df195a8
extended_dp1_dc0_ud1_nb0	310	3	dc5522b8da7bb01e
extended_dp1_dc0_ud1_nb0	311	4	098c5623f338dbb0
extended_dp1_dc0_ud1_nb0	312	70	7b36a485488403ed
extended_dp1_dc0_ud1_nb0	313	69	b03f9cc030698e65
extended_dp1_dc0_ud1_nb0	314	76	85dbd18e14a1fa5d
extended_dp1_dc0_ud1_nb0	315	1	1ab4e6773c971447
extended_dp1_dc0_ud1_nb0	316	175	8a47b5e56d7dd2a0
extended_dp1_dc0_ud1_nb0	317	5	acbcba685beb266f
extended_dp1_dc0_ud1_nb0	318	3	823f5d6c99a85f01
extended_dp1_dc0_ud1_nb0	319	169	612a129a974a6f52
extended_dp1_dc0_ud1_nb0	320	35	3b2bbdb2739187a4
extended_dp1_dc0_ud1_nb0	321	24	ee7c193acf7e8656
extended_dp1_dc0_ud1_nb0	322	70	84129e760ccd2fd7
extended_dp1_dc0_ud1_nb0	323	24	50a8060b69a636bb
extended_dp1_dc0_ud1_nb0	324	28	384edc829bde9cd5
extended_dp1_dc0_ud1_nb0	325	8	8676cda0d509be8e
extended_dp1_dc0_ud1_nb0	326	68	e3255325510431dc
extended_dp1_dc0_ud1_nb0	327	3	a6c2ae93c967753e
extended_dp1_dc0_ud1_nb0	328	12	21de4623c2fe1f4c
extended_dp1_dc0_ud1_nb0	329	2	461827dfc2a8b43f
extended_dp1_dc0_ud1_nb0	330	77	ff6a331171398e87
extended_dp1_dc0_ud1_nb0	331	1	a1b05ad8878eddbd
extended_dp1_dc0_ud1_nb0	332	62	61c6b2d952a965ff
extended_dp1_dc0_ud1_nb0	333	75	8481d2d280403050
extended_dp1_dc0_ud1_nb0	334	168	8dedff474c8c8c64
extended_dp1_dc0_ud1_nb0	335	31	e8c218afe916e7b5
extended_dp1_dc0_ud1_nb0	336	83	3f4d17080891d5ec
extended_dp1_dc0_ud1_nb0	337	8	5ee8960a3da49fd9
extended_dp1_dc0_ud1_nb0	338	63	8ba71dbf0fe357cb
extended_dp1_dc0_ud1_nb0	339	80	48f78745c5e2947c
extended_dp1_dc0_ud1_nb0	340	29	dde3ecf02d3542b8
extended_dp1_dc0_ud1_nb0	341	2	ad98a9842eda811a
extended_dp1_dc0_ud1_nb0	342	30	e3c1041a08bb5765
extended_dp1_dc0_ud1_nb0	343	166	19bb00f0a0ebb74e
extended_dp1_dc0_ud1_nb0	344	13	42413ecee1d7778e
extended_dp1_dc0_ud1_nb0	345	28	e1b419beb71874b7
extended_dp1_dc0_ud1_nb0	346	73	462e8a80977c77ff
extended_dp1_dc0_ud1_nb0	347	2	843d4454ffc8a3c7
extended_dp1_dc0_ud1_nb0	348	5	7e91c30124c2642b
extended_dp1_dc0_ud1_nb0	349	24	b4bc1eb13c7c78ff
extended_dp1_dc0_ud1_nb0	350	11	2596473b1543b38b
extended_dp1_dc0_ud1_nb0	351	14	b8677be0374fcf69
extended_dp1_dc0_ud1_nb0	352	1	8424221c01ab377a
extended_dp1_dc0_ud1_nb0	353	29	d4864f694ecc83b3
extended_dp1_dc0_ud1_nb0	354	2	5bda2ca495a4ab74
extended_dp1_dc0_ud1_nb0	355	3	95f66d4114646871
extended_dp1_dc0_ud1_nb0	356	1	0de197205f786e7e
extended_dp1_dc0_ud1_nb0	357	32	d4a89d7486c067ec
extended_dp1_dc0_ud1_nb0	358	2	f9fa6bf430f95da3
extended_dp1_dc0_ud1_nb0	359	3	098105451cd10742
extended_dp1_dc0_ud1_nb0	360	8	c4f0f920b9fa5cfa
extended_dp1_dc0_ud1_nb0	361	2	c6d90e3c7d693bdd
extended_dp1_dc0_ud1_nb0	362	61	21d6a571402d178f
extended_dp1_dc0_ud1_nb0	363	171	b7c0adf5810d22f8
extended_dp1_dc0_ud1_nb0	364	8	447c2d4173b9d46a
extended_dp1_dc0_ud1_nb0	365	2	62d81744abb53f13
extended_dp1_dc0_ud1_nb0	366	2	198c1f0846c5965f
extended_dp1_dc0_ud1_nb0	367	8	91b660e5b1be6a2b
extended_dp1_dc0_ud1_nb0	368	1	eef15e6694a23b83
extended_dp1_dc0_ud1_nb0	369	24	c0a73e31c9a53a66
extended_dp1_dc0_ud1_nb0	370	6	c31ef7faaea9bbc5
extended_dp1_dc0_ud1_nb0	371	2	4cd07f8f33b23519
extended_dp1_dc0_ud1_nb0	372	5	5ed645a5fbcfca6d
extended_dp1_dc0_ud1_nb0	373	6	940f3e69d8318ea0
extended_dp1_dc0_ud1_nb0	374	72	160479b13ba501ca
extended_dp1_dc0_ud1_nb0	375	73	393d5cfe022b8f2b
extended_dp1_dc0_ud1_nb0	376	9	fd52ace97e75784d
extended_dp1_dc0_ud1_nb0	377	2	c417926d6aea0d9a
extended_dp1_dc0_ud1_nb0	378	5	b32bdc866c7a49d7
extended_dp1_dc0_ud1_nb0	379	8	d9070ed1e38b0721
extended_dp1_dc0_ud1_nb0	380	81	ea1969a5529ccf70
extended_dp1_dc0_ud1_nb0	381	4	5a319d3839992556
extended_dp1_dc0_ud1_nb0	382	2	ee235b847f480214
extended_dp1_dc0_ud1_nb0	383	2	1ca0393d8d48778c
extended_dp1_dc0_ud1_nb0	384	3	21bed12db54d8f82
extended_dp1_dc0_ud1_nb0	385	2	60e9a85e50134bc4
extended_dp1_dc0_ud1_nb0	386	161	6a3efcae4d29967f
extended_dp1_dc0_ud1_nb0	387	9	fe1b5563260e23e9
extended_dp1_dc0_ud1_nb0	388	81	ca66040fe9d11722
extended_dp1_dc0_ud1_nb0	389	74	62893f6ba80b2313
extended_dp1_dc0_ud1_nb0	390	8	651b04399a97d9a3
extended_dp1_dc0_ud1_nb0	391	8	dbaa737f7bb1aa5a
extended_dp1_dc0_ud1_nb0	392	24	c7e046ec8461c1de
extended_dp1_dc0_ud1_nb0	393	11	b5446e046187bfdf
extended_dp1_dc0_ud1_nb0	394	2	3a26d4d1964e45ce
extended_dp1_dc0_ud1_nb0	395	10	1b7788b984c5ffd0
extended_dp1_dc0_ud1_nb0	396	24	8abdf73cf97fb22a
extended_dp1_dc0_ud1_nb0	397	60	3133532adf86cb39
extended_dp1_dc0_ud1_nb0	398	186	1b805e08b82c7bd2
extended_dp1_dc0_ud1_nb0	399	5	c9d028df57c60b8b
extended_dp1_dc0_ud1_nb2000	0	2	fe3877f9123caf6f
extended_dp1_dc0_ud1_nb2000	1	30	f7a2e77077e1802f
extended_dp1_dc0_ud1_nb2000	2	192	c447fb3a3bd25243
extended_dp1_dc0_ud1_nb2000	3	3	04752421978926ff
extended_dp1_dc0_ud1_nb2000	4	81	30e744a60598dbfa
extended_dp1_dc0_ud1_nb2000	5	5	e0655920d5a36a52
extended_dp1_dc0_ud1_nb2000	6	84	03992be0a0614001
extended_dp1_dc0_ud1_nb2000	7	220	32a6caea9e8ab52b
extended_dp1_dc0_ud1_nb2000	8	192	ea0ce6596358e469
extended_dp1_dc0_ud1_nb2000	9	79	f3bdf3d430aaf184
extended_dp1_dc0_ud1_nb2000	10	83	2e4e4c79a69c9fde
extended_dp1_dc0_ud1_nb2000	11	92	34279c6a92a14e30
extended_dp1_dc0_ud1_nb2000	12	5	cd9d2ab8d7d8e70b
extended_dp1_dc0_ud1_nb2000	13	1	8610e9dda182bf42
extended_dp1_dc0_ud1_nb2000	14	4	2e85190163e10d0c
extended_dp1_dc0_ud1_nb2000	15	6	b3c87cf276079c6a
extended_dp1_dc0_ud1_nb2000	16	41	f422d34af95986ce
extended_dp1_dc0_ud1_nb2000	17	2	5420621e61e6b2de
extended_dp1_dc0_ud1_nb2000	18	6	b2f596f0001feca0
extended_dp1_dc0_ud1_nb2000	19	1	9063f58a9e418e90
extended_dp1_dc0_ud1_nb2000	20	89	86cbab0a8d2eb0c8
extended_dp1_dc0_ud1_nb2000	21	77	def3b150ab5bdf32
extended_dp1_dc0_ud1_nb2000	22	4	eaa8ad25233fea23
extended_dp1_dc0_ud1_nb2000	23	181	992c5a82c70793ac
extended_dp1_dc0_ud1_nb2000	24	2	4ee24f53fa50f5fb
extended_dp1_dc0_ud1_nb2000	25	2	210c11ef7723c39c
extended_dp1_dc0_ud1_nb2000	26	29	6aad7cd896fd9076
extended_dp1_dc0_ud1_nb2000	27	2	7a76b7ba3a15016d
extended_dp1_dc0_ud1_nb2000	28	10	7b08e81d37a46cd6
extended_dp1_dc0_ud1_nb2000	29	1	cb04c009a7a0f623
extended_dp1_dc0_ud1_nb2000	30	7	3fde2982b725e481
extended_dp1_dc0_ud1_nb2000	31	2	115a740f9cd9a619
extended_dp1_dc0_ud1_nb2000	32	205	9b6a66fa0667c568
extended_dp1_dc0_ud1_nb2000	33	3	fb073d01787c3389
extended_dp1_dc0_ud1_nb2000	34	6	d59d98f4ecce3bbf
extended_dp1_dc0_ud1_nb2000	35	183	2959f10a576c95ad
extended_dp1_dc0_ud1_nb2000	36	9	527e4261ee14206d
extended_dp1_dc0_ud1_nb2000	37	79	2b05ac7cfcd0a08b
extended_dp1_dc0_ud1_nb2000	38	33	31a93b380c7fe211
extended_dp1_dc0_ud1_nb2000	39	180	bdf5040411cab18f
extended_dp1_dc0_ud1_nb2000	40	210	d4a0973a621c6d00
extended_dp1_dc0_ud1_nb2000	41	34	f48cdeff9f0c1621
extended_dp1_dc0_ud1_nb2000	42	12	168ceeb71ee05fd6
extended_dp1_dc0_ud1_nb2000	43	1	5b21a5ec2f985d77
extended_dp1_dc0_ud1_nb2000	44	4	64bb20437661a3b9
extended_dp1_dc0_ud1_nb2000	45	9	fd8d6b53800df25f
extended_dp1_dc0_ud1_nb2000	46	29	a2d26d2dd5c0197a
extended_dp1_dc0_ud1_nb2000	47	72	fc48403c2cd90d2e
extended_dp1_dc0_ud1_nb2000	48	7	9f51da93598d7bfe
extended_dp1_dc0_ud1_nb2000	49	4	682fb7ad4c45f435
extended_dp1_dc0_ud1_nb2000	50	3	fd89f6049da2aafa
extended_dp1_dc0_ud1_nb2000	51	29	273c69b85afc6d34
extended_dp1_dc0_ud1_nb2000	52	2	fd08e8dd823f631e
extended_dp1_dc0_ud1_nb2000	53	12	f4dde560b2b50141
extended_dp1_dc0_ud1_nb2000	54	5	31bb37d5b0fb1e70
extended_dp1_dc0_ud1_nb2000	55	75	aed96db02f1e2efe
extended_dp1_dc0_ud1_nb2000	56	11	0108022563b9a204
extended_dp1_dc0_ud1_nb2000	57	2	d8c21a02c79c5d2f
extended_dp1_dc0_ud1_nb2000	58	3	6a5b37258e941d28
extended_dp1_dc0_ud1_nb2000	59	25	b9f17ca913512ce1
extended_dp1_dc0_ud1_nb2000	60	3	90e544c7aa820b5e
extended_dp1_dc0_ud1_nb2000	61	2	50c0e5e565e77d9f
extended_dp1_dc0_ud1_nb2000	62	3	490e58d435ecad3e
extended_dp1_dc0_ud1_nb2000	63	29	eada4a5863d62f71
extended_dp1_dc0_ud1_nb2000	64	77	23702e0f60f5e578
extended_dp1_dc0_ud1_nb2000	65	5	ef54a424735e7ba8
extended_dp1_dc0_ud1_nb2000	66	4	cf688d71ffe9a693
extended_dp1_dc0_ud1_nb2000	67	10	aedb3d8c0790c715
extended_dp1_dc0_ud1_nb2000	68	9	ccdb218b96a208ba
extended_dp1_dc0_ud1_nb2000	69	88	f2a14cb0df571890
extended_dp1_dc0_ud1_nb2000	70	6	de8c5f9d34bede0d
extended_dp1_dc0_ud1_nb2000	71	15	369d42954ba6b0be
extended_dp1_dc0_ud1_nb2000	72	27	08db49c494b1dd3a
extended_dp1_dc0_ud1_nb2000	73	74	ce4f9437f5f103ed
extended_dp1_dc0_ud1_nb2000	74	2	c00d92a30f546d81
extended_dp1_dc0_ud1_nb2000	75	2	60d11ac02cca1f5c
extended_dp1_dc0_ud1_nb2000	76	71	c40489d2773b76b4
extended_dp1_dc0_ud1_nb2000	77	2	72f99e536ffd074b
extended_dp1_dc0_ud1_nb2000	78	2	8a316a4cbf248e78
extended_dp1_dc0_ud1_nb2000	79	14	f12efb677f68839b
extended_dp1_dc0_ud1_nb2000	80	1	52b4ae3df5b68646
extended_dp1_dc0_ud1_nb2000	81	12	3dc26e78de5a96d3
extended_dp1_dc0_ud1_nb2000	82	186	e6caf09fee8af176
extended_dp1_dc0_ud1_nb2000	83	4	18c6172a2b20dab9
extended_dp1_dc0_ud1_nb2000	84	3	98be6817fedd840d
extended_dp1_dc0_ud1_nb2000	85	68	ec1de5cef8cdb154
extended_dp1_dc0_ud1_nb2000	86	9	c7a0b1d1f5239f44
extended_dp1_dc0_ud1_nb2000	87	33	124a42db52d8c925
extended_dp1_dc0_ud1_nb2000	88	32	190d283a6e6e7ff7
extended_dp1_dc0_ud1_nb2000	89	202	f8ff518eeea66f29
extended_dp1_dc0_ud1_nb2000	90	2	7ac3584624571a10
extended_dp1_dc0_ud1_nb2000	91	185	9f941558f8e5f8d6
extended_dp1_dc0_ud1_nb2000	92	8	9c5a449753c9b89a
extended_dp1_dc0_ud1_nb2000	93	9	bd4a0417f576691e
extended_dp1_dc0_ud1_nb2000	94	6	98a1472c66a9b589
extended_dp1_dc0_ud1_nb2000	95	190	ea6e8c38ffde44eb
extended_dp1_dc0_ud1_nb2000	96	94	7ca9e513e0bf5143
extended_dp1_dc0_ud1_nb2000	97	5	61d9d102b34e1726
extended_dp1_dc0_ud1_nb2000	98	5	bc1cfdd9175b248c
extended_dp1_dc0_ud1_nb2000	99	14	6002d7de4b622590
extended_dp1_dc0_ud1_nb2000	100	14	cdaa34732df69f56
extended_dp1_dc0_ud1_nb2000	101	4	d169faaa37a5c1e1
extended_dp1_dc0_ud1_nb2000	102	68	af13fefddc3d8a8b
extended_dp1_dc0_ud1_nb2000	103	36	7f8761163e71871f
extended_dp1_dc0_ud1_nb2000	104	1	2aa86b7d09c4fa67
extended_dp1_dc0_ud1_nb2000	105	2	5e1645b8765c83f3
extended_dp1_dc0_ud1_nb2000	106	23	1c55bd7d79dba68d
extended_dp1_dc0_ud1_nb2000	107	220	c2151fe7a8fd517f
extended_dp1_dc0_ud1_nb2000	108	81	e555f70864bbbe68
extended_dp1_dc0_ud1_nb2000	109	31	7ef7276c1339a9bc
extended_dp1_dc0_ud1_nb2000	110	7	07ee6578df11c742
extended_dp1_dc0_ud1_nb2000	111	3	01911c6ee2172564
extended_dp1_dc0_ud1_nb2000	112	7	136a89fc80798f9e
extended_dp1_dc0_ud1_nb2000	113	1	ce908bdfd8c62477
extended_dp1_dc0_ud1_nb2000	114	190	4fba8fe57a8a6f12
extended_dp1_dc0_ud1_nb2000	115	2	4190c4e5c47f9001
extended_dp1_dc0_ud1_nb2000	116	2	5f2151cdb5d26008
extended_dp1_dc0_ud1_nb2000	117	189	dc662cca7795bc8c
extended_dp1_dc0_ud1_nb2000	118	190	ecee529882c44605
extended_dp1_dc0_ud1_nb2000	119	2	fa3b1b21769c99bc
extended_dp1_dc0_ud1_nb2000	120	196	c10803b5f65aae95
extended_dp1_dc0_ud1_nb2000	121	79	a76ee16c93074014
extended_dp1_dc0_ud1_nb2000	122	195	ac50f32231ba6484
extended_dp1_dc0_ud1_nb2000	123	2	737f3e1167508935
extended_dp1_dc0_ud1_nb2000	124	91	a885802ae4874748
extended_dp1_dc0_ud1_nb2000	125	4	3ec7510780c15cda
extended_dp1_dc0_ud1_nb2000	126	7	dabb0cde215466ff
extended_dp1_dc0_ud1_nb2000	127	2	814dccc6d2006e69
extended_dp1_dc0_ud1_nb2000	128	23	6ea7b78f82467602
extended_dp1_dc0_ud1_nb2000	129	84	b5cce3118b80bc76
extended_dp1_dc0_ud1_nb2000	130	2	af2325e713679114
extended_dp1_dc0_ud1_nb2000	131	206	99f857d65fad3cd2
extended_dp1_dc0_ud1_nb2000	132	210	848bcc95298e111f
extended_dp1_dc0_ud1_nb2000	133	6	b516e7d332f84d1d
extended_dp1_dc0_ud1_nb2000	134	11	9bf024333f2789c5
extended_dp1_dc0_ud1_nb2000	135	1	4f4429788037f093
extended_dp1_dc0_ud1_nb2000	136	2	cff4c6b51ab8d1e1
extended_dp1_dc0_ud1_nb2000	137	3	1dc709adf506815a
extended_dp1_dc0_ud1_nb2000	138	176	404f5fe100e95a36
extended_dp1_dc0_ud1_nb2000	139	195	d34632c4f98d984c
extended_dp1_dc0_ud1_nb2000	140	7	dc6d609246fee55b
extended_dp1_dc0_ud1_nb2000	141	10	071e7419227f5ced
extended_dp1_dc0_ud1_nb2000	142	11	4c9146a4fcf8e721
extended_dp1_dc0_ud1_nb2000	143	2	6ff6b8bc6619ae66
extended_dp1_dc0_ud1_nb2000	144	13	4bdcb3ef867a94e5
extended_dp1_dc0_ud1_nb2000	145	73	ea22a365f53953ba
extended_dp1_dc0_ud1_nb2000	146	75	cf3671e4027b7bce
extended_dp1_dc0_ud1_nb2000	147	32	aa240a5b96884a18
extended_dp1_dc0_ud1_nb2000	148	28	ad6e01ea71d5c68d
extended_dp1_dc0_ud1_nb2000	149	2	0e7a7d4215ecf15a
extended_dp1_dc0_ud1_nb2000	150	6	5872b2549ebbe623
extended_dp1_dc0_ud1_nb2000	151	11	026850c1ab19cd3c
extended_dp1_dc0_ud1_nb2000	152	78	13e6fd62d596676a
extended_dp1_dc0_ud1_nb2000	153	203	23f30c0c09a34692
extended_dp1_dc0_ud1_nb2000	154	2	60a2b5c9c2e0e62a
extended_dp1_dc0_ud1_nb2000	155	80	0eb3502b1f4b81a0
extended_dp1_dc0_ud1_nb2000	156	34	0b488b96a4270b18
extended_dp1_dc0_ud1_nb2000	157	3	6a36bc7972855e92
extended_dp1_dc0_ud1_nb2000	158	5	980f36241ff087b2
extended_dp1_dc0_ud1_nb2000	159	79	95e7647ab67bbc56
extended_dp1_dc0_ud1_nb2000	160	7	af225a9e313bd07a
extended_dp1_dc0_ud1_nb2000	161	4	2224d338ee0c92e9
extended_dp1_dc0_ud1_nb2000	162	210	d9601e3bde2c3570
extended_dp1_dc0_ud1_nb2000	163	10	425951021ef4a581
extended_dp1_dc0_ud1_nb2000	164	4	832f5c2fce7ba965
extended_dp1_dc0_ud1_nb2000	165	3	5c538693c1431f4b
extended_dp1_dc0_ud1_nb2000	166	198	666c76d6ed1ac589
extended_dp1_dc0_ud1_nb2000	167	81	539aeb939870510d
extended_dp1_dc0_ud1_nb2000	168	2	7f186e27c595ab14
extended_dp1_dc0_ud1_nb2000	169	8	50b094fe969e79f8
extended_dp1_dc0_ud1_nb2000	170	2	9a10e7aed7584972
extended_dp1_dc0_ud1_nb2000	171	75	8befd1d85e6ea613
extended_dp1_dc0_ud1_nb2000	172	7	820d72ff93bc9917
extended_dp1_dc0_ud1_nb2000	173	8	02834af452189f2d
extended_dp1_dc0_ud1_nb2000	174	23	ac775b9508dc1092
extended_dp1_dc0_ud1_nb2000	175	2	72c15ba8f0c9d153
extended_dp1_dc0_ud1_nb2000	176	210	08348e4532d52a89
extended_dp1_dc0_ud1_nb2000	177	2	bd0ecdb7188c9a68
extended_dp1_dc0_ud1_nb2000	178	2	edb8b080a73ec176
extended_dp1_dc0_ud1_nb2000	179	81	12504a6a8413c77a
extended_dp1_dc0_ud1_nb2000	180	198	9857e0b179ce3539
extended_dp1_dc0_ud1_nb2000	181	88	b9b96c7146904bd2
extended_dp1_dc0_ud1_nb2000	182	6	b5bec723cdeb5f21
extended_dp1_dc0_ud1_nb2000	183	4	11f7094f697eac0c
extended_dp1_dc0_ud1_nb2000	184	9	1d5f89e2a6f29719
extended_dp1_dc0_ud1_nb2000	185	198	ac2741df5e53cb0c
extended_dp1_dc0_ud1_nb2000	186	6	11760524a2054f12
extended_dp1_dc0_ud1_nb2000	187	86	0bd7b553091e7eb6
extended_dp1_dc0_ud1_nb2000	188	3	497372c349c1b597
extended_dp1_dc0_ud1_nb2000	189	3	4275562cef33e65f
extended_dp1_dc0_ud1_nb2000	190	3	01ea72aab73b6f2d
extended_dp1_dc0_ud1_nb2000	191	198	7c50dfeb7f30af49
extended_dp1_dc0_ud1_nb2000	192	7	80c9d512da64fd85
extended_dp1_dc0_ud1_nb2000	193	3	9d88783521a38ff1
extended_dp1_dc0_ud1_nb2000	194	78	0b1f28782e36f1fe
extended_dp1_dc0_ud1_nb2000	195	87	38209c4e4d34701a
extended_dp1_dc0_ud1_nb2000	196	197	54dae5a7c417f22a
extended_dp1_dc0_ud1_nb2000	197	7	d29623dcd610ad0f
extended_dp1_dc0_ud1_nb2000	198	4	d95422b38e7ccb9d
extended_dp1_dc0_ud1_nb2000	199	9	bb624c201e4e9cc4
extended_dp1_dc0_ud1_nb2000	200	69	7419422dc52573f9
extended_dp1_dc0_ud1_nb2000	201	5	35f561dd999af5d4
extended_dp1_dc0_ud1_nb2000	202	3	9867b26f89bd75b4
extended_dp1_dc0_ud1_nb2000	203	26	e0409345a3f325b3
extended_dp1_dc0_ud1_nb2000	204	95	5dfc9c6f362ec8cc
extended_dp1_dc0_ud1_nb2000	205	11	b6623dd123f66ca7
extended_dp1_dc0_ud1_nb2000	206	202	5ffdb46be685289a
extended_dp1_dc0_ud1_nb2000	207	77	c3c922b53b24c374
extended_dp1_dc0_ud1_nb2000	208	86	56dc33995b000fe4
extended_dp1_dc0_ud1_nb2000	209	2	7e406aca15207b29
extended_dp1_dc0_ud1_nb2000	210	2	4143f74e30e91d3c
extended_dp1_dc0_ud1_nb2000	211	8	578b5a7244c9cf66
extended_dp1_dc0_ud1_nb2000	212	14	e101cf2edce5fedf
extended_dp1_dc0_ud1_nb2000	213	3	edd5359814ad33df
extended_dp1_dc0_ud1_nb2000	214	24	34b428819eb9d815
extended_dp1_dc0_ud1_nb2000	215	7	60c3fbd347358362
extended_dp1_dc0_ud1_nb2000	216	71	7c12e0080c07cd3e
extended_dp1_dc0_ud1_nb2000	217	12	a97d7e8db8b9f5bd
extended_dp1_dc0_ud1_nb2000	218	12	8f111dce9fe400f4
extended_dp1_dc0_ud1_nb2000	219	6	316d58ebb32b62e8
extended_dp1_dc0_ud1_nb2000	220	27	8b33a2d7da06b036
extended_dp1_dc0_ud1_nb2000	221	12	5a2848bc56eb7484
extended_dp1_dc0_ud1_nb2000	222	2	155847d504fd75bd
extended_dp1_dc0_ud1_nb2000	223	2	4dbbca2216f7ac7b
extended_dp1_dc0_ud1_nb2000	224	14	c4ad5c3adf200271
extended_dp1_dc0_ud1_nb2000	225	2	2832a96cf84da5d8
extended_dp1_dc0_ud1_nb2000	226	202	1c2d14d51822f7d1
extended_dp1_dc0_ud1_nb2000	227	1	46eb868fb6e063a1
extended_dp1_dc0_ud1_nb2000	228	28	091c971374308138
extended_dp1_dc0_ud1_nb2000	229	9	f0f130f0e3a2faae
extended_dp1_dc0_ud1_nb2000	230	76	3b25ef61757b15f9
extended_dp1_dc0_ud1_nb2000	231	4	0f4f24f624930d64
extended_dp1_dc0_ud1_nb2000	232	2	8266c8aed1bb63ae
extended_dp1_dc0_ud1_nb2000	233	32	a165a95ed115d24d
extended_dp1_dc0_ud1_nb2000	234	2	e4ca63a93d69cb1f
extended_dp1_dc0_ud1_nb2000	235	75	5e7a9c204c6cae47
extended_dp1_dc0_ud1_nb2000	236	2	d481bfb675d614dd
extended_dp1_dc0_ud1_nb2000	237	6	9c374886d19d58e2
extended_dp1_dc0_ud1_nb2000	238	21	c7f2303cb8c797c2
extended_dp1_dc0_ud1_nb2000	239	2	4b70e50b8edc6292
extended_dp1_dc0_ud1_nb2000	240	4	11399b68410123df
extended_dp1_dc0_ud1_nb2000	241	3	b2635722d8d798e2
extended_dp1_dc0_ud1_nb2000	242	10	f1ce5b32ce93dfb6
extended_dp1_dc0_ud1_nb2000	243	25	cf47e6103824a566
extended_dp1_dc0_ud1_nb2000	244	2	a4dda3ae9e4f0f85
extended_dp1_dc0_ud1_nb2000	245	28	9da4b398411278b4
extended_dp1_dc0_ud1_nb2000	246	187	3a05f0bfbe02a13d
extended_dp1_dc0_ud1_nb2000	247	3	e0853c840dd1fdaf
extended_dp1_dc0_ud1_nb2000	248	77	e82ee562f3a6eb7d
extended_dp1_dc0_ud1_nb2000	249	204	82ae06b07f9d772f
extended_dp1_dc0_ud1_nb2000	250	72	9c877811c01a74b7
extended_dp1_dc0_ud1_nb2000	251	92	97a961ae2fdadbbf
extended_dp1_dc0_ud1_nb2000	252	8	48a9671106065434
extended_dp1_dc0_ud1_nb2000	253	7	0443009996f09f8c
extended_dp1_dc0_ud1_nb2000	254	8	9c7afc08130d80de
extended_dp1_dc0_ud1_nb2000	255	83	86607f750aea51b6
extended_dp1_dc0_ud1_nb2000	256	2	551a63c2d76181f6
extended_dp1_dc0_ud1_nb2000	257	14	1eb2342b5e9931e7
extended_dp1_dc0_ud1_nb2000	258	83	bacf2bfae27bcbac
extended_dp1_dc0_ud1_nb2000	259	33	2f643bfed1eeaa01
extended_dp1_dc0_ud1_nb2000	260	2	adbb7c7175eb6e52
extended_dp1_dc0_ud1_nb2000	261	2	f76307a603dd2a5d
extended_dp1_dc0_ud1_nb2000	262	7	f97c32f3f992221b
extended_dp1_dc0_ud1_nb2000	263	7	fd6d2a785103841e
extended_dp1_dc0_ud1_nb2000	264	29	3f603d30f3ce3f9f
extended_dp1_dc0_ud1_nb2000	265	6	4986a5545daf0830
extended_dp1_dc0_ud1_nb2000	266	6	ba20ef3b6b3e2918
extended_dp1_dc0_ud1_nb2000	267	3	318574d728fb4773
extended_dp1_dc0_ud1_nb2000	268	1	25aef9909dfea048
extended_dp1_dc0_ud1_nb2000	269	74	afb8c306b750e958
extended_dp1_dc0_ud1_nb2000	270	27	2c5c138a416a0740
extended_dp1_dc0_ud1_nb2000	271	184	e0077433163c38bd
extended_dp1_dc0_ud1_nb2000	272	88	2fb13e50c3b6bd57
extended_dp1_dc0_ud1_nb2000	273	2	6f51285605f5b665
extended_dp1_dc0_ud1_nb2000	274	40	03b4c9289b27a110
extended_dp1_dc0_ud1_nb2000	275	3	33846b194a9c5819
extended_dp1_dc0_ud1_nb2000	276	194	a381f22f54a3826a
extended_dp1_dc0_ud1_nb2000	277	11	1c96d5678ec3f6bd
extended_dp1_dc0_ud1_nb2000	278	186	31a64a6ca72c1498
extended_dp1_dc0_ud1_nb2000	279	30	06e9b905f83696c5
extended_dp1_dc0_ud1_nb2000	280	7	b73b7c66198298c4
extended_dp1_dc0_ud1_nb2000	281	1	3abc652ea33e17a5
extended_dp1_dc0_ud1_nb2000	282	2	9a10022c0daaddb3
extended_dp1_dc0_ud1_nb2000	283	20	7eccfb456bc24b9c
extended_dp1_dc0_ud1_nb2000	284	5	33be49397f38c1c0
extended_dp1_dc0_ud1_nb2000	285	20	dabdcf6241c18d86
extended_dp1_dc0_ud1_nb2000	286	13	e0c9169940268f94
extended_dp1_dc0_ud1_nb2000	287	209	a924404b10d17f98
extended_dp1_dc0_ud1_nb2000	288	6	6579e3de6c71cd63
extended_dp1_dc0_ud1_nb2000	289	1	adf4e0e63c574ffd
extended_dp1_dc0_ud1_nb2000	290	2	0f3051d3fcbf1a41
extended_dp1_dc0_ud1_nb2000	291	209	e815587d18eae242
extended_dp1_dc0_ud1_nb2000	292	3	97def42dec590a3f
extended_dp1_dc0_ud1_nb2000	293	204	cc70064171db5a0a
extended_dp1_dc0_ud1_nb2000	294	78	6875448bbec2820f
extended_dp1_dc0_ud1_nb2000	295	1	6d6c9be064bbef04
extended_dp1_dc0_ud1_nb2000	296	194	9a4e19d0dff8dc83
extended_dp1_dc0_ud1_nb2000	297	204	683828f2d6af754e
extended_dp1_dc0_ud1_nb2000	298	2	b4231c8b8bf14136
extended_dp1_dc0_ud1_nb2000	299	1	ec9a11734f43ecd8
extended_dp1_dc0_ud1_nb2000	300	5	3f94bc087489c8e4
extended_dp1_dc0_ud1_nb2000	301	75	b39c1872376cad17
extended_dp1_dc0_ud1_nb2000	302	12	438888afca2bcd91
extended_dp1_dc0_ud1_nb2000	303	6	adb56fe1642e028b
extended_dp1_dc0_ud1_nb2000	304	7	8c0044053a1f4092
extended_dp1_dc0_ud1_nb2000	305	39	0d98dd3f7a9e36c3
extended_dp1_dc0_ud1_nb2000	306	17	1e02c21a67d0fc02
extended_dp1_dc0_ud1_nb2000	307	31	468a88e689b5be47
extended_dp1_dc0_ud1_nb2000	308	209	7302bbb10b4d9510
extended_dp1_dc0_ud1_nb2000	309	4	91770c86f0b32675
extended_dp1_dc0_ud1_nb2000	310	3	a19a9ddc616bc40b
extended_dp1_dc0_ud1_nb2000	311	5	eb26a6b2edf79306
extended_dp1_dc0_ud1_nb2000	312	81	8d5ef0adad140231
extended_dp1_dc0_ud1_nb2000	313	77	ec6cfe6384544ef6
extended_dp1_dc0_ud1_nb2000	314	89	1dc5dab97f044e14
extended_dp1_dc0_ud1_nb2000	315	1	1ab4e6773c971447
extended_dp1_dc0_ud1_nb2000	316	199	76bf34e2299653f0
extended_dp1_dc0_ud1_nb2000	317	5	a57c653d40b9330e
extended_dp1_dc0_ud1_nb2000	318	3	0be369303603bc54
extended_dp1_dc0_ud1_nb2000	319	191	e2b76efe028c1569
extended_dp1_dc0_ud1_nb2000	320	40	50930bd85f341f4e
extended_dp1_dc0_ud1_nb2000	321	28	6713869f4efc9fe2
extended_dp1_dc0_ud1_nb2000	322	79	4e4335fd77740e14
extended_dp1_dc0_ud1_nb2000	323	28	b8910d6196bf5af6
extended_dp1_dc0_ud1_nb2000	324	30	6516bcfde0a959ee
extended_dp1_dc0_ud1_nb2000	325	10	052b710361a63ec6
extended_dp1_dc0_ud1_nb2000	326	77	b57291e2dd26a862
extended_dp1_dc0_ud1_nb2000	327	3	d1fb661b574d678c
extended_dp1_dc0_ud1_nb2000	328	14	b05202c9adf9f33a
extended_dp1_dc0_ud1_nb2000	329	2	461827dfc2a8b43f
extended_dp1_dc0_ud1_nb2000	330	89	bccb749d87e35dee
extended_dp1_dc0_ud1_nb2000	331	1	a1b05ad8878eddbd
extended_dp1_dc0_ud1_nb2000	332	70	5a52ff1f6e902dcf
extended_dp1_dc0_ud1_nb2000	333	84	eda93e566967aa96
extended_dp1_dc0_ud1_nb2000	334	196	f906bc12c38be603
extended_dp1_dc0_ud1_nb2000	335	38	4023cafc461b62f6
extended_dp1_dc0_ud1_nb2000	336	94	182945bb11b79422
extended_dp1_dc0_ud1_nb2000	337	8	027765e0cef51c1c
extended_dp1_dc0_ud1_nb2000	338	72	b2e5131a0d471154
extended_dp1_dc0_ud1_nb2000	339	92	d9f340cc3f8ebdca
extended_dp1_dc0_ud1_nb2000	340	32	18569e9ca18b81cc
extended_dp1_dc0_ud1_nb2000	341	2	ad98a9842eda811a
extended_dp1_dc0_ud1_nb2000	342	33	8296b199adef1c6e
extended_dp1_dc0_ud1_nb2000	343	188	97f9de9152fea25d
extended_dp1_dc0_ud1_nb2000	344	15	950a06ac34faeaec
extended_dp1_dc0_ud1_nb2000	345	31	fc594e1b7e3d261a
extended_dp1_dc0_ud1_nb2000	346	85	9800cad06d779482
extended_dp1_dc0_ud1_nb2000	347	2	73786eace44df5fe
extended_dp1_dc0_ud1_nb2000	348	5	a3cd0c88ea908c0a
extended_dp1_dc0_ud1_nb2000	349	27	aa624dfcca389cab
extended_dp1_dc0_ud1_nb2000	350	12	ac05af76388a9cb6
extended_dp1_dc0_ud1_nb2000	351	16	f47ef809cfd558ae
extended_dp1_dc0_ud1_nb2000	352	1	8424221c01ab377a
extended_dp1_dc0_ud1_nb2000	353	32	3a2a6bcca626b0e2
extended_dp1_dc0_ud1_nb2000	354	2	5bda2ca495a4ab74
extended_dp1_dc0_ud1_nb2000	355	3	a581d4f3412436ff
extended_dp1_dc0_ud1_nb2000	356	1	0de197205f786e7e
extended_dp1_dc0_ud1_nb2000	357	38	8433b79a1b7d5c01
extended_dp1_dc0_ud1_nb2000	358	2	f9fa6bf430f95da3
extended_dp1_dc0_ud1_nb2000	359	4	d9ec5d7e2cac1565
extended_dp1_dc0_ud1_nb2000	360	9	993cc61af4457b30
extended_dp1_dc0_ud1_nb2000	361	2	c6d90e3c7d693bdd
extended_dp1_dc0_ud1_nb2000	362	70	80656977e6a2d4ea
extended_dp1_dc0_ud1_nb2000	363	200	baca56e99b560155
extended_dp1_dc0_ud1_nb2000	364	9	22adfe28dfc25f68
extended_dp1_dc0_ud1_nb2000	365	2	0acbb33a757090a6
extended_dp1_dc0_ud1_nb2000	366	2	198c1f0846c5965f
extended_dp1_dc0_ud1_nb2000	367	8	983f5743d9aa7e64
extended_dp1_dc0_ud1_nb2000	368	1	eef15e6694a23b83
extended_dp1_dc0_ud1_nb2000	369	28	4e0913652313343b
extended_dp1_dc0_ud1_nb2000	370	6	c2b6a6d77ac0c54c
extended_dp1_dc0_ud1_nb2000	371	2	4cd07f8f33b23519
extended_dp1_dc0_ud1_nb2000	372	6	56a48d0fb6cf2544
extended_dp1_dc0_ud1_nb2000	373	7	56d6124a2a2bdbcb
extended_dp1_dc0_ud1_nb2000	374	86	2776a244c5ef71b7
extended_dp1_dc0_ud1_nb2000	375	83	18772eadbe1728a1
extended_dp1_dc0_ud1_nb2000	376	10	2d5dfe6461720c7c
extended_dp1_dc0_ud1_nb2000	377	2	c417926d6aea0d9a
extended_dp1_dc0_ud1_nb2000	378	6	409548856d2c5bdd
extended_dp1_dc0_ud1_nb2000	379	8	f7bf4b46fdb7bfe6
extended_dp1_dc0_ud1_nb2000	380	93	fc8d6a3826c74d02
extended_dp1_dc0_ud1_nb2000	381	5	8adf936efbae1c82
extended_dp1_dc0_ud1_nb2000	382	2	ee235b847f480214
extended_dp1_dc0_ud1_nb2000	383	2	1ca0393d8d48778c
extended_dp1_dc0_ud1_nb2000	384	4	72b491db44d93aa9
extended_dp1_dc0_ud1_nb2000	385	2	60e9a85e50134bc4
extended_dp1_dc0_ud1_nb2000	386	181	ac222217ecdc8153
extended_dp1_dc0_ud1_nb2000	387	10	e2bdfb092d82d632
extended_dp1_dc0_ud1_nb2000	388	91	946b05dfad73719b
extended_dp1_dc0_ud1_nb2000	389	90	7ce444d8ed720056
extended_dp1_dc0_ud1_nb2000	390	9	7f6fcec8c293d70d
extended_dp1_dc0_ud1_nb2000	391	9	1fcfa7a41f5825fe
extended_dp1_dc0_ud1_nb2000	392	30	8ea2ba5cb08b3b10
extended_dp1_dc0_ud1_nb2000	393	13	cfc5242a35fbce88
extended_dp1_dc0_ud1_nb2000	394	2	9e5b2dc50953735f
extended_dp1_dc0_ud1_nb2000	395	11	9175e46cd721cce9
extended_dp1_dc0_ud1_nb2000	396	28	04d49af4bec1ee62
extended_dp1_dc0_ud1_nb2000	397	68	c34d96bcb8f332b2
extended_dp1_dc0_ud1_nb2000	398	212	0c2ec80285631f27
extended_dp1_dc0_ud1_nb2000	399	6	357806859da125e5
extended_dp0_dc1_ud0_nb0	0	2	fe3877f9123caf6f
extended_dp0_dc1_ud0_nb0	1	33	a068d8f4c7fb1b5b
extended_dp0_dc1_ud0_nb0	2	219	3363942d5e72ae7a
extended_dp0_dc1_ud0_nb0	3	3	5ce12fbe07e08005
extended_dp0_dc1_ud0_nb0	4	82	b09aeddd6cd672c3
extended_dp0_dc1_ud0_nb0	5	6	9f3bdd4a1a82f7f1
extended_dp0_dc1_ud0_nb0	6	90	0400d717ab3e8914
extended_dp0_dc1_ud0_nb0	7	233	0db792bf849717cd
extended_dp0_dc1_ud0_nb0	8	217	e96e5a9022ca8981
extended_dp0_dc1_ud0_nb0	9	85	8d453a0167050803
extended_dp0_dc1_ud0_nb0	10	90	f1b40119945689aa
extended_dp0_dc1_ud0_nb0	11	93	288bb17c96929fed
extended_dp0_dc1_ud0_nb0	12	6	39da76a7e5af2164
extended_dp0_dc1_ud0_nb0	13	2	4fa0cf4bc5d18d38
extended_dp0_dc1_ud0_nb0	14	6	7e24d0980be9209e
extended_dp0_dc1_ud0_nb0	15	6	012258a004560569
extended_dp0_dc1_ud0_nb0	16	40	89776fb7fa934fe0
extended_dp0_dc1_ud0_nb0	17	2	5420621e61e6b2de
extended_dp0_dc1_ud0_nb0	18	6	fc5988a11a4a07f9
extended_dp0_dc1_ud0_nb0	19	3	c63fff000772e58b
extended_dp0_dc1_ud0_nb0	20	88	573806f4cdcddb79
extended_dp0_dc1_ud0_nb0	21	83	e132c29eeacf402d
extended_dp0_dc1_ud0_nb0	22	3	1bed7a6b96bbcec8
extended_dp0_dc1_ud0_nb0	23	201	a2e98f08281ecb2c
extended_dp0_dc1_ud0_nb0	24	2	4ee24f53fa50f5fb
extended_dp0_dc1_ud0_nb0	25	2	210c11ef7723c39c
extended_dp0_dc1_ud0_nb0	26	31	8ab878c36a3ba915
extended_dp0_dc1_ud0_nb0	27	2	3885165b33459ef6
extended_dp0_dc1_ud0_nb0	28	11	7e426ee299c644c4
extended_dp0_dc1_ud0_nb0	29	2	f03880e8e84e6a4f
extended_dp0_dc1_ud0_nb0	30	6	b854c5ee41dae81c
extended_dp0_dc1_ud0_nb0	31	2	fd1674dfae946a3e
extended_dp0_dc1_ud0_nb0	32	212	fce684a1be18c90b
extended_dp0_dc1_ud0_nb0	33	3	fb073d01787c3389
extended_dp0_dc1_ud0_nb0	34	6	ffdd6b2f7afbfdee
extended_dp0_dc1_ud0_nb0	35	210	a60eae327c4ca1e3
extended_dp0_dc1_ud0_nb0	36	11	24e2b036cc6f1c38
extended_dp0_dc1_ud0_nb0	37	97	0644a929a63da5e6
extended_dp0_dc1_ud0_nb0	38	31	d2c698f881bc7e91
extended_dp0_dc1_ud0_nb0	39	207	6d711673faef0f3a
extended_dp0_dc1_ud0_nb0	40	228	52882c5cdb58b23e
extended_dp0_dc1_ud0_nb0	41	38	783cff8e43b50946
extended_dp0_dc1_ud0_nb0	42	11	b42dbeddea47118e
extended_dp0_dc1_ud0_nb0	43	2	d62bc83a3fc4ad67
extended_dp0_dc1_ud0_nb0	44	3	1b0ec72d164d2bd9
extended_dp0_dc1_ud0_nb0	45	11	9f3c5bbd8f2a8210
extended_dp0_dc1_ud0_nb0	46	31	75c64c3b809de9d4
extended_dp0_dc1_ud0_nb0	47	88	3142728e59216659
extended_dp0_dc1_ud0_nb0	48	11	bc23a84254cd8afc
extended_dp0_dc1_ud0_nb0	49	6	c5644da997a296a4
extended_dp0_dc1_ud0_nb0	50	3	80ac0c3c66e2a95d
extended_dp0_dc1_ud0_nb0	51	38	609cc9d80e18297c
extended_dp0_dc1_ud0_nb0	52	2	5f7bd191f9ea2b7d
extended_dp0_dc1_ud0_nb0	53	13	85a60e681caa21d3
extended_dp0_dc1_ud0_nb0	54	6	f4728bdf9a3a4ee7
extended_dp0_dc1_ud0_nb0	55	82	e0b972915279ee9c
extended_dp0_dc1_ud0_nb0	56	11	8918f3c89447f79d
extended_dp0_dc1_ud0_nb0	57	2	d8c21a02c79c5d2f
extended_dp0_dc1_ud0_nb0	58	6	176080b15b3555b2
extended_dp0_dc1_ud0_nb0	59	32	740aa2d4e49db601
extended_dp0_dc1_ud0_nb0	60	3	61070690beee6f2a
extended_dp0_dc1_ud0_nb0	61	2	3f0ec68644b4d988
extended_dp0_dc1_ud0_nb0	62	3	631c18c05f4786ca
extended_dp0_dc1_ud0_nb0	63	32	4a64cb80418d390b
extended_dp0_dc1_ud0_nb0	64	87	66872c1dfbbb4c8b
extended_dp0_dc1_ud0_nb0	65	6	2db1a3fc4ddb8a35
extended_dp0_dc1_ud0_nb0	66	3	09917b61d0641400
extended_dp0_dc1_ud0_nb0	67	11	54896b534fc1b67f
extended_dp0_dc1_ud0_nb0	68	11	3fa47d83402efd72
extended_dp0_dc1_ud0_nb0	69	94	5260d64d55236819
extended_dp0_dc1_ud0_nb0	70	6	b3de37565e82ceda
extended_dp0_dc1_ud0_nb0	71	18	9aeda4b9cc98c1f3
extended_dp0_dc1_ud0_nb0	72	31	6ebe3ff5fbec24b7
extended_dp0_dc1_ud0_nb0	73	84	4e7586dc26d17867
extended_dp0_dc1_ud0_nb0	74	3	1fa1bda149e03db8
extended_dp0_dc1_ud0_nb0	75	3	27658063d81c7912
extended_dp0_dc1_ud0_nb0	76	83	2222be36a8b3c25c
extended_dp0_dc1_ud0_nb0	77	2	78571ef702fe8a78
extended_dp0_dc1_ud0_nb0	78	3	561e686feba94de6
extended_dp0_dc1_ud0_nb0	79	14	0dd7043716f76838
extended_dp0_dc1_ud0_nb0	80	2	9f593181c17f51ce
extended_dp0_dc1_ud0_nb0	81	14	259feb26545b4e92
extended_dp0_dc1_ud0_nb0	82	205	e8ca7f422d738e4b
extended_dp0_dc1_ud0_nb0	83	6	5f94cf4cd0c25e78
extended_dp0_dc1_ud0_nb0	84	3	98be6817fedd840d
extended_dp0_dc1_ud0_nb0	85	81	b9821b2dc5f677e4
extended_dp0_dc1_ud0_nb0	86	11	6409d6e79cc4c8e5
extended_dp0_dc1_ud0_nb0	87	33	06f307c3e6244f1d
extended_dp0_dc1_ud0_nb0	88	36	95d9708417285a03
extended_dp0_dc1_ud0_nb0	89	217	7229f831afb45dba
extended_dp0_dc1_ud0_nb0	90	3	34f7b7a47589cbb8
extended_dp0_dc1_ud0_nb0	91	214	1e2addf07456def4
extended_dp0_dc1_ud0_nb0	92	8	86e10ac9c5a09a09
extended_dp0_dc1_ud0_nb0	93	11	b03390e74825c584
extended_dp0_dc1_ud0_nb0	94	6	f33ee757f2edc937
extended_dp0_dc1_ud0_nb0	95	214	eb0d7f9518b97ded
extended_dp0_dc1_ud0_nb0	96	92	dfbcd3a351cf6dc1
extended_dp0_dc1_ud0_nb0	97	6	cd9d44625ad62644
extended_dp0_dc1_ud0_nb0	98	6	b0cc7f5369c8b3f8
extended_dp0_dc1_ud0_nb0	99	14	6d03ded3d69cba19
extended_dp0_dc1_ud0_nb0	100	14	64549493c6a0b14b
extended_dp0_dc1_ud0_nb0	101	3	5713dd7830461484
extended_dp0_dc1_ud0_nb0	102	81	f123219314ad3d29
extended_dp0_dc1_ud0_nb0	103	41	c44981e6e1d9f9f9
extended_dp0_dc1_ud0_nb0	104	2	548f1ccaebf16d95
extended_dp0_dc1_ud0_nb0	105	2	33b5365d16a95dba
extended_dp0_dc1_ud0_nb0	106	31	72f47e76daf2f2c2
extended_dp0_dc1_ud0_nb0	107	222	d0c36752691fcc3e
extended_dp0_dc1_ud0_nb0	108	87	12e1aa52a4bd6dd4
extended_dp0_dc1_ud0_nb0	109	33	b4cc3d106161a7e3
extended_dp0_dc1_ud0_nb0	110	7	3f008ce83d2b014a
extended_dp0_dc1_ud0_nb0	111	3	fdb1fbf425fbf5f1
extended_dp0_dc1_ud0_nb0	112	6	02beb0f9522c8445
extended_dp0_dc1_ud0_nb0	113	2	60b1555914b64347
extended_dp0_dc1_ud0_nb0	114	209	d62dd43c9445b1db
extended_dp0_dc1_ud0_nb0	115	3	4935310ffba98b1e
extended_dp0_dc1_ud0_nb0	116	3	188df6e0b9010d74
extended_dp0_dc1_ud0_nb0	117	219	211aa11d7683e384
extended_dp0_dc1_ud0_nb0	118	209	4cb0755e512e1326
extended_dp0_dc1_ud0_nb0	119	2	fa3b1b21769c99bc
extended_dp0_dc1_ud0_nb0	120	216	f6a6c1a6220ffaf0
extended_dp0_dc1_ud0_nb0	121	90	0184a50e70713404
extended_dp0_dc1_ud0_nb0	122	218	52f8b19eb0d7408e
extended_dp0_dc1_ud0_nb0	123	2	737f3e1167508935
extended_dp0_dc1_ud0_nb0	124	91	5d555a205f5b1788
extended_dp0_dc1_ud0_nb0	125	6	2205d22353cb8f63
extended_dp0_dc1_ud0_nb0	126	11	1c37935721ed89a9
extended_dp0_dc1_ud0_nb0	127	2	11415ff7efeb9160
extended_dp0_dc1_ud0_nb0	128	31	331d4c149d24b716
extended_dp0_dc1_ud0_nb0	129	91	05e98ec21c1e8871
extended_dp0_dc1_ud0_nb0	130	2	af2325e713679114
extended_dp0_dc1_ud0_nb0	131	221	37dfc552349161e7
extended_dp0_dc1_ud0_nb0	132	219	a1de229105de0760
extended_dp0_dc1_ud0_nb0	133	5	662eaf77173ddb60
extended_dp0_dc1_ud0_nb0	134	11	570b89302887f09e
extended_dp0_dc1_ud0_nb0	135	2	785032ef26619839
extended_dp0_dc1_ud0_nb0	136	2	cff4c6b51ab8d1e1
extended_dp0_dc1_ud0_nb0	137	3	a41f1b32a1b4d8bf
extended_dp0_dc1_ud0_nb0	138	204	4af4887c23baaee2
extended_dp0_dc1_ud0_nb0	139	217	ae23c99e5f9e9f51
extended_dp0_dc1_ud0_nb0	140	6	8e58e22dff6fe35c
extended_dp0_dc1_ud0_nb0	141	11	04aeb55ae8922bb0
extended_dp0_dc1_ud0_nb0	142	11	fcf07a5cf662b741
extended_dp0_dc1_ud0_nb0	143	2	1b54d0530affef27
extended_dp0_dc1_ud0_nb0	144	13	a33caeb7d910157b
extended_dp0_dc1_ud0_nb0	145	86	c647ed747c51dc91
extended_dp0_dc1_ud0_nb0	146	80	ce695ad73a8ec84a
extended_dp0_dc1_ud0_nb0	147	31	5e0e5f07e82419a7
extended_dp0_dc1_ud0_nb0	148	31	4740cf895b6b6b3c
extended_dp0_dc1_ud0_nb0	149	2	0e7a7d4215ecf15a
extended_dp0_dc1_ud0_nb0	150	6	dc90e42808b7321e
extended_dp0_dc1_ud0_nb0	151	11	169dc4525772d3de
extended_dp0_dc1_ud0_nb0	152	86	4316d568cc9d7a18
extended_dp0_dc1_ud0_nb0	153	217	74478ce2c58447e4
extended_dp0_dc1_ud0_nb0	154	2	d160fa2bda5374f3
extended_dp0_dc1_ud0_nb0	155	84	f6ff7c7ecf9451cb
extended_dp0_dc1_ud0_nb0	156	34	da086e28e9a20130
extended_dp0_dc1_ud0_nb0	157	3	8488d59377cdcfd3
extended_dp0_dc1_ud0_nb0	158	6	766decfbeae25c81
extended_dp0_dc1_ud0_nb0	159	81	b2b805ef6e7910ea
extended_dp0_dc1_ud0_nb0	160	11	eaf5fc3dd030bb68
extended_dp0_dc1_ud0_nb0	161	3	40e50f4eb30e6155
extended_dp0_dc1_ud0_nb0	162	218	7fc3bbfa422e8005
extended_dp0_dc1_ud0_nb0	163	11	ad98a6246ad47041
extended_dp0_dc1_ud0_nb0	164	3	64ce08596bd5bea5
extended_dp0_dc1_ud0_nb0	165	3	2426a1e0d74b6fab
extended_dp0_dc1_ud0_nb0	166	222	3fcde0093d323b83
extended_dp0_dc1_ud0_nb0	167	85	4def1f65bea2b8af
extended_dp0_dc1_ud0_nb0	168	2	7f186e27c595ab14
extended_dp0_dc1_ud0_nb0	169	11	25e652f4b75e0be4
extended_dp0_dc1_ud0_nb0	170	2	9a10e7aed7584972
extended_dp0_dc1_ud0_nb0	171	81	f9e653d144f6e83b
extended_dp0_dc1_ud0_nb0	172	7	e043b8efcd7293ea
extended_dp0_dc1_ud0_nb0	173	10	319c35eec23e6eaf
extended_dp0_dc1_ud0_nb0	174	33	fca4240949957f38
extended_dp0_dc1_ud0_nb0	175	2	72c15ba8f0c9d153
extended_dp0_dc1_ud0_nb0	176	225	5dff5cc51c6522b5
extended_dp0_dc1_ud0_nb0	177	3	3a354318f1ad9605
extended_dp0_dc1_ud0_nb0	178	2	edb8b080a73ec176
extended_dp0_dc1_ud0_nb0	179	85	f944d01076d58670
extended_dp0_dc1_ud0_nb0	180	212	f6b4f444174b253f
extended_dp0_dc1_ud0_nb0	181	91	14ae0ed37c622544
extended_dp0_dc1_ud0_nb0	182	6	ff71b5097cbe6a94
extended_dp0_dc1_ud0_nb0	183	3	7f317189aa4c185a
extended_dp0_dc1_ud0_nb0	184	11	ab413aee1fe76e08
extended_dp0_dc1_ud0_nb0	185	216	ee056fb512848f18
extended_dp0_dc1_ud0_nb0	186	5	42279d51c85f5796
extended_dp0_dc1_ud0_nb0	187	92	71b0bf088b8ff145
extended_dp0_dc1_ud0_nb0	188	6	b7ab0beb53140468
extended_dp0_dc1_ud0_nb0	189	3	b707e8613282f6a0
extended_dp0_dc1_ud0_nb0	190	3	01ea72aab73b6f2d
extended_dp0_dc1_ud0_nb0	191	217	f35358f8537519d3
extended_dp0_dc1_ud0_nb0	192	6	6601abc543e60189
extended_dp0_dc1_ud0_nb0	193	3	2d3a9352ff8fbc56
extended_dp0_dc1_ud0_nb0	194	82	fd51374754ba64ac
extended_dp0_dc1_ud0_nb0	195	89	6a598324dc85d2f8
extended_dp0_dc1_ud0_nb0	196	215	760a745018d83f85
extended_dp0_dc1_ud0_nb0	197	11	86470d2097d4c64b
extended_dp0_dc1_ud0_nb0	198	3	ce238d187758e508
extended_dp0_dc1_ud0_nb0	199	11	b3cd1e83f687e66f
extended_dp0_dc1_ud0_nb0	200	82	b7046ddc96df5683
extended_dp0_dc1_ud0_nb0	201	6	2ab636e41b5c58cc
extended_dp0_dc1_ud0_nb0	202	3	ad5adcf2242e03e9
extended_dp0_dc1_ud0_nb0	203	31	32ae8e057d742c31
extended_dp0_dc1_ud0_nb0	204	94	73b96a226052a567
extended_dp0_dc1_ud0_nb0	205	11	4631132bb4b62b25
extended_dp0_dc1_ud0_nb0	206	225	34886ab14e0829e2
extended_dp0_dc1_ud0_nb0	207	89	15eaf65d6a4c0c79
extended_dp0_dc1_ud0_nb0	208	86	383936d87933e86f
extended_dp0_dc1_ud0_nb0	209	2	7e406aca15207b29
extended_dp0_dc1_ud0_nb0	210	3	27aa91d89ced92ad
extended_dp0_dc1_ud0_nb0	211	11	0888f8556a270c22
extended_dp0_dc1_ud0_nb0	212	13	a97c147b04b7eb80
extended_dp0_dc1_ud0_nb0	213	3	6fdef77cd5f3ed9c
extended_dp0_dc1_ud0_nb0	214	31	cd4f9776ac209437
extended_dp0_dc1_ud0_nb0	215	6	6c65c2615bc0b46c
extended_dp0_dc1_ud0_nb0	216	84	d3dd684c8df0943d
extended_dp0_dc1_ud0_nb0	217	11	2eab2b79ea9bf2ea
extended_dp0_dc1_ud0_nb0	218	11	07269e04d191e45a
extended_dp0_dc1_ud0_nb0	219	6	2dd88123aab08ef5
extended_dp0_dc1_ud0_nb0	220	33	67a53707807127c5
extended_dp0_dc1_ud0_nb0	221	11	951f1d7b75c6e189
extended_dp0_dc1_ud0_nb0	222	2	155847d504fd75bd
extended_dp0_dc1_ud0_nb0	223	3	68b644ea8629cdf0
extended_dp0_dc1_ud0_nb0	224	13	b27396ab9f8dae07
extended_dp0_dc1_ud0_nb0	225	2	2832a96cf84da5d8
extended_dp0_dc1_ud0_nb0	226	230	62e97b3a1a1e99c8
extended_dp0_dc1_ud0_nb0	227	2	bfb74ba3b9454e97
extended_dp0_dc1_ud0_nb0	228	34	301b1b6c4234cc2b
extended_dp0_dc1_ud0_nb0	229	9	0dbf19a73929b27f
extended_dp0_dc1_ud0_nb0	230	85	6aa11878e094312a
extended_dp0_dc1_ud0_nb0	231	6	7cf25bdf9e5abfcd
extended_dp0_dc1_ud0_nb0	232	3	12e20895f979e9d1
extended_dp0_dc1_ud0_nb0	233	33	93be64582cdec132
extended_dp0_dc1_ud0_nb0	234	3	93f59ad12e846f0f
extended_dp0_dc1_ud0_nb0	235	88	473cf3bd1ce5bdb8
extended_dp0_dc1_ud0_nb0	236	2	00e649886ebb9e7c
extended_dp0_dc1_ud0_nb0	237	5	92d56a1e19495045
extended_dp0_dc1_ud0_nb0	238	31	b9d261a3d9d3e8d2
extended_dp0_dc1_ud0_nb0	239	2	4b70e50b8edc6292
extended_dp0_dc1_ud0_nb0	240	6	43fdb87312ea6c5c
extended_dp0_dc1_ud0_nb0	241	3	af4404150c063f13
extended_dp0_dc1_ud0_nb0	242	8	baab10b4051dd510
extended_dp0_dc1_ud0_nb0	243	33	b10cacf50f165a78
extended_dp0_dc1_ud0_nb0	244	3	c87e6e73c3a95ea8
extended_dp0_dc1_ud0_nb0	245	31	0788963b631012f0
extended_dp0_dc1_ud0_nb0	246	214	2722bffc79003082
extended_dp0_dc1_ud0_nb0	247	3	e0853c840dd1fdaf
extended_dp0_dc1_ud0_nb0	248	87	628706c4b8b22fde
extended_dp0_dc1_ud0_nb0	249	220	668df0fd718ecacd
extended_dp0_dc1_ud0_nb0	250	84	e6254acc52405727
extended_dp0_dc1_ud0_nb0	251	92	5fe8c73ec107d1ec
extended_dp0_dc1_ud0_nb0	252	11	2315dc6f70ea09de
extended_dp0_dc1_ud0_nb0	253	6	ce6cdcbd812a0a55
extended_dp0_dc1_ud0_nb0	254	9	eb02f38754eb940c
extended_dp0_dc1_ud0_nb0	255	87	66ce0311adcd988f
extended_dp0_dc1_ud0_nb0	256	2	551a63c2d76181f6
extended_dp0_dc1_ud0_nb0	257	15	a4b284951c2542eb
extended_dp0_dc1_ud0_nb0	258	88	dea16dd4cf42e530
extended_dp0_dc1_ud0_nb0	259	35	ee34798621636c36
extended_dp0_dc1_ud0_nb0	260	2	74defcaa3b35bd3c
extended_dp0_dc1_ud0_nb0	261	2	f76307a603dd2a5d
extended_dp0_dc1_ud0_nb0	262	8	61a6d2cc88315e5f
extended_dp0_dc1_ud0_nb0	263	6	cfb268392fa71828
extended_dp0_dc1_ud0_nb0	264	35	abf3a5bb2b1bdc79
extended_dp0_dc1_ud0_nb0	265	5	a6528b54d51e66ff
extended_dp0_dc1_ud0_nb0	266	6	ea804dbdcfc3326f
extended_dp0_dc1_ud0_nb0	267	3	40b38c95fc7c1aa6
extended_dp0_dc1_ud0_nb0	268	2	8d2a9efba4c33051
extended_dp0_dc1_ud0_nb0	269	84	46f631c6db06155c
extended_dp0_dc1_ud0_nb0	270	31	4a40607545430609
extended_dp0_dc1_ud0_nb0	271	203	363c301a1f10633e
extended_dp0_dc1_ud0_nb0	272	92	a493d12a2cd4a30e
extended_dp0_dc1_ud0_nb0	273	2	6f51285605f5b665
extended_dp0_dc1_ud0_nb0	274	42	d225226f4fa7f86f
extended_dp0_dc1_ud0_nb0	275	3	33846b194a9c5819
extended_dp0_dc1_ud0_nb0	276	209	7a05f602bc2a3cf7
extended_dp0_dc1_ud0_nb0	277	11	a1ccdbb953851a0f
extended_dp0_dc1_ud0_nb0	278	213	503e538a8ab0f12e
extended_dp0_dc1_ud0_nb0	279	32	a3ae239aef52ed44
extended_dp0_dc1_ud0_nb0	280	6	1bb7d1d818afd2d5
extended_dp0_dc1_ud0_nb0	281	3	092fe718dd2ba873
extended_dp0_dc1_ud0_nb0	282	2	9a10022c0daaddb3
extended_dp0_dc1_ud0_nb0	283	31	df6b7b535a54cf12
extended_dp0_dc1_ud0_nb0	284	6	df51c19f005dbde4
extended_dp0_dc1_ud0_nb0	285	18	9a32bb7946968489
extended_dp0_dc1_ud0_nb0	286	13	f146cfc379caeb8c
extended_dp0_dc1_ud0_nb0	287	220	f39520920921868f
extended_dp0_dc1_ud0_nb0	288	6	5a6ff5422d43f670
extended_dp0_dc1_ud0_nb0	289	3	74c1046dd66082f6
extended_dp0_dc1_ud0_nb0	290	2	755010a29b611eac
extended_dp0_dc1_ud0_nb0	291	215	16c03c32044d3b90
extended_dp0_dc1_ud0_nb0	292	3	e949d0f76c39e16e
extended_dp0_dc1_ud0_nb0	293	212	2cf8aa785cd8cc79
extended_dp0_dc1_ud0_nb0	294	86	41d1b0ac1a0a2b7a
extended_dp0_dc1_ud0_nb0	295	2	11246c95048adcd5
extended_dp0_dc1_ud0_nb0	296	208	1fc96e3c8335c90a
extended_dp0_dc1_ud0_nb0	297	213	120705a4b7372a92
extended_dp0_dc1_ud0_nb0	298	2	b4231c8b8bf14136
extended_dp0_dc1_ud0_nb0	299	3	567e560e6188f72f
extended_dp0_dc1_ud0_nb0	300	6	93effec1cd3c095d
extended_dp0_dc1_ud0_nb0	301	88	8b0afb445118fc37
extended_dp0_dc1_ud0_nb0	302	11	bd0753d1d1890f0b
extended_dp0_dc1_ud0_nb0	303	6	2b46fd55dcde153a
extended_dp0_dc1_ud0_nb0	304	11	a0a4d6fe894a3c3d
extended_dp0_dc1_ud0_nb0	305	40	b4c156095d7456b7
extended_dp0_dc1_ud0_nb0	306	16	7f373133ac01e286
extended_dp0_dc1_ud0_nb0	307	31	9e32a47988c4c91b
extended_dp0_dc1_ud0_nb0	308	217	e7338c668b8cab14
extended_dp0_dc1_ud0_nb0	309	3	9a811aa38df195a8
extended_dp0_dc1_ud0_nb0	310	3	dc5522b8da7bb01e
extended_dp0_dc1_ud0_nb0	311	6	1b0193d4c04fd0c5
extended_dp0_dc1_ud0_nb0	312	89	95650943c307c9a8
extended_dp0_dc1_ud0_nb0	313	85	58c3dbe670114e54
extended_dp0_dc1_ud0_nb0	314	89	ea763feb6ccdf1f8
extended_dp0_dc1_ud0_nb0	315	2	93bc5a015f549470
extended_dp0_dc1_ud0_nb0	316	218	b6bd8b8f099be6a6
extended_dp0_dc1_ud0_nb0	317	6	44515abdf099d302
extended_dp0_dc1_ud0_nb0	318	3	823f5d6c99a85f01
extended_dp0_dc1_ud0_nb0	319	216	0bcec6fc3dd396e1
extended_dp0_dc1_ud0_nb0	320	39	9a8bab24b3c85655
extended_dp0_dc1_ud0_nb0	321	33	2635fbd10cbdc39c
extended_dp0_dc1_ud0_nb0	322	89	57ed0688ea849877
extended_dp0_dc1_ud0_nb0	323	33	2bd86181932047fe
extended_dp0_dc1_ud0_nb0	324	35	35f90053d7df709c
extended_dp0_dc1_ud0_nb0	325	11	4b99816aa95fca34
extended_dp0_dc1_ud0_nb0	326	81	dd3de34ad8bfc61f
extended_dp0_dc1_ud0_nb0	327	3	a6c2ae93c967753e
extended_dp0_dc1_ud0_nb0	328	14	2b8c41733779d40c
extended_dp0_dc1_ud0_nb0	329	3	1330480530b8c61d
extended_dp0_dc1_ud0_nb0	330	91	7db22489fa006a05
extended_dp0_dc1_ud0_nb0	331	2	c1972642e2aa65d5
extended_dp0_dc1_ud0_nb0	332	81	ba59f2b03731094c
extended_dp0_dc1_ud0_nb0	333	89	075e636ea7c8d506
extended_dp0_dc1_ud0_nb0	334	209	17191566fbdfcb43
extended_dp0_dc1_ud0_nb0	335	35	4eb52f3b8087a37d
extended_dp0_dc1_ud0_nb0	336	98	49387d609354c79c
extended_dp0_dc1_ud0_nb0	337	11	1953b2569d4de9bf
extended_dp0_dc1_ud0_nb0	338	87	cece7bdb2b6a61cc
extended_dp0_dc1_ud0_nb0	339	96	361570068891943f
extended_dp0_dc1_ud0_nb0	340	37	98f69d3bd5bde0b8
extended_dp0_dc1_ud0_nb0	341	3	d181a6e83647ad76
extended_dp0_dc1_ud0_nb0	342	35	0f93737ac2404368
extended_dp0_dc1_ud0_nb0	343	217	417a60afe6bfe9f6
extended_dp0_dc1_ud0_nb0	344	15	170277343bf0ed6e
extended_dp0_dc1_ud0_nb0	345	31	9901d3fa1d9cd609
extended_dp0_dc1_ud0_nb0	346	86	146316a092e26c53
extended_dp0_dc1_ud0_nb0	347	3	59240dfce15837b3
extended_dp0_dc1_ud0_nb0	348	6	d008af8e6f1eb378
extended_dp0_dc1_ud0_nb0	349	31	70ef94e74d59b821
extended_dp0_dc1_ud0_nb0	350	13	d0838f026cf57474
extended_dp0_dc1_ud0_nb0	351	14	b8677be0374fcf69
extended_dp0_dc1_ud0_nb0	352	2	7e8a7abe1526356c
extended_dp0_dc1_ud0_nb0	353	36	ff59164183b67eac
extended_dp0_dc1_ud0_nb0	354	3	ae1fcf21cf36245e
extended_dp0_dc1_ud0_nb0	355	3	95f66d4114646871
extended_dp0_dc1_ud0_nb0	356	2	6d65c46feca98e8b
extended_dp0_dc1_ud0_nb0	357	36	f8f09b7597221bb0
extended_dp0_dc1_ud0_nb0	358	2	f9fa6bf430f95da3
extended_dp0_dc1_ud0_nb0	359	3	098105451cd10742
extended_dp0_dc1_ud0_nb0	360	11	e4e7d2cc0232a11d
extended_dp0_dc1_ud0_nb0	361	3	38ae65325ca707f5
extended_dp0_dc1_ud0_nb0	362	82	a9b0f7017d3c66fc
extended_dp0_dc1_ud0_nb0	363	208	39fb0bf8560505f1
extended_dp0_dc1_ud0_nb0	364	11	fbed45ec0fbf0601
extended_dp0_dc1_ud0_nb0	365	2	62d81744abb53f13
extended_dp0_dc1_ud0_nb0	366	2	198c1f0846c5965f
extended_dp0_dc1_ud0_nb0	367	11	0556a16ee0da747b
extended_dp0_dc1_ud0_nb0	368	2	995a48ddb7bf024f
extended_dp0_dc1_ud0_nb0	369	31	075aacdbdd1ccf82
extended_dp0_dc1_ud0_nb0	370	6	c31ef7faaea9bbc5
extended_dp0_dc1_ud0_nb0	371	2	4cd07f8f33b23519
extended_dp0_dc1_ud0_nb0	372	6	cc491e063b9ea7ee
extended_dp0_dc1_ud0_nb0	373	6	940f3e69d8318ea0
extended_dp0_dc1_ud0_nb0	374	89	3e8722affb127845
extended_dp0_dc1_ud0_nb0	375	89	6fb952bccc3d4f5c
extended_dp0_dc1_ud0_nb0	376	11	15895f245482cd73
extended_dp0_dc1_ud0_nb0	377	2	c417926d6aea0d9a
extended_dp0_dc1_ud0_nb0	378	6	304786d3ec7e0f4c
extended_dp0_dc1_ud0_nb0	379	11	2244b5f63ff2ada6
extended_dp0_dc1_ud0_nb0	380	97	c2f8837306a85281
extended_dp0_dc1_ud0_nb0	381	6	86cf5a728b9dc93f
extended_dp0_dc1_ud0_nb0	382	2	ee235b847f480214
extended_dp0_dc1_ud0_nb0	383	3	81352e3ce0470eb3
extended_dp0_dc1_ud0_nb0	384	3	21bed12db54d8f82
extended_dp0_dc1_ud0_nb0	385	2	60e9a85e50134bc4
extended_dp0_dc1_ud0_nb0	386	210	ad8e8f8d42a9fde7
extended_dp0_dc1_ud0_nb0	387	11	0167d4d7cfd385af
extended_dp0_dc1_ud0_nb0	388	91	27e73b906ce16646
extended_dp0_dc1_ud0_nb0	389	88	d68679c53975d822
extended_dp0_dc1_ud0_nb0	390	11	08ba09595cca6357
extended_dp0_dc1_ud0_nb0	391	11	21868d7deb80cef0
extended_dp0_dc1_ud0_nb0	392	31	8b9a745e7256ebca
extended_dp0_dc1_ud0_nb0	393	11	b5446e046187bfdf
extended_dp0_dc1_ud0_nb0	394	2	3a26d4d1964e45ce
extended_dp0_dc1_ud0_nb0	395	14	e6ccaf127e068933
extended_dp0_dc1_ud0_nb0	396	31	9927d62929a9121e
extended_dp0_dc1_ud0_nb0	397	81	4048221d0886434c
extended_dp0_dc1_ud0_nb0	398	224	8609f5f13c016f1e
extended_dp0_dc1_ud0_nb0	399	6	e8490d8144d89fbf
extended_dp0_dc1_ud0_nb2000	0	2	fe3877f9123caf6f
extended_dp0_dc1_ud0_nb2000	1	38	4cd661c7f96671e7
extended_dp0_dc1_ud0_nb2000	2	238	ea629ac81a3d2751
extended_dp0_dc1_ud0_nb2000	3	3	04752421978926ff
extended_dp0_dc1_ud0_nb2000	4	92	d970b840d0adba55
extended_dp0_dc1_ud0_nb2000	5	7	0818ae033e1ad3ba
extended_dp0_dc1_ud0_nb2000	6	99	012bb40c1d1c7976
extended_dp0_dc1_ud0_nb2000	7	267	525ce7e95f66b7d3
extended_dp0_dc1_ud0_nb2000	8	243	647216826b92a88c
extended_dp0_dc1_ud0_nb2000	9	94	d98235c5d5dfbade
extended_dp0_dc1_ud0_nb2000	10	104	44230b7520503c30
extended_dp0_dc1_ud0_nb2000	11	103	4755086534c39edd
extended_dp0_dc1_ud0_nb2000	12	6	e25a0797ac94cbf4
extended_dp0_dc1_ud0_nb2000	13	2	4fa0cf4bc5d18d38
extended_dp0_dc1_ud0_nb2000	14	6	06cb917caa7530f2
extended_dp0_dc1_ud0_nb2000	15	7	4b15990cd4098fb9
extended_dp0_dc1_ud0_nb2000	16	47	fa6e29381a9f53bb
extended_dp0_dc1_ud0_nb2000	17	2	5420621e61e6b2de
extended_dp0_dc1_ud0_nb2000	18	7	6b458e44b271634a
extended_dp0_dc1_ud0_nb2000	19	3	5892385b1aec09f4
extended_dp0_dc1_ud0_nb2000	20	103	90bed79bc66a0e64
extended_dp0_dc1_ud0_nb2000	21	94	f5d3d97ab534fcb1
extended_dp0_dc1_ud0_nb2000	22	4	eaa8ad25233fea23
extended_dp0_dc1_ud0_nb2000	23	230	6d3afaee482a57dd
extended_dp0_dc1_ud0_nb2000	24	2	4ee24f53fa50f5fb
extended_dp0_dc1_ud0_nb2000	25	2	210c11ef7723c39c
extended_dp0_dc1_ud0_nb2000	26	34	a379c85d6d481855
extended_dp0_dc1_ud0_nb2000	27	2	7a76b7ba3a15016d
extended_dp0_dc1_ud0_nb2000	28	13	ddce45a3eeee84d8
extended_dp0_dc1_ud0_nb2000	29	2	0d2b0764438b4218
extended_dp0_dc1_ud0_nb2000	30	7	3fde2982b725e481
extended_dp0_dc1_ud0_nb2000	31	2	115a740f9cd9a619
extended_dp0_dc1_ud0_nb2000	32	242	f1a4ce797c1db3c0
extended_dp0_dc1_ud0_nb2000	33	3	fb073d01787c3389
extended_dp0_dc1_ud0_nb2000	34	7	95f76df4c545c7f3
extended_dp0_dc1_ud0_nb2000	35	235	5d0a3d17ec5397c9
extended_dp0_dc1_ud0_nb2000	36	12	bd9364852a3d2357
extended_dp0_dc1_ud0_nb2000	37	104	857f07112f5c4020
extended_dp0_dc1_ud0_nb2000	38	36	53444597ac6a1148
extended_dp0_dc1_ud0_nb2000	39	235	a2a689a16e534ecd
extended_dp0_dc1_ud0_nb2000	40	254	3a2627ed171d7f64
extended_dp0_dc1_ud0_nb2000	41	41	aeb2326e8aec28b6
extended_dp0_dc1_ud0_nb2000	42	13	1edb82639c240178
extended_dp0_dc1_ud0_nb2000	43	2	d62bc83a3fc4ad67
extended_dp0_dc1_ud0_nb2000	44	4	64bb20437661a3b9
extended_dp0_dc1_ud0_nb2000	45	12	c6b1aa2fc9ba64e1
extended_dp0_dc1_ud0_nb2000	46	36	dec0f76940c04000
extended_dp0_dc1_ud0_nb2000	47	94	021a6643e6845343
extended_dp0_dc1_ud0_nb2000	48	12	779f351714e1283e
extended_dp0_dc1_ud0_nb2000	49	6	2ce67d3a0a7e82bc
extended_dp0_dc1_ud0_nb2000	50	3	fd89f6049da2aafa
extended_dp0_dc1_ud0_nb2000	51	40	bad47207ca043fec
extended_dp0_dc1_ud0_nb2000	52	2	fd08e8dd823f631e
extended_dp0_dc1_ud0_nb2000	53	14	be7e385431dc601d
extended_dp0_dc1_ud0_nb2000	54	8	afea7491905a4a6e
extended_dp0_dc1_ud0_nb2000	55	91	dbfbd4b82d308e55
extended_dp0_dc1_ud0_nb2000	56	12	a63bba344f6203c6
extended_dp0_dc1_ud0_nb2000	57	2	d8c21a02c79c5d2f
extended_dp0_dc1_ud0_nb2000	58	7	8212b058ef36fa70
extended_dp0_dc1_ud0_nb2000	59	34	a7774d2497e4c70d
extended_dp0_dc1_ud0_nb2000	60	3	90e544c7aa820b5e
extended_dp0_dc1_ud0_nb2000	61	2	50c0e5e565e77d9f
extended_dp0_dc1_ud0_nb2000	62	3	490e58d435ecad3e
extended_dp0_dc1_ud0_nb2000	63	35	32c0c1166ee18532
extended_dp0_dc1_ud0_nb2000	64	97	d04a5f9f287e1812
extended_dp0_dc1_ud0_nb2000	65	6	18374a0373c87375
extended_dp0_dc1_ud0_nb2000	66	4	cf688d71ffe9a693
extended_dp0_dc1_ud0_nb2000	67	13	74ca2a455d773a67
extended_dp0_dc1_ud0_nb2000	68	12	0f6003f78eaa7dc4
extended_dp0_dc1_ud0_nb2000	69	108	525eccc12a652e88
extended_dp0_dc1_ud0_nb2000	70	7	0167c411519f02aa
extended_dp0_dc1_ud0_nb2000	71	19	5bdadc13128d0cbb
extended_dp0_dc1_ud0_nb2000	72	35	638a03f099018a7d
extended_dp0_dc1_ud0_nb2000	73	96	566c6219f35e70a7
extended_dp0_dc1_ud0_nb2000	74	3	1fa1bda149e03db8
extended_dp0_dc1_ud0_nb2000	75	3	27658063d81c7912
extended_dp0_dc1_ud0_nb2000	76	93	128bba9b3d747880
extended_dp0_dc1_ud0_nb2000	77	2	72f99e536ffd074b
extended_dp0_dc1_ud0_nb2000	78	3	561e686feba94de6
extended_dp0_dc1_ud0_nb2000	79	15	545612e70d814059
extended_dp0_dc1_ud0_nb2000	80	2	0fb37fca75143919
extended_dp0_dc1_ud0_nb2000	81	15	2d4d1d2408458a42
extended_dp0_dc1_ud0_nb2000	82	235	4648bdea2c7a9c62
extended_dp0_dc1_ud0_nb2000	83	6	f1015c348b042132
extended_dp0_dc1_ud0_nb2000	84	3	98be6817fedd840d
extended_dp0_dc1_ud0_nb2000	85	87	43ae84f27975ac21
extended_dp0_dc1_ud0_nb2000	86	12	9a5e444602a622f1
extended_dp0_dc1_ud0_nb2000	87	38	0697a8ffef21aa16
extended_dp0_dc1_ud0_nb2000	88	40	2bef6cef9b8356a7
extended_dp0_dc1_ud0_nb2000	89	241	5bea44e4dd96fa09
extended_dp0_dc1_ud0_nb2000	90	3	34f7b7a47589cbb8
extended_dp0_dc1_ud0_nb2000	91	235	f3b49bc38e73e35a
extended_dp0_dc1_ud0_nb2000	92	9	67ad0d3a5a79295e
extended_dp0_dc1_ud0_nb2000	93	12	2ae0b0ec6811134f
extended_dp0_dc1_ud0_nb2000	94	6	98a1472c66a9b589
extended_dp0_dc1_ud0_nb2000	95	247	9f4fdd6c99887c83
extended_dp0_dc1_ud0_nb2000	96	105	5c150dfc975526c2
extended_dp0_dc1_ud0_nb2000	97	6	d0f6ce909212a479
extended_dp0_dc1_ud0_nb2000	98	7	839aa0cc4e51c5b5
extended_dp0_dc1_ud0_nb2000	99	16	f6941bf7aee3c996
extended_dp0_dc1_ud0_nb2000	100	15	db4334400cf1fc36
extended_dp0_dc1_ud0_nb2000	101	4	d169faaa37a5c1e1
extended_dp0_dc1_ud0_nb2000	102	88	6e9322fe58a076c6
extended_dp0_dc1_ud0_nb2000	103	47	2d4d01a16a55c935
extended_dp0_dc1_ud0_nb2000	104	2	548f1ccaebf16d95
extended_dp0_dc1_ud0_nb2000	105	2	5e1645b8765c83f3
extended_dp0_dc1_ud0_nb2000	106	33	4218f099a80d3bbd
extended_dp0_dc1_ud0_nb2000	107	254	304e03c07e474e3f
extended_dp0_dc1_ud0_nb2000	108	98	e776f7b5329c913b
extended_dp0_dc1_ud0_nb2000	109	37	74727b4a96a4a3d1
extended_dp0_dc1_ud0_nb2000	110	8	df7d55b52ccd4212
extended_dp0_dc1_ud0_nb2000	111	3	01911c6ee2172564
extended_dp0_dc1_ud0_nb2000	112	7	136a89fc80798f9e
extended_dp0_dc1_ud0_nb2000	113	2	60b1555914b64347
extended_dp0_dc1_ud0_nb2000	114	236	198f52c35b2bd182
extended_dp0_dc1_ud0_nb2000	115	3	de6fd2bd545408c7
extended_dp0_dc1_ud0_nb2000	116	3	188df6e0b9010d74
extended_dp0_dc1_ud0_nb2000	117	250	922d4fbb9b912c3e
extended_dp0_dc1_ud0_nb2000	118	238	c202cfac5da21b3b
extended_dp0_dc1_ud0_nb2000	119	2	fa3b1b21769c99bc
extended_dp0_dc1_ud0_nb2000	120	243	b8406cc53fc2d753
extended_dp0_dc1_ud0_nb2000	121	99	ba54477bd8cb1978
extended_dp0_dc1_ud0_nb2000	122	242	85801a03361ed66d
extended_dp0_dc1_ud0_nb2000	123	2	737f3e1167508935
extended_dp0_dc1_ud0_nb2000	124	104	8b8e76567fc081a3
extended_dp0_dc1_ud0_nb2000	125	6	ee02dd66d95d2d06
extended_dp0_dc1_ud0_nb2000	126	12	6afa1dd045f2ea10
extended_dp0_dc1_ud0_nb2000	127	2	814dccc6d2006e69
extended_dp0_dc1_ud0_nb2000	128	33	339cd976be3061cd
extended_dp0_dc1_ud0_nb2000	129	101	990cc8c40e8e3630
extended_dp0_dc1_ud0_nb2000	130	2	af2325e713679114
extended_dp0_dc1_ud0_nb2000	131	249	446b09ac723ddf6f
extended_dp0_dc1_ud0_nb2000	132	250	22e7625da87905e6
extended_dp0_dc1_ud0_nb2000	133	6	b516e7d332f84d1d
extended_dp0_dc1_ud0_nb2000	134	12	b7a19d064e8b9377
extended_dp0_dc1_ud0_nb2000	135	2	785032ef26619839
extended_dp0_dc1_ud0_nb2000	136	2	cff4c6b51ab8d1e1
extended_dp0_dc1_ud0_nb2000	137	3	1dc709adf506815a
extended_dp0_dc1_ud0_nb2000	138	225	5a6f89f8e0b12170
extended_dp0_dc1_ud0_nb2000	139	243	889e9bcb869cec26
extended_dp0_dc1_ud0_nb2000	140	7	dc6d609246fee55b
extended_dp0_dc1_ud0_nb2000	141	13	73e1bad7e4fcd6ee
extended_dp0_dc1_ud0_nb2000	142	13	a7a2d9ffcf80236d
extended_dp0_dc1_ud0_nb2000	143	2	6ff6b8bc6619ae66
extended_dp0_dc1_ud0_nb2000	144	15	93bb6a4a778c53ae
extended_dp0_dc1_ud0_nb2000	145	95	37d03f95f8ba04e2
extended_dp0_dc1_ud0_nb2000	146	86	018a879396ff3d22
extended_dp0_dc1_ud0_nb2000	147	36	b366f135e8e6fd22
extended_dp0_dc1_ud0_nb2000	148	34	1c1c7e631a67982e
extended_dp0_dc1_ud0_nb2000	149	2	0e7a7d4215ecf15a
extended_dp0_dc1_ud0_nb2000	150	7	38fd4ada0da336f9
extended_dp0_dc1_ud0_nb2000	151	13	f3058003f71c775e
extended_dp0_dc1_ud0_nb2000	152	96	f224e00554e8cc88
extended_dp0_dc1_ud0_nb2000	153	242	8c0949dc29b3974a
extended_dp0_dc1_ud0_nb2000	154	2	60a2b5c9c2e0e62a
extended_dp0_dc1_ud0_nb2000	155	93	989cc172ff437c16
extended_dp0_dc1_ud0_nb2000	156	37	43a17d649568d86d
extended_dp0_dc1_ud0_nb2000	157	3	6a36bc7972855e92
extended_dp0_dc1_ud0_nb2000	158	7	1202f8cd1288644a
extended_dp0_dc1_ud0_nb2000	159	93	9bfca03b022400cb
extended_dp0_dc1_ud0_nb2000	160	11	eb1e8546f2633505
extended_dp0_dc1_ud0_nb2000	161	4	2224d338ee0c92e9
extended_dp0_dc1_ud0_nb2000	162	249	0314546bb6b7af82
extended_dp0_dc1_ud0_nb2000	163	12	1b17a717ee5f8a58
extended_dp0_dc1_ud0_nb2000	164	4	832f5c2fce7ba965
extended_dp0_dc1_ud0_nb2000	165	3	5c538693c1431f4b
extended_dp0_dc1_ud0_nb2000	166	247	420680a8a3955fcd
extended_dp0_dc1_ud0_nb2000	167	96	58980bf918a7aeba
extended_dp0_dc1_ud0_nb2000	168	2	7f186e27c595ab14
extended_dp0_dc1_ud0_nb2000	169	11	a2e05d8dfbe435b9
extended_dp0_dc1_ud0_nb2000	170	2	9a10e7aed7584972
extended_dp0_dc1_ud0_nb2000	171	92	20cc6b782a9c1d92
extended_dp0_dc1_ud0_nb2000	172	8	5e8a27341ca8cdd6
extended_dp0_dc1_ud0_nb2000	173	12	bdcdf892ad25c7db
extended_dp0_dc1_ud0_nb2000	174	38	de77196d874b8dee
extended_dp0_dc1_ud0_nb2000	175	2	72c15ba8f0c9d153
extended_dp0_dc1_ud0_nb2000	176	248	e02a37817406020b
extended_dp0_dc1_ud0_nb2000	177	3	c218bc9ef317b912
extended_dp0_dc1_ud0_nb2000	178	2	edb8b080a73ec176
extended_dp0_dc1_ud0_nb2000	179	95	ddaf0fc710ddb869
extended_dp0_dc1_ud0_nb2000	180	243	9437791c04ecde63
extended_dp0_dc1_ud0_nb2000	181	101	6c55ac4dc55f8d98
extended_dp0_dc1_ud0_nb2000	182	6	b5bec723cdeb5f21
extended_dp0_dc1_ud0_nb2000	183	4	11f7094f697eac0c
extended_dp0_dc1_ud0_nb2000	184	12	e621cab269565d98
extended_dp0_dc1_ud0_nb2000	185	242	fbc4745a150b048b
extended_dp0_dc1_ud0_nb2000	186	6	11760524a2054f12
extended_dp0_dc1_ud0_nb2000	187	107	c0de5552a8ff820b
extended_dp0_dc1_ud0_nb2000	188	6	095e851ce7fee1b7
extended_dp0_dc1_ud0_nb2000	189	3	4275562cef33e65f
extended_dp0_dc1_ud0_nb2000	190	3	01ea72aab73b6f2d
extended_dp0_dc1_ud0_nb2000	191	242	0938b9b9f77a3695
extended_dp0_dc1_ud0_nb2000	192	7	80c9d512da64fd85
extended_dp0_dc1_ud0_nb2000	193	3	9d88783521a38ff1
extended_dp0_dc1_ud0_nb2000	194	93	f0b66a1482bdb260
extended_dp0_dc1_ud0_nb2000	195	104	5fb7be2bdba8d28f
extended_dp0_dc1_ud0_nb2000	196	240	3f4b5f3cc3f13855
extended_dp0_dc1_ud0_nb2000	197	11	2547b6a490f3ba28
extended_dp0_dc1_ud0_nb2000	198	4	d95422b38e7ccb9d
extended_dp0_dc1_ud0_nb2000	199	11	53a982c28c73c81c
extended_dp0_dc1_ud0_nb2000	200	88	60e275e97560ebc3
extended_dp0_dc1_ud0_nb2000	201	6	6af7fbc304f8b8b5
extended_dp0_dc1_ud0_nb2000	202	3	9867b26f89bd75b4
extended_dp0_dc1_ud0_nb2000	203	34	4373fca7e5d20c04
extended_dp0_dc1_ud0_nb2000	204	109	63de570e9b9d2a39
extended_dp0_dc1_ud0_nb2000	205	12	220a7df13e78d8c4
extended_dp0_dc1_ud0_nb2000	206	248	2b99c3563f1c50d7
extended_dp0_dc1_ud0_nb2000	207	95	e5c6dc5b9167431d
extended_dp0_dc1_ud0_nb2000	208	102	c5fb4d7306865ddc
extended_dp0_dc1_ud0_nb2000	209	2	7e406aca15207b29
extended_dp0_dc1_ud0_nb2000	210	3	27aa91d89ced92ad
extended_dp0_dc1_ud0_nb2000	211	11	61885b35806c0d03
extended_dp0_dc1_ud0_nb2000	212	15	c89b516fd050f76a
extended_dp0_dc1_ud0_nb2000	213	3	edd5359814ad33df
extended_dp0_dc1_ud0_nb2000	214	34	5ca513c3ae6865af
extended_dp0_dc1_ud0_nb2000	215	7	60c3fbd347358362
extended_dp0_dc1_ud0_nb2000	216	93	3de4a29adc2e81e1
extended_dp0_dc1_ud0_nb2000	217	13	3a99b2077f299637
extended_dp0_dc1_ud0_nb2000	218	13	46f5ec998b8c4579
extended_dp0_dc1_ud0_nb2000	219	7	1634fa4362712a38
extended_dp0_dc1_ud0_nb2000	220	38	9543e549217ad69f
extended_dp0_dc1_ud0_nb2000	221	13	1125cb942186f157
extended_dp0_dc1_ud0_nb2000	222	2	155847d504fd75bd
extended_dp0_dc1_ud0_nb2000	223	3	dfc8d2c7aa545cda
extended_dp0_dc1_ud0_nb2000	224	15	5374223dd736d5fd
extended_dp0_dc1_ud0_nb2000	225	2	2832a96cf84da5d8
extended_dp0_dc1_ud0_nb2000	226	257	bec7762518a67e8d
extended_dp0_dc1_ud0_nb2000	227	2	bfb74ba3b9454e97
extended_dp0_dc1_ud0_nb2000	228	36	893877d32d894553
extended_dp0_dc1_ud0_nb2000	229	10	d8273fa4c134ecd7
extended_dp0_dc1_ud0_nb2000	230	95	c080e95f2bb26ae8
extended_dp0_dc1_ud0_nb2000	231	6	b327776c5662a820
extended_dp0_dc1_ud0_nb2000	232	3	5612032716e11f80
extended_dp0_dc1_ud0_nb2000	233	35	d46e5b8f1c8d6cee
extended_dp0_dc1_ud0_nb2000	234	3	93f59ad12e846f0f
extended_dp0_dc1_ud0_nb2000	235	99	944c2eb18ec6388b
extended_dp0_dc1_ud0_nb2000	236	2	d481bfb675d614dd
extended_dp0_dc1_ud0_nb2000	237	6	b04711e899c41616
extended_dp0_dc1_ud0_nb2000	238	32	1f4f10431acbc659
extended_dp0_dc1_ud0_nb2000	239	2	4b70e50b8edc6292
extended_dp0_dc1_ud0_nb2000	240	6	b9b7ef9ad45d886d
extended_dp0_dc1_ud0_nb2000	241	3	b2635722d8d798e2
extended_dp0_dc1_ud0_nb2000	242	10	f1ce5b32ce93dfb6
extended_dp0_dc1_ud0_nb2000	243	36	cc8ac33ece47c1b0
extended_dp0_dc1_ud0_nb2000	244	3	ec05ce6608dc3176
extended_dp0_dc1_ud0_nb2000	245	34	aa929a8dcab2e3c0
extended_dp0_dc1_ud0_nb2000	246	234	54d9db34a8ecedc7
extended_dp0_dc1_ud0_nb2000	247	3	e0853c840dd1fdaf
extended_dp0_dc1_ud0_nb2000	248	98	ec735961e297f74f
extended_dp0_dc1_ud0_nb2000	249	244	dc82b69b933ba6c4
extended_dp0_dc1_ud0_nb2000	250	92	894d98be619d2234
extended_dp0_dc1_ud0_nb2000	251	106	444e0f7705deb117
extended_dp0_dc1_ud0_nb2000	252	12	9d4a8ba325594660
extended_dp0_dc1_ud0_nb2000	253	7	0443009996f09f8c
extended_dp0_dc1_ud0_nb2000	254	11	7541cffa656662d8
extended_dp0_dc1_ud0_nb2000	255	97	b0dec5424b16a566
extended_dp0_dc1_ud0_nb2000	256	2	551a63c2d76181f6
extended_dp0_dc1_ud0_nb2000	257	16	9f9e7285bddb3602
extended_dp0_dc1_ud0_nb2000	258	98	95a96720aa96fe48
extended_dp0_dc1_ud0_nb2000	259	39	ef0a8f9a0ccf5db8
extended_dp0_dc1_ud0_nb2000	260	2	adbb7c7175eb6e52
extended_dp0_dc1_ud0_nb2000	261	2	f76307a603dd2a5d
extended_dp0_dc1_ud0_nb2000	262	9	4d81c91623c1f8c1
extended_dp0_dc1_ud0_nb2000	263	7	fd6d2a785103841e
extended_dp0_dc1_ud0_nb2000	264	38	e416dd5ba3cb4421
extended_dp0_dc1_ud0_nb2000	265	6	4986a5545daf0830
extended_dp0_dc1_ud0_nb2000	266	7	04d0e37b7b390c21
extended_dp0_dc1_ud0_nb2000	267	3	318574d728fb4773
extended_dp0_dc1_ud0_nb2000	268	2	8d2a9efba4c33051
extended_dp0_dc1_ud0_nb2000	269	92	f7c8d19412bef263
extended_dp0_dc1_ud0_nb2000	270	34	c86d2e60eb6fda7b
extended_dp0_dc1_ud0_nb2000	271	229	387e090302cbc292
extended_dp0_dc1_ud0_nb2000	272	106	16a9d3a7f32521b2
extended_dp0_dc1_ud0_nb2000	273	2	6f51285605f5b665
extended_dp0_dc1_ud0_nb2000	274	45	29099840ba167ed8
extended_dp0_dc1_ud0_nb2000	275	3	33846b194a9c5819
extended_dp0_dc1_ud0_nb2000	276	237	8c692bf951c1111f
extended_dp0_dc1_ud0_nb2000	277	13	14f7b67180821517
extended_dp0_dc1_ud0_nb2000	278	241	6d40df1c4ae5a04b
extended_dp0_dc1_ud0_nb2000	279	35	5ea791c2c5b6a7ef
extended_dp0_dc1_ud0_nb2000	280	7	b73b7c66198298c4
extended_dp0_dc1_ud0_nb2000	281	3	62652c0a1c0a640d
extended_dp0_dc1_ud0_nb2000	282	2	9a10022c0daaddb3
extended_dp0_dc1_ud0_nb2000	283	32	2909c54c633cc271
extended_dp0_dc1_ud0_nb2000	284	6	1517db2fd2f8a36a
extended_dp0_dc1_ud0_nb2000	285	20	dabdcf6241c18d86
extended_dp0_dc1_ud0_nb2000	286	14	eaf26968455c6e79
extended_dp0_dc1_ud0_nb2000	287	246	b728da891a833891
extended_dp0_dc1_ud0_nb2000	288	7	46d3a81ef4a99ff1
extended_dp0_dc1_ud0_nb2000	289	3	74c1046dd66082f6
extended_dp0_dc1_ud0_nb2000	290	2	0f3051d3fcbf1a41
extended_dp0_dc1_ud0_nb2000	291	247	b65b4292be93d259
extended_dp0_dc1_ud0_nb2000	292	3	97def42dec590a3f
extended_dp0_dc1_ud0_nb2000	293	245	380bf3cd3e98e759
extended_dp0_dc1_ud0_nb2000	294	96	1b77b827146c8c5b
extended_dp0_dc1_ud0_nb2000	295	2	11246c95048adcd5
extended_dp0_dc1_ud0_nb2000	296	233	487177b9c9fe5662
extended_dp0_dc1_ud0_nb2000	297	240	cda0b28220c125eb
extended_dp0_dc1_ud0_nb2000	298	2	b4231c8b8bf14136
extended_dp0_dc1_ud0_nb2000	299	3	17a5652bcb2e5c79
extended_dp0_dc1_ud0_nb2000	300	6	b93a6252f4092a05
extended_dp0_dc1_ud0_nb2000	301	98	8b581ea5ab82ba39
extended_dp0_dc1_ud0_nb2000	302	13	56aa675b4acb0683
extended_dp0_dc1_ud0_nb2000	303	6	adb56fe1642e028b
extended_dp0_dc1_ud0_nb2000	304	13	daa1c9c288b2afa8
extended_dp0_dc1_ud0_nb2000	305	45	993f776893a7135b
extended_dp0_dc1_ud0_nb2000	306	18	b87a5bd41816c88e
extended_dp0_dc1_ud0_nb2000	307	35	6f771243823b5660
extended_dp0_dc1_ud0_nb2000	308	249	c9bdaa26eb7482fc
extended_dp0_dc1_ud0_nb2000	309	4	91770c86f0b32675
extended_dp0_dc1_ud0_nb2000	310	3	a19a9ddc616bc40b
extended_dp0_dc1_ud0_nb2000	311	7	707d74031153e6e7
extended_dp0_dc1_ud0_nb2000	312	101	7cecc0dc816761d3
extended_dp0_dc1_ud0_nb2000	313	94	8d1b9539723b10f2
extended_dp0_dc1_ud0_nb2000	314	104	06eee69366778f86
extended_dp0_dc1_ud0_nb2000	315	2	93bc5a015f549470
extended_dp0_dc1_ud0_nb2000	316	243	1df60e4bf1a9f42c
extended_dp0_dc1_ud0_nb2000	317	6	be9404b2857e93a4
extended_dp0_dc1_ud0_nb2000	318	3	0be369303603bc54
extended_dp0_dc1_ud0_nb2000	319	242	108f9175a5b62f20
extended_dp0_dc1_ud0_nb2000	320	45	735c31e60777d53c
extended_dp0_dc1_ud0_nb2000	321	37	bd022c0e201a4d7c
extended_dp0_dc1_ud0_nb2000	322	98	583c2d0e5313921f
extended_dp0_dc1_ud0_nb2000	323	38	b29da3d40f481c90
extended_dp0_dc1_ud0_nb2000	324	37	7026451df857657a
extended_dp0_dc1_ud0_nb2000	325	13	3deb4a7124d22646
extended_dp0_dc1_ud0_nb2000	326	90	e0fecc7317a4e0a9
extended_dp0_dc1_ud0_nb2000	327	3	d1fb661b574d678c
extended_dp0_dc1_ud0_nb2000	328	16	fd4b7772597cd047
extended_dp0_dc1_ud0_nb2000	329	3	f08796570f531be3
extended_dp0_dc1_ud0_nb2000	330	103	72b4df2e072ba87e
extended_dp0_dc1_ud0_nb2000	331	2	e21106527266f843
extended_dp0_dc1_ud0_nb2000	332	89	0f178faff3847d22
extended_dp0_dc1_ud0_nb2000	333	98	ea575ae824ff07b9
extended_dp0_dc1_ud0_nb2000	334	238	009b36b836b821dd
extended_dp0_dc1_ud0_nb2000	335	42	fc0db331fd0664e0
extended_dp0_dc1_ud0_nb2000	336	109	3b2a9e696eebc086
extended_dp0_dc1_ud0_nb2000	337	11	d6a86da1f58bf20f
extended_dp0_dc1_ud0_nb2000	338	97	afdff3bb04853e3a
extended_dp0_dc1_ud0_nb2000	339	108	9aab57867a7b0610
extended_dp0_dc1_ud0_nb2000	340	41	c08c5123b9344a45
extended_dp0_dc1_ud0_nb2000	341	3	6dc1fa2d9a40944f
extended_dp0_dc1_ud0_nb2000	342	38	5243ec9223350ccc
extended_dp0_dc1_ud0_nb2000	343	241	c356008742c210bb
extended_dp0_dc1_ud0_nb2000	344	17	ccc2815a096462d6
extended_dp0_dc1_ud0_nb2000	345	34	0cf0de1e06e7b34c
extended_dp0_dc1_ud0_nb2000	346	98	37ec4785618550f1
extended_dp0_dc1_ud0_nb2000	347	3	210ba93123af0172
extended_dp0_dc1_ud0_nb2000	348	6	7338d3ddd2815dc0
extended_dp0_dc1_ud0_nb2000	349	34	a9e8fc5be2483209
extended_dp0_dc1_ud0_nb2000	350	14	b2dd5b3f4c737ae3
extended_dp0_dc1_ud0_nb2000	351	16	f47ef809cfd558ae
extended_dp0_dc1_ud0_nb2000	352	2	ce1ab59737c30339
extended_dp0_dc1_ud0_nb2000	353	39	9ce4ca3cd01bbb8f
extended_dp0_dc1_ud0_nb2000	354	3	dca680b22649204f
extended_dp0_dc1_ud0_nb2000	355	3	a581d4f3412436ff
extended_dp0_dc1_ud0_nb2000	356	2	b36dc3cace10b5a9
extended_dp0_dc1_ud0_nb2000	357	43	d14a67451981e952
extended_dp0_dc1_ud0_nb2000	358	2	f9fa6bf430f95da3
extended_dp0_dc1_ud0_nb2000	359	4	d9ec5d7e2cac1565
extended_dp0_dc1_ud0_nb2000	360	13	5ab97d19c5a99aa4
extended_dp0_dc1_ud0_nb2000	361	3	189a983f4ca98b7c
extended_dp0_dc1_ud0_nb2000	362	91	56b310604eabbc5f
extended_dp0_dc1_ud0_nb2000	363	238	3086206ad04e38b7
extended_dp0_dc1_ud0_nb2000	364	12	9f62b6949f9ce85d
extended_dp0_dc1_ud0_nb2000	365	2	0acbb33a757090a6
extended_dp0_dc1_ud0_nb2000	366	2	198c1f0846c5965f
extended_dp0_dc1_ud0_nb2000	367	11	89e0706fc7636119
extended_dp0_dc1_ud0_nb2000	368	2	13f24330619548ba
extended_dp0_dc1_ud0_nb2000	369	35	c46d8c71fbff6615
extended_dp0_dc1_ud0_nb2000	370	6	c2b6a6d77ac0c54c
extended_dp0_dc1_ud0_nb2000	371	2	4cd07f8f33b23519
extended_dp0_dc1_ud0_nb2000	372	7	84475654e82ea585
extended_dp0_dc1_ud0_nb2000	373	7	56d6124a2a2bdbcb
extended_dp0_dc1_ud0_nb2000	374	104	4ee14d332bc330c4
extended_dp0_dc1_ud0_nb2000	375	100	a767fe0f91ef853e
extended_dp0_dc1_ud0_nb2000	376	12	451ad51564fa1663
extended_dp0_dc1_ud0_nb2000	377	2	c417926d6aea0d9a
extended_dp0_dc1_ud0_nb2000	378	7	e6631f57d40ce5f3
extended_dp0_dc1_ud0_nb2000	379	11	8f28dcf2885617d0
extended_dp0_dc1_ud0_nb2000	380	110	3708fdcafbefa80b
extended_dp0_dc1_ud0_nb2000	381	7	fada5873d664b890
extended_dp0_dc1_ud0_nb2000	382	2	ee235b847f480214
extended_dp0_dc1_ud0_nb2000	383	3	ad5d12d2c70ba4e4
extended_dp0_dc1_ud0_nb2000	384	4	72b491db44d93aa9
extended_dp0_dc1_ud0_nb2000	385	2	60e9a85e50134bc4
extended_dp0_dc1_ud0_nb2000	386	233	04cb01b24d2cfea7
extended_dp0_dc1_ud0_nb2000	387	12	715df3519e541077
extended_dp0_dc1_ud0_nb2000	388	101	a7b6eb1cf68f9da0
extended_dp0_dc1_ud0_nb2000	389	104	a904a39507487e3e
extended_dp0_dc1_ud0_nb2000	390	12	ae31237af01fc219
extended_dp0_dc1_ud0_nb2000	391	12	a58e101876f6d6be
extended_dp0_dc1_ud0_nb2000	392	37	c5159e77ce771f6d
extended_dp0_dc1_ud0_nb2000	393	13	cfc5242a35fbce88
extended_dp0_dc1_ud0_nb2000	394	2	9e5b2dc50953735f
extended_dp0_dc1_ud0_nb2000	395	15	cba7156325efc4e4
extended_dp0_dc1_ud0_nb2000	396	35	aa07c4f7e43f4e9f
extended_dp0_dc1_ud0_nb2000	397	89	04011952ba3a5361
extended_dp0_dc1_ud0_nb2000	398	251	7750da8b039e2a74
extended_dp0_dc1_ud0_nb2000	399	7	cba454a084641c5a
extended_dp0_dc1_ud1_nb0	0	2	fe3877f9123caf6f
extended_dp0_dc1_ud1_nb0	1	33	a068d8f4c7fb1b5b
extended_dp0_dc1_ud1_nb0	2	219	cfa8eb51ab37e889
extended_dp0_dc1_ud1_nb0	3	3	5ce12fbe07e08005
extended_dp0_dc1_ud1_nb0	4	82	b09aeddd6cd672c3
extended_dp0_dc1_ud1_nb0	5	6	9f3bdd4a1a82f7f1
extended_dp0_dc1_ud1_nb0	6	90	0400d717ab3e8914
extended_dp0_dc1_ud1_nb0	7	233	7458cd83861cd1db
extended_dp0_dc1_ud1_nb0	8	217	e96e5a9022ca8981
extended_dp0_dc1_ud1_nb0	9	85	8d453a0167050803
extended_dp0_dc1_ud1_nb0	10	90	f1b40119945689aa
extended_dp0_dc1_ud1_nb0	11	93	288bb17c96929fed
extended_dp0_dc1_ud1_nb0	12	6	39da76a7e5af2164
extended_dp0_dc1_ud1_nb0	13	2	4fa0cf4bc5d18d38
extended_dp0_dc1_ud1_nb0	14	6	7e24d0980be9209e
extended_dp0_dc1_ud1_nb0	15	6	012258a004560569
extended_dp0_dc1_ud1_nb0	16	40	686e6e7bb74952d2
extended_dp0_dc1_ud1_nb0	17	2	5420621e61e6b2de
extended_dp0_dc1_ud1_nb0	18	6	fc5988a11a4a07f9
extended_dp0_dc1_ud1_nb0	19	3	c63fff000772e58b
extended_dp0_dc1_ud1_nb0	20	88	573806f4cdcddb79
extended_dp0_dc1_ud1_nb0	21	83	034e2bb2d1857fc1
extended_dp0_dc1_ud1_nb0	22	3	1bed7a6b96bbcec8
extended_dp0_dc1_ud1_nb0	23	201	a2e98f08281ecb2c
extended_dp0_dc1_ud1_nb0	24	2	4ee24f53fa50f5fb
extended_dp0_dc1_ud1_nb0	25	2	210c11ef7723c39c
extended_dp0_dc1_ud1_nb0	26	31	8ab878c36a3ba915
extended_dp0_dc1_ud1_nb0	27	2	3885165b33459ef6
extended_dp0_dc1_ud1_nb0	28	11	7e426ee299c644c4
extended_dp0_dc1_ud1_nb0	29	2	f03880e8e84e6a4f
extended_dp0_dc1_ud1_nb0	30	6	b854c5ee41dae81c
extended_dp0_dc1_ud1_nb0	31	2	fd1674dfae946a3e
extended_dp0_dc1_ud1_nb0	32	212	fce684a1be18c90b
extended_dp0_dc1_ud1_nb0	33	3	fb073d01787c3389
extended_dp0_dc1_ud1_nb0	34	6	ffdd6b2f7afbfdee
extended_dp0_dc1_ud1_nb0	35	210	a60eae327c4ca1e3
extended_dp0_dc1_ud1_nb0	36	11	24e2b036cc6f1c38
extended_dp0_dc1_ud1_nb0	37	97	0644a929a63da5e6
extended_dp0_dc1_ud1_nb0	38	31	d2c698f881bc7e91
extended_dp0_dc1_ud1_nb0	39	207	6d711673faef0f3a
extended_dp0_dc1_ud1_nb0	40	228	52882c5cdb58b23e
extended_dp0_dc1_ud1_nb0	41	38	783cff8e43b50946
extended_dp0_dc1_ud1_nb0	42	11	b42dbeddea47118e
extended_dp0_dc1_ud1_nb0	43	2	d62bc83a3fc4ad67
extended_dp0_dc1_ud1_nb0	44	3	1b0ec72d164d2bd9
extended_dp0_dc1_ud1_nb0	45	11	9f3c5bbd8f2a8210
extended_dp0_dc1_ud1_nb0	46	31	75c64c3b809de9d4
extended_dp0_dc1_ud1_nb0	47	88	cae777c39db16a74
extended_dp0_dc1_ud1_nb0	48	11	bc23a84254cd8afc
extended_dp0_dc1_ud1_nb0	49	6	c5644da997a296a4
extended_dp0_dc1_ud1_nb0	50	3	80ac0c3c66e2a95d
extended_dp0_dc1_ud1_nb0	51	38	609cc9d80e18297c
extended_dp0_dc1_ud1_nb0	52	2	5f7bd191f9ea2b7d
extended_dp0_dc1_ud1_nb0	53	13	85a60e681caa21d3
extended_dp0_dc1_ud1_nb0	54	6	f4728bdf9a3a4ee7
extended_dp0_dc1_ud1_nb0	55	82	e0b972915279ee9c
extended_dp0_dc1_ud1_nb0	56	11	8918f3c89447f79d
extended_dp0_dc1_ud1_nb0	57	2	d8c21a02c79c5d2f
extended_dp0_dc1_ud1_nb0	58	6	176080b15b3555b2
extended_dp0_dc1_ud1_nb0	59	32	e3dc8158561b34f4
extended_dp0_dc1_ud1_nb0	60	3	61070690beee6f2a
extended_dp0_dc1_ud1_nb0	61	2	3f0ec68644b4d988
extended_dp0_dc1_ud1_nb0	62	3	631c18c05f4786ca
extended_dp0_dc1_ud1_nb0	63	32	4a64cb80418d390b
extended_dp0_dc1_ud1_nb0	64	87	66872c1dfbbb4c8b
extended_dp0_dc1_ud1_nb0	65	6	2db1a3fc4ddb8a35
extended_dp0_dc1_ud1_nb0	66	3	09917b61d0641400
extended_dp0_dc1_ud1_nb0	67	11	54896b534fc1b67f
extended_dp0_dc1_ud1_nb0	68	11	3fa47d83402efd72
extended_dp0_dc1_ud1_nb0	69	94	656e6c8c546d4d7c
extended_dp0_dc1_ud1_nb0	70	6	b3de37565e82ceda
extended_dp0_dc1_ud1_nb0	71	18	9aeda4b9cc98c1f3
extended_dp0_dc1_ud1_nb0	72	31	6ebe3ff5fbec24b7
extended_dp0_dc1_ud1_nb0	73	84	4e7586dc26d17867
extended_dp0_dc1_ud1_nb0	74	3	1fa1bda149e03db8
extended_dp0_dc1_ud1_nb0	75	3	27658063d81c7912
extended_dp0_dc1_ud1_nb0	76	83	220f623da2ac1eca
extended_dp0_dc1_ud1_nb0	77	2	78571ef702fe8a78
extended_dp0_dc1_ud1_nb0	78	3	561e686feba94de6
extended_dp0_dc1_ud1_nb0	79	14	0dd7043716f76838
extended_dp0_dc1_ud1_nb0	80	2	9f593181c17f51ce
extended_dp0_dc1_ud1_nb0	81	14	259feb26545b4e92
extended_dp0_dc1_ud1_nb0	82	205	ad6216680de8984d
extended_dp0_dc1_ud1_nb0	83	6	5f94cf4cd0c25e78
extended_dp0_dc1_ud1_nb0	84	3	98be6817fedd840d
extended_dp0_dc1_ud1_nb0	85	81	b9821b2dc5f677e4
extended_dp0_dc1_ud1_nb0	86	11	6409d6e79cc4c8e5
extended_dp0_dc1_ud1_nb0	87	33	8cca1dd58b4a4f80
extended_dp0_dc1_ud1_nb0	88	36	95d9708417285a03
extended_dp0_dc1_ud1_nb0	89	217	c1c412917fa55741
extended_dp0_dc1_ud1_nb0	90	3	34f7b7a47589cbb8
extended_dp0_dc1_ud1_nb0	91	214	9bb1c56061bbdfe7
extended_dp0_dc1_ud1_nb0	92	8	86e10ac9c5a09a09
extended_dp0_dc1_ud1_nb0	93	11	b03390e74825c584
extended_dp0_dc1_ud1_nb0	94	6	f33ee757f2edc937
extended_dp0_dc1_ud1_nb0	95	214	1dcd27d8af64d0a8
extended_dp0_dc1_ud1_nb0	96	92	dfbcd3a351cf6dc1
extended_dp0_dc1_ud1_nb0	97	6	cd9d44625ad62644
extended_dp0_dc1_ud1_nb0	98	6	b0cc7f5369c8b3f8
extended_dp0_dc1_ud1_nb0	99	14	6d03ded3d69cba19
extended_dp0_dc1_ud1_nb0	100	14	64549493c6a0b14b
extended_dp0_dc1_ud1_nb0	101	3	5713dd7830461484
extended_dp0_dc1_ud1_nb0	102	81	f123219314ad3d29
extended_dp0_dc1_ud1_nb0	103	41	dca91e0739e42aa5
extended_dp0_dc1_ud1_nb0	104	2	548f1ccaebf16d95
extended_dp0_dc1_ud1_nb0	105	2	33b5365d16a95dba
extended_dp0_dc1_ud1_nb0	106	31	72f47e76daf2f2c2
extended_dp0_dc1_ud1_nb0	107	222	30335239a4dadc73
extended_dp0_dc1_ud1_nb0	108	87	12e1aa52a4bd6dd4
extended_dp0_dc1_ud1_nb0	109	33	ff6bdaa9ebf546d7
extended_dp0_dc1_ud1_nb0	110	7	3f008ce83d2b014a
extended_dp0_dc1_ud1_nb0	111	3	fdb1fbf425fbf5f1
extended_dp0_dc1_ud1_nb0	112	6	02beb0f9522c8445
extended_dp0_dc1_ud1_nb0	113	2	60b1555914b64347
extended_dp0_dc1_ud1_nb0	114	209	d62dd43c9445b1db
extended_dp0_dc1_ud1_nb0	115	3	4935310ffba98b1e
extended_dp0_dc1_ud1_nb0	116	3	188df6e0b9010d74
extended_dp0_dc1_ud1_nb0	117	219	211aa11d7683e384
extended_dp0_dc1_ud1_nb0	118	209	96e4e2820d9aab74
extended_dp0_dc1_ud1_nb0	119	2	fa3b1b21769c99bc
extended_dp0_dc1_ud1_nb0	120	216	f6a6c1a6220ffaf0
extended_dp0_dc1_ud1_nb0	121	90	0184a50e70713404
extended_dp0_dc1_ud1_nb0	122	218	1a9245885b969426
extended_dp0_dc1_ud1_nb0	123	2	737f3e1167508935
extended_dp0_dc1_ud1_nb0	124	91	5d555a205f5b1788
extended_dp0_dc1_ud1_nb0	125	6	2205d22353cb8f63
extended_dp0_dc1_ud1_nb0	126	11	1c37935721ed89a9
extended_dp0_dc1_ud1_nb0	127	2	11415ff7efeb9160
extended_dp0_dc1_ud1_nb0	128	31	331d4c149d24b716
extended_dp0_dc1_ud1_nb0	129	91	05e98ec21c1e8871
extended_dp0_dc1_ud1_nb0	130	2	af2325e713679114
extended_dp0_dc1_ud1_nb0	131	221	37dfc552349161e7
extended_dp0_dc1_ud1_nb0	132	219	06c9f5eaa0556218
extended_dp0_dc1_ud1_nb0	133	5	662eaf77173ddb60
extended_dp0_dc1_ud1_nb0	134	11	570b89302887f09e
extended_dp0_dc1_ud1_nb0	135	2	785032ef26619839
extended_dp0_dc1_ud1_nb0	136	2	cff4c6b51ab8d1e1
extended_dp0_dc1_ud1_nb0	137	3	a41f1b32a1b4d8bf
extended_dp0_dc1_ud1_nb0	138	204	4af4887c23baaee2
extended_dp0_dc1_ud1_nb0	139	217	4f1049a209404166
extended_dp0_dc1_ud1_nb0	140	6	8e58e22dff6fe35c
extended_dp0_dc1_ud1_nb0	141	11	04aeb55ae8922bb0
extended_dp0_dc1_ud1_nb0	142	11	fcf07a5cf662b741
extended_dp0_dc1_ud1_nb0	143	2	1b54d0530affef27
extended_dp0_dc1_ud1_nb0	144	13	6c0abafcb389f521
extended_dp0_dc1_ud1_nb0	145	86	c647ed747c51dc91
extended_dp0_dc1_ud1_nb0	146	80	ce695ad73a8ec84a
extended_dp0_dc1_ud1_nb0	147	31	5e0e5f07e82419a7
extended_dp0_dc1_ud1_nb0	148	31	4740cf895b6b6b3c
extended_dp0_dc1_ud1_nb0	149	2	0e7a7d4215ecf15a
extended_dp0_dc1_ud1_nb0	150	6	dc90e42808b7321e
extended_dp0_dc1_ud1_nb0	151	11	169dc4525772d3de
extended_dp0_dc1_ud1_nb0	152	86	4316d568cc9d7a18
extended_dp0_dc1_ud1_nb0	153	217	74478ce2c58447e4
extended_dp0_dc1_ud1_nb0	154	2	d160fa2bda5374f3
extended_dp0_dc1_ud1_nb0	155	84	f6ff7c7ecf9451cb
extended_dp0_dc1_ud1_nb0	156	34	da086e28e9a20130
extended_dp0_dc1_ud1_nb0	157	3	8488d59377cdcfd3
extended_dp0_dc1_ud1_nb0	158	6	766decfbeae25c81
extended_dp0_dc1_ud1_nb0	159	81	b2b805ef6e7910ea
extended_dp0_dc1_ud1_nb0	160	11	eaf5fc3dd030bb68
extended_dp0_dc1_ud1_nb0	161	3	40e50f4eb30e6155
extended_dp0_dc1_ud1_nb0	162	218	31cea139c5fae08b
extended_dp0_dc1_ud1_nb0	163	11	ad98a6246ad47041
extended_dp0_dc1_ud1_nb0	164	3	64ce08596bd5bea5
extended_dp0_dc1_ud1_nb0	165	3	2426a1e0d74b6fab
extended_dp0_dc1_ud1_nb0	166	222	3fcde0093d323b83
extended_dp0_dc1_ud1_nb0	167	85	b18ba5a256fa5ffd
extended_dp0_dc1_ud1_nb0	168	2	7f186e27c595ab14
extended_dp0_dc1_ud1_nb0	169	11	25e652f4b75e0be4
extended_dp0_dc1_ud1_nb0	170	2	9a10e7aed7584972
extended_dp0_dc1_ud1_nb0	171	81	f9e653d144f6e83b
extended_dp0_dc1_ud1_nb0	172	7	e043b8efcd7293ea
extended_dp0_dc1_ud1_nb0	173	10	319c35eec23e6eaf
extended_dp0_dc1_ud1_nb0	174	33	3746bda39e529146
extended_dp0_dc1_ud1_nb0	175	2	72c15ba8f0c9d153
extended_dp0_dc1_ud1_nb0	176	225	2e18855f55cff20f
extended_dp0_dc1_ud1_nb0	177	3	3a354318f1ad9605
extended_dp0_dc1_ud1_nb0	178	2	edb8b080a73ec176
extended_dp0_dc1_ud1_nb0	179	85	f944d01076d58670
extended_dp0_dc1_ud1_nb0	180	212	cc22dbefcbe86ba1
extended_dp0_dc1_ud1_nb0	181	91	14ae0ed37c622544
extended_dp0_dc1_ud1_nb0	182	6	ff71b5097cbe6a94
extended_dp0_dc1_ud1_nb0	183	3	7f317189aa4c185a
extended_dp0_dc1_ud1_nb0	184	11	ab413aee1fe76e08
extended_dp0_dc1_ud1_nb0	185	216	1f3870d92193d82e
extended_dp0_dc1_ud1_nb0	186	5	42279d51c85f5796
extended_dp0_dc1_ud1_nb0	187	92	f415014622d3d65c
extended_dp0_dc1_ud1_nb0	188	6	b7ab0beb53140468
extended_dp0_dc1_ud1_nb0	189	3	b707e8613282f6a0
extended_dp0_dc1_ud1_nb0	190	3	01ea72aab73b6f2d
extended_dp0_dc1_ud1_nb0	191	217	f35358f8537519d3
extended_dp0_dc1_ud1_nb0	192	6	6601abc543e60189
extended_dp0_dc1_ud1_nb0	193	3	2d3a9352ff8fbc56
extended_dp0_dc1_ud1_nb0	194	82	aa1b6657c9f11b64
extended_dp0_dc1_ud1_nb0	195	89	6a598324dc85d2f8
extended_dp0_dc1_ud1_nb0	196	215	163e48b503d88ee7
extended_dp0_dc1_ud1_nb0	197	11	86470d2097d4c64b
extended_dp0_dc1_ud1_nb0	198	3	ce238d187758e508
extended_dp0_dc1_ud1_nb0	199	11	b3cd1e83f687e66f
extended_dp0_dc1_ud1_nb0	200	82	b7046ddc96df5683
extended_dp0_dc1_ud1_nb0	201	6	2ab636e41b5c58cc
extended_dp0_dc1_ud1_nb0	202	3	ad5adcf2242e03e9
extended_dp0_dc1_ud1_nb0	203	31	32ae8e057d742c31
extended_dp0_dc1_ud1_nb0	204	94	dc706517b14ec09e
extended_dp0_dc1_ud1_nb0	205	11	4631132bb4b62b25
extended_dp0_dc1_ud1_nb0	206	225	437d72a80433597d
extended_dp0_dc1_ud1_nb0	207	89	f08b76b3a18242f9
extended_dp0_dc1_ud1_nb0	208	86	5f16cf1751c10450
extended_dp0_dc1_ud1_nb0	209	2	7e406aca15207b29
extended_dp0_dc1_ud1_nb0	210	3	27aa91d89ced92ad
extended_dp0_dc1_ud1_nb0	211	11	0888f8556a270c22
extended_dp0_dc1_ud1_nb0	212	13	a97c147b04b7eb80
extended_dp0_dc1_ud1_nb0	213	3	6fdef77cd5f3ed9c
extended_dp0_dc1_ud1_nb0	214	31	cd4f9776ac209437
extended_dp0_dc1_ud1_nb0	215	6	6c65c2615bc0b46c
extended_dp0_dc1_ud1_nb0	216	84	ee453c7db74d40cb
extended_dp0_dc1_ud1_nb0	217	11	2eab2b79ea9bf2ea
extended_dp0_dc1_ud1_nb0	218	11	07269e04d191e45a
extended_dp0_dc1_ud1_nb0	219	6	2dd88123aab08ef5
extended_dp0_dc1_ud1_nb0	220	33	67a53707807127c5
extended_dp0_dc1_ud1_nb0	221	11	951f1d7b75c6e189
extended_dp0_dc1_ud1_nb0	222	2	155847d504fd75bd
extended_dp0_dc1_ud1_nb0	223	3	68b644ea8629cdf0
extended_dp0_dc1_ud1_nb0	224	13	b27396ab9f8dae07
extended_dp0_dc1_ud1_nb0	225	2	2832a96cf84da5d8
extended_dp0_dc1_ud1_nb0	226	230	62e97b3a1a1e99c8
extended_dp0_dc1_ud1_nb0	227	2	bfb74ba3b9454e97
extended_dp0_dc1_ud1_nb0	228	34	301b1b6c4234cc2b
extended_dp0_dc1_ud1_nb0	229	9	0dbf19a73929b27f
extended_dp0_dc1_ud1_nb0	230	85	6aa11878e094312a
extended_dp0_dc1_ud1_nb0	231	6	7cf25bdf9e5abfcd
extended_dp0_dc1_ud1_nb0	232	3	12e20895f979e9d1
extended_dp0_dc1_ud1_nb0	233	33	93be64582cdec132
extended_dp0_dc1_ud1_nb0	234	3	93f59ad12e846f0f
extended_dp0_dc1_ud1_nb0	235	88	473cf3bd1ce5bdb8
extended_dp0_dc1_ud1_nb0	236	2	00e649886ebb9e7c
extended_dp0_dc1_ud1_nb0	237	5	a52f2af243d094d2
extended_dp0_dc1_ud1_nb0	238	31	b9d261a3d9d3e8d2
extended_dp0_dc1_ud1_nb0	239	2	4b70e50b8edc6292
extended_dp0_dc1_ud1_nb0	240	6	43fdb87312ea6c5c
extended_dp0_dc1_ud1_nb0	241	3	af4404150c063f13
extended_dp0_dc1_ud1_nb0	242	8	baab10b4051dd510
extended_dp0_dc1_ud1_nb0	243	33	4a1adba5ef4a879c
extended_dp0_dc1_ud1_nb0	244	3	c87e6e73c3a95ea8
extended_dp0_dc1_ud1_nb0	245	31	0788963b631012f0
extended_dp0_dc1_ud1_nb0	246	214	2722bffc79003082
extended_dp0_dc1_ud1_nb0	247	3	e0853c840dd1fdaf
extended_dp0_dc1_ud1_nb0	248	87	628706c4b8b22fde
extended_dp0_dc1_ud1_nb0	249	220	af6f6a07e444743a
extended_dp0_dc1_ud1_nb0	250	84	e6254acc52405727
extended_dp0_dc1_ud1_nb0	251	92	5fe8c73ec107d1ec
extended_dp0_dc1_ud1_nb0	252	11	2315dc6f70ea09de
extended_dp0_dc1_ud1_nb0	253	6	ce6cdcbd812a0a55
extended_dp0_dc1_ud1_nb0	254	9	eb02f38754eb940c
extended_dp0_dc1_ud1_nb0	255	87	e3783aa7d3c2911f
extended_dp0_dc1_ud1_nb0	256	2	551a63c2d76181f6
extended_dp0_dc1_ud1_nb0	257	15	a4b284951c2542eb
extended_dp0_dc1_ud1_nb0	258	88	dea16dd4cf42e530
extended_dp0_dc1_ud1_nb0	259	35	ee34798621636c36
extended_dp0_dc1_ud1_nb0	260	2	74defcaa3b35bd3c
extended_dp0_dc1_ud1_nb0	261	2	f76307a603dd2a5d
extended_dp0_dc1_ud1_nb0	262	8	9844dedd6831eeae
extended_dp0_dc1_ud1_nb0	263	6	cfb268392fa71828
extended_dp0_dc1_ud1_nb0	264	35	abf3a5bb2b1bdc79
extended_dp0_dc1_ud1_nb0	265	5	a6528b54d51e66ff
extended_dp0_dc1_ud1_nb0	266	6	ea804dbdcfc3326f
extended_dp0_dc1_ud1_nb0	267	3	40b38c95fc7c1aa6
extended_dp0_dc1_ud1_nb0	268	2	8d2a9efba4c33051
extended_dp0_dc1_ud1_nb0	269	84	46f631c6db06155c
extended_dp0_dc1_ud1_nb0	270	31	4a40607545430609
extended_dp0_dc1_ud1_nb0	271	203	363c301a1f10633e
extended_dp0_dc1_ud1_nb0	272	92	c96cc71f8fb0b90a
extended_dp0_dc1_ud1_nb0	273	2	6f51285605f5b665
extended_dp0_dc1_ud1_nb0	274	42	d225226f4fa7f86f
extended_dp0_dc1_ud1_nb0	275	3	33846b194a9c5819
extended_dp0_dc1_ud1_nb0	276	209	12c3753e09eedad2
extended_dp0_dc1_ud1_nb0	277	11	a1ccdbb953851a0f
extended_dp0_dc1_ud1_nb0	278	213	723874c18e027afc
extended_dp0_dc1_ud1_nb0	279	32	a3ae239aef52ed44
extended_dp0_dc1_ud1_nb0	280	6	1bb7d1d818afd2d5
extended_dp0_dc1_ud1_nb0	281	3	092fe718dd2ba873
extended_dp0_dc1_ud1_nb0	282	2	9a10022c0daaddb3
extended_dp0_dc1_ud1_nb0	283	31	df6b7b535a54cf12
extended_dp0_dc1_ud1_nb0	284	6	df51c19f005dbde4
extended_dp0_dc1_ud1_nb0	285	18	9a32bb7946968489
extended_dp0_dc1_ud1_nb0	286	13	f146cfc379caeb8c
extended_dp0_dc1_ud1_nb0	287	220	de634ec13dda2871
extended_dp0_dc1_ud1_nb0	288	6	5a6ff5422d43f670
extended_dp0_dc1_ud1_nb0	289	3	74c1046dd66082f6
extended_dp0_dc1_ud1_nb0	290	2	755010a29b611eac
extended_dp0_dc1_ud1_nb0	291	215	25db603220e534b2
extended_dp0_dc1_ud1_nb0	292	3	e949d0f76c39e16e
extended_dp0_dc1_ud1_nb0	293	212	2cf8aa785cd8cc79
extended_dp0_dc1_ud1_nb0	294	86	41d1b0ac1a0a2b7a
extended_dp0_dc1_ud1_nb0	295	2	11246c95048adcd5
extended_dp0_dc1_ud1_nb0	296	208	1fc96e3c8335c90a
extended_dp0_dc1_ud1_nb0	297	213	120705a4b7372a92
extended_dp0_dc1_ud1_nb0	298	2	b4231c8b8bf14136
extended_dp0_dc1_ud1_nb0	299	3	567e560e6188f72f
extended_dp0_dc1_ud1_nb0	300	6	93effec1cd3c095d
extended_dp0_dc1_ud1_nb0	301	88	8b0afb445118fc37
extended_dp0_dc1_ud1_nb0	302	11	bd0753d1d1890f0b
extended_dp0_dc1_ud1_nb0	303	6	2b46fd55dcde153a
extended_dp0_dc1_ud1_nb0	304	11	a0a4d6fe894a3c3d
extended_dp0_dc1_ud1_nb0	305	40	04a296e0ef14f38f
extended_dp0_dc1_ud1_nb0	306	16	7f373133ac01e286
extended_dp0_dc1_ud1_nb0	307	31	9e32a47988c4c91b
extended_dp0_dc1_ud1_nb0	308	217	0ca68feed6129e6b
extended_dp0_dc1_ud1_nb0	309	3	9a811aa38df195a8
extended_dp0_dc1_ud1_nb0	310	3	dc5522b8da7bb01e
extended_dp0_dc1_ud1_nb0	311	6	1b0193d4c04fd0c5
extended_dp0_dc1_ud1_nb0	312	89	95650943c307c9a8
extended_dp0_dc1_ud1_nb0	313	85	58c3dbe670114e54
extended_dp0_dc1_ud1_nb0	314	89	ea763feb6ccdf1f8
extended_dp0_dc1_ud1_nb0	315	2	93bc5a015f549470
extended_dp0_dc1_ud1_nb0	316	218	b1e54b2545058d44
extended_dp0_dc1_ud1_nb0	317	6	44515abdf099d302
extended_dp0_dc1_ud1_nb0	318	3	823f5d6c99a85f01
extended_dp0_dc1_ud1_nb0	319	216	0bcec6fc3dd396e1
extended_dp0_dc1_ud1_nb0	320	39	9a8bab24b3c85655
extended_dp0_dc1_ud1_nb0	321	33	2635fbd10cbdc39c
extended_dp0_dc1_ud1_nb0	322	89	57ed0688ea849877
extended_dp0_dc1_ud1_nb0	323	33	cd79ac0eb016b696
extended_dp0_dc1_ud1_nb0	324	35	d7154e515073d896
extended_dp0_dc1_ud1_nb0	325	11	4b99816aa95fca34
extended_dp0_dc1_ud1_nb0	326	81	dd3de34ad8bfc61f
extended_dp0_dc1_ud1_nb0	327	3	a6c2ae93c967753e
extended_dp0_dc1_ud1_nb0	328	14	2b8c41733779d40c
extended_dp0_dc1_ud1_nb0	329	3	1330480530b8c61d
extended_dp0_dc1_ud1_nb0	330	91	7db22489fa006a05
extended_dp0_dc1_ud1_nb0	331	2	c1972642e2aa65d5
extended_dp0_dc1_ud1_nb0	332	81	ba59f2b03731094c
extended_dp0_dc1_ud1_nb0	333	89	075e636ea7c8d506
extended_dp0_dc1_ud1_nb0	334	209	f45ac8991aab5542
extended_dp0_dc1_ud1_nb0	335	35	31862b82259859c8
extended_dp0_dc1_ud1_nb0	336	98	49387d609354c79c
extended_dp0_dc1_ud1_nb0	337	11	1953b2569d4de9bf
extended_dp0_dc1_ud1_nb0	338	87	cece7bdb2b6a61cc
extended_dp0_dc1_ud1_nb0	339	96	361570068891943f
extended_dp0_dc1_ud1_nb0	340	37	98f69d3bd5bde0b8
extended_dp0_dc1_ud1_nb0	341	3	d181a6e83647ad76
extended_dp0_dc1_ud1_nb0	342	35	0f93737ac2404368
extended_dp0_dc1_ud1_nb0	343	217	ef5d297337b5ac4e
extended_dp0_dc1_ud1_nb0	344	15	170277343bf0ed6e
extended_dp0_dc1_ud1_nb0	345	31	9901d3fa1d9cd609
extended_dp0_dc1_ud1_nb0	346	86	146316a092e26c53
extended_dp0_dc1_ud1_nb0	347	3	59240dfce15837b3
extended_dp0_dc1_ud1_nb0	348	6	d008af8e6f1eb378
extended_dp0_dc1_ud1_nb0	349	31	70ef94e74d59b821
extended_dp0_dc1_ud1_nb0	350	13	d0838f026cf57474
extended_dp0_dc1_ud1_nb0	351	14	b8677be0374fcf69
extended_dp0_dc1_ud1_nb0	352	2	7e8a7abe1526356c
extended_dp0_dc1_ud1_nb0	353	36	ff59164183b67eac
extended_dp0_dc1_ud1_nb0	354	3	ae1fcf21cf36245e
extended_dp0_dc1_ud1_nb0	355	3	95f66d4114646871
extended_dp0_dc1_ud1_nb0	356	2	6d65c46feca98e8b
extended_dp0_dc1_ud1_nb0	357	36	180299f890a62e6c
extended_dp0_dc1_ud1_nb0	358	2	f9fa6bf430f95da3
extended_dp0_dc1_ud1_nb0	359	3	098105451cd10742
extended_dp0_dc1_ud1_nb0	360	11	e4e7d2cc0232a11d
extended_dp0_dc1_ud1_nb0	361	3	38ae65325ca707f5
extended_dp0_dc1_ud1_nb0	362	82	9551582a10e3da7b
extended_dp0_dc1_ud1_nb0	363	208	39fb0bf8560505f1
extended_dp0_dc1_ud1_nb0	364	11	fbed45ec0fbf0601
extended_dp0_dc1_ud1_nb0	365	2	62d81744abb53f13
extended_dp0_dc1_ud1_nb0	366	2	198c1f0846c5965f
extended_dp0_dc1_ud1_nb0	367	11	0556a16ee0da747b
extended_dp0_dc1_ud1_nb0	368	2	995a48ddb7bf024f
extended_dp0_dc1_ud1_nb0	369	31	075aacdbdd1ccf82
extended_dp0_dc1_ud1_nb0	370	6	c31ef7faaea9bbc5
extended_dp0_dc1_ud1_nb0	371	2	4cd07f8f33b23519
extended_dp0_dc1_ud1_nb0	372	6	cc491e063b9ea7ee
extended_dp0_dc1_ud1_nb0	373	6	940f3e69d8318ea0
extended_dp0_dc1_ud1_nb0	374	89	d2e2fee484ed08a7
extended_dp0_dc1_ud1_nb0	375	89	6fb952bccc3d4f5c
extended_dp0_dc1_ud1_nb0	376	11	15895f245482cd73
extended_dp0_dc1_ud1_nb0	377	2	c417926d6aea0d9a
extended_dp0_dc1_ud1_nb0	378	6	304786d3ec7e0f4c
extended_dp0_dc1_ud1_nb0	379	11	2244b5f63ff2ada6
extended_dp0_dc1_ud1_nb0	380	97	f1af4a24bfcea69f
extended_dp0_dc1_ud1_nb0	381	6	86cf5a728b9dc93f
extended_dp0_dc1_ud1_nb0	382	2	ee235b847f480214
extended_dp0_dc1_ud1_nb0	383	3	81352e3ce0470eb3
extended_dp0_dc1_ud1_nb0	384	3	21bed12db54d8f82
extended_dp0_dc1_ud1_nb0	385	2	60e9a85e50134bc4
extended_dp0_dc1_ud1_nb0	386	210	ad8e8f8d42a9fde7
extended_dp0_dc1_ud1_nb0	387	11	0167d4d7cfd385af
extended_dp0_dc1_ud1_nb0	388	91	27e73b906ce16646
extended_dp0_dc1_ud1_nb0	389	88	d68679c53975d822
extended_dp0_dc1_ud1_nb0	390	11	08ba09595cca6357
extended_dp0_dc1_ud1_nb0	391	11	21868d7deb80cef0
extended_dp0_dc1_ud1_nb0	392	31	8b9a745e7256ebca
extended_dp0_dc1_ud1_nb0	393	11	b5446e046187bfdf
extended_dp0_dc1_ud1_nb0	394	2	3a26d4d1964e45ce
extended_dp0_dc1_ud1_nb0	395	14	e6ccaf127e068933
extended_dp0_dc1_ud1_nb0	396	31	9927d62929a9121e
extended_dp0_dc1_ud1_nb0	397	81	4048221d0886434c
extended_dp0_dc1_ud1_nb0	398	224	8609f5f13c016f1e
extended_dp0_dc1_ud1_nb0	399	6	e8490d8144d89fbf
extended_dp0_dc1_ud1_nb2000	0	2	fe3877f9123caf6f
extended_dp0_dc1_ud1_nb2000	1	38	4cd661c7f96671e7
extended_dp0_dc1_ud1_nb2000	2	238	d4e63a5498932e37
extended_dp0_dc1_ud1_nb2000	3	3	04752421978926ff
extended_dp0_dc1_ud1_nb2000	4	92	d970b840d0adba55
extended_dp0_dc1_ud1_nb2000	5	7	0818ae033e1ad3ba
extended_dp0_dc1_ud1_nb2000	6	99	012bb40c1d1c7976
extended_dp0_dc1_ud1_nb2000	7	267	7e3e2d7c9cdd39d0
extended_dp0_dc1_ud1_nb2000	8	243	647216826b92a88c
extended_dp0_dc1_ud1_nb2000	9	94	d98235c5d5dfbade
extended_dp0_dc1_ud1_nb2000	10	104	44230b7520503c30
extended_dp0_dc1_ud1_nb2000	11	103	4755086534c39edd
extended_dp0_dc1_ud1_nb2000	12	6	e25a0797ac94cbf4
extended_dp0_dc1_ud1_nb2000	13	2	4fa0cf4bc5d18d38
extended_dp0_dc1_ud1_nb2000	14	6	06cb917caa7530f2
extended_dp0_dc1_ud1_nb2000	15	7	4b15990cd4098fb9
extended_dp0_dc1_ud1_nb2000	16	47	10b94335903c257e
extended_dp0_dc1_ud1_nb2000	17	2	5420621e61e6b2de
extended_dp0_dc1_ud1_nb2000	18	7	6b458e44b271634a
extended_dp0_dc1_ud1_nb2000	19	3	5892385b1aec09f4
extended_dp0_dc1_ud1_nb2000	20	103	90bed79bc66a0e64
extended_dp0_dc1_ud1_nb2000	21	94	a9836c664434c9b2
extended_dp0_dc1_ud1_nb2000	22	4	eaa8ad25233fea23
extended_dp0_dc1_ud1_nb2000	23	230	6d3afaee482a57dd
extended_dp0_dc1_ud1_nb2000	24	2	4ee24f53fa50f5fb
extended_dp0_dc1_ud1_nb2000	25	2	210c11ef7723c39c
extended_dp0_dc1_ud1_nb2000	26	34	a379c85d6d481855
extended_dp0_dc1_ud1_nb2000	27	2	7a76b7ba3a15016d
extended_dp0_dc1_ud1_nb2000	28	13	ddce45a3eeee84d8
extended_dp0_dc1_ud1_nb2000	29	2	0d2b0764438b4218
extended_dp0_dc1_ud1_nb2000	30	7	3fde2982b725e481
extended_dp0_dc1_ud1_nb2000	31	2	115a740f9cd9a619
extended_dp0_dc1_ud1_nb2000	32	242	f1a4ce797c1db3c0
extended_dp0_dc1_ud1_nb2000	33	3	fb073d01787c3389
extended_dp0_dc1_ud1_nb2000	34	7	95f76df4c545c7f3
extended_dp0_dc1_ud1_nb2000	35	235	5d0a3d17ec5397c9
extended_dp0_dc1_ud1_nb2000	36	12	bd9364852a3d2357
extended_dp0_dc1_ud1_nb2000	37	104	857f07112f5c4020
extended_dp0_dc1_ud1_nb2000	38	36	53444597ac6a1148
extended_dp0_dc1_ud1_nb2000	39	235	a2a689a16e534ecd
extended_dp0_dc1_ud1_nb2000	40	254	3a2627ed171d7f64
extended_dp0_dc1_ud1_nb2000	41	41	aeb2326e8aec28b6
extended_dp0_dc1_ud1_nb2000	42	13	1edb82639c240178
extended_dp0_dc1_ud1_nb2000	43	2	d62bc83a3fc4ad67
extended_dp0_dc1_ud1_nb2000	44	4	64bb20437661a3b9
extended_dp0_dc1_ud1_nb2000	45	12	c6b1aa2fc9ba64e1
extended_dp0_dc1_ud1_nb2000	46	36	dec0f76940c04000
extended_dp0_dc1_ud1_nb2000	47	94	69f642653fd9ebf9
extended_dp0_dc1_ud1_nb2000	48	12	779f351714e1283e
extended_dp0_dc1_ud1_nb2000	49	6	2ce67d3a0a7e82bc
extended_dp0_dc1_ud1_nb2000	50	3	fd89f6049da2aafa
extended_dp0_dc1_ud1_nb2000	51	40	bad47207ca043fec
extended_dp0_dc1_ud1_nb2000	52	2	fd08e8dd823f631e
extended_dp0_dc1_ud1_nb2000	53	14	be7e385431dc601d
extended_dp0_dc1_ud1_nb2000	54	8	afea7491905a4a6e
extended_dp0_dc1_ud1_nb2000	55	91	dbfbd4b82d308e55
extended_dp0_dc1_ud1_nb2000	56	12	a63bba344f6203c6
extended_dp0_dc1_ud1_nb2000	57	2	d8c21a02c79c5d2f
extended_dp0_dc1_ud1_nb2000	58	7	8212b058ef36fa70
extended_dp0_dc1_ud1_nb2000	59	34	0af82395fc9758d1
extended_dp0_dc1_ud1_nb2000	60	3	90e544c7aa820b5e
extended_dp0_dc1_ud1_nb2000	61	2	50c0e5e565e77d9f
extended_dp0_dc1_ud1_nb2000	62	3	490e58d435ecad3e
extended_dp0_dc1_ud1_nb2000	63	35	32c0c1166ee18532
extended_dp0_dc1_ud1_nb2000	64	97	d04a5f9f287e1812
extended_dp0_dc1_ud1_nb2000	65	6	18374a0373c87375
extended_dp0_dc1_ud1_nb2000	66	4	cf688d71ffe9a693
extended_dp0_dc1_ud1_nb2000	67	13	74ca2a455d773a67
extended_dp0_dc1_ud1_nb2000	68	12	0f6003f78eaa7dc4
extended_dp0_dc1_ud1_nb2000	69	108	3934f8a30e461046
extended_dp0_dc1_ud1_nb2000	70	7	0167c411519f02aa
extended_dp0_dc1_ud1_nb2000	71	19	5bdadc13128d0cbb
extended_dp0_dc1_ud1_nb2000	72	35	638a03f099018a7d
extended_dp0_dc1_ud1_nb2000	73	96	566c6219f35e70a7
extended_dp0_dc1_ud1_nb2000	74	3	1fa1bda149e03db8
extended_dp0_dc1_ud1_nb2000	75	3	27658063d81c7912
extended_dp0_dc1_ud1_nb2000	76	93	0c35e234eca6ba79
extended_dp0_dc1_ud1_nb2000	77	2	72f99e536ffd074b
extended_dp0_dc1_ud1_nb2000	78	3	561e686feba94de6
extended_dp0_dc1_ud1_nb2000	79	15	545612e70d814059
extended_dp0_dc1_ud1_nb2000	80	2	0fb37fca75143919
extended_dp0_dc1_ud1_nb2000	81	15	2d4d1d2408458a42
extended_dp0_dc1_ud1_nb2000	82	235	d2d30d5bbad06799
extended_dp0_dc1_ud1_nb2000	83	6	f1015c348b042132
extended_dp0_dc1_ud1_nb2000	84	3	98be6817fedd840d
extended_dp0_dc1_ud1_nb2000	85	87	43ae84f27975ac21
extended_dp0_dc1_ud1_nb2000	86	12	9a5e444602a622f1
extended_dp0_dc1_ud1_nb2000	87	38	fc5697ad2432469c
extended_dp0_dc1_ud1_nb2000	88	40	2bef6cef9b8356a7
extended_dp0_dc1_ud1_nb2000	89	241	de90df46b1efe89b
extended_dp0_dc1_ud1_nb2000	90	3	34f7b7a47589cbb8
extended_dp0_dc1_ud1_nb2000	91	235	56564bf5e272aca3
extended_dp0_dc1_ud1_nb2000	92	9	67ad0d3a5a79295e
extended_dp0_dc1_ud1_nb2000	93	12	2ae0b0ec6811134f
extended_dp0_dc1_ud1_nb2000	94	6	98a1472c66a9b589
extended_dp0_dc1_ud1_nb2000	95	247	d0f7226bea54c468
extended_dp0_dc1_ud1_nb2000	96	105	5c150dfc975526c2
extended_dp0_dc1_ud1_nb2000	97	6	d0f6ce909212a479
extended_dp0_dc1_ud1_nb2000	98	7	839aa0cc4e51c5b5
extended_dp0_dc1_ud1_nb2000	99	16	f6941bf7aee3c996
extended_dp0_dc1_ud1_nb2000	100	15	db4334400cf1fc36
extended_dp0_dc1_ud1_nb2000	101	4	d169faaa37a5c1e1
extended_dp0_dc1_ud1_nb2000	102	88	6e9322fe58a076c6
extended_dp0_dc1_ud1_nb2000	103	47	b5a0e167f1fe06a0
extended_dp0_dc1_ud1_nb2000	104	2	548f1ccaebf16d95
extended_dp0_dc1_ud1_nb2000	105	2	5e1645b8765c83f3
extended_dp0_dc1_ud1_nb2000	106	33	4218f099a80d3bbd
extended_dp0_dc1_ud1_nb2000	107	254	13fb46bb6a8de94f
extended_dp0_dc1_ud1_nb2000	108	98	e776f7b5329c913b
extended_dp0_dc1_ud1_nb2000	109	37	f05cc42a987a585a
extended_dp0_dc1_ud1_nb2000	110	8	df7d55b52ccd4212
extended_dp0_dc1_ud1_nb2000	111	3	01911c6ee2172564
extended_dp0_dc1_ud1_nb2000	112	7	136a89fc80798f9e
extended_dp0_dc1_ud1_nb2000	113	2	60b1555914b64347
extended_dp0_dc1_ud1_nb2000	114	236	198f52c35b2bd182
extended_dp0_dc1_ud1_nb2000	115	3	de6fd2bd545408c7
extended_dp0_dc1_ud1_nb2000	116	3	188df6e0b9010d74
extended_dp0_dc1_ud1_nb2000	117	250	922d4fbb9b912c3e
extended_dp0_dc1_ud1_nb2000	118	238	be7d27ee6c74a5d4
extended_dp0_dc1_ud1_nb2000	119	2	fa3b1b21769c99bc
extended_dp0_dc1_ud1_nb2000	120	243	b8406cc53fc2d753
extended_dp0_dc1_ud1_nb2000	121	99	ba54477bd8cb1978
extended_dp0_dc1_ud1_nb2000	122	242	9752e518fb0a0ddf
extended_dp0_dc1_ud1_nb2000	123	2	737f3e1167508935
extended_dp0_dc1_ud1_nb2000	124	104	8b8e76567fc081a3
extended_dp0_dc1_ud1_nb2000	125	6	ee02dd66d95d2d06
extended_dp0_dc1_ud1_nb2000	126	12	6afa1dd045f2ea10
extended_dp0_dc1_ud1_nb2000	127	2	814dccc6d2006e69
extended_dp0_dc1_ud1_nb2000	128	33	339cd976be3061cd
extended_dp0_dc1_ud1_nb2000	129	101	990cc8c40e8e3630
extended_dp0_dc1_ud1_nb2000	130	2	af2325e713679114
extended_dp0_dc1_ud1_nb2000	131	249	446b09ac723ddf6f
extended_dp0_dc1_ud1_nb2000	132	250	e64bae20b2b0b61c
extended_dp0_dc1_ud1_nb2000	133	6	b516e7d332f84d1d
extended_dp0_dc1_ud1_nb2000	134	12	b7a19d064e8b9377
extended_dp0_dc1_ud1_nb2000	135	2	785032ef26619839
extended_dp0_dc1_ud1_nb2000	136	2	cff4c6b51ab8d1e1
extended_dp0_dc1_ud1_nb2000	137	3	1dc709adf506815a
extended_dp0_dc1_ud1_nb2000	138	225	5a6f89f8e0b12170
extended_dp0_dc1_ud1_nb2000	139	243	f16ac022f63eba8d
extended_dp0_dc1_ud1_nb2000	140	7	dc6d609246fee55b
extended_dp0_dc1_ud1_nb2000	141	13	73e1bad7e4fcd6ee
extended_dp0_dc1_ud1_nb2000	142	13	a7a2d9ffcf80236d
extended_dp0_dc1_ud1_nb2000	143	2	6ff6b8bc6619ae66
extended_dp0_dc1_ud1_nb2000	144	15	090f5e036b26156b
extended_dp0_dc1_ud1_nb2000	145	95	37d03f95f8ba04e2
extended_dp0_dc1_ud1_nb2000	146	86	018a879396ff3d22
extended_dp0_dc1_ud1_nb2000	147	36	b366f135e8e6fd22
extended_dp0_dc1_ud1_nb2000	148	34	1c1c7e631a67982e
extended_dp0_dc1_ud1_nb2000	149	2	0e7a7d4215ecf15a
extended_dp0_dc1_ud1_nb2000	150	7	38fd4ada0da336f9
extended_dp0_dc1_ud1_nb2000	151	13	f3058003f71c775e
extended_dp0_dc1_ud1_nb2000	152	96	f224e00554e8cc88
extended_dp0_dc1_ud1_nb2000	153	242	8c0949dc29b3974a
extended_dp0_dc1_ud1_nb2000	154	2	60a2b5c9c2e0e62a
extended_dp0_dc1_ud1_nb2000	155	93	989cc172ff437c16
extended_dp0_dc1_ud1_nb2000	156	37	43a17d649568d86d
extended_dp0_dc1_ud1_nb2000	157	3	6a36bc7972855e92
extended_dp0_dc1_ud1_nb2000	158	7	1202f8cd1288644a
extended_dp0_dc1_ud1_nb2000	159	93	9bfca03b022400cb
extended_dp0_dc1_ud1_nb2000	160	11	eb1e8546f2633505
extended_dp0_dc1_ud1_nb2000	161	4	2224d338ee0c92e9
extended_dp0_dc1_ud1_nb2000	162	249	69e14ab1b09897b5
extended_dp0_dc1_ud1_nb2000	163	12	1b17a717ee5f8a58
extended_dp0_dc1_ud1_nb2000	164	4	832f5c2fce7ba965
extended_dp0_dc1_ud1_nb2000	165	3	5c538693c1431f4b
extended_dp0_dc1_ud1_nb2000	166	247	420680a8a3955fcd
extended_dp0_dc1_ud1_nb2000	167	96	f6f3f0da5ad957a3
extended_dp0_dc1_ud1_nb2000	168	2	7f186e27c595ab14
extended_dp0_dc1_ud1_nb2000	169	11	a2e05d8dfbe435b9
extended_dp0_dc1_ud1_nb2000	170	2	9a10e7aed7584972
extended_dp0_dc1_ud1_nb2000	171	92	20cc6b782a9c1d92
extended_dp0_dc1_ud1_nb2000	172	8	5e8a27341ca8cdd6
extended_dp0_dc1_ud1_nb2000	173	12	bdcdf892ad25c7db
extended_dp0_dc1_ud1_nb2000	174	38	5f67b1643cf29239
extended_dp0_dc1_ud1_nb2000	175	2	72c15ba8f0c9d153
extended_dp0_dc1_ud1_nb2000	176	248	ec4c9dba1c1d2f42
extended_dp0_dc1_ud1_nb2000	177	3	c218bc9ef317b912
extended_dp0_dc1_ud1_nb2000	178	2	edb8b080a73ec176
extended_dp0_dc1_ud1_nb2000	179	95	ddaf0fc710ddb869
extended_dp0_dc1_ud1_nb2000	180	243	94d84fc9f0eeca06
extended_dp0_dc1_ud1_nb2000	181	101	6c55ac4dc55f8d98
extended_dp0_dc1_ud1_nb2000	182	6	b5bec723cdeb5f21
extended_dp0_dc1_ud1_nb2000	183	4	11f7094f697eac0c
extended_dp0_dc1_ud1_nb2000	184	12	e621cab269565d98
extended_dp0_dc1_ud1_nb2000	185	242	5b2dd699493c3cc2
extended_dp0_dc1_ud1_nb2000	186	6	11760524a2054f12
extended_dp0_dc1_ud1_nb2000	187	107	15d8624240cfc94b
extended_dp0_dc1_ud1_nb2000	188	6	095e851ce7fee1b7
extended_dp0_dc1_ud1_nb2000	189	3	4275562cef33e65f
extended_dp0_dc1_ud1_nb2000	190	3	01ea72aab73b6f2d
extended_dp0_dc1_ud1_nb2000	191	242	0938b9b9f77a3695
extended_dp0_dc1_ud1_nb2000	192	7	80c9d512da64fd85
extended_dp0_dc1_ud1_nb2000	193	3	9d88783521a38ff1
extended_dp0_dc1_ud1_nb2000	194	93	abbd8179bbbda6d3
extended_dp0_dc1_ud1_nb2000	195	104	5fb7be2bdba8d28f
extended_dp0_dc1_ud1_nb2000	196	240	721fe23135a9bc8a
extended_dp0_dc1_ud1_nb2000	197	11	2547b6a490f3ba28
extended_dp0_dc1_ud1_nb2000	198	4	d95422b38e7ccb9d
extended_dp0_dc1_ud1_nb2000	199	11	53a982c28c73c81c
extended_dp0_dc1_ud1_nb2000	200	88	60e275e97560ebc3
extended_dp0_dc1_ud1_nb2000	201	6	6af7fbc304f8b8b5
extended_dp0_dc1_ud1_nb2000	202	3	9867b26f89bd75b4
extended_dp0_dc1_ud1_nb2000	203	34	4373fca7e5d20c04
extended_dp0_dc1_ud1_nb2000	204	109	1b708c86bb2167c1
extended_dp0_dc1_ud1_nb2000	205	12	220a7df13e78d8c4
extended_dp0_dc1_ud1_nb2000	206	248	bc3aff7e3e4d5fe5
extended_dp0_dc1_ud1_nb2000	207	95	ec35c61b7c8ecbb0
extended_dp0_dc1_ud1_nb2000	208	102	81fa2f7a8c77a826
extended_dp0_dc1_ud1_nb2000	209	2	7e406aca15207b29
extended_dp0_dc1_ud1_nb2000	210	3	27aa91d89ced92ad
extended_dp0_dc1_ud1_nb2000	211	11	61885b35806c0d03
extended_dp0_dc1_ud1_nb2000	212	15	c89b516fd050f76a
extended_dp0_dc1_ud1_nb2000	213	3	edd5359814ad33df
extended_dp0_dc1_ud1_nb2000	214	34	5ca513c3ae6865af
extended_dp0_dc1_ud1_nb2000	215	7	60c3fbd347358362
extended_dp0_dc1_ud1_nb2000	216	93	c3273203929b4140
extended_dp0_dc1_ud1_nb2000	217	13	3a99b2077f299637
extended_dp0_dc1_ud1_nb2000	218	13	46f5ec998b8c4579
extended_dp0_dc1_ud1_nb2000	219	7	1634fa4362712a38
extended_dp0_dc1_ud1_nb2000	220	38	9543e549217ad69f
extended_dp0_dc1_ud1_nb2000	221	13	1125cb942186f157
extended_dp0_dc1_ud1_nb2000	222	2	155847d504fd75bd
extended_dp0_dc1_ud1_nb2000	223	3	dfc8d2c7aa545cda
extended_dp0_dc1_ud1_nb2000	224	15	5374223dd736d5fd
extended_dp0_dc1_ud1_nb2000	225	2	2832a96cf84da5d8
extended_dp0_dc1_ud1_nb2000	226	257	bec7762518a67e8d
extended_dp0_dc1_ud1_nb2000	227	2	bfb74ba3b9454e97
extended_dp0_dc1_ud1_nb2000	228	36	893877d32d894553
extended_dp0_dc1_ud1_nb2000	229	10	d8273fa4c134ecd7
extended_dp0_dc1_ud1_nb2000	230	95	c080e95f2bb26ae8
extended_dp0_dc1_ud1_nb2000	231	6	b327776c5662a820
extended_dp0_dc1_ud1_nb2000	232	3	5612032716e11f80
extended_dp0_dc1_ud1_nb2000	233	35	d46e5b8f1c8d6cee
extended_dp0_dc1_ud1_nb2000	234	3	93f59ad12e846f0f
extended_dp0_dc1_ud1_nb2000	235	99	944c2eb18ec6388b
extended_dp0_dc1_ud1_nb2000	236	2	d481bfb675d614dd
extended_dp0_dc1_ud1_nb2000	237	6	9c374886d19d58e2
extended_dp0_dc1_ud1_nb2000	238	32	1f4f10431acbc659
extended_dp0_dc1_ud1_nb2000	239	2	4b70e50b8edc6292
extended_dp0_dc1_ud1_nb2000	240	6	b9b7ef9ad45d886d
extended_dp0_dc1_ud1_nb2000	241	3	b2635722d8d798e2
extended_dp0_dc1_ud1_nb2000	242	10	f1ce5b32ce93dfb6
extended_dp0_dc1_ud1_nb2000	243	36	1d09df5013c9c28d
extended_dp0_dc1_ud1_nb2000	244	3	ec05ce6608dc3176
extended_dp0_dc1_ud1_nb2000	245	34	aa929a8dcab2e3c0
extended_dp0_dc1_ud1_nb2000	246	234	54d9db34a8ecedc7
extended_dp0_dc1_ud1_nb2000	247	3	e0853c840dd1fdaf
extended_dp0_dc1_ud1_nb2000	248	98	ec735961e297f74f
extended_dp0_dc1_ud1_nb2000	249	244	b162c807e1ceaef8
extended_dp0_dc1_ud1_nb2000	250	92	894d98be619d2234
extended_dp0_dc1_ud1_nb2000	251	106	444e0f7705deb117
extended_dp0_dc1_ud1_nb2000	252	12	9d4a8ba325594660
extended_dp0_dc1_ud1_nb2000	253	7	0443009996f09f8c
extended_dp0_dc1_ud1_nb2000	254	11	7541cffa656662d8
extended_dp0_dc1_ud1_nb2000	255	97	c8d811342cc38d93
extended_dp0_dc1_ud1_nb2000	256	2	551a63c2d76181f6
extended_dp0_dc1_ud1_nb2000	257	16	9f9e7285bddb3602
extended_dp0_dc1_ud1_nb2000	258	98	95a96720aa96fe48
extended_dp0_dc1_ud1_nb2000	259	39	ef0a8f9a0ccf5db8
extended_dp0_dc1_ud1_nb2000	260	2	adbb7c7175eb6e52
extended_dp0_dc1_ud1_nb2000	261	2	f76307a603dd2a5d
extended_dp0_dc1_ud1_nb2000	262	9	25ff801e8277608d
extended_dp0_dc1_ud1_nb2000	263	7	fd6d2a785103841e
extended_dp0_dc1_ud1_nb2000	264	38	e416dd5ba3cb4421
extended_dp0_dc1_ud1_nb2000	265	6	4986a5545daf0830
extended_dp0_dc1_ud1_nb2000	266	7	04d0e37b7b390c21
extended_dp0_dc1_ud1_nb2000	267	3	318574d728fb4773
extended_dp0_dc1_ud1_nb2000	268	2	8d2a9efba4c33051
extended_dp0_dc1_ud1_nb2000	269	92	f7c8d19412bef263
extended_dp0_dc1_ud1_nb2000	270	34	c86d2e60eb6fda7b
extended_dp0_dc1_ud1_nb2000	271	229	387e090302cbc292
extended_dp0_dc1_ud1_nb2000	272	106	2b12e0890e16444b
extended_dp0_dc1_ud1_nb2000	273	2	6f51285605f5b665
extended_dp0_dc1_ud1_nb2000	274	45	29099840ba167ed8
extended_dp0_dc1_ud1_nb2000	275	3	33846b194a9c5819
extended_dp0_dc1_ud1_nb2000	276	237	e922d9cbc5dd7d45
extended_dp0_dc1_ud1_nb2000	277	13	14f7b67180821517
extended_dp0_dc1_ud1_nb2000	278	241	59499e10e3913e02
extended_dp0_dc1_ud1_nb2000	279	35	5ea791c2c5b6a7ef
extended_dp0_dc1_ud1_nb2000	280	7	b73b7c66198298c4
extended_dp0_dc1_ud1_nb2000	281	3	62652c0a1c0a640d
extended_dp0_dc1_ud1_nb2000	282	2	9a10022c0daaddb3
extended_dp0_dc1_ud1_nb2000	283	32	2909c54c633cc271
extended_dp0_dc1_ud1_nb2000	284	6	1517db2fd2f8a36a
extended_dp0_dc1_ud1_nb2000	285	20	dabdcf6241c18d86
extended_dp0_dc1_ud1_nb2000	286	14	eaf26968455c6e79
extended_dp0_dc1_ud1_nb2000	287	246	9d861b9b461f0c5e
extended_dp0_dc1_ud1_nb2000	288	7	46d3a81ef4a99ff1
extended_dp0_dc1_ud1_nb2000	289	3	74c1046dd66082f6
extended_dp0_dc1_ud1_nb2000	290	2	0f3051d3fcbf1a41
extended_dp0_dc1_ud1_nb2000	291	247	f01400c2600c3f73
extended_dp0_dc1_ud1_nb2000	292	3	97def42dec590a3f
extended_dp0_dc1_ud1_nb2000	293	245	380bf3cd3e98e759
extended_dp0_dc1_ud1_nb2000	294	96	1b77b827146c8c5b
extended_dp0_dc1_ud1_nb2000	295	2	11246c95048adcd5
extended_dp0_dc1_ud1_nb2000	296	233	487177b9c9fe5662
extended_dp0_dc1_ud1_nb2000	297	240	cda0b28220c125eb
extended_dp0_dc1_ud1_nb2000	298	2	b4231c8b8bf14136
extended_dp0_dc1_ud1_nb2000	299	3	17a5652bcb2e5c79
extended_dp0_dc1_ud1_nb2000	300	6	b93a6252f4092a05
extended_dp0_dc1_ud1_nb2000	301	98	8b581ea5ab82ba39
extended_dp0_dc1_ud1_nb2000	302	13	56aa675b4acb0683
extended_dp0_dc1_ud1_nb2000	303	6	adb56fe1642e028b
extended_dp0_dc1_ud1_nb2000	304	13	daa1c9c288b2afa8
extended_dp0_dc1_ud1_nb2000	305	45	57cb8b7684bcee6a
extended_dp0_dc1_ud1_nb2000	306	18	b87a5bd41816c88e
extended_dp0_dc1_ud1_nb2000	307	35	6f771243823b5660
extended_dp0_dc1_ud1_nb2000	308	249	4cca3e95e69b2703
extended_dp0_dc1_ud1_nb2000	309	4	91770c86f0b32675
extended_dp0_dc1_ud1_nb2000	310	3	a19a9ddc616bc40b
extended_dp0_dc1_ud1_nb2000	311	7	707d74031153e6e7
extended_dp0_dc1_ud1_nb2000	312	101	7cecc0dc816761d3
extended_dp0_dc1_ud1_nb2000	313	94	8d1b9539723b10f2
extended_dp0_dc1_ud1_nb2000	314	104	06eee69366778f86
extended_dp0_dc1_ud1_nb2000	315	2	93bc5a015f549470
extended_dp0_dc1_ud1_nb2000	316	243	8821c17e77bd349d
extended_dp0_dc1_ud1_nb2000	317	6	be9404b2857e93a4
extended_dp0_dc1_ud1_nb2000	318	3	0be369303603bc54
extended_dp0_dc1_ud1_nb2000	319	242	108f9175a5b62f20
extended_dp0_dc1_ud1_nb2000	320	45	735c31e60777d53c
extended_dp0_dc1_ud1_nb2000	321	37	bd022c0e201a4d7c
extended_dp0_dc1_ud1_nb2000	322	98	583c2d0e5313921f
extended_dp0_dc1_ud1_nb2000	323	38	430922a542007e37
extended_dp0_dc1_ud1_nb2000	324	37	87225e0b1322ef7b
extended_dp0_dc1_ud1_nb2000	325	13	3deb4a7124d22646
extended_dp0_dc1_ud1_nb2000	326	90	e0fecc7317a4e0a9
extended_dp0_dc1_ud1_nb2000	327	3	d1fb661b574d678c
extended_dp0_dc1_ud1_nb2000	328	16	fd4b7772597cd047
extended_dp0_dc1_ud1_nb2000	329	3	f08796570f531be3
extended_dp0_dc1_ud1_nb2000	330	103	72b4df2e072ba87e
extended_dp0_dc1_ud1_nb2000	331	2	e21106527266f843
extended_dp0_dc1_ud1_nb2000	332	89	0f178faff3847d22
extended_dp0_dc1_ud1_nb2000	333	98	ea575ae824ff07b9
extended_dp0_dc1_ud1_nb2000	334	238	0f0f6772a959abdd
extended_dp0_dc1_ud1_nb2000	335	42	8059ae463d898db0
extended_dp0_dc1_ud1_nb2000	336	109	3b2a9e696eebc086
extended_dp0_dc1_ud1_nb2000	337	11	d6a86da1f58bf20f
extended_dp0_dc1_ud1_nb2000	338	97	afdff3bb04853e3a
extended_dp0_dc1_ud1_nb2000	339	108	9aab57867a7b0610
extended_dp0_dc1_ud1_nb2000	340	41	c08c5123b9344a45
extended_dp0_dc1_ud1_nb2000	341	3	6dc1fa2d9a40944f
extended_dp0_dc1_ud1_nb2000	342	38	5243ec9223350ccc
extended_dp0_dc1_ud1_nb2000	343	241	4e59b2a84a52a73c
extended_dp0_dc1_ud1_nb2000	344	17	ccc2815a096462d6
extended_dp0_dc1_ud1_nb2000	345	34	0cf0de1e06e7b34c
extended_dp0_dc1_ud1_nb2000	346	98	37ec4785618550f1
extended_dp0_dc1_ud1_nb2000	347	3	210ba93123af0172
extended_dp0_dc1_ud1_nb2000	348	6	7338d3ddd2815dc0
extended_dp0_dc1_ud1_nb2000	349	34	a9e8fc5be2483209
extended_dp0_dc1_ud1_nb2000	350	14	b2dd5b3f4c737ae3
extended_dp0_dc1_ud1_nb2000	351	16	f47ef809cfd558ae
extended_dp0_dc1_ud1_nb2000	352	2	ce1ab59737c30339
extended_dp0_dc1_ud1_nb2000	353	39	9ce4ca3cd01bbb8f
extended_dp0_dc1_ud1_nb2000	354	3	dca680b22649204f
extended_dp0_dc1_ud1_nb2000	355	3	a581d4f3412436ff
extended_dp0_dc1_ud1_nb2000	356	2	b36dc3cace10b5a9
extended_dp0_dc1_ud1_nb2000	357	43	a6de93739c24e5ff
extended_dp0_dc1_ud1_nb2000	358	2	f9fa6bf430f95da3
extended_dp0_dc1_ud1_nb2000	359	4	d9ec5d7e2cac1565
extended_dp0_dc1_ud1_nb2000	360	13	5ab97d19c5a99aa4
extended_dp0_dc1_ud1_nb2000	361	3	189a983f4ca98b7c
extended_dp0_dc1_ud1_nb2000	362	91	c9fe1af1a125a05f
extended_dp0_dc1_ud1_nb2000	363	238	3086206ad04e38b7
extended_dp0_dc1_ud1_nb2000	364	12	9f62b6949f9ce85d
extended_dp0_dc1_ud1_nb2000	365	2	0acbb33a757090a6
extended_dp0_dc1_ud1_nb2000	366	2	198c1f0846c5965f
extended_dp0_dc1_ud1_nb2000	367	11	89e0706fc7636119
extended_dp0_dc1_ud1_nb2000	368	2	13f24330619548ba
extended_dp0_dc1_ud1_nb2000	369	35	c46d8c71fbff6615
extended_dp0_dc1_ud1_nb2000	370	6	c2b6a6d77ac0c54c
extended_dp0_dc1_ud1_nb2000	371	2	4cd07f8f33b23519
extended_dp0_dc1_ud1_nb2000	372	7	84475654e82ea585
extended_dp0_dc1_ud1_nb2000	373	7	56d6124a2a2bdbcb
extended_dp0_dc1_ud1_nb2000	374	104	4a2d131258e380e7
extended_dp0_dc1_ud1_nb2000	375	100	a767fe0f91ef853e
extended_dp0_dc1_ud1_nb2000	376	12	451ad51564fa1663
extended_dp0_dc1_ud1_nb2000	377	2	c417926d6aea0d9a
extended_dp0_dc1_ud1_nb2000	378	7	e6631f57d40ce5f3
extended_dp0_dc1_ud1_nb2000	379	11	8f28dcf2885617d0
extended_dp0_dc1_ud1_nb2000	380	110	5c5a878ba08ee4f0
extended_dp0_dc1_ud1_nb2000	381	7	fada5873d664b890
extended_dp0_dc1_ud1_nb2000	382	2	ee235b847f480214
extended_dp0_dc1_ud1_nb2000	383	3	ad5d12d2c70ba4e4
extended_dp0_dc1_ud1_nb2000	384	4	72b491db44d93aa9
extended_dp0_dc1_ud1_nb2000	385	2	60e9a85e50134bc4
extended_dp0_dc1_ud1_nb2000	386	233	04cb01b24d2cfea7
extended_dp0_dc1_ud1_nb2000	387	12	715df3519e541077
extended_dp0_dc1_ud1_nb2000	388	101	a7b6eb1cf68f9da0
extended_dp0_dc1_ud1_nb2000	389	104	a904a39507487e3e
extended_dp0_dc1_ud1_nb2000	390	12	ae31237af01fc219
extended_dp0_dc1_ud1_nb2000	391	12	a58e101876f6d6be
extended_dp0_dc1_ud1_nb2000	392	37	c5159e77ce771f6d
extended_dp0_dc1_ud1_nb2000	393	13	cfc5242a35fbce88
extended_dp0_dc1_ud1_nb2000	394	2	9e5b2dc50953735f
extended_dp0_dc1_ud1_nb2000	395	15	cba7156325efc4e4
extended_dp0_dc1_ud1_nb2000	396	35	aa07c4f7e43f4e9f
extended_dp0_dc1_ud1_nb2000	397	89	04011952ba3a5361
extended_dp0_dc1_ud1_nb2000	398	251	7750da8b039e2a74
extended_dp0_dc1_ud1_nb2000	399	7	cba454a084641c5a
extended_dp0_dc0_ud0_nb0	0	2	fe3877f9123caf6f
extended_dp0_dc0_ud0_nb0	1	33	a068d8f4c7fb1b5b
extended_dp0_dc0_ud0_nb0	2	220	cade6f64dde511f6
extended_dp0_dc0_ud0_nb0	3	3	5ce12fbe07e08005
extended_dp0_dc0_ud0_nb0	4	82	b09aeddd6cd672c3
extended_dp0_dc0_ud0_nb0	5	6	9f3bdd4a1a82f7f1
extended_dp0_dc0_ud0_nb0	6	90	0400d717ab3e8914
extended_dp0_dc0_ud0_nb0	7	238	78607ac0224de1a1
extended_dp0_dc0_ud0_nb0	8	217	e96e5a9022ca8981
extended_dp0_dc0_ud0_nb0	9	85	8d453a0167050803
extended_dp0_dc0_ud0_nb0	10	90	f1b40119945689aa
extended_dp0_dc0_ud0_nb0	11	93	288bb17c96929fed
extended_dp0_dc0_ud0_nb0	12	6	39da76a7e5af2164
extended_dp0_dc0_ud0_nb0	13	2	4fa0cf4bc5d18d38
extended_dp0_dc0_ud0_nb0	14	6	7e24d0980be9209e
extended_dp0_dc0_ud0_nb0	15	6	012258a004560569
extended_dp0_dc0_ud0_nb0	16	41	96df71c1236fb3ed
extended_dp0_dc0_ud0_nb0	17	2	5420621e61e6b2de
extended_dp0_dc0_ud0_nb0	18	6	fc5988a11a4a07f9
extended_dp0_dc0_ud0_nb0	19	3	c63fff000772e58b
extended_dp0_dc0_ud0_nb0	20	88	573806f4cdcddb79
extended_dp0_dc0_ud0_nb0	21	84	fb7e05411d46b6ab
extended_dp0_dc0_ud0_nb0	22	3	1bed7a6b96bbcec8
extended_dp0_dc0_ud0_nb0	23	201	a2e98f08281ecb2c
extended_dp0_dc0_ud0_nb0	24	2	4ee24f53fa50f5fb
extended_dp0_dc0_ud0_nb0	25	2	210c11ef7723c39c
extended_dp0_dc0_ud0_nb0	26	31	8ab878c36a3ba915
extended_dp0_dc0_ud0_nb0	27	2	3885165b33459ef6
extended_dp0_dc0_ud0_nb0	28	11	7e426ee299c644c4
extended_dp0_dc0_ud0_nb0	29	2	f03880e8e84e6a4f
extended_dp0_dc0_ud0_nb0	30	6	b854c5ee41dae81c
extended_dp0_dc0_ud0_nb0	31	2	fd1674dfae946a3e
extended_dp0_dc0_ud0_nb0	32	212	fce684a1be18c90b
extended_dp0_dc0_ud0_nb0	33	3	fb073d01787c3389
extended_dp0_dc0_ud0_nb0	34	6	ffdd6b2f7afbfdee
extended_dp0_dc0_ud0_nb0	35	210	a60eae327c4ca1e3
extended_dp0_dc0_ud0_nb0	36	11	24e2b036cc6f1c38
extended_dp0_dc0_ud0_nb0	37	97	0644a929a63da5e6
extended_dp0_dc0_ud0_nb0	38	31	d2c698f881bc7e91
extended_dp0_dc0_ud0_nb0	39	207	6d711673faef0f3a
extended_dp0_dc0_ud0_nb0	40	228	52882c5cdb58b23e
extended_dp0_dc0_ud0_nb0	41	38	783cff8e43b50946
extended_dp0_dc0_ud0_nb0	42	11	b42dbeddea47118e
extended_dp0_dc0_ud0_nb0	43	2	d62bc83a3fc4ad67
extended_dp0_dc0_ud0_nb0	44	3	1b0ec72d164d2bd9
extended_dp0_dc0_ud0_nb0	45	11	9f3c5bbd8f2a8210
extended_dp0_dc0_ud0_nb0	46	31	75c64c3b809de9d4
extended_dp0_dc0_ud0_nb0	47	89	59f659386f839cbe
extended_dp0_dc0_ud0_nb0	48	11	bc23a84254cd8afc
extended_dp0_dc0_ud0_nb0	49	6	c5644da997a296a4
extended_dp0_dc0_ud0_nb0	50	3	80ac0c3c66e2a95d
extended_dp0_dc0_ud0_nb0	51	38	609cc9d80e18297c
extended_dp0_dc0_ud0_nb0	52	2	5f7bd191f9ea2b7d
extended_dp0_dc0_ud0_nb0	53	13	85a60e681caa21d3
extended_dp0_dc0_ud0_nb0	54	6	f4728bdf9a3a4ee7
extended_dp0_dc0_ud0_nb0	55	82	e0b972915279ee9c
extended_dp0_dc0_ud0_nb0	56	11	8918f3c89447f79d
extended_dp0_dc0_ud0_nb0	57	2	d8c21a02c79c5d2f
extended_dp0_dc0_ud0_nb0	58	6	176080b15b3555b2
extended_dp0_dc0_ud0_nb0	59	33	837ed98acdc7c1de
extended_dp0_dc0_ud0_nb0	60	3	61070690beee6f2a
extended_dp0_dc0_ud0_nb0	61	2	3f0ec68644b4d988
extended_dp0_dc0_ud0_nb0	62	3	631c18c05f4786ca
extended_dp0_dc0_ud0_nb0	63	32	4a64cb80418d390b
extended_dp0_dc0_ud0_nb0	64	87	66872c1dfbbb4c8b
extended_dp0_dc0_ud0_nb0	65	6	2db1a3fc4ddb8a35
extended_dp0_dc0_ud0_nb0	66	3	09917b61d0641400
extended_dp0_dc0_ud0_nb0	67	11	54896b534fc1b67f
extended_dp0_dc0_ud0_nb0	68	11	3fa47d83402efd72
extended_dp0_dc0_ud0_nb0	69	95	b981c07f7221acb8
extended_dp0_dc0_ud0_nb0	70	6	b3de37565e82ceda
extended_dp0_dc0_ud0_nb0	71	18	9aeda4b9cc98c1f3
extended_dp0_dc0_ud0_nb0	72	31	6ebe3ff5fbec24b7
extended_dp0_dc0_ud0_nb0	73	84	4e7586dc26d17867
extended_dp0_dc0_ud0_nb0	74	3	1fa1bda149e03db8
extended_dp0_dc0_ud0_nb0	75	3	27658063d81c7912
extended_dp0_dc0_ud0_nb0	76	84	3af358f604a53327
extended_dp0_dc0_ud0_nb0	77	2	78571ef702fe8a78
extended_dp0_dc0_ud0_nb0	78	3	561e686feba94de6
extended_dp0_dc0_ud0_nb0	79	14	0dd7043716f76838
extended_dp0_dc0_ud0_nb0	80	2	9f593181c17f51ce
extended_dp0_dc0_ud0_nb0	81	14	259feb26545b4e92
extended_dp0_dc0_ud0_nb0	82	206	0ee36aa7181cbac8
extended_dp0_dc0_ud0_nb0	83	6	5f94cf4cd0c25e78
extended_dp0_dc0_ud0_nb0	84	3	98be6817fedd840d
extended_dp0_dc0_ud0_nb0	85	81	b9821b2dc5f677e4
extended_dp0_dc0_ud0_nb0	86	11	6409d6e79cc4c8e5
extended_dp0_dc0_ud0_nb0	87	34	7b830557b455e798
extended_dp0_dc0_ud0_nb0	88	36	95d9708417285a03
extended_dp0_dc0_ud0_nb0	89	218	68919df8904c2ebb
extended_dp0_dc0_ud0_nb0	90	3	34f7b7a47589cbb8
extended_dp0_dc0_ud0_nb0	91	216	92d8102f4eae6cb3
extended_dp0_dc0_ud0_nb0	92	8	86e10ac9c5a09a09
extended_dp0_dc0_ud0_nb0	93	11	b03390e74825c584
extended_dp0_dc0_ud0_nb0	94	6	f33ee757f2edc937
extended_dp0_dc0_ud0_nb0	95	216	a6e04c16e91a776b
extended_dp0_dc0_ud0_nb0	96	92	dfbcd3a351cf6dc1
extended_dp0_dc0_ud0_nb0	97	6	cd9d44625ad62644
extended_dp0_dc0_ud0_nb0	98	6	b0cc7f5369c8b3f8
extended_dp0_dc0_ud0_nb0	99	14	6d03ded3d69cba19
extended_dp0_dc0_ud0_nb0	100	14	64549493c6a0b14b
extended_dp0_dc0_ud0_nb0	101	3	5713dd7830461484
extended_dp0_dc0_ud0_nb0	102	81	f123219314ad3d29
extended_dp0_dc0_ud0_nb0	103	42	8cd949d6c0f7ab2e
extended_dp0_dc0_ud0_nb0	104	2	548f1ccaebf16d95
extended_dp0_dc0_ud0_nb0	105	2	33b5365d16a95dba
extended_dp0_dc0_ud0_nb0	106	31	72f47e76daf2f2c2
extended_dp0_dc0_ud0_nb0	107	223	c4d3e5770cf1291e
extended_dp0_dc0_ud0_nb0	108	87	12e1aa52a4bd6dd4
extended_dp0_dc0_ud0_nb0	109	34	935c463add4fb40a
extended_dp0_dc0_ud0_nb0	110	7	3f008ce83d2b014a
extended_dp0_dc0_ud0_nb0	111	3	fdb1fbf425fbf5f1
extended_dp0_dc0_ud0_nb0	112	6	02beb0f9522c8445
extended_dp0_dc0_ud0_nb0	113	2	60b1555914b64347
extended_dp0_dc0_ud0_nb0	114	209	d62dd43c9445b1db
extended_dp0_dc0_ud0_nb0	115	3	4935310ffba98b1e
extended_dp0_dc0_ud0_nb0	116	3	188df6e0b9010d74
extended_dp0_dc0_ud0_nb0	117	219	211aa11d7683e384
extended_dp0_dc0_ud0_nb0	118	212	bd10bd4a19faed5d
extended_dp0_dc0_ud0_nb0	119	2	fa3b1b21769c99bc
extended_dp0_dc0_ud0_nb0	120	216	f6a6c1a6220ffaf0
extended_dp0_dc0_ud0_nb0	121	90	0184a50e70713404
extended_dp0_dc0_ud0_nb0	122	220	db73b2bba6ffabce
extended_dp0_dc0_ud0_nb0	123	2	737f3e1167508935
extended_dp0_dc0_ud0_nb0	124	91	5d555a205f5b1788
extended_dp0_dc0_ud0_nb0	125	6	2205d22353cb8f63
extended_dp0_dc0_ud0_nb0	126	11	1c37935721ed89a9
extended_dp0_dc0_ud0_nb0	127	2	11415ff7efeb9160
extended_dp0_dc0_ud0_nb0	128	31	331d4c149d24b716
extended_dp0_dc0_ud0_nb0	129	91	05e98ec21c1e8871
extended_dp0_dc0_ud0_nb0	130	2	af2325e713679114
extended_dp0_dc0_ud0_nb0	131	221	37dfc552349161e7
extended_dp0_dc0_ud0_nb0	132	221	975631c333d4fa6f
extended_dp0_dc0_ud0_nb0	133	5	662eaf77173ddb60
extended_dp0_dc0_ud0_nb0	134	11	570b89302887f09e
extended_dp0_dc0_ud0_nb0	135	2	785032ef26619839
extended_dp0_dc0_ud0_nb0	136	2	cff4c6b51ab8d1e1
extended_dp0_dc0_ud0_nb0	137	3	a41f1b32a1b4d8bf
extended_dp0_dc0_ud0_nb0	138	204	4af4887c23baaee2
extended_dp0_dc0_ud0_nb0	139	219	f41ba75d3da65d06
extended_dp0_dc0_ud0_nb0	140	6	8e58e22dff6fe35c
extended_dp0_dc0_ud0_nb0	141	11	04aeb55ae8922bb0
extended_dp0_dc0_ud0_nb0	142	11	fcf07a5cf662b741
extended_dp0_dc0_ud0_nb0	143	2	1b54d0530affef27
extended_dp0_dc0_ud0_nb0	144	14	536a81615701edce
extended_dp0_dc0_ud0_nb0	145	86	c647ed747c51dc91
extended_dp0_dc0_ud0_nb0	146	80	ce695ad73a8ec84a
extended_dp0_dc0_ud0_nb0	147	31	5e0e5f07e82419a7
extended_dp0_dc0_ud0_nb0	148	31	4740cf895b6b6b3c
extended_dp0_dc0_ud0_nb0	149	2	0e7a7d4215ecf15a
extended_dp0_dc0_ud0_nb0	150	6	dc90e42808b7321e
extended_dp0_dc0_ud0_nb0	151	11	169dc4525772d3de
extended_dp0_dc0_ud0_nb0	152	86	4316d568cc9d7a18
extended_dp0_dc0_ud0_nb0	153	217	74478ce2c58447e4
extended_dp0_dc0_ud0_nb0	154	2	d160fa2bda5374f3
extended_dp0_dc0_ud0_nb0	155	84	f6ff7c7ecf9451cb
extended_dp0_dc0_ud0_nb0	156	34	da086e28e9a20130
extended_dp0_dc0_ud0_nb0	157	3	8488d59377cdcfd3
extended_dp0_dc0_ud0_nb0	158	6	766decfbeae25c81
extended_dp0_dc0_ud0_nb0	159	81	b2b805ef6e7910ea
extended_dp0_dc0_ud0_nb0	160	11	eaf5fc3dd030bb68
extended_dp0_dc0_ud0_nb0	161	3	40e50f4eb30e6155
extended_dp0_dc0_ud0_nb0	162	219	cf1583845ea2e874
extended_dp0_dc0_ud0_nb0	163	11	ad98a6246ad47041
extended_dp0_dc0_ud0_nb0	164	3	64ce08596bd5bea5
extended_dp0_dc0_ud0_nb0	165	3	2426a1e0d74b6fab
extended_dp0_dc0_ud0_nb0	166	222	3fcde0093d323b83
extended_dp0_dc0_ud0_nb0	167	86	9a5ab356d712e150
extended_dp0_dc0_ud0_nb0	168	2	7f186e27c595ab14
extended_dp0_dc0_ud0_nb0	169	11	25e652f4b75e0be4
extended_dp0_dc0_ud0_nb0	170	2	9a10e7aed7584972
extended_dp0_dc0_ud0_nb0	171	81	f9e653d144f6e83b
extended_dp0_dc0_ud0_nb0	172	7	e043b8efcd7293ea
extended_dp0_dc0_ud0_nb0	173	10	319c35eec23e6eaf
extended_dp0_dc0_ud0_nb0	174	34	a8ab55b35a6074e8
extended_dp0_dc0_ud0_nb0	175	2	72c15ba8f0c9d153
extended_dp0_dc0_ud0_nb0	176	226	5bf154c8ee5396b0
extended_dp0_dc0_ud0_nb0	177	3	3a354318f1ad9605
extended_dp0_dc0_ud0_nb0	178	2	edb8b080a73ec176
extended_dp0_dc0_ud0_nb0	179	85	f944d01076d58670
extended_dp0_dc0_ud0_nb0	180	215	79d7055e75dc38f5
extended_dp0_dc0_ud0_nb0	181	91	14ae0ed37c622544
extended_dp0_dc0_ud0_nb0	182	6	ff71b5097cbe6a94
extended_dp0_dc0_ud0_nb0	183	3	7f317189aa4c185a
extended_dp0_dc0_ud0_nb0	184	11	ab413aee1fe76e08
extended_dp0_dc0_ud0_nb0	185	217	ad0764f04f195e2a
extended_dp0_dc0_ud0_nb0	186	5	42279d51c85f5796
extended_dp0_dc0_ud0_nb0	187	93	5b7d9b98dbeb318f
extended_dp0_dc0_ud0_nb0	188	6	b7ab0beb53140468
extended_dp0_dc0_ud0_nb0	189	3	b707e8613282f6a0
extended_dp0_dc0_ud0_nb0	190	3	01ea72aab73b6f2d
extended_dp0_dc0_ud0_nb0	191	217	f35358f8537519d3
extended_dp0_dc0_ud0_nb0	192	6	6601abc543e60189
extended_dp0_dc0_ud0_nb0	193	3	2d3a9352ff8fbc56
extended_dp0_dc0_ud0_nb0	194	83	2c664eecd3eb41e9
extended_dp0_dc0_ud0_nb0	195	89	6a598324dc85d2f8
extended_dp0_dc0_ud0_nb0	196	216	e07d701475994c7b
extended_dp0_dc0_ud0_nb0	197	11	86470d2097d4c64b
extended_dp0_dc0_ud0_nb0	198	3	ce238d187758e508
extended_dp0_dc0_ud0_nb0	199	11	b3cd1e83f687e66f
extended_dp0_dc0_ud0_nb0	200	82	b7046ddc96df5683
extended_dp0_dc0_ud0_nb0	201	6	2ab636e41b5c58cc
extended_dp0_dc0_ud0_nb0	202	3	ad5adcf2242e03e9
extended_dp0_dc0_ud0_nb0	203	31	32ae8e057d742c31
extended_dp0_dc0_ud0_nb0	204	95	84fd12ea03db4d74
extended_dp0_dc0_ud0_nb0	205	11	4631132bb4b62b25
extended_dp0_dc0_ud0_nb0	206	226	1368fd997f3a572c
extended_dp0_dc0_ud0_nb0	207	90	fbb341e19022861d
extended_dp0_dc0_ud0_nb0	208	87	cc5a07a710bf46de
extended_dp0_dc0_ud0_nb0	209	2	7e406aca15207b29
extended_dp0_dc0_ud0_nb0	210	3	27aa91d89ced92ad
extended_dp0_dc0_ud0_nb0	211	11	0888f8556a270c22
extended_dp0_dc0_ud0_nb0	212	13	a97c147b04b7eb80
extended_dp0_dc0_ud0_nb0	213	3	6fdef77cd5f3ed9c
extended_dp0_dc0_ud0_nb0	214	31	cd4f9776ac209437
extended_dp0_dc0_ud0_nb0	215	6	6c65c2615bc0b46c
extended_dp0_dc0_ud0_nb0	216	85	bb8cafe50dc5b084
extended_dp0_dc0_ud0_nb0	217	11	2eab2b79ea9bf2ea
extended_dp0_dc0_ud0_nb0	218	11	07269e04d191e45a
extended_dp0_dc0_ud0_nb0	219	6	2dd88123aab08ef5
extended_dp0_dc0_ud0_nb0	220	33	67a53707807127c5
extended_dp0_dc0_ud0_nb0	221	11	951f1d7b75c6e189
extended_dp0_dc0_ud0_nb0	222	2	155847d504fd75bd
extended_dp0_dc0_ud0_nb0	223	3	68b644ea8629cdf0
extended_dp0_dc0_ud0_nb0	224	13	b27396ab9f8dae07
extended_dp0_dc0_ud0_nb0	225	2	2832a96cf84da5d8
extended_dp0_dc0_ud0_nb0	226	230	62e97b3a1a1e99c8
extended_dp0_dc0_ud0_nb0	227	2	bfb74ba3b9454e97
extended_dp0_dc0_ud0_nb0	228	34	301b1b6c4234cc2b
extended_dp0_dc0_ud0_nb0	229	9	0dbf19a73929b27f
extended_dp0_dc0_ud0_nb0	230	85	6aa11878e094312a
extended_dp0_dc0_ud0_nb0	231	6	7cf25bdf9e5abfcd
extended_dp0_dc0_ud0_nb0	232	3	12e20895f979e9d1
extended_dp0_dc0_ud0_nb0	233	33	93be64582cdec132
extended_dp0_dc0_ud0_nb0	234	3	93f59ad12e846f0f
extended_dp0_dc0_ud0_nb0	235	88	473cf3bd1ce5bdb8
extended_dp0_dc0_ud0_nb0	236	2	00e649886ebb9e7c
extended_dp0_dc0_ud0_nb0	237	6	341fc27ba1928223
extended_dp0_dc0_ud0_nb0	238	31	b9d261a3d9d3e8d2
extended_dp0_dc0_ud0_nb0	239	2	4b70e50b8edc6292
extended_dp0_dc0_ud0_nb0	240	6	43fdb87312ea6c5c
extended_dp0_dc0_ud0_nb0	241	3	af4404150c063f13
extended_dp0_dc0_ud0_nb0	242	8	baab10b4051dd510
extended_dp0_dc0_ud0_nb0	243	34	ad0166097bf96dce
extended_dp0_dc0_ud0_nb0	244	3	c87e6e73c3a95ea8
extended_dp0_dc0_ud0_nb0	245	31	0788963b631012f0
extended_dp0_dc0_ud0_nb0	246	214	2722bffc79003082
extended_dp0_dc0_ud0_nb0	247	3	e0853c840dd1fdaf
extended_dp0_dc0_ud0_nb0	248	87	628706c4b8b22fde
extended_dp0_dc0_ud0_nb0	249	221	1d5d5adaa1c2dc32
extended_dp0_dc0_ud0_nb0	250	84	e6254acc52405727
extended_dp0_dc0_ud0_nb0	251	92	5fe8c73ec107d1ec
extended_dp0_dc0_ud0_nb0	252	11	2315dc6f70ea09de
extended_dp0_dc0_ud0_nb0	253	6	ce6cdcbd812a0a55
extended_dp0_dc0_ud0_nb0	254	9	eb02f38754eb940c
extended_dp0_dc0_ud0_nb0	255	88	d2e0f9d52282fe6e
extended_dp0_dc0_ud0_nb0	256	2	551a63c2d76181f6
extended_dp0_dc0_ud0_nb0	257	15	a4b284951c2542eb
extended_dp0_dc0_ud0_nb0	258	88	dea16dd4cf42e530
extended_dp0_dc0_ud0_nb0	259	35	ee34798621636c36
extended_dp0_dc0_ud0_nb0	260	2	74defcaa3b35bd3c
extended_dp0_dc0_ud0_nb0	261	2	f76307a603dd2a5d
extended_dp0_dc0_ud0_nb0	262	9	45452f7c83aa5796
extended_dp0_dc0_ud0_nb0	263	6	cfb268392fa71828
extended_dp0_dc0_ud0_nb0	264	35	abf3a5bb2b1bdc79
extended_dp0_dc0_ud0_nb0	265	5	a6528b54d51e66ff
extended_dp0_dc0_ud0_nb0	266	6	ea804dbdcfc3326f
extended_dp0_dc0_ud0_nb0	267	3	40b38c95fc7c1aa6
extended_dp0_dc0_ud0_nb0	268	2	8d2a9efba4c33051
extended_dp0_dc0_ud0_nb0	269	84	46f631c6db06155c
extended_dp0_dc0_ud0_nb0	270	31	4a40607545430609
extended_dp0_dc0_ud0_nb0	271	203	363c301a1f10633e
extended_dp0_dc0_ud0_nb0	272	93	5882929d5529a566
extended_dp0_dc0_ud0_nb0	273	2	6f51285605f5b665
extended_dp0_dc0_ud0_nb0	274	42	d225226f4fa7f86f
extended_dp0_dc0_ud0_nb0	275	3	33846b194a9c5819
extended_dp0_dc0_ud0_nb0	276	210	3e52ce9ce508e16c
extended_dp0_dc0_ud0_nb0	277	11	a1ccdbb953851a0f
extended_dp0_dc0_ud0_nb0	278	214	4737079011d5e510
extended_dp0_dc0_ud0_nb0	279	32	a3ae239aef52ed44
extended_dp0_dc0_ud0_nb0	280	6	1bb7d1d818afd2d5
extended_dp0_dc0_ud0_nb0	281	3	092fe718dd2ba873
extended_dp0_dc0_ud0_nb0	282	2	9a10022c0daaddb3
extended_dp0_dc0_ud0_nb0	283	31	df6b7b535a54cf12
extended_dp0_dc0_ud0_nb0	284	6	df51c19f005dbde4
extended_dp0_dc0_ud0_nb0	285	18	9a32bb7946968489
extended_dp0_dc0_ud0_nb0	286	13	f146cfc379caeb8c
extended_dp0_dc0_ud0_nb0	287	221	cd6534bed3615168
extended_dp0_dc0_ud0_nb0	288	6	5a6ff5422d43f670
extended_dp0_dc0_ud0_nb0	289	3	74c1046dd66082f6
extended_dp0_dc0_ud0_nb0	290	2	755010a29b611eac
extended_dp0_dc0_ud0_nb0	291	217	f29a0b324fbc1bb5
extended_dp0_dc0_ud0_nb0	292	3	e949d0f76c39e16e
extended_dp0_dc0_ud0_nb0	293	212	2cf8aa785cd8cc79
extended_dp0_dc0_ud0_nb0	294	86	41d1b0ac1a0a2b7a
extended_dp0_dc0_ud0_nb0	295	2	11246c95048adcd5
extended_dp0_dc0_ud0_nb0	296	208	1fc96e3c8335c90a
extended_dp0_dc0_ud0_nb0	297	213	120705a4b7372a92
extended_dp0_dc0_ud0_nb0	298	2	b4231c8b8bf14136
extended_dp0_dc0_ud0_nb0	299	3	567e560e6188f72f
extended_dp0_dc0_ud0_nb0	300	6	93effec1cd3c095d
extended_dp0_dc0_ud0_nb0	301	88	8b0afb445118fc37
extended_dp0_dc0_ud0_nb0	302	11	bd0753d1d1890f0b
extended_dp0_dc0_ud0_nb0	303	6	2b46fd55dcde153a
extended_dp0_dc0_ud0_nb0	304	11	a0a4d6fe894a3c3d
extended_dp0_dc0_ud0_nb0	305	41	dc40033ca2261fea
extended_dp0_dc0_ud0_nb0	306	16	7f373133ac01e286
extended_dp0_dc0_ud0_nb0	307	31	9e32a47988c4c91b
extended_dp0_dc0_ud0_nb0	308	219	1772f110d9bfdea1
extended_dp0_dc0_ud0_nb0	309	3	9a811aa38df195a8
extended_dp0_dc0_ud0_nb0	310	3	dc5522b8da7bb01e
extended_dp0_dc0_ud0_nb0	311	6	1b0193d4c04fd0c5
extended_dp0_dc0_ud0_nb0	312	89	95650943c307c9a8
extended_dp0_dc0_ud0_nb0	313	85	58c3dbe670114e54
extended_dp0_dc0_ud0_nb0	314	89	ea763feb6ccdf1f8
extended_dp0_dc0_ud0_nb0	315	2	93bc5a015f549470
extended_dp0_dc0_ud0_nb0	316	219	f2d6e13fa269a86b
extended_dp0_dc0_ud0_nb0	317	6	44515abdf099d302
extended_dp0_dc0_ud0_nb0	318	3	823f5d6c99a85f01
extended_dp0_dc0_ud0_nb0	319	216	0bcec6fc3dd396e1
extended_dp0_dc0_ud0_nb0	320	39	9a8bab24b3c85655
extended_dp0_dc0_ud0_nb0	321	33	2635fbd10cbdc39c
extended_dp0_dc0_ud0_nb0	322	89	57ed0688ea849877
extended_dp0_dc0_ud0_nb0	323	34	7452753728d58fbb
extended_dp0_dc0_ud0_nb0	324	36	f0771ff3e3649e9f
extended_dp0_dc0_ud0_nb0	325	11	4b99816aa95fca34
extended_dp0_dc0_ud0_nb0	326	81	dd3de34ad8bfc61f
extended_dp0_dc0_ud0_nb0	327	3	a6c2ae93c967753e
extended_dp0_dc0_ud0_nb0	328	14	2b8c41733779d40c
extended_dp0_dc0_ud0_nb0	329	3	1330480530b8c61d
extended_dp0_dc0_ud0_nb0	330	91	7db22489fa006a05
extended_dp0_dc0_ud0_nb0	331	2	c1972642e2aa65d5
extended_dp0_dc0_ud0_nb0	332	81	ba59f2b03731094c
extended_dp0_dc0_ud0_nb0	333	89	075e636ea7c8d506
extended_dp0_dc0_ud0_nb0	334	210	5a0b8015f67ab42b
extended_dp0_dc0_ud0_nb0	335	36	c08fbae8760d3289
extended_dp0_dc0_ud0_nb0	336	98	49387d609354c79c
extended_dp0_dc0_ud0_nb0	337	11	1953b2569d4de9bf
extended_dp0_dc0_ud0_nb0	338	87	cece7bdb2b6a61cc
extended_dp0_dc0_ud0_nb0	339	96	361570068891943f
extended_dp0_dc0_ud0_nb0	340	37	98f69d3bd5bde0b8
extended_dp0_dc0_ud0_nb0	341	3	d181a6e83647ad76
extended_dp0_dc0_ud0_nb0	342	35	0f93737ac2404368
extended_dp0_dc0_ud0_nb0	343	218	6f562768f09d9fa3
extended_dp0_dc0_ud0_nb0	344	15	170277343bf0ed6e
extended_dp0_dc0_ud0_nb0	345	31	9901d3fa1d9cd609
extended_dp0_dc0_ud0_nb0	346	86	146316a092e26c53
extended_dp0_dc0_ud0_nb0	347	3	59240dfce15837b3
extended_dp0_dc0_ud0_nb0	348	6	d008af8e6f1eb378
extended_dp0_dc0_ud0_nb0	349	31	70ef94e74d59b821
extended_dp0_dc0_ud0_nb0	350	13	d0838f026cf57474
extended_dp0_dc0_ud0_nb0	351	14	b8677be0374fcf69
extended_dp0_dc0_ud0_nb0	352	2	7e8a7abe1526356c
extended_dp0_dc0_ud0_nb0	353	36	ff59164183b67eac
extended_dp0_dc0_ud0_nb0	354	3	ae1fcf21cf36245e
extended_dp0_dc0_ud0_nb0	355	3	95f66d4114646871
extended_dp0_dc0_ud0_nb0	356	2	6d65c46feca98e8b
extended_dp0_dc0_ud0_nb0	357	37	e90e7add8170d35e
extended_dp0_dc0_ud0_nb0	358	2	f9fa6bf430f95da3
extended_dp0_dc0_ud0_nb0	359	3	098105451cd10742
extended_dp0_dc0_ud0_nb0	360	11	e4e7d2cc0232a11d
extended_dp0_dc0_ud0_nb0	361	3	38ae65325ca707f5
extended_dp0_dc0_ud0_nb0	362	83	b843a7532092bed8
extended_dp0_dc0_ud0_nb0	363	208	39fb0bf8560505f1
extended_dp0_dc0_ud0_nb0	364	11	fbed45ec0fbf0601
extended_dp0_dc0_ud0_nb0	365	2	62d81744abb53f13
extended_dp0_dc0_ud0_nb0	366	2	198c1f0846c5965f
extended_dp0_dc0_ud0_nb0	367	11	0556a16ee0da747b
extended_dp0_dc0_ud0_nb0	368	2	995a48ddb7bf024f
extended_dp0_dc0_ud0_nb0	369	31	075aacdbdd1ccf82
extended_dp0_dc0_ud0_nb0	370	6	c31ef7faaea9bbc5
extended_dp0_dc0_ud0_nb0	371	2	4cd07f8f33b23519
extended_dp0_dc0_ud0_nb0	372	6	cc491e063b9ea7ee
extended_dp0_dc0_ud0_nb0	373	6	940f3e69d8318ea0
extended_dp0_dc0_ud0_nb0	374	90	b8935bbb02180b86
extended_dp0_dc0_ud0_nb0	375	89	6fb952bccc3d4f5c
extended_dp0_dc0_ud0_nb0	376	11	15895f245482cd73
extended_dp0_dc0_ud0_nb0	377	2	c417926d6aea0d9a
extended_dp0_dc0_ud0_nb0	378	6	304786d3ec7e0f4c
extended_dp0_dc0_ud0_nb0	379	11	2244b5f63ff2ada6
extended_dp0_dc0_ud0_nb0	380	98	4aad90471a8181c8
extended_dp0_dc0_ud0_nb0	381	6	86cf5a728b9dc93f
extended_dp0_dc0_ud0_nb0	382	2	ee235b847f480214
extended_dp0_dc0_ud0_nb0	383	3	81352e3ce0470eb3
extended_dp0_dc0_ud0_nb0	384	3	21bed12db54d8f82
extended_dp0_dc0_ud0_nb0	385	2	60e9a85e50134bc4
extended_dp0_dc0_ud0_nb0	386	210	ad8e8f8d42a9fde7
extended_dp0_dc0_ud0_nb0	387	11	0167d4d7cfd385af
extended_dp0_dc0_ud0_nb0	388	91	27e73b906ce16646
extended_dp0_dc0_ud0_nb0	389	88	d68679c53975d822
extended_dp0_dc0_ud0_nb0	390	11	08ba09595cca6357
extended_dp0_dc0_ud0_nb0	391	11	21868d7deb80cef0
extended_dp0_dc0_ud0_nb0	392	31	8b9a745e7256ebca
extended_dp0_dc0_ud0_nb0	393	11	b5446e046187bfdf
extended_dp0_dc0_ud0_nb0	394	2	3a26d4d1964e45ce
extended_dp0_dc0_ud0_nb0	395	14	e6ccaf127e068933
extended_dp0_dc0_ud0_nb0	396	31	9927d62929a9121e
extended_dp0_dc0_ud0_nb0	397	81	4048221d0886434c
extended_dp0_dc0_ud0_nb0	398	224	8609f5f13c016f1e
extended_dp0_dc0_ud0_nb0	399	6	e8490d8144d89fbf
extended_dp0_dc0_ud0_nb2000	0	2	fe3877f9123caf6f
extended_dp0_dc0_ud0_nb2000	1	38	4cd661c7f96671e7
extended_dp0_dc0_ud0_nb2000	2	238	ea629ac81a3d2751
extended_dp0_dc0_ud0_nb2000	3	3	04752421978926ff
extended_dp0_dc0_ud0_nb2000	4	92	d970b840d0adba55
extended_dp0_dc0_ud0_nb2000	5	7	0818ae033e1ad3ba
extended_dp0_dc0_ud0_nb2000	6	99	012bb40c1d1c7976
extended_dp0_dc0_ud0_nb2000	7	267	525ce7e95f66b7d3
extended_dp0_dc0_ud0_nb2000	8	243	647216826b92a88c
extended_dp0_dc0_ud0_nb2000	9	94	d98235c5d5dfbade
extended_dp0_dc0_ud0_nb2000	10	104	44230b7520503c30
extended_dp0_dc0_ud0_nb2000	11	103	4755086534c39edd
extended_dp0_dc0_ud0_nb2000	12	6	e25a0797ac94cbf4
extended_dp0_dc0_ud0_nb2000	13	2	4fa0cf4bc5d18d38
extended_dp0_dc0_ud0_nb2000	14	6	06cb917caa7530f2
extended_dp0_dc0_ud0_nb2000	15	7	4b15990cd4098fb9
extended_dp0_dc0_ud0_nb2000	16	47	fa6e29381a9f53bb
extended_dp0_dc0_ud0_nb2000	17	2	5420621e61e6b2de
extended_dp0_dc0_ud0_nb2000	18	7	6b458e44b271634a
extended_dp0_dc0_ud0_nb2000	19	3	5892385b1aec09f4
extended_dp0_dc0_ud0_nb2000	20	103	90bed79bc66a0e64
extended_dp0_dc0_ud0_nb2000	21	94	f5d3d97ab534fcb1
extended_dp0_dc0_ud0_nb2000	22	4	eaa8ad25233fea23
extended_dp0_dc0_ud0_nb2000	23	230	6d3afaee482a57dd
extended_dp0_dc0_ud0_nb2000	24	2	4ee24f53fa50f5fb
extended_dp0_dc0_ud0_nb2000	25	2	210c11ef7723c39c
extended_dp0_dc0_ud0_nb2000	26	34	a379c85d6d481855
extended_dp0_dc0_ud0_nb2000	27	2	7a76b7ba3a15016d
extended_dp0_dc0_ud0_nb2000	28	13	ddce45a3eeee84d8
extended_dp0_dc0_ud0_nb2000	29	2	0d2b0764438b4218
extended_dp0_dc0_ud0_nb2000	30	7	3fde2982b725e481
extended_dp0_dc0_ud0_nb2000	31	2	115a740f9cd9a619
extended_dp0_dc0_ud0_nb2000	32	242	f1a4ce797c1db3c0
extended_dp0_dc0_ud0_nb2000	33	3	fb073d01787c3389
extended_dp0_dc0_ud0_nb2000	34	7	95f76df4c545c7f3
extended_dp0_dc0_ud0_nb2000	35	235	5d0a3d17ec5397c9
extended_dp0_dc0_ud0_nb2000	36	12	bd9364852a3d2357
extended_dp0_dc0_ud0_nb2000	37	104	857f07112f5c4020
extended_dp0_dc0_ud0_nb2000	38	36	53444597ac6a1148
extended_dp0_dc0_ud0_nb2000	39	235	a2a689a16e534ecd
extended_dp0_dc0_ud0_nb2000	40	254	3a2627ed171d7f64
extended_dp0_dc0_ud0_nb2000	41	41	aeb2326e8aec28b6
extended_dp0_dc0_ud0_nb2000	42	13	1edb82639c240178
extended_dp0_dc0_ud0_nb2000	43	2	d62bc83a3fc4ad67
extended_dp0_dc0_ud0_nb2000	44	4	64bb20437661a3b9
extended_dp0_dc0_ud0_nb2000	45	12	c6b1aa2fc9ba64e1
extended_dp0_dc0_ud0_nb2000	46	36	dec0f76940c04000
extended_dp0_dc0_ud0_nb2000	47	94	021a6643e6845343
extended_dp0_dc0_ud0_nb2000	48	12	779f351714e1283e
extended_dp0_dc0_ud0_nb2000	49	6	2ce67d3a0a7e82bc
extended_dp0_dc0_ud0_nb2000	50	3	fd89f6049da2aafa
extended_dp0_dc0_ud0_nb2000	51	40	bad47207ca043fec
extended_dp0_dc0_ud0_nb2000	52	2	fd08e8dd823f631e
extended_dp0_dc0_ud0_nb2000	53	14	be7e385431dc601d
extended_dp0_dc0_ud0_nb2000	54	8	afea7491905a4a6e
extended_dp0_dc0_ud0_nb2000	55	91	dbfbd4b82d308e55
extended_dp0_dc0_ud0_nb2000	56	12	a63bba344f6203c6
extended_dp0_dc0_ud0_nb2000	57	2	d8c21a02c79c5d2f
extended_dp0_dc0_ud0_nb2000	58	7	8212b058ef36fa70
extended_dp0_dc0_ud0_nb2000	59	34	a7774d2497e4c70d
extended_dp0_dc0_ud0_nb2000	60	3	90e544c7aa820b5e
extended_dp0_dc0_ud0_nb2000	61	2	50c0e5e565e77d9f
extended_dp0_dc0_ud0_nb2000	62	3	490e58d435ecad3e
extended_dp0_dc0_ud0_nb2000	63	35	32c0c1166ee18532
extended_dp0_dc0_ud0_nb2000	64	97	d04a5f9f287e1812
extended_dp0_dc0_ud0_nb2000	65	6	18374a0373c87375
extended_dp0_dc0_ud0_nb2000	66	4	cf688d71ffe9a693
extended_dp0_dc0_ud0_nb2000	67	13	74ca2a455d773a67
extended_dp0_dc0_ud0_nb2000	68	12	0f6003f78eaa7dc4
extended_dp0_dc0_ud0_nb2000	69	108	525eccc12a652e88
extended_dp0_dc0_ud0_nb2000	70	7	0167c411519f02aa
extended_dp0_dc0_ud0_nb2000	71	19	5bdadc13128d0cbb
extended_dp0_dc0_ud0_nb2000	72	35	638a03f099018a7d
extended_dp0_dc0_ud0_nb2000	73	96	566c6219f35e70a7
extended_dp0_dc0_ud0_nb2000	74	3	1fa1bda149e03db8
extended_dp0_dc0_ud0_nb2000	75	3	27658063d81c7912
extended_dp0_dc0_ud0_nb2000	76	93	128bba9b3d747880
extended_dp0_dc0_ud0_nb2000	77	2	72f99e536ffd074b
extended_dp0_dc0_ud0_nb2000	78	3	561e686feba94de6
extended_dp0_dc0_ud0_nb2000	79	15	545612e70d814059
extended_dp0_dc0_ud0_nb2000	80	2	0fb37fca75143919
extended_dp0_dc0_ud0_nb2000	81	15	2d4d1d2408458a42
extended_dp0_dc0_ud0_nb2000	82	235	4648bdea2c7a9c62
extended_dp0_dc0_ud0_nb2000	83	6	f1015c348b042132
extended_dp0_dc0_ud0_nb2000	84	3	98be6817fedd840d
extended_dp0_dc0_ud0_nb2000	85	87	43ae84f27975ac21
extended_dp0_dc0_ud0_nb2000	86	12	9a5e444602a622f1
extended_dp0_dc0_ud0_nb2000	87	38	0697a8ffef21aa16
extended_dp0_dc0_ud0_nb2000	88	40	2bef6cef9b8356a7
extended_dp0_dc0_ud0_nb2000	89	241	5bea44e4dd96fa09
extended_dp0_dc0_ud0_nb2000	90	3	34f7b7a47589cbb8
extended_dp0_dc0_ud0_nb2000	91	235	f3b49bc38e73e35a
extended_dp0_dc0_ud0_nb2000	92	9	67ad0d3a5a79295e
extended_dp0_dc0_ud0_nb2000	93	12	2ae0b0ec6811134f
extended_dp0_dc0_ud0_nb2000	94	6	98a1472c66a9b589
extended_dp0_dc0_ud0_nb2000	95	247	9f4fdd6c99887c83
extended_dp0_dc0_ud0_nb2000	96	105	5c150dfc975526c2
extended_dp0_dc0_ud0_nb2000	97	6	d0f6ce909212a479
extended_dp0_dc0_ud0_nb2000	98	7	839aa0cc4e51c5b5
extended_dp0_dc0_ud0_nb2000	99	16	f6941bf7aee3c996
extended_dp0_dc0_ud0_nb2000	100	15	db4334400cf1fc36
extended_dp0_dc0_ud0_nb2000	101	4	d169faaa37a5c1e1
extended_dp0_dc0_ud0_nb2000	102	88	6e9322fe58a076c6
extended_dp0_dc0_ud0_nb2000	103	47	2d4d01a16a55c935
extended_dp0_dc0_ud0_nb2000	104	2	548f1ccaebf16d95
extended_dp0_dc0_ud0_nb2000	105	2	5e1645b8765c83f3
extended_dp0_dc0_ud0_nb2000	106	33	4218f099a80d3bbd
extended_dp0_dc0_ud0_nb2000	107	254	304e03c07e474e3f
extended_dp0_dc0_ud0_nb2000	108	98	e776f7b5329c913b
extended_dp0_dc0_ud0_nb2000	109	37	74727b4a96a4a3d1
extended_dp0_dc0_ud0_nb2000	110	8	df7d55b52ccd4212
extended_dp0_dc0_ud0_nb2000	111	3	01911c6ee2172564
extended_dp0_dc0_ud0_nb2000	112	7	136a89fc80798f9e
extended_dp0_dc0_ud0_nb2000	113	2	60b1555914b64347
extended_dp0_dc0_ud0_nb2000	114	236	198f52c35b2bd182
extended_dp0_dc0_ud0_nb2000	115	3	de6fd2bd545408c7
extended_dp0_dc0_ud0_nb2000	116	3	188df6e0b9010d74
extended_dp0_dc0_ud0_nb2000	117	250	922d4fbb9b912c3e
extended_dp0_dc0_ud0_nb2000	118	238	c202cfac5da21b3b
extended_dp0_dc0_ud0_nb2000	119	2	fa3b1b21769c99bc
extended_dp0_dc0_ud0_nb2000	120	243	b8406cc53fc2d753
extended_dp0_dc0_ud0_nb2000	121	99	ba54477bd8cb1978
extended_dp0_dc0_ud0_nb2000	122	242	85801a03361ed66d
extended_dp0_dc0_ud0_nb2000	123	2	737f3e1167508935
extended_dp0_dc0_ud0_nb2000	124	104	8b8e76567fc081a3
extended_dp0_dc0_ud0_nb2000	125	6	ee02dd66d95d2d06
extended_dp0_dc0_ud0_nb2000	126	12	6afa1dd045f2ea10
extended_dp0_dc0_ud0_nb2000	127	2	814dccc6d2006e69
extended_dp0_dc0_ud0_nb2000	128	33	339cd976be3061cd
extended_dp0_dc0_ud0_nb2000	129	101	990cc8c40e8e3630
extended_dp0_dc0_ud0_nb2000	130	2	af2325e713679114
extended_dp0_dc0_ud0_nb2000	131	249	446b09ac723ddf6f
extended_dp0_dc0_ud0_nb2000	132	250	22e7625da87905e6
extended_dp0_dc0_ud0_nb2000	133	6	b516e7d332f84d1d
extended_dp0_dc0_ud0_nb2000	134	12	b7a19d064e8b9377
extended_dp0_dc0_ud0_nb2000	135	2	785032ef26619839
extended_dp0_dc0_ud0_nb2000	136	2	cff4c6b51ab8d1e1
extended_dp0_dc0_ud0_nb2000	137	3	1dc709adf506815a
extended_dp0_dc0_ud0_nb2000	138	225	5a6f89f8e0b12170
extended_dp0_dc0_ud0_nb2000	139	243	889e9bcb869cec26
extended_dp0_dc0_ud0_nb2000	140	7	dc6d609246fee55b
extended_dp0_dc0_ud0_nb2000	141	13	73e1bad7e4fcd6ee
extended_dp0_dc0_ud0_nb2000	142	13	a7a2d9ffcf80236d
extended_dp0_dc0_ud0_nb2000	143	2	6ff6b8bc6619ae66
extended_dp0_dc0_ud0_nb2000	144	15	93bb6a4a778c53ae
extended_dp0_dc0_ud0_nb2000	145	95	37d03f95f8ba04e2
extended_dp0_dc0_ud0_nb2000	146	86	018a879396ff3d22
extended_dp0_dc0_ud0_nb2000	147	36	b366f135e8e6fd22
extended_dp0_dc0_ud0_nb2000	148	34	1c1c7e631a67982e
extended_dp0_dc0_ud0_nb2000	149	2	0e7a7d4215ecf15a
extended_dp0_dc0_ud0_nb2000	150	7	38fd4ada0da336f9
extended_dp0_dc0_ud0_nb2000	151	13	f3058003f71c775e
extended_dp0_dc0_ud0_nb2000	152	96	f224e00554e8cc88
extended_dp0_dc0_ud0_nb2000	153	242	8c0949dc29b3974a
extended_dp0_dc0_ud0_nb2000	154	2	60a2b5c9c2e0e62a
extended_dp0_dc0_ud0_nb2000	155	93	989cc172ff437c16
extended_dp0_dc0_ud0_nb2000	156	37	43a17d649568d86d
extended_dp0_dc0_ud0_nb2000	157	3	6a36bc7972855e92
extended_dp0_dc0_ud0_nb2000	158	7	1202f8cd1288644a
extended_dp0_dc0_ud0_nb2000	159	93	9bfca03b022400cb
extended_dp0_dc0_ud0_nb2000	160	11	eb1e8546f2633505
extended_dp0_dc0_ud0_nb2000	161	4	2224d338ee0c92e9
extended_dp0_dc0_ud0_nb2000	162	249	0314546bb6b7af82
extended_dp0_dc0_ud0_nb2000	163	12	1b17a717ee5f8a58
extended_dp0_dc0_ud0_nb2000	164	4	832f5c2fce7ba965
extended_dp0_dc0_ud0_nb2000	165	3	5c538693c1431f4b
extended_dp0_dc0_ud0_nb2000	166	247	420680a8a3955fcd
extended_dp0_dc0_ud0_nb2000	167	96	58980bf918a7aeba
extended_dp0_dc0_ud0_nb2000	168	2	7f186e27c595ab14
extended_dp0_dc0_ud0_nb2000	169	11	a2e05d8dfbe435b9
extended_dp0_dc0_ud0_nb2000	170	2	9a10e7aed7584972
extended_dp0_dc0_ud0_nb2000	171	92	20cc6b782a9c1d92
extended_dp0_dc0_ud0_nb2000	172	8	5e8a27341ca8cdd6
extended_dp0_dc0_ud0_nb2000	173	12	bdcdf892ad25c7db
extended_dp0_dc0_ud0_nb2000	174	38	de77196d874b8dee
extended_dp0_dc0_ud0_nb2000	175	2	72c15ba8f0c9d153
extended_dp0_dc0_ud0_nb2000	176	248	e02a37817406020b
extended_dp0_dc0_ud0_nb2000	177	3	c218bc9ef317b912
extended_dp0_dc0_ud0_nb2000	178	2	edb8b080a73ec176
extended_dp0_dc0_ud0_nb2000	179	95	ddaf0fc710ddb869
extended_dp0_dc0_ud0_nb2000	180	243	9437791c04ecde63
extended_dp0_dc0_ud0_nb2000	181	101	6c55ac4dc55f8d98
extended_dp0_dc0_ud0_nb2000	182	6	b5bec723cdeb5f21
extended_dp0_dc0_ud0_nb2000	183	4	11f7094f697eac0c
extended_dp0_dc0_ud0_nb2000	184	12	e621cab269565d98
extended_dp0_dc0_ud0_nb2000	185	242	fbc4745a150b048b
extended_dp0_dc0_ud0_nb2000	186	6	11760524a2054f12
extended_dp0_dc0_ud0_nb2000	187	107	c0de5552a8ff820b
extended_dp0_dc0_ud0_nb2000	188	6	095e851ce7fee1b7
extended_dp0_dc0_ud0_nb2000	189	3	4275562cef33e65f
extended_dp0_dc0_ud0_nb2000	190	3	01ea72aab73b6f2d
extended_dp0_dc0_ud0_nb2000	191	242	0938b9b9f77a3695
extended_dp0_dc0_ud0_nb2000	192	7	80c9d512da64fd85
extended_dp0_dc0_ud0_nb2000	193	3	9d88783521a38ff1
extended_dp0_dc0_ud0_nb2000	194	93	f0b66a1482bdb260
extended_dp0_dc0_ud0_nb2000	195	104	5fb7be2bdba8d28f
extended_dp0_dc0_ud0_nb2000	196	240	3f4b5f3cc3f13855
extended_dp0_dc0_ud0_nb2000	197	11	2547b6a490f3ba28
extended_dp0_dc0_ud0_nb2000	198	4	d95422b38e7ccb9d
extended_dp0_dc0_ud0_nb2000	199	11	53a982c28c73c81c
extended_dp0_dc0_ud0_nb2000	200	88	60e275e97560ebc3
extended_dp0_dc0_ud0_nb2000	201	6	6af7fbc304f8b8b5
extended_dp0_dc0_ud0_nb2000	202	3	9867b26f89bd75b4
extended_dp0_dc0_ud0_nb2000	203	34	4373fca7e5d20c04
extended_dp0_dc0_ud0_nb2000	204	109	63de570e9b9d2a39
extended_dp0_dc0_ud0_nb2000	205	12	220a7df13e78d8c4
extended_dp0_dc0_ud0_nb2000	206	248	2b99c3563f1c50d7
extended_dp0_dc0_ud0_nb2000	207	95	e5c6dc5b9167431d
extended_dp0_dc0_ud0_nb2000	208	102	c5fb4d7306865ddc
extended_dp0_dc0_ud0_nb2000	209	2	7e406aca15207b29
extended_dp0_dc0_ud0_nb2000	210	3	27aa91d89ced92ad
extended_dp0_dc0_ud0_nb2000	211	11	61885b35806c0d03
extended_dp0_dc0_ud0_nb2000	212	15	c89b516fd050f76a
extended_dp0_dc0_ud0_nb2000	213	3	edd5359814ad33df
extended_dp0_dc0_ud0_nb2000	214	34	5ca513c3ae6865af
extended_dp0_dc0_ud0_nb2000	215	7	60c3fbd347358362
extended_dp0_dc0_ud0_nb2000	216	93	3de4a29adc2e81e1
extended_dp0_dc0_ud0_nb2000	217	13	3a99b2077f299637
extended_dp0_dc0_ud0_nb2000	218	13	46f5ec998b8c4579
extended_dp0_dc0_ud0_nb2000	219	7	1634fa4362712a38
extended_dp0_dc0_ud0_nb2000	220	38	9543e549217ad69f
extended_dp0_dc0_ud0_nb2000	221	13	1125cb942186f157
extended_dp0_dc0_ud0_nb2000	222	2	155847d504fd75bd
extended_dp0_dc0_ud0_nb2000	223	3	dfc8d2c7aa545cda
extended_dp0_dc0_ud0_nb2000	224	15	5374223dd736d5fd
extended_dp0_dc0_ud0_nb2000	225	2	2832a96cf84da5d8
extended_dp0_dc0_ud0_nb2000	226	257	bec7762518a67e8d
extended_dp0_dc0_ud0_nb2000	227	2	bfb74ba3b9454e97
extended_dp0_dc0_ud0_nb2000	228	36	893877d32d894553
extended_dp0_dc0_ud0_nb2000	229	10	d8273fa4c134ecd7
extended_dp0_dc0_ud0_nb2000	230	95	c080e95f2bb26ae8
extended_dp0_dc0_ud0_nb2000	231	6	b327776c5662a820
extended_dp0_dc0_ud0_nb2000	232	3	5612032716e11f80
extended_dp0_dc0_ud0_nb2000	233	35	d46e5b8f1c8d6cee
extended_dp0_dc0_ud0_nb2000	234	3	93f59ad12e846f0f
extended_dp0_dc0_ud0_nb2000	235	99	944c2eb18ec6388b
extended_dp0_dc0_ud0_nb2000	236	2	d481bfb675d614dd
extended_dp0_dc0_ud0_nb2000	237	6	b04711e899c41616
extended_dp0_dc0_ud0_nb2000	238	32	1f4f10431acbc659
extended_dp0_dc0_ud0_nb2000	239	2	4b70e50b8edc6292
extended_dp0_dc0_ud0_nb2000	240	6	b9b7ef9ad45d886d
extended_dp0_dc0_ud0_nb2000	241	3	b2635722d8d798e2
extended_dp0_dc0_ud0_nb2000	242	10	f1ce5b32ce93dfb6
extended_dp0_dc0_ud0_nb2000	243	36	cc8ac33ece47c1b0
extended_dp0_dc0_ud0_nb2000	244	3	ec05ce6608dc3176
extended_dp0_dc0_ud0_nb2000	245	34	aa929a8dcab2e3c0
extended_dp0_dc0_ud0_nb2000	246	234	54d9db34a8ecedc7
extended_dp0_dc0_ud0_nb2000	247	3	e0853c840dd1fdaf
extended_dp0_dc0_ud0_nb2000	248	98	ec735961e297f74f
extended_dp0_dc0_ud0_nb2000	249	244	dc82b69b933ba6c4
extended_dp0_dc0_ud0_nb2000	250	92	894d98be619d2234
extended_dp0_dc0_ud0_nb2000	251	106	444e0f7705deb117
extended_dp0_dc0_ud0_nb2000	252	12	9d4a8ba325594660
extended_dp0_dc0_ud0_nb2000	253	7	0443009996f09f8c
extended_dp0_dc0_ud0_nb2000	254	11	7541cffa656662d8
extended_dp0_dc0_ud0_nb2000	255	97	b0dec5424b16a566
extended_dp0_dc0_ud0_nb2000	256	2	551a63c2d76181f6
extended_dp0_dc0_ud0_nb2000	257	16	9f9e7285bddb3602
extended_dp0_dc0_ud0_nb2000	258	98	95a96720aa96fe48
extended_dp0_dc0_ud0_nb2000	259	39	ef0a8f9a0ccf5db8
extended_dp0_dc0_ud0_nb2000	260	2	adbb7c7175eb6e52
extended_dp0_dc0_ud0_nb2000	261	2	f76307a603dd2a5d
extended_dp0_dc0_ud0_nb2000	262	9	4d81c91623c1f8c1
extended_dp0_dc0_ud0_nb2000	263	7	fd6d2a785103841e
extended_dp0_dc0_ud0_nb2000	264	38	e416dd5ba3cb4421
extended_dp0_dc0_ud0_nb2000	265	6	4986a5545daf0830
extended_dp0_dc0_ud0_nb2000	266	7	04d0e37b7b390c21
extended_dp0_dc0_ud0_nb2000	267	3	318574d728fb4773
extended_dp0_dc0_ud0_nb2000	268	2	8d2a9efba4c33051
extended_dp0_dc0_ud0_nb2000	269	92	f7c8d19412bef263
extended_dp0_dc0_ud0_nb2000	270	34	c86d2e60eb6fda7b
extended_dp0_dc0_ud0_nb2000	271	229	387e090302cbc292
extended_dp0_dc0_ud0_nb2000	272	106	16a9d3a7f32521b2
extended_dp0_dc0_ud0_nb2000	273	2	6f51285605f5b665
extended_dp0_dc0_ud0_nb2000	274	45	29099840ba167ed8
extended_dp0_dc0_ud0_nb2000	275	3	33846b194a9c5819
extended_dp0_dc0_ud0_nb2000	276	237	8c692bf951c1111f
extended_dp0_dc0_ud0_nb2000	277	13	14f7b67180821517
extended_dp0_dc0_ud0_nb2000	278	241	6d40df1c4ae5a04b
extended_dp0_dc0_ud0_nb2000	279	35	5ea791c2c5b6a7ef
extended_dp0_dc0_ud0_nb2000	280	7	b73b7c66198298c4
extended_dp0_dc0_ud0_nb2000	281	3	62652c0a1c0a640d
extended_dp0_dc0_ud0_nb2000	282	2	9a10022c0daaddb3
extended_dp0_dc0_ud0_nb2000	283	32	2909c54c633cc271
extended_dp0_dc0_ud0_nb2000	284	6	1517db2fd2f8a36a
extended_dp0_dc0_ud0_nb2000	285	20	dabdcf6241c18d86
extended_dp0_dc0_ud0_nb2000	286	14	eaf26968455c6e79
extended_dp0_dc0_ud0_nb2000	287	246	b728da891a833891
extended_dp0_dc0_ud0_nb2000	288	7	46d3a81ef4a99ff1
extended_dp0_dc0_ud0_nb2000	289	3	74c1046dd66082f6
extended_dp0_dc0_ud0_nb2000	290	2	0f3051d3fcbf1a41
extended_dp0_dc0_ud0_nb2000	291	247	b65b4292be93d259
extended_dp0_dc0_ud0_nb2000	292	3	97def42dec590a3f
extended_dp0_dc0_ud0_nb2000	293	245	380bf3cd3e98e759
extended_dp0_dc0_ud0_nb2000	294	96	1b77b827146c8c5b
extended_dp0_dc0_ud0_nb2000	295	2	11246c95048adcd5
extended_dp0_dc0_ud0_nb2000	296	233	487177b9c9fe5662
extended_dp0_dc0_ud0_nb2000	297	240	cda0b28220c125eb
extended_dp0_dc0_ud0_nb2000	298	2	b4231c8b8bf14136
extended_dp0_dc0_ud0_nb2000	299	3	17a5652bcb2e5c79
extended_dp0_dc0_ud0_nb2000	300	6	b93a6252f4092a05
extended_dp0_dc0_ud0_nb2000	301	98	8b581ea5ab82ba39
extended_dp0_dc0_ud0_nb2000	302	13	56aa675b4acb0683
extended_dp0_dc0_ud0_nb2000	303	6	adb56fe1642e028b
extended_dp0_dc0_ud0_nb2000	304	13	daa1c9c288b2afa8
extended_dp0_dc0_ud0_nb2000	305	45	993f776893a7135b
extended_dp0_dc0_ud0_nb2000	306	18	b87a5bd41816c88e
extended_dp0_dc0_ud0_nb2000	307	35	6f771243823b5660
extended_dp0_dc0_ud0_nb2000	308	249	c9bdaa26eb7482fc
extended_dp0_dc0_ud0_nb2000	309	4	91770c86f0b32675
extended_dp0_dc0_ud0_nb2000	310	3	a19a9ddc616bc40b
extended_dp0_dc0_ud0_nb2000	311	7	707d74031153e6e7
extended_dp0_dc0_ud0_nb2000	312	101	7cecc0dc816761d3
extended_dp0_dc0_ud0_nb2000	313	94	8d1b9539723b10f2
extended_dp0_dc0_ud0_nb2000	314	104	06eee69366778f86
extended_dp0_dc0_ud0_nb2000	315	2	93bc5a015f549470
extended_dp0_dc0_ud0_nb2000	316	243	1df60e4bf1a9f42c
extended_dp0_dc0_ud0_nb2000	317	6	be9404b2857e93a4
extended_dp0_dc0_ud0_nb2000	318	3	0be369303603bc54
extended_dp0_dc0_ud0_nb2000	319	242	108f9175a5b62f20
extended_dp0_dc0_ud0_nb2000	320	45	735c31e60777d53c
extended_dp0_dc0_ud0_nb2000	321	37	bd022c0e201a4d7c
extended_dp0_dc0_ud0_nb2000	322	98	583c2d0e5313921f
extended_dp0_dc0_ud0_nb2000	323	38	b29da3d40f481c90
extended_dp0_dc0_ud0_nb2000	324	37	7026451df857657a
extended_dp0_dc0_ud0_nb2000	325	13	3deb4a7124d22646
extended_dp0_dc0_ud0_nb2000	326	90	e0fecc7317a4e0a9
extended_dp0_dc0_ud0_nb2000	327	3	d1fb661b574d678c
extended_dp0_dc0_ud0_nb2000	328	16	fd4b7772597cd047
extended_dp0_dc0_ud0_nb2000	329	3	f08796570f531be3
extended_dp0_dc0_ud0_nb2000	330	103	72b4df2e072ba87e
extended_dp0_dc0_ud0_nb2000	331	2	e21106527266f843
extended_dp0_dc0_ud0_nb2000	332	89	0f178faff3847d22
extended_dp0_dc0_ud0_nb2000	333	98	ea575ae824ff07b9
extended_dp0_dc0_ud0_nb2000	334	238	009b36b836b821dd
extended_dp0_dc0_ud0_nb2000	335	42	fc0db331fd0664e0
extended_dp0_dc0_ud0_nb2000	336	109	3b2a9e696eebc086
extended_dp0_dc0_ud0_nb2000	337	11	d6a86da1f58bf20f
extended_dp0_dc0_ud0_nb2000	338	97	afdff3bb04853e3a
extended_dp0_dc0_ud0_nb2000	339	108	9aab57867a7b0610
extended_dp0_dc0_ud0_nb2000	340	41	c08c5123b9344a45
extended_dp0_dc0_ud0_nb2000	341	3	6dc1fa2d9a40944f
extended_dp0_dc0_ud0_nb2000	342	38	5243ec9223350ccc
extended_dp0_dc0_ud0_nb2000	343	241	c356008742c210bb
extended_dp0_dc0_ud0_nb2000	344	17	ccc2815a096462d6
extended_dp0_dc0_ud0_nb2000	345	34	0cf0de1e06e7b34c
extended_dp0_dc0_ud0_nb2000	346	98	37ec4785618550f1
extended_dp0_dc0_ud0_nb2000	347	3	210ba93123af0172
extended_dp0_dc0_ud0_nb2000	348	6	7338d3ddd2815dc0
extended_dp0_dc0_ud0_nb2000	349	34	a9e8fc5be2483209
extended_dp0_dc0_ud0_nb2000	350	14	b2dd5b3f4c737ae3
extended_dp0_dc0_ud0_nb2000	351	16	f47ef809cfd558ae
extended_dp0_dc0_ud0_nb2000	352	2	ce1ab59737c30339
extended_dp0_dc0_ud0_nb2000	353	39	9ce4ca3cd01bbb8f
extended_dp0_dc0_ud0_nb2000	354	3	dca680b22649204f
extended_dp0_dc0_ud0_nb2000	355	3	a581d4f3412436ff
extended_dp0_dc0_ud0_nb2000	356	2	b36dc3cace10b5a9
extended_dp0_dc0_ud0_nb2000	357	43	d14a67451981e952
extended_dp0_dc0_ud0_nb2000	358	2	f9fa6bf430f95da3
extended_dp0_dc0_ud0_nb2000	359	4	d9ec5d7e2cac1565
extended_dp0_dc0_ud0_nb2000	360	13	5ab97d19c5a99aa4
extended_dp0_dc0_ud0_nb2000	361	3	189a983f4ca98b7c
extended_dp0_dc0_ud0_nb2000	362	91	56b310604eabbc5f
extended_dp0_dc0_ud0_nb2000	363	238	3086206ad04e38b7
extended_dp0_dc0_ud0_nb2000	364	12	9f62b6949f9ce85d
extended_dp0_dc0_ud0_nb2000	365	2	0acbb33a757090a6
extended_dp0_dc0_ud0_nb2000	366	2	198c1f0846c5965f
extended_dp0_dc0_ud0_nb2000	367	11	89e0706fc7636119
extended_dp0_dc0_ud0_nb2000	368	2	13f24330619548ba
extended_dp0_dc0_ud0_nb2000	369	35	c46d8c71fbff6615
extended_dp0_dc0_ud0_nb2000	370	6	c2b6a6d77ac0c54c
extended_dp0_dc0_ud0_nb2000	371	2	4cd07f8f33b23519
extended_dp0_dc0_ud0_nb2000	372	7	84475654e82ea585
extended_dp0_dc0_ud0_nb2000	373	7	56d6124a2a2bdbcb
extended_dp0_dc0_ud0_nb2000	374	104	4ee14d332bc330c4
extended_dp0_dc0_ud0_nb2000	375	100	a767fe0f91ef853e
extended_dp0_dc0_ud0_nb2000	376	12	451ad51564fa1663
extended_dp0_dc0_ud0_nb2000	377	2	c417926d6aea0d9a
extended_dp0_dc0_ud0_nb2000	378	7	e6631f57d40ce5f3
extended_dp0_dc0_ud0_nb2000	379	11	8f28dcf2885617d0
extended_dp0_dc0_ud0_nb2000	380	110	3708fdcafbefa80b
extended_dp0_dc0_ud0_nb2000	381	7	fada5873d664b890
extended_dp0_dc0_ud0_nb2000	382	2	ee235b847f480214
extended_dp0_dc0_ud0_nb2000	383	3	ad5d12d2c70ba4e4
extended_dp0_dc0_ud0_nb2000	384	4	72b491db44d93aa9
extended_dp0_dc0_ud0_nb2000	385	2	60e9a85e50134bc4
extended_dp0_dc0_ud0_nb2000	386	233	04cb01b24d2cfea7
extended_dp0_dc0_ud0_nb2000	387	12	715df3519e541077
extended_dp0_dc0_ud0_nb2000	388	101	a7b6eb1cf68f9da0
extended_dp0_dc0_ud0_nb2000	389	104	a904a39507487e3e
extended_dp0_dc0_ud0_nb2000	390	12	ae31237af01fc219
extended_dp0_dc0_ud0_nb2000	391	12	a58e101876f6d6be
extended_dp0_dc0_ud0_nb2000	392	37	c5159e77ce771f6d
extended_dp0_dc0_ud0_nb2000	393	13	cfc5242a35fbce88
extended_dp0_dc0_ud0_nb2000	394	2	9e5b2dc50953735f
extended_dp0_dc0_ud0_nb2000	395	15	cba7156325efc4e4
extended_dp0_dc0_ud0_nb2000	396	35	aa07c4f7e43f4e9f
extended_dp0_dc0_ud0_nb2000	397	89	04011952ba3a5361
extended_dp0_dc0_ud0_nb2000	398	251	7750da8b039e2a74
extended_dp0_dc0_ud0_nb2000	399	7	cba454a084641c5a
extended_dp0_dc0_ud1_nb0	0	2	fe3877f9123caf6f
extended_dp0_dc0_ud1_nb0	1	33	a068d8f4c7fb1b5b
extended_dp0_dc0_ud1_nb0	2	219	cfa8eb51ab37e889
extended_dp0_dc0_ud1_nb0	3	3	5ce12fbe07e08005
extended_dp0_dc0_ud1_nb0	4	82	b09aeddd6cd672c3
extended_dp0_dc0_ud1_nb0	5	6	9f3bdd4a1a82f7f1
extended_dp0_dc0_ud1_nb0	6	90	0400d717ab3e8914
extended_dp0_dc0_ud1_nb0	7	233	7458cd83861cd1db
extended_dp0_dc0_ud1_nb0	8	217	e96e5a9022ca8981
extended_dp0_dc0_ud1_nb0	9	85	8d453a0167050803
extended_dp0_dc0_ud1_nb0	10	90	f1b40119945689aa
extended_dp0_dc0_ud1_nb0	11	93	288bb17c96929fed
extended_dp0_dc0_ud1_nb0	12	6	39da76a7e5af2164
extended_dp0_dc0_ud1_nb0	13	2	4fa0cf4bc5d18d38
extended_dp0_dc0_ud1_nb0	14	6	7e24d0980be9209e
extended_dp0_dc0_ud1_nb0	15	6	012258a004560569
extended_dp0_dc0_ud1_nb0	16	40	686e6e7bb74952d2
extended_dp0_dc0_ud1_nb0	17	2	5420621e61e6b2de
extended_dp0_dc0_ud1_nb0	18	6	fc5988a11a4a07f9
extended_dp0_dc0_ud1_nb0	19	3	c63fff000772e58b
extended_dp0_dc0_ud1_nb0	20	88	573806f4cdcddb79
extended_dp0_dc0_ud1_nb0	21	83	034e2bb2d1857fc1
extended_dp0_dc0_ud1_nb0	22	3	1bed7a6b96bbcec8
extended_dp0_dc0_ud1_nb0	23	201	a2e98f08281ecb2c
extended_dp0_dc0_ud1_nb0	24	2	4ee24f53fa50f5fb
extended_dp0_dc0_ud1_nb0	25	2	210c11ef7723c39c
extended_dp0_dc0_ud1_nb0	26	31	8ab878c36a3ba915
extended_dp0_dc0_ud1_nb0	27	2	3885165b33459ef6
extended_dp0_dc0_ud1_nb0	28	11	7e426ee299c644c4
extended_dp0_dc0_ud1_nb0	29	2	f03880e8e84e6a4f
extended_dp0_dc0_ud1_nb0	30	6	b854c5ee41dae81c
extended_dp0_dc0_ud1_nb0	31	2	fd1674dfae946a3e
extended_dp0_dc0_ud1_nb0	32	212	fce684a1be18c90b
extended_dp0_dc0_ud1_nb0	33	3	fb073d01787c3389
extended_dp0_dc0_ud1_nb0	34	6	ffdd6b2f7afbfdee
extended_dp0_dc0_ud1_nb0	35	210	a60eae327c4ca1e3
extended_dp0_dc0_ud1_nb0	36	11	24e2b036cc6f1c38
extended_dp0_dc0_ud1_nb0	37	97	0644a929a63da5e6
extended_dp0_dc0_ud1_nb0	38	31	d2c698f881bc7e91
extended_dp0_dc0_ud1_nb0	39	207	6d711673faef0f3a
extended_dp0_dc0_ud1_nb0	40	228	52882c5cdb58b23e
extended_dp0_dc0_ud1_nb0	41	38	783cff8e43b50946
extended_dp0_dc0_ud1_nb0	42	11	b42dbeddea47118e
extended_dp0_dc0_ud1_nb0	43	2	d62bc83a3fc4ad67
extended_dp0_dc0_ud1_nb0	44	3	1b0ec72d164d2bd9
extended_dp0_dc0_ud1_nb0	45	11	9f3c5bbd8f2a8210
extended_dp0_dc0_ud1_nb0	46	31	75c64c3b809de9d4
extended_dp0_dc0_ud1_nb0	47	88	cae777c39db16a74
extended_dp0_dc0_ud1_nb0	48	11	bc23a84254cd8afc
extended_dp0_dc0_ud1_nb0	49	6	c5644da997a296a4
extended_dp0_dc0_ud1_nb0	50	3	80ac0c3c66e2a95d
extended_dp0_dc0_ud1_nb0	51	38	609cc9d80e18297c
extended_dp0_dc0_ud1_nb0	52	2	5f7bd191f9ea2b7d
extended_dp0_dc0_ud1_nb0	53	13	85a60e681caa21d3
extended_dp0_dc0_ud1_nb0	54	6	f4728bdf9a3a4ee7
extended_dp0_dc0_ud1_nb0	55	82	e0b972915279ee9c
extended_dp0_dc0_ud1_nb0	56	11	8918f3c89447f79d
extended_dp0_dc0_ud1_nb0	57	2	d8c21a02c79c5d2f
extended_dp0_dc0_ud1_nb0	58	6	176080b15b3555b2
extended_dp0_dc0_ud1_nb0	59	32	e3dc8158561b34f4
extended_dp0_dc0_ud1_nb0	60	3	61070690beee6f2a
extended_dp0_dc0_ud1_nb0	61	2	3f0ec68644b4d988
extended_dp0_dc0_ud1_nb0	62	3	631c18c05f4786ca
extended_dp0_dc0_ud1_nb0	63	32	4a64cb80418d390b
extended_dp0_dc0_ud1_nb0	64	87	66872c1dfbbb4c8b
extended_dp0_dc0_ud1_nb0	65	6	2db1a3fc4ddb8a35
extended_dp0_dc0_ud1_nb0	66	3	09917b61d0641400
extended_dp0_dc0_ud1_nb0	67	11	54896b534fc1b67f
extended_dp0_dc0_ud1_nb0	68	11	3fa47d83402efd72
extended_dp0_dc0_ud1_nb0	69	94	656e6c8c546d4d7c
extended_dp0_dc0_ud1_nb0	70	6	b3de37565e82ceda
extended_dp0_dc0_ud1_nb0	71	18	9aeda4b9cc98c1f3
extended_dp0_dc0_ud1_nb0	72	31	6ebe3ff5fbec24b7
extended_dp0_dc0_ud1_nb0	73	84	4e7586dc26d17867
extended_dp0_dc0_ud1_nb0	74	3	1fa1bda149e03db8
extended_dp0_dc0_ud1_nb0	75	3	27658063d81c7912
extended_dp0_dc0_ud1_nb0	76	83	220f623da2ac1eca
extended_dp0_dc0_ud1_nb0	77	2	78571ef702fe8a78
extended_dp0_dc0_ud1_nb0	78	3	561e686feba94de6
extended_dp0_dc0_ud1_nb0	79	14	0dd7043716f76838
extended_dp0_dc0_ud1_nb0	80	2	9f593181c17f51ce
extended_dp0_dc0_ud1_nb0	81	14	259feb26545b4e92
extended_dp0_dc0_ud1_nb0	82	205	ad6216680de8984d
extended_dp0_dc0_ud1_nb0	83	6	5f94cf4cd0c25e78
extended_dp0_dc0_ud1_nb0	84	3	98be6817fedd840d
extended_dp0_dc0_ud1_nb0	85	81	b9821b2dc5f677e4
extended_dp0_dc0_ud1_nb0	86	11	6409d6e79cc4c8e5
extended_dp0_dc0_ud1_nb0	87	33	8cca1dd58b4a4f80
extended_dp0_dc0_ud1_nb0	88	36	95d9708417285a03
extended_dp0_dc0_ud1_nb0	89	217	c1c412917fa55741
extended_dp0_dc0_ud1_nb0	90	3	34f7b7a47589cbb8
extended_dp0_dc0_ud1_nb0	91	214	9bb1c56061bbdfe7
extended_dp0_dc0_ud1_nb0	92	8	86e10ac9c5a09a09
extended_dp0_dc0_ud1_nb0	93	11	b03390e74825c584
extended_dp0_dc0_ud1_nb0	94	6	f33ee757f2edc937
extended_dp0_dc0_ud1_nb0	95	214	1dcd27d8af64d0a8
extended_dp0_dc0_ud1_nb0	96	92	dfbcd3a351cf6dc1
extended_dp0_dc0_ud1_nb0	97	6	cd9d44625ad62644
extended_dp0_dc0_ud1_nb0	98	6	b0cc7f5369c8b3f8
extended_dp0_dc0_ud1_nb0	99	14	6d03ded3d69cba19
extended_dp0_dc0_ud1_nb0	100	14	64549493c6a0b14b
extended_dp0_dc0_ud1_nb0	101	3	5713dd7830461484
extended_dp0_dc0_ud1_nb0	102	81	f123219314ad3d29
extended_dp0_dc0_ud1_nb0	103	41	dca91e0739e42aa5
extended_dp0_dc0_ud1_nb0	104	2	548f1ccaebf16d95
extended_dp0_dc0_ud1_nb0	105	2	33b5365d16a95dba
extended_dp0_dc0_ud1_nb0	106	31	72f47e76daf2f2c2
extended_dp0_dc0_ud1_nb0	107	222	30335239a4dadc73
extended_dp0_dc0_ud1_nb0	108	87	12e1aa52a4bd6dd4
extended_dp0_dc0_ud1_nb0	109	33	ff6bdaa9ebf546d7
extended_dp0_dc0_ud1_nb0	110	7	3f008ce83d2b014a
extended_dp0_dc0_ud1_nb0	111	3	fdb1fbf425fbf5f1
extended_dp0_dc0_ud1_nb0	112	6	02beb0f9522c8445
extended_dp0_dc0_ud1_nb0	113	2	60b1555914b64347
extended_dp0_dc0_ud1_nb0	114	209	d62dd43c9445b1db
extended_dp0_dc0_ud1_nb0	115	3	4935310ffba98b1e
extended_dp0_dc0_ud1_nb0	116	3	188df6e0b9010d74
extended_dp0_dc0_ud1_nb0	117	219	211aa11d7683e384
extended_dp0_dc0_ud1_nb0	118	209	96e4e2820d9aab74
extended_dp0_dc0_ud1_nb0	119	2	fa3b1b21769c99bc
extended_dp0_dc0_ud1_nb0	120	216	f6a6c1a6220ffaf0
extended_dp0_dc0_ud1_nb0	121	90	0184a50e70713404
extended_dp0_dc0_ud1_nb0	122	218	1a9245885b969426
extended_dp0_dc0_ud1_nb0	123	2	737f3e1167508935
extended_dp0_dc0_ud1_nb0	124	91	5d555a205f5b1788
extended_dp0_dc0_ud1_nb0	125	6	2205d22353cb8f63
extended_dp0_dc0_ud1_nb0	126	11	1c37935721ed89a9
extended_dp0_dc0_ud1_nb0	127	2	11415ff7efeb9160
extended_dp0_dc0_ud1_nb0	128	31	331d4c149d24b716
extended_dp0_dc0_ud1_nb0	129	91	05e98ec21c1e8871
extended_dp0_dc0_ud1_nb0	130	2	af2325e713679114
extended_dp0_dc0_ud1_nb0	131	221	37dfc552349161e7
extended_dp0_dc0_ud1_nb0	132	219	06c9f5eaa0556218
extended_dp0_dc0_ud1_nb0	133	5	662eaf77173ddb60
extended_dp0_dc0_ud1_nb0	134	11	570b89302887f09e
extended_dp0_dc0_ud1_nb0	135	2	785032ef26619839
extended_dp0_dc0_ud1_nb0	136	2	cff4c6b51ab8d1e1
extended_dp0_dc0_ud1_nb0	137	3	a41f1b32a1b4d8bf
extended_dp0_dc0_ud1_nb0	138	204	4af4887c23baaee2
extended_dp0_dc0_ud1_nb0	139	217	4f1049a209404166
extended_dp0_dc0_ud1_nb0	140	6	8e58e22dff6fe35c
extended_dp0_dc0_ud1_nb0	141	11	04aeb55ae8922bb0
extended_dp0_dc0_ud1_nb0	142	11	fcf07a5cf662b741
extended_dp0_dc0_ud1_nb0	143	2	1b54d0530affef27
extended_dp0_dc0_ud1_nb0	144	13	6c0abafcb389f521
extended_dp0_dc0_ud1_nb0	145	86	c647ed747c51dc91
extended_dp0_dc0_ud1_nb0	146	80	ce695ad73a8ec84a
extended_dp0_dc0_ud1_nb0	147	31	5e0e5f07e82419a7
extended_dp0_dc0_ud1_nb0	148	31	4740cf895b6b6b3c
extended_dp0_dc0_ud1_nb0	149	2	0e7a7d4215ecf15a
extended_dp0_dc0_ud1_nb0	150	6	dc90e42808b7321e
extended_dp0_dc0_ud1_nb0	151	11	169dc4525772d3de
extended_dp0_dc0_ud1_nb0	152	86	4316d568cc9d7a18
extended_dp0_dc0_ud1_nb0	153	217	74478ce2c58447e4
extended_dp0_dc0_ud1_nb0	154	2	d160fa2bda5374f3
extended_dp0_dc0_ud1_nb0	155	84	f6ff7c7ecf9451cb
extended_dp0_dc0_ud1_nb0	156	34	da086e28e9a20130
extended_dp0_dc0_ud1_nb0	157	3	8488d59377cdcfd3
extended_dp0_dc0_ud1_nb0	158	6	766decfbeae25c81
extended_dp0_dc0_ud1_nb0	159	81	b2b805ef6e7910ea
extended_dp0_dc0_ud1_nb0	160	11	eaf5fc3dd030bb68
extended_dp0_dc0_ud1_nb0	161	3	40e50f4eb30e6155
extended_dp0_dc0_ud1_nb0	162	218	31cea139c5fae08b
extended_dp0_dc0_ud1_nb0	163	11	ad98a6246ad47041
extended_dp0_dc0_ud1_nb0	164	3	64ce08596bd5bea5
extended_dp0_dc0_ud1_nb0	165	3	2426a1e0d74b6fab
extended_dp0_dc0_ud1_nb0	166	222	3fcde0093d323b83
extended_dp0_dc0_ud1_nb0	167	85	b18ba5a256fa5ffd
extended_dp0_dc0_ud1_nb0	168	2	7f186e27c595ab14
extended_dp0_dc0_ud1_nb0	169	11	25e652f4b75e0be4
extended_dp0_dc0_ud1_nb0	170	2	9a10e7aed7584972
extended_dp0_dc0_ud1_nb0	171	81	f9e653d144f6e83b
extended_dp0_dc0_ud1_nb0	172	7	e043b8efcd7293ea
extended_dp0_dc0_ud1_nb0	173	10	319c35eec23e6eaf
extended_dp0_dc0_ud1_nb0	174	33	3746bda39e529146
extended_dp0_dc0_ud1_nb0	175	2	72c15ba8f0c9d153
extended_dp0_dc0_ud1_nb0	176	225	2e18855f55cff20f
extended_dp0_dc0_ud1_nb0	177	3	3a354318f1ad9605
extended_dp0_dc0_ud1_nb0	178	2	edb8b080a73ec176
extended_dp0_dc0_ud1_nb0	179	85	f944d01076d58670
extended_dp0_dc0_ud1_nb0	180	212	cc22dbefcbe86ba1
extended_dp0_dc0_ud1_nb0	181	91	14ae0ed37c622544
extended_dp0_dc0_ud1_nb0	182	6	ff71b5097cbe6a94
extended_dp0_dc0_ud1_nb0	183	3	7f317189aa4c185a
extended_dp0_dc0_ud1_nb0	184	11	ab413aee1fe76e08
extended_dp0_dc0_ud1_nb0	185	216	1f3870d92193d82e
extended_dp0_dc0_ud1_nb0	186	5	42279d51c85f5796
extended_dp0_dc0_ud1_nb0	187	92	f415014622d3d65c
extended_dp0_dc0_ud1_nb0	188	6	b7ab0beb53140468
extended_dp0_dc0_ud1_nb0	189	3	b707e8613282f6a0
extended_dp0_dc0_ud1_nb0	190	3	01ea72aab73b6f2d
extended_dp0_dc0_ud1_nb0	191	217	f35358f8537519d3
extended_dp0_dc0_ud1_nb0	192	6	6601abc543e60189
extended_dp0_dc0_ud1_nb0	193	3	2d3a9352ff8fbc56
extended_dp0_dc0_ud1_nb0	194	82	aa1b6657c9f11b64
extended_dp0_dc0_ud1_nb0	195	89	6a598324dc85d2f8
extended_dp0_dc0_ud1_nb0	196	215	163e48b503d88ee7
extended_dp0_dc0_ud1_nb0	197	11	86470d2097d4c64b
extended_dp0_dc0_ud1_nb0	198	3	ce238d187758e508
extended_dp0_dc0_ud1_nb0	199	11	b3cd1e83f687e66f
extended_dp0_dc0_ud1_nb0	200	82	b7046ddc96df5683
extended_dp0_dc0_ud1_nb0	201	6	2ab636e41b5c58cc
extended_dp0_dc0_ud1_nb0	202	3	ad5adcf2242e03e9
extended_dp0_dc0_ud1_nb0	203	31	32ae8e057d742c31
extended_dp0_dc0_ud1_nb0	204	94	dc706517b14ec09e
extended_dp0_dc0_ud1_nb0	205	11	4631132bb4b62b25
extended_dp0_dc0_ud1_nb0	206	225	437d72a80433597d
extended_dp0_dc0_ud1_nb0	207	89	f08b76b3a18242f9
extended_dp0_dc0_ud1_nb0	208	86	5f16cf1751c10450
extended_dp0_dc0_ud1_nb0	209	2	7e406aca15207b29
extended_dp0_dc0_ud1_nb0	210	3	27aa91d89ced92ad
extended_dp0_dc0_ud1_nb0	211	11	0888f8556a270c22
extended_dp0_dc0_ud1_nb0	212	13	a97c147b04b7eb80
extended_dp0_dc0_ud1_nb0	213	3	6fdef77cd5f3ed9c
extended_dp0_dc0_ud1_nb0	214	31	cd4f9776ac209437
extended_dp0_dc0_ud1_nb0	215	6	6c65c2615bc0b46c
extended_dp0_dc0_ud1_nb0	216	84	ee453c7db74d40cb
extended_dp0_dc0_ud1_nb0	217	11	2eab2b79ea9bf2ea
extended_dp0_dc0_ud1_nb0	218	11	07269e04d191e45a
extended_dp0_dc0_ud1_nb0	219	6	2dd88123aab08ef5
extended_dp0_dc0_ud1_nb0	220	33	67a53707807127c5
extended_dp0_dc0_ud1_nb0	221	11	951f1d7b75c6e189
extended_dp0_dc0_ud1_nb0	222	2	155847d504fd75bd
extended_dp0_dc0_ud1_nb0	223	3	68b644ea8629cdf0
extended_dp0_dc0_ud1_nb0	224	13	b27396ab9f8dae07
extended_dp0_dc0_ud1_nb0	225	2	2832a96cf84da5d8
extended_dp0_dc0_ud1_nb0	226	230	62e97b3a1a1e99c8
extended_dp0_dc0_ud1_nb0	227	2	bfb74ba3b9454e97
extended_dp0_dc0_ud1_nb0	228	34	301b1b6c4234cc2b
extended_dp0_dc0_ud1_nb0	229	9	0dbf19a73929b27f
extended_dp0_dc0_ud1_nb0	230	85	6aa11878e094312a
extended_dp0_dc0_ud1_nb0	231	6	7cf25bdf9e5abfcd
extended_dp0_dc0_ud1_nb0	232	3	12e20895f979e9d1
extended_dp0_dc0_ud1_nb0	233	33	93be64582cdec132
extended_dp0_dc0_ud1_nb0	234	3	93f59ad12e846f0f
extended_dp0_dc0_ud1_nb0	235	88	473cf3bd1ce5bdb8
extended_dp0_dc0_ud1_nb0	236	2	00e649886ebb9e7c
extended_dp0_dc0_ud1_nb0	237	5	a52f2af243d094d2
extended_dp0_dc0_ud1_nb0	238	31	b9d261a3d9d3e8d2
extended_dp0_dc0_ud1_nb0	239	2	4b70e50b8edc6292
extended_dp0_dc0_ud1_nb0	240	6	43fdb87312ea6c5c
extended_dp0_dc0_ud1_nb0	241	3	af4404150c063f13
extended_dp0_dc0_ud1_nb0	242	8	baab10b4051dd510
extended_dp0_dc0_ud1_nb0	243	33	4a1adba5ef4a879c
extended_dp0_dc0_ud1_nb0	244	3	c87e6e73c3a95ea8
extended_dp0_dc0_ud1_nb0	245	31	0788963b631012f0
extended_dp0_dc0_ud1_nb0	246	214	2722bffc79003082
extended_dp0_dc0_ud1_nb0	247	3	e0853c840dd1fdaf
extended_dp0_dc0_ud1_nb0	248	87	628706c4b8b22fde
extended_dp0_dc0_ud1_nb0	249	220	af6f6a07e444743a
extended_dp0_dc0_ud1_nb0	250	84	e6254acc52405727
extended_dp0_dc0_ud1_nb0	251	92	5fe8c73ec107d1ec
extended_dp0_dc0_ud1_nb0	252	11	2315dc6f70ea09de
extended_dp0_dc0_ud1_nb0	253	6	ce6cdcbd812a0a55
extended_dp0_dc0_ud1_nb0	254	9	eb02f38754eb940c
extended_dp0_dc0_ud1_nb0	255	87	e3783aa7d3c2911f
extended_dp0_dc0_ud1_nb0	256	2	551a63c2d76181f6
extended_dp0_dc0_ud1_nb0	257	15	a4b284951c2542eb
extended_dp0_dc0_ud1_nb0	258	88	dea16dd4cf42e530
extended_dp0_dc0_ud1_nb0	259	35	ee34798621636c36
extended_dp0_dc0_ud1_nb0	260	2	74defcaa3b35bd3c
extended_dp0_dc0_ud1_nb0	261	2	f76307a603dd2a5d
extended_dp0_dc0_ud1_nb0	262	8	9844dedd6831eeae
extended_dp0_dc0_ud1_nb0	263	6	cfb268392fa71828
extended_dp0_dc0_ud1_nb0	264	35	abf3a5bb2b1bdc79
extended_dp0_dc0_ud1_nb0	265	5	a6528b54d51e66ff
extended_dp0_dc0_ud1_nb0	266	6	ea804dbdcfc3326f
extended_dp0_dc0_ud1_nb0	267	3	40b38c95fc7c1aa6
extended_dp0_dc0_ud1_nb0	268	2	8d2a9efba4c33051
extended_dp0_dc0_ud1_nb0	269	84	46f631c6db06155c
extended_dp0_dc0_ud1_nb0	270	31	4a40607545430609
extended_dp0_dc0_ud1_nb0	271	203	363c301a1f10633e
extended_dp0_dc0_ud1_nb0	272	92	c96cc71f8fb0b90a
extended_dp0_dc0_ud1_nb0	273	2	6f51285605f5b665
extended_dp0_dc0_ud1_nb0	274	42	d225226f4fa7f86f
extended_dp0_dc0_ud1_nb0	275	3	33846b194a9c5819
extended_dp0_dc0_ud1_nb0	276	209	12c3753e09eedad2
extended_dp0_dc0_ud1_nb0	277	11	a1ccdbb953851a0f
extended_dp0_dc0_ud1_nb0	278	213	723874c18e027afc
extended_dp0_dc0_ud1_nb0	279	32	a3ae239aef52ed44
extended_dp0_dc0_ud1_nb0	280	6	1bb7d1d818afd2d5
extended_dp0_dc0_ud1_nb0	281	3	092fe718dd2ba873
extended_dp0_dc0_ud1_nb0	282	2	9a10022c0daaddb3
extended_dp0_dc0_ud1_nb0	283	31	df6b7b535a54cf12
extended_dp0_dc0_ud1_nb0	284	6	df51c19f005dbde4
extended_dp0_dc0_ud1_nb0	285	18	9a32bb7946968489
extended_dp0_dc0_ud1_nb0	286	13	f146cfc379caeb8c
extended_dp0_dc0_ud1_nb0	287	220	de634ec13dda2871
extended_dp0_dc0_ud1_nb0	288	6	5a6ff5422d43f670
extended_dp0_dc0_ud1_nb0	289	3	74c1046dd66082f6
extended_dp0_dc0_ud1_nb0	290	2	755010a29b611eac
extended_dp0_dc0_ud1_nb0	291	215	25db603220e534b2
extended_dp0_dc0_ud1_nb0	292	3	e949d0f76c39e16e
extended_dp0_dc0_ud1_nb0	293	212	2cf8aa785cd8cc79
extended_dp0_dc0_ud1_nb0	294	86	41d1b0ac1a0a2b7a
extended_dp0_dc0_ud1_nb0	295	2	11246c95048adcd5
extended_dp0_dc0_ud1_nb0	296	208	1fc96e3c8335c90a
extended_dp0_dc0_ud1_nb0	297	213	120705a4b7372a92
extended_dp0_dc0_ud1_nb0	298	2	b4231c8b8bf14136
extended_dp0_dc0_ud1_nb0	299	3	567e560e6188f72f
extended_dp0_dc0_ud1_nb0	300	6	93effec1cd3c095d
extended_dp0_dc0_ud1_nb0	301	88	8b0afb445118fc37
extended_dp0_dc0_ud1_nb0	302	11	bd0753d1d1890f0b
extended_dp0_dc0_ud1_nb0	303	6	2b46fd55dcde153a
extended_dp0_dc0_ud1_nb0	304	11	a0a4d6fe894a3c3d
extended_dp0_dc0_ud1_nb0	305	40	04a296e0ef14f38f
extended_dp0_dc0_ud1_nb0	306	16	7f373133ac01e286
extended_dp0_dc0_ud1_nb0	307	31	9e32a47988c4c91b
extended_dp0_dc0_ud1_nb0	308	217	0ca68feed6129e6b
extended_dp0_dc0_ud1_nb0	309	3	9a811aa38df195a8
extended_dp0_dc0_ud1_nb0	310	3	dc5522b8da7bb01e
extended_dp0_dc0_ud1_nb0	311	6	1b0193d4c04fd0c5
extended_dp0_dc0_ud1_nb0	312	89	95650943c307c9a8
extended_dp0_dc0_ud1_nb0	313	85	58c3dbe670114e54
extended_dp0_dc0_ud1_nb0	314	89	ea763feb6ccdf1f8
extended_dp0_dc0_ud1_nb0	315	2	93bc5a015f549470
extended_dp0_dc0_ud1_nb0	316	218	b1e54b2545058d44
extended_dp0_dc0_ud1_nb0	317	6	44515abdf099d302
extended_dp0_dc0_ud1_nb0	318	3	823f5d6c99a85f01
extended_dp0_dc0_ud1_nb0	319	216	0bcec6fc3dd396e1
extended_dp0_dc0_ud1_nb0	320	39	9a8bab24b3c85655
extended_dp0_dc0_ud1_nb0	321	33	2635fbd10cbdc39c
extended_dp0_dc0_ud1_nb0	322	89	57ed0688ea849877
extended_dp0_dc0_ud1_nb0	323	33	cd79ac0eb016b696
extended_dp0_dc0_ud1_nb0	324	35	d7154e515073d896
extended_dp0_dc0_ud1_nb0	325	11	4b99816aa95fca34
extended_dp0_dc0_ud1_nb0	326	81	dd3de34ad8bfc61f
extended_dp0_dc0_ud1_nb0	327	3	a6c2ae93c967753e
extended_dp0_dc0_ud1_nb0	328	14	2b8c41733779d40c
extended_dp0_dc0_ud1_nb0	329	3	1330480530b8c61d
extended_dp0_dc0_ud1_nb0	330	91	7db22489fa006a05
extended_dp0_dc0_ud1_nb0	331	2	c1972642e2aa65d5
extended_dp0_dc0_ud1_nb0	332	81	ba59f2b03731094c
extended_dp0_dc0_ud1_nb0	333	89	075e636ea7c8d506
extended_dp0_dc0_ud1_nb0	334	209	f45ac8991aab5542
extended_dp0_dc0_ud1_nb0	335	35	31862b82259859c8
extended_dp0_dc0_ud1_nb0	336	98	49387d609354c79c
extended_dp0_dc0_ud1_nb0	337	11	1953b2569d4de9bf
extended_dp0_dc0_ud1_nb0	338	87	cece7bdb2b6a61cc
extended_dp0_dc0_ud1_nb0	339	96	361570068891943f
extended_dp0_dc0_ud1_nb0	340	37	98f69d3bd5bde0b8
extended_dp0_dc0_ud1_nb0	341	3	d181a6e83647ad76
extended_dp0_dc0_ud1_nb0	342	35	0f93737ac2404368
extended_dp0_dc0_ud1_nb0	343	217	ef5d297337b5ac4e
extended_dp0_dc0_ud1_nb0	344	15	170277343bf0ed6e
extended_dp0_dc0_ud1_nb0	345	31	9901d3fa1d9cd609
extended_dp0_dc0_ud1_nb0	346	86	146316a092e26c53
extended_dp0_dc0_ud1_nb0	347	3	59240dfce15837b3
extended_dp0_dc0_ud1_nb0	348	6	d008af8e6f1eb378
extended_dp0_dc0_ud1_nb0	349	31	70ef94e74d59b821
extended_dp0_dc0_ud1_nb0	350	13	d0838f026cf57474
extended_dp0_dc0_ud1_nb0	351	14	b8677be0374fcf69
extended_dp0_dc0_ud1_nb0	352	2	7e8a7abe1526356c
extended_dp0_dc0_ud1_nb0	353	36	ff59164183b67eac
extended_dp0_dc0_ud1_nb0	354	3	ae1fcf21cf36245e
extended_dp0_dc0_ud1_nb0	355	3	95f66d4114646871
extended_dp0_dc0_ud1_nb0	356	2	6d65c46feca98e8b
extended_dp0_dc0_ud1_nb0	357	36	180299f890a62e6c
extended_dp0_dc0_ud1_nb0	358	2	f9fa6bf430f95da3
extended_dp0_dc0_ud1_nb0	359	3	098105451cd10742
extended_dp0_dc0_ud1_nb0	360	11	e4e7d2cc0232a11d
extended_dp0_dc0_ud1_nb0	361	3	38ae65325ca707f5
extended_dp0_dc0_ud1_nb0	362	82	9551582a10e3da7b
extended_dp0_dc0_ud1_nb0	363	208	39fb0bf8560505f1
extended_dp0_dc0_ud1_nb0	364	11	fbed45ec0fbf0601
extended_dp0_dc0_ud1_nb0	365	2	62d81744abb53f13
extended_dp0_dc0_ud1_nb0	366	2	198c1f0846c5965f
extended_dp0_dc0_ud1_nb0	367	11	0556a16ee0da747b
extended_dp0_dc0_ud1_nb0	368	2	995a48ddb7bf024f
extended_dp0_dc0_ud1_nb0	369	31	075aacdbdd1ccf82
extended_dp0_dc0_ud1_nb0	370	6	c31ef7faaea9bbc5
extended_dp0_dc0_ud1_nb0	371	2	4cd07f8f33b23519
extended_dp0_dc0_ud1_nb0	372	6	cc491e063b9ea7ee
extended_dp0_dc0_ud1_nb0	373	6	940f3e69d8318ea0
extended_dp0_dc0_ud1_nb0	374	89	d2e2fee484ed08a7
extended_dp0_dc0_ud1_nb0	375	89	6fb952bccc3d4f5c
extended_dp0_dc0_ud1_nb0	376	11	15895f245482cd73
extended_dp0_dc0_ud1_nb0	377	2	c417926d6aea0d9a
extended_dp0_dc0_ud1_nb0	378	6	304786d3ec7e0f4c
extended_dp0_dc0_ud1_nb0	379	11	2244b5f63ff2ada6
extended_dp0_dc0_ud1_nb0	380	97	f1af4a24bfcea69f
extended_dp0_dc0_ud1_nb0	381	6	86cf5a728b9dc93f
extended_dp0_dc0_ud1_nb0	382	2	ee235b847f480214
extended_dp0_dc0_ud1_nb0	383	3	81352e3ce0470eb3
extended_dp0_dc0_ud1_nb0	384	3	21bed12db54d8f82
extended_dp0_dc0_ud1_nb0	385	2	60e9a85e50134bc4
extended_dp0_dc0_ud1_nb0	386	210	ad8e8f8d42a9fde7
extended_dp0_dc0_ud1_nb0	387	11	0167d4d7cfd385af
extended_dp0_dc0_ud1_nb0	388	91	27e73b906ce16646
extended_dp0_dc0_ud1_nb0	389	88	d68679c53975d822
extended_dp0_dc0_ud1_nb0	390	11	08ba09595cca6357
extended_dp0_dc0_ud1_nb0	391	11	21868d7deb80cef0
extended_dp0_dc0_ud1_nb0	392	31	8b9a745e7256ebca
extended_dp0_dc0_ud1_nb0	393	11	b5446e046187bfdf
extended_dp0_dc0_ud1_nb0	394	2	3a26d4d1964e45ce
extended_dp0_dc0_ud1_nb0	395	14	e6ccaf127e068933
extended_dp0_dc0_ud1_nb0	396	31	9927d62929a9121e
extended_dp0_dc0_ud1_nb0	397	81	4048221d0886434c
extended_dp0_dc0_ud1_nb0	398	224	8609f5f13c016f1e
extended_dp0_dc0_ud1_nb0	399	6	e8490d8144d89fbf
extended_dp0_dc0_ud1_nb2000	0	2	fe3877f9123caf6f
extended_dp0_dc0_ud1_nb2000	1	38	4cd661c7f96671e7
extended_dp0_dc0_ud1_nb2000	2	238	d4e63a5498932e37
extended_dp0_dc0_ud1_nb2000	3	3	04752421978926ff
extended_dp0_dc0_ud1_nb2000	4	92	d970b840d0adba55
extended_dp0_dc0_ud1_nb2000	5	7	0818ae033e1ad3ba
extended_dp0_dc0_ud1_nb2000	6	99	012bb40c1d1c7976
extended_dp0_dc0_ud1_nb2000	7	267	7e3e2d7c9cdd39d0
extended_dp0_dc0_ud1_nb2000	8	243	647216826b92a88c
extended_dp0_dc0_ud1_nb2000	9	94	d98235c5d5dfbade
extended_dp0_dc0_ud1_nb2000	10	104	44230b7520503c30
extended_dp0_dc0_ud1_nb2000	11	103	4755086534c39edd
extended_dp0_dc0_ud1_nb2000	12	6	e25a0797ac94cbf4
extended_dp0_dc0_ud1_nb2000	13	2	4fa0cf4bc5d18d38
extended_dp0_dc0_ud1_nb2000	14	6	06cb917caa7530f2
extended_dp0_dc0_ud1_nb2000	15	7	4b15990cd4098fb9
extended_dp0_dc0_ud1_nb2000	16	47	10b94335903c257e
extended_dp0_dc0_ud1_nb2000	17	2	5420621e61e6b2de
extended_dp0_dc0_ud1_nb2000	18	7	6b458e44b271634a
extended_dp0_dc0_ud1_nb2000	19	3	5892385b1aec09f4
extended_dp0_dc0_ud1_nb2000	20	103	90bed79bc66a0e64
extended_dp0_dc0_ud1_nb2000	21	94	a9836c664434c9b2
extended_dp0_dc0_ud1_nb2000	22	4	eaa8ad25233fea23
extended_dp0_dc0_ud1_nb2000	23	230	6d3afaee482a57dd
extended_dp0_dc0_ud1_nb2000	24	2	4ee24f53fa50f5fb
extended_dp0_dc0_ud1_nb2000	25	2	210c11ef7723c39c
extended_dp0_dc0_ud1_nb2000	26	34	a379c85d6d481855
extended_dp0_dc0_ud1_nb2000	27	2	7a76b7ba3a15016d
extended_dp0_dc0_ud1_nb2000	28	13	ddce45a3eeee84d8
extended_dp0_dc0_ud1_nb2000	29	2	0d2b0764438b4218
extended_dp0_dc0_ud1_nb2000	30	7	3fde2982b725e481
extended_dp0_dc0_ud1_nb2000	31	2	115a740f9cd9a619
extended_dp0_dc0_ud1_nb2000	32	242	f1a4ce797c1db3c0
extended_dp0_dc0_ud1_nb2000	33	3	fb073d01787c3389
extended_dp0_dc0_ud1_nb2000	34	7	95f76df4c545c7f3
extended_dp0_dc0_ud1_nb2000	35	235	5d0a3d17ec5397c9
extended_dp0_dc0_ud1_nb2000	36	12	bd9364852a3d2357
extended_dp0_dc0_ud1_nb2000	37	104	857f07112f5c4020
extended_dp0_dc0_ud1_nb2000	38	36	53444597ac6a1148
extended_dp0_dc0_ud1_nb2000	39	235	a2a689a16e534ecd
extended_dp0_dc0_ud1_nb2000	40	254	3a2627ed171d7f64
extended_dp0_dc0_ud1_nb2000	41	41	aeb2326e8aec28b6
extended_dp0_dc0_ud1_nb2000	42	13	1edb82639c240178
extended_dp0_dc0_ud1_nb2000	43	2	d62bc83a3fc4ad67
extended_dp0_dc0_ud1_nb2000	44	4	64bb20437661a3b9
extended_dp0_dc0_ud1_nb2000	45	12	c6b1aa2fc9ba64e1
extended_dp0_dc0_ud1_nb2000	46	36	dec0f76940c04000
extended_dp0_dc0_ud1_nb2000	47	94	69f642653fd9ebf9
extended_dp0_dc0_ud1_nb2000	48	12	779f351714e1283e
extended_dp0_dc0_ud1_nb2000	49	6	2ce67d3a0a7e82bc
extended_dp0_dc0_ud1_nb2000	50	3	fd89f6049da2aafa
extended_dp0_dc0_ud1_nb2000	51	40	bad47207ca043fec
extended_dp0_dc0_ud1_nb2000	52	2	fd08e8dd823f631e
extended_dp0_dc0_ud1_nb2000	53	14	be7e385431dc601d
extended_dp0_dc0_ud1_nb2000	54	8	afea7491905a4a6e
extended_dp0_dc0_ud1_nb2000	55	91	dbfbd4b82d308e55
extended_dp0_dc0_ud1_nb2000	56	12	a63bba344f6203c6
extended_dp0_dc0_ud1_nb2000	57	2	d8c21a02c79c5d2f
extended_dp0_dc0_ud1_nb2000	58	7	8212b058ef36fa70
extended_dp0_dc0_ud1_nb2000	59	34	0af82395fc9758d1
extended_dp0_dc0_ud1_nb2000	60	3	90e544c7aa820b5e
extended_dp0_dc0_ud1_nb2000	61	2	50c0e5e565e77d9f
extended_dp0_dc0_ud1_nb2000	62	3	490e58d435ecad3e
extended_dp0_dc0_ud1_nb2000	63	35	32c0c1166ee18532
extended_dp0_dc0_ud1_nb2000	64	97	d04a5f9f287e1812
extended_dp0_dc0_ud1_nb2000	65	6	18374a0373c87375
extended_dp0_dc0_ud1_nb2000	66	4	cf688d71ffe9a693
extended_dp0_dc0_ud1_nb2000	67	13	74ca2a455d773a67
extended_dp0_dc0_ud1_nb2000	68	12	0f6003f78eaa7dc4
extended_dp0_dc0_ud1_nb2000	69	108	3934f8a30e461046
extended_dp0_dc0_ud1_nb2000	70	7	0167c411519f02aa
extended_dp0_dc0_ud1_nb2000	71	19	5bdadc13128d0cbb
extended_dp0_dc0_ud1_nb2000	72	35	638a03f099018a7d
extended_dp0_dc0_ud1_nb2000	73	96	566c6219f35e70a7
extended_dp0_dc0_ud1_nb2000	74	3	1fa1bda149e03db8
extended_dp0_dc0_ud1_nb2000	75	3	27658063d81c7912
extended_dp0_dc0_ud1_nb2000	76	93	0c35e234eca6ba79
extended_dp0_dc0_ud1_nb2000	77	2	72f99e536ffd074b
extended_dp0_dc0_ud1_nb2000	78	3	561e686feba94de6
extended_dp0_dc0_ud1_nb2000	79	15	545612e70d814059
extended_dp0_dc0_ud1_nb2000	80	2	0fb37fca75143919
extended_dp0_dc0_ud1_nb2000	81	15	2d4d1d2408458a42
extended_dp0_dc0_ud1_nb2000	82	235	d2d30d5bbad06799
extended_dp0_dc0_ud1_nb2000	83	6	f1015c348b042132
extended_dp0_dc0_ud1_nb2000	84	3	98be6817fedd840d
extended_dp0_dc0_ud1_nb2000	85	87	43ae84f27975ac21
extended_dp0_dc0_ud1_nb2000	86	12	9a5e444602a622f1
extended_dp0_dc0_ud1_nb2000	87	38	fc5697ad2432469c
extended_dp0_dc0_ud1_nb2000	88	40	2bef6cef9b8356a7
extended_dp0_dc0_ud1_nb2000	89	241	de90df46b1efe89b
extended_dp0_dc0_ud1_nb2000	90	3	34f7b7a47589cbb8
extended_dp0_dc0_ud1_nb2000	91	235	56564bf5e272aca3
extended_dp0_dc0_ud1_nb2000	92	9	67ad0d3a5a79295e
extended_dp0_dc0_ud1_nb2000	93	12	2ae0b0ec6811134f
extended_dp0_dc0_ud1_nb2000	94	6	98a1472c66a9b589
extended_dp0_dc0_ud1_nb2000	95	247	d0f7226bea54c468
extended_dp0_dc0_ud1_nb2000	96	105	5c150dfc975526c2
extended_dp0_dc0_ud1_nb2000	97	6	d0f6ce909212a479
extended_dp0_dc0_ud1_nb2000	98	7	839aa0cc4e51c5b5
extended_dp0_dc0_ud1_nb2000	99	16	f6941bf7aee3c996
extended_dp0_dc0_ud1_nb2000	100	15	db4334400cf1fc36
extended_dp0_dc0_ud1_nb2000	101	4	d169faaa37a5c1e1
extended_dp0_dc0_ud1_nb2000	102	88	6e9322fe58a076c6
extended_dp0_dc0_ud1_nb2000	103	47	b5a0e167f1fe06a0
extended_dp0_dc0_ud1_nb2000	104	2	548f1ccaebf16d95
extended_dp0_dc0_ud1_nb2000	105	2	5e1645b8765c83f3
extended_dp0_dc0_ud1_nb2000	106	33	4218f099a80d3bbd
extended_dp0_dc0_ud1_nb2000	107	254	13fb46bb6a8de94f
extended_dp0_dc0_ud1_nb2000	108	98	e776f7b5329c913b
extended_dp0_dc0_ud1_nb2000	109	37	f05cc42a987a585a
extended_dp0_dc0_ud1_nb2000	110	8	df7d55b52ccd4212
extended_dp0_dc0_ud1_nb2000	111	3	01911c6ee2172564
extended_dp0_dc0_ud1_nb2000	112	7	136a89fc80798f9e
extended_dp0_dc0_ud1_nb2000	113	2	60b1555914b64347
extended_dp0_dc0_ud1_nb2000	114	236	198f52c35b2bd182
extended_dp0_dc0_ud1_nb2000	115	3	de6fd2bd545408c7
extended_dp0_dc0_ud1_nb2000	116	3	188df6e0b9010d74
extended_dp0_dc0_ud1_nb2000	117	250	922d4fbb9b912c3e
extended_dp0_dc0_ud1_nb2000	118	238	be7d27ee6c74a5d4
extended_dp0_dc0_ud1_nb2000	119	2	fa3b1b21769c99bc
extended_dp0_dc0_ud1_nb2000	120	243	b8406cc53fc2d753
extended_dp0_dc0_ud1_nb2000	121	99	ba54477bd8cb1978
extended_dp0_dc0_ud1_nb2000	122	242	9752e518fb0a0ddf
extended_dp0_dc0_ud1_nb2000	123	2	737f3e1167508935
extended_dp0_dc0_ud1_nb2000	124	104	8b8e76567fc081a3
extended_dp0_dc0_ud1_nb2000	125	6	ee02dd66d95d2d06
extended_dp0_dc0_ud1_nb2000	126	12	6afa1dd045f2ea10
extended_dp0_dc0_ud1_nb2000	127	2	814dccc6d2006e69
extended_dp0_dc0_ud1_nb2000	128	33	339cd976be3061cd
extended_dp0_dc0_ud1_nb2000	129	101	990cc8c40e8e3630
extended_dp0_dc0_ud1_nb2000	130	2	af2325e713679114
extended_dp0_dc0_ud1_nb2000	131	249	446b09ac723ddf6f
extended_dp0_dc0_ud1_nb2000	132	250	e64bae20b2b0b61c
extended_dp0_dc0_ud1_nb2000	133	6	b516e7d332f84d1d
extended_dp0_dc0_ud1_nb2000	134	12	b7a19d064e8b9377
extended_dp0_dc0_ud1_nb2000	135	2	785032ef26619839
extended_dp0_dc0_ud1_nb2000	136	2	cff4c6b51ab8d1e1
extended_dp0_dc0_ud1_nb2000	137	3	1dc709adf506815a
extended_dp0_dc0_ud1_nb2000	138	225	5a6f89f8e0b12170
extended_dp0_dc0_ud1_nb2000	139	243	f16ac022f63eba8d
extended_dp0_dc0_ud1_nb2000	140	7	dc6d609246fee55b
extended_dp0_dc0_ud1_nb2000	141	13	73e1bad7e4fcd6ee
extended_dp0_dc0_ud1_nb2000	142	13	a7a2d9ffcf80236d
extended_dp0_dc0_ud1_nb2000	143	2	6ff6b8bc6619ae66
extended_dp0_dc0_ud1_nb2000	144	15	090f5e036b26156b
extended_dp0_dc0_ud1_nb2000	145	95	37d03f95f8ba04e2
extended_dp0_dc0_ud1_nb2000	146	86	018a879396ff3d22
extended_dp0_dc0_ud1_nb2000	147	36	b366f135e8e6fd22
extended_dp0_dc0_ud1_nb2000	148	34	1c1c7e631a67982e
extended_dp0_dc0_ud1_nb2000	149	2	0e7a7d4215ecf15a
extended_dp0_dc0_ud1_nb2000	150	7	38fd4ada0da336f9
extended_dp0_dc0_ud1_nb2000	151	13	f3058003f71c775e
extended_dp0_dc0_ud1_nb2000	152	96	f224e00554e8cc88
extended_dp0_dc0_ud1_nb2000	153	242	8c0949dc29b3974a
extended_dp0_dc0_ud1_nb2000	154	2	60a2b5c9c2e0e62a
extended_dp0_dc0_ud1_nb2000	155	93	989cc172ff437c16
extended_dp0_dc0_ud1_nb2000	156	37	43a17d649568d86d
extended_dp0_dc0_ud1_nb2000	157	3	6a36bc7972855e92
extended_dp0_dc0_ud1_nb2000	158	7	1202f8cd1288644a
extended_dp0_dc0_ud1_nb2000	159	93	9bfca03b022400cb
extended_dp0_dc0_ud1_nb2000	160	11	eb1e8546f2633505
extended_dp0_dc0_ud1_nb2000	161	4	2224d338ee0c92e9
extended_dp0_dc0_ud1_nb2000	162	249	69e14ab1b09897b5
extended_dp0_dc0_ud1_nb2000	163	12	1b17a717ee5f8a58
extended_dp0_dc0_ud1_nb2000	164	4	832f5c2fce7ba965
extended_dp0_dc0_ud1_nb2000	165	3	5c538693c1431f4b
extended_dp0_dc0_ud1_nb2000	166	247	420680a8a3955fcd
extended_dp0_dc0_ud1_nb2000	167	96	f6f3f0da5ad957a3
extended_dp0_dc0_ud1_nb2000	168	2	7f186e27c595ab14
extended_dp0_dc0_ud1_nb2000	169	11	a2e05d8dfbe435b9
extended_dp0_dc0_ud1_nb2000	170	2	9a10e7aed7584972
extended_dp0_dc0_ud1_nb2000	171	92	20cc6b782a9c1d92
extended_dp0_dc0_ud1_nb2000	172	8	5e8a27341ca8cdd6
extended_dp0_dc0_ud1_nb2000	173	12	bdcdf892ad25c7db
extended_dp0_dc0_ud1_nb2000	174	38	5f67b1643cf29239
extended_dp0_dc0_ud1_nb2000	175	2	72c15ba8f0c9d153
extended_dp0_dc0_ud1_nb2000	176	248	ec4c9dba1c1d2f42
extended_dp0_dc0_ud1_nb2000	177	3	c218bc9ef317b912
extended_dp0_dc0_ud1_nb2000	178	2	edb8b080a73ec176
extended_dp0_dc0_ud1_nb2000	179	95	ddaf0fc710ddb869
extended_dp0_dc0_ud1_nb2000	180	243	94d84fc9f0eeca06
extended_dp0_dc0_ud1_nb2000	181	101	6c55ac4dc55f8d98
extended_dp0_dc0_ud1_nb2000	182	6	b5bec723cdeb5f21
extended_dp0_dc0_ud1_nb2000	183	4	11f7094f697eac0c
extended_dp0_dc0_ud1_nb2000	184	12	e621cab269565d98
extended_dp0_dc0_ud1_nb2000	185	242	5b2dd699493c3cc2
extended_dp0_dc0_ud1_nb2000	186	6	11760524a2054f12
extended_dp0_dc0_ud1_nb2000	187	107	15d8624240cfc94b
extended_dp0_dc0_ud1_nb2000	188	6	095e851ce7fee1b7
extended_dp0_dc0_ud1_nb2000	189	3	4275562cef33e65f
extended_dp0_dc0_ud1_nb2000	190	3	01ea72aab73b6f2d
extended_dp0_dc0_ud1_nb2000	191	242	0938b9b9f77a3695
extended_dp0_dc0_ud1_nb2000	192	7	80c9d512da64fd85
extended_dp0_dc0_ud1_nb2000	193	3	9d88783521a38ff1
extended_dp0_dc0_ud1_nb2000	194	93	abbd8179bbbda6d3
extended_dp0_dc0_ud1_nb2000	195	104	5fb7be2bdba8d28f
extended_dp0_dc0_ud1_nb2000	196	240	721fe23135a9bc8a
extended_dp0_dc0_ud1_nb2000	197	11	2547b6a490f3ba28
extended_dp0_dc0_ud1_nb2000	198	4	d95422b38e7ccb9d
extended_dp0_dc0_ud1_nb2000	199	11	53a982c28c73c81c
extended_dp0_dc0_ud1_nb2000	200	88	60e275e97560ebc3
extended_dp0_dc0_ud1_nb2000	201	6	6af7fbc304f8b8b5
extended_dp0_dc0_ud1_nb2000	202	3	9867b26f89bd75b4
extended_dp0_dc0_ud1_nb2000	203	34	4373fca7e5d20c04
extended_dp0_dc0_ud1_nb2000	204	109	1b708c86bb2167c1
extended_dp0_dc0_ud1_nb2000	205	12	220a7df13e78d8c4
extended_dp0_dc0_ud1_nb2000	206	248	bc3aff7e3e4d5fe5
extended_dp0_dc0_ud1_nb2000	207	95	ec35c61b7c8ecbb0
extended_dp0_dc0_ud1_nb2000	208	102	81fa2f7a8c77a826
extended_dp0_dc0_ud1_nb2000	209	2	7e406aca15207b29
extended_dp0_dc0_ud1_nb2000	210	3	27aa91d89ced92ad
extended_dp0_dc0_ud1_nb2000	211	11	61885b35806c0d03
extended_dp0_dc0_ud1_nb2000	212	15	c89b516fd050f76a
extended_dp0_dc0_ud1_nb2000	213	3	edd5359814ad33df
extended_dp0_dc0_ud1_nb2000	214	34	5ca513c3ae6865af
extended_dp0_dc0_ud1_nb2000	215	7	60c3fbd347358362
extended_dp0_dc0_ud1_nb2000	216	93	c3273203929b4140
extended_dp0_dc0_ud1_nb2000	217	13	3a99b2077f299637
extended_dp0_dc0_ud1_nb2000	218	13	46f5ec998b8c4579
extended_dp0_dc0_ud1_nb2000	219	7	1634fa4362712a38
extended_dp0_dc0_ud1_nb2000	220	38	9543e549217ad69f
extended_dp0_dc0_ud1_nb2000	221	13	1125cb942186f157
extended_dp0_dc0_ud1_nb2000	222	2	155847d504fd75bd
extended_dp0_dc0_ud1_nb2000	223	3	dfc8d2c7aa545cda
extended_dp0_dc0_ud1_nb2000	224	15	5374223dd736d5fd
extended_dp0_dc0_ud1_nb2000	225	2	2832a96cf84da5d8
extended_dp0_dc0_ud1_nb2000	226	257	bec7762518a67e8d
extended_dp0_dc0_ud1_nb2000	227	2	bfb74ba3b9454e97
extended_dp0_dc0_ud1_nb2000	228	36	893877d32d894553
extended_dp0_dc0_ud1_nb2000	229	10	d8273fa4c134ecd7
extended_dp0_dc0_ud1_nb2000	230	95	c080e95f2bb26ae8
extended_dp0_dc0_ud1_nb2000	231	6	b327776c5662a820
extended_dp0_dc0_ud1_nb2000	232	3	5612032716e11f80
extended_dp0_dc0_ud1_nb2000	233	35	d46e5b8f1c8d6cee
extended_dp0_dc0_ud1_nb2000	234	3	93f59ad12e846f0f
extended_dp0_dc0_ud1_nb2000	235	99	944c2eb18ec6388b
extended_dp0_dc0_ud1_nb2000	236	2	d481bfb675d614dd
extended_dp0_dc0_ud1_nb2000	237	6	9c374886d19d58e2
extended_dp0_dc0_ud1_nb2000	238	32	1f4f10431acbc659
extended_dp0_dc0_ud1_nb2000	239	2	4b70e50b8edc6292
extended_dp0_dc0_ud1_nb2000	240	6	b9b7ef9ad45d886d
extended_dp0_dc0_ud1_nb2000	241	3	b2635722d8d798e2
extended_dp0_dc0_ud1_nb2000	242	10	f1ce5b32ce93dfb6
extended_dp0_dc0_ud1_nb2000	243	36	1d09df5013c9c28d
extended_dp0_dc0_ud1_nb2000	244	3	ec05ce6608dc3176
extended_dp0_dc0_ud1_nb2000	245	34	aa929a8dcab2e3c0
extended_dp0_dc0_ud1_nb2000	246	234	54d9db34a8ecedc7
extended_dp0_dc0_ud1_nb2000	247	3	e0853c840dd1fdaf
extended_dp0_dc0_ud1_nb2000	248	98	ec735961e297f74f
extended_dp0_dc0_ud1_nb2000	249	244	b162c807e1ceaef8
extended_dp0_dc0_ud1_nb2000	250	92	894d98be619d2234
extended_dp0_dc0_ud1_nb2000	251	106	444e0f7705deb117
extended_dp0_dc0_ud1_nb2000	252	12	9d4a8ba325594660
extended_dp0_dc0_ud1_nb2000	253	7	0443009996f09f8c
extended_dp0_dc0_ud1_nb2000	254	11	7541cffa656662d8
extended_dp0_dc0_ud1_nb2000	255	97	c8d811342cc38d93
extended_dp0_dc0_ud1_nb2000	256	2	551a63c2d76181f6
extended_dp0_dc0_ud1_nb2000	257	16	9f9e7285bddb3602
extended_dp0_dc0_ud1_nb2000	258	98	95a96720aa96fe48
extended_dp0_dc0_ud1_nb2000	259	39	ef0a8f9a0ccf5db8
extended_dp0_dc0_ud1_nb2000	260	2	adbb7c7175eb6e52
extended_dp0_dc0_ud1_nb2000	261	2	f76307a603dd2a5d
extended_dp0_dc0_ud1_nb2000	262	9	25ff801e8277608d
extended_dp0_dc0_ud1_nb2000	263	7	fd6d2a785103841e
extended_dp0_dc0_ud1_nb2000	264	38	e416dd5ba3cb4421
extended_dp0_dc0_ud1_nb2000	265	6	4986a5545daf0830
extended_dp0_dc0_ud1_nb2000	266	7	04d0e37b7b390c21
extended_dp0_dc0_ud1_nb2000	267	3	318574d728fb4773
extended_dp0_dc0_ud1_nb2000	268	2	8d2a9efba4c33051
extended_dp0_dc0_ud1_nb2000	269	92	f7c8d19412bef263
extended_dp0_dc0_ud1_nb2000	270	34	c86d2e60eb6fda7b
extended_dp0_dc0_ud1_nb2000	271	229	387e090302cbc292
extended_dp0_dc0_ud1_nb2000	272	106	2b12e0890e16444b
extended_dp0_dc0_ud1_nb2000	273	2	6f51285605f5b665
extended_dp0_dc0_ud1_nb2000	274	45	29099840ba167ed8
extended_dp0_dc0_ud1_nb2000	275	3	33846b194a9c5819
extended_dp0_dc0_ud1_nb2000	276	237	e922d9cbc5dd7d45
extended_dp0_dc0_ud1_nb2000	277	13	14f7b67180821517
extended_dp0_dc0_ud1_nb2000	278	241	59499e10e3913e02
extended_dp0_dc0_ud1_nb2000	279	35	5ea791c2c5b6a7ef
extended_dp0_dc0_ud1_nb2000	280	7	b73b7c66198298c4
extended_dp0_dc0_ud1_nb2000	281	3	62652c0a1c0a640d
extended_dp0_dc0_ud1_nb2000	282	2	9a10022c0daaddb3
extended_dp0_dc0_ud1_nb2000	283	32	2909c54c633cc271
extended_dp0_dc0_ud1_nb2000	284	6	1517db2fd2f8a36a
extended_dp0_dc0_ud1_nb2000	285	20	dabdcf6241c18d86
extended_dp0_dc0_ud1_nb2000	286	14	eaf26968455c6e79
extended_dp0_dc0_ud1_nb2000	287	246	9d861b9b461f0c5e
extended_dp0_dc0_ud1_nb2000	288	7	46d3a81ef4a99ff1
extended_dp0_dc0_ud1_nb2000	289	3	74c1046dd66082f6
extended_dp0_dc0_ud1_nb2000	290	2	0f3051d3fcbf1a41
extended_dp0_dc0_ud1_nb2000	291	247	f01400c2600c3f73
extended_dp0_dc0_ud1_nb2000	292	3	97def42dec590a3f
extended_dp0_dc0_ud1_nb2000	293	245	380bf3cd3e98e759
extended_dp0_dc0_ud1_nb2000	294	96	1b77b827146c8c5b
extended_dp0_dc0_ud1_nb2000	295	2	11246c95048adcd5
extended_dp0_dc0_ud1_nb2000	296	233	487177b9c9fe5662
extended_dp0_dc0_ud1_nb2000	297	240	cda0b28220c125eb
extended_dp0_dc0_ud1_nb2000	298	2	b4231c8b8bf14136
extended_dp0_dc0_ud1_nb2000	299	3	17a5652bcb2e5c79
extended_dp0_dc0_ud1_nb2000	300	6	b93a6252f4092a05
extended_dp0_dc0_ud1_nb2000	301	98	8b581ea5ab82ba39
extended_dp0_dc0_ud1_nb2000	302	13	56aa675b4acb0683
extended_dp0_dc0_ud1_nb2000	303	6	adb56fe1642e028b
extended_dp0_dc0_ud1_nb2000	304	13	daa1c9c288b2afa8
extended_dp0_dc0_ud1_nb2000	305	45	57cb8b7684bcee6a
extended_dp0_dc0_ud1_nb2000	306	18	b87a5bd41816c88e
extended_dp0_dc0_ud1_nb2000	307	35	6f771243823b5660
extended_dp0_dc0_ud1_nb2000	308	249	4cca3e95e69b2703
extended_dp0_dc0_ud1_nb2000	309	4	91770c86f0b32675
extended_dp0_dc0_ud1_nb2000	310	3	a19a9ddc616bc40b
extended_dp0_dc0_ud1_nb2000	311	7	707d74031153e6e7
extended_dp0_dc0_ud1_nb2000	312	101	7cecc0dc816761d3
extended_dp0_dc0_ud1_nb2000	313	94	8d1b9539723b10f2
extended_dp0_dc0_ud1_nb2000	314	104	06eee69366778f86
extended_dp0_dc0_ud1_nb2000	315	2	93bc5a015f549470
extended_dp0_dc0_ud1_nb2000	316	243	8821c17e77bd349d
extended_dp0_dc0_ud1_nb2000	317	6	be9404b2857e93a4
extended_dp0_dc0_ud1_nb2000	318	3	0be369303603bc54
extended_dp0_dc0_ud1_nb2000	319	242	108f9175a5b62f20
extended_dp0_dc0_ud1_nb2000	320	45	735c31e60777d53c
extended_dp0_dc0_ud1_nb2000	321	37	bd022c0e201a4d7c
extended_dp0_dc0_ud1_nb2000	322	98	583c2d0e5313921f
extended_dp0_dc0_ud1_nb2000	323	38	430922a542007e37
extended_dp0_dc0_ud1_nb2000	324	37	87225e0b1322ef7b
extended_dp0_dc0_ud1_nb2000	325	13	3deb4a7124d22646
extended_dp0_dc0_ud1_nb2000	326	90	e0fecc7317a4e0a9
extended_dp0_dc0_ud1_nb2000	327	3	d1fb661b574d678c
extended_dp0_dc0_ud1_nb2000	328	16	fd4b7772597cd047
extended_dp0_dc0_ud1_nb2000	329	3	f08796570f531be3
extended_dp0_dc0_ud1_nb2000	330	103	72b4df2e072ba87e
extended_dp0_dc0_ud1_nb2000	331	2	e21106527266f843
extended_dp0_dc0_ud1_nb2000	332	89	0f178faff3847d22
extended_dp0_dc0_ud1_nb2000	333	98	ea575ae824ff07b9
extended_dp0_dc0_ud1_nb2000	334	238	0f0f6772a959abdd
extended_dp0_dc0_ud1_nb2000	335	42	8059ae463d898db0
extended_dp0_dc0_ud1_nb2000	336	109	3b2a9e696eebc086
extended_dp0_dc0_ud1_nb2000	337	11	d6a86da1f58bf20f
extended_dp0_dc0_ud1_nb2000	338	97	afdff3bb04853e3a
extended_dp0_dc0_ud1_nb2000	339	108	9aab57867a7b0610
extended_dp0_dc0_ud1_nb2000	340	41	c08c5123b9344a45
extended_dp0_dc0_ud1_nb2000	341	3	6dc1fa2d9a40944f
extended_dp0_dc0_ud1_nb2000	342	38	5243ec9223350ccc
extended_dp0_dc0_ud1_nb2000	343	241	4e59b2a84a52a73c
extended_dp0_dc0_ud1_nb2000	344	17	ccc2815a096462d6
extended_dp0_dc0_ud1_nb2000	345	34	0cf0de1e06e7b34c
extended_dp0_dc0_ud1_nb2000	346	98	37ec4785618550f1
extended_dp0_dc0_ud1_nb2000	347	3	210ba93123af0172
extended_dp0_dc0_ud1_nb2000	348	6	7338d3ddd2815dc0
extended_dp0_dc0_ud1_nb2000	349	34	a9e8fc5be2483209
extended_dp0_dc0_ud1_nb2000	350	14	b2dd5b3f4c737ae3
extended_dp0_dc0_ud1_nb2000	351	16	f47ef809cfd558ae
extended_dp0_dc0_ud1_nb2000	352	2	ce1ab59737c30339
extended_dp0_dc0_ud1_nb2000	353	39	9ce4ca3cd01bbb8f
extended_dp0_dc0_ud1_nb2000	354	3	dca680b22649204f
extended_dp0_dc0_ud1_nb2000	355	3	a581d4f3412436ff
extended_dp0_dc0_ud1_nb2000	356	2	b36dc3cace10b5a9
extended_dp0_dc0_ud1_nb2000	357	43	a6de93739c24e5ff
extended_dp0_dc0_ud1_nb2000	358	2	f9fa6bf430f95da3
extended_dp0_dc0_ud1_nb2000	359	4	d9ec5d7e2cac1565
extended_dp0_dc0_ud1_nb2000	360	13	5ab97d19c5a99aa4
extended_dp0_dc0_ud1_nb2000	361	3	189a983f4ca98b7c
extended_dp0_dc0_ud1_nb2000	362	91	c9fe1af1a125a05f
extended_dp0_dc0_ud1_nb2000	363	238	3086206ad04e38b7
extended_dp0_dc0_ud1_nb2000	364	12	9f62b6949f9ce85d
extended_dp0_dc0_ud1_nb2000	365	2	0acbb33a757090a6
extended_dp0_dc0_ud1_nb2000	366	2	198c1f0846c5965f
extended_dp0_dc0_ud1_nb2000	367	11	89e0706fc7636119
extended_dp0_dc0_ud1_nb2000	368	2	13f24330619548ba
extended_dp0_dc0_ud1_nb2000	369	35	c46d8c71fbff6615
extended_dp0_dc0_ud1_nb2000	370	6	c2b6a6d77ac0c54c
extended_dp0_dc0_ud1_nb2000	371	2	4cd07f8f33b23519
extended_dp0_dc0_ud1_nb2000	372	7	84475654e82ea585
extended_dp0_dc0_ud1_nb2000	373	7	56d6124a2a2bdbcb
extended_dp0_dc0_ud1_nb2000	374	104	4a2d131258e380e7
extended_dp0_dc0_ud1_nb2000	375	100	a767fe0f91ef853e
extended_dp0_dc0_ud1_nb2000	376	12	451ad51564fa1663
extended_dp0_dc0_ud1_nb2000	377	2	c417926d6aea0d9a
extended_dp0_dc0_ud1_nb2000	378	7	e6631f57d40ce5f3
extended_dp0_dc0_ud1_nb2000	379	11	8f28dcf2885617d0
extended_dp0_dc0_ud1_nb2000	380	110	5c5a878ba08ee4f0
extended_dp0_dc0_ud1_nb2000	381	7	fada5873d664b890
extended_dp0_dc0_ud1_nb2000	382	2	ee235b847f480214
extended_dp0_dc0_ud1_nb2000	383	3	ad5d12d2c70ba4e4
extended_dp0_dc0_ud1_nb2000	384	4	72b491db44d93aa9
extended_dp0_dc0_ud1_nb2000	385	2	60e9a85e50134bc4
extended_dp0_dc0_ud1_nb2000	386	233	04cb01b24d2cfea7
extended_dp0_dc0_ud1_nb2000	387	12	715df3519e541077
extended_dp0_dc0_ud1_nb2000	388	101	a7b6eb1cf68f9da0
extended_dp0_dc0_ud1_nb2000	389	104	a904a39507487e3e
extended_dp0_dc0_ud1_nb2000	390	12	ae31237af01fc219
extended_dp0_dc0_ud1_nb2000	391	12	a58e101876f6d6be
extended_dp0_dc0_ud1_nb2000	392	37	c5159e77ce771f6d
extended_dp0_dc0_ud1_nb2000	393	13	cfc5242a35fbce88
extended_dp0_dc0_ud1_nb2000	394	2	9e5b2dc50953735f
extended_dp0_dc0_ud1_nb2000	395	15	cba7156325efc4e4
extended_dp0_dc0_ud1_nb2000	396	35	aa07c4f7e43f4e9f
extended_dp0_dc0_ud1_nb2000	397	89	04011952ba3a5361
extended_dp0_dc0_ud1_nb2000	398	251	7750da8b039e2a74
extended_dp0_dc0_ud1_nb2000	399	7	cba454a084641c5a
